# Blender 4.4.3
# www.blender.org
mtllib 2.mtl
o Magnum_Survival_Knife
v -0.057293 0.000001 -0.014930
v -0.057441 0.010522 -0.012486
v -0.058419 0.014729 -0.005345
v -0.058527 0.016290 0.001148
v -0.058166 0.012957 0.009655
v -0.057723 0.006554 0.013854
v -0.057527 -0.001779 0.015143
v -0.057441 -0.010520 0.012486
v -0.058419 -0.014727 0.005345
v -0.058527 -0.016288 -0.001148
v -0.058166 -0.012956 -0.009655
v -0.058391 -0.008352 -0.013433
v 0.054942 0.000002 -0.010796
v 0.055585 0.009917 -0.005286
v 0.055599 0.009611 0.005988
v 0.054896 -0.000316 0.010824
v 0.055585 -0.009915 0.005286
v 0.055589 -0.009801 -0.005766
v -0.040236 0.007050 -0.012209
v -0.040346 0.013173 -0.005555
v -0.040236 -0.012208 0.007049
v -0.040346 -0.014184 -0.001775
v -0.040236 0.007050 0.012209
v -0.040346 -0.001774 0.014185
v -0.040346 0.014186 0.001775
v -0.040346 -0.011396 -0.008630
v -0.040655 -0.007215 0.012498
v -0.040655 0.012499 0.007216
v -0.040346 -0.005554 -0.013172
v -0.040655 0.000001 -0.014431
v -0.029455 0.007063 -0.012231
v -0.029455 -0.012230 0.007062
v -0.029455 0.007063 0.012231
v -0.029344 -0.001768 -0.014211
v -0.029344 0.013193 -0.005573
v -0.029344 -0.014210 -0.001769
v -0.029344 -0.001768 0.014211
v -0.029344 0.014212 0.001769
v -0.029344 -0.011422 -0.008638
v -0.029030 -0.007227 0.012519
v -0.029030 0.012520 0.007228
v -0.029030 -0.007227 -0.012519
v -0.016005 0.007040 -0.012193
v -0.016005 -0.012192 0.007040
v -0.016005 0.007040 0.012193
v -0.016005 -0.001863 -0.014161
v -0.016005 0.013197 -0.005466
v -0.016005 -0.014160 -0.001864
v -0.016005 -0.001863 0.014161
v -0.016005 0.014162 0.001864
v -0.016005 -0.011331 -0.008695
v -0.016005 -0.007203 0.012478
v -0.016005 0.012479 0.007204
v -0.016005 -0.007203 -0.012478
v -0.006270 0.007063 -0.012231
v -0.006270 -0.012230 0.007062
v -0.006270 0.007063 0.012231
v -0.006159 -0.001768 -0.014211
v -0.006159 0.013193 -0.005573
v -0.006159 -0.014210 -0.001769
v -0.006159 -0.001768 0.014211
v -0.006159 0.014212 0.001769
v -0.006159 -0.011422 -0.008638
v -0.005848 -0.007227 0.012519
v -0.005848 0.012520 0.007228
v -0.005848 -0.007227 -0.012519
v 0.007160 0.007040 -0.012193
v 0.007160 -0.012192 0.007040
v 0.007160 0.007040 0.012193
v 0.007160 -0.001863 -0.014161
v 0.007160 0.013197 -0.005466
v 0.007160 -0.014160 -0.001864
v 0.007160 -0.001863 0.014161
v 0.007160 0.014162 0.001864
v 0.007160 -0.011331 -0.008695
v 0.007160 -0.007203 0.012478
v 0.007160 0.012479 0.007204
v 0.007160 -0.007203 -0.012478
v 0.017097 0.007063 -0.012231
v 0.017097 -0.012230 0.007062
v 0.017097 0.007063 0.012231
v 0.017208 -0.001768 -0.014211
v 0.017208 0.013193 -0.005573
v 0.017208 -0.014210 -0.001769
v 0.017208 -0.001768 0.014211
v 0.017208 0.014212 0.001769
v 0.017208 -0.011422 -0.008638
v 0.017520 -0.007227 0.012519
v 0.017520 0.012520 0.007228
v 0.017520 -0.007227 -0.012519
v 0.040006 0.007050 -0.012209
v 0.040006 -0.012208 0.007049
v 0.040006 0.007050 0.012209
v 0.040112 -0.001775 -0.014185
v 0.040112 0.013173 -0.005555
v 0.040112 -0.014184 -0.001775
v 0.040112 -0.001774 0.014185
v 0.040112 0.014186 0.001775
v 0.040112 -0.011396 -0.008630
v 0.040409 -0.007215 0.012498
v 0.040409 0.012499 0.007216
v 0.040409 -0.007215 -0.012498
v 0.030031 0.012215 -0.007052
v 0.030031 -0.014103 -0.000000
v 0.030031 0.000001 0.014104
v 0.030031 0.014187 0.001867
v 0.030031 -0.011351 -0.008710
v 0.030031 -0.008709 0.011352
v 0.030031 0.011353 0.008710
v 0.030031 -0.005475 -0.013219
v 0.030031 0.005477 -0.013219
v 0.030031 -0.012499 0.007217
v 0.030031 0.007218 0.012500
v 0.030031 0.000001 -0.014433
v 0.050339 0.006922 -0.011851
v 0.050339 0.006922 0.011851
v 0.050874 -0.012925 -0.000000
v 0.050874 0.012927 -0.000000
v 0.050339 -0.006920 0.011851
v 0.050339 -0.006920 -0.011851
v -0.060062 0.000154 -0.002054
v -0.060576 -0.000178 0.002403
v 0.054083 0.000009 -0.003213
v 0.053527 -0.000011 0.004498
v 0.023444 0.010365 -0.010364
v 0.023444 -0.014156 0.003793
v 0.023444 0.003794 0.014157
v 0.023444 0.014158 -0.003793
v 0.023444 -0.014156 -0.003793
v 0.023444 -0.003792 0.014157
v 0.023444 0.014158 0.003793
v 0.023444 -0.010363 -0.010364
v 0.023444 0.003794 -0.014157
v 0.023444 -0.010363 0.010364
v 0.023444 0.010365 0.010364
v 0.023444 -0.003792 -0.014157
v 0.000067 -0.003792 -0.014157
v 0.000067 0.010365 0.010364
v 0.000067 -0.010363 0.010364
v 0.000067 0.003794 -0.014157
v 0.000067 -0.010363 -0.010364
v 0.000067 0.014158 0.003793
v 0.000067 -0.003792 0.014157
v 0.000067 -0.014156 -0.003793
v 0.000067 0.014158 -0.003793
v 0.000067 0.003794 0.014157
v 0.000067 -0.014156 0.003793
v 0.000067 0.010365 -0.010364
v -0.023077 -0.003792 -0.014157
v -0.023077 0.010365 0.010364
v -0.023077 -0.010363 0.010364
v -0.023077 0.003794 -0.014157
v -0.023077 -0.010363 -0.010364
v -0.023077 0.014158 0.003793
v -0.023077 -0.003792 0.014157
v -0.023077 -0.014156 -0.003793
v -0.023077 0.014158 -0.003793
v -0.023077 0.003794 0.014157
v -0.023077 -0.014156 0.003793
v -0.023077 0.010365 -0.010364
v -0.048677 -0.003792 -0.014157
v -0.048677 0.010365 0.010364
v -0.048677 -0.010363 0.010364
v -0.048677 0.003794 -0.014157
v -0.048677 -0.010363 -0.010364
v -0.048677 0.014158 0.003793
v -0.048677 -0.003792 0.014157
v -0.048677 -0.014156 -0.003793
v -0.048677 0.014158 -0.003793
v -0.048677 0.003794 0.014157
v -0.048677 -0.014156 0.003793
v -0.048677 0.010365 -0.010364
v -0.061374 -0.005393 -0.000026
v -0.061374 0.005395 0.000026
v 0.055675 -0.008829 0.000005
v 0.055675 0.008831 -0.000005
v 0.263733 0.000001 0.000027
v 0.258796 0.000001 0.008974
v 0.273485 0.000001 0.008699
v 0.094683 -0.000175 0.016201
v 0.093364 -0.000052 -0.014533
v 0.246797 0.000001 -0.009076
v 0.241907 -0.000027 0.010627
v 0.227697 0.000001 0.012899
v 0.229946 0.000001 -0.013934
v 0.207913 0.000001 -0.014958
v 0.209349 -0.000183 0.016368
v 0.249950 0.000001 0.008364
v 0.254804 0.000001 -0.004313
v 0.233481 0.000001 0.010746
v 0.236366 0.000001 -0.011579
v 0.217789 0.000001 -0.014517
v 0.216493 -0.000044 0.014075
v 0.094461 -0.000105 0.006032
v 0.093495 -0.000062 -0.003472
v 0.242197 -0.000094 0.002599
v 0.229420 -0.000134 -0.000361
v 0.208028 -0.000219 -0.002280
v 0.253001 0.000024 0.002495
v 0.217493 -0.000039 -0.001737
v 0.264631 0.000001 0.006688
v 0.078625 -0.002159 -0.002394
v 0.079003 -0.001384 0.012745
v 0.236852 0.000135 -0.000825
v 0.078638 -0.000785 -0.012120
v 0.092277 0.000192 -0.009905
v 0.215970 0.000242 0.007080
v 0.229205 0.000282 0.006709
v 0.235249 0.000338 0.006432
v 0.207433 0.000000 0.007277
v 0.180070 -0.000043 0.016205
v 0.207922 0.000113 -0.009859
v 0.217079 0.000121 -0.008804
v 0.246217 0.000001 -0.004626
v 0.230830 0.000154 -0.008063
v 0.183167 -0.000199 0.005581
v 0.179489 -0.000109 -0.006515
v 0.179473 0.000009 -0.015267
v 0.177566 0.000341 0.002440
v 0.174368 -0.000119 0.014576
v 0.145578 -0.000084 -0.006512
v 0.133803 -0.000066 -0.006463
v 0.120454 -0.000084 -0.006497
v 0.110286 -0.000063 -0.006450
v 0.169189 0.000015 -0.012973
v 0.139320 0.000023 -0.015206
v 0.127956 0.000027 -0.014490
v 0.116611 0.000024 -0.015419
v 0.103639 0.000009 -0.013222
v 0.139204 -0.000232 0.006389
v 0.120369 -0.000184 0.006598
v 0.168418 -0.000021 0.016392
v 0.167667 -0.000152 0.001738
v 0.130055 0.000063 0.002438
v 0.110476 -0.000080 0.003165
v 0.103187 0.000163 0.001432
v 0.152681 -0.000065 0.016310
v 0.142344 -0.000031 0.016336
v 0.134021 -0.000035 0.016403
v 0.124123 -0.000048 0.016389
v 0.115030 -0.000040 0.016426
v 0.106632 -0.000022 0.016397
v 0.100791 0.000163 0.016167
v 0.154183 -0.000159 -0.001460
v 0.162623 -0.000127 0.014359
v 0.123486 0.000001 -0.017796
v 0.149620 0.000021 -0.015472
v 0.162419 0.000001 -0.015124
v 0.156594 0.000032 -0.012150
v 0.162833 0.000060 -0.005885
v 0.158984 0.000442 0.004027
v 0.160644 0.000156 0.016896
v 0.100913 0.000212 -0.006391
v 0.125284 0.000939 -0.001480
v 0.148575 0.000219 0.006037
v 0.155535 0.000568 0.007836
v 0.170288 0.000325 -0.005297
v 0.188790 0.000001 -0.014913
v 0.188449 0.000043 -0.005659
v 0.141392 0.000851 -0.000430
v 0.110279 0.000001 -0.017796
v 0.196191 0.000001 -0.014616
v 0.198012 0.000000 -0.005997
v 0.198034 -0.000045 0.006382
v 0.192016 0.000371 0.001175
v 0.197168 -0.000050 0.016533
v 0.190942 0.000007 0.015294
v 0.080654 -0.001206 -0.018249
v 0.080515 -0.000789 0.019119
v 0.082169 -0.000233 0.004862
v 0.213856 0.001693 0.003016
v 0.088101 0.000945 0.010789
v 0.237440 0.000864 -0.007473
v 0.172501 0.001701 0.007551
v 0.129800 0.001021 0.009225
v 0.126619 0.001701 0.006414
v 0.110189 0.001021 0.008968
v 0.204044 0.001701 0.011193
v 0.192586 0.001701 0.009524
v 0.086087 0.001701 -0.002129
v 0.258189 0.000318 0.000699
v 0.104030 0.001021 0.008711
v 0.192609 0.000496 -0.008491
v 0.201760 0.000001 -0.014097
v 0.119075 0.001701 0.000017
v 0.146736 0.001701 0.000006
v 0.199458 0.001701 -0.000016
v 0.211788 0.001676 0.012149
v -0.063932 0.006809 -0.014080
v -0.063555 0.015687 -0.005044
v -0.062752 0.013245 -0.012787
v -0.064740 0.003213 0.000005
v -0.065171 -0.003213 -0.004877
v -0.064268 0.009482 -0.004067
v -0.063848 -0.008348 -0.013923
v -0.063555 -0.015685 -0.005044
v -0.062752 -0.013243 -0.012787
v -0.064608 -0.004890 0.000509
v -0.064247 -0.009325 -0.005081
v -0.063932 0.006809 0.014080
v -0.063555 0.015687 0.005044
v -0.062752 0.013245 0.012787
v -0.065315 -0.000470 0.008771
v -0.064268 0.009482 0.004067
v -0.063848 -0.008348 0.013923
v -0.063555 -0.015685 0.005044
v -0.062752 -0.013243 0.012787
v -0.064247 -0.009325 0.005081
v 0.066489 0.016813 0.014272
v 0.065781 0.017369 0.002128
v 0.065892 0.000001 0.021823
v 0.068765 0.017163 -0.000775
v 0.064478 0.017192 -0.001664
v 0.061837 0.007825 0.012548
v 0.072628 0.015557 0.011874
v 0.069821 0.015657 0.032603
v 0.070998 0.000001 0.034082
v 0.066558 0.003946 0.033474
v 0.070591 0.010053 0.034372
v 0.066220 0.009664 0.023469
v 0.075813 0.005492 0.003430
v 0.074303 0.000697 0.021348
v 0.074386 0.005914 0.012511
v 0.072066 0.006717 0.023858
v 0.071373 0.005026 0.028703
v 0.070189 0.017313 0.023065
v 0.066702 0.004661 0.026567
v 0.066070 0.013518 0.033250
v 0.079049 0.005173 0.012592
v 0.066489 0.016813 -0.014272
v 0.064220 0.017335 -0.007242
v 0.065892 0.000001 -0.021823
v 0.061837 0.007825 -0.012548
v 0.072628 0.015557 -0.011874
v 0.069821 0.015657 -0.032603
v 0.070998 0.000001 -0.034082
v 0.066558 0.003946 -0.033474
v 0.070591 0.010053 -0.034372
v 0.066220 0.009664 -0.023469
v 0.075069 0.005722 -0.007585
v 0.075198 0.000184 -0.021206
v 0.072117 0.006725 -0.023249
v 0.071373 0.005026 -0.028703
v 0.070189 0.017313 -0.023065
v 0.077172 0.005369 -0.015101
v 0.066702 0.004661 -0.026567
v 0.066070 0.013518 -0.033250
v 0.066489 -0.016811 0.014272
v 0.065723 -0.016971 0.002161
v 0.068713 -0.016734 -0.000728
v 0.064434 -0.016800 -0.001638
v 0.061837 -0.007823 0.012548
v 0.072628 -0.015555 0.011874
v 0.069821 -0.015655 0.032603
v 0.066760 -0.005737 0.033175
v 0.070591 -0.010051 0.034372
v 0.066220 -0.009662 0.023469
v 0.073234 -0.006099 0.003947
v 0.072868 -0.006887 0.013537
v 0.072066 -0.006715 0.023858
v 0.071373 -0.005024 0.028703
v 0.070189 -0.017311 0.023065
v 0.066702 -0.004659 0.026567
v 0.066070 -0.013516 0.033250
v 0.066489 -0.016811 -0.014272
v 0.064220 -0.017334 -0.007242
v 0.061837 -0.007823 -0.012548
v 0.072628 -0.015555 -0.011874
v 0.069821 -0.015655 -0.032603
v 0.066760 -0.005737 -0.033175
v 0.070591 -0.010051 -0.034372
v 0.066220 -0.009662 -0.023469
v 0.072917 -0.006442 -0.008712
v 0.072117 -0.006723 -0.023249
v 0.071373 -0.005024 -0.028703
v 0.070189 -0.017311 -0.023065
v 0.066702 -0.004659 -0.026567
v 0.066070 -0.013516 -0.033250
v 0.062247 0.012183 0.010283
v 0.072783 0.016145 0.019173
v 0.079062 0.005025 0.016983
v 0.062247 0.012183 -0.010283
v 0.072783 0.016145 -0.019173
v 0.062247 -0.012181 0.010283
v 0.072783 -0.016143 0.019173
v 0.062247 -0.012181 -0.010283
v 0.072783 -0.016143 -0.019173
v 0.073474 -0.007889 -0.014478
vn 0.6686 0.7434 0.0193
vn 0.6700 0.7421 0.0193
vn 0.5555 0.8312 0.0218
vn 0.6384 -0.3177 -0.7011
vn 0.6508 -0.3438 0.6769
vn 0.6564 0.3335 -0.6767
vn 0.6373 0.3005 0.7096
vn 0.6704 -0.7420 -0.0074
vn 0.6725 -0.7401 -0.0074
vn 0.5451 -0.8383 -0.0085
vn 0.1031 0.9055 -0.4117
vn 0.1239 0.5232 -0.8431
vn 0.1257 0.7882 -0.6025
vn 0.1152 -0.9885 -0.0983
vn 0.1126 -0.8762 0.4686
vn 0.1135 -0.9637 0.2415
vn 0.0909 -0.0574 0.9942
vn 0.1111 0.4683 0.8766
vn 0.0720 0.2228 0.9722
vn 0.0889 0.9923 0.0865
vn 0.0966 0.9805 -0.1711
vn 0.0946 -0.7933 -0.6014
vn 0.0964 -0.9223 -0.3742
vn 0.0923 -0.5214 0.8483
vn 0.0561 -0.2768 0.9593
vn 0.0910 0.8480 0.5221
vn 0.0830 0.9337 0.3484
vn 0.0816 -0.4217 -0.9031
vn 0.1020 -0.6074 -0.7878
vn 0.0508 0.2411 -0.9692
vn 0.0740 0.0294 -0.9968
vn 0.1133 -0.8000 0.5892
vn 0.0935 0.6231 0.7766
vn 0.0416 -0.2036 -0.9782
vn -0.0787 0.8970 -0.4349
vn 0.0620 0.9273 -0.3691
vn 0.0614 0.4991 -0.8644
vn 0.0023 0.6963 -0.7178
vn -0.1227 0.4962 -0.8595
vn -0.0787 -0.9943 -0.0718
vn 0.0620 -0.9876 -0.1440
vn 0.0553 -0.8799 0.4720
vn 0.0023 -0.9619 0.2735
vn -0.1063 -0.8756 0.4713
vn -0.0675 -0.0351 0.9971
vn 0.0585 -0.1103 0.9922
vn 0.0553 0.4720 0.8799
vn 0.0023 0.2735 0.9619
vn -0.1063 0.4713 0.8756
vn -0.0558 0.9960 0.0692
vn 0.0395 0.9903 0.1332
vn 0.0023 0.9674 -0.2534
vn -0.0558 -0.8280 -0.5580
vn 0.0395 -0.7910 -0.6105
vn 0.0023 -0.9645 -0.2642
vn -0.0572 -0.5297 0.8463
vn 0.0535 -0.5226 0.8509
vn 0.0065 -0.2206 0.9753
vn -0.0572 0.8463 0.5296
vn 0.0535 0.8509 0.5226
vn 0.0065 0.9753 0.2206
vn -0.0453 -0.4995 -0.8651
vn 0.0386 -0.4996 -0.8654
vn 0.0065 -0.7344 -0.6787
vn 0.0023 0.2735 -0.9619
vn 0.0585 -0.1103 -0.9922
vn -0.0675 -0.0351 -0.9971
vn 0.0091 -0.7540 0.6568
vn 0.0091 0.6568 0.7540
vn 0.0065 -0.2206 -0.9753
vn -0.0790 0.8969 -0.4351
vn 0.0620 0.9273 -0.3692
vn 0.0018 0.6962 -0.7178
vn -0.1231 0.4962 -0.8594
vn -0.0790 -0.9943 -0.0717
vn 0.0620 -0.9877 -0.1439
vn 0.0018 -0.9619 0.2736
vn -0.1067 -0.8755 0.4713
vn -0.0677 -0.0350 0.9971
vn 0.0585 -0.1102 0.9922
vn 0.0018 0.2736 0.9619
vn -0.1067 0.4714 0.8755
vn -0.0560 0.9960 0.0691
vn 0.0020 0.9674 -0.2534
vn -0.0560 -0.8280 -0.5579
vn 0.0020 -0.9645 -0.2642
vn -0.0574 -0.5296 0.8463
vn 0.0063 -0.2206 0.9754
vn -0.0574 0.8463 0.5296
vn 0.0063 0.9754 0.2205
vn -0.0454 -0.4995 -0.8651
vn 0.0063 -0.7344 -0.6787
vn 0.0018 0.2736 -0.9619
vn 0.0585 -0.1102 -0.9922
vn -0.0677 -0.0350 -0.9971
vn 0.0088 -0.7541 0.6567
vn 0.0088 0.6567 0.7541
vn 0.0063 -0.2205 -0.9754
vn -0.0787 -0.0584 -0.9952
vn 0.0270 -0.0061 -0.9996
vn 0.0469 -0.3824 -0.9228
vn 0.0104 -0.2788 -0.9603
vn -0.0430 -0.5082 -0.8602
vn -0.0945 0.4631 0.8812
vn 0.0388 0.4753 0.8789
vn 0.0408 0.7864 0.6164
vn -0.0093 0.7072 0.7070
vn -0.0600 0.8565 0.5127
vn -0.0945 -0.8812 0.4631
vn 0.0388 -0.8789 0.4753
vn 0.0604 -0.5984 0.7989
vn -0.0093 -0.7070 0.7072
vn -0.0508 -0.5037 0.8624
vn -0.1057 0.5179 -0.8489
vn 0.0481 0.3894 -0.9198
vn -0.0304 0.2801 -0.9595
vn 0.0703 -0.7897 -0.6095
vn 0.0175 -0.7139 -0.7000
vn -0.0469 -0.8341 -0.5496
vn 0.0703 0.9886 0.1330
vn 0.0175 0.9683 0.2492
vn -0.0469 0.9972 0.0589
vn 0.0593 -0.0139 0.9981
vn 0.0415 -0.2303 0.9722
vn -0.0846 -0.0582 0.9947
vn 0.0519 -0.9984 -0.0224
vn 0.0230 -0.9671 -0.2533
vn -0.0956 -0.9909 -0.0944
vn 0.0642 0.8650 -0.4976
vn 0.0230 0.9642 -0.2642
vn -0.0956 0.9054 -0.4137
vn -0.0084 0.2140 0.9768
vn -0.0084 -0.9768 0.2140
vn 0.0079 0.7194 -0.6945
vn 0.1216 -0.0368 -0.9919
vn 0.2228 -0.0000 -0.9749
vn 0.1915 -0.4780 -0.8572
vn 0.1719 0.4773 0.8617
vn 0.2018 0.8704 0.4490
vn 0.1378 0.8549 0.5001
vn 0.1139 -0.8844 0.4527
vn 0.1795 -0.8776 0.4446
vn 0.1872 -0.4874 0.8529
vn 0.1641 0.4875 -0.8576
vn 0.1729 -0.8788 -0.4447
vn 0.1388 -0.8334 -0.5349
vn 0.1910 0.9816 -0.0043
vn 0.2217 -0.0000 0.9751
vn 0.1212 -0.0369 0.9919
vn 0.1641 -0.9864 0.0030
vn 0.1917 0.8739 -0.4466
vn 0.1144 0.9035 -0.4131
vn -0.0048 0.9062 -0.4229
vn -0.0048 0.9051 -0.4252
vn -0.0058 0.5000 -0.8660
vn -0.0048 -0.9962 -0.0868
vn -0.0048 -0.9964 -0.0843
vn -0.0051 -0.8849 0.4657
vn -0.0052 -0.8867 0.4623
vn -0.0045 -0.0436 0.9990
vn -0.0045 -0.0460 0.9989
vn -0.0051 0.4657 0.8849
vn -0.0052 0.4623 0.8867
vn -0.0035 0.9963 0.0855
vn -0.0035 0.9962 0.0866
vn -0.0035 -0.8201 -0.5722
vn -0.0035 -0.8194 -0.5731
vn -0.0039 -0.5361 0.8442
vn -0.0039 -0.5358 0.8443
vn -0.0039 0.8442 0.5361
vn -0.0039 0.8443 0.5358
vn -0.0033 -0.5000 -0.8660
vn -0.0045 -0.0460 -0.9989
vn -0.0045 -0.0436 -0.9990
vn -0.0049 0.9062 -0.4229
vn -0.0049 0.9051 -0.4252
vn -0.0060 0.5000 -0.8660
vn -0.0049 -0.9962 -0.0869
vn -0.0049 -0.9964 -0.0843
vn -0.0053 -0.8849 0.4657
vn -0.0053 -0.8867 0.4623
vn -0.0046 -0.0436 0.9990
vn -0.0046 -0.0460 0.9989
vn -0.0053 0.4657 0.8849
vn -0.0053 0.4623 0.8867
vn -0.0035 0.9963 0.0856
vn -0.0035 -0.8201 -0.5723
vn -0.0035 -0.8195 -0.5731
vn -0.0040 -0.5361 0.8442
vn -0.0040 -0.5358 0.8443
vn -0.0040 0.8442 0.5361
vn -0.0040 0.8443 0.5358
vn -0.0034 -0.5000 -0.8660
vn -0.0046 -0.0460 -0.9989
vn -0.0046 -0.0436 -0.9990
vn -0.0024 0.9050 -0.4254
vn -0.0024 0.9049 -0.4257
vn 0.0139 0.5162 -0.8563
vn 0.0141 0.5128 -0.8584
vn -0.0024 -0.9965 -0.0840
vn -0.0024 -0.9965 -0.0838
vn -0.0023 -0.8847 0.4661
vn -0.0023 -0.0458 0.9989
vn -0.0023 -0.0456 0.9990
vn -0.0023 0.4661 0.8847
vn -0.0022 0.9964 0.0853
vn -0.0022 0.9964 0.0851
vn -0.0149 -0.8081 -0.5888
vn -0.0151 -0.8058 -0.5920
vn -0.0022 -0.5350 0.8448
vn -0.0022 0.8448 0.5350
vn -0.0168 -0.4307 -0.9023
vn -0.0097 -0.4960 -0.8683
vn 0.0155 -0.0420 -0.9990
vn 0.0091 0.0412 -0.9991
vn 0.0362 0.4986 -0.8661
vn 0.1331 -0.9852 -0.1080
vn 0.0364 0.4577 0.8883
vn 0.1309 0.9870 0.0934
vn 0.0707 -0.5328 0.8433
vn 0.0710 -0.4979 -0.8643
vn 0.0073 0.0112 -0.9999
vn 0.0743 -0.4535 -0.8881
vn 0.0546 0.3864 0.9207
vn 0.0989 0.7841 0.6127
vn 0.1019 -0.9240 0.3686
vn 0.1052 -0.6519 0.7510
vn 0.0948 0.6406 -0.7620
vn 0.1113 -0.8023 -0.5865
vn 0.1067 0.9920 0.0673
vn 0.0361 -0.0751 0.9965
vn 0.1067 -0.9920 -0.0673
vn 0.1006 0.9240 -0.3689
vn 0.0295 0.0248 -0.9993
vn 0.0330 -0.0598 -0.9977
vn -0.0143 -0.4287 -0.9033
vn -0.0070 -0.4966 -0.8679
vn 0.0336 0.4620 0.8863
vn 0.0328 0.4647 0.8849
vn 0.0068 0.8147 0.5798
vn -0.0002 0.8451 0.5346
vn 0.0336 -0.8863 0.4620
vn 0.0328 -0.8849 0.4647
vn -0.0096 -0.5622 0.8270
vn -0.0207 -0.5117 0.8589
vn 0.0219 0.4353 -0.9000
vn 0.0304 0.5108 -0.8592
vn -0.0309 -0.8179 -0.5746
vn -0.0310 -0.8187 -0.5734
vn -0.0309 0.9956 0.0887
vn -0.0310 0.9957 0.0872
vn -0.0218 -0.0759 0.9969
vn -0.0103 -0.0140 0.9998
vn -0.0055 -0.9957 -0.0922
vn 0.0022 -0.9995 -0.0304
vn -0.0055 0.9084 -0.4180
vn -0.0177 0.8680 -0.4962
vn -0.9755 0.0632 -0.2106
vn -0.9914 -0.0218 -0.1293
vn -0.9833 0.0348 -0.1789
vn -0.9800 0.0551 -0.1915
vn -0.9922 -0.1042 -0.0678
vn -0.9651 -0.1033 -0.2405
vn -0.9625 -0.2596 0.0785
vn -0.9103 -0.0520 0.4106
vn -0.9657 -0.0942 0.2421
vn -0.9681 0.0068 0.2506
vn -0.9759 0.1950 -0.0982
vn -0.9818 0.0709 -0.1763
vn -0.9738 -0.0926 0.2079
vn -0.8637 -0.0164 -0.5037
vn -0.9729 -0.1933 -0.1267
vn -0.9670 0.1367 0.2149
vn -0.9718 0.1063 0.2104
vn -0.9625 0.2596 -0.0785
vn -0.9751 0.0429 0.2178
vn -0.9729 -0.0339 0.2287
vn 0.9862 0.1223 0.1116
vn 0.9994 0.0023 0.0345
vn 0.9979 -0.0059 0.0646
vn 0.9818 0.1885 0.0218
vn 0.9764 0.2076 0.0593
vn 0.9964 -0.0851 -0.0005
vn 0.9859 0.1622 -0.0420
vn 0.9857 -0.1260 0.1117
vn 0.9625 0.1841 -0.1994
vn 0.9961 0.0878 0.0011
vn 0.9755 -0.2164 0.0404
vn 0.9817 -0.1900 0.0103
vn 0.9859 -0.1598 -0.0497
vn 0.9608 -0.1734 -0.2163
vn -0.0176 -0.9998 -0.0136
vn -0.0174 -0.9998 -0.0081
vn -0.0183 -0.9998 -0.0120
vn -0.0164 -0.9985 -0.0515
vn 0.0012 -0.9991 -0.0422
vn 0.0003 -0.9990 -0.0438
vn -0.0008 -0.9990 -0.0456
vn 0.0062 -0.9999 0.0102
vn -0.0186 -0.9986 -0.0499
vn 0.0289 -0.9933 -0.1116
vn 0.0061 -1.0000 0.0017
vn 0.0148 -0.9999 0.0024
vn -0.0006 -1.0000 -0.0027
vn -0.0001 -1.0000 -0.0004
vn -0.0701 0.9952 -0.0689
vn 0.0036 -1.0000 -0.0051
vn 0.0023 -1.0000 -0.0081
vn 0.0045 -0.9992 -0.0389
vn 0.0191 -0.9993 -0.0320
vn -0.0000 -1.0000 -0.0000
vn 0.1577 -0.9856 -0.0616
vn 0.0260 -0.9997 -0.0018
vn -0.0165 -0.9981 -0.0600
vn -0.0186 -0.9995 0.0269
vn 0.1106 -0.9933 0.0323
vn 0.0215 -0.9996 -0.0201
vn 0.0174 -0.9997 0.0141
vn -0.0121 -0.9994 0.0320
vn -0.0058 -0.9992 0.0399
vn 0.1297 -0.9913 0.0214
vn 0.1108 -0.9880 -0.1078
vn 0.1231 -0.9921 -0.0256
vn 0.0228 -0.9993 0.0298
vn 0.2122 0.9772 -0.0017
vn 0.0009 -0.9998 0.0211
vn -0.0006 -0.9997 0.0224
vn 0.0017 -1.0000 -0.0088
vn -0.0008 -1.0000 -0.0059
vn 0.0093 -0.9997 0.0221
vn -0.0120 -0.9999 0.0108
vn -0.0107 -0.9999 0.0103
vn -0.0192 -0.9997 0.0133
vn -0.0038 -0.9997 0.0251
vn -0.0101 -0.9996 0.0276
vn 0.0038 -1.0000 -0.0014
vn 0.0341 -0.9989 -0.0311
vn -0.0062 -0.9999 0.0088
vn -0.0254 -0.9993 -0.0273
vn -0.0455 -0.9946 0.0936
vn -0.0029 -0.9979 0.0651
vn -0.0098 -0.9994 -0.0333
vn -0.0204 -0.9967 -0.0792
vn -0.1051 -0.8876 -0.4484
vn -0.0021 -1.0000 0.0003
vn -0.1105 -0.9935 0.0262
vn -0.0032 -1.0000 0.0043
vn -0.0125 -0.9999 -0.0019
vn -0.0037 -1.0000 -0.0048
vn -0.0335 -0.9983 0.0474
vn -0.0397 0.9978 0.0530
vn -0.0154 0.9998 -0.0082
vn 0.0350 -0.9994 0.0044
vn 0.0260 -0.9985 -0.0474
vn 0.0122 -0.9999 0.0009
vn -0.0332 -0.9994 0.0025
vn -0.0114 -0.9999 -0.0037
vn -0.1381 -0.9892 -0.0487
vn 0.0048 -1.0000 0.0017
vn 0.0454 -0.9972 0.0598
vn -0.0037 -0.9999 -0.0105
vn -0.0265 -0.9992 0.0304
vn 0.0193 -0.9996 0.0195
vn -0.0665 -0.9976 -0.0174
vn 0.1923 -0.9769 -0.0934
vn 0.0325 0.9995 -0.0008
vn -0.0457 -0.9853 -0.1647
vn -0.6284 -0.3751 0.6814
vn 0.0056 -1.0000 -0.0072
vn 0.0006 -0.9998 0.0216
vn 0.0032 -0.9999 -0.0103
vn -0.0011 -0.9999 -0.0113
vn -0.0006 -0.9998 0.0176
vn 0.0004 -1.0000 -0.0091
vn -0.0009 -1.0000 0.0064
vn 0.0059 -0.9999 0.0152
vn -0.0979 -0.9952 -0.0007
vn -0.0487 -0.9987 -0.0180
vn 0.0079 -1.0000 -0.0040
vn -0.0185 -0.9996 0.0198
vn -0.0597 -0.9974 -0.0409
vn -0.6154 -0.7237 -0.3124
vn -0.0131 -0.9999 0.0075
vn -0.0066 -1.0000 0.0052
vn -0.1461 -0.9887 -0.0333
vn -0.0001 -1.0000 -0.0071
vn -0.0104 -0.9998 0.0160
vn -0.1128 -0.9932 -0.0284
vn -0.5998 0.7802 -0.1777
vn 0.7411 0.6514 -0.1626
vn 0.0599 -0.9979 -0.0261
vn 0.1195 -0.9926 -0.0202
vn -0.0374 -0.9876 0.1526
vn -0.0384 -0.9877 0.1514
vn -0.0625 -0.9903 0.1240
vn -0.0099 -1.0000 -0.0016
vn 0.0336 -0.9994 0.0055
vn -0.0078 -0.9825 0.1860
vn 0.0057 -0.9906 -0.1363
vn -0.0211 -0.9998 -0.0013
vn -0.0003 -0.9999 -0.0101
vn -0.0661 -0.9940 0.0874
vn -0.0004 -1.0000 0.0086
vn 0.0633 -0.9979 -0.0104
vn 0.0713 -0.9974 -0.0134
vn 0.1373 -0.9898 -0.0388
vn 0.0863 -0.9860 0.1425
vn -0.1110 -0.9923 -0.0550
vn 0.0303 -0.9995 0.0106
vn 0.0292 -0.9991 0.0300
vn -0.0694 -0.9976 -0.0044
vn -0.0588 -0.9943 -0.0894
vn -0.0027 -0.9998 0.0186
vn 0.0017 -0.9992 0.0404
vn 0.0065 -0.9998 0.0200
vn -0.0011 -0.9987 0.0501
vn 0.0006 -0.9998 0.0200
vn 0.0003 -0.9998 0.0199
vn 0.0026 -1.0000 -0.0084
vn -0.0070 -0.9991 0.0414
vn 0.0282 -0.9995 -0.0121
vn 0.0515 -0.9984 -0.0243
vn 0.0182 -0.9998 0.0005
vn 0.0068 -0.9998 0.0166
vn 0.0040 -1.0000 0.0078
vn -0.0052 -0.9993 0.0372
vn 0.0699 -0.9975 0.0114
vn -0.0244 -0.9992 -0.0330
vn 0.0224 -0.9997 -0.0110
vn 0.0212 -0.9995 0.0242
vn 0.0119 -0.9985 0.0527
vn -0.0182 0.9920 -0.1247
vn 0.0005 -0.9999 0.0128
vn -0.0003 -0.9986 0.0529
vn -0.0009 -0.9885 0.1513
vn 0.0553 -0.9984 -0.0081
vn -0.3553 0.9236 -0.1438
vn 0.2131 -0.9770 -0.0061
vn 0.0603 -0.9982 -0.0072
vn 0.1026 -0.9947 -0.0069
vn -0.0078 -0.9999 -0.0077
vn 0.0020 -1.0000 0.0047
vn -0.0007 -0.9999 0.0142
vn 0.0288 -0.9993 0.0217
vn -0.0665 -0.9964 -0.0527
vn -0.0008 0.9991 0.0429
vn 0.0019 -0.9992 -0.0409
vn 0.0037 -1.0000 0.0041
vn -0.0284 -0.9996 -0.0022
vn -0.0034 -0.9997 0.0224
vn -0.0039 -0.9993 0.0383
vn -0.0205 -0.9998 -0.0036
vn -0.0432 -0.9991 -0.0036
vn -0.0371 -0.9993 -0.0036
vn -0.0659 -0.9978 -0.0035
vn -0.0055 -0.9995 -0.0310
vn -0.0027 -0.9988 0.0493
vn -0.0054 -0.9997 -0.0255
vn -0.0105 -0.9849 -0.1730
vn -0.0346 -0.9992 -0.0216
vn 0.0017 -0.9999 -0.0143
vn 0.0073 -0.9997 -0.0252
vn 0.0535 -0.9983 -0.0216
vn -0.0156 0.9951 0.0974
vn 0.0026 -0.9997 0.0231
vn 0.0060 -0.9998 0.0164
vn -0.0090 -1.0000 -0.0013
vn -0.0037 -0.9999 -0.0096
vn 0.2482 -0.9687 0.0007
vn 0.0571 -0.9946 0.0870
vn 0.4194 -0.9071 0.0360
vn 0.1504 -0.9713 0.1844
vn -0.2160 0.9664 -0.1394
vn -0.1141 0.9766 0.1824
vn -0.0435 0.9967 0.0688
vn 0.0569 0.9973 -0.0468
vn 0.1012 0.9928 0.0639
vn 0.2137 0.9500 -0.2276
vn 0.2528 0.9414 0.2232
vn 0.1071 0.9928 -0.0528
vn -0.2503 0.9600 0.1253
vn 0.2469 0.9643 0.0963
vn -0.0269 0.9922 0.1216
vn -0.1597 0.9715 -0.1750
vn 0.0966 0.9953 0.0099
vn 0.1792 0.9605 -0.2128
vn -0.0147 0.9987 -0.0495
vn 0.1857 0.9520 0.2434
vn -0.1839 0.9767 0.1108
vn -0.0136 0.9891 -0.1468
vn -0.1040 0.9941 -0.0302
vn -0.0083 0.9997 -0.0220
vn -0.0127 0.9941 0.1078
vn 0.0695 0.9971 -0.0310
vn 0.0736 0.9918 -0.1042
vn 0.0115 0.9991 0.0405
vn -0.0015 0.9892 0.1464
vn 0.0730 0.9920 0.1029
vn 0.0825 0.9963 0.0226
vn 0.0004 1.0000 -0.0024
vn -0.0095 0.9999 0.0069
vn -0.0531 0.9974 0.0479
vn 0.0340 0.9624 -0.2695
vn 0.0252 0.9997 0.0029
vn 0.2285 0.9710 -0.0706
vn 0.0572 0.9811 0.1850
vn -0.0873 0.9559 -0.2804
vn -0.0693 0.9973 -0.0242
vn 0.1121 0.9929 -0.0404
vn 0.0187 0.9621 0.2719
vn -0.1822 0.9816 0.0578
vn -0.1098 0.9933 0.0352
vn -0.0422 0.9888 0.1435
vn -0.2898 0.9482 -0.1300
vn -0.1211 0.9912 -0.0536
vn 0.0592 0.9399 -0.3362
vn 0.0396 0.9880 -0.1493
vn 0.0049 0.9930 -0.1176
vn 0.0408 0.9878 -0.1504
vn 0.0760 0.9803 -0.1823
vn -0.0818 0.9965 0.0142
vn -0.0447 0.9945 0.0950
vn 0.0265 0.9917 0.1256
vn -0.0867 0.9905 -0.1067
vn -0.1096 0.9936 -0.0262
vn 0.0017 0.9902 0.1398
vn 0.0688 0.9929 0.0967
vn 0.0732 0.9973 -0.0066
vn 0.1189 0.9874 0.1044
vn 0.0787 0.9947 -0.0660
vn -0.0008 0.9800 -0.1989
vn 0.0580 0.9932 -0.1012
vn 0.1086 0.9830 0.1479
vn 0.0172 0.9995 -0.0271
vn -0.0194 0.9830 0.1825
vn 0.0652 0.9964 0.0549
vn 0.0115 0.9990 0.0421
vn -0.1911 0.9814 -0.0164
vn -0.1363 0.9604 0.2431
vn 0.0417 0.9983 -0.0412
vn -0.0697 0.9926 -0.0992
vn 0.1708 0.9810 -0.0917
vn -0.1431 0.9880 0.0576
vn -0.0815 0.9955 -0.0487
vn -0.0610 0.9976 0.0329
vn -0.0557 0.9970 0.0540
vn -0.0316 0.9887 0.1468
vn 0.1222 0.9920 -0.0329
vn 0.0904 0.9866 -0.1359
vn 0.1436 0.9886 0.0462
vn 0.1082 0.9933 -0.0400
vn 0.0736 0.9805 -0.1824
vn -0.0060 0.9990 -0.0448
vn 0.0030 0.9984 0.0572
vn -0.0018 1.0000 0.0026
vn 0.0111 0.9886 0.1501
vn 0.2095 0.9772 -0.0354
vn -0.0320 0.9634 -0.2662
vn 0.0528 0.9984 0.0193
vn 0.0291 0.9627 0.2691
vn -0.1716 0.9848 0.0277
vn 0.0023 0.9999 0.0131
vn -0.0031 0.9999 0.0128
vn 0.0831 0.9964 0.0180
vn -0.1039 0.9946 0.0065
vn -0.0693 0.9965 -0.0475
vn 0.2613 0.9618 -0.0814
vn 0.0051 0.9875 -0.1577
vn 0.1255 0.9787 0.1625
vn -0.1271 0.9793 0.1575
vn -0.2134 0.9734 -0.0831
vn -0.3149 0.9476 -0.0549
vn -0.9903 0.0816 -0.1124
vn -0.9989 -0.0421 -0.0211
vn -0.9985 0.0493 0.0232
vn -0.9907 0.1125 -0.0767
vn -0.9920 0.1263 0.0040
vn -0.9870 0.0928 -0.1315
vn 0.4340 0.8010 -0.4124
vn 0.3419 0.8633 -0.3713
vn 0.2684 0.9027 -0.3363
vn 0.1656 0.9595 -0.2279
vn 0.1251 0.1988 -0.9720
vn 0.0545 0.1501 -0.9872
vn 0.1424 0.1698 -0.9751
vn -0.0356 0.0182 -0.9992
vn 0.9888 -0.1262 -0.0798
vn 0.1600 0.9460 -0.2818
vn 0.2001 -0.3178 0.9268
vn -0.2389 0.4649 0.8525
vn -0.3480 0.5289 0.7741
vn -0.3391 0.5349 0.7738
vn 0.0849 0.1455 0.9857
vn -0.0805 0.3197 0.9441
vn 0.9621 0.2376 0.1340
vn -0.9908 -0.1265 -0.0474
vn -0.9869 -0.1511 0.0561
vn -0.9830 -0.1642 -0.0819
vn -0.9875 -0.1451 -0.0621
vn -0.9897 -0.1082 -0.0933
vn -0.9939 -0.1080 0.0214
vn 0.4991 -0.5350 -0.6817
vn 0.3152 -0.3950 -0.8629
vn 0.2038 -0.2947 -0.9336
vn 0.1637 -0.9209 -0.3538
vn 0.1904 -0.9261 -0.3257
vn 0.2135 -0.9295 -0.3007
vn 0.0358 -0.1566 -0.9870
vn 0.2421 -0.9322 -0.2690
vn -0.9949 -0.0099 0.1009
vn 0.3103 0.1934 0.9308
vn 0.3781 0.1254 0.9172
vn 0.4362 0.0630 0.8976
vn 0.2006 0.2942 0.9345
vn -0.9258 -0.3616 -0.1103
vn -0.9234 -0.3606 -0.1318
vn -0.4976 -0.1915 -0.8460
vn -0.0191 -0.7838 0.6207
vn -0.1695 -0.2279 0.9588
vn -0.3677 -0.6211 0.6921
vn -0.2334 -0.1280 0.9639
vn 0.3350 0.0419 0.9413
vn 0.9621 -0.2376 -0.1340
vn -0.9900 0.1191 0.0751
vn -0.9980 0.0422 -0.0478
vn -0.9959 -0.0073 0.0901
vn -0.9860 0.1390 0.0916
vn -0.9879 0.1421 0.0627
vn -0.9870 0.0928 0.1315
vn 0.5107 0.4959 0.7024
vn 0.3266 0.3833 0.8640
vn 0.1494 0.2464 0.9576
vn 0.1637 0.9209 0.3538
vn 0.1904 0.9261 0.3257
vn 0.2135 0.9295 0.3007
vn -0.0050 0.1359 0.9907
vn -0.0628 -0.0485 0.9969
vn 0.9888 -0.1263 0.0800
vn 0.2421 0.9322 0.2690
vn 0.2346 -0.3527 -0.9058
vn -0.5814 -0.8037 -0.1269
vn -0.5910 0.2912 -0.7523
vn -0.4711 0.4286 -0.7709
vn -0.3383 0.5295 -0.7779
vn -0.6334 0.2154 -0.7432
vn -0.6155 0.1912 -0.7646
vn -0.9964 -0.0846 -0.0072
vn -0.9916 -0.1233 0.0381
vn -0.9874 -0.1465 0.0604
vn -0.9853 -0.1697 0.0211
vn -0.9893 -0.1082 0.0974
vn -0.9938 -0.1080 -0.0262
vn 0.4340 -0.8010 0.4124
vn 0.3419 -0.8633 0.3713
vn 0.2684 -0.9027 0.3363
vn 0.1656 -0.9595 0.2279
vn 0.1308 -0.2489 0.9596
vn 0.0515 -0.1850 0.9814
vn 0.1528 -0.1907 0.9697
vn 0.1600 -0.9460 0.2818
vn 0.1604 0.2469 -0.9557
vn 0.4694 -0.0473 -0.8817
vn 0.3376 0.0878 -0.9372
vn -0.0818 0.4311 -0.8986
vn -0.6272 -0.2480 0.7383
vn -0.2213 -0.7086 -0.6700
vn -0.3296 -0.6494 -0.6853
vn 0.1739 -0.3350 -0.9260
vn 0.6888 0.0791 -0.7206
vn 0.2608 -0.2444 -0.9340
vn 0.9955 0.0938 0.0152
vn 0.9920 0.0970 0.0802
vn 0.9975 0.0104 -0.0702
vn 0.9899 -0.0104 -0.1414
vn 0.9894 0.0273 -0.1428
vn 0.9930 -0.0492 -0.1070
vn 0.9882 0.0426 -0.1469
vn 0.9939 -0.1027 0.0413
vn 0.9957 -0.0903 -0.0220
vn 0.9932 0.0600 -0.1000
vn -0.6113 0.7458 0.2648
vn -0.7156 0.5577 0.4205
vn -0.7514 0.3491 0.5599
vn -0.6884 0.6364 0.3479
vn -0.9580 0.2248 0.1780
vn -0.9051 0.0006 0.4251
vn -0.2835 0.9490 0.1381
vn -0.6259 0.7753 0.0843
vn -0.6870 0.7265 0.0161
vn -0.6923 -0.0266 0.7211
vn -0.0067 0.3000 0.9539
vn -0.6489 -0.7605 -0.0237
vn -0.6488 -0.7605 -0.0249
vn -0.6463 -0.7577 0.0905
vn -0.8264 -0.5420 0.1527
vn -0.9334 -0.0529 -0.3548
vn -0.9536 -0.2008 -0.2242
vn -0.7749 0.2564 -0.5777
vn 0.0050 -0.9430 -0.3326
vn -0.4726 -0.6273 -0.6189
vn -0.2680 -0.8455 -0.4619
vn 0.6783 0.7275 -0.1028
vn 0.6724 0.7397 -0.0278
vn 0.6457 0.5984 -0.4743
vn 0.5850 0.7352 0.3424
vn 0.9516 0.3035 0.0479
vn 0.9774 0.1489 0.1502
vn 0.9651 0.2029 0.1655
vn 0.9476 0.2166 0.2347
vn 0.3929 0.4020 0.8271
vn 0.8598 0.3511 0.3709
vn 0.9850 0.0886 -0.1478
vn 0.8975 0.4408 -0.0120
vn 0.9113 0.4086 -0.0501
vn 0.9664 0.2280 0.1188
vn 0.7922 0.6053 0.0777
vn 0.9823 0.1703 0.0781
vn -0.1795 0.9120 0.3689
vn -0.1661 -0.0351 0.9855
vn 0.1466 0.9859 0.0804
vn 0.1998 0.9790 0.0417
vn 0.0179 0.9984 -0.0528
vn 0.3183 -0.0270 0.9476
vn 0.0535 0.0348 0.9980
vn 0.1941 0.8863 0.4204
vn 0.5333 0.5808 0.6151
vn 0.9927 0.1159 0.0326
vn -0.7005 0.6913 -0.1774
vn -0.8949 0.4461 0.0117
vn -0.9710 -0.0631 0.2305
vn -0.8849 -0.0342 0.4646
vn 0.8387 0.5340 0.1070
vn 0.7706 0.4738 -0.4262
vn 0.7461 0.4564 -0.4848
vn 0.0136 -0.0234 -0.9996
vn 0.1536 0.9808 -0.1204
vn -0.9866 0.0057 0.1628
vn 0.9898 0.1019 0.0997
vn 0.9939 0.0373 0.1040
vn 0.9920 0.0130 0.1253
vn 0.5331 -0.5832 0.6129
vn 0.2586 -0.9183 0.2999
vn -0.8675 0.4601 0.1891
vn 0.9446 0.2788 0.1734
vn 0.9427 -0.0144 -0.3335
vn 0.1572 0.9873 -0.0212
vn 1.0000 -0.0071 -0.0033
vn -0.2614 -0.9651 -0.0126
vn -0.8179 0.4413 -0.3691
vn -0.7570 0.3535 -0.5496
vn -0.7310 0.4437 -0.5184
vn -0.7177 0.6352 -0.2855
vn -0.9580 0.2248 -0.1780
vn -0.9055 -0.0000 -0.4243
vn -0.6955 0.0072 -0.7184
vn -0.0067 0.3000 -0.9539
vn -0.6424 -0.7528 -0.1439
vn -0.8224 -0.5613 -0.0926
vn -0.9469 -0.1804 0.2661
vn -0.9409 -0.1087 0.3209
vn -0.8088 0.2353 0.5389
vn -0.7102 0.6590 -0.2477
vn 0.8931 0.4452 0.0641
vn 0.1536 0.9808 0.1204
vn 0.9286 0.3700 0.0304
vn 0.9051 0.3976 0.1508
vn 0.8894 0.4381 -0.1308
vn -0.2305 -0.9729 -0.0189
vn 0.9597 0.1903 -0.2067
vn 0.8981 0.3456 0.2718
vn 0.7900 0.5490 -0.2728
vn 0.8247 0.5306 -0.1958
vn 0.4982 0.5747 -0.6492
vn 0.9231 0.3807 -0.0544
vn 0.9667 0.2278 -0.1168
vn 0.7944 0.6023 -0.0787
vn 0.9822 0.1704 -0.0784
vn -0.1661 -0.0351 -0.9855
vn 0.1838 0.9820 -0.0435
vn 0.2031 0.9791 -0.0072
vn 0.1751 0.9828 -0.0594
vn 0.1604 0.9833 -0.0864
vn -0.0980 -0.9943 0.0423
vn 0.0016 0.9997 0.0256
vn -0.9927 -0.1159 0.0326
vn 0.9119 0.3333 0.2396
vn -0.8849 -0.0342 -0.4646
vn -0.9710 -0.0631 -0.2305
vn -0.8949 0.4461 -0.0117
vn -0.7005 0.6913 0.1774
vn -0.4726 -0.6273 0.6189
vn -0.0009 -0.9472 0.3206
vn -0.2680 -0.8455 0.4619
vn 0.2549 -0.9174 -0.3058
vn -0.9866 0.0057 -0.1628
vn 0.9899 0.1017 -0.0992
vn 0.9923 0.0160 -0.1227
vn 0.9939 0.0373 -0.1040
vn 0.5851 -0.4392 -0.6817
vn -0.8675 0.4601 -0.1890
vn 0.8414 0.2461 -0.4811
vn -0.6119 -0.7501 0.2509
vn -0.7532 -0.3597 0.5507
vn -0.7181 -0.5608 0.4120
vn -0.6867 -0.6660 0.2912
vn -0.9580 -0.2248 0.1780
vn -0.6754 -0.7371 -0.0246
vn -0.6134 -0.7847 0.0897
vn -0.2800 -0.9530 0.1160
vn -0.0067 -0.3000 0.9539
vn -0.1651 -0.0339 0.9857
vn -0.6490 0.7607 0.0102
vn -0.6424 0.7528 0.1439
vn -0.6490 0.7607 0.0122
vn -0.7918 0.5774 0.1992
vn -0.9535 0.2126 -0.2137
vn -0.9441 0.1021 -0.3134
vn -0.8083 -0.2117 -0.5493
vn 0.1536 -0.9808 -0.1204
vn 0.9843 -0.1760 -0.0135
vn 0.9624 -0.2688 0.0397
vn 0.9853 -0.1298 0.1112
vn 0.8838 -0.4628 -0.0684
vn 0.6648 -0.7462 -0.0360
vn 0.9574 -0.2883 -0.0127
vn 0.9664 -0.2280 0.1188
vn 0.7922 -0.6053 0.0777
vn 0.9823 -0.1703 0.0781
vn 0.2744 -0.8896 0.3651
vn 0.3644 -0.8399 0.4022
vn -0.1846 -0.9736 0.1347
vn 0.5473 -0.8367 0.0206
vn 0.5517 -0.8327 -0.0484
vn 0.5463 -0.8370 0.0322
vn 0.5396 -0.8366 0.0946
vn -0.2584 0.0382 0.9653
vn 0.1867 -0.9824 0.0104
vn 0.1292 -0.9902 0.0525
vn 0.0269 -0.9982 -0.0540
vn -0.9964 0.0822 0.0222
vn -0.8683 0.0817 0.4892
vn -0.9744 0.0861 0.2077
vn -0.9015 -0.4322 0.0227
vn -0.7005 -0.6913 -0.1774
vn -0.6241 0.5488 -0.5562
vn -0.1261 0.9590 -0.2538
vn -0.4252 0.8530 -0.3026
vn -0.9866 -0.0057 0.1628
vn 0.9898 -0.1019 0.0997
vn 0.9920 -0.0130 0.1253
vn 0.9939 -0.0373 0.1040
vn -0.8675 -0.4601 0.1890
vn 0.6173 -0.6181 0.4867
vn 0.9614 -0.2634 0.0792
vn -0.4241 0.9029 -0.0698
vn -0.8165 -0.4420 -0.3714
vn -0.7233 -0.4474 -0.5261
vn -0.7514 -0.3522 -0.5581
vn -0.7072 -0.6332 -0.3146
vn -0.9580 -0.2248 -0.1780
vn -0.0067 -0.3000 -0.9539
vn -0.1651 -0.0339 -0.9857
vn -0.6445 0.7555 -0.1177
vn -0.8224 0.5612 -0.0937
vn -0.9375 0.0862 0.3372
vn -0.9469 0.1763 0.2690
vn -0.7886 -0.2653 0.5547
vn -0.7115 -0.6636 -0.2309
vn 0.9818 -0.1728 0.0789
vn 0.9810 -0.1581 -0.1128
vn 0.9821 0.1795 -0.0572
vn 0.9941 -0.0949 -0.0529
vn 0.9302 -0.3471 0.1190
vn 0.5953 -0.8035 0.0068
vn -0.2697 -0.9092 -0.3172
vn 0.6139 -0.7785 -0.1309
vn 0.7500 -0.6209 0.2283
vn 0.1665 -0.9294 -0.3293
vn -0.9865 0.1085 -0.1225
vn 0.9667 -0.2278 -0.1168
vn 0.7944 -0.6023 -0.0787
vn 0.9822 -0.1704 -0.0784
vn -0.2404 -0.9706 -0.0125
vn -0.2584 0.0382 -0.9653
vn 0.1865 -0.9817 -0.0383
vn 0.1922 -0.9810 -0.0277
vn 0.1956 -0.9805 -0.0215
vn 0.2031 -0.9791 -0.0072
vn -0.1621 0.9866 0.0210
vn -0.0048 -0.9955 0.0949
vn 0.3453 -0.0038 -0.9385
vn 0.9964 -0.0822 0.0222
vn -0.1320 0.9615 0.2411
vn -0.6241 0.5488 0.5562
vn -0.4252 0.8530 0.3026
vn -0.7005 -0.6913 0.1774
vn -0.9015 -0.4322 -0.0227
vn -0.9744 0.0861 -0.2077
vn -0.8683 0.0817 -0.4892
vn 0.1536 -0.9808 0.1204
vn 0.2036 0.8913 -0.4051
vn 0.5850 0.4433 -0.6791
vn 0.0660 0.0084 -0.9978
vn -0.9866 -0.0057 -0.1628
vn 0.9899 -0.1017 -0.0992
vn 0.9939 -0.0373 -0.1040
vn 0.9923 -0.0160 -0.1227
vn -0.8675 -0.4601 -0.1890
vn 0.9171 -0.3964 -0.0428
vn 0.6676 -0.7373 -0.1033
vt 0.736995 0.466313
vt 0.722298 0.469639
vt 0.722268 0.463147
vt 0.957653 0.463634
vt 0.957349 0.470089
vt 0.943077 0.466596
vt 0.855015 0.466268
vt 0.840259 0.469547
vt 0.840265 0.463055
vt 0.678412 0.466589
vt 0.664140 0.470091
vt 0.663835 0.463636
vt 0.795983 0.466247
vt 0.781228 0.469546
vt 0.781221 0.463054
vt 0.913886 0.466400
vt 0.899189 0.469640
vt 0.899219 0.463149
vt 0.691062 0.060039
vt 0.676179 0.066119
vt 0.675996 0.054190
vt 0.900503 0.059893
vt 0.885510 0.065822
vt 0.885574 0.053873
vt 0.810747 0.059758
vt 0.795793 0.065736
vt 0.795783 0.053788
vt 0.720990 0.059892
vt 0.706083 0.065929
vt 0.705973 0.053983
vt 0.930431 0.060041
vt 0.915410 0.065930
vt 0.915520 0.053983
vt 0.840664 0.059770
vt 0.825700 0.065736
vt 0.825710 0.053789
vt 0.750911 0.059811
vt 0.735983 0.065820
vt 0.735919 0.053870
vt 0.960400 0.060316
vt 0.945314 0.066121
vt 0.945497 0.054192
vt 0.645928 0.054581
vt 0.646203 0.066497
vt 0.631000 0.060873
vt 0.855640 0.053815
vt 0.855606 0.065763
vt 0.765853 0.053813
vt 0.765887 0.065762
vt 0.990494 0.060876
vt 0.975290 0.066499
vt 0.975565 0.054584
vt 0.691592 0.151437
vt 0.691622 0.163361
vt 0.676713 0.163403
vt 0.676672 0.151491
vt 0.669242 0.163427
vt 0.661715 0.151550
vt 0.900106 0.151332
vt 0.900086 0.163275
vt 0.885199 0.163237
vt 0.885216 0.151288
vt 0.877755 0.163219
vt 0.870325 0.151253
vt 0.810746 0.151188
vt 0.810746 0.163138
vt 0.795853 0.163144
vt 0.795849 0.151192
vt 0.788407 0.163149
vt 0.780954 0.151204
vt 0.721386 0.151331
vt 0.721405 0.163273
vt 0.706516 0.163319
vt 0.706493 0.151381
vt 0.699069 0.163340
vt 0.929900 0.151437
vt 0.929869 0.163362
vt 0.914976 0.163320
vt 0.914998 0.151382
vt 0.907531 0.163297
vt 0.840538 0.151204
vt 0.840530 0.163154
vt 0.825639 0.163144
vt 0.825642 0.151192
vt 0.818192 0.163141
vt 0.751167 0.151252
vt 0.751181 0.163200
vt 0.736292 0.163236
vt 0.736276 0.151288
vt 0.728849 0.163255
vt 0.959776 0.151549
vt 0.959716 0.163451
vt 0.944778 0.163406
vt 0.944818 0.151493
vt 0.937324 0.163384
vt 0.654278 0.163481
vt 0.646695 0.151590
vt 0.646785 0.163513
vt 0.631713 0.163662
vt 0.631644 0.151625
vt 0.862866 0.163189
vt 0.855432 0.151225
vt 0.855421 0.163176
vt 0.773515 0.163165
vt 0.766059 0.151224
vt 0.766070 0.163176
vt 0.989858 0.151631
vt 0.982240 0.163590
vt 0.974789 0.151596
vt 0.974709 0.163514
vt 0.691643 0.245061
vt 0.691655 0.256990
vt 0.676745 0.257020
vt 0.676722 0.245095
vt 0.669274 0.257032
vt 0.661763 0.245127
vt 0.900054 0.244989
vt 0.900050 0.256924
vt 0.885165 0.256892
vt 0.885168 0.244955
vt 0.877722 0.256876
vt 0.870282 0.244924
vt 0.810745 0.244864
vt 0.810745 0.256799
vt 0.795862 0.256805
vt 0.795861 0.244868
vt 0.788420 0.256810
vt 0.780977 0.244879
vt 0.721436 0.244988
vt 0.721440 0.256923
vt 0.706550 0.256960
vt 0.706544 0.245024
vt 0.699103 0.256975
vt 0.929848 0.245061
vt 0.929835 0.256991
vt 0.914940 0.256962
vt 0.914946 0.245026
vt 0.907495 0.256943
vt 0.840514 0.244880
vt 0.840512 0.256815
vt 0.825628 0.256805
vt 0.825630 0.244868
vt 0.818187 0.256802
vt 0.751208 0.244923
vt 0.751210 0.256859
vt 0.736326 0.256892
vt 0.736323 0.244954
vt 0.728883 0.256907
vt 0.959727 0.245126
vt 0.959683 0.257047
vt 0.944744 0.257021
vt 0.944769 0.245096
vt 0.937290 0.257006
vt 0.654307 0.257071
vt 0.646747 0.245145
vt 0.646812 0.257098
vt 0.631762 0.257228
vt 0.631680 0.245153
vt 0.862838 0.256848
vt 0.855398 0.244898
vt 0.855396 0.256836
vt 0.773536 0.256825
vt 0.766093 0.244898
vt 0.766094 0.256835
vt 0.989810 0.245158
vt 0.982208 0.257165
vt 0.974743 0.245150
vt 0.974677 0.257099
vt 0.989748 0.339909
vt 0.989637 0.352036
vt 0.974590 0.351850
vt 0.974678 0.339862
vt 0.967090 0.351797
vt 0.959667 0.339796
vt 0.781009 0.339340
vt 0.781021 0.351261
vt 0.766157 0.351287
vt 0.766138 0.339364
vt 0.758723 0.351304
vt 0.751265 0.339399
vt 0.870224 0.339400
vt 0.870200 0.351321
vt 0.855332 0.351288
vt 0.855350 0.339365
vt 0.847900 0.351275
vt 0.840480 0.339341
vt 0.661823 0.339794
vt 0.654402 0.351794
vt 0.646800 0.339858
vt 0.646908 0.351850
vt 0.631833 0.352035
vt 0.631752 0.339908
vt 0.959590 0.351744
vt 0.944649 0.351653
vt 0.944703 0.339721
vt 0.937191 0.351612
vt 0.929778 0.339641
vt 0.751289 0.351320
vt 0.736416 0.351368
vt 0.736388 0.339444
vt 0.728977 0.351396
vt 0.721505 0.339500
vt 0.840468 0.351261
vt 0.825605 0.351248
vt 0.825612 0.339326
vt 0.818175 0.351245
vt 0.810744 0.339321
vt 0.929733 0.351571
vt 0.914837 0.351495
vt 0.914874 0.339567
vt 0.907394 0.351460
vt 0.899984 0.339501
vt 0.721538 0.351423
vt 0.706651 0.351494
vt 0.706615 0.339566
vt 0.699203 0.351531
vt 0.691711 0.339640
vt 0.803314 0.351245
vt 0.795877 0.339326
vt 0.795883 0.351249
vt 0.892512 0.351397
vt 0.885101 0.339445
vt 0.885072 0.351369
vt 0.684297 0.351611
vt 0.676786 0.339719
vt 0.676840 0.351653
vt 0.661896 0.351738
vt 0.988904 0.434782
vt 0.988497 0.446684
vt 0.973629 0.440074
vt 0.766406 0.438884
vt 0.751655 0.444629
vt 0.751605 0.433149
vt 0.869882 0.433150
vt 0.869829 0.444630
vt 0.855082 0.438886
vt 0.647859 0.440072
vt 0.632992 0.446682
vt 0.632584 0.434780
vt 0.943780 0.439318
vt 0.928865 0.444857
vt 0.929059 0.433420
vt 0.736859 0.438938
vt 0.825523 0.438861
vt 0.810745 0.444584
vt 0.810744 0.433099
vt 0.914178 0.439053
vt 0.707312 0.439049
vt 0.692620 0.444857
vt 0.692428 0.433420
vt 0.795963 0.438861
vt 0.884629 0.438939
vt 0.677705 0.439321
vt 0.691722 0.292348
vt 0.691721 0.301096
vt 0.676874 0.301155
vt 0.676885 0.292393
vt 0.900029 0.292256
vt 0.900025 0.300990
vt 0.885146 0.300946
vt 0.885150 0.292213
vt 0.810745 0.292109
vt 0.810745 0.300834
vt 0.795865 0.300840
vt 0.795864 0.292113
vt 0.721459 0.292254
vt 0.721464 0.300988
vt 0.706587 0.301042
vt 0.706585 0.292300
vt 0.929767 0.292350
vt 0.929768 0.301097
vt 0.914901 0.301043
vt 0.914904 0.292302
vt 0.840507 0.292126
vt 0.840504 0.300852
vt 0.825624 0.300841
vt 0.825625 0.292113
vt 0.751220 0.292176
vt 0.751225 0.300904
vt 0.736343 0.300945
vt 0.736340 0.292212
vt 0.959399 0.292437
vt 0.959422 0.301205
vt 0.944616 0.301158
vt 0.944604 0.292396
vt 0.647381 0.292464
vt 0.647326 0.301221
vt 0.632698 0.301122
vt 0.632729 0.292482
vt 0.855387 0.292148
vt 0.855384 0.300876
vt 0.766102 0.292147
vt 0.766105 0.300876
vt 0.974119 0.292466
vt 0.974156 0.301223
vt 0.691705 0.198245
vt 0.691701 0.206781
vt 0.676853 0.206826
vt 0.676866 0.198283
vt 0.900051 0.198168
vt 0.900049 0.206700
vt 0.885169 0.206666
vt 0.885171 0.198132
vt 0.810746 0.198041
vt 0.810746 0.206573
vt 0.795859 0.206578
vt 0.795859 0.198045
vt 0.721441 0.198167
vt 0.721442 0.206699
vt 0.706567 0.206741
vt 0.706567 0.198206
vt 0.929787 0.198247
vt 0.929790 0.206783
vt 0.914925 0.206742
vt 0.914925 0.198207
vt 0.840518 0.198056
vt 0.840517 0.206588
vt 0.825631 0.206579
vt 0.825632 0.198045
vt 0.751203 0.198100
vt 0.751204 0.206631
vt 0.736322 0.206665
vt 0.736320 0.198131
vt 0.959420 0.198318
vt 0.959447 0.206862
vt 0.944638 0.206830
vt 0.944625 0.198286
vt 0.647357 0.198340
vt 0.647303 0.206865
vt 0.632672 0.206761
vt 0.632707 0.198352
vt 0.855404 0.198075
vt 0.855403 0.206609
vt 0.766087 0.198075
vt 0.766089 0.206608
vt 0.974138 0.198338
vt 0.974186 0.206864
vt 0.691498 0.102767
vt 0.691540 0.112145
vt 0.676700 0.112238
vt 0.676662 0.102859
vt 0.900237 0.102629
vt 0.900199 0.112005
vt 0.885302 0.111956
vt 0.885335 0.102581
vt 0.810746 0.102479
vt 0.810746 0.111850
vt 0.795830 0.111857
vt 0.795823 0.102483
vt 0.721255 0.102628
vt 0.721293 0.112004
vt 0.706408 0.112069
vt 0.706367 0.102691
vt 0.929994 0.102769
vt 0.929951 0.112146
vt 0.915084 0.112070
vt 0.915125 0.102693
vt 0.840591 0.102494
vt 0.840577 0.111867
vt 0.825662 0.111857
vt 0.825669 0.102484
vt 0.751067 0.102541
vt 0.751093 0.111914
vt 0.736189 0.111955
vt 0.736157 0.102580
vt 0.959614 0.102967
vt 0.959588 0.112339
vt 0.944793 0.112240
vt 0.944831 0.102861
vt 0.647181 0.103080
vt 0.647169 0.112409
vt 0.632550 0.112376
vt 0.632528 0.103189
vt 0.855510 0.102514
vt 0.855490 0.111888
vt 0.765983 0.102513
vt 0.766002 0.111888
vt 0.988921 0.103188
vt 0.981637 0.112392
vt 0.974325 0.103081
vt 0.966970 0.103024
vt 0.974318 0.112411
vt 0.692352 0.427696
vt 0.677576 0.433598
vt 0.677398 0.422150
vt 0.899501 0.427500
vt 0.884666 0.433192
vt 0.884740 0.421707
vt 0.810744 0.427356
vt 0.795958 0.433110
vt 0.795946 0.421615
vt 0.721988 0.427499
vt 0.707243 0.433311
vt 0.707118 0.421844
vt 0.929136 0.427697
vt 0.914246 0.433314
vt 0.914370 0.421846
vt 0.840328 0.427369
vt 0.825529 0.433110
vt 0.825541 0.421615
vt 0.751578 0.427409
vt 0.736822 0.433191
vt 0.736748 0.421706
vt 0.958926 0.428148
vt 0.943911 0.433597
vt 0.944090 0.422150
vt 0.647462 0.422713
vt 0.647645 0.434292
vt 0.632501 0.428860
vt 0.855138 0.421642
vt 0.855099 0.433135
vt 0.766350 0.421641
vt 0.766389 0.433134
vt 0.974026 0.422716
vt 0.973843 0.434294
vt 0.691705 0.333675
vt 0.676786 0.327784
vt 0.899994 0.333538
vt 0.885121 0.327519
vt 0.810744 0.333360
vt 0.795872 0.327402
vt 0.721494 0.333537
vt 0.706595 0.327635
vt 0.929785 0.333676
vt 0.914894 0.327637
vt 0.840485 0.333380
vt 0.825617 0.327403
vt 0.751256 0.333438
vt 0.736367 0.327518
vt 0.959656 0.333825
vt 0.944703 0.327784
vt 0.646851 0.327876
vt 0.631764 0.333849
vt 0.855365 0.327441
vt 0.766124 0.327440
vt 0.974639 0.327879
vt 0.974682 0.233202
vt 0.959709 0.239167
vt 0.766091 0.232958
vt 0.751207 0.238954
vt 0.855399 0.232959
vt 0.840514 0.238911
vt 0.646810 0.233200
vt 0.631714 0.239118
vt 0.944750 0.233174
vt 0.736322 0.233014
vt 0.825630 0.232929
vt 0.929843 0.239098
vt 0.914943 0.233090
vt 0.721436 0.239020
vt 0.706548 0.233089
vt 0.810745 0.238895
vt 0.795861 0.232928
vt 0.900054 0.239021
vt 0.885168 0.233015
vt 0.691648 0.239097
vt 0.676742 0.233172
vt 0.974753 0.139681
vt 0.959768 0.145598
vt 0.766046 0.139271
vt 0.751158 0.145277
vt 0.855446 0.139271
vt 0.840543 0.145229
vt 0.646744 0.139675
vt 0.631658 0.145610
vt 0.944821 0.139582
vt 0.736256 0.139337
vt 0.825647 0.139239
vt 0.929907 0.145474
vt 0.915017 0.139443
vt 0.721375 0.145359
vt 0.706474 0.139442
vt 0.810746 0.145213
vt 0.795845 0.139239
vt 0.900117 0.145360
vt 0.885236 0.139339
vt 0.691585 0.145474
vt 0.676671 0.139580
vt 0.990849 0.042891
vt 0.990639 0.054884
vt 0.975672 0.048619
vt 0.960515 0.054361
vt 0.960704 0.042445
vt 0.975899 0.033604
vt 0.975778 0.042655
vt 0.960765 0.037922
vt 0.780792 0.037326
vt 0.765822 0.041869
vt 0.765801 0.032811
vt 0.780799 0.041855
vt 0.780818 0.053798
vt 0.765838 0.047841
vt 0.750887 0.053838
vt 0.750842 0.041895
vt 0.870666 0.037366
vt 0.855671 0.041869
vt 0.855692 0.032812
vt 0.870651 0.041896
vt 0.870606 0.053838
vt 0.855655 0.047842
vt 0.840675 0.053798
vt 0.840694 0.041856
vt 0.660729 0.037920
vt 0.645716 0.042652
vt 0.645594 0.033602
vt 0.660789 0.042442
vt 0.660978 0.054359
vt 0.645822 0.048617
vt 0.630854 0.054881
vt 0.630644 0.042888
vt 0.945658 0.042265
vt 0.945766 0.033219
vt 0.945577 0.048229
vt 0.930502 0.054074
vt 0.930635 0.042142
vt 0.750827 0.037365
vt 0.735858 0.041926
vt 0.735817 0.032869
vt 0.735888 0.047898
vt 0.720948 0.053920
vt 0.720867 0.041977
vt 0.840701 0.037327
vt 0.825720 0.041845
vt 0.825726 0.032787
vt 0.825715 0.047817
vt 0.810747 0.053787
vt 0.810747 0.041844
vt 0.930679 0.037615
vt 0.915624 0.042043
vt 0.915696 0.032988
vt 0.915572 0.048013
vt 0.900545 0.053922
vt 0.900626 0.041978
vt 0.720840 0.037447
vt 0.705869 0.042039
vt 0.705797 0.032985
vt 0.705921 0.048011
vt 0.690991 0.054072
vt 0.690859 0.042140
vt 0.810747 0.037315
vt 0.795773 0.041845
vt 0.795767 0.032787
vt 0.795778 0.047817
vt 0.900654 0.037448
vt 0.885635 0.041926
vt 0.885677 0.032869
vt 0.885605 0.047899
vt 0.690814 0.037612
vt 0.675836 0.042263
vt 0.675727 0.033217
vt 0.675916 0.048226
vt 0.988604 0.378883
vt 0.981177 0.387586
vt 0.973966 0.378656
vt 0.966595 0.378579
vt 0.973859 0.387518
vt 0.959139 0.387361
vt 0.781060 0.377909
vt 0.773657 0.386717
vt 0.766214 0.377931
vt 0.758790 0.377949
vt 0.766238 0.386729
vt 0.751397 0.386761
vt 0.870123 0.377968
vt 0.862671 0.386746
vt 0.855274 0.377932
vt 0.847851 0.377921
vt 0.855250 0.386729
vt 0.840412 0.386707
vt 0.647523 0.378654
vt 0.647630 0.387515
vt 0.632995 0.387653
vt 0.632885 0.378883
vt 0.959225 0.378503
vt 0.944340 0.387201
vt 0.944411 0.378369
vt 0.751365 0.377967
vt 0.736551 0.386809
vt 0.736511 0.378012
vt 0.840429 0.377909
vt 0.825578 0.386693
vt 0.825586 0.377894
vt 0.929564 0.378255
vt 0.929501 0.387068
vt 0.914646 0.386958
vt 0.914701 0.378155
vt 0.721651 0.378076
vt 0.721699 0.386873
vt 0.706842 0.386957
vt 0.706788 0.378154
vt 0.803324 0.377893
vt 0.810744 0.386689
vt 0.795911 0.386694
vt 0.795903 0.377895
vt 0.788493 0.386700
vt 0.892408 0.378046
vt 0.899789 0.386874
vt 0.884937 0.386810
vt 0.884978 0.378014
vt 0.877514 0.386787
vt 0.684501 0.378310
vt 0.691986 0.387066
vt 0.677149 0.387200
vt 0.677076 0.378366
vt 0.669750 0.387279
vt 0.662264 0.378501
vt 0.793498 0.748640
vt 0.796065 0.741456
vt 0.800305 0.749982
vt 0.794907 0.759297
vt 0.801126 0.756402
vt 0.799237 0.765594
vt 0.800169 0.734655
vt 0.804308 0.743039
vt 0.805667 0.728922
vt 0.811934 0.724574
vt 0.817907 0.728226
vt 0.812098 0.733367
vt 0.814440 0.723092
vt 0.822590 0.723159
vt 0.826194 0.724430
vt 0.824923 0.731609
vt 0.815677 0.735570
vt 0.804920 0.771070
vt 0.813144 0.767009
vt 0.811687 0.775131
vt 0.828340 0.733823
vt 0.829798 0.725701
vt 0.836564 0.729762
vt 0.815290 0.776402
vt 0.816561 0.769223
vt 0.823577 0.772605
vt 0.819394 0.766141
vt 0.829386 0.767464
vt 0.835817 0.771910
vt 0.829550 0.776258
vt 0.818894 0.777673
vt 0.827044 0.777740
vt 0.837176 0.757792
vt 0.845419 0.759376
vt 0.841315 0.766176
vt 0.840358 0.744429
vt 0.842247 0.735238
vt 0.846577 0.741535
vt 0.842904 0.747376
vt 0.848060 0.744059
vt 0.847986 0.752192
vt 0.740935 0.733553
vt 0.742444 0.724724
vt 0.748122 0.730164
vt 0.727921 0.729239
vt 0.717923 0.727833
vt 0.723849 0.722773
vt 0.715058 0.721662
vt 0.720660 0.718192
vt 0.728624 0.718160
vt 0.730818 0.726185
vt 0.732169 0.719410
vt 0.747273 0.760622
vt 0.743595 0.752652
vt 0.751294 0.753926
vt 0.710205 0.737378
vt 0.702506 0.736104
vt 0.706527 0.729408
vt 0.733141 0.771839
vt 0.725176 0.771870
vt 0.729951 0.767258
vt 0.721631 0.770621
vt 0.722982 0.763845
vt 0.732327 0.759967
vt 0.738742 0.768368
vt 0.735877 0.762197
vt 0.711356 0.765306
vt 0.705679 0.759867
vt 0.712865 0.756478
vt 0.081460 0.244473
vt 0.087640 0.227132
vt 0.085217 0.227511
vt 0.078588 0.244363
vt 0.057027 0.313137
vt 0.069921 0.280194
vt 0.066076 0.279968
vt 0.075553 0.262317
vt 0.075374 0.253255
vt 0.072737 0.271255
vt 0.072161 0.262148
vt 0.112633 0.264291
vt 0.114919 0.245871
vt 0.109706 0.245695
vt 0.102922 0.179663
vt 0.105868 0.169640
vt 0.105878 0.163012
vt 0.120302 0.141591
vt 0.115070 0.143201
vt 0.117965 0.158018
vt 0.235147 0.165708
vt 0.242238 0.162682
vt 0.231306 0.175252
vt 0.123995 0.340710
vt 0.121626 0.330508
vt 0.116720 0.340058
vt 0.052965 0.343474
vt 0.057566 0.335332
vt 0.050324 0.334700
vt 0.044273 0.342579
vt 0.107261 0.118134
vt 0.108959 0.107182
vt 0.104441 0.118902
vt 0.099217 0.186950
vt 0.092625 0.212404
vt 0.095323 0.210162
vt 0.406631 0.727670
vt 0.397002 0.722168
vt 0.398582 0.730372
vt 0.395215 0.730081
vt 0.390179 0.721029
vt 0.401263 0.693072
vt 0.392191 0.686304
vt 0.393199 0.696096
vt 0.089129 0.263018
vt 0.090761 0.244860
vt 0.084547 0.262779
vt 0.082256 0.262660
vt 0.088875 0.244780
vt 0.085104 0.244622
vt 0.082825 0.280974
vt 0.071611 0.314213
vt 0.077885 0.314670
vt 0.068474 0.313985
vt 0.080203 0.280813
vt 0.074962 0.280495
vt 0.091896 0.226907
vt 0.103907 0.183721
vt 0.100363 0.209713
vt 0.105173 0.179913
vt 0.406941 0.661587
vt 0.404332 0.628248
vt 0.396262 0.629588
vt 0.398584 0.663414
vt 0.085948 0.346335
vt 0.087362 0.337668
vt 0.079416 0.337055
vt 0.077614 0.345635
vt 0.404407 0.715710
vt 0.403059 0.707169
vt 0.394884 0.709063
vt 0.375483 0.634695
vt 0.376630 0.641373
vt 0.377600 0.624139
vt 0.150227 0.352301
vt 0.155287 0.343898
vt 0.147507 0.343032
vt 0.139278 0.199638
vt 0.130957 0.190602
vt 0.133169 0.209040
vt 0.138073 0.190291
vt 0.135607 0.172232
vt 0.129896 0.181754
vt 0.148566 0.208936
vt 0.145941 0.189955
vt 0.130998 0.345832
vt 0.122876 0.349539
vt 0.143321 0.342597
vt 0.148828 0.333126
vt 0.140435 0.332263
vt 0.152499 0.256804
vt 0.143947 0.246874
vt 0.144404 0.265935
vt 0.152375 0.285634
vt 0.152738 0.266412
vt 0.144220 0.275462
vt 0.136861 0.265522
vt 0.132660 0.246463
vt 0.129315 0.265125
vt 0.150178 0.320694
vt 0.144036 0.284989
vt 0.141792 0.319862
vt 0.136488 0.284456
vt 0.134200 0.319157
vt 0.152260 0.247197
vt 0.150783 0.228039
vt 0.142554 0.227882
vt 0.141519 0.218434
vt 0.135106 0.227749
vt 0.140201 0.153847
vt 0.133352 0.155110
vt 0.139353 0.171864
vt 0.128480 0.139129
vt 0.127147 0.156267
vt 0.125753 0.139941
vt 0.124045 0.156855
vt 0.127991 0.164587
vt 0.125330 0.105317
vt 0.124537 0.123198
vt 0.129146 0.121236
vt 0.091611 0.485950
vt 0.082377 0.486027
vt 0.082755 0.489090
vt 0.326894 0.661617
vt 0.321696 0.661910
vt 0.324365 0.668456
vt 0.345130 0.743460
vt 0.344442 0.727799
vt 0.341723 0.745322
vt 0.506328 0.252017
vt 0.513449 0.251747
vt 0.508094 0.256905
vt 0.342464 0.660207
vt 0.342891 0.666916
vt 0.347912 0.662937
vt 0.064323 0.534758
vt 0.055886 0.540846
vt 0.066150 0.540675
vt 0.123347 0.639585
vt 0.113874 0.643697
vt 0.118284 0.648419
vt 0.183286 0.686486
vt 0.181119 0.696382
vt 0.189278 0.689701
vt 0.102136 0.505503
vt 0.095691 0.510036
vt 0.103273 0.510810
vt 0.144066 0.615984
vt 0.144877 0.623365
vt 0.151223 0.617198
vt 0.176816 0.631087
vt 0.174734 0.638325
vt 0.181218 0.634500
vt 0.186422 0.646697
vt 0.183963 0.655650
vt 0.191256 0.649800
vt 0.232543 0.669577
vt 0.232114 0.678815
vt 0.237956 0.671399
vt 0.237725 0.663895
vt 0.171772 0.571623
vt 0.171409 0.577768
vt 0.177652 0.572748
vt 0.204387 0.599303
vt 0.197618 0.604216
vt 0.201313 0.607066
vt 0.228568 0.606036
vt 0.226861 0.613633
vt 0.232341 0.607985
vt 0.156260 0.536179
vt 0.147983 0.537421
vt 0.149819 0.541741
vt 0.082523 0.591267
vt 0.081669 0.599620
vt 0.089905 0.594429
vt 0.095986 0.587020
vt 0.086725 0.588797
vt 0.159393 0.625296
vt 0.155581 0.633791
vt 0.163639 0.629181
vt 0.275932 0.716675
vt 0.277187 0.726743
vt 0.282634 0.717491
vt 0.303578 0.624146
vt 0.305435 0.631844
vt 0.308051 0.624140
vt 0.294861 0.718568
vt 0.296605 0.728561
vt 0.301598 0.718942
vt 0.313753 0.719245
vt 0.316314 0.729183
vt 0.320381 0.719208
vt 0.314494 0.710090
vt 0.320445 0.714611
vt 0.332104 0.718751
vt 0.335064 0.728623
vt 0.338592 0.718266
vt 0.311467 0.710063
vt 0.307915 0.719158
vt 0.309835 0.729102
vt 0.329322 0.718892
vt 0.326055 0.729104
vt 0.332065 0.728836
vt 0.321723 0.650932
vt 0.326774 0.654383
vt 0.326701 0.646853
vt 0.280410 0.727146
vt 0.287211 0.727877
vt 0.285818 0.717805
vt 0.273878 0.679764
vt 0.278014 0.673176
vt 0.272575 0.672381
vt 0.280276 0.630194
vt 0.284801 0.630739
vt 0.283742 0.622916
vt 0.229594 0.647356
vt 0.227175 0.653341
vt 0.232203 0.655311
vt 0.234474 0.649261
vt 0.255939 0.625148
vt 0.260300 0.618505
vt 0.256160 0.617339
vt 0.262676 0.603108
vt 0.258697 0.609484
vt 0.262626 0.610577
vt 0.235083 0.634239
vt 0.239634 0.635993
vt 0.240117 0.628391
vt 0.206201 0.708237
vt 0.213401 0.700645
vt 0.207299 0.698159
vt 0.215127 0.696524
vt 0.210943 0.690010
vt 0.183995 0.697926
vt 0.190419 0.701151
vt 0.192254 0.691192
vt 0.187869 0.584487
vt 0.194776 0.580817
vt 0.191845 0.577763
vt 0.120842 0.650983
vt 0.130338 0.646769
vt 0.125624 0.642016
vt 0.117159 0.603098
vt 0.107760 0.606009
vt 0.111480 0.611229
vt 0.094467 0.619447
vt 0.104349 0.616561
vt 0.100501 0.611142
vt 0.143472 0.561763
vt 0.145971 0.566148
vt 0.150924 0.560150
vt 0.085303 0.605681
vt 0.091602 0.597274
vt 0.108737 0.562708
vt 0.107329 0.570054
vt 0.115219 0.565791
vt 0.099739 0.574161
vt 0.097020 0.568679
vt 0.090045 0.575780
vt 0.112634 0.508078
vt 0.110668 0.514190
vt 0.116967 0.512181
vt 0.145412 0.530851
vt 0.153737 0.529910
vt 0.152198 0.525666
vt 0.025574 0.519348
vt 0.023264 0.518175
vt 0.021804 0.519870
vt 0.155017 0.680102
vt 0.143198 0.691860
vt 0.147308 0.693055
vt 0.137047 0.501363
vt 0.142023 0.504914
vt 0.145042 0.499365
vt 0.126269 0.504228
vt 0.123792 0.510113
vt 0.130909 0.508020
vt 0.075813 0.524571
vt 0.078943 0.517475
vt 0.069703 0.519880
vt 0.045520 0.494692
vt 0.045973 0.498271
vt 0.055675 0.495040
vt 0.354687 0.651252
vt 0.356419 0.643300
vt 0.351468 0.644058
vt 0.350776 0.636454
vt 0.355610 0.635691
vt 0.354664 0.627237
vt 0.349943 0.628016
vt 0.084468 0.438621
vt 0.080018 0.448621
vt 0.089119 0.447969
vt 0.103324 0.461969
vt 0.099784 0.454745
vt 0.096905 0.462783
vt 0.134705 0.522155
vt 0.127771 0.524681
vt 0.132751 0.528139
vt 0.108704 0.572674
vt 0.117844 0.570850
vt 0.078321 0.593738
vt 0.067742 0.604495
vt 0.072067 0.528869
vt 0.062524 0.528403
vt 0.057896 0.530154
vt 0.054954 0.537858
vt 0.113668 0.598015
vt 0.104209 0.600689
vt 0.167194 0.572167
vt 0.159983 0.574553
vt 0.162827 0.578500
vt 0.157314 0.623306
vt 0.149076 0.627620
vt 0.153374 0.631776
vt 0.183062 0.631989
vt 0.180621 0.626174
vt 0.350486 0.727035
vt 0.348441 0.743222
vt 0.351199 0.741966
vt 0.195231 0.692683
vt 0.193592 0.702646
vt 0.201094 0.695435
vt 0.243408 0.673076
vt 0.243405 0.682333
vt 0.248894 0.674611
vt 0.259950 0.677256
vt 0.260561 0.686513
vt 0.265510 0.678368
vt 0.304050 0.608556
vt 0.303936 0.615799
vt 0.308215 0.612153
vt 0.321634 0.671831
vt 0.316399 0.668782
vt 0.316137 0.675234
vt 0.254063 0.722874
vt 0.246429 0.736967
vt 0.249079 0.736717
vt 0.343231 0.680698
vt 0.346177 0.689577
vt 0.348671 0.680060
vt 0.131707 0.451723
vt 0.131960 0.458683
vt 0.140235 0.457932
vt 0.140003 0.451140
vt 0.089502 0.459703
vt 0.096569 0.455084
vt 0.567158 0.508729
vt 0.563309 0.508521
vt 0.573759 0.475252
vt 0.578324 0.475578
vt 0.072442 0.280344
vt 0.059306 0.313315
vt 0.065336 0.313757
vt 0.146762 0.383278
vt 0.142091 0.391868
vt 0.149863 0.392417
vt 0.141410 0.400754
vt 0.149185 0.401190
vt 0.140239 0.422804
vt 0.132048 0.418321
vt 0.131740 0.427255
vt 0.140082 0.427189
vt 0.131579 0.436156
vt 0.139910 0.435916
vt 0.090871 0.389570
vt 0.081338 0.394149
vt 0.090229 0.399270
vt 0.096835 0.413849
vt 0.089715 0.408999
vt 0.089337 0.418760
vt 0.106456 0.418480
vt 0.102858 0.428068
vt 0.109511 0.427793
vt 0.126589 0.386392
vt 0.119447 0.381357
vt 0.118660 0.390610
vt 0.128281 0.418314
vt 0.124216 0.427389
vt 0.048260 0.418711
vt 0.042986 0.429072
vt 0.053309 0.429177
vt 0.043018 0.434345
vt 0.053330 0.439637
vt 0.062663 0.429149
vt 0.057986 0.439559
vt 0.081650 0.389231
vt 0.082399 0.379430
vt 0.073236 0.383935
vt 0.043392 0.454172
vt 0.032489 0.449688
vt 0.033004 0.457977
vt 0.037565 0.428952
vt 0.043080 0.418611
vt 0.032209 0.418304
vt 0.044330 0.387591
vt 0.045040 0.377337
vt 0.034136 0.376579
vt 0.033416 0.386968
vt 0.412832 0.713584
vt 0.414362 0.722113
vt 0.405894 0.723968
vt 0.409082 0.607423
vt 0.403285 0.605229
vt 0.401709 0.611049
vt 0.432293 0.687376
vt 0.427536 0.671059
vt 0.426056 0.687641
vt 0.407944 0.673920
vt 0.399018 0.669052
vt 0.153382 0.401478
vt 0.158249 0.393103
vt 0.582696 0.439495
vt 0.596246 0.435170
vt 0.588600 0.445794
vt 0.587556 0.410962
vt 0.598110 0.416695
vt 0.586821 0.420911
vt 0.595269 0.446560
vt 0.588096 0.454276
vt 0.582601 0.453742
vt 0.579897 0.444969
vt 0.578977 0.453454
vt 0.233322 0.105704
vt 0.241733 0.111117
vt 0.233614 0.117015
vt 0.542348 0.442008
vt 0.545535 0.451048
vt 0.536666 0.450420
vt 0.241867 0.116092
vt 0.237999 0.150531
vt 0.549510 0.451326
vt 0.551349 0.461363
vt 0.543755 0.460848
vt 0.559158 0.443299
vt 0.560715 0.452109
vt 0.553486 0.451604
vt 0.546886 0.442360
vt 0.555226 0.442998
vt 0.480748 0.532215
vt 0.488825 0.523074
vt 0.489327 0.542115
vt 0.492599 0.523269
vt 0.496855 0.542377
vt 0.481009 0.541809
vt 0.490745 0.561089
vt 0.482512 0.560942
vt 0.497526 0.551795
vt 0.507469 0.649023
vt 0.506105 0.632690
vt 0.512313 0.631518
vt 0.512925 0.647377
vt 0.441151 0.078681
vt 0.448905 0.073970
vt 0.442660 0.087326
vt 0.532485 0.282408
vt 0.527780 0.278048
vt 0.534761 0.276056
vt 0.476495 0.178877
vt 0.479728 0.171974
vt 0.483581 0.176205
vt 0.488163 0.168038
vt 0.378589 0.118788
vt 0.378109 0.111265
vt 0.383551 0.112834
vt 0.383666 0.103541
vt 0.362575 0.114839
vt 0.361633 0.107348
vt 0.367145 0.108524
vt 0.366683 0.099220
vt 0.469572 0.161883
vt 0.473437 0.153353
vt 0.477782 0.157407
vt 0.408136 0.098257
vt 0.415619 0.096677
vt 0.412126 0.104494
vt 0.316709 0.075604
vt 0.314318 0.065908
vt 0.320462 0.066144
vt 0.325677 0.076017
vt 0.319688 0.075701
vt 0.323555 0.066322
vt 0.305203 0.065811
vt 0.303218 0.054842
vt 0.309190 0.054862
vt 0.296088 0.075632
vt 0.290285 0.071075
vt 0.296230 0.065973
vt 0.290279 0.066254
vt 0.294062 0.055108
vt 0.347595 0.057726
vt 0.356157 0.043453
vt 0.354291 0.058738
vt 0.421394 0.099198
vt 0.422454 0.089448
vt 0.399095 0.147110
vt 0.394427 0.145150
vt 0.399528 0.139694
vt 0.472708 0.174819
vt 0.475766 0.167841
vt 0.484087 0.163714
vt 0.574717 0.264854
vt 0.567950 0.260365
vt 0.578039 0.256591
vt 0.570583 0.295825
vt 0.565367 0.293317
vt 0.574822 0.291779
vt 0.578642 0.348647
vt 0.583507 0.338294
vt 0.588934 0.348541
vt 0.524802 0.278929
vt 0.528971 0.283338
vt 0.522974 0.284987
vt 0.552015 0.271247
vt 0.560429 0.268995
vt 0.561859 0.274939
vt 0.553378 0.277010
vt 0.558009 0.260093
vt 0.566178 0.254275
vt 0.577178 0.253630
vt 0.443269 0.149528
vt 0.445044 0.142176
vt 0.449716 0.145481
vt 0.452585 0.136630
vt 0.451813 0.110069
vt 0.443879 0.110757
vt 0.448716 0.102769
vt 0.454307 0.106126
vt 0.457309 0.095511
vt 0.404618 0.134553
vt 0.409669 0.130206
vt 0.409530 0.136785
vt 0.411642 0.089998
vt 0.419472 0.088138
vt 0.363001 0.075961
vt 0.355885 0.079481
vt 0.357809 0.070206
vt 0.364058 0.071353
vt 0.363846 0.060405
vt 0.534940 0.329809
vt 0.541950 0.325052
vt 0.542397 0.332892
vt 0.551264 0.327964
vt 0.537246 0.408659
vt 0.534246 0.398921
vt 0.541596 0.399125
vt 0.545546 0.409007
vt 0.550823 0.399381
vt 0.535235 0.379707
vt 0.539177 0.369987
vt 0.542556 0.379673
vt 0.547413 0.369811
vt 0.551745 0.379644
vt 0.522540 0.361063
vt 0.529428 0.360711
vt 0.525822 0.370344
vt 0.525985 0.351423
vt 0.577133 0.410414
vt 0.582967 0.400465
vt 0.574058 0.369498
vt 0.569413 0.359245
vt 0.578777 0.359115
vt 0.569319 0.348909
vt 0.578709 0.353881
vt 0.594540 0.359160
vt 0.600009 0.369771
vt 0.589127 0.369583
vt 0.599943 0.375029
vt 0.588976 0.380001
vt 0.588175 0.400678
vt 0.599100 0.401198
vt 0.598470 0.411620
vt 0.225165 0.118373
vt 0.225945 0.151830
vt 0.217737 0.152748
vt 0.216745 0.119906
vt 0.216516 0.113322
vt 0.224784 0.106001
vt 0.348659 0.925057
vt 0.347208 0.915358
vt 0.351341 0.915442
vt 0.346617 0.924733
vt 0.341733 0.924159
vt 0.344841 0.915320
vt 0.336320 0.919628
vt 0.342474 0.915281
vt 0.343235 0.933652
vt 0.310581 0.960827
vt 0.310920 0.957013
vt 0.312585 0.957556
vt 0.350139 0.964342
vt 0.347315 0.962730
vt 0.350422 0.962622
vt 0.302846 0.934698
vt 0.304891 0.934629
vt 0.304404 0.939659
vt 0.300638 0.898929
vt 0.302378 0.898760
vt 0.303221 0.911588
vt 0.078683 0.800209
vt 0.079498 0.814318
vt 0.077793 0.814023
vt 0.318863 0.948890
vt 0.326217 0.950029
vt 0.325683 0.952120
vt 0.125052 0.913388
vt 0.130911 0.914235
vt 0.125043 0.915126
vt 0.069572 0.813013
vt 0.069794 0.823146
vt 0.067518 0.822691
vt 0.071017 0.799740
vt 0.068707 0.799666
vt 0.067541 0.799631
vt 0.068402 0.812889
vt 0.066057 0.812655
vt 0.038581 0.890807
vt 0.041120 0.903150
vt 0.038950 0.903545
vt 0.350033 0.852364
vt 0.352349 0.862073
vt 0.348216 0.862001
vt 0.347979 0.852610
vt 0.345849 0.861950
vt 0.343077 0.852999
vt 0.343483 0.861899
vt 0.337497 0.857323
vt 0.344937 0.843570
vt 0.353582 0.840593
vt 0.355722 0.851650
vt 0.352086 0.852118
vt 0.317925 0.888116
vt 0.315854 0.878100
vt 0.322976 0.878496
vt 0.297045 0.834199
vt 0.300727 0.833765
vt 0.300501 0.835598
vt 0.352996 0.813164
vt 0.353213 0.814893
vt 0.350112 0.814668
vt 0.304617 0.840999
vt 0.306361 0.836100
vt 0.306658 0.841145
vt 0.301059 0.876659
vt 0.304118 0.864106
vt 0.302791 0.876894
vt 0.301698 0.887810
vt 0.303639 0.877018
vt 0.303239 0.887839
vt 0.321159 0.827422
vt 0.328096 0.824453
vt 0.328550 0.826562
vt 0.367682 0.881131
vt 0.366815 0.875155
vt 0.368869 0.875221
vt 0.151892 0.912598
vt 0.146042 0.913346
vt 0.146028 0.911824
vt 0.151903 0.913357
vt 0.151916 0.915095
vt 0.146046 0.914218
vt 0.151927 0.917799
vt 0.146061 0.918714
vt 0.146057 0.916892
vt 0.035332 0.909078
vt 0.036720 0.903955
vt 0.038265 0.913199
vt 0.036358 0.891113
vt 0.033019 0.891558
vt 0.035236 0.891261
vt 0.034506 0.904380
vt 0.035557 0.801005
vt 0.038096 0.813349
vt 0.035926 0.813743
vt 0.397172 0.926205
vt 0.395079 0.916429
vt 0.399237 0.916609
vt 0.399224 0.926046
vt 0.401628 0.916726
vt 0.404158 0.925866
vt 0.404020 0.916843
vt 0.409964 0.921692
vt 0.401840 0.935261
vt 0.451964 0.947100
vt 0.448049 0.947531
vt 0.448305 0.945584
vt 0.389940 0.964988
vt 0.390005 0.963174
vt 0.393191 0.963858
vt 0.443987 0.939797
vt 0.442070 0.944993
vt 0.441819 0.939613
vt 0.448142 0.902246
vt 0.444836 0.915390
vt 0.446328 0.901991
vt 0.022698 0.802968
vt 0.024866 0.816030
vt 0.023283 0.816464
vt 0.424996 0.954229
vt 0.417275 0.956536
vt 0.417055 0.954263
vt 0.125064 0.924088
vt 0.125051 0.922350
vt 0.130921 0.923228
vt 0.134698 0.920552
vt 0.130907 0.918732
vt 0.138484 0.918723
vt 0.032589 0.814366
vt 0.035241 0.823397
vt 0.033133 0.823975
vt 0.033334 0.801311
vt 0.033696 0.814153
vt 0.029994 0.801756
vt 0.032211 0.801459
vt 0.399430 0.889657
vt 0.395032 0.889574
vt 0.397455 0.880778
vt 0.400598 0.853286
vt 0.405522 0.853652
vt 0.405043 0.862663
vt 0.400255 0.862717
vt 0.411166 0.858042
vt 0.403561 0.844176
vt 0.395051 0.841531
vt 0.396511 0.852812
vt 0.392921 0.852360
vt 0.430582 0.890245
vt 0.425692 0.880111
vt 0.433090 0.879927
vt 0.434480 0.812210
vt 0.434718 0.816281
vt 0.432874 0.815964
vt 0.392791 0.814021
vt 0.395998 0.815273
vt 0.392788 0.815837
vt 0.445849 0.841235
vt 0.443676 0.841336
vt 0.444130 0.835970
vt 0.448583 0.878916
vt 0.446760 0.879102
vt 0.445775 0.865656
vt 0.447499 0.890565
vt 0.445885 0.890534
vt 0.445869 0.879204
vt 0.427416 0.826096
vt 0.419482 0.825762
vt 0.419788 0.823499
vt 0.151907 0.924816
vt 0.146044 0.925605
vt 0.146055 0.924083
vt 0.151916 0.924057
vt 0.146057 0.923211
vt 0.151925 0.922319
vt 0.151929 0.919615
vt 0.146061 0.920537
vt 0.073292 0.907943
vt 0.070543 0.912493
vt 0.071426 0.902691
vt 0.074041 0.889541
vt 0.073766 0.902938
vt 0.071732 0.889468
vt 0.070566 0.889433
vt 0.069081 0.902456
vt 0.945936 0.713591
vt 0.950135 0.715383
vt 0.926595 0.756446
vt 0.879036 0.765796
vt 0.876740 0.757023
vt 0.887340 0.790586
vt 0.885890 0.783639
vt 0.882711 0.739169
vt 0.885271 0.730203
vt 0.932756 0.808555
vt 0.931679 0.809040
vt 0.907254 0.799300
vt 0.903055 0.797508
vt 0.920435 0.704337
vt 0.921512 0.703851
vt 0.896615 0.717058
vt 0.902111 0.715940
vt 0.759928 0.538973
vt 0.770208 0.536974
vt 0.765827 0.550426
vt 0.779322 0.538868
vt 0.770963 0.548279
vt 0.741659 0.540144
vt 0.746856 0.553834
vt 0.733207 0.553838
vt 0.739111 0.568107
vt 0.805874 0.529929
vt 0.814710 0.531819
vt 0.805787 0.534470
vt 0.805819 0.536851
vt 0.814710 0.534005
vt 0.814710 0.538604
vt 0.746377 0.574117
vt 0.763882 0.568123
vt 0.760979 0.580426
vt 0.652067 0.519708
vt 0.654457 0.514533
vt 0.653046 0.519949
vt 0.774746 0.561099
vt 0.771725 0.572134
vt 0.627815 0.760917
vt 0.634626 0.756094
vt 0.632108 0.764250
vt 0.658484 0.764169
vt 0.653502 0.766491
vt 0.653019 0.758037
vt 0.648048 0.767223
vt 0.649519 0.759060
vt 0.770903 0.528876
vt 0.779917 0.528052
vt 0.779233 0.534537
vt 0.121481 0.868898
vt 0.119094 0.873759
vt 0.116701 0.868891
vt 0.202363 0.872949
vt 0.203703 0.869831
vt 0.203700 0.876119
vt 0.202382 0.852550
vt 0.203721 0.850553
vt 0.203716 0.854726
vt 0.257864 0.319521
vt 0.265768 0.310415
vt 0.271684 0.331015
vt 0.201248 0.814322
vt 0.201312 0.805065
vt 0.203448 0.810010
vt 0.201811 0.826296
vt 0.202652 0.814981
vt 0.256400 0.379198
vt 0.256450 0.364789
vt 0.270742 0.375141
vt 0.241872 0.306646
vt 0.244752 0.308857
vt 0.241995 0.322234
vt 0.251083 0.295413
vt 0.253750 0.278148
vt 0.260008 0.296430
vt 0.190382 0.824530
vt 0.190445 0.812330
vt 0.193739 0.812355
vt 0.193680 0.824550
vt 0.284275 0.357758
vt 0.271128 0.346177
vt 0.284396 0.351779
vt 0.285390 0.236646
vt 0.284612 0.232952
vt 0.298646 0.232410
vt 0.230691 0.378203
vt 0.225096 0.370730
vt 0.230720 0.360108
vt 0.225207 0.360764
vt 0.228635 0.341988
vt 0.211612 0.397285
vt 0.211740 0.395477
vt 0.213560 0.396324
vt 0.116678 0.823214
vt 0.111898 0.825555
vt 0.111896 0.820819
vt 0.114286 0.816056
vt 0.116677 0.820852
vt 0.673665 0.537581
vt 0.689108 0.543847
vt 0.675224 0.549867
vt 0.249259 0.312422
vt 0.259125 0.304024
vt 0.676963 0.520778
vt 0.694493 0.524977
vt 0.674775 0.527849
vt 0.691700 0.533288
vt 0.659162 0.527320
vt 0.656368 0.539409
vt 0.191968 0.844769
vt 0.190341 0.836130
vt 0.193641 0.836146
vt 0.190361 0.830330
vt 0.238839 0.304964
vt 0.238564 0.320064
vt 0.236208 0.319478
vt 0.701196 0.573348
vt 0.695972 0.570200
vt 0.697323 0.568758
vt 0.296325 0.260043
vt 0.302386 0.256883
vt 0.300358 0.263007
vt 0.116677 0.839703
vt 0.114286 0.844499
vt 0.111896 0.839736
vt 0.107126 0.859031
vt 0.104744 0.863936
vt 0.102346 0.858987
vt 0.107117 0.851746
vt 0.111896 0.849328
vt 0.111900 0.854187
vt 0.680321 0.513150
vt 0.701190 0.511267
vt 0.698705 0.515628
vt 0.271171 0.270851
vt 0.275910 0.270037
vt 0.281808 0.284418
vt 0.281598 0.270143
vt 0.285593 0.283701
vt 0.719054 0.511477
vt 0.707356 0.515834
vt 0.293339 0.334406
vt 0.293051 0.320686
vt 0.294233 0.321126
vt 0.199880 0.845391
vt 0.199334 0.849896
vt 0.198804 0.845188
vt 0.198021 0.845044
vt 0.197600 0.849626
vt 0.197196 0.844915
vt 0.199434 0.813373
vt 0.199929 0.825553
vt 0.198855 0.825176
vt 0.201661 0.433785
vt 0.200410 0.421507
vt 0.203299 0.425002
vt 0.869493 0.538973
vt 0.863594 0.550426
vt 0.859213 0.536974
vt 0.858458 0.548279
vt 0.850099 0.538868
vt 0.887762 0.540143
vt 0.896214 0.553838
vt 0.882565 0.553834
vt 0.890310 0.568107
vt 0.823601 0.536851
vt 0.883044 0.574117
vt 0.868443 0.580426
vt 0.865540 0.568123
vt 0.977355 0.519708
vt 0.976376 0.519949
vt 0.974964 0.514533
vt 0.857696 0.572134
vt 0.854675 0.561099
vt 0.623841 0.757210
vt 0.631492 0.753425
vt 0.619720 0.731158
vt 0.626644 0.735576
vt 0.618221 0.736445
vt 0.618367 0.741947
vt 0.626191 0.739194
vt 0.848952 0.525667
vt 0.840724 0.527306
vt 0.839909 0.523297
vt 0.858518 0.528876
vt 0.850188 0.534536
vt 0.849503 0.528051
vt 0.200483 0.900778
vt 0.201121 0.907879
vt 0.199857 0.908095
vt 0.236168 0.475100
vt 0.238525 0.474516
vt 0.238791 0.489615
vt 0.271208 0.452127
vt 0.284490 0.447951
vt 0.271651 0.463584
vt 0.284605 0.453075
vt 0.278676 0.472113
vt 0.257824 0.475070
vt 0.265723 0.484180
vt 0.203081 0.935635
vt 0.204057 0.946525
vt 0.202627 0.947352
vt 0.205184 0.955981
vt 0.270676 0.404233
vt 0.283994 0.407470
vt 0.270699 0.413333
vt 0.190275 0.892911
vt 0.193579 0.892908
vt 0.191933 0.901197
vt 0.256392 0.415392
vt 0.270732 0.419455
vt 0.256435 0.429801
vt 0.241825 0.487935
vt 0.241957 0.472347
vt 0.244706 0.485726
vt 0.251028 0.499173
vt 0.259955 0.498163
vt 0.253685 0.516441
vt 0.285304 0.557971
vt 0.298561 0.562216
vt 0.284524 0.561666
vt 0.230703 0.434469
vt 0.228609 0.452587
vt 0.225190 0.433811
vt 0.227830 0.415127
vt 0.221804 0.415807
vt 0.218657 0.434213
vt 0.213179 0.411421
vt 0.212922 0.418114
vt 0.208001 0.413057
vt 0.953129 0.555130
vt 0.943296 0.559880
vt 0.941534 0.549695
vt 0.185808 0.926210
vt 0.190324 0.926198
vt 0.188105 0.937806
vt 0.249215 0.482164
vt 0.259076 0.490567
vt 0.970259 0.527320
vt 0.973054 0.539409
vt 0.955757 0.537581
vt 0.954647 0.527849
vt 0.937721 0.533288
vt 0.952459 0.520778
vt 0.934929 0.524977
vt 0.138912 0.874443
vt 0.136525 0.869582
vt 0.141305 0.869575
vt 0.153262 0.864620
vt 0.150879 0.859715
vt 0.155660 0.859671
vt 0.928224 0.573348
vt 0.932097 0.568759
vt 0.933448 0.570201
vt 0.296255 0.534574
vt 0.300291 0.531611
vt 0.302316 0.537739
vt 0.150888 0.852430
vt 0.146106 0.854870
vt 0.146110 0.850012
vt 0.949101 0.513150
vt 0.930717 0.515628
vt 0.928232 0.511267
vt 0.271103 0.523750
vt 0.281749 0.510188
vt 0.275843 0.524566
vt 0.285534 0.510906
vt 0.281532 0.524464
vt 0.922066 0.515834
vt 0.910368 0.511477
vt 0.294194 0.473483
vt 0.293012 0.473923
vt 0.293312 0.460209
vt 0.759928 0.639895
vt 0.765828 0.628443
vt 0.770208 0.641894
vt 0.770963 0.630590
vt 0.779322 0.640001
vt 0.741660 0.638725
vt 0.733209 0.625030
vt 0.746857 0.625035
vt 0.739112 0.610762
vt 0.805819 0.642018
vt 0.814710 0.640265
vt 0.814710 0.644864
vt 0.805874 0.648940
vt 0.805787 0.644399
vt 0.814710 0.647050
vt 0.746378 0.604752
vt 0.760979 0.598443
vt 0.763882 0.610745
vt 0.652071 0.659154
vt 0.653050 0.658914
vt 0.654461 0.664329
vt 0.638795 0.601121
vt 0.639881 0.601023
vt 0.641105 0.613850
vt 0.771725 0.606735
vt 0.774746 0.617769
vt 0.664115 0.718292
vt 0.668088 0.722000
vt 0.660438 0.725784
vt 0.672210 0.748051
vt 0.665285 0.743633
vt 0.673708 0.742764
vt 0.673562 0.737262
vt 0.665738 0.740015
vt 0.770903 0.649992
vt 0.779233 0.644332
vt 0.779917 0.650817
vt 0.399666 0.323023
vt 0.397323 0.323466
vt 0.397871 0.308581
vt 0.378392 0.321949
vt 0.364306 0.332660
vt 0.371025 0.312611
vt 0.343976 0.356957
vt 0.343238 0.347824
vt 0.344935 0.346983
vt 0.377708 0.379998
vt 0.363943 0.375822
vt 0.377993 0.366133
vt 0.394788 0.310073
vt 0.393844 0.325406
vt 0.391830 0.312099
vt 0.386260 0.298482
vt 0.377370 0.299037
vt 0.384485 0.281217
vt 0.251892 0.807601
vt 0.247409 0.812389
vt 0.247352 0.802858
vt 0.351073 0.358544
vt 0.351106 0.352658
vt 0.364303 0.347564
vt 0.252017 0.865290
vt 0.247500 0.869434
vt 0.247497 0.861150
vt 0.252016 0.861148
vt 0.249752 0.853788
vt 0.354991 0.238299
vt 0.341953 0.233435
vt 0.355945 0.234648
vt 0.402769 0.362670
vt 0.405759 0.345412
vt 0.407957 0.363585
vt 0.402066 0.379700
vt 0.407613 0.372902
vt 0.418897 0.397319
vt 0.417189 0.396470
vt 0.418793 0.395737
vt 0.676298 0.623737
vt 0.686130 0.618989
vt 0.687892 0.629172
vt 0.387206 0.315379
vt 0.377878 0.306602
vt 0.659167 0.651544
vt 0.656373 0.639454
vt 0.673669 0.641284
vt 0.674778 0.651016
vt 0.691703 0.645579
vt 0.676965 0.658086
vt 0.694495 0.653889
vt 0.119094 0.786796
vt 0.121481 0.791657
vt 0.116701 0.791664
vt 0.701201 0.605522
vt 0.697328 0.610111
vt 0.695977 0.608670
vt 0.104744 0.796619
vt 0.107126 0.801525
vt 0.102346 0.801568
vt 0.342965 0.261128
vt 0.338803 0.263897
vt 0.337065 0.257691
vt 0.111898 0.835001
vt 0.116678 0.837341
vt 0.107117 0.808809
vt 0.111900 0.806369
vt 0.111896 0.811227
vt 0.680323 0.665714
vt 0.698706 0.663237
vt 0.701191 0.667598
vt 0.367518 0.273098
vt 0.356294 0.286088
vt 0.362840 0.272058
vt 0.352561 0.285200
vt 0.357170 0.271892
vt 0.707357 0.663032
vt 0.719055 0.667389
vt 0.263737 0.812294
vt 0.264486 0.824423
vt 0.263076 0.824529
vt 0.342407 0.321999
vt 0.343594 0.321614
vt 0.342812 0.335204
vt 0.430072 0.429366
vt 0.427753 0.421314
vt 0.430052 0.417860
vt 0.869493 0.639896
vt 0.859213 0.641895
vt 0.863594 0.628444
vt 0.850099 0.640002
vt 0.858458 0.630590
vt 0.887762 0.638726
vt 0.882565 0.625036
vt 0.896214 0.625031
vt 0.890310 0.610762
vt 0.823601 0.642018
vt 0.883044 0.604752
vt 0.865540 0.610746
vt 0.868443 0.598443
vt 0.977355 0.659157
vt 0.974965 0.664332
vt 0.976376 0.658916
vt 0.990630 0.601121
vt 0.988320 0.613851
vt 0.989544 0.601022
vt 0.854675 0.617770
vt 0.857696 0.606736
vt 0.657304 0.723115
vt 0.659821 0.714960
vt 0.633446 0.715040
vt 0.638427 0.712718
vt 0.638910 0.721172
vt 0.643882 0.711986
vt 0.642410 0.720149
vt 0.848952 0.653203
vt 0.839909 0.655573
vt 0.840724 0.651564
vt 0.858518 0.649994
vt 0.849503 0.650818
vt 0.850188 0.644333
vt 0.378374 0.472690
vt 0.371002 0.482027
vt 0.364288 0.461972
vt 0.357697 0.470648
vt 0.351164 0.452074
vt 0.364307 0.450700
vt 0.351128 0.447021
vt 0.344630 0.410340
vt 0.343818 0.419433
vt 0.342902 0.410179
vt 0.260456 0.937786
vt 0.261790 0.926198
vt 0.263056 0.937821
vt 0.363812 0.404033
vt 0.363868 0.412858
vt 0.350862 0.407268
vt 0.258504 0.949973
vt 0.256649 0.937785
vt 0.261707 0.949980
vt 0.377704 0.414634
vt 0.377986 0.428500
vt 0.363938 0.418807
vt 0.394769 0.484574
vt 0.391812 0.482546
vt 0.393830 0.469236
vt 0.386236 0.496165
vt 0.384455 0.513434
vt 0.377344 0.495607
vt 0.245783 0.937757
vt 0.247384 0.949955
vt 0.244093 0.949935
vt 0.354931 0.556356
vt 0.355884 0.560009
vt 0.341885 0.561215
vt 0.404666 0.413678
vt 0.407952 0.431054
vt 0.402763 0.431968
vt 0.405751 0.449229
vt 0.410260 0.414061
vt 0.414143 0.431052
vt 0.417873 0.409698
vt 0.422575 0.410894
vt 0.418474 0.415740
vt 0.143720 0.845183
vt 0.141328 0.840387
vt 0.146109 0.840420
vt 0.955756 0.641287
vt 0.940312 0.635021
vt 0.954196 0.629001
vt 0.136525 0.792341
vt 0.138912 0.787480
vt 0.141305 0.792348
vt 0.387187 0.479264
vt 0.377854 0.488040
vt 0.952459 0.658090
vt 0.934929 0.653892
vt 0.954647 0.651019
vt 0.937721 0.645581
vt 0.970259 0.651546
vt 0.973052 0.639457
vt 0.397854 0.486067
vt 0.397309 0.471178
vt 0.399653 0.471621
vt 0.150888 0.809493
vt 0.146110 0.811911
vt 0.146106 0.807052
vt 0.146108 0.826239
vt 0.141328 0.823898
vt 0.146109 0.821503
vt 0.928225 0.605523
vt 0.933448 0.608671
vt 0.932097 0.610112
vt 0.342912 0.533512
vt 0.337008 0.536947
vt 0.338751 0.530741
vt 0.141328 0.821536
vt 0.143720 0.816740
vt 0.141328 0.838025
vt 0.146108 0.835684
vt 0.150879 0.802208
vt 0.153262 0.797303
vt 0.155660 0.802252
vt 0.949102 0.665717
vt 0.928233 0.667602
vt 0.930718 0.663240
vt 0.367479 0.521550
vt 0.362799 0.522588
vt 0.356257 0.508551
vt 0.357127 0.522752
vt 0.352522 0.509437
vt 0.910368 0.667392
vt 0.922066 0.663035
vt 0.342792 0.459421
vt 0.343570 0.473012
vt 0.342383 0.472626
vt 0.261836 0.901216
vt 0.263129 0.908586
vt 0.260526 0.908566
s 1
usemtl MagnumSurvivalKnife_MTL
f 15/1/1 14/2/2 118/3/3
f 120/4/4 13/5/4 18/6/4
f 17/7/5 16/8/5 119/9/5
f 14/10/6 13/11/6 115/12/6
f 16/13/7 15/14/7 116/15/7
f 18/16/8 17/17/9 117/18/10
f 20/19/11 19/20/12 172/21/13
f 22/22/14 21/23/15 171/24/16
f 24/25/17 23/26/18 170/27/19
f 25/28/20 20/29/11 169/30/21
f 26/31/22 22/32/14 168/33/23
f 27/34/24 24/35/17 167/36/25
f 28/37/26 25/38/20 166/39/27
f 29/40/28 26/41/22 165/42/29
f 164/43/30 19/44/12 30/45/31
f 163/46/32 21/47/15 27/34/24
f 162/48/33 23/49/18 28/37/26
f 30/50/31 29/51/28 161/52/34
f 35/53/35 47/54/36 43/55/37 160/56/38
f 160/56/38 43/57/37 31/58/39
f 36/59/40 48/60/41 44/61/42 159/62/43
f 159/62/43 44/63/42 32/64/44
f 37/65/45 49/66/46 45/67/47 158/68/48
f 158/68/48 45/69/47 33/70/49
f 38/71/50 50/72/51 47/73/36 157/74/52
f 157/74/52 47/75/36 35/53/35
f 39/76/53 51/77/54 48/78/41 156/79/55
f 156/79/55 48/80/41 36/59/40
f 40/81/56 52/82/57 49/83/46 155/84/58
f 155/84/58 49/85/46 37/65/45
f 41/86/59 53/87/60 50/88/51 154/89/61
f 154/89/61 50/90/51 38/71/50
f 42/91/62 54/92/63 51/93/54 153/94/64
f 153/94/64 51/95/54 39/76/53
f 31/58/39 43/96/37 152/97/65
f 152/97/65 43/98/37 46/99/66 34/100/67
f 32/64/44 44/101/42 151/102/68
f 151/102/68 44/103/42 52/82/57 40/81/56
f 33/70/49 45/104/47 150/105/69
f 150/105/69 45/106/47 53/87/60 41/86/59
f 34/107/67 46/108/66 149/109/70
f 149/109/70 46/110/66 54/92/63 42/91/62
f 59/111/71 71/112/72 67/113/37 148/114/73
f 148/114/73 67/115/37 55/116/74
f 60/117/75 72/118/76 68/119/42 147/120/77
f 147/120/77 68/121/42 56/122/78
f 61/123/79 73/124/80 69/125/47 146/126/81
f 146/126/81 69/127/47 57/128/82
f 62/129/83 74/130/51 71/131/72 145/132/84
f 145/132/84 71/133/72 59/111/71
f 63/134/85 75/135/54 72/136/76 144/137/86
f 144/137/86 72/138/76 60/117/75
f 64/139/87 76/140/57 73/141/80 143/142/88
f 143/142/88 73/143/80 61/123/79
f 65/144/89 77/145/60 74/146/51 142/147/90
f 142/147/90 74/148/51 62/129/83
f 66/149/91 78/150/63 75/151/54 141/152/92
f 141/152/92 75/153/54 63/134/85
f 55/116/74 67/154/37 140/155/93
f 140/155/93 67/156/37 70/157/94 58/158/95
f 56/122/78 68/159/42 139/160/96
f 139/160/96 68/161/42 76/140/57 64/139/87
f 57/128/82 69/162/47 138/163/97
f 138/163/97 69/164/47 77/145/60 65/144/89
f 58/165/95 70/166/94 137/167/98
f 137/167/98 70/168/94 78/150/63 66/149/91
f 82/169/99 114/170/100 110/171/101 136/172/102
f 136/172/102 110/173/101 90/174/103
f 81/175/104 113/176/105 109/177/106 135/178/107
f 135/178/107 109/179/106 89/180/108
f 80/181/109 112/182/110 108/183/111 134/184/112
f 134/184/112 108/185/111 88/186/113
f 79/187/114 111/188/115 133/189/116
f 133/189/116 111/190/115 114/191/100 82/192/99
f 90/174/103 110/193/101 107/194/117 132/195/118
f 132/195/118 107/196/117 87/197/119
f 89/180/108 109/198/106 106/199/120 131/200/121
f 131/200/121 106/201/120 86/202/122
f 88/186/113 108/203/111 105/204/123 130/205/124
f 130/205/124 105/206/123 85/207/125
f 87/197/119 107/208/117 104/209/126 129/210/127
f 129/210/127 104/211/126 84/212/128
f 86/202/122 106/213/120 103/214/129 128/215/130
f 128/215/130 103/216/129 83/217/131
f 85/207/125 105/218/123 127/219/132
f 127/219/132 105/220/123 113/176/105 81/175/104
f 84/212/128 104/221/126 126/222/133
f 126/222/133 104/223/126 112/182/110 80/181/109
f 83/217/131 103/224/129 125/225/134
f 125/225/134 103/226/129 111/227/115 79/187/114
f 94/228/135 13/229/136 120/230/137
f 116/231/138 15/232/139 101/233/140
f 92/234/141 17/235/142 119/236/143
f 115/237/144 13/238/136 94/239/135
f 120/240/137 18/241/145 99/242/146
f 101/233/140 15/232/139 118/243/147
f 119/244/143 16/245/148 97/246/149
f 99/242/146 18/241/145 117/247/150
f 118/248/147 14/249/151 95/250/152
f 97/246/149 16/245/148 116/251/138
f 117/252/150 17/235/142 92/234/141
f 95/250/152 14/249/151 115/253/144
f 71/254/153 83/255/154 79/256/155 67/257/155
f 72/258/156 84/259/157 80/260/158 68/261/159
f 73/262/160 85/263/161 81/264/162 69/265/163
f 74/266/164 86/267/165 83/268/154 71/269/153
f 75/270/166 87/271/167 84/272/157 72/273/156
f 76/274/168 88/275/169 85/276/161 73/277/160
f 77/278/170 89/279/171 86/280/165 74/281/164
f 78/282/172 90/283/172 87/284/167 75/285/166
f 67/286/155 79/287/155 82/288/173 70/289/174
f 68/290/159 80/291/158 88/275/169 76/274/168
f 69/292/163 81/293/162 89/279/171 77/278/170
f 70/294/174 82/295/173 90/283/172 78/282/172
f 47/296/175 59/297/176 55/298/177 43/299/177
f 48/300/178 60/301/179 56/302/180 44/303/181
f 49/304/182 61/305/183 57/306/184 45/307/185
f 50/308/186 62/309/165 59/310/176 47/311/175
f 51/312/187 63/313/188 60/314/179 48/315/178
f 52/316/189 64/317/190 61/318/183 49/319/182
f 53/320/191 65/321/192 62/322/165 50/323/186
f 54/324/193 66/325/193 63/326/188 51/327/187
f 43/328/177 55/329/177 58/330/194 46/331/195
f 44/332/181 56/333/180 64/317/190 52/316/189
f 45/334/185 57/335/184 65/321/192 53/320/191
f 46/336/195 58/337/194 66/325/193 54/324/193
f 20/338/196 35/339/197 31/340/198 19/341/199
f 22/342/200 36/343/201 32/344/202 21/345/202
f 24/346/203 37/347/204 33/348/205 23/349/205
f 25/350/206 38/351/207 35/352/197 20/353/196
f 26/354/208 39/355/209 36/356/201 22/357/200
f 27/358/210 40/359/210 37/360/204 24/361/203
f 28/362/211 41/363/211 38/364/207 25/365/206
f 29/366/212 42/367/213 39/368/209 26/369/208
f 19/370/199 31/371/198 34/372/214 30/373/215
f 21/374/202 32/375/202 40/359/210 27/358/210
f 23/376/205 33/377/205 41/363/211 28/362/211
f 30/378/215 34/379/214 29/380/212
f 29/381/212 34/382/214 42/367/213
f 95/383/152 115/384/144 91/385/216
f 96/386/217 117/387/150 92/388/141
f 97/389/149 116/390/138 93/391/218
f 98/392/219 118/393/147 95/394/152
f 99/395/146 117/396/150 96/397/217
f 100/398/220 119/399/143 97/400/149
f 101/401/140 118/402/147 98/403/219
f 102/404/221 120/405/137 99/406/146
f 91/407/216 115/408/144 94/409/135
f 92/410/141 119/411/143 100/398/220
f 93/412/218 116/413/138 101/401/140
f 94/414/135 120/415/137 102/404/221
f 83/416/131 125/225/134 79/417/114
f 84/418/128 126/222/133 80/419/109
f 85/420/125 127/219/132 81/421/104
f 86/422/122 128/215/130 83/423/131
f 87/424/119 129/210/127 84/425/128
f 88/426/113 130/205/124 85/427/125
f 89/428/108 131/200/121 86/429/122
f 90/430/103 132/195/118 87/431/119
f 79/432/114 133/189/116 82/433/99
f 80/434/109 134/184/112 88/426/113
f 81/435/104 135/178/107 89/428/108
f 82/436/99 136/172/102 90/430/103
f 58/437/95 137/167/98 66/438/91
f 57/439/82 138/163/97 65/440/89
f 56/441/78 139/160/96 64/442/87
f 55/443/74 140/155/93 58/444/95
f 66/438/91 141/152/92 63/445/85
f 65/440/89 142/147/90 62/446/83
f 64/442/87 143/142/88 61/447/79
f 63/448/85 144/137/86 60/449/75
f 62/450/83 145/132/84 59/451/71
f 61/452/79 146/126/81 57/453/82
f 60/454/75 147/120/77 56/455/78
f 59/456/71 148/114/73 55/457/74
f 34/458/67 149/109/70 42/459/62
f 33/460/49 150/105/69 41/461/59
f 32/462/44 151/102/68 40/463/56
f 31/464/39 152/97/65 34/465/67
f 42/459/62 153/94/64 39/466/53
f 41/461/59 154/89/61 38/467/50
f 40/463/56 155/84/58 37/468/45
f 39/469/53 156/79/55 36/470/40
f 38/471/50 157/74/52 35/472/35
f 37/473/45 158/68/48 33/474/49
f 36/475/40 159/62/43 32/476/44
f 35/477/35 160/56/38 31/478/39
f 1/479/222 30/480/31 161/481/34
f 161/481/34 29/482/28 12/483/223
f 1/484/222 161/485/34 12/486/223
f 6/487/224 162/488/33 5/489/225
f 6/490/224 23/491/18 162/492/33
f 162/492/33 28/493/26 5/494/225
f 9/495/226 163/496/32 8/497/227
f 9/498/226 21/499/15 163/500/32
f 163/500/32 27/501/24 8/502/227
f 2/503/228 164/504/30 1/505/222
f 2/506/228 19/507/12 164/508/30
f 164/508/30 30/509/31 1/510/222
f 12/486/223 165/511/29 11/512/229
f 12/483/223 29/482/28 165/513/29
f 165/513/29 26/514/22 11/515/229
f 5/516/225 166/517/27 4/518/230
f 5/494/225 28/493/26 166/519/27
f 166/519/27 25/520/20 4/521/230
f 8/522/227 167/523/25 7/524/231
f 8/502/227 27/501/24 167/525/25
f 167/525/25 24/526/17 7/527/231
f 11/528/229 168/529/23 10/530/232
f 11/515/229 26/514/22 168/531/23
f 168/531/23 22/532/14 10/533/232
f 4/534/230 169/535/21 3/536/233
f 4/521/230 25/520/20 169/537/21
f 169/537/21 20/538/11 3/539/233
f 7/540/231 170/541/19 6/542/224
f 7/527/231 24/526/17 170/543/19
f 170/543/19 23/491/18 6/490/224
f 10/544/232 171/545/16 9/546/226
f 10/533/232 22/532/14 171/547/16
f 171/547/16 21/499/15 9/498/226
f 3/548/233 172/549/13 2/550/228
f 3/539/233 20/538/11 172/551/13
f 172/551/13 19/507/12 2/506/228
f 114/552/234 94/553/235 110/554/236
f 110/555/236 94/556/235 102/557/237
f 113/558/238 93/559/239 109/560/240
f 109/561/240 93/562/239 101/563/241
f 112/564/242 92/565/243 108/566/244
f 108/567/244 92/568/243 100/569/245
f 111/570/246 91/571/247 94/572/235 114/573/234
f 110/574/236 102/557/237 99/575/248 107/576/249
f 109/577/240 101/563/241 98/578/250 106/579/251
f 108/580/244 100/569/245 97/581/252 105/582/253
f 107/583/249 99/584/248 96/585/254 104/586/255
f 106/587/251 98/588/250 95/589/256 103/590/257
f 105/591/253 97/592/252 93/593/239
f 105/594/253 93/595/239 113/558/238
f 104/596/255 96/597/254 92/598/243
f 104/599/255 92/600/243 112/564/242
f 103/601/257 95/602/256 91/603/247
f 103/604/257 91/605/247 111/606/246
f 1/607/258 12/608/259 121/609/260
f 1/610/258 121/611/260 2/612/261
f 12/608/259 11/613/262 121/614/260
f 11/615/263 10/616/263 173/617/263 121/618/263
f 10/619/264 9/620/264 173/617/264
f 173/617/265 9/621/266 122/622/267
f 121/623/268 173/617/268 122/622/268
f 2/624/261 121/625/260 3/626/269
f 122/627/267 9/628/266 8/629/270
f 3/630/271 121/631/271 174/632/271
f 121/633/272 122/634/272 174/632/272
f 174/632/273 122/634/267 5/635/274 4/636/273
f 3/637/275 174/632/275 4/638/275
f 122/639/267 6/640/276 5/641/274
f 122/642/267 8/643/270 7/644/277
f 122/645/267 7/646/277 6/647/276
f 123/648/278 18/649/278 13/650/278
f 123/651/279 124/652/280 175/653/281
f 124/652/280 17/654/282 175/653/281
f 175/653/283 17/655/9 18/656/8
f 123/657/279 175/653/281 18/658/284
f 14/659/285 123/660/285 13/661/285
f 124/662/286 16/663/286 17/664/286
f 14/665/2 15/666/1 176/667/287
f 15/668/288 124/669/280 176/667/289
f 176/667/289 124/669/280 123/670/279
f 14/671/290 176/667/289 123/672/279
f 15/673/291 16/674/291 124/675/291
f 209/676/292 196/677/293 183/678/294 190/679/295
f 193/680/296 208/681/297 184/682/298
f 208/683/299 209/676/292 190/684/295
f 208/685/299 190/686/295 184/682/300
f 197/687/301 204/688/301 196/689/301
f 188/690/302 199/691/303 178/692/304
f 201/693/305 178/694/304 199/695/303
f 206/696/306 181/697/306 268/698/306
f 213/699/307 200/700/308 198/701/309
f 210/702/310 207/703/310 193/704/310 187/705/310
f 201/706/305 179/707/311 178/708/304
f 188/709/302 183/710/294 196/711/293
f 269/712/312 272/713/313 180/714/314
f 180/715/314 272/713/313 194/716/315
f 270/717/316 195/718/317 194/719/315
f 197/720/318 204/721/319 208/722/299
f 208/723/299 204/724/319 209/725/292
f 197/726/318 207/727/320 200/728/308
f 207/729/320 197/730/318 208/731/299
f 204/724/319 196/732/293 209/725/292
f 188/733/302 196/734/293 199/735/303
f 202/736/321 205/737/322 206/738/322 195/739/323
f 198/740/324 200/741/324 207/742/324 210/743/324
f 272/744/313 270/745/316 194/746/315
f 206/747/325 195/748/325 181/749/325
f 186/750/326 192/751/327 212/752/328
f 214/753/329 199/754/303 196/755/293
f 214/756/329 189/757/330 199/758/303
f 182/759/311 189/760/330 214/753/329
f 212/761/328 213/699/307 198/762/309
f 212/763/328 192/764/327 213/765/307
f 191/766/331 204/767/332 215/768/333
f 185/769/334 191/770/335 215/771/336
f 215/772/336 204/773/337 197/774/318
f 192/775/327 185/769/334 215/776/336 213/777/307
f 215/776/336 197/778/318 200/779/308 213/777/307
f 191/780/331 182/781/338 214/782/338 204/767/332
f 214/783/329 196/755/293 204/784/339
f 177/785/340 281/786/341 189/787/330
f 177/788/342 199/789/343 281/786/344
f 177/790/342 201/693/345 199/791/343
f 281/786/341 199/792/303 189/757/330
f 179/793/311 201/794/305 177/795/311
f 217/796/346 216/797/346 219/798/346
f 253/799/347 224/800/348 236/801/349
f 243/802/350 194/803/350 242/804/350
f 250/805/351 233/806/351 257/807/351
f 253/808/347 236/809/349 195/810/317
f 245/811/352 232/812/352 233/813/352
f 255/814/353 237/815/354 238/816/355
f 230/817/356 239/818/357 234/819/358
f 217/820/359 219/821/360 233/822/361
f 244/823/362 255/824/363 221/825/364
f 260/826/365 230/827/365 222/828/365
f 234/829/366 230/830/366 222/831/366
f 234/832/367 231/833/367 254/834/367
f 223/835/368 234/832/368 254/834/368
f 249/836/369 221/837/370 247/838/371
f 226/839/372 221/840/370 222/841/373
f 226/842/372 222/843/373 227/844/374
f 248/845/375 250/846/376 249/847/369
f 245/848/377 252/849/378 256/850/379
f 251/851/380 245/852/377 256/850/379
f 221/853/364 230/854/381 260/855/382
f 231/856/383 241/857/384 235/858/385
f 228/859/386 224/860/348 229/861/387
f 235/862/385 242/863/388 277/864/389
f 282/865/390 242/866/391 236/867/392
f 235/868/393 282/865/394 236/869/395
f 236/870/392 243/871/396 194/872/397
f 235/873/393 277/874/398 282/865/394
f 277/874/399 242/875/399 282/865/399
f 236/876/392 242/877/391 243/878/396
f 224/879/348 253/880/347 229/881/387
f 241/882/384 242/883/388 235/884/385
f 235/885/400 224/886/348 223/887/401
f 223/888/401 224/889/348 228/890/386
f 222/891/402 234/892/402 254/893/402 223/894/402
f 223/895/401 228/896/386 227/897/374
f 246/898/403 227/899/374 228/900/386
f 222/901/373 223/902/401 227/903/374
f 240/904/404 231/905/405 275/906/406
f 275/906/407 231/907/407 234/908/407
f 239/909/357 240/910/408 234/911/358
f 221/912/370 226/913/372 247/914/371
f 238/915/355 230/916/409 255/917/353
f 244/918/410 256/919/379 255/920/353
f 237/921/354 255/922/353 256/923/379
f 250/924/376 244/925/410 249/926/369
f 252/849/378 237/927/354 256/928/379
f 233/929/411 251/930/380 250/931/376
f 251/932/380 233/933/411 245/934/377
f 217/935/359 233/936/361 257/937/412
f 250/938/376 248/939/375 225/940/413
f 220/941/414 211/942/415 232/943/416
f 230/944/409 238/945/355 239/946/417
f 217/947/418 225/948/413 218/949/419
f 217/950/418 257/951/420 225/952/413
f 233/953/421 219/954/422 220/955/423
f 211/956/415 220/957/414 216/958/424
f 195/959/317 206/960/425 253/961/347
f 253/962/347 206/963/425 181/964/426 229/965/387
f 265/966/427 216/967/428 259/968/429
f 217/969/418 259/970/430 219/971/431
f 225/972/413 257/973/420 250/974/376
f 250/931/376 251/975/380 244/976/410
f 245/977/432 237/978/432 252/849/432
f 233/979/421 220/980/423 245/811/433
f 220/981/423 232/982/434 245/811/433
f 244/983/410 251/984/380 256/919/379
f 249/985/369 244/986/410 221/987/370
f 221/988/364 255/989/363 230/990/381
f 222/991/373 221/992/370 260/826/435
f 194/993/315 243/994/436 180/995/314
f 234/996/358 240/997/408 275/998/437
f 254/999/438 231/1000/439 223/1001/440
f 223/1002/440 231/1003/439 235/1004/441
f 261/1005/442 228/1006/386 229/1007/387
f 236/1008/349 224/1009/348 235/1010/400
f 231/1011/405 240/1012/404 241/1013/443
f 236/1014/349 194/1015/315 195/1016/317
f 259/1017/430 217/1018/418 218/1019/419 258/1020/444
f 216/1021/428 219/971/445 259/1022/429
f 184/1023/446 208/1024/446 207/1025/446 193/1026/446
f 208/1027/297 193/1028/296 207/1029/447
f 186/1030/326 212/1031/328 284/1032/448
f 284/1032/448 212/1031/328 263/1033/449 262/1034/450
f 262/1035/450 263/1036/449 283/1037/451
f 262/1038/450 283/1037/451 259/1039/430 258/1040/444
f 198/1041/452 264/1042/453 263/1043/454
f 263/1044/454 264/1045/453 265/1046/455
f 263/1047/456 265/1048/457 259/1049/458
f 212/1050/328 198/1051/309 263/1052/449
f 263/1053/456 259/1054/458 283/1037/459
f 264/1055/460 267/1056/461 265/1057/462
f 265/1057/462 267/1058/461 216/1059/463
f 264/1060/464 265/1057/464 216/1061/464
f 264/1062/465 198/1063/465 210/1064/465
f 216/1065/424 267/1066/466 211/1067/415
f 267/1068/461 264/1069/460 266/1070/467
f 264/1071/468 210/1072/468 187/1073/468 266/1074/468
f 203/1075/469 270/745/316 272/744/313
f 203/1076/469 272/744/313 269/1077/312
f 205/1078/470 268/1079/470 206/1080/470
f 203/1081/471 202/1082/471 270/1083/471
f 270/1084/472 202/736/321 195/1085/323
f 262/1086/450 186/1087/326 284/1032/448
f 210/1088/473 187/1089/474 288/1090/475
f 278/1091/476 187/1092/477 210/1093/478
f 288/1090/475 187/1094/474 193/1095/479 207/1096/480
f 210/1097/473 288/1090/475 207/1098/480
f 270/1099/481 195/1100/482 280/1101/483
f 198/1102/484 271/1103/485 200/1104/486
f 195/1105/482 206/1106/487 280/1101/483
f 271/1107/485 207/1108/488 200/1109/486
f 210/1110/489 207/1111/488 271/1112/485
f 198/1113/484 210/1114/489 271/1107/485
f 191/1115/490 215/1116/491 273/1117/492
f 215/1118/491 204/1119/493 273/1117/492
f 191/1120/490 273/1117/492 214/1121/494 182/1122/495
f 273/1117/492 204/1123/493 214/1121/494
f 177/1124/496 281/1125/496 199/1126/496 201/1127/496
f 240/1128/497 239/1129/498 275/1130/499
f 219/1131/500 257/1132/501 233/1133/502
f 221/1134/503 286/1135/504 244/1136/505
f 244/1136/505 286/1135/504 255/1137/506
f 223/1138/507 285/1139/508 254/1140/509
f 254/1140/509 285/1139/508 231/1141/510
f 223/1142/507 235/1143/511 285/1144/508
f 285/1144/508 235/1143/511 231/1145/510
f 260/1146/512 230/1147/513 255/1148/506
f 231/1149/514 276/1150/515 234/1151/516
f 236/1152/517 282/1153/518 277/1154/519
f 235/1155/520 236/1156/517 277/1157/519
f 282/1158/521 243/1159/522 242/1160/523
f 236/1161/524 194/1162/525 282/1163/521
f 282/1163/521 194/1164/525 243/1165/522
f 242/1166/526 241/1167/527 277/1168/528
f 234/1169/516 276/1150/515 275/1170/529
f 222/1171/530 223/1172/531 254/1173/532
f 221/1174/503 260/1175/512 286/1135/504
f 286/1135/504 260/1175/512 255/1176/506
f 220/1177/533 274/1178/534 232/1179/535
f 216/1180/536 219/1181/536 220/1182/536
f 279/1183/537 216/1184/538 267/1185/539
f 257/1186/501 219/1187/500 217/1188/540
f 233/1189/541 274/1190/534 220/1191/533 219/1192/542
f 233/1193/541 245/1194/543 274/1178/534
f 274/1178/534 245/1194/543 232/1195/535
f 222/1196/544 234/1197/545 260/1198/546
f 260/1198/546 234/1197/545 230/1199/547
f 230/1200/548 234/1201/549 275/1202/499
f 230/1203/548 275/1202/499 239/1204/498
f 254/1205/532 234/1206/550 222/1207/530
f 276/1150/515 231/1208/514 275/1209/529
f 231/1210/551 235/1211/552 277/1212/528
f 231/1213/551 277/1212/528 241/1214/527
f 259/1215/553 219/1216/554 265/1217/555
f 265/1217/555 219/1216/554 216/1218/556
f 198/1219/557 263/1220/558 287/1221/559
f 198/1222/557 287/1221/559 264/1223/560
f 263/1224/558 265/1225/561 287/1226/559
f 287/1226/559 265/1227/561 264/1228/560
f 283/1229/562 265/1230/563 263/1231/564
f 259/1232/565 265/1230/563 283/1229/562
f 210/1233/478 264/1234/566 278/1091/476
f 264/1235/567 265/1236/568 279/1237/537
f 265/1236/568 216/1238/538 279/1239/537
f 267/1240/539 266/1241/569 279/1242/537
f 279/1242/537 266/1243/569 264/1244/567
f 264/1245/566 266/1246/570 187/1247/477 278/1091/476
f 280/1248/483 206/1249/487 205/1250/571 202/1251/572
f 202/1252/572 270/1253/481 280/1248/483
f 294/1254/573 293/1255/574 292/1256/575
f 294/1257/573 291/1258/576 293/1259/574
f 291/1258/576 289/1260/577 293/1261/574
f 290/1262/578 291/1258/576 294/1257/573
f 2/1263/579 291/1264/580 3/1265/581
f 4/1266/582 3/1267/582 290/1268/582
f 2/1269/583 289/1270/584 291/1271/585
f 1/1272/586 289/1273/584 2/1274/583
f 290/1275/587 292/1276/587 294/1277/587
f 291/1278/580 290/1279/588 3/1280/581
f 292/1281/589 121/1282/589 174/1283/589
f 294/1284/590 292/1285/591 174/1286/592
f 290/1287/593 294/1284/590 3/1288/594
f 3/1289/594 294/1290/590 174/1291/592
f 10/1292/595 11/1293/595 173/1294/595
f 299/1295/596 298/1296/597 293/1297/574
f 299/1298/596 293/1299/574 297/1300/598
f 297/1300/598 293/1301/574 295/1302/599
f 296/1303/600 299/1298/596 297/1300/598
f 296/1304/600 298/1305/601 299/1306/596
f 289/1307/577 295/1308/599 293/1309/574
f 11/1310/602 297/1311/603 12/1312/604
f 10/1313/605 296/1314/606 11/1315/607
f 12/1316/604 297/1317/603 295/1318/608
f 1/1319/586 12/1320/604 295/1321/608
f 1/1322/586 295/1323/608 289/1324/584
f 297/1325/609 11/1326/607 296/1327/606
f 292/1328/575 293/1329/574 298/1330/610
f 298/1331/611 121/1332/612 292/1333/613
f 298/1334/611 173/1335/614 121/1336/612
f 173/1337/615 292/1338/616 121/1339/617
f 298/1340/618 299/1341/619 173/1342/620
f 10/1343/621 173/1294/620 299/1341/619
f 296/1344/622 10/1345/621 299/1341/619 298/1346/622
f 4/1347/623 5/1348/623 174/1349/623
f 304/1350/624 292/1351/625 303/1352/626
f 304/1353/624 303/1354/626 302/1355/627
f 302/1355/627 303/1356/626 300/1357/628
f 301/1358/629 304/1353/624 302/1355/627
f 5/1359/630 302/1360/631 6/1361/632
f 4/1362/633 301/1363/634 5/1364/635
f 6/1365/632 302/1366/631 300/1367/636
f 7/1368/637 6/1369/632 300/1370/636
f 301/1371/638 304/1372/638 292/1373/638
f 302/1374/639 5/1375/635 301/1376/634
f 292/1377/640 174/1378/640 122/1379/640
f 122/1380/641 292/1381/641 121/1382/641
f 304/1383/642 174/1384/643 292/1385/644
f 4/1386/645 174/1349/643 304/1387/642
f 301/1388/646 4/1389/645 304/1383/642
f 303/1390/626 292/1391/625 298/1392/647
f 308/1393/648 307/1394/649 303/1395/626 298/1396/647
f 307/1394/649 305/1397/650 303/1395/626
f 306/1398/651 307/1394/649 308/1393/648
f 306/1399/651 308/1400/648 298/1401/652
f 300/1402/628 303/1403/626 305/1404/650
f 8/1405/653 307/1406/654 9/1407/655
f 10/1408/656 9/1409/656 306/1410/656
f 8/1411/657 305/1412/658 307/1413/659
f 7/1414/637 305/1415/658 8/1416/657
f 7/1417/637 300/1418/636 305/1419/658
f 307/1420/654 306/1421/660 9/1422/655
f 298/1423/661 292/1424/662 122/1425/663
f 298/1426/661 122/1427/663 173/1428/664
f 173/1429/615 122/1430/665 292/1338/616
f 298/1431/666 173/1432/667 308/1433/668
f 306/1434/669 298/1435/669 308/1433/668 9/1436/670
f 9/1437/670 308/1433/668 173/1438/667
f 10/1439/671 11/1440/672 121/1441/673
f 6/1442/674 7/1443/675 121/1441/673
f 5/1444/676 6/1445/674 121/1441/673
f 7/1446/675 8/1447/677 121/1441/673
f 3/1448/678 4/1449/679 121/1441/673
f 4/1450/679 5/1451/676 121/1441/673
f 9/1452/680 10/1453/671 121/1441/673
f 8/1454/677 9/1455/680 121/1441/673
f 309/1456/681 379/1457/682 314/1458/683
f 379/1457/682 15/1459/684 314/1460/683
f 309/1461/681 314/1462/683 320/1463/685
f 320/1463/685 314/1462/683 311/1464/686
f 310/1465/687 313/1466/688 15/1467/684
f 15/1468/684 313/1469/688 176/1470/689
f 311/1471/686 314/1472/683 16/1473/690
f 319/1474/691 316/1475/691 328/1476/691
f 314/1472/683 15/1477/684 16/1478/690
f 118/1479/692 176/1480/693 15/1481/694
f 16/1482/695 116/1483/696 124/1484/697
f 15/1485/698 124/1486/697 116/1483/696
f 309/1487/681 310/1488/687 15/1489/684 379/1457/682
f 325/1490/699 317/1491/700 318/1492/701
f 321/1493/702 270/1494/703 202/1495/704
f 321/1496/702 203/1497/705 270/1498/703
f 315/1499/706 324/1500/707 323/1501/708
f 381/1502/709 322/1503/710 269/1504/711
f 203/1505/712 381/1502/709 269/1506/711
f 312/1507/713 315/1508/706 321/1509/714
f 326/1510/715 380/1511/716 315/1512/706
f 326/1513/715 316/1514/717 324/1515/707
f 323/1516/718 322/1517/718 381/1518/718 329/1519/718
f 321/1520/714 315/1521/706 323/1522/708
f 319/1523/719 318/1524/719 317/1525/719
f 312/1526/720 310/1527/687 315/1528/721
f 315/1528/721 310/1529/687 309/1530/681
f 313/1531/722 310/1532/722 312/1533/722
f 322/1534/723 311/1535/724 363/1536/725
f 360/1537/726 322/1538/723 363/1536/725
f 327/1539/727 320/1540/727 318/1541/727
f 380/1542/716 326/1513/715 324/1543/707 315/1499/706
f 316/1544/728 320/1545/685 328/1546/729
f 328/1546/729 320/1547/685 327/1539/730
f 319/1548/731 328/1546/729 327/1539/730 318/1549/731
f 321/1550/732 323/1551/733 203/1552/734
f 323/1553/733 329/1519/735 203/1552/734
f 326/1554/736 315/1555/736 309/1556/736
f 311/1557/686 327/1558/737 320/1559/685
f 319/1560/738 317/1561/739 325/1562/740
f 322/1563/723 324/1564/741 327/1565/742
f 325/1566/699 318/1567/701 327/1568/742
f 327/1569/742 324/1570/741 325/1571/699
f 316/1572/728 326/1573/743 320/1574/685
f 316/1575/717 319/1576/738 324/1577/707
f 319/1576/738 325/1578/740 324/1579/707
f 326/1573/743 309/1580/681 320/1581/685
f 323/1582/708 324/1583/707 322/1584/744
f 203/1585/745 321/1586/745 329/1587/745
f 329/1588/746 321/1589/746 323/1590/746
f 381/1591/709 203/1592/712 329/1593/747
f 330/1594/748 313/1595/748 331/1596/748
f 330/1597/749 333/1598/750 382/1599/751
f 382/1599/751 333/1600/750 14/1601/752
f 330/1602/749 339/1603/753 333/1604/750
f 339/1603/753 332/1605/754 333/1604/750
f 14/1606/752 176/1470/689 313/1469/688
f 332/1607/754 13/1608/755 333/1609/750
f 338/1610/756 347/1611/756 335/1612/756
f 333/1609/750 13/1613/755 14/1614/752
f 118/1479/692 14/1615/757 176/1616/693
f 13/1617/758 123/1618/759 115/1619/760
f 14/1620/761 115/1619/760 123/1621/759
f 331/1622/762 14/1623/752 313/1624/688
f 330/1625/749 382/1599/751 14/1626/752 331/1627/762
f 202/1628/763 205/1629/763 340/1630/763
f 330/1631/764 334/1632/764 344/1633/764
f 334/1634/765 340/1635/766 345/1636/767
f 345/1636/768 340/1637/768 342/1638/768
f 334/1639/765 345/1636/767 342/1640/769
f 205/1641/770 268/1642/771 345/1643/772
f 345/1643/772 268/1642/771 341/1644/773
f 312/1645/713 321/1646/714 340/1647/766
f 321/1648/774 202/1649/774 340/1650/774
f 312/1651/713 340/1652/766 334/1653/765
f 344/1654/775 334/1655/765 383/1656/776
f 344/1657/775 342/1658/769 335/1659/777
f 338/1660/778 336/1661/778 337/1662/778
f 334/1663/779 330/1664/780 331/1665/781
f 312/1666/782 334/1663/779 331/1665/781
f 312/1667/783 331/1665/783 330/1668/783
f 312/1669/784 331/1670/784 313/1671/784
f 337/1672/785 346/1673/785 339/1674/785
f 340/1675/786 205/1676/786 345/1677/786
f 383/1678/776 334/1639/765 342/1679/769 344/1657/775
f 338/1680/787 337/1681/787 346/1682/788 347/1683/789
f 347/1683/789 346/1682/788 339/1684/753
f 335/1685/790 347/1683/789 339/1686/753
f 336/1687/791 343/1688/792 337/1689/793
f 337/1690/793 343/1691/792 346/1692/794
f 332/1693/754 339/1694/753 346/1695/795
f 338/1696/796 343/1697/797 336/1698/798
f 346/1699/794 343/1700/792 342/1701/799
f 335/1702/790 339/1703/753 344/1704/800
f 335/1705/777 342/1706/769 338/1707/796
f 338/1707/796 342/1708/769 343/1709/797
f 344/1704/800 339/1710/753 330/1711/749
f 341/1712/801 342/1713/801 345/1714/801
f 348/1715/802 352/1716/803 384/1717/804
f 384/1717/804 352/1718/803 17/1719/805
f 348/1720/802 357/1721/806 352/1722/803
f 357/1721/806 311/1723/686 352/1722/803
f 17/1724/805 175/1725/807 351/1726/808
f 349/1727/809 17/1728/805 351/1729/808
f 311/1730/686 16/1731/690 352/1732/803
f 356/1733/810 364/1734/810 354/1735/810
f 317/1736/811 318/1737/811 355/1738/811
f 352/1732/803 16/1739/690 17/1740/805
f 117/1741/812 17/1742/813 175/1743/814
f 16/1744/815 124/1745/816 119/1746/817
f 17/1747/818 119/1746/817 124/1748/816
f 348/1749/802 384/1717/804 17/1750/805 349/1751/809
f 348/1752/819 353/1753/819 362/1754/819
f 353/1755/820 359/1756/821 360/1757/822
f 358/1758/823 203/1759/824 359/1760/821
f 350/1761/825 358/1762/823 353/1763/820
f 362/1764/826 353/1765/820 385/1766/827
f 362/1767/826 360/1768/822 354/1769/828
f 322/1770/829 203/1771/830 269/1772/831
f 358/1773/823 359/1774/821 353/1775/820
f 358/1776/832 202/1777/833 270/1778/834
f 358/1779/832 270/1778/834 203/1780/835
f 356/1781/836 317/1782/836 355/1783/836
f 353/1784/837 348/1785/802 349/1786/809
f 350/1787/838 353/1784/837 349/1788/809
f 351/1789/839 350/1790/839 349/1791/839
f 355/1792/840 363/1793/840 357/1794/840
f 385/1795/827 353/1755/820 360/1796/822 362/1767/826
f 356/1797/841 355/1798/841 363/1799/842 364/1800/843
f 364/1800/843 363/1799/842 357/1801/806
f 354/1802/844 364/1800/843 357/1803/806
f 317/1804/845 361/1805/846 355/1806/847
f 311/1807/686 357/1808/806 363/1809/848
f 355/1810/847 361/1811/846 363/1812/725
f 356/1813/849 361/1814/850 317/1815/851
f 311/1816/724 322/1817/723 327/1565/742
f 363/1818/725 361/1819/846 360/1820/726
f 354/1821/844 357/1822/806 362/1823/852
f 354/1824/828 360/1825/822 356/1826/849
f 356/1826/849 360/1827/822 361/1828/850
f 362/1823/852 357/1829/806 348/1830/802
f 322/1831/829 359/1832/853 203/1833/830
f 322/1834/854 360/1835/822 359/1836/821
f 365/1837/855 366/1838/855 351/1839/855
f 365/1840/856 386/1841/857 367/1842/858
f 386/1841/857 18/1843/859 367/1844/858
f 365/1845/856 367/1846/858 372/1847/860
f 372/1847/860 367/1846/858 332/1848/754
f 18/1849/859 351/1726/808 175/1725/807
f 332/1850/754 367/1851/858 13/1852/755
f 371/1853/861 369/1854/861 378/1855/861
f 336/1856/862 370/1857/862 337/1858/862
f 367/1851/858 18/1859/859 13/1860/755
f 117/1741/812 175/1861/814 18/1862/863
f 13/1863/864 120/1864/865 123/1865/866
f 18/1866/867 123/1867/866 120/1864/865
f 366/1868/868 351/1869/808 18/1870/859
f 365/1871/856 366/1872/868 18/1873/859 386/1841/857
f 368/1874/869 374/1875/870 388/1876/871
f 388/1876/871 374/1877/870 373/1878/872
f 368/1879/869 388/1876/871 373/1880/873
f 358/1881/823 373/1882/873 202/1883/874
f 388/1884/875 205/1885/876 373/1886/877
f 350/1887/825 373/1888/873 358/1889/823
f 341/1890/878 205/1891/876 388/1884/875
f 341/1892/878 388/1884/875 373/1886/879
f 350/1893/825 368/1894/869 373/1895/873
f 376/1896/880 387/1897/881 368/1898/869
f 376/1899/880 369/1900/882 374/1901/870
f 205/1902/876 341/1903/878 268/1904/883
f 371/1905/884 370/1906/884 336/1907/884
f 350/1908/885 366/1909/886 368/1910/887
f 368/1910/887 366/1909/886 365/1911/888
f 350/1912/889 365/1913/889 366/1909/889
f 350/1914/890 351/1915/890 366/1916/890
f 342/1917/799 341/1918/891 346/1919/794
f 377/1920/892 372/1921/892 370/1922/892
f 375/1923/893 336/1924/894 370/1925/895
f 387/1926/881 376/1899/880 374/1927/870 368/1874/869
f 369/1928/896 372/1929/860 378/1930/897
f 378/1930/897 372/1931/860 377/1920/898
f 371/1932/899 378/1930/897 377/1920/898 370/1933/899
f 376/1934/900 368/1935/900 365/1936/900
f 377/1937/901 374/1938/902 375/1939/893
f 332/1940/903 341/1941/891 377/1942/901
f 332/1943/754 377/1944/904 372/1945/860
f 371/1946/905 336/1947/906 375/1948/907
f 341/1949/891 374/1950/902 377/1942/901
f 341/1951/891 332/1952/903 346/1919/794
f 375/1953/893 370/1954/895 377/1955/901
f 369/1956/896 376/1957/908 372/1958/860
f 369/1959/882 371/1960/905 374/1961/870
f 371/1960/905 375/1962/907 374/1963/870
f 376/1957/908 365/1964/856 372/1965/860
f 373/1966/872 374/1967/870 341/1968/909
f 202/1969/910 373/1970/910 205/1971/910
l 324 320
l 342 339
l 360 357
l 374 372
