# Blender 4.4.3
# www.blender.org
mtllib 2.mtl
o texturedMesh
v 0.095997 0.221132 -0.083485
v -0.077848 -0.130189 0.149312
v 0.166979 -0.066251 0.093349
v -0.103288 0.147818 0.151012
v 0.122749 0.135270 -0.123613
v 0.006140 0.305795 -0.060551
v -0.054670 0.280809 -0.075735
v -0.022993 0.189453 0.021678
v 0.166062 0.103940 0.051213
v 0.062547 0.233395 -0.101924
v 0.050415 -0.295185 -0.007837
v 0.033004 -0.093025 0.224000
v -0.048422 0.185690 -0.203266
v 0.160599 -0.070191 -0.057013
v 0.045431 -0.024698 -0.165895
v 0.176142 -0.092023 -0.027837
v 0.062926 -0.005616 -0.158698
v 0.070668 0.106317 -0.099646
v -0.039806 0.245845 -0.039085
v -0.075849 -0.050104 0.201489
v -0.037755 0.297506 -0.067205
v 0.022631 -0.055706 0.209060
v 0.131174 0.191896 0.039770
v -0.152191 0.085666 0.106245
v 0.014111 -0.282819 0.016854
v 0.083456 -0.305473 0.085407
v -0.030145 -0.027275 -0.164669
v 0.094293 -0.046032 -0.053326
v -0.132222 0.125073 0.114777
v 0.001369 -0.277470 0.128519
v -0.179914 0.130253 -0.116385
v -0.076711 -0.160297 0.154708
v 0.085400 -0.157911 -0.060522
v 0.037505 0.036396 -0.181770
v 0.033050 -0.264338 0.139041
v 0.026216 0.313744 -0.105481
v 0.046146 -0.256204 -0.087470
v 0.027564 -0.301285 -0.012925
v -0.134326 -0.080320 -0.075817
v -0.069584 0.141811 0.160978
v -0.172924 -0.099840 -0.038666
v 0.119747 0.086608 -0.063884
v 0.162991 -0.077364 0.118139
v -0.024153 -0.116066 0.191942
v -0.086215 -0.275365 -0.007663
v 0.108316 0.003647 0.160094
v 0.106153 0.079673 0.017510
v 0.107767 0.054977 -0.013287
v -0.060765 -0.236577 0.147018
v 0.115604 -0.232558 0.148231
v 0.158401 -0.098501 -0.076303
v -0.195790 0.087984 -0.119530
v 0.140269 -0.172110 0.146004
v 0.109429 -0.018471 0.085726
v -0.008888 0.148871 0.176238
v 0.042182 0.023696 0.221960
v 0.093676 -0.281162 0.082246
v 0.085995 -0.240280 0.117577
v 0.129287 -0.152299 0.149479
v 0.102020 -0.125659 -0.089035
v -0.093454 -0.005146 0.103060
v 0.015838 -0.172258 0.180287
v 0.061100 -0.059542 -0.150019
v 0.154119 -0.059957 0.054905
v -0.043880 0.219458 -0.168833
v 0.120106 0.225794 -0.097830
v -0.208235 0.080004 0.030748
v 0.029337 0.060912 0.168440
v 0.141742 0.030653 -0.027776
v 0.128294 0.093223 0.119762
v 0.117374 -0.225371 0.112528
v 0.153461 -0.135066 0.109149
v 0.135275 -0.208462 0.121125
v -0.126490 0.195698 -0.124908
v -0.084928 -0.224022 0.095285
v 0.161687 -0.060153 0.024933
v 0.021329 0.226431 -0.034728
v 0.070821 0.142329 0.027206
v -0.122958 0.113804 0.148989
v 0.149166 -0.230933 0.029699
v -0.157488 0.177227 0.035414
v 0.175990 0.176002 0.061378
v 0.186306 0.018089 0.075164
v 0.026804 -0.028411 0.216509
v 0.049989 0.226454 -0.153723
v -0.117622 0.026438 -0.105962
v 0.208132 -0.000741 0.028907
v -0.036618 0.282116 -0.050687
v 0.100555 0.155765 -0.075538
v -0.183855 -0.019058 0.108617
v 0.058199 0.004438 0.192175
v 0.139085 -0.184322 -0.016213
v 0.047385 0.105410 0.174742
v 0.122865 0.239447 -0.138890
v 0.015328 0.052947 0.219758
v -0.017659 0.301620 0.006072
v 0.127809 0.161600 -0.092274
v 0.140683 0.205684 0.095585
v 0.026729 0.306990 -0.125885
v 0.074313 0.177584 0.110692
v -0.179225 0.070637 0.100922
v 0.190944 -0.039994 0.051563
v -0.185333 -0.103865 0.066085
v 0.130634 -0.000640 0.095424
v 0.058059 0.110650 0.038160
v 0.170787 -0.038076 0.073363
v -0.061200 0.248845 -0.070556
v 0.018626 0.018806 -0.146962
v 0.130766 0.013011 0.145901
v 0.158597 0.118225 0.126861
v 0.040872 0.000744 0.224013
v 0.097635 0.038394 -0.024612
v 0.116153 0.166047 0.023569
v 0.154889 0.046573 -0.014248
v 0.068407 0.166053 0.064775
v -0.142753 0.199619 -0.115676
v -0.030157 0.200286 -0.179433
v 0.130865 0.105338 -0.046713
v 0.079586 0.244842 -0.140485
v 0.118855 -0.036470 -0.030636
v 0.017378 -0.199982 0.188279
v 0.075242 0.047332 -0.131824
v 0.017158 0.128803 0.188689
v 0.110920 0.206621 -0.191051
v -0.068847 0.231355 -0.146809
v 0.080792 0.197745 -0.000159
v -0.083137 0.228105 -0.126652
v -0.073718 0.214428 -0.098276
v 0.046298 0.256166 -0.054630
v 0.106506 0.121238 0.135815
v -0.129777 -0.039307 0.139439
v 0.058768 0.221591 -0.172472
v -0.054470 0.233904 -0.057595
v -0.183817 0.165657 -0.055797
v 0.061386 -0.286475 -0.057766
v -0.078555 0.079117 -0.144419
v 0.005168 0.260831 -0.029530
v -0.004645 0.302113 -0.139436
v 0.098558 0.236506 -0.100067
v -0.129823 0.228123 -0.013950
v 0.126243 -0.141526 -0.079088
v -0.127784 -0.245665 0.023016
v -0.037335 -0.215014 0.193470
v 0.011932 0.140032 -0.026551
v -0.197821 0.090353 -0.057678
v 0.134934 -0.153213 0.072863
v -0.112114 -0.166057 -0.092516
v 0.101571 -0.159582 -0.047792
v 0.150349 0.059281 0.053077
v 0.036749 0.162581 -0.074837
v 0.166267 0.157380 0.034290
v 0.052646 -0.079698 0.217595
v 0.090040 0.087172 0.157053
v -0.113685 0.154227 0.130267
v -0.181679 0.095583 -0.034581
v 0.055073 0.027469 0.198224
v 0.113695 -0.222630 0.169113
v -0.116331 0.197165 -0.005530
v 0.048546 0.185031 0.141765
v -0.134002 -0.020821 0.119340
v -0.051664 -0.149905 0.151638
v 0.071189 0.165970 -0.009776
v 0.098484 -0.134117 0.155227
v -0.192061 0.026609 0.085643
v -0.129326 0.147030 -0.115681
v -0.043166 -0.174299 -0.118226
v 0.059320 -0.141442 -0.161700
v -0.104361 -0.008427 0.169530
v 0.100541 -0.008307 -0.091889
v 0.027719 0.122367 0.018417
v -0.223090 0.110143 -0.013939
v -0.177623 -0.006370 0.082032
v -0.003601 0.012785 0.235525
v -0.082296 0.202937 0.036726
v -0.134365 -0.125428 -0.064113
v 0.070789 -0.007158 0.148942
v -0.107635 0.080178 0.147922
v 0.100171 -0.203765 0.188921
v -0.105826 -0.092555 0.165246
v 0.065942 0.169624 -0.068432
v -0.065290 -0.204681 0.099325
v -0.076966 -0.109444 0.138547
v 0.098200 -0.102775 0.140853
v -0.090276 -0.199395 0.138581
v -0.149661 -0.036947 0.134818
v 0.035599 -0.150555 0.185752
v -0.180989 -0.153773 0.006017
v 0.125163 -0.016934 -0.034323
v -0.054487 -0.227233 -0.110784
v 0.031545 -0.329377 0.071229
v -0.159351 -0.157458 -0.046164
v 0.032165 -0.211499 -0.104009
v 0.101120 -0.026543 -0.119623
v 0.071864 -0.161695 -0.154728
v -0.026487 -0.248428 0.084482
v -0.052560 -0.164360 0.178448
v -0.091689 -0.216729 -0.114271
v 0.093045 -0.163919 -0.129767
v 0.074342 -0.200020 -0.111624
v -0.107146 -0.225713 -0.085722
v 0.036918 -0.286277 0.015418
v -0.150668 -0.184097 -0.004876
v -0.055610 -0.284478 0.000844
v 0.045510 -0.199826 -0.138931
v 0.141729 -0.073500 0.035818
v -0.095554 -0.139279 -0.072214
v -0.162445 0.151379 -0.091295
v -0.063306 -0.150441 -0.111877
v -0.058424 -0.031645 -0.185140
v 0.112416 0.206527 -0.080227
v -0.191087 -0.073235 -0.035403
v 0.029230 -0.300877 0.030928
v 0.021501 0.132582 -0.180705
v -0.151125 -0.177606 -0.029925
v -0.173037 -0.096855 0.041087
v -0.130097 0.140848 -0.135336
v 0.004173 -0.200207 -0.117693
v 0.083440 -0.186360 0.194986
v 0.128581 -0.059299 -0.071542
v 0.095587 -0.129628 -0.115115
v 0.129613 -0.079761 0.024681
v 0.071158 -0.193950 -0.133153
v 0.093959 -0.143103 -0.130601
v 0.091531 -0.179995 -0.116455
v 0.099365 -0.149534 -0.098322
v 0.081159 -0.234831 -0.067422
v 0.067117 0.002270 -0.050036
v 0.031401 0.206006 -0.055341
v 0.173591 -0.113144 -0.052080
v 0.098840 -0.163217 -0.107525
v 0.024867 -0.176830 -0.158084
v 0.091485 -0.068107 -0.087383
v 0.095750 0.239241 -0.166459
v 0.118400 0.128908 0.017039
v -0.125632 -0.159892 -0.055799
v 0.142841 -0.123422 -0.084168
v -0.063311 -0.297887 0.022031
v 0.049200 0.280319 -0.071159
v 0.090863 -0.180636 -0.095596
v 0.072392 0.238536 -0.160404
v -0.154788 -0.083494 -0.045340
v 0.024649 -0.156837 -0.164732
v 0.037920 0.303273 -0.083404
v 0.037875 -0.051514 -0.158968
v 0.086151 -0.111686 -0.118726
v 0.152039 0.008698 -0.034987
v 0.177132 0.109152 0.067878
v 0.104849 0.244995 -0.147224
v -0.052511 -0.101912 -0.157057
v 0.058830 -0.269843 0.022547
v -0.108767 -0.183816 0.048769
v -0.166719 -0.169167 0.015245
v 0.063339 -0.099464 -0.132328
v 0.092356 -0.098783 -0.088901
v 0.100417 -0.053143 -0.070756
v -0.008709 -0.171858 -0.139437
v 0.148532 -0.155068 -0.022696
v -0.026375 -0.004021 -0.196807
v 0.100707 -0.008834 -0.111592
v -0.028009 -0.077301 -0.139294
v 0.076208 -0.127401 -0.148135
v 0.043419 -0.074897 -0.141792
v 0.045708 0.159302 -0.041306
v 0.091490 -0.166956 -0.080380
v 0.087752 -0.006161 -0.063279
v 0.128481 -0.095220 -0.091547
v 0.022166 -0.118410 -0.156475
v 0.055986 0.049391 -0.102616
v 0.070266 -0.154406 -0.045515
v -0.092234 -0.019376 -0.099737
v -0.156830 -0.123452 -0.058372
v -0.112413 -0.018724 -0.161618
v 0.018402 -0.060334 -0.153421
v 0.022552 -0.272299 -0.082999
v 0.157717 -0.134208 -0.067006
v 0.065369 -0.225936 -0.079505
v -0.120773 -0.191427 -0.088747
v 0.087374 -0.281838 0.056225
v -0.016570 -0.286046 0.052619
v 0.069737 -0.206030 -0.063481
v 0.073655 -0.035938 -0.154678
v 0.100264 -0.146908 -0.073671
v 0.060419 -0.295360 -0.036552
v 0.091604 -0.243065 -0.045904
v -0.025787 -0.131308 -0.120000
v -0.122247 -0.185035 -0.067571
v 0.027825 -0.206873 -0.126912
v -0.149925 -0.176201 0.023400
v -0.127704 -0.096837 -0.061549
v 0.051926 -0.326784 0.066910
v 0.090604 -0.260571 0.062549
v 0.073851 -0.266940 -0.067984
v 0.077174 -0.260599 0.005095
v 0.045193 -0.014321 0.211480
v 0.079797 -0.178768 -0.141057
v -0.024420 -0.277779 0.028043
v 0.149734 -0.110279 -0.083532
v 0.037135 -0.303184 -0.034433
v 0.131326 -0.128177 0.131060
v 0.015008 -0.304318 -0.029694
v -0.143562 -0.196226 0.128824
v 0.099519 -0.248288 0.029932
v -0.102735 -0.212821 0.102468
v 0.151504 -0.141899 0.088414
v 0.079975 -0.302740 0.056755
v -0.119122 -0.168896 0.160447
v 0.090701 -0.261198 0.097645
v 0.070417 -0.281120 0.035080
v 0.147726 -0.152409 -0.055464
v 0.197598 0.028815 0.005116
v 0.176822 -0.016151 0.082826
v 0.174614 -0.054151 0.045318
v 0.079577 -0.282796 0.117729
v 0.017931 0.197124 0.068585
v 0.074318 -0.118463 0.194317
v 0.165204 -0.114102 -0.068462
v 0.119475 -0.248647 0.035374
v 0.091543 -0.235623 -0.015872
v 0.066080 -0.229914 0.164878
v 0.169742 -0.072779 0.073186
v 0.165831 -0.077863 0.058213
v 0.154446 -0.131125 0.061211
v 0.158723 0.095559 0.096751
v 0.142644 -0.053596 -0.054411
v 0.181685 0.160172 0.101626
v 0.155778 -0.218201 0.013971
v 0.184838 0.132819 0.093107
v 0.049129 -0.236822 0.132275
v 0.170133 -0.091547 -0.059447
v 0.175317 -0.096301 0.071934
v 0.204550 -0.019093 0.044064
v 0.198111 -0.011169 0.064285
v 0.089086 -0.122445 0.132430
v 0.163865 -0.202968 0.040695
v 0.066533 0.158303 0.158089
v 0.158250 -0.045960 -0.015576
v 0.023036 0.010170 0.234378
v 0.159657 -0.112021 0.049828
v 0.137428 -0.161138 -0.038643
v 0.047588 -0.163504 0.173580
v 0.089829 -0.295564 0.071602
v 0.119642 -0.047921 0.118122
v 0.186283 0.002325 -0.019620
v 0.173517 -0.111749 -0.008492
v 0.132301 -0.172465 0.167043
v -0.056935 0.022707 0.182059
v 0.111380 -0.144435 0.166304
v 0.113007 -0.242884 0.060723
v 0.100323 -0.162572 -0.027092
v 0.127141 -0.176832 0.088161
v 0.151662 -0.164129 0.060081
v 0.135306 -0.139870 0.050109
v 0.077088 -0.155415 -0.029447
v 0.111228 -0.157663 0.179493
v 0.110311 -0.190615 -0.023459
v 0.005212 -0.147653 0.188675
v 0.126043 -0.182325 0.177197
v 0.137261 -0.197828 0.158773
v 0.094401 -0.224823 0.176828
v 0.163964 -0.173992 0.030980
v 0.099475 0.195708 0.113820
v 0.087833 0.018834 0.174450
v 0.080541 -0.254270 0.044015
v 0.138049 -0.239597 0.048700
v 0.175660 -0.105539 0.096829
v 0.046938 -0.318860 0.046867
v 0.017186 -0.246018 0.136577
v 0.116316 -0.192754 0.184521
v 0.035472 -0.183976 0.167241
v 0.001091 -0.291193 0.037732
v 0.050704 -0.294655 0.029306
v 0.126266 -0.150645 0.102392
v 0.042320 -0.035907 0.178365
v -0.104506 -0.137084 0.161844
v 0.060215 -0.280747 0.007158
v -0.019145 -0.176870 -0.114787
v 0.096263 -0.240362 0.144554
v -0.129825 -0.004300 0.104025
v 0.020402 -0.280221 0.137046
v 0.125304 -0.228763 0.075975
v 0.160211 -0.200542 0.006789
v 0.034026 -0.205595 0.167839
v 0.123953 -0.153919 0.164539
v 0.133149 -0.218452 0.139072
v 0.080860 -0.260740 0.117253
v 0.075457 -0.304923 0.107133
v 0.117642 -0.139906 0.142023
v 0.111814 -0.214314 0.089022
v -0.186062 -0.143782 -0.012167
v 0.066926 -0.051488 0.164747
v 0.126650 -0.210014 0.167205
v 0.048372 -0.062049 0.210524
v 0.029641 -0.327625 0.092763
v 0.081228 -0.204855 -0.030020
v -0.182467 -0.092717 0.120909
v 0.094567 -0.225271 0.082694
v 0.071762 -0.087587 0.204657
v 0.123908 0.166911 0.140393
v 0.131508 0.141849 -0.144947
v -0.026460 -0.141868 0.165962
v 0.057862 -0.298609 0.127256
v 0.026989 -0.136810 0.209351
v 0.062288 0.014384 0.171660
v -0.001930 0.113325 0.180859
v 0.105922 -0.011772 0.134637
v 0.127114 -0.041563 0.099634
v 0.009913 -0.205316 -0.085992
v 0.144219 -0.048211 -0.029708
v 0.149725 -0.053586 0.108641
v 0.086591 -0.090720 0.157400
v 0.025484 0.102667 0.180552
v 0.170383 0.155158 0.123237
v -0.009265 -0.087051 0.212622
v -0.131934 0.114335 0.130912
v 0.060501 0.122967 0.173346
v 0.086961 -0.146638 0.178741
v 0.136640 -0.057533 0.126613
v 0.059465 -0.144116 0.183658
v 0.048543 0.043747 0.186299
v 0.010856 -0.012255 0.232773
v 0.011401 0.033317 0.233155
v 0.018691 -0.077099 0.221921
v 0.135827 0.041135 0.152819
v 0.174836 -0.086526 0.098995
v 0.051216 -0.016092 0.165922
v 0.051699 0.185233 0.119494
v 0.197840 0.035777 0.042485
v 0.139909 0.034883 0.094773
v -0.017649 -0.253748 0.146021
v 0.058188 0.200326 0.004766
v 0.075158 -0.048489 -0.026351
v 0.067847 -0.065326 0.198098
v 0.112054 0.080115 0.158294
v 0.078441 -0.068181 0.146301
v 0.087485 -0.020340 0.081517
v 0.061943 0.086257 0.153549
v 0.175484 0.111815 0.094893
v 0.076582 0.062295 0.174841
v 0.066483 -0.248885 0.023667
v -0.011463 0.130531 0.178477
v 0.134939 -0.162703 -0.011344
v 0.075822 0.152858 0.138969
v -0.089369 0.137302 0.163949
v 0.186321 0.039299 0.060372
v 0.080839 -0.073502 0.179358
v 0.083671 -0.113118 0.156826
v 0.135928 -0.186555 0.112561
v 0.172433 0.002750 0.087233
v 0.165857 0.127971 0.034053
v 0.120354 0.041478 0.169205
v 0.186378 -0.049424 0.024519
v 0.161251 -0.098049 0.009605
v 0.132263 -0.157181 0.124384
v 0.172904 0.037983 0.073452
v 0.187406 0.140811 0.068328
v 0.131667 0.148700 0.018967
v 0.104026 0.152497 0.140258
v 0.083355 0.012062 -0.126494
v 0.038724 0.021319 -0.155538
v 0.121087 0.185472 0.130182
v 0.089897 0.073451 0.028463
v 0.150891 0.064381 0.028630
v 0.201770 0.017871 0.055858
v 0.123582 -0.001856 0.133381
v 0.096875 0.177139 0.128558
v 0.110846 -0.037612 0.089812
v 0.087634 0.187772 0.050906
v -0.181080 0.046272 0.109846
v -0.024293 0.110092 0.156950
v 0.062922 0.162225 -0.049997
v 0.148064 0.142528 0.021881
v -0.162030 0.066044 0.118667
v 0.167671 -0.138969 -0.038278
v -0.010889 0.361374 -0.006806
v 0.133240 0.056090 0.088774
v 0.164799 -0.117562 0.115202
v 0.037252 -0.035581 0.155585
v 0.128159 -0.196917 0.173949
v 0.080254 -0.120920 0.143534
v 0.098226 0.062838 0.174936
v 0.107487 0.054413 0.060499
v -0.155200 -0.013099 0.115281
v 0.055853 -0.011012 0.180940
v 0.042499 0.069534 0.151797
v 0.145983 0.116857 0.027218
v -0.106490 0.124490 0.161822
v 0.132427 -0.032937 0.085539
v 0.098989 0.095501 0.138291
v -0.032699 0.026551 0.224874
v 0.063534 0.070849 0.166080
v 0.124550 0.112196 0.134697
v 0.046645 -0.129607 0.211163
v 0.032939 0.042589 0.219757
v 0.009032 0.096890 0.175534
v 0.006982 0.066208 0.201906
v -0.031470 0.145108 0.148597
v 0.125630 -0.122112 0.030951
v 0.082910 0.134630 0.135485
v -0.179952 0.177827 0.016960
v 0.028504 0.233849 0.010492
v 0.052276 0.051742 0.168093
v 0.147101 0.088382 0.057062
v 0.137891 0.015810 0.098901
v -0.016076 -0.098009 -0.121684
v 0.026431 0.193120 0.116248
v -0.179175 0.204713 -0.103737
v 0.046168 0.292641 -0.119519
v 0.038382 0.049363 0.205581
v 0.017605 0.185219 0.156684
v 0.040100 0.148604 0.183607
v 0.157203 -0.103864 0.128970
v 0.097382 -0.168377 0.191160
v -0.028164 0.290498 -0.001338
v 0.050925 0.223248 -0.071703
v 0.071897 0.035176 0.176963
v -0.022110 0.256315 0.003479
v -0.023117 0.327471 0.002916
v 0.031481 0.270129 -0.045843
v 0.071471 0.182542 0.087367
v 0.196066 0.002398 0.068459
v 0.146735 0.173014 0.133556
v -0.030502 0.223811 -0.036568
v 0.091861 0.162342 -0.011894
v 0.048948 0.170271 -0.176222
v 0.078577 0.229585 -0.092379
v 0.061088 0.191195 0.051947
v 0.119821 0.062682 0.077921
v 0.113650 0.136358 0.143015
v 0.101279 0.202676 0.059928
v 0.159196 0.090248 0.075298
v 0.100269 0.186939 -0.072942
v 0.123496 0.181754 -0.083684
v 0.104166 0.093947 -0.082328
v 0.129686 0.208937 0.066251
v 0.151334 0.153305 0.138601
v 0.050017 0.174651 0.094283
v 0.125494 0.122747 -0.007689
v 0.117877 0.238439 -0.115802
v 0.038303 0.139952 -0.166896
v 0.141205 0.062257 0.012478
v 0.100606 0.128668 -0.148975
v 0.162296 0.137617 0.132175
v 0.116570 0.124737 -0.070740
v 0.138360 0.191405 -0.096525
v 0.090597 0.197029 -0.010784
v 0.069744 0.208963 -0.187365
v -0.007415 0.232569 -0.153011
v 0.130436 0.194201 -0.183440
v -0.019175 0.171006 -0.175971
v 0.082727 0.205708 -0.073193
v -0.097647 -0.209919 -0.022005
v 0.096979 0.184474 -0.196540
v -0.123159 0.236210 -0.097198
v 0.059151 0.229719 -0.085402
v 0.066165 0.182056 -0.190029
v 0.144536 0.160626 -0.153486
v 0.126818 0.228059 -0.165529
v 0.018848 0.224118 -0.146443
v -0.199845 0.109101 -0.103569
v -0.120074 0.196113 -0.183963
v 0.168549 0.188623 0.093803
v 0.090495 -0.054348 -0.127188
v 0.142979 -0.114500 0.038310
v -0.067551 -0.209256 -0.124553
v -0.036843 0.035319 -0.208013
v -0.154981 0.142105 -0.118660
v 0.064768 0.014439 -0.144890
v 0.077440 0.023491 -0.108100
v 0.088229 0.103328 -0.148264
v 0.076938 0.128835 -0.160483
v 0.009066 0.081168 -0.203009
v 0.057253 0.132606 -0.174159
v 0.111563 0.135965 -0.102694
v 0.035691 0.218109 -0.142648
v -0.085283 -0.032607 -0.178073
v -0.181054 0.125338 -0.053472
v 0.039044 0.225279 -0.048368
v -0.025687 0.267214 -0.153138
v 0.115814 -0.006568 0.110186
v 0.091231 0.155340 0.024654
v 0.160421 0.142153 0.026501
v -0.000655 -0.203600 0.199300
v 0.109222 0.138224 -0.167021
v 0.201314 -0.030368 0.024158
v 0.206541 0.006950 0.047936
v 0.137858 0.150958 -0.116934
v -0.067527 0.009047 -0.216459
v 0.131341 0.108090 -0.021347
v 0.123680 0.088277 -0.005550
v -0.113555 0.142621 0.033626
v 0.149181 0.101762 0.118890
v 0.140641 -0.199765 0.081948
v 0.183996 0.022862 -0.016743
v 0.089016 -0.027380 -0.019007
v 0.073411 -0.034591 0.000632
v 0.089717 0.124656 -0.092126
v 0.091090 0.011163 -0.098875
v 0.008537 0.113894 -0.194875
v 0.084836 0.161042 -0.190442
v -0.003210 0.188223 -0.109619
v -0.150915 0.000687 -0.085130
v 0.065906 0.147427 0.054998
v 0.125064 0.114000 -0.061770
v 0.127923 0.129250 -0.041987
v -0.118897 -0.208410 -0.059860
v -0.195399 0.135338 -0.031126
v 0.063213 0.034046 -0.155950
v 0.083315 0.121579 -0.123748
v 0.106491 0.127140 -0.130295
v -0.121039 -0.271297 0.031507
v -0.143937 0.159630 -0.097641
v 0.077066 -0.063143 -0.136958
v 0.082680 -0.015726 -0.148610
v -0.176132 -0.045023 -0.082431
v 0.121189 0.167846 -0.186575
v -0.083034 0.068742 -0.185862
v 0.106661 0.154081 -0.024377
v -0.118816 0.212937 -0.145598
v 0.103976 0.150970 0.001528
v -0.170597 0.064812 -0.139936
v -0.016404 -0.010304 -0.174106
v 0.073467 0.094262 -0.189873
v 0.054756 0.051551 -0.190645
v -0.050928 0.209548 -0.190918
v -0.030472 0.178753 -0.191407
v 0.060804 0.261337 -0.094334
v 0.027747 0.053844 -0.197143
v 0.106740 0.153207 -0.049404
v 0.071608 0.191594 -0.069773
v -0.021211 0.275418 0.003325
v 0.136160 0.228756 -0.123714
v 0.093855 0.145052 -0.179609
v 0.021820 0.309619 -0.074283
v -0.068469 0.228509 -0.168652
v 0.028335 0.182016 -0.148090
v 0.032744 0.290723 -0.059399
v 0.060950 0.142574 0.173196
v -0.030060 0.309640 -0.114271
v 0.051274 0.237025 -0.132463
v 0.149641 0.207472 -0.128180
v 0.094303 0.244001 -0.117448
v 0.014260 0.152312 0.184691
v 0.017347 0.290588 -0.048944
v -0.049206 0.295404 -0.091778
v -0.126796 0.251124 -0.051233
v -0.012142 0.357179 0.009252
v 0.039645 0.122766 -0.192725
v -0.011204 0.294722 -0.047758
v -0.020997 0.308255 -0.066861
v 0.063452 0.030777 -0.090316
v -0.165306 0.128729 -0.037389
v -0.004064 0.258298 -0.159163
v -0.191485 0.175189 -0.071916
v -0.095328 0.227730 -0.058886
v -0.001785 0.318646 -0.111437
v -0.048269 0.263625 -0.052675
v -0.026308 0.313335 -0.087026
v 0.018931 0.300470 -0.138365
v -0.044307 0.300964 -0.103503
v -0.048732 0.160425 -0.205498
v 0.044727 0.198321 -0.172311
v -0.048864 0.289847 -0.118765
v 0.088246 0.217224 -0.188865
v -0.057341 0.258925 -0.120419
v -0.130554 0.079465 -0.150750
v -0.072130 0.175199 -0.212060
v -0.087064 0.221089 -0.111680
v 0.014423 0.156290 -0.057695
v 0.029110 0.149938 -0.014174
v -0.054303 0.229668 -0.126021
v -0.186992 0.132203 -0.096005
v -0.017319 0.034860 0.060305
v -0.028153 0.075125 -0.165890
v -0.002872 0.281684 -0.154450
v -0.028906 0.152527 -0.187209
v -0.170917 0.247748 -0.051485
v -0.082514 0.126799 -0.065367
v -0.043396 0.274268 -0.139367
v -0.110954 0.213225 -0.123375
v -0.011856 0.179770 -0.149804
v -0.134098 0.166551 -0.133526
v 0.061578 0.074014 -0.198886
v -0.093297 0.187883 -0.206994
v -0.081084 0.013769 -0.084592
v -0.133689 0.154784 -0.163646
v 0.083899 0.161346 -0.060203
v -0.166763 0.051463 -0.025430
v -0.015492 0.060288 -0.180888
v -0.199981 0.069245 -0.106620
v -0.011249 0.095959 -0.188107
v -0.201892 0.112168 -0.029684
v -0.052540 0.135888 -0.197258
v 0.012259 0.039786 -0.182520
v -0.101104 0.210010 -0.095750
v -0.091102 0.222354 0.026374
v -0.135399 0.181284 -0.001671
v -0.187291 0.234735 -0.073582
v 0.007931 0.141430 -0.147833
v -0.012857 0.210731 -0.036216
v -0.008722 -0.069508 -0.124628
v -0.129195 0.216595 -0.111164
v -0.019478 0.108567 -0.170346
v -0.178270 0.089241 -0.139948
v -0.115065 0.151493 -0.193869
v 0.021862 0.072957 0.019826
v -0.146491 0.202621 -0.004963
v -0.046607 0.216215 -0.056074
v 0.088983 0.072916 -0.161232
v -0.067239 -0.283129 0.082310
v -0.050798 0.072904 -0.180699
v -0.037249 0.144016 -0.192227
v -0.001523 0.137076 -0.125947
v -0.122797 0.132378 -0.156638
v -0.130113 0.173011 -0.179343
v -0.186594 0.043555 -0.079765
v -0.160175 0.125241 -0.137232
v -0.104876 0.081330 -0.141754
v -0.224000 -0.029231 -0.002908
v -0.200902 0.109642 -0.075206
v -0.109150 0.122786 -0.170260
v -0.038560 -0.060434 -0.144419
v -0.166379 -0.080411 0.027247
v -0.162386 0.102839 -0.147120
v -0.135191 -0.076127 -0.131605
v -0.125669 0.013407 -0.141419
v -0.074172 0.121763 -0.077827
v -0.170128 0.182591 -0.105976
v -0.073505 0.078028 -0.167745
v -0.091058 0.100721 -0.034875
v -0.012636 0.016229 -0.185051
v -0.004398 0.124823 -0.176280
v -0.185767 0.109648 -0.129088
v -0.113918 0.061489 -0.146723
v -0.037377 0.223428 -0.142949
v -0.146862 0.239668 -0.023555
v -0.183742 0.133906 -0.073844
v -0.136746 0.176940 -0.150238
v -0.150162 0.177007 -0.109345
v -0.027611 0.235360 -0.147681
v 0.005302 0.136841 -0.165314
v -0.070892 0.202550 -0.202821
v -0.059976 0.064655 -0.197395
v -0.095189 0.224119 -0.171307
v -0.206940 -0.077532 0.071884
v -0.193954 0.205069 -0.086841
v -0.022028 0.274762 -0.037260
v -0.167614 0.245855 -0.084807
v -0.198372 0.213018 -0.070137
v -0.119413 0.194144 -0.109306
v -0.182928 0.225655 -0.093936
v -0.188649 0.181825 -0.089529
v -0.114794 0.002784 -0.121655
v -0.148261 0.254481 -0.053151
v -0.206054 0.083033 -0.083297
v -0.085811 0.207306 -0.050517
v -0.191499 0.228940 -0.052559
v -0.146415 0.237838 -0.102905
v -0.023810 -0.284969 0.073032
v -0.048220 0.001381 0.210614
v -0.182187 0.152197 -0.029192
v -0.072202 0.168734 0.089028
v -0.181066 0.198237 -0.022570
v -0.161950 0.146848 -0.057296
v 0.002230 0.317208 -0.080583
v 0.012978 0.209808 0.028367
v -0.178864 0.175235 -0.005311
v 0.037272 0.168587 0.174097
v -0.110399 0.216472 -0.106770
v 0.035530 0.246570 -0.001127
v -0.024291 0.347669 0.002710
v 0.020652 0.193553 0.135799
v 0.042288 0.204888 0.045436
v -0.006692 0.188910 -0.034907
v 0.079925 0.190637 0.071121
v 0.034948 0.187316 0.151541
v -0.167168 -0.067497 -0.062866
v 0.036592 0.185395 0.100884
v 0.138400 0.195771 0.117292
v 0.044790 0.177926 0.161230
v -0.048228 0.193198 0.027020
v 0.002148 -0.300133 0.119796
v -0.104236 0.159455 0.091542
v -0.180806 0.064268 -0.045446
v -0.162104 0.189727 -0.010126
v -0.089021 0.167628 0.129519
v -0.173063 0.126470 0.068595
v -0.077903 0.107329 0.169423
v -0.079736 0.179599 0.032362
v -0.170894 0.043175 0.024224
v -0.124122 0.137897 0.097295
v -0.123533 0.136528 0.138600
v -0.024808 0.132777 0.164282
v -0.099027 -0.004033 -0.107530
v -0.221653 -0.047080 -0.021462
v 0.022519 -0.010934 -0.163348
v -0.130013 0.092832 0.105091
v -0.088168 0.201314 -0.032687
v -0.027394 0.162557 0.125527
v -0.195733 0.039936 0.067225
v -0.163494 0.152673 0.061157
v -0.196525 0.122365 -0.086716
v -0.124827 0.074961 0.121050
v -0.139908 -0.062665 0.139481
v 0.032757 0.059644 0.189162
v -0.064804 0.159509 -0.080744
v -0.188522 -0.108752 -0.009094
v -0.084719 -0.025444 0.194712
v -0.081328 -0.184281 0.151766
v 0.029888 -0.011709 0.228252
v -0.013277 -0.107570 0.209645
v -0.015484 0.066646 0.196724
v -0.044420 0.048459 0.193266
v -0.018543 0.172476 0.002633
v 0.040915 0.153130 0.000194
v -0.187531 -0.057587 -0.070266
v -0.147118 0.100051 0.063442
v -0.015746 0.232433 0.015127
v -0.169558 0.225068 -0.020831
v -0.010384 0.180806 0.140126
v -0.134811 0.175893 0.029700
v -0.181516 0.064570 0.040536
v -0.118515 0.175451 0.009708
v -0.193315 0.083511 -0.016965
v -0.092491 0.190467 -0.008268
v -0.188041 0.043126 -0.026178
v -0.143187 0.153956 0.056011
v -0.159845 0.198240 -0.114918
v -0.190020 0.065233 0.061847
v -0.163058 0.095479 0.072446
v -0.114178 0.127746 0.077750
v -0.168021 -0.024527 0.125728
v -0.076847 0.182641 -0.080287
v -0.108888 -0.179711 -0.109134
v -0.190780 0.219661 -0.038937
v -0.107235 0.222266 -0.155909
v -0.163715 -0.025449 -0.089324
v -0.175986 0.167416 -0.033814
v -0.185210 -0.063495 0.035898
v -0.127408 0.092929 0.133977
v -0.199747 -0.077693 0.110904
v -0.053145 0.168102 0.115899
v -0.132044 0.012054 0.118506
v -0.197068 0.084992 0.048918
v -0.083888 0.076497 0.153423
v -0.204894 -0.036627 0.089614
v 0.000087 -0.066018 0.210117
v -0.202329 -0.049275 0.054677
v -0.182174 -0.118252 0.025537
v -0.114185 -0.021168 0.115752
v -0.161699 -0.082960 0.135463
v -0.189489 0.041336 0.045815
v -0.105890 0.058811 -0.178115
v -0.001473 -0.031344 0.220876
v 0.087837 -0.003880 -0.138022
v -0.107630 0.041509 0.121397
v -0.169302 0.008986 0.104812
v -0.079063 0.046589 0.051899
v -0.165034 -0.116822 0.091960
v -0.105122 -0.101530 0.139352
v -0.069408 -0.185409 0.171250
v -0.158254 -0.111352 0.050115
v -0.037043 -0.026025 0.202410
v -0.032849 -0.104386 0.173335
v -0.026023 0.091311 -0.164328
v -0.204431 -0.042486 -0.070572
v 0.101479 0.101302 0.123085
v -0.138129 0.097824 0.083588
v -0.053224 -0.088951 0.180646
v 0.186602 0.050609 0.027271
v -0.141130 0.067449 0.123377
v -0.108200 -0.029443 0.185250
v -0.192366 -0.025459 0.059187
v -0.126375 -0.041584 0.165713
v -0.055333 -0.024280 0.190457
v 0.042840 -0.031994 0.194888
v -0.129679 -0.135167 0.156106
v 0.031673 0.092567 0.029700
v -0.018126 0.165985 0.154683
v -0.034504 -0.056836 0.181439
v -0.011440 0.175704 0.103387
v -0.106025 -0.080021 0.181459
v -0.115390 -0.235155 0.076768
v 0.053804 -0.044288 0.174448
v -0.072114 -0.208948 0.164974
v -0.042371 0.034896 0.136393
v -0.051849 0.007428 0.140401
v 0.009722 -0.041566 0.204297
v -0.113737 0.157449 0.112279
v -0.180389 -0.070032 0.132239
v -0.025927 -0.088559 0.194539
v -0.112017 0.155596 0.018095
v -0.183999 -0.101655 0.012026
v -0.117657 -0.205657 0.134391
v -0.053736 0.120425 0.161756
v -0.024669 0.066071 0.170925
v -0.151374 0.011339 0.116308
v -0.156925 0.028490 0.123739
v -0.143763 -0.121009 0.138344
v -0.130132 -0.182988 0.018505
v -0.089620 -0.108668 0.155548
v 0.053424 -0.050715 0.124617
v -0.148841 -0.144525 0.146408
v -0.091338 -0.149578 0.162143
v -0.209790 -0.051594 0.073753
v 0.001730 -0.247431 0.161836
v 0.057522 -0.113875 0.213982
v -0.135366 -0.186307 0.145637
v -0.036095 -0.177162 0.196661
v -0.193175 -0.055245 0.122015
v -0.182074 -0.036102 0.126116
v 0.069121 -0.202427 0.189432
v -0.117368 -0.188237 0.152753
v 0.004389 -0.247880 0.141119
v -0.079787 -0.083915 0.190442
v -0.143342 -0.164140 0.149116
v -0.066006 -0.225970 0.128700
v -0.034992 -0.075154 0.181967
v 0.064177 -0.168238 0.187300
v 0.043148 -0.322431 0.105953
v -0.080186 -0.206519 0.099290
v -0.024468 -0.159116 0.188169
v 0.019633 -0.232338 0.165853
v -0.108505 -0.285827 0.039000
v -0.087937 -0.251078 0.095897
v 0.024556 -0.301012 0.130199
v -0.065213 -0.253956 0.098110
v -0.115690 -0.153911 0.163557
v 0.014767 -0.222917 0.183751
v -0.083560 -0.099147 0.173930
v -0.100435 -0.210878 0.122240
v -0.049575 -0.235120 0.098775
v -0.095390 -0.291472 0.055493
v -0.188863 -0.126256 -0.019188
v -0.102256 0.067396 0.130989
v -0.009260 -0.048586 0.185933
v 0.112973 -0.160681 0.090548
v 0.067786 -0.290583 -0.019214
v -0.163258 -0.180230 0.113769
v -0.174458 -0.138444 0.033105
v -0.029462 -0.269632 0.079577
v 0.037359 -0.218135 0.148807
v -0.068624 -0.242477 -0.083628
v -0.172605 -0.160838 -0.027246
v -0.080896 -0.292458 0.067206
v 0.078181 -0.160396 0.188528
v -0.048477 -0.261693 0.091599
v -0.097586 0.075236 -0.025072
v -0.126071 -0.258077 0.052078
v -0.043467 -0.294352 0.032925
v -0.178769 -0.141421 -0.035379
v -0.105885 -0.278617 0.009224
v -0.120705 -0.079375 0.153838
v -0.191993 -0.101084 0.098260
v -0.208213 0.019749 -0.058125
v -0.150765 -0.125161 0.074110
v -0.125221 -0.226239 0.055730
v -0.050202 -0.231328 0.176989
v -0.182967 -0.040724 0.030838
v -0.102407 -0.232338 0.088739
v -0.171255 -0.016391 0.047663
v -0.128635 -0.111100 -0.085458
v -0.190664 -0.071501 -0.011457
v -0.141073 0.056602 -0.144425
v -0.205566 0.090835 -0.098663
v -0.023205 0.210993 0.020497
v -0.202291 -0.040941 0.018135
v -0.211052 0.009854 0.008817
v -0.222270 -0.033318 -0.051984
v -0.175524 -0.094137 0.022139
v -0.195445 -0.086962 0.054661
v -0.207387 0.095163 -0.021010
v -0.224911 -0.006941 -0.002991
v -0.174106 0.008430 0.039006
v -0.158594 -0.136432 0.046231
v -0.169416 -0.073906 0.003835
v 0.023112 -0.187210 0.180470
v -0.102578 -0.064941 0.190464
v -0.199840 -0.095475 0.082942
v -0.209240 -0.064485 0.093476
v -0.136693 -0.174272 -0.041992
v -0.004289 -0.263382 0.025860
v -0.144734 -0.106473 0.119816
v 0.006725 0.195176 -0.051917
v -0.074998 -0.205223 0.127035
v -0.121271 0.046904 -0.150424
v -0.104810 -0.218488 -0.005041
v 0.025969 -0.114511 0.221571
v -0.124321 -0.211946 0.114608
v 0.074128 -0.135427 0.172179
v -0.006985 -0.282058 -0.063748
v -0.056735 -0.264740 -0.014709
v -0.127150 -0.186824 -0.014320
v -0.023451 -0.235226 -0.065232
v -0.016801 -0.297236 0.090074
v -0.019708 -0.269806 0.002294
v 0.044766 -0.218402 -0.087018
v 0.053709 -0.209859 -0.108043
v -0.116713 -0.055109 0.182056
v 0.054908 -0.207391 -0.122738
v -0.056512 -0.079777 -0.162217
v 0.011493 0.003822 -0.153310
v -0.018086 -0.191934 -0.103387
v 0.080236 -0.279349 -0.023834
v 0.017350 -0.250772 -0.088564
v -0.123999 -0.055836 -0.138067
v 0.076055 -0.112744 -0.137711
v -0.139195 -0.065280 -0.110232
v 0.077399 0.018919 -0.078152
v -0.054727 -0.017531 -0.203483
v 0.083456 0.083518 -0.117558
v -0.100685 -0.025644 -0.177246
v -0.168571 0.028206 -0.087855
v -0.067510 -0.137185 -0.127254
v -0.120970 0.106307 -0.145596
v -0.005522 0.017005 -0.163612
v 0.015016 0.122229 0.000969
v -0.110191 -0.005575 -0.191144
v 0.041078 -0.129863 -0.163536
v 0.072742 0.086075 -0.094780
v -0.005058 -0.229012 -0.077966
v 0.017124 -0.036634 -0.162441
v -0.070250 0.095797 -0.106312
v -0.102710 -0.026203 -0.131755
v -0.065335 -0.050201 -0.155473
v -0.094777 -0.082011 -0.164874
v -0.054427 -0.037414 -0.165803
v 0.015422 0.099335 -0.204460
v -0.126632 0.202381 -0.161885
v -0.141357 0.102996 -0.150920
v -0.036460 -0.092213 -0.148606
v -0.186812 0.060942 -0.123847
v -0.224884 0.001254 -0.047358
v -0.118932 -0.007819 -0.142944
v -0.192926 -0.020790 -0.084289
v -0.149956 0.039800 -0.129652
v -0.121402 -0.038732 -0.115062
v -0.073644 -0.190739 -0.127640
v -0.107552 -0.062155 -0.155728
v -0.012830 -0.133033 -0.138913
v -0.022506 -0.154924 -0.122580
v 0.085334 -0.258205 -0.058463
v -0.004023 -0.088070 -0.106127
v 0.102108 -0.140950 -0.081969
v 0.112043 -0.077907 -0.087346
v 0.166086 -0.014219 -0.030128
v 0.139699 -0.231744 0.064563
v 0.157336 -0.052055 0.070563
v 0.098336 -0.025892 -0.073612
v 0.119710 -0.113485 -0.092535
v 0.124379 -0.157459 -0.060805
v 0.115748 -0.161195 -0.052092
v 0.162603 -0.138656 -0.009684
v 0.133380 -0.139453 0.017181
v 0.159515 -0.174071 0.010312
v 0.158534 -0.165208 0.045476
v 0.167023 -0.080267 -0.006856
v 0.167743 -0.132271 -0.054963
v 0.174114 -0.088686 -0.047261
v 0.018647 -0.300322 -0.052123
v 0.119258 -0.046208 -0.053524
v 0.145494 -0.084429 -0.083101
v 0.153255 -0.186431 -0.005390
v 0.143867 -0.089771 0.022626
v 0.091252 -0.033801 -0.139597
v 0.070262 -0.090243 -0.103264
v 0.088389 -0.129626 -0.136353
v 0.162442 -0.090597 0.048784
v 0.095362 -0.011756 -0.130395
v 0.056771 -0.039903 -0.161640
v 0.150983 0.184113 -0.119243
v 0.103164 -0.036982 -0.098909
v 0.169664 0.010702 -0.029796
v 0.091413 0.006141 -0.079694
v 0.088940 -0.065798 -0.110848
v 0.087121 0.096653 -0.167723
v 0.099201 -0.050656 -0.102612
v 0.143300 -0.011265 -0.036639
v 0.097974 0.057615 -0.062874
v 0.161318 -0.062157 -0.036409
v 0.101977 -0.034777 -0.084294
v 0.086270 -0.027764 -0.055308
v 0.076818 -0.036242 -0.044592
v 0.072404 0.066748 -0.107484
v 0.088296 -0.110980 -0.098907
v 0.065280 -0.078041 -0.127620
v 0.135932 -0.074469 -0.082647
v 0.000150 -0.152330 -0.154461
v 0.074515 -0.097530 -0.116399
v 0.043063 -0.104143 -0.147510
v 0.072359 -0.088210 -0.084884
v 0.076842 -0.048451 -0.037670
v 0.020258 -0.290283 -0.068751
v 0.065759 -0.187564 -0.024619
v 0.069300 -0.019339 -0.042533
v -0.045629 -0.038528 -0.144590
v 0.027435 -0.234642 -0.089645
v 0.042526 0.002833 -0.160525
v 0.015148 -0.140490 -0.162604
v 0.038842 0.088451 -0.207238
v 0.020737 -0.088681 -0.127576
v 0.025043 0.282712 -0.147765
v -0.027026 0.290029 -0.144354
v 0.022772 -0.075744 -0.141155
v -0.001892 -0.015326 -0.155106
v 0.058676 -0.115150 -0.152679
v -0.045730 -0.128112 -0.128530
v 0.084822 -0.148499 -0.146143
v 0.045497 -0.157049 -0.165543
v 0.048536 -0.118843 -0.157918
v -0.091320 -0.136880 -0.128168
v -0.171881 -0.123166 -0.047989
v 0.009294 -0.191835 -0.140375
v 0.050949 -0.183998 -0.152707
v 0.079931 -0.278241 -0.045983
v 0.012289 -0.104059 -0.141124
v -0.050948 -0.242100 -0.066560
v -0.073151 -0.165269 -0.119896
v 0.079254 -0.184339 -0.074808
v 0.026584 -0.194528 -0.146225
v 0.020460 -0.218531 -0.084389
v 0.069489 -0.178808 -0.059540
v 0.092530 -0.215918 -0.019802
v 0.013789 -0.207643 -0.104951
v 0.045684 -0.209022 -0.122815
v 0.058195 -0.242000 -0.086438
v 0.123288 -0.163524 -0.043407
v 0.068406 -0.200351 -0.086603
v 0.087102 -0.220222 -0.045427
v -0.072684 -0.127730 -0.145741
v 0.068491 -0.180334 -0.148722
v 0.177584 0.135524 0.113451
v 0.072030 -0.251257 -0.078429
v 0.067690 -0.195214 -0.048505
v -0.052198 -0.245150 -0.019239
v 0.088375 -0.266323 -0.041694
v 0.047298 -0.276954 -0.076762
v -0.112226 -0.207641 -0.041647
v 0.040172 -0.292172 -0.062244
v 0.007336 -0.101563 0.221788
v 0.069867 -0.318456 0.067501
v -0.002193 -0.290576 -0.005815
v -0.012667 -0.208128 -0.082714
v 0.071228 -0.280963 -0.003724
v 0.082071 -0.193296 -0.094234
v 0.085688 -0.241380 0.008236
v -0.119207 -0.203555 0.068162
v 0.108201 0.022943 -0.022016
v -0.033836 -0.234301 -0.081952
v 0.090113 -0.242309 0.068844
v 0.068478 -0.299356 0.040667
v -0.116350 -0.255460 0.003030
v 0.090380 -0.260263 -0.024838
v -0.001599 -0.316442 0.072202
v 0.042699 -0.299127 -0.049423
v -0.028058 -0.231001 0.094937
v 0.089744 -0.286056 0.100474
v -0.036993 -0.237501 -0.049968
v 0.109654 -0.237993 -0.000245
v 0.093955 -0.229131 0.101433
v 0.096124 -0.246260 0.049453
v 0.137821 -0.219630 -0.008588
v 0.041888 -0.310214 0.123388
v 0.094085 -0.259246 0.079709
v 0.060744 -0.314050 0.111584
v 0.058202 -0.214117 0.177566
v 0.020099 -0.321136 0.051570
v -0.126384 -0.219590 0.038700
v -0.040367 -0.291460 0.052488
v 0.146687 -0.215774 0.071907
v 0.078445 -0.242083 0.032935
v 0.092294 -0.232541 -0.031689
v 0.087380 -0.257688 -0.009397
v 0.170513 -0.122686 0.083073
v 0.084363 -0.049198 0.106013
v 0.097740 -0.035181 0.075197
v 0.123298 -0.143851 0.118189
v 0.111228 -0.124745 0.135558
v 0.143471 -0.149640 0.003549
v 0.083418 -0.236250 0.091642
v 0.172940 0.056596 0.013146
v 0.047443 -0.208934 0.170521
v 0.117730 -0.070268 0.139013
v 0.153702 -0.076403 0.044127
v 0.114019 0.059100 0.024670
v 0.080250 -0.126956 0.157507
v 0.088440 -0.011779 0.145268
v 0.160032 -0.183247 0.060644
v 0.141101 -0.095497 0.139643
v 0.150368 -0.163479 0.002986
v 0.146685 -0.148884 0.026091
v 0.153011 -0.222184 0.055454
v 0.127388 0.013588 -0.033890
v 0.055319 0.021383 -0.057776
v 0.104317 -0.246167 0.013619
v 0.111187 -0.171106 -0.021402
v 0.092526 -0.042256 -0.032446
v 0.116171 -0.215365 -0.018376
v 0.085714 -0.175623 -0.017668
v 0.114506 -0.137727 0.128356
v 0.101264 -0.208710 -0.020374
v 0.129551 -0.242809 0.015922
v 0.138169 -0.233401 0.004933
v 0.164536 -0.204251 0.025748
v 0.149963 -0.039742 0.083416
v 0.155251 -0.062385 -0.002072
v 0.145078 0.050683 0.118382
v 0.141797 -0.121158 0.020641
v 0.190128 -0.030591 -0.003513
v 0.167110 -0.069541 -0.025279
v 0.142720 -0.031021 -0.031290
v 0.173998 -0.030561 -0.018892
v 0.134806 -0.102048 0.029612
v 0.142510 -0.065649 0.013065
v 0.037026 0.000132 -0.025931
v 0.155238 -0.078491 0.009052
v 0.151884 -0.095570 0.038870
v 0.114365 -0.042094 -0.041448
v 0.172845 0.120663 0.112842
v 0.127379 -0.000802 -0.036665
v 0.201943 -0.000413 0.001112
v 0.144313 -0.018046 0.091285
v 0.142453 -0.044989 0.093287
v 0.185851 0.043769 0.002788
v 0.085481 -0.079165 0.134271
v 0.204643 0.026256 0.024866
v 0.189636 -0.016327 0.074083
v 0.173639 0.045342 -0.007601
v 0.173877 -0.050020 0.001927
v 0.188901 -0.029368 0.068419
v 0.154086 0.007550 0.092100
v 0.171127 -0.076075 -0.039873
v 0.169781 -0.115706 0.066599
v 0.170444 -0.098624 0.114755
v 0.206800 0.014354 0.018768
v 0.147393 -0.121983 0.129463
v 0.124417 -0.137981 0.035842
v 0.065291 -0.173746 -0.008500
v 0.177423 -0.118399 -0.029775
v 0.175447 -0.053619 0.011308
v 0.134551 -0.201294 -0.019001
v 0.125486 -0.205710 0.087273
v 0.062445 -0.266940 0.132755
v 0.120363 -0.164618 -0.031373
v 0.028249 -0.220163 0.165013
v 0.109193 -0.236759 0.126027
v 0.147410 -0.178996 0.076340
v 0.157416 -0.201159 0.063702
v 0.137277 -0.208381 0.147476
v 0.154149 -0.156370 0.027499
v 0.024961 -0.161900 0.164235
v 0.129270 -0.170244 0.106148
v 0.122002 -0.091800 0.144289
v 0.143128 -0.192368 0.134946
v 0.134334 -0.112692 0.139348
v 0.141679 -0.177653 0.128296
v 0.083883 -0.231793 0.168653
v 0.069172 -0.245475 0.127833
v 0.065452 -0.054522 0.186498
v 0.121712 -0.198087 0.096651
v 0.062272 -0.322604 0.090267
v 0.082704 -0.116933 0.173928
v 0.097068 -0.235785 0.161705
v 0.055476 -0.307406 0.038054
v 0.011438 0.080560 0.160435
v 0.076745 -0.240153 0.144965
v 0.046928 -0.251892 0.135628
v 0.079251 -0.223551 0.085666
v -0.021189 -0.228934 0.190604
v 0.073524 0.133958 0.158562
v 0.001558 -0.315534 0.098672
v 0.004775 -0.310930 0.049069
v 0.014430 -0.315114 0.113638
v -0.069592 -0.222057 0.156960
v -0.018455 -0.274129 0.104803
v 0.052313 -0.192021 0.183093
v -0.055993 -0.188303 0.188878
v 0.057447 -0.182556 0.187190
v -0.076012 -0.208086 0.145280
v -0.053938 -0.140438 0.132074
v 0.138275 -0.140201 0.115661
v 0.025327 -0.228381 0.139420
v -0.029168 -0.121197 0.161005
v -0.159499 -0.134944 0.130722
v -0.009422 -0.148030 0.178922
v 0.032297 -0.172196 0.154870
v -0.003436 -0.236969 0.183085
v 0.030398 -0.235222 0.130748
v 0.046422 -0.280742 0.137671
v 0.057511 -0.233485 0.145049
v -0.113580 -0.275532 0.062096
v 0.056094 -0.135960 0.199875
v 0.079996 -0.216239 0.185176
v -0.007329 -0.177307 0.197913
v -0.004534 -0.220743 0.195689
v -0.209161 -0.062625 -0.023841
v -0.160825 -0.166528 0.130502
v 0.012463 -0.325968 0.078543
v -0.122113 -0.141240 -0.061716
v 0.082593 -0.094625 0.189210
v -0.022554 -0.192983 0.202833
v -0.014668 -0.132241 0.191872
v -0.015377 -0.012686 0.229728
v -0.030332 -0.246645 0.170213
v -0.054847 -0.233013 0.117341
v -0.195548 -0.021038 0.083177
v -0.193842 -0.001464 -0.081592
v 0.059242 -0.100608 0.216059
v 0.143663 -0.071940 0.132963
v -0.003231 -0.162438 0.187878
v 0.070153 -0.177643 0.192766
v -0.022666 -0.030238 0.213555
v 0.104808 -0.181650 0.192445
v 0.020730 -0.148303 0.194738
v 0.085658 -0.100963 0.180239
v 0.140851 0.021060 0.128927
v 0.066052 -0.054148 0.104711
v -0.040452 0.096575 0.144508
v 0.053631 0.002309 0.207943
v -0.107573 0.060761 0.119957
v -0.016526 -0.206642 0.201155
v 0.012982 0.010822 0.236188
v 0.065703 -0.132111 0.194212
v -0.038456 -0.092964 0.160080
v 0.074164 0.100060 0.138844
v 0.061585 0.102938 0.159476
v 0.100365 -0.057608 0.128203
v 0.032631 -0.067365 0.219005
v -0.010261 0.037557 0.231229
v 0.003778 0.078098 0.128935
v 0.089241 -0.057276 0.121844
v 0.003030 0.190115 0.136832
v 0.052527 -0.045277 0.144563
v -0.117870 -0.014963 0.138373
v 0.042742 -0.016809 0.144659
v 0.016161 0.125435 -0.087396
v 0.052620 -0.016293 0.193463
v 0.081728 0.104485 0.118186
v -0.116788 0.023228 0.121601
v -0.088026 0.032318 0.104517
v 0.070214 -0.132563 0.185480
v 0.081908 -0.069050 0.162861
v 0.087232 -0.091967 0.173227
v 0.079985 -0.033012 0.069005
v 0.066796 -0.009641 0.054066
v 0.067692 0.003800 0.161733
v 0.161745 0.048433 0.067598
v 0.066880 -0.056139 0.138947
v 0.064868 -0.017769 0.124446
v 0.041870 -0.027422 0.125602
v 0.074060 -0.024737 0.102742
v 0.101939 -0.043400 0.108676
v 0.099015 -0.015292 0.113010
v 0.074170 -0.064922 0.120200
v 0.122518 -0.109638 0.142184
v 0.118509 0.021842 0.166785
v 0.082943 0.000922 0.162843
v 0.115503 -0.172835 0.185570
v 0.138495 0.065056 0.138365
v 0.157735 -0.016292 0.090384
v 0.161142 -0.134553 0.078277
v 0.154223 -0.121406 0.013170
v 0.085462 -0.017530 0.121729
v 0.104244 0.207968 0.092365
v 0.142213 0.166421 0.026241
v 0.144030 0.219874 -0.143452
v 0.087105 0.158335 0.129912
v 0.172066 0.057158 0.043294
v 0.171371 0.100815 0.081973
v 0.154720 0.057654 0.001360
v 0.182951 0.124047 0.061710
v 0.133932 0.208968 -0.097204
v 0.183512 0.156151 0.058249
v 0.186450 0.158243 0.082021
v 0.113138 0.072737 -0.001014
v 0.124624 0.042745 -0.013836
v 0.178539 0.145961 0.045084
v 0.166810 0.174976 0.043816
v 0.178107 0.127335 0.047277
v 0.137702 0.044191 0.075137
v 0.178889 0.050280 0.053230
v 0.147471 0.101285 0.037659
v 0.165569 0.025774 0.084531
v 0.128813 0.061822 0.043297
v 0.136108 0.070933 0.109232
v 0.154249 0.035423 0.081814
v 0.125510 0.056103 0.003629
v 0.113633 0.101201 0.019321
v 0.071404 0.063178 0.058142
v 0.119718 0.070772 -0.019730
v -0.010710 0.159842 -0.142225
v 0.100998 0.097013 0.037136
v 0.118533 0.140604 -0.011621
v 0.086607 0.171884 0.039795
v 0.044881 0.138760 0.021144
v 0.014934 0.167157 0.079496
v 0.104324 0.142476 0.016500
v 0.119060 0.196498 -0.081283
v 0.040684 0.201549 0.016839
v 0.108186 0.186540 0.035524
v 0.044449 0.158743 0.076512
v -0.019702 0.136179 0.007647
v 0.057074 0.125780 0.033281
v -0.015469 0.107241 0.095449
v 0.002817 0.097467 0.097290
v -0.005254 0.091240 0.114273
v 0.115324 0.141172 -0.060139
v 0.020979 0.099392 0.019570
v 0.075473 0.123700 0.041520
v -0.115676 0.146497 0.089049
v 0.029307 0.134656 0.071228
v 0.179769 0.175552 0.081400
v 0.049889 0.070998 0.070715
v 0.018910 0.045888 0.094730
v 0.084030 0.079355 -0.085584
v 0.110140 0.074206 0.075843
v 0.133554 0.083250 0.093539
v 0.122316 0.086022 0.137443
v 0.048705 0.062709 0.033347
v 0.074301 0.115328 0.144849
v 0.083450 0.119208 0.123791
v 0.022129 0.064103 0.150025
v 0.126919 0.062030 0.160000
v 0.128540 0.110708 0.026491
v 0.133267 0.078370 0.123554
v 0.093389 0.040569 0.180021
v 0.182577 0.116435 0.079356
v 0.192938 -0.040121 0.013036
v 0.165895 0.109084 0.111033
v 0.139476 0.116182 0.136380
v 0.152225 0.024567 0.088390
v 0.142915 0.082944 0.076265
v 0.012518 0.069673 0.181382
v -0.058139 0.094410 0.160119
v 0.055878 0.037350 0.171370
v 0.134899 0.143338 0.144446
v 0.135092 0.128932 0.142338
v 0.036143 0.073161 0.082033
v -0.050244 -0.009109 0.198587
v 0.071625 0.120356 0.159233
v -0.100569 0.019305 0.111472
v -0.010216 0.094403 0.160276
v 0.035744 0.087571 0.163039
v -0.031983 0.061514 0.189912
v -0.121244 -0.080213 0.130158
v 0.028634 0.079538 0.152325
v 0.055639 0.169469 0.162073
v 0.069112 0.046393 0.177154
v -0.004618 0.068525 0.151824
v -0.021388 0.055725 0.213305
v -0.075622 0.174097 0.111438
v 0.023947 -0.034619 0.137706
v 0.014361 0.169674 0.175331
v -0.187417 0.024134 0.048874
v 0.048353 0.036162 0.208160
v -0.053433 -0.101609 0.157270
v 0.109022 0.048427 0.175509
v 0.143834 0.092373 0.107146
v 0.150477 0.132148 0.138962
v 0.042326 0.126628 0.185817
v 0.140399 0.201016 0.052746
v 0.079795 -0.171377 0.193842
v 0.111929 0.208283 0.062716
v 0.154748 0.184452 0.042988
v 0.160355 0.195773 0.067064
v 0.082639 0.166713 0.123709
v 0.015570 0.196964 0.046070
v 0.160077 0.183199 0.117449
v -0.005313 0.208136 0.020356
v 0.083671 0.196355 0.097162
v 0.172562 0.174792 0.110316
v 0.139765 0.175366 0.030533
v 0.121004 0.207600 0.101205
v 0.015636 0.185807 0.093972
v 0.116098 0.211916 0.080972
v -0.117825 0.215215 -0.008728
v -0.022630 0.357874 0.013396
v -0.016881 0.335229 0.017157
v -0.027494 0.309119 0.006462
v 0.114550 0.200095 0.045650
v 0.030041 0.195715 0.026613
v -0.066418 0.176721 0.060617
v -0.007710 0.161175 0.001659
v 0.023987 0.184752 0.081994
v 0.140105 0.220309 -0.115151
v 0.066401 0.072617 0.038645
v 0.079173 0.200850 -0.011720
v 0.115581 0.112163 0.017664
v 0.032397 0.174476 0.084922
v 0.041259 0.110925 0.031317
v 0.073958 0.157709 0.043805
v 0.034876 0.193801 0.042071
v 0.000011 0.189658 0.117314
v 0.025002 0.248733 -0.034002
v 0.117635 0.198078 0.118899
v 0.150787 0.203586 0.078566
v 0.128160 0.083286 -0.029058
v 0.155372 0.197649 0.102264
v 0.060731 0.207297 -0.079659
v 0.057558 0.257832 -0.072310
v 0.090270 0.075293 -0.139697
v 0.060995 0.154587 0.011689
v 0.084282 0.164763 -0.036680
v 0.153192 0.191079 -0.145822
v 0.059845 0.166926 -0.027821
v 0.078409 0.164203 -0.068630
v 0.086832 0.174568 -0.069278
v 0.080634 0.157787 0.009146
v 0.000392 0.160824 -0.019228
v 0.038479 0.240127 -0.043312
v 0.075912 0.167956 -0.028318
v 0.077541 0.230726 -0.176011
v 0.096558 0.246357 -0.129685
v 0.014545 0.245378 -0.156713
v 0.062615 0.237947 -0.148869
v 0.053182 0.287582 -0.091810
v 0.017051 0.225582 0.023042
v 0.148741 0.166168 -0.126622
v 0.142640 0.197139 -0.169852
v 0.089786 0.067807 -0.077179
v 0.013683 0.202694 -0.131691
v 0.139225 0.223047 -0.153893
v 0.078495 0.114377 -0.169777
v 0.128893 0.215599 -0.176684
v 0.110006 0.244792 -0.127679
v 0.043777 0.258283 -0.140019
v 0.042486 0.277205 -0.137495
v 0.086744 0.199176 -0.195655
v 0.122348 0.147795 -0.171595
v -0.073165 0.218448 -0.188737
v 0.081057 0.074531 -0.181804
v 0.148889 0.182915 -0.160924
v 0.138013 0.173873 -0.176396
v 0.142485 0.168008 -0.166836
v 0.141996 0.168597 -0.105264
v 0.102662 0.138659 -0.084060
v 0.090348 0.103562 -0.091161
v 0.087456 0.098399 -0.129298
v 0.060080 0.033883 -0.117935
v 0.105441 0.114510 -0.083967
v 0.077974 0.053289 -0.169950
v 0.014092 0.187278 -0.087947
v 0.082683 0.118761 -0.139260
v 0.030623 0.149093 -0.149090
v 0.066103 0.150578 -0.178168
v 0.059656 0.244983 -0.117957
v 0.166218 0.029475 -0.024675
v 0.080419 0.105453 -0.117242
v 0.050927 0.108769 -0.199067
v 0.083285 0.063240 -0.125797
v 0.070711 0.057750 -0.185492
v 0.088800 0.041474 -0.048064
v 0.102989 0.057983 0.008854
v 0.075175 0.011526 -0.063847
v 0.120452 0.072373 -0.048471
v 0.130207 0.091377 0.043451
v 0.120880 0.141937 -0.034176
v 0.076603 -0.077279 -0.113019
v 0.124732 0.146883 -0.099466
v 0.131908 0.094877 -0.034935
v 0.128012 0.130190 -0.025443
v 0.125837 0.099857 0.033864
v -0.004487 0.132933 -0.042347
v 0.108495 0.053662 -0.041343
v 0.180278 0.034570 -0.013633
v 0.055969 0.265678 -0.120295
v 0.051931 0.022791 -0.143063
v 0.124075 -0.002712 0.119987
v 0.035925 0.156550 -0.027022
v 0.101044 -0.004300 -0.027451
v 0.063955 -0.024226 -0.162177
v 0.116980 0.062714 -0.033584
v 0.059791 0.070018 -0.087433
v 0.082162 0.051732 -0.149646
v 0.067446 0.117392 -0.182085
v -0.015496 0.079030 -0.184838
v 0.064961 0.041059 -0.173218
v -0.091921 0.115475 -0.173792
v 0.062882 0.027918 -0.131398
v 0.002245 0.151825 -0.040590
v 0.041174 0.038890 -0.096790
v 0.014887 0.079100 -0.080308
v 0.063943 0.038853 -0.055818
v 0.010568 0.031371 -0.166242
v -0.024774 0.147624 -0.063503
v 0.041090 -0.013663 -0.010893
v 0.025892 -0.032877 -0.004115
v -0.015887 0.150315 -0.049107
v 0.070024 0.053542 -0.113906
v 0.072236 0.053124 -0.070330
v -0.122347 0.167625 -0.104373
v -0.062770 0.239754 -0.094887
v 0.033411 0.012213 -0.015815
v 0.043239 0.203082 -0.076457
v -0.024628 0.088621 0.006643
v 0.029969 0.202514 -0.144615
v -0.008690 0.167490 -0.023964
v 0.018495 0.142185 -0.124013
v 0.029357 0.007399 -0.157685
v -0.014414 0.128026 -0.158632
v 0.028259 0.162783 -0.140676
v 0.074935 -0.000866 -0.150569
v -0.030493 0.135710 -0.176933
v 0.036427 0.068406 -0.204611
v -0.030451 0.014883 -0.206921
v 0.058114 0.093638 -0.202071
v -0.060234 0.274367 -0.100642
v -0.058641 0.222547 -0.179372
v 0.104214 0.162044 -0.191103
v 0.101030 0.226849 -0.182844
v 0.056808 0.120029 -0.188835
v 0.028645 0.110878 -0.202343
v 0.037364 0.165676 -0.160763
v -0.025444 0.197982 -0.051242
v -0.001793 0.210658 -0.140282
v 0.036001 0.186968 -0.163758
v 0.021719 0.261135 -0.155370
v -0.084995 0.221312 -0.184042
v 0.016839 0.276305 -0.039334
v 0.051987 0.239106 -0.061909
v 0.047289 0.186136 -0.077562
v -0.023789 0.303480 -0.132690
v 0.008135 0.290836 -0.149054
v -0.033496 0.248674 -0.148562
v 0.056295 0.280117 -0.106274
v 0.007233 0.314263 -0.124810
v -0.157800 0.214647 -0.113857
v 0.045321 0.300192 -0.102459
v -0.012022 0.315236 -0.118310
v 0.005355 0.319637 -0.093785
v 0.003429 0.364377 -0.017496
v -0.021187 0.256209 0.013846
v -0.011413 0.234960 -0.026805
v -0.149210 0.254329 -0.074222
v -0.022004 0.282426 0.012952
v -0.005580 0.274826 -0.034005
v -0.021415 0.256253 -0.029601
v -0.156010 0.183444 0.011138
v -0.172283 0.249471 -0.067753
v 0.060752 0.246528 -0.084513
v -0.128464 0.250965 -0.077910
v -0.063265 0.262300 -0.084078
v 0.009814 0.059070 -0.196888
v -0.046371 0.230692 -0.045175
v 0.007351 0.284899 -0.040773
v -0.004636 0.038144 -0.170163
v -0.012196 0.318925 -0.090518
v 0.035824 0.293812 -0.134844
v -0.038313 0.293927 -0.132335
v 0.051735 0.279127 -0.124012
v -0.090960 0.229990 -0.148261
v -0.026986 0.108323 -0.152135
v -0.058142 0.224001 -0.079528
v -0.046992 0.248682 -0.136855
v -0.055831 0.267523 -0.064340
v -0.062636 0.251418 -0.104667
v -0.051721 0.227963 -0.152902
v -0.037703 0.194882 -0.193387
v -0.093467 0.210574 -0.194046
v -0.057293 0.225624 -0.109894
v -0.118204 0.171113 -0.195243
v -0.083793 0.158567 -0.211059
v -0.105439 0.206347 -0.190329
v -0.172337 0.142456 -0.099844
v -0.068356 0.145342 -0.208089
v -0.020403 0.200542 -0.157157
v -0.123754 0.141339 -0.177563
v -0.026500 0.068121 -0.029541
v -0.003599 0.072180 -0.028687
v -0.042756 0.119302 -0.167776
v -0.004126 0.068298 -0.192878
v -0.074685 0.046281 -0.210416
v -0.032117 0.085669 -0.142815
v -0.086393 0.125997 -0.192844
v -0.088616 0.142479 -0.204744
v -0.109266 0.232348 -0.031060
v -0.060098 0.118571 -0.180861
v -0.033617 0.083943 -0.124946
v -0.022532 0.114676 0.009316
v -0.103514 0.176129 0.018507
v -0.024858 0.100097 -0.120628
v -0.038861 0.174761 -0.076708
v 0.034704 0.060807 -0.088246
v 0.019342 0.135071 -0.004957
v -0.001831 0.175746 0.162181
v -0.011269 0.180496 -0.124655
v 0.025145 0.185173 -0.109514
v -0.020021 0.159615 -0.056317
v -0.094741 0.071769 -0.161130
v -0.133327 0.191178 -0.147793
v -0.173284 0.143182 -0.078272
v -0.035277 0.264095 -0.039206
v -0.067848 0.197723 -0.084507
v -0.178296 0.166018 -0.085936
v -0.055603 0.216776 -0.095498
v -0.231185 0.124096 -0.001112
v 0.004746 0.106453 -0.013022
v -0.072573 0.097182 -0.043275
v -0.014387 0.134131 -0.145019
v -0.141781 0.121301 -0.143434
v -0.087413 0.110384 -0.151842
v -0.070955 0.111357 -0.132510
v -0.047389 0.113268 -0.140712
v -0.064013 0.121358 -0.102759
v -0.069351 0.110470 -0.162991
v -0.049327 -0.000336 -0.212737
v -0.055979 0.081641 -0.149055
v -0.059886 0.085002 -0.029039
v -0.222946 0.106446 0.044335
v -0.218943 0.145823 -0.007734
v -0.043696 0.073313 -0.019872
v -0.122393 0.154309 -0.092519
v -0.188667 0.037198 -0.052666
v -0.133317 0.095999 -0.004114
v -0.103936 0.157358 -0.076397
v -0.189251 0.162168 -0.019018
v -0.192160 0.110620 -0.054645
v -0.199066 0.194096 -0.058392
v -0.164835 0.163067 -0.026352
v -0.150550 0.219491 -0.009813
v -0.169841 0.152661 -0.072709
v -0.201469 0.163587 -0.007389
v -0.168134 0.167043 -0.097047
v -0.175735 0.118366 -0.134435
v -0.191401 0.117726 -0.115950
v -0.198460 0.068654 -0.064744
v -0.210486 0.028777 -0.023704
v -0.210050 0.138643 -0.022409
v -0.233721 0.113175 0.021952
v -0.167542 0.232100 -0.101724
v -0.191844 0.205935 -0.034976
v -0.231195 0.135321 0.018959
v -0.181634 0.029985 0.014443
v -0.177809 0.038394 -0.107539
v -0.204955 0.097397 0.055849
v -0.215522 0.086042 -0.003869
v -0.182975 0.112277 -0.039504
v -0.086952 0.094038 -0.128466
v -0.125703 0.030176 -0.167690
v -0.165246 0.048325 -0.133213
v -0.200491 0.060647 -0.088257
v -0.230515 -0.010349 -0.023685
v -0.104554 0.015685 -0.203626
v -0.123560 -0.085535 -0.148184
v -0.127816 0.153542 -0.181011
v -0.104271 0.168965 -0.205136
v -0.154349 0.081788 -0.151006
v -0.086129 0.020936 -0.213369
v -0.116717 0.050955 -0.169367
v -0.049423 0.078430 -0.162100
v -0.100577 0.150881 -0.204498
v -0.086886 -0.015611 -0.201715
v -0.194633 -0.065353 -0.054380
v -0.031045 0.076009 -0.100757
v -0.034881 0.066264 -0.077900
v -0.138122 0.021122 -0.087177
v -0.125574 0.035052 -0.128894
v -0.112309 0.186301 -0.198085
v -0.085907 -0.001581 -0.210224
v -0.107808 0.132574 -0.188337
v -0.130762 0.127206 -0.138170
v -0.133864 0.149875 -0.145803
v -0.187339 0.070960 0.010692
v -0.111286 0.119879 -0.144388
v -0.191816 0.187603 -0.037999
v -0.129333 0.178636 -0.118021
v -0.075982 0.186892 0.010435
v -0.133309 0.187594 -0.165343
v -0.047260 0.207075 -0.076894
v -0.053160 0.201509 -0.087985
v -0.096404 0.128614 -0.043190
v -0.112027 0.143953 -0.026353
v -0.113471 0.122520 -0.028836
v -0.125738 -0.210431 0.092336
v -0.149013 0.249096 -0.089895
v -0.163567 0.178655 -0.013031
v -0.101128 0.220146 -0.121041
v -0.109649 0.241407 -0.073634
v -0.162061 0.223786 -0.109196
v -0.093047 0.215337 -0.076414
v -0.168038 0.241109 -0.033293
v -0.090830 0.187640 -0.027910
v -0.103173 0.235449 -0.045843
v -0.103801 0.227604 -0.086751
v -0.086574 0.187156 -0.058454
v -0.198910 0.209410 -0.052255
v -0.189664 0.178612 -0.042519
v -0.142370 0.133029 0.061380
v -0.140564 0.248078 -0.034895
v -0.193551 0.167954 0.037675
v -0.024721 0.224755 0.007546
v -0.112470 0.147883 -0.008733
v -0.122983 0.163933 0.034733
v -0.022065 0.372477 0.000241
v -0.015736 0.318154 0.011607
v -0.016923 0.197639 0.007205
v -0.005798 0.244960 -0.025593
v -0.063771 0.182637 0.018705
v -0.011132 0.178031 0.014439
v -0.018180 0.207749 -0.140537
v -0.080186 0.159638 0.147151
v -0.095190 0.143063 0.069389
v -0.029136 0.155842 0.105304
v -0.016438 0.114562 0.171688
v -0.046626 0.048531 0.171463
v -0.035940 0.199528 0.017727
v -0.067368 0.003901 0.160081
v -0.009195 0.196486 0.017911
v -0.018520 0.157521 0.163961
v -0.103195 -0.189233 0.153234
v -0.109862 0.165142 -0.020500
v -0.021434 0.269793 0.012420
v -0.126014 0.143457 0.118882
v -0.156344 0.138272 -0.037649
v -0.202241 0.074700 0.006511
v -0.143530 0.167775 0.047821
v -0.038925 0.125352 0.148919
v -0.107714 0.104005 0.162212
v -0.052075 0.025797 0.204126
v -0.086266 0.091052 0.164415
v -0.190472 0.064184 0.082723
v -0.012569 0.127037 0.016703
v -0.092875 0.157505 0.037909
v -0.090416 0.217036 0.033798
v -0.068929 0.189782 0.043686
v -0.093117 0.170529 0.105341
v -0.106005 0.094943 0.160301
v -0.182361 -0.013174 0.066538
v -0.128070 0.113566 0.094660
v -0.178520 0.084571 0.068951
v -0.127750 0.154940 0.047979
v -0.033980 -0.039245 0.185643
v -0.184202 0.104478 0.064938
v -0.167474 0.088656 0.091271
v -0.195900 -0.016918 0.028228
v -0.212967 -0.016164 0.016071
v -0.207813 0.140682 0.054587
v -0.162171 0.043814 0.123871
v -0.132729 0.104840 0.111989
v -0.184045 0.012070 0.088395
v -0.172536 -0.152873 0.027492
v -0.184273 0.009937 0.064938
v -0.038022 0.042799 0.213572
v -0.069764 -0.010953 0.184567
v -0.128673 0.054216 0.127749
v -0.081418 0.124242 0.169304
v -0.065243 0.072165 0.143370
v 0.088990 0.053675 0.030882
v -0.044231 0.108697 0.155194
v -0.036922 0.152293 0.092959
v -0.051874 0.146138 0.150533
v -0.045831 0.080865 0.133930
v -0.004272 0.166655 0.169668
v -0.040238 0.151507 0.131736
v -0.013933 0.158387 0.088740
v 0.066310 0.171827 0.137421
v -0.019033 0.093309 0.136210
v 0.033637 0.118342 0.187212
v -0.006223 0.027068 0.096098
v -0.056649 0.161265 0.137158
v -0.053032 0.165222 0.091312
v -0.016174 0.178837 0.120835
v -0.071846 0.006697 0.134017
v -0.191583 0.071974 0.025551
v -0.126146 0.136701 0.050512
v -0.078779 0.150304 0.069300
v -0.170257 0.168073 0.049900
v -0.156315 0.129821 0.066786
v -0.222791 0.087452 0.012651
v 0.032180 0.011859 0.016294
v -0.061074 0.161585 0.073813
v -0.104200 -0.136967 -0.087818
v -0.018153 0.152661 0.018717
v -0.219661 0.015189 -0.011868
v -0.005722 0.083853 0.140203
v 0.011665 0.134400 -0.111276
v -0.017542 0.086549 0.017798
v -0.144261 0.065045 -0.025774
v -0.208263 0.157119 0.039682
v -0.035340 0.064142 -0.004827
v -0.013875 0.105882 0.016214
v -0.019158 0.049217 0.030962
v 0.018463 0.136117 -0.072838
v -0.100647 0.211091 -0.016924
v -0.075667 0.066890 0.064850
v -0.061369 0.078829 0.080255
v -0.021729 0.167724 0.020905
v -0.167526 0.081488 0.103871
v -0.224464 0.092042 0.030197
v -0.180132 0.084686 0.053928
v -0.178553 -0.026954 0.038180
v -0.197222 -0.036394 0.111159
v -0.199173 0.122662 0.064612
v -0.211798 0.114722 0.057729
v -0.195921 0.102156 0.061985
v -0.116383 0.120976 0.028818
v -0.186265 0.156536 0.056161
v -0.185968 0.143513 0.064109
v -0.224521 0.132292 0.041293
v -0.112949 0.158259 -0.001840
v -0.220393 0.150872 0.030296
v -0.222152 0.151613 0.012252
v -0.208907 0.164316 0.016822
v -0.231435 0.101455 0.005664
v -0.197784 0.033632 -0.005065
v -0.229818 0.095125 0.020190
v -0.130843 -0.029062 -0.080458
v -0.207247 -0.056509 -0.000346
v -0.179242 0.008172 0.054163
v -0.203966 -0.051143 0.105927
v -0.194985 0.050379 0.080252
v -0.170534 -0.107624 0.111359
v -0.198784 -0.071872 0.049470
v -0.048254 0.037329 0.151882
v -0.179536 0.026866 0.109354
v -0.155218 -0.004393 0.100126
v -0.192101 0.045168 0.093901
v -0.145781 -0.068439 -0.055118
v -0.151918 -0.096760 0.127378
v -0.054224 -0.061304 0.196595
v -0.166842 -0.057443 0.138667
v -0.162418 -0.130729 0.116923
v -0.200571 -0.050103 0.112244
v -0.124089 -0.035495 0.124858
v -0.167499 -0.007204 0.100243
v -0.206905 -0.065580 0.060038
v -0.140790 0.044310 0.129098
v -0.035406 0.032794 0.053376
v -0.113144 -0.207105 -0.100247
v -0.216006 -0.006069 -0.066412
v -0.189104 0.013406 0.024435
v -0.112539 0.127656 -0.005507
v -0.126884 0.029385 -0.148546
v -0.190899 -0.041175 0.042701
v -0.138450 -0.188865 0.065467
v -0.177736 -0.089535 -0.014377
v -0.037281 -0.138163 -0.105068
v -0.142837 -0.104829 -0.060558
v -0.166920 -0.041988 0.135643
v -0.210773 -0.054307 -0.050686
v -0.024537 0.056944 0.139895
v -0.109547 -0.183995 -0.027870
v -0.056881 0.081948 0.151235
v -0.042031 -0.008714 0.106783
v -0.041235 -0.010839 0.070031
v -0.067915 -0.001275 0.093179
v -0.167662 -0.004558 0.061966
v -0.084816 -0.004524 0.176852
v -0.046587 -0.246442 0.132410
v -0.064742 0.032604 0.055953
v -0.172850 -0.000708 -0.087351
v -0.150229 -0.053196 -0.075251
v 0.069602 -0.041028 0.077356
v 0.052148 -0.045131 0.032875
v 0.064847 -0.029489 0.077067
v 0.014839 -0.021497 0.061013
v -0.068556 0.081500 0.157523
v -0.120263 0.094488 0.149558
v -0.091662 0.000730 0.123561
v -0.068769 0.002488 0.116049
v -0.096375 -0.049250 0.196072
v -0.015993 -0.066001 0.194081
v -0.125141 -0.098064 0.125095
v -0.069129 -0.101637 0.169467
v -0.120865 -0.020659 0.161006
v -0.108022 0.007668 0.107612
v -0.127745 -0.063303 0.156626
v -0.006854 0.052355 0.223038
v -0.118984 -0.037167 0.178662
v -0.087480 0.005997 0.140963
v -0.068535 -0.071264 0.198203
v -0.020182 -0.126842 0.130454
v -0.027055 -0.135660 0.146089
v -0.004227 0.071863 0.177353
v 0.004639 -0.081719 0.220353
v 0.002596 -0.047843 0.199310
v -0.095379 0.110047 0.168499
v -0.033654 0.056485 0.201734
v -0.021386 -0.057395 0.172514
v -0.057013 0.070982 0.113676
v -0.056888 -0.001518 0.178902
v 0.006773 -0.123675 0.215478
v -0.183509 -0.109470 0.083921
v -0.019757 0.064388 0.152239
v -0.032666 -0.005758 0.224362
v -0.123201 -0.067090 0.170255
v -0.054594 0.028879 0.163252
v -0.052919 0.017707 0.151745
v -0.084268 0.062979 0.127935
v -0.100128 0.000569 0.149920
v -0.059204 -0.040497 0.198178
v -0.116632 -0.021999 0.173205
v -0.139220 -0.082815 0.134446
v -0.157553 -0.118779 0.106454
v 0.001148 -0.134643 0.205491
v -0.097254 -0.173544 0.160357
v -0.121217 -0.108710 0.139989
v -0.059176 -0.207831 0.184196
v -0.106737 -0.103123 -0.156618
v -0.015326 -0.251339 0.122463
v -0.097606 -0.162595 0.163638
v -0.042604 -0.152067 0.172581
v -0.101266 -0.265261 0.084603
v -0.165616 -0.112170 0.064269
v -0.065398 -0.106173 0.150550
v -0.146287 -0.122637 0.053963
v -0.151819 -0.177917 0.136660
v -0.151775 -0.197625 0.099677
v -0.116219 -0.118059 0.151755
v -0.053971 -0.108504 0.127217
v -0.051430 -0.242142 0.160780
v -0.036127 -0.245176 0.119061
v -0.143273 -0.200168 0.084825
v -0.007032 -0.123819 0.208431
v -0.090221 -0.237968 -0.083119
v -0.040689 -0.197398 0.197311
v -0.061572 -0.217548 0.100174
v -0.015397 -0.249051 0.169875
v -0.017660 -0.250734 0.106442
v -0.040127 -0.250842 0.149410
v -0.138382 -0.166202 0.043576
v -0.063821 -0.164419 0.158427
v 0.049949 -0.225627 0.154414
v -0.031691 -0.088693 0.181116
v -0.035889 -0.251635 0.137017
v -0.055318 0.043774 -0.010138
v -0.120950 -0.253083 0.068217
v -0.107113 -0.094599 0.124429
v -0.069244 -0.211435 0.093011
v -0.054704 -0.293728 0.064063
v -0.034257 -0.137885 0.124170
v -0.130512 -0.239033 0.040908
v -0.121701 -0.172019 0.046639
v -0.090036 -0.295100 0.025573
v -0.077430 -0.207318 0.115481
v 0.025362 -0.317736 0.114671
v -0.012115 -0.288111 0.112556
v -0.078534 -0.271307 0.091621
v -0.091478 -0.280797 0.080091
v -0.100577 -0.233202 -0.057706
v 0.017309 -0.323316 0.100547
v 0.001397 -0.276684 0.032654
v -0.011229 -0.303595 0.062327
v -0.105570 -0.213060 0.080672
v -0.022509 -0.259341 0.094024
v -0.012229 -0.298807 0.104154
v -0.104885 -0.276692 0.072859
v -0.082194 -0.289956 0.006302
v -0.072570 -0.300801 0.045035
v -0.113795 -0.216923 0.072070
v -0.140710 -0.134374 0.059929
v -0.189073 -0.131806 0.010255
v -0.079219 -0.241265 -0.054235
v -0.034669 -0.263971 -0.007831
v -0.117012 -0.203520 0.027723
v -0.040150 -0.234611 -0.036901
v -0.110141 -0.177891 0.029232
v -0.092012 -0.023067 -0.082698
v -0.157107 -0.183411 0.080268
v -0.114806 -0.211178 0.010730
v -0.045486 0.132278 0.070763
v -0.118317 -0.184620 -0.049613
v -0.182192 -0.124005 -0.036257
v -0.155266 -0.155898 0.040673
v -0.167712 -0.171175 0.093586
v -0.146849 -0.163760 0.060326
v -0.171804 -0.079056 -0.035565
v -0.168200 -0.150751 0.118328
v -0.185602 -0.060021 0.012902
v -0.109517 -0.240181 -0.006735
v -0.160180 -0.145589 0.076530
v -0.169225 -0.148148 0.099351
v -0.018791 -0.099822 0.117319
v -0.138667 -0.207738 0.109990
v -0.164097 -0.132655 0.095865
v -0.161393 -0.164805 0.076247
v -0.191483 -0.125550 0.001625
v -0.122648 -0.186945 0.003559
v -0.095242 -0.194344 -0.121308
v -0.025971 -0.267369 -0.019792
v -0.191795 -0.050382 0.040452
v -0.017593 -0.284725 -0.022800
v -0.168692 -0.172354 -0.009334
v -0.175843 -0.161945 -0.012976
v -0.229166 -0.026641 -0.033304
v -0.154236 -0.114297 0.066192
v -0.224320 0.011833 -0.030960
v -0.132696 -0.049770 -0.108306
v -0.225323 -0.016876 -0.052594
v -0.216814 -0.052194 -0.038999
v -0.211901 -0.022218 -0.072116
v -0.175072 -0.086015 0.008252
v -0.205393 0.032259 -0.040198
v -0.195572 -0.061535 0.005156
v -0.214426 -0.043424 0.005610
v -0.190053 0.015875 -0.075105
v -0.138126 -0.094081 -0.090069
v -0.114849 -0.130917 -0.113736
v -0.175671 0.030309 -0.068467
v -0.153162 0.063459 0.021780
v -0.187350 0.078453 -0.044619
v -0.159553 -0.068232 0.021016
v -0.184451 0.051871 -0.058747
v -0.158570 0.077157 -0.024708
v -0.191066 0.050639 -0.106088
v -0.173092 0.044234 -0.002320
v -0.147430 -0.026355 -0.086260
v -0.125522 -0.121461 -0.100049
v -0.118289 0.029547 -0.187881
v -0.155692 0.030369 -0.113483
v -0.108709 -0.153622 -0.063990
v -0.130363 -0.000481 -0.077492
v -0.206376 0.004134 -0.072591
v -0.036843 -0.197143 -0.117945
v -0.017584 -0.261946 0.016886
v -0.154487 -0.101227 -0.055017
v -0.122694 0.043786 0.009393
v -0.111336 0.060829 0.025279
v -0.090831 0.038999 0.028960
v -0.150697 -0.143561 -0.058172
v -0.116845 -0.166140 -0.072383
v -0.099656 -0.139066 -0.104233
v -0.129746 0.068565 0.021049
v -0.127781 -0.067925 -0.056262
v -0.106058 0.064690 -0.160406
v -0.132865 -0.052115 -0.087187
v -0.068285 0.057944 -0.203801
v -0.114197 -0.012325 -0.177597
v -0.099285 0.048142 -0.198216
v -0.107612 0.035581 -0.198611
v -0.135835 -0.082390 -0.049627
v -0.140886 -0.076234 -0.096133
v -0.113810 -0.084149 -0.156601
v -0.121834 -0.176485 -0.039532
v -0.109057 -0.185861 0.011826
v -0.025527 -0.112164 -0.129247
v -0.045316 -0.228231 -0.021325
v 0.048032 0.023397 -0.000247
v -0.054870 0.181697 -0.082184
v -0.093564 -0.170543 -0.116635
v -0.103651 -0.026066 -0.112136
v -0.094998 -0.039307 -0.148256
v -0.051881 -0.237402 -0.095691
v -0.021325 -0.271075 -0.054042
v -0.084498 -0.252674 -0.019153
v -0.015989 -0.021179 -0.148099
v -0.110146 -0.196541 -0.032813
v -0.036205 -0.281488 0.010239
v -0.028930 -0.257930 -0.040702
v -0.100848 -0.187194 -0.006902
v -0.062415 -0.239714 -0.044986
v -0.012256 -0.268105 0.041166
v -0.168570 -0.155942 0.089171
v -0.072584 -0.289281 0.002783
v -0.007077 -0.191879 -0.083650
v -0.082446 -0.230282 -0.024091
v -0.023181 -0.277587 -0.035638
v -0.103087 -0.262337 -0.008234
v -0.102080 -0.225067 -0.041662
v -0.076604 -0.231272 -0.106922
v -0.112337 -0.257300 0.078603
v -0.125253 -0.225599 0.019061
v -0.029328 -0.223704 -0.096813
v -0.062585 -0.179497 -0.126336
v 0.060498 -0.267687 -0.078387
v -0.102370 -0.125385 -0.142645
v -0.032493 -0.245627 -0.020441
v -0.013902 -0.256126 -0.071595
v -0.065639 -0.115179 -0.155604
v -0.068132 -0.244765 -0.022439
v 0.002130 -0.270747 -0.078447
v -0.088200 -0.231738 -0.100558
v 0.061054 -0.193500 -0.066989
v 0.000798 -0.100256 -0.127125
v -0.050577 -0.063735 -0.155580
v -0.020443 -0.054076 -0.128334
v 0.005121 -0.088942 -0.112669
v -0.040575 -0.113708 -0.142301
v -0.102173 0.019634 -0.078286
v -0.086803 0.005428 -0.066681
v -0.114434 0.005075 -0.066569
v -0.090826 -0.150191 -0.101360
v 0.006495 -0.176865 -0.151795
v -0.035951 -0.216299 -0.110769
v -0.047364 -0.205251 -0.121881
v -0.080963 -0.148974 -0.109536
v -0.051791 -0.190094 -0.126076
v -0.000963 -0.044139 -0.151942
v -0.037252 -0.024466 -0.186764
v -0.074592 -0.094442 -0.166342
v -0.014713 -0.152119 -0.140208
v 0.006485 -0.130357 -0.155616
v -0.020411 -0.038811 -0.134064
v -0.028282 -0.027735 -0.138241
v -0.010187 -0.036330 -0.146747
v -0.059716 0.031289 -0.216829
v 0.046956 -0.088100 -0.124004
v 0.002557 -0.064669 -0.143243
v -0.012896 0.041610 -0.182315
v -0.023513 0.040769 -0.194460
v -0.051432 0.046633 -0.210119
v -0.044249 0.056128 -0.201370
v -0.034172 0.059187 -0.190273
v -0.070103 0.129011 -0.198008
v -0.094445 0.035329 -0.208342
v -0.040090 -0.039119 -0.132005
v -0.106098 -0.152327 -0.078915
v -0.047694 0.018655 -0.216099
v -0.085098 0.059313 -0.198655
v -0.005931 0.003925 -0.152965
v -0.132858 -0.111728 -0.117364
v -0.101146 -0.223121 -0.101396
v -0.062544 0.089100 -0.130199
v -0.101749 0.015085 -0.101730
v -0.076585 -0.008326 -0.085652
v -0.107126 -0.045563 -0.144537
v -0.131243 -0.102134 -0.133964
v -0.071020 -0.013901 -0.207746
v -0.152403 0.068234 -0.149014
v -0.123425 0.001196 -0.171591
v -0.175484 0.044659 -0.122434
v -0.118491 0.020529 -0.119964
v -0.149344 0.025244 -0.101535
v -0.072967 -0.069376 -0.165287
v -0.086943 -0.056918 -0.160160
v -0.085343 -0.109924 -0.160806
v -0.078861 -0.078626 -0.167737
v -0.160169 0.018299 -0.080263
v -0.153642 -0.043746 -0.083076
v -0.106971 -0.198368 -0.112433
v -0.113715 -0.119100 -0.069359
v -0.099913 -0.010939 -0.055215
v -0.077082 0.041001 -0.011219
v -0.119857 -0.115212 -0.139547
v -0.089007 -0.120270 -0.153774
v -0.047508 -0.138251 -0.106649
v -0.092484 -0.034136 -0.159387
v -0.026811 -0.095676 -0.137830
v 0.152927 -0.076417 -0.073235
v 0.098232 -0.164015 -0.097003
v 0.081908 -0.167215 -0.145611
v 0.058699 -0.173886 -0.048823
v 0.122831 -0.237282 0.000522
v 0.065380 -0.313593 0.049566
v 0.141752 -0.143970 -0.073099
v 0.110056 -0.096804 -0.093105
v 0.111633 -0.064858 -0.079591
v 0.121656 -0.127846 -0.088857
v 0.060204 -0.124501 -0.157791
v 0.190542 -0.015452 -0.013444
v 0.095616 0.001908 -0.116713
v 0.099310 -0.045275 -0.083666
v 0.145083 -0.066576 -0.072102
v 0.104838 -0.022050 -0.027406
v 0.115233 0.008562 -0.031899
v 0.131603 -0.045138 -0.043423
v 0.053790 -0.171652 -0.159668
v 0.048877 -0.019899 -0.034637
v 0.080147 -0.076941 -0.099298
v 0.082901 -0.084913 -0.080784
v 0.079671 -0.013198 -0.050164
v 0.052154 0.032656 -0.171440
v 0.083823 -0.045896 -0.144417
v 0.021722 -0.026427 -0.165001
v -0.002236 -0.126134 -0.147698
v 0.009782 -0.027490 -0.161573
v 0.004479 -0.072418 -0.135489
v -0.036117 -0.157669 -0.105651
v 0.016976 -0.078477 -0.136018
v 0.033582 -0.093770 -0.136728
v -0.002082 -0.115262 -0.141074
v -0.008016 -0.112797 -0.132417
v 0.028506 -0.140772 -0.166267
v 0.051215 0.062695 -0.199957
v 0.041754 -0.170943 -0.162642
v -0.007675 -0.187978 -0.125274
v 0.055767 -0.185361 -0.049954
v 0.007005 -0.237841 -0.085256
v 0.056357 -0.208665 -0.076399
v 0.063854 -0.259656 -0.081492
v 0.085238 -0.190241 -0.117251
v 0.157016 -0.152017 -0.039277
v 0.081080 -0.208279 -0.047121
v 0.025172 -0.294383 0.002753
v -0.000390 -0.296669 -0.050118
v 0.014857 -0.296498 -0.002359
v -0.000111 -0.300168 -0.033924
v 0.042139 -0.233418 -0.090268
v -0.000798 -0.252468 -0.082347
v -0.012599 -0.290823 -0.039364
v 0.033459 -0.312144 0.037794
v -0.005264 -0.296656 -0.024097
v 0.013245 -0.303265 0.035975
v 0.006416 -0.300467 -0.016645
v 0.082055 -0.271210 -0.009439
v 0.078504 -0.273402 0.041094
v 0.066786 -0.246132 0.035112
v 0.105703 -0.233933 0.074224
v 0.047377 -0.329301 0.086150
v 0.019022 -0.312436 0.040120
v 0.122021 -0.230780 0.130206
v 0.082835 -0.241648 0.052857
v 0.125073 -0.246606 0.048036
v -0.041135 -0.266340 0.085065
v 0.089099 -0.232459 -0.000844
v 0.112133 -0.247951 0.017933
v 0.049681 -0.177157 -0.005696
v 0.123122 -0.230079 -0.008694
v 0.076690 -0.097700 -0.084161
v 0.103847 -0.225334 -0.013378
v 0.145763 -0.149438 0.043405
v 0.150004 -0.207082 -0.007093
v -0.105920 -0.126029 -0.064819
v 0.056671 -0.040319 -0.033391
v 0.044317 0.033105 -0.075046
v -0.036510 -0.023259 -0.031962
v -0.050145 -0.027480 -0.041752
v -0.006170 -0.043550 -0.006616
v 0.075846 0.031414 -0.035905
v 0.081210 -0.195353 -0.016174
v 0.099730 -0.036820 -0.026409
v 0.124034 -0.179019 -0.021631
v 0.050584 -0.167172 -0.026614
v -0.037353 -0.241896 0.093777
v 0.042155 -0.074387 -0.002972
v 0.083809 -0.007521 -0.014672
v 0.066947 -0.046396 0.006903
v 0.071345 -0.162223 -0.017672
v 0.055664 -0.151115 -0.034410
v 0.146960 -0.143415 0.074247
v 0.156926 -0.054008 0.085817
v 0.117155 -0.005075 -0.034487
v 0.165087 -0.187508 0.047593
v 0.157241 -0.219037 0.045590
v 0.143410 -0.106508 0.023267
v 0.163132 -0.127487 0.001771
v 0.173163 -0.129598 -0.019910
v 0.206825 0.018633 0.039380
v 0.153095 -0.060486 0.010527
v 0.154651 -0.029209 -0.028902
v 0.107850 0.073474 -0.070536
v 0.204288 -0.015704 0.011281
v 0.184481 -0.045469 0.005290
v 0.091684 0.058631 0.057937
v 0.201009 -0.023240 0.007794
v 0.181991 -0.018090 -0.020564
v 0.176772 -0.083893 0.084310
v 0.166863 -0.190520 0.022769
v 0.165640 -0.130220 0.097015
v 0.169256 -0.102662 0.057115
v 0.153697 -0.188113 0.072989
v 0.149536 -0.138199 0.006523
v 0.151321 -0.157176 0.012184
v 0.126147 -0.210456 0.105833
v 0.137868 -0.171646 0.118775
v 0.138734 -0.143363 0.109491
v 0.113854 -0.210712 0.179933
v 0.063877 -0.284012 0.131407
v 0.002969 -0.258712 0.129694
v 0.057823 -0.319853 0.104831
v 0.000710 -0.250107 0.126291
v 0.038727 -0.289911 0.136487
v 0.037252 -0.222185 0.132115
v 0.072439 -0.105329 0.205126
v 0.012138 -0.154658 0.176419
v -0.028392 -0.201356 0.200761
v 0.008720 -0.183151 0.193386
v 0.034138 -0.046180 0.198126
v 0.024430 0.061835 0.201341
v 0.175785 0.116835 0.049429
v -0.023228 0.008928 0.231506
v 0.053114 -0.050589 0.195040
v 0.042342 -0.052405 0.204629
v 0.044971 -0.105826 0.221764
v 0.027741 0.027557 0.231698
v -0.012748 -0.041103 0.202756
v 0.038889 0.050134 0.155258
v 0.093446 -0.006354 0.154623
v 0.077650 0.098587 0.039912
v 0.047514 -0.013260 0.135136
v -0.012511 0.030253 0.082080
v 0.030764 -0.026425 0.132144
v 0.049753 -0.045612 0.188393
v 0.032990 -0.042870 0.139565
v 0.033967 -0.041729 0.125747
v 0.100134 -0.081141 0.141012
v 0.095597 -0.069568 0.135313
v 0.133525 0.007672 0.115391
v 0.145072 0.037823 0.130212
v 0.135526 0.010023 0.121062
v 0.150628 -0.063162 0.121845
v 0.155930 -0.086451 0.130805
v 0.161528 0.112447 0.036769
v 0.169903 0.128750 0.122856
v 0.155130 0.168491 0.030461
v 0.055176 0.160640 -0.000836
v 0.139784 0.052922 0.066339
v 0.160661 0.062546 0.017398
v 0.130457 0.053433 0.063796
v 0.127177 0.072197 0.089716
v 0.131849 0.081954 0.068331
v 0.072926 0.163302 0.123584
v 0.098430 0.149920 0.012323
v 0.130268 0.063902 0.028970
v 0.078204 0.074809 0.067065
v 0.112440 0.091668 0.044348
v 0.123103 0.106851 0.004430
v 0.092642 0.075749 0.069620
v 0.046843 0.012661 -0.039752
v -0.001164 0.152889 0.076903
v 0.048440 0.163325 -0.014551
v 0.097093 0.065804 0.064692
v 0.048860 0.092086 0.040912
v 0.018268 0.106639 0.081243
v 0.027850 -0.019605 0.010929
v -0.080619 0.014696 0.087483
v 0.072306 0.087110 0.038614
v 0.047341 0.043493 0.061401
v 0.095880 0.097630 0.052361
v 0.109849 0.087156 0.059400
v 0.016584 0.036052 0.067666
v 0.109804 0.055658 0.042681
v 0.026211 0.053013 0.081316
v 0.011063 0.014640 0.087219
v -0.007349 0.000734 0.094660
v 0.048121 0.085215 0.149893
v 0.019119 0.082255 0.101055
v 0.091220 0.113314 0.122438
v 0.126794 0.074786 0.151077
v 0.122497 0.144257 0.145606
v 0.124857 0.083352 0.106980
v 0.115016 0.066326 0.167615
v 0.142144 0.023404 0.113595
v 0.084065 0.076575 0.169247
v 0.086963 0.098439 0.132094
v 0.052698 0.157702 0.175048
v 0.161855 0.169702 0.126703
v 0.056942 -0.039088 0.108417
v 0.017217 0.090302 0.170047
v -0.001600 0.071141 0.166598
v -0.008881 0.059904 0.134402
v -0.021428 0.043412 0.225100
v 0.105900 0.023513 0.174189
v 0.088784 0.201675 0.082530
v 0.038646 0.193057 0.128552
v 0.060322 0.175347 0.105720
v 0.066075 0.173528 0.126138
v -0.019258 0.139486 0.088431
v 0.096084 0.205920 0.075345
v 0.010176 0.208837 -0.040549
v 0.028230 0.202269 0.037206
v 0.030100 0.145721 -0.052137
v 0.071536 0.181328 0.054565
v 0.062836 0.165099 0.082048
v 0.100131 0.173130 0.028874
v 0.130997 0.211093 0.082984
v 0.043748 0.251523 0.002238
v 0.058069 0.273275 -0.083361
v 0.149044 0.200772 0.059474
v 0.136422 0.187050 0.128272
v 0.107460 0.170503 0.137170
v 0.178948 0.175365 0.094673
v 0.137593 0.217830 -0.107997
v 0.076367 0.241427 -0.115613
v 0.145990 0.201801 -0.109278
v 0.036634 0.254741 0.005109
v 0.048254 0.152757 -0.065661
v 0.072607 0.165106 -0.043102
v 0.059603 0.248587 -0.077008
v 0.112435 0.233320 -0.171405
v 0.152713 0.174510 -0.144293
v 0.146235 0.208921 -0.158734
v 0.143647 0.153174 -0.135165
v 0.137057 0.156492 -0.105781
v 0.133084 0.155472 -0.169462
v 0.112310 0.223516 -0.182787
v 0.032720 0.240532 -0.147585
v 0.037164 0.205535 -0.158944
v 0.047526 0.150094 -0.164018
v 0.115519 0.185620 -0.193476
v 0.078877 0.187834 -0.195281
v 0.110120 0.153168 -0.184529
v 0.118549 0.133977 -0.151265
v 0.065496 0.164261 -0.186856
v 0.079266 0.105203 -0.178726
v 0.138315 0.053788 -0.005806
v 0.116583 0.105364 -0.075171
v 0.115060 0.149575 -0.088226
v 0.091891 0.127294 -0.109580
v 0.067270 0.125742 -0.106179
v 0.076254 0.025478 -0.095713
v 0.073072 0.061898 -0.077614
v 0.078808 0.014429 -0.003603
v 0.122558 0.027870 -0.026522
v 0.197203 0.015391 -0.006085
v 0.113648 0.047423 -0.002509
v 0.169877 0.040015 -0.016710
v 0.054090 0.060338 -0.074815
v 0.129338 0.086337 -0.042950
v 0.030814 0.008273 -0.002032
v 0.091639 0.011657 -0.017425
v 0.055928 0.028129 -0.068912
v 0.108417 0.038734 -0.008991
v 0.028918 -0.066685 0.011042
v 0.088191 0.012883 -0.084994
v 0.074654 0.041663 -0.148837
v 0.059208 0.124160 -0.097728
v -0.101367 -0.197995 0.005083
v 0.068378 0.049934 0.027378
v -0.019542 0.065698 0.016506
v 0.110889 0.061372 -0.053765
v 0.029016 0.133951 -0.095384
v 0.027684 0.155663 -0.105865
v 0.078982 0.098321 -0.110368
v -0.015123 0.153107 -0.161364
v 0.015652 0.040016 -0.072828
v 0.030198 0.168755 -0.094300
v 0.027599 0.138968 0.006982
v -0.003071 0.068844 0.016163
v 0.064849 0.240653 -0.132169
v 0.024176 0.182385 -0.126248
v 0.025508 0.168493 -0.117995
v -0.112061 0.038054 -0.008408
v 0.012258 0.140926 -0.056271
v 0.041316 0.043998 -0.057663
v 0.024502 0.192555 -0.068551
v 0.001833 0.210669 -0.034301
v 0.030729 0.161644 0.075207
v -0.074824 0.170668 0.005542
v 0.037915 -0.002201 -0.005705
v 0.009871 0.087850 0.011708
v -0.006539 0.042599 0.042147
v 0.021134 0.049457 0.010468
v -0.022990 -0.036915 0.011635
v 0.001613 -0.056052 0.008197
v 0.017571 0.050318 -0.048891
v 0.021043 0.074189 -0.056511
v 0.008525 0.100779 -0.060258
v -0.143225 -0.156024 -0.055764
v 0.008871 0.101918 0.006869
v -0.003192 0.127648 -0.110181
v -0.011856 0.151954 -0.031242
v 0.004326 0.122061 -0.063082
v -0.002151 0.151192 -0.052132
v -0.008897 0.109421 0.003553
v 0.005330 0.106592 -0.077504
v 0.069420 0.125627 -0.094656
v -0.009101 -0.000130 -0.169314
v 0.066143 0.109516 -0.190654
v 0.077071 0.140312 -0.173016
v 0.000151 0.049404 -0.185616
v 0.022080 0.071568 -0.205658
v 0.028772 0.101140 -0.206632
v 0.069726 0.224291 -0.179035
v 0.022457 0.088598 -0.208210
v 0.056630 0.195491 -0.184474
v -0.018454 0.186612 -0.171025
v -0.010745 0.313246 -0.070197
v 0.011828 0.273390 -0.156827
v -0.126341 0.005704 -0.159850
v 0.019845 0.316257 -0.088676
v 0.026658 0.281791 -0.047947
v 0.006272 0.234377 -0.027240
v -0.053602 0.276934 -0.123646
v -0.024805 0.244246 -0.028625
v -0.023576 0.189011 -0.068161
v -0.020673 0.317036 -0.101481
v -0.014403 0.292006 -0.148070
v -0.140694 -0.091917 -0.113544
v -0.102460 0.224453 -0.134908
v -0.057571 0.240090 -0.117224
v -0.042956 0.236870 -0.137121
v -0.021909 0.187915 -0.177218
v -0.034464 0.166091 -0.197039
v -0.099860 0.105017 -0.136071
v -0.113844 0.213455 -0.173292
v -0.055352 0.202902 -0.199575
v -0.076730 0.115084 -0.179703
v -0.029802 0.108149 -0.136151
v -0.033449 0.067304 -0.176933
v -0.041863 0.126451 -0.182137
v -0.020208 0.144361 -0.168243
v -0.048497 0.046723 -0.028695
v -0.049247 0.068680 -0.042420
v -0.030763 0.052233 -0.047736
v -0.017132 0.116426 -0.106041
v -0.088739 0.143615 -0.082372
v -0.011809 0.074954 -0.092168
v 0.002702 0.108547 -0.036820
v -0.009500 0.154431 -0.042769
v -0.029700 0.165068 -0.069109
v -0.067902 -0.007719 0.001195
v -0.079734 -0.004004 -0.016945
v -0.086849 0.023721 0.000558
v -0.014981 0.160723 -0.112996
v -0.045252 0.190686 -0.083578
v -0.008568 0.198809 -0.128306
v -0.035564 0.205349 -0.053946
v -0.026084 0.157234 -0.086144
v -0.012095 0.175492 -0.085092
v -0.022429 0.239349 0.004801
v -0.033899 0.211697 -0.045903
v -0.008116 0.178373 -0.099369
v -0.010525 0.217390 -0.145118
v -0.030036 0.213249 -0.157911
v -0.142405 0.224579 -0.112212
v -0.089716 0.198596 -0.086125
v -0.085844 0.162813 -0.080663
v -0.093110 0.220001 -0.033568
v -0.097383 0.217279 -0.023897
v -0.081364 0.083371 -0.030640
v -0.063849 0.088883 -0.057108
v -0.048521 0.144859 -0.088168
v -0.112426 -0.018986 -0.066221
v 0.004216 0.122262 -0.021222
v -0.048101 0.164704 -0.080265
v -0.169752 0.137886 -0.057015
v -0.029880 0.112428 -0.115871
v -0.117966 0.089991 -0.148631
v -0.071439 0.107755 -0.068330
v -0.083818 0.105713 -0.119796
v -0.009939 0.058160 -0.081492
v 0.000176 0.046514 -0.063379
v -0.053546 0.112022 -0.154581
v -0.168812 0.075377 -0.031087
v -0.059701 0.142473 0.066563
v -0.172561 0.080222 -0.014097
v -0.190276 -0.002308 0.029287
v 0.000110 0.172738 0.087992
v -0.166954 0.064834 0.026778
v -0.145550 0.148814 -0.038412
v -0.070093 0.103371 -0.087050
v -0.141895 0.144509 -0.033216
v -0.177673 0.158573 -0.070279
v -0.157621 0.078609 -0.000465
v -0.177016 0.178719 -0.024219
v -0.100058 0.148424 -0.051062
v -0.208702 0.157169 -0.008964
v -0.218488 0.125112 -0.020743
v -0.209620 -0.010079 -0.074226
v -0.205482 0.101413 -0.088811
v -0.197052 0.058247 -0.072128
v -0.099959 0.138174 -0.198729
v -0.105200 0.116034 -0.153151
v -0.166003 0.135926 -0.124054
v -0.136683 0.173600 -0.163200
v -0.092223 0.202346 -0.201641
v -0.145786 0.221224 -0.113886
v -0.197418 0.190400 -0.077795
v -0.183402 0.237012 -0.043342
v -0.087832 0.197510 -0.069651
v -0.111044 0.244371 -0.053770
v -0.125016 0.242199 -0.031904
v -0.106807 0.180077 -0.008019
v -0.202313 0.167715 0.007164
v -0.180861 0.229676 -0.031730
v -0.165843 0.210537 -0.012157
v -0.141090 0.181951 0.010156
v -0.150229 0.183421 -0.003649
v -0.175319 0.174088 0.038006
v -0.063318 0.190702 0.030594
v -0.013409 0.269550 0.009282
v -0.010142 0.335697 0.002895
v -0.018191 0.373630 0.010452
v -0.012178 0.213624 0.009527
v 0.026523 0.184519 0.042963
v -0.075181 0.160387 0.044463
v -0.088869 0.164620 0.082942
v -0.049413 0.152924 0.076912
v -0.070603 0.170010 0.129959
v -0.064585 0.156903 0.146510
v -0.121233 0.102463 0.081621
v -0.112565 0.092304 0.055839
v -0.198404 0.026254 0.007114
v -0.125510 0.097988 0.064528
v -0.053600 0.077898 0.095525
v -0.090798 0.050824 0.109022
v -0.075318 0.035853 0.070667
v -0.038221 0.009223 0.124338
v -0.151969 0.047529 -0.004007
v -0.118947 0.078633 0.133592
v -0.037549 0.054741 0.155676
v -0.001505 0.095519 0.170370
v 0.004865 0.164763 0.176245
v 0.002913 0.041307 0.111052
v 0.009535 0.057916 0.117671
v 0.022138 0.017235 0.072983
v 0.001360 0.121011 0.078411
v -0.010974 0.152862 0.082849
v -0.097277 0.154642 0.077690
v -0.045176 0.149553 0.141708
v -0.170484 -0.008696 0.035455
v -0.125807 0.097209 0.048756
v -0.154050 0.116340 0.064994
v -0.138737 0.117664 0.057934
v -0.111692 0.143723 0.081133
v -0.037765 0.142179 0.080168
v 0.027473 0.120497 0.074590
v -0.129695 0.102885 -0.021322
v -0.099032 0.115376 0.065696
v -0.112730 0.082595 0.036713
v -0.004509 -0.021448 0.049883
v -0.028586 -0.023463 0.028230
v -0.019394 -0.022667 0.015512
v -0.031754 -0.031487 0.019097
v -0.040508 0.051863 -0.002646
v -0.153687 0.057478 -0.032565
v -0.000278 0.055390 0.019501
v -0.091789 0.079465 0.053266
v -0.012657 0.078335 -0.011500
v -0.021597 0.153622 0.000866
v -0.116266 0.165682 -0.010777
v -0.149127 0.134074 -0.037077
v -0.188170 0.037755 -0.001045
v -0.136656 0.086838 -0.017084
v -0.159721 -0.006077 0.049990
v -0.196507 0.171826 0.021034
v -0.226560 0.144474 0.025421
v -0.185252 -0.082157 0.040251
v -0.196743 -0.024917 0.099195
v -0.203902 -0.064311 0.107988
v -0.205749 -0.084269 0.094183
v -0.170581 -0.116673 0.039846
v -0.203889 -0.033181 0.071314
v -0.167548 -0.061753 0.025810
v -0.166798 -0.100959 0.123022
v -0.181822 -0.049362 0.131382
v -0.178210 0.029464 0.033652
v -0.192745 0.022439 0.064248
v -0.179386 0.081367 0.087625
v -0.079366 0.047771 0.092675
v -0.152489 -0.024274 0.128392
v -0.160883 -0.011034 0.036576
v -0.114526 -0.009218 0.150607
v -0.135001 0.027737 0.127447
v 0.015690 -0.045040 0.013765
v -0.110635 -0.012945 0.095873
v -0.019653 -0.013719 0.085808
v -0.105327 -0.011209 0.115644
v -0.075274 0.049357 0.078667
v -0.019944 0.016150 0.114185
v -0.032663 0.095660 0.116247
v -0.042133 0.090181 0.100948
v -0.034432 0.102026 0.096224
v 0.019728 -0.057618 -0.007324
v -0.071021 0.121245 0.061497
v 0.020292 0.062150 0.101688
v 0.077622 -0.006252 0.004213
v -0.012290 0.014628 0.032870
v -0.023177 0.040208 0.044043
v -0.047593 0.097602 0.080743
v -0.028527 0.118614 0.083536
v -0.055915 0.108734 0.064384
v 0.041859 0.020814 0.061176
v -0.124279 0.040898 0.128521
v -0.095672 -0.015034 0.185692
v 0.002808 0.033180 0.060846
v -0.052976 0.000299 0.117836
v -0.019615 0.000441 0.106917
v -0.104766 -0.002741 0.132968
v -0.109165 -0.010443 0.122294
v -0.127190 -0.053588 0.133719
v -0.155262 -0.050128 0.140430
v -0.085773 -0.066636 0.197686
v -0.157783 -0.153245 0.138724
v -0.046371 0.019335 0.216444
v -0.152654 0.058965 0.125737
v -0.037703 0.009584 0.224408
v -0.022639 -0.043020 0.181097
v -0.041129 -0.098454 0.140315
v -0.031316 -0.109090 0.145765
v -0.019921 -0.075598 0.198076
v -0.021195 -0.040423 0.196673
v -0.084936 0.005424 0.155278
v -0.013152 -0.072757 0.204975
v -0.056173 0.007250 0.195165
v -0.069938 -0.031975 0.199101
v -0.056761 0.013919 0.165774
v -0.044884 -0.002506 0.117040
v -0.096753 -0.122236 0.154419
v -0.059244 -0.080085 0.192462
v -0.025713 -0.150211 0.178496
v -0.133133 -0.151628 0.157739
v -0.104587 -0.114856 0.149875
v -0.130112 -0.112590 0.141176
v -0.066877 -0.147432 0.146125
v -0.062477 -0.124938 0.133533
v -0.068386 -0.216041 0.120320
v -0.070964 -0.234616 0.100189
v -0.170295 -0.164238 0.110507
v -0.065083 -0.194641 0.181816
v -0.089826 -0.209361 0.117356
v -0.063736 -0.222983 0.172104
v -0.017317 -0.241785 0.180801
v -0.002598 -0.114996 0.215836
v -0.009965 -0.266252 0.119656
v -0.044572 -0.280317 0.077242
v -0.055059 -0.273238 0.089116
v -0.098166 -0.238283 -0.015851
v -0.030244 -0.240585 0.107611
v -0.089694 -0.199382 -0.010077
v -0.010342 -0.309796 0.085190
v -0.008014 -0.303936 0.105964
v -0.058362 -0.300663 0.042197
v -0.023252 -0.278686 0.088962
v -0.031653 -0.281757 0.060460
v -0.003213 -0.275796 0.010777
v -0.076014 -0.300968 0.031931
v -0.067589 -0.293980 0.069124
v -0.043166 -0.289741 0.015746
v -0.070365 -0.275561 -0.010848
v -0.151009 -0.149669 0.062050
v -0.138428 -0.119312 0.064785
v -0.115853 -0.202002 0.049079
v -0.048705 -0.124472 0.119345
v -0.140750 -0.148969 0.050208
v -0.166324 -0.142184 0.089758
v -0.149938 -0.179172 0.066941
v -0.164300 -0.160558 0.030946
v -0.171306 -0.079109 -0.018317
v -0.184489 -0.110597 -0.029132
v -0.186254 -0.137664 -0.024364
v -0.119862 -0.229980 0.006802
v -0.167463 -0.150282 0.035815
v -0.167800 -0.141580 -0.049078
v -0.117806 -0.214300 -0.074714
v -0.230500 -0.007589 -0.035485
v -0.122335 0.011893 -0.182338
v -0.205181 -0.064555 -0.040484
v -0.181763 -0.092091 0.002107
v -0.214511 -0.032892 0.012228
v -0.203720 -0.000355 0.021920
v -0.216666 0.021354 -0.042500
v -0.226632 0.004377 -0.013297
v -0.178800 0.074013 -0.004207
v -0.136189 0.042101 -0.001584
v -0.171014 0.048103 -0.042855
v -0.134935 0.028185 -0.111601
v -0.192192 0.025847 -0.066536
v -0.173960 0.014459 -0.081566
v -0.191405 -0.038573 -0.081802
v -0.131188 -0.183027 -0.029436
v 0.006362 -0.217981 -0.078942
v -0.104220 -0.138624 -0.059358
v -0.054361 -0.161772 -0.117579
v -0.142063 -0.012515 -0.085894
v -0.119747 0.021874 -0.080102
v -0.152646 0.050004 0.016172
v -0.138687 -0.147882 -0.060612
v -0.106403 -0.189063 0.030442
v -0.110387 0.058277 -0.019931
v -0.091864 0.042190 -0.013863
v -0.090442 -0.230936 -0.036623
v 0.019951 -0.030063 0.029021
v -0.075439 0.068590 -0.025376
v -0.059205 0.042148 -0.026850
v 0.016760 0.028417 0.023324
v -0.047589 -0.017634 0.029251
v -0.074922 -0.020747 -0.071716
v -0.016951 0.099706 -0.103561
v -0.059150 0.085791 -0.090092
v -0.000678 0.018840 -0.142649
v 0.024933 0.039729 -0.060121
v -0.065247 -0.232568 -0.029886
v -0.114597 -0.030854 -0.093654
v -0.091350 0.030487 -0.091714
v -0.026250 -0.165189 -0.104299
v -0.103977 -0.028244 -0.069086
v -0.008548 -0.196021 -0.095723
v -0.118586 -0.268833 0.014293
v -0.099679 -0.191960 -0.018760
v -0.100316 -0.251759 -0.013908
v -0.118537 -0.124904 -0.128699
v -0.078258 -0.235670 -0.038272
v -0.073225 -0.244214 -0.067468
v 0.004329 -0.260756 -0.083372
v -0.005849 -0.195182 -0.105626
v -0.023355 -0.206830 -0.103069
v -0.001308 -0.199262 -0.100775
v -0.030076 -0.208057 -0.110496
v -0.010132 -0.053980 -0.139788
v -0.041659 -0.074716 -0.153457
v -0.054103 -0.125122 -0.142456
v -0.083323 -0.180592 -0.125228
v 0.009477 -0.167992 -0.157800
v -0.139011 -0.099086 -0.101507
v -0.039641 -0.008685 -0.205493
v -0.079335 -0.039576 -0.159206
v -0.036723 0.001350 -0.209223
v -0.074729 -0.027349 -0.194639
v -0.043663 -0.033819 -0.172727
v -0.107669 0.008284 -0.108459
v -0.117385 0.015725 -0.192277
v -0.107135 -0.010961 -0.121017
v -0.091001 0.007198 -0.095603
v -0.158540 -0.012954 -0.090014
v -0.191938 0.047401 -0.094541
v -0.115403 0.046358 -0.182302
v -0.114729 -0.040239 -0.132026
v -0.113375 -0.016903 -0.144133
v -0.125859 -0.039771 -0.098241
v -0.101863 -0.161025 -0.104904
v -0.104893 -0.134374 -0.126472
v -0.102951 -0.185986 -0.117092
v -0.099437 -0.116020 -0.154154
v -0.094486 -0.140831 -0.110952
v 0.083080 -0.103393 -0.106113
v 0.136276 -0.109846 -0.090940
v 0.195642 -0.041319 0.036131
v 0.096875 -0.037279 -0.071026
v 0.031094 0.046873 -0.092774
v 0.034495 -0.081137 -0.132744
v 0.040800 -0.042365 -0.021698
v 0.080558 -0.238636 0.103736
v 0.112571 -0.163426 -0.042485
v 0.056339 -0.066038 -0.012137
v 0.064684 0.028012 -0.017143
v 0.056143 -0.064528 0.002307
v 0.061773 0.030147 0.009220
v 0.075257 -0.002749 0.014745
v 0.070129 -0.030585 0.089910
v 0.178136 -0.046833 0.060047
v 0.138479 -0.148881 0.085193
v 0.151036 -0.218078 0.001631
v 0.086067 -0.135818 0.164767
v 0.052765 0.014800 0.212718
v 0.019533 -0.101943 0.224088
v 0.013708 -0.026499 0.225787
v 0.054387 -0.043449 0.154836
v 0.095700 -0.017273 0.120849
v 0.130689 -0.062152 0.133860
v 0.075230 0.150465 0.040410
v 0.068967 0.121168 0.063196
v 0.002844 0.134847 0.074043
v 0.072294 0.100843 0.072364
v 0.052463 0.112330 0.076212
v 0.056499 0.087301 0.079142
v 0.075613 0.033875 0.029505
v 0.007682 0.027280 0.036277
v 0.036964 0.099181 0.083029
v 0.035795 0.048925 0.018706
v 0.037903 0.032605 0.011518
v 0.073339 0.014944 0.027078
v 0.038581 0.055249 0.070242
v 0.075847 0.036844 0.045890
v 0.003210 0.036183 0.054895
v 0.077522 0.111319 0.061062
v 0.046434 0.124870 0.073441
v 0.076071 0.126150 0.151780
v -0.009155 0.103339 0.172041
v -0.001812 -0.003487 0.235293
v 0.036860 0.247468 0.011201
v 0.073407 0.218303 -0.081829
v 0.109093 0.172400 -0.076974
v 0.113118 0.138629 0.005394
v 0.085200 0.027220 -0.015941
v 0.067456 0.059534 -0.106285
v 0.065809 0.019285 -0.065840
v 0.020302 0.141471 -0.038492
v 0.016254 0.056004 -0.087971
v 0.043557 0.218665 -0.058523
v -0.002243 0.186680 -0.067102
v 0.049376 0.171711 -0.077396
v 0.042856 0.059661 -0.069622
v -0.009740 0.095683 -0.004783
v 0.005201 0.043676 0.024918
v -0.011350 -0.003074 0.024084
v -0.060429 -0.006091 0.022988
v -0.076457 0.022373 0.030016
v 0.006694 0.087654 -0.034376
v -0.000146 0.054898 -0.042765
v -0.028458 -0.018525 -0.186403
v -0.045370 0.286164 -0.131547
v -0.023564 0.138308 -0.107829
v -0.059223 0.085287 -0.074743
v -0.086490 0.186432 -0.047076
v -0.089172 0.213661 -0.100562
v -0.085390 0.118948 -0.047174
v -0.066785 0.140856 -0.085552
v -0.051318 0.081629 -0.105316
v -0.115076 0.071976 -0.021388
v -0.050793 0.074576 -0.066241
v -0.110726 0.088928 -0.023547
v -0.058637 0.024064 -0.006524
v -0.095526 0.139432 -0.061071
v -0.192248 0.064836 -0.056047
v -0.110481 0.126869 0.012562
v -0.166604 0.135471 -0.050045
v -0.134722 0.150657 -0.099114
v -0.122854 0.115567 -0.008665
v -0.188527 0.077898 -0.129969
v -0.147345 0.135332 -0.132095
v -0.107473 0.221266 -0.017628
v -0.159427 0.237954 -0.023507
v -0.028304 0.238710 0.013675
v -0.091698 0.181283 0.020746
v -0.120773 0.149347 0.044368
v -0.098870 0.159909 0.140461
v -0.133605 0.103151 0.121130
v -0.070880 0.064888 0.091961
v -0.002794 0.083805 0.151993
v -0.022804 0.021078 0.016237
v -0.091277 0.065108 0.042127
v -0.170562 0.092834 0.059313
v -0.175985 0.142169 0.066724
v -0.132254 0.148726 0.053968
v -0.120193 0.113400 0.007478
v -0.071557 0.060340 0.074190
v -0.116734 0.096828 0.071006
v -0.074377 0.100830 0.062953
v -0.008103 0.146340 0.008445
v -0.001211 0.092837 0.010912
v -0.096894 0.075341 0.041827
v -0.076193 0.152891 0.049533
v -0.027093 0.157974 0.009520
v -0.030421 0.044074 0.008343
v -0.032794 0.032100 0.005957
v -0.214630 0.125868 0.056144
v -0.188820 0.034130 0.100709
v -0.066256 0.005267 0.076635
v 0.003972 0.005796 0.030028
v -0.046642 -0.024515 0.011670
v -0.059110 0.010819 0.056231
v -0.048366 0.033986 0.056788
v -0.075193 0.052527 0.065500
v 0.011425 -0.016496 0.028110
v -0.038017 -0.140946 0.144624
v -0.053615 0.038295 0.184796
v -0.030124 0.058607 0.149391
v -0.018086 0.023046 0.232982
v -0.107083 -0.044337 0.190313
v -0.071730 -0.003596 0.176418
v -0.124670 -0.072568 0.144384
v -0.154225 -0.070991 0.140510
v -0.040347 -0.107701 0.121914
v -0.071102 -0.174905 0.155914
v -0.151226 -0.118155 0.124975
v -0.027693 -0.121323 0.146874
v -0.103643 -0.247916 0.089590
v -0.132557 -0.058314 -0.070621
v -0.166044 -0.056253 -0.076920
v -0.183180 -0.069643 0.001142
v -0.139762 0.054495 0.014350
v -0.171394 0.039893 -0.057780
v -0.127149 0.014763 -0.075232
v -0.129141 0.053547 -0.018602
v -0.070960 -0.026985 -0.040436
v -0.094907 -0.025005 -0.055678
v -0.084146 -0.013429 -0.033032
v -0.069738 -0.005754 -0.067166
v -0.023557 -0.012650 -0.007809
v -0.054636 0.039386 -0.031247
v -0.096639 0.030892 0.004198
v -0.037805 0.004274 -0.007987
v -0.022695 0.052002 -0.061955
v -0.068658 -0.007002 -0.055353
v -0.058971 -0.020905 -0.055789
v -0.112826 -0.222803 -0.061139
v -0.032397 -0.239132 -0.029137
v -0.025167 -0.250381 -0.057371
v 0.003873 0.027016 -0.151743
v -0.100970 -0.001704 -0.203623
v -0.097450 -0.021902 -0.190128
v -0.134650 0.045400 -0.137001
v -0.136937 -0.056006 -0.099954
v -0.141383 -0.089136 -0.098508
v -0.137060 -0.102666 -0.121507
v -0.026979 -0.108594 0.119439
v -0.033812 -0.100665 0.130379
v -0.025797 -0.109791 0.135235
v -0.033069 -0.124001 0.117369
v 0.064079 -0.036066 0.054076
v 0.022489 -0.032971 0.010409
v 0.085638 -0.016915 0.099917
v 0.066484 -0.040911 0.057689
v 0.065602 -0.040162 0.093371
v 0.014055 -0.048172 -0.013346
v 0.029045 -0.049378 -0.016601
v 0.008111 -0.026941 0.040024
v -0.084022 -0.028357 -0.051508
v -0.048052 -0.028631 -0.006953
v -0.049645 -0.031730 -0.020598
v -0.024000 -0.036014 -0.020861
v -0.065687 -0.021128 -0.019308
v 0.021880 -0.004529 0.068651
v -0.001322 -0.017184 0.070351
v -0.088555 -0.000051 -0.039948
v -0.029654 -0.016724 0.057459
v -0.053819 -0.005734 -0.036548
v -0.143360 0.080946 0.010072
v 0.045685 0.138009 0.070585
v 0.013150 0.132622 0.071788
v -0.013062 0.056970 -0.040096
v -0.049552 0.082808 -0.117417
v -0.001216 0.087324 -0.018671
v -0.042026 0.063767 -0.057880
v -0.099579 0.036265 0.015963
v -0.085506 0.023711 0.014162
v -0.057354 -0.032099 -0.029517
v -0.069200 0.007017 0.023432
v -0.038516 0.023832 0.001363
v -0.023025 0.002060 0.008616
v -0.032365 -0.038911 -0.008654
v 0.040526 -0.058781 0.020134
v 0.006549 0.066151 0.013734
v 0.043474 0.010111 0.026489
v 0.069269 -0.049189 -0.004313
v 0.038768 -0.049474 0.026692
v -0.070878 0.002184 0.011384
v 0.065013 0.013087 0.050085
v -0.053550 -0.003120 0.041744
v 0.035412 -0.033136 0.045513
v 0.040448 -0.039337 0.034986
v -0.012908 0.147671 -0.135166
v -0.015991 0.145768 -0.121408
v -0.009508 0.180185 -0.112078
v -0.015400 0.136313 -0.115579
v -0.048689 0.118212 -0.113867
v -0.072008 0.112815 -0.113125
v 0.030981 -0.002420 0.006193
v -0.052911 -0.000728 0.065584
v -0.048048 -0.010115 0.085196
v 0.046863 0.078121 0.039086
v 0.078056 0.059991 0.030514
v 0.049670 0.007714 0.059191
v 0.043038 -0.007535 0.073425
v 0.060067 -0.158631 -0.021500
v 0.055126 -0.166166 -0.013270
v -0.001685 0.021325 0.048020
v -0.078150 0.003981 0.089565
v 0.040848 -0.023779 0.068854
v -0.018966 -0.017257 0.065003
v -0.003629 0.136856 -0.015704
v 0.091487 0.095995 0.061721
v 0.012024 0.070540 -0.041402
v 0.034188 0.148305 -0.065377
v -0.076371 0.003894 -0.000003
v -0.024061 -0.011999 0.096920
v 0.038836 0.108846 0.079035
v 0.027835 0.152868 -0.122687
v -0.127420 0.097245 0.021870
v 0.056231 0.026695 -0.032771
v -0.123400 0.107544 0.036106
v 0.071211 -0.012489 0.029184
v 0.018244 0.033495 0.081713
v -0.035196 -0.014948 0.085660
vn 0.8541 -0.3128 -0.4156
vn 0.8578 0.0100 0.5139
vn -0.2714 -0.9493 -0.1587
vn 0.8368 -0.2654 -0.4788
vn 0.6866 -0.6758 -0.2683
vn 0.1734 -0.9735 -0.1494
vn 0.4845 -0.8206 -0.3030
vn 0.8182 -0.0725 -0.5704
vn -0.4360 0.4432 0.7832
vn 0.9016 -0.3368 -0.2716
vn 0.6212 -0.0382 0.7827
vn 0.8862 -0.2972 0.3555
vn 0.1250 0.1878 -0.9742
vn 0.6084 -0.7757 0.1678
vn 0.6469 -0.3315 0.6867
vn -0.1483 -0.9676 -0.2042
vn 0.3209 -0.7391 0.5923
vn -0.0601 0.2251 0.9725
vn 0.2957 0.0231 0.9550
vn 0.5051 0.3829 0.7735
vn -0.2178 0.8777 0.4269
vn 0.8622 -0.0338 0.5054
vn 0.5409 0.8174 -0.1985
vn 0.0594 0.9294 0.3643
vn 0.4791 -0.8320 0.2798
vn 0.8728 0.2382 0.4260
vn -0.5082 0.8247 0.2481
vn 0.3457 0.6938 0.6318
vn 0.8783 -0.3648 0.3090
vn 0.3928 0.5038 0.7694
vn -0.5076 0.3213 0.7994
vn -0.3929 0.7120 -0.5820
vn 0.8529 0.5103 0.1104
vn 0.0216 0.3211 -0.9468
vn -0.0493 0.5368 0.8423
vn 0.3899 0.9104 -0.1386
vn 0.7021 0.2796 -0.6548
vn -0.3012 0.9532 -0.0243
vn 0.2947 0.9324 0.2092
vn -0.1816 0.3709 0.9108
vn 0.9966 0.0431 0.0702
vn -0.5701 -0.4882 0.6608
vn -0.8665 -0.4720 -0.1625
vn -0.6509 0.6601 0.3750
vn -0.8758 -0.1217 -0.4670
vn -0.4817 0.2814 -0.8299
vn -0.5268 0.7285 -0.4379
vn 0.6068 -0.5474 -0.5763
vn -0.9379 0.1196 -0.3257
vn -0.4200 0.4284 0.8001
vn -0.6349 0.0526 0.7708
vn -0.0063 0.3084 0.9512
vn -0.6606 0.5380 -0.5236
vn -0.8311 0.1914 -0.5222
vn 0.2802 0.3117 0.9079
vn -0.5763 0.2087 0.7901
vn -0.6817 0.6372 0.3597
vn 0.5456 0.7200 0.4288
vn -0.8700 0.2463 0.4271
vn 0.2379 0.8872 -0.3952
vn -0.9750 -0.2038 0.0886
vn -0.6294 -0.2873 0.7220
vn -0.5466 -0.2457 0.8005
vn -0.2507 0.4767 0.8426
vn -0.7271 0.5669 0.3871
vn 0.6839 0.6059 0.4064
vn -0.7283 -0.3250 0.6033
vn -0.7095 -0.5602 0.4275
vn -0.7419 -0.1716 0.6482
vn -0.6207 -0.3002 0.7243
vn -0.9330 0.0065 0.3599
vn -0.7750 -0.1331 0.6178
vn 0.5051 0.5067 -0.6986
vn -0.6172 -0.2294 -0.7526
vn 0.0932 0.2163 0.9719
vn 0.6256 -0.3510 -0.6967
vn 0.2681 -0.9124 -0.3093
vn 0.0979 -0.4170 -0.9036
vn 0.9862 0.0646 -0.1523
vn 0.8693 -0.0579 -0.4909
vn -0.2657 -0.7624 -0.5901
vn 0.8109 -0.4514 0.3724
vn 0.9222 -0.3807 -0.0683
vn 0.2571 -0.9174 -0.3037
vn 0.0714 -0.9285 -0.3644
vn 0.6884 -0.0630 -0.7226
vn 0.9161 0.3447 0.2050
vn 0.5499 0.1040 -0.8287
vn 0.7351 0.2687 -0.6225
vn 0.9002 0.4355 -0.0041
vn 0.0564 0.2857 -0.9567
vn 0.0041 0.9471 -0.3210
vn 0.9960 0.0552 -0.0705
vn 0.5788 0.6935 -0.4290
vn 0.9013 -0.2478 -0.3553
vn -0.7895 -0.0210 0.6134
vn -0.9105 0.1577 -0.3823
vn 0.3636 -0.0938 -0.9268
vn 0.9178 0.2466 -0.3110
vn 0.8375 0.1185 -0.5335
vn 0.6303 -0.1200 -0.7670
vn 0.6833 0.5029 0.5293
vn 0.8829 -0.3666 0.2932
vn 0.6028 0.3764 -0.7035
vn 0.3633 0.8596 -0.3593
vn -0.6340 0.0203 -0.7731
vn -0.4088 -0.4146 -0.8130
vn -0.1018 -0.3586 -0.9279
vn 0.1759 0.6116 -0.7714
vn -0.3948 -0.1909 0.8987
vn 0.2177 -0.2554 -0.9420
vn -0.1440 -0.3136 -0.9386
vn -0.0401 -0.1938 -0.9802
vn 0.6475 0.2469 -0.7210
vn -0.2085 -0.9750 0.0771
vn 0.6213 -0.7794 -0.0802
vn 0.1771 -0.5140 -0.8393
vn 0.7001 -0.4716 0.5361
vn 0.0814 -0.9427 -0.3235
vn 0.9100 0.1871 -0.3701
vn 0.9284 -0.0390 0.3696
vn 0.7361 -0.3140 -0.5997
vn 0.1465 -0.8969 0.4172
vn 0.0980 -0.8665 -0.4894
vn 0.1884 -0.6245 -0.7580
vn 0.3047 0.1503 -0.9405
vn 0.4881 -0.3746 -0.7883
vn -0.1652 0.8931 -0.4184
vn 0.1518 -0.8904 0.4291
vn 0.3738 -0.7406 0.5584
vn 0.9493 -0.1786 -0.2587
vn 0.1529 -0.7836 0.6022
vn 0.7193 -0.6398 0.2708
vn 0.3657 -0.7783 0.5104
vn 0.3689 -0.7366 0.5669
vn 0.6641 -0.3977 0.6331
vn 0.0100 -0.5749 0.8182
vn 0.3386 0.0830 -0.9373
vn 0.5384 -0.4751 -0.6960
vn 0.3241 0.2757 0.9049
vn -0.2128 0.8387 -0.5012
vn 0.0579 -0.9888 0.1373
vn -0.1377 -0.5685 0.8111
vn 0.9983 -0.0422 0.0392
vn 0.6104 -0.7550 -0.2396
vn 0.3757 0.3597 0.8541
vn 0.0714 -0.8694 -0.4889
vn 0.6799 -0.0362 -0.7324
vn -0.8701 0.2565 -0.4208
vn 0.7238 0.3653 -0.5854
vn 0.7453 0.2571 -0.6152
vn 0.8761 0.1522 -0.4574
vn 0.7674 0.3639 0.5279
vn 0.4688 -0.8581 0.2096
vn 0.8904 -0.0127 -0.4551
vn 0.7099 -0.0029 -0.7043
vn 0.3077 -0.9478 0.0839
vn 0.8186 0.4439 -0.3645
vn 0.7343 0.3822 -0.5610
vn 0.4060 0.9139 -0.0053
vn 0.4815 0.3118 -0.8191
vn 0.8693 -0.3639 0.3347
vn 0.5672 -0.7327 -0.3761
vn 0.5214 -0.3645 0.7716
vn 0.8236 -0.3876 0.4141
vn 0.9743 -0.2056 0.0916
vn 0.8732 0.4489 -0.1897
vn 0.8708 0.4907 0.0288
vn 0.2297 -0.6480 -0.7262
vn 0.7480 -0.1256 0.6517
vn -0.1670 0.8213 -0.5454
vn 0.9597 -0.1646 0.2276
vn 0.6032 -0.0292 -0.7970
vn 0.7758 0.3395 0.5319
vn 0.7220 -0.1509 0.6753
vn 0.9267 -0.1604 -0.3398
vn 0.9922 0.1169 0.0424
vn 0.9327 0.0668 0.3544
vn 0.4635 -0.5871 0.6637
vn -0.8427 -0.5337 0.0712
vn 0.7263 -0.5874 -0.3570
vn 0.4070 -0.9118 0.0550
vn 0.7589 -0.3908 0.5210
vn 0.6427 -0.7225 0.2549
vn 0.6481 -0.0212 0.7613
vn -0.4113 -0.0219 0.9112
vn 0.6217 -0.3959 0.6758
vn -0.1546 -0.0010 0.9880
vn -0.0861 -0.0590 0.9945
vn 0.0277 -0.5010 -0.8650
vn 0.1743 -0.9822 -0.0694
vn 0.3485 -0.6326 0.6916
vn 0.2856 0.6750 0.6803
vn -0.3380 0.4765 0.8116
vn 0.5820 -0.1989 0.7885
vn -0.2875 -0.7302 0.6198
vn 0.2085 -0.8101 0.5479
vn -0.5773 0.3700 -0.7279
vn 0.0014 -0.3278 0.9447
vn 0.6093 -0.5375 0.5830
vn 0.2018 -0.8125 0.5469
vn -0.9419 -0.2875 0.1738
vn 0.9612 0.0103 0.2757
vn 0.4582 -0.1037 0.8828
vn 0.6610 -0.3587 0.6591
vn 0.8763 -0.2252 0.4259
vn 0.6468 0.0448 0.7614
vn 0.2136 -0.4862 0.8473
vn 0.5794 -0.5377 0.6125
vn 0.5994 -0.5888 0.5422
vn -0.8580 0.5052 -0.0926
vn -0.1895 -0.7679 0.6119
vn 0.9580 -0.2490 0.1423
vn 0.3439 -0.9232 -0.1717
vn 0.5281 0.8224 -0.2114
vn 0.3978 0.8896 -0.2246
vn 0.7911 0.5204 0.3214
vn 0.8459 -0.5312 -0.0470
vn 0.8007 -0.5973 -0.0452
vn 0.9018 0.3184 0.2922
vn 0.6435 -0.4112 0.6456
vn 0.6616 -0.6690 0.3387
vn -0.1395 0.3929 0.9089
vn 0.2780 -0.9415 0.1905
vn 0.4912 -0.8705 0.0303
vn -0.2431 0.7319 0.6366
vn 0.2371 -0.8901 0.3893
vn 0.2352 0.2751 0.9322
vn -0.3597 0.8421 -0.4018
vn 0.0540 -0.9439 0.3259
vn 0.0419 -0.9718 0.2321
vn 0.6753 -0.5903 0.4421
vn 0.0747 -0.0602 0.9954
vn 0.4575 0.5358 0.7096
vn 0.9075 0.3098 -0.2836
vn -0.8887 0.4479 -0.0984
vn 0.5594 0.8099 0.1765
vn 0.8911 -0.0052 0.4537
vn 0.5968 0.4587 0.6583
vn 0.4460 -0.2735 -0.8522
vn 0.7031 -0.7022 0.1121
vn 0.9275 -0.0649 -0.3682
vn 0.6641 -0.7154 -0.2174
vn 0.9346 0.0035 -0.3557
vn 0.8879 0.2747 0.3691
vn 0.7701 -0.5200 0.3695
vn 0.9421 0.0041 0.3353
vn 0.6911 -0.7096 -0.1372
vn 0.1010 0.6941 0.7127
vn 0.3463 -0.4994 -0.7942
vn 0.2898 -0.3090 -0.9058
vn -0.1458 0.7193 0.6793
vn 0.1149 -0.2111 -0.9707
vn 0.4131 -0.5800 -0.7021
vn 0.0225 0.9786 0.2046
vn 0.8640 -0.1451 0.4821
vn -0.8607 0.4597 -0.2188
vn -0.4584 0.2189 -0.8614
vn -0.5842 0.2367 0.7763
vn 0.1859 0.0533 0.9811
vn -0.2168 0.9467 -0.2382
vn -0.3850 0.3278 -0.8627
vn 0.6363 0.6723 -0.3784
vn 0.0657 -0.7833 -0.6181
vn -0.2634 -0.1738 0.9489
vn 0.8950 0.2640 0.3596
vn 0.3557 0.8385 0.4127
vn -0.9465 -0.3222 -0.0204
vn 0.8161 0.3836 0.4322
vn -0.0963 -0.3625 0.9270
vn 0.9119 0.2607 -0.3170
vn 0.1487 -0.5660 0.8109
vn 0.8234 -0.4702 0.3176
vn 0.1819 0.9771 0.1103
vn 0.2719 0.9158 0.2957
vn 0.6877 -0.3878 0.6138
vn -0.2057 -0.3398 0.9177
vn -0.1311 -0.3751 0.9177
vn -0.5039 0.5131 0.6949
vn 0.0056 -0.9181 0.3964
vn 0.1416 -0.7366 0.6614
vn -0.5543 -0.6999 0.4505
vn 0.2931 0.4982 0.8160
vn -0.0067 -0.6448 0.7643
vn -0.4497 0.0898 0.8886
vn 0.9252 0.1152 0.3615
vn 0.4928 -0.1075 0.8635
vn 0.5727 0.1625 0.8035
vn 0.2221 0.5784 0.7850
vn -0.7631 0.6455 -0.0320
vn 0.6136 0.7155 0.3340
vn 0.7677 0.3867 0.5110
vn 0.0646 0.8294 -0.5549
vn -0.2819 0.9390 0.1969
vn 0.3654 0.8494 -0.3809
vn -0.1321 0.9894 -0.0610
vn 0.4543 0.4547 0.7661
vn -0.7159 0.4447 -0.5383
vn 0.2096 0.7805 -0.5890
vn 0.6514 0.6464 0.3973
vn -0.5309 0.6104 -0.5878
vn 0.6218 0.7691 -0.1478
vn 0.1442 0.9743 0.1729
vn 0.3581 0.6262 0.6926
vn 0.0729 0.3978 0.9146
vn -0.5599 -0.1963 0.8050
vn 0.1314 0.6809 0.7205
vn 0.9951 -0.0211 0.0964
vn 0.4484 0.3184 0.8352
vn 0.8713 0.3252 0.3676
vn 0.7689 0.2858 -0.5719
vn 0.3457 0.1312 0.9291
vn -0.2364 -0.5198 -0.8209
vn 0.3990 0.9156 0.0505
vn -0.6634 0.7257 0.1826
vn -0.1289 0.9663 -0.2227
vn -0.6671 -0.7404 0.0820
vn 0.6190 -0.0898 -0.7803
vn 0.8964 0.1272 -0.4247
vn 0.6899 0.1619 -0.7056
vn 0.9174 -0.3736 0.1371
vn 0.7114 -0.6327 -0.3059
vn 0.5445 -0.2276 0.8073
vn 0.5312 0.1641 -0.8312
vn 0.8412 0.1068 -0.5301
vn -0.8967 -0.1882 -0.4006
vn 0.1299 0.5776 -0.8059
vn 0.2699 -0.0386 -0.9621
vn 0.0939 0.7093 0.6986
vn -0.0935 0.6587 -0.7465
vn 0.1172 0.5725 -0.8115
vn -0.0325 0.9089 -0.4158
vn 0.5492 -0.1233 -0.8266
vn 0.7164 -0.1905 -0.6712
vn -0.6091 -0.6958 -0.3806
vn 0.8789 -0.4041 0.2533
vn 0.8370 -0.3277 0.4383
vn 0.7378 0.6715 0.0681
vn 0.0840 -0.3788 0.9216
vn 0.7425 0.4201 -0.5217
vn -0.3026 -0.0815 -0.9496
vn -0.3589 0.6873 -0.6316
vn -0.4310 0.2841 -0.8565
vn 0.8339 -0.5518 -0.0121
vn -0.5977 0.0182 -0.8015
vn -0.6063 0.1351 -0.7837
vn -0.4207 0.6218 -0.6606
vn 0.4847 0.8746 -0.0071
vn 0.7563 -0.3913 0.5243
vn 0.3372 0.9341 -0.1175
vn -0.8872 -0.2436 -0.3919
vn -0.6396 0.3020 0.7069
vn 0.8418 0.2062 0.4989
vn -0.4514 -0.3962 0.7995
vn -0.0684 0.9824 -0.1741
vn -0.8600 -0.4860 -0.1556
vn -0.0557 -0.9961 0.0687
vn -0.7974 0.2594 0.5448
vn -0.0938 -0.6850 -0.7224
vn -0.0959 -0.6818 -0.7252
vn 0.2809 -0.5773 -0.7667
vn -0.3547 0.3067 0.8832
vn -0.1647 -0.4495 -0.8780
vn -0.9536 -0.0276 -0.2998
vn -0.3902 -0.2280 -0.8920
vn -0.1042 -0.8790 -0.4653
vn 0.6314 0.3204 -0.7062
vn 0.6629 -0.5782 -0.4757
vn 0.7223 0.4273 -0.5437
vn 0.6224 -0.0171 -0.7825
vn 0.4230 -0.4226 -0.8016
vn -0.2520 0.4462 -0.8587
vn -0.1865 -0.6021 -0.7763
vn -0.0531 0.4768 -0.8774
vn -0.3918 0.0638 -0.9178
vn -0.6104 0.4200 -0.6715
vn -0.1693 0.6674 -0.7253
vn 0.1123 0.8300 -0.5464
vn -0.2802 -0.2306 -0.9318
vn 0.4490 -0.6246 -0.6390
vn -0.2337 0.3593 -0.9035
vn 0.6435 0.2121 0.7354
vn 0.9733 0.2293 -0.0069
vn 0.8459 0.2915 0.4466
vn 0.8298 0.0974 -0.5494
vn 0.8326 0.0865 -0.5471
vn 0.5120 0.8462 0.1475
vn -0.5570 0.7566 -0.3425
vn 0.8208 0.1302 -0.5562
vn 0.5547 0.3435 -0.7579
vn 0.4910 0.3033 0.8167
vn -0.0102 0.5666 0.8239
vn -0.5880 0.6980 0.4087
vn 0.3494 -0.8708 -0.3460
vn -0.1224 -0.3530 0.9276
vn 0.1335 0.7293 0.6710
vn -0.9148 0.3060 0.2636
vn -0.9996 -0.0098 -0.0254
vn -0.9782 -0.1656 0.1250
vn -0.8277 -0.3288 0.4547
vn -0.8398 0.0865 0.5359
vn -0.1037 0.6911 0.7153
vn -0.5562 -0.0327 -0.8304
vn -0.3523 0.8449 -0.4025
vn -0.2919 -0.6094 0.7371
vn -0.3066 -0.1044 -0.9461
vn 0.7940 -0.0496 -0.6059
vn 0.6884 0.3448 -0.6381
vn 0.9761 -0.0260 -0.2159
vn 0.5649 0.6704 -0.4811
vn 0.4955 0.7224 -0.4823
vn -0.1195 -0.9723 -0.2010
vn 0.3624 0.7874 -0.4987
vn 0.6241 -0.3841 -0.6804
vn -0.8757 0.4821 -0.0270
vn 0.8745 -0.1442 -0.4631
vn -0.7842 -0.3040 0.5409
vn -0.3402 0.8225 0.4558
vn 0.4577 0.8611 -0.2215
vn 0.1637 0.9571 0.2391
vn 0.0203 0.4891 -0.8720
vn 0.0693 -0.9714 0.2271
vn -0.6312 0.7726 0.0684
vn 0.8070 0.4754 -0.3502
vn 0.1006 -0.4910 -0.8653
vn -0.1131 -0.2849 -0.9519
vn 0.0670 -0.4711 -0.8795
vn -0.0563 0.9912 0.1198
vn -0.1596 0.9641 0.2121
vn 0.5216 -0.7261 -0.4480
vn 0.9546 -0.2624 -0.1411
vn -0.0324 0.6289 0.7768
vn -0.1899 0.4089 0.8926
vn -0.8044 -0.0366 0.5930
vn 0.6912 0.7227 0.0023
vn -0.0099 -0.0871 0.9961
vn 0.0109 0.1848 -0.9827
vn 0.0696 0.9118 -0.4047
vn 0.6577 -0.1158 -0.7444
vn -0.3128 0.9432 -0.1118
vn -0.7069 0.6375 -0.3065
vn 0.3348 -0.2425 -0.9105
vn -0.6289 0.5643 0.5348
vn 0.4401 0.4373 0.7842
vn -0.6437 0.6168 0.4529
vn -0.5353 -0.7676 0.3524
vn -0.4838 0.7803 -0.3964
vn -0.0216 -0.2630 -0.9646
vn -0.5633 -0.8111 0.1577
vn 0.3527 -0.6249 0.6965
vn -0.2303 -0.9731 0.0075
vn -0.5578 -0.5135 -0.6520
vn -0.9557 0.2915 -0.0412
vn -0.6427 0.7642 -0.0539
vn -0.5678 -0.2210 -0.7929
vn -0.9424 -0.0781 0.3252
vn -0.7491 -0.6012 -0.2783
vn -0.6949 0.7175 0.0468
vn -0.9068 -0.0821 -0.4136
vn -0.3331 0.4081 -0.8500
vn -0.6778 0.4538 -0.5785
vn -0.6050 -0.6267 -0.4912
vn -0.1679 0.3698 -0.9138
vn -0.6578 -0.7406 -0.1375
vn -0.0452 -0.5692 -0.8210
vn -0.8686 -0.4843 -0.1051
vn -0.0499 0.0706 -0.9963
vn -0.0551 0.3502 -0.9351
vn -0.4097 0.4479 -0.7947
vn -0.4589 0.8506 -0.2566
vn -0.6542 0.7230 0.2221
vn 0.2234 0.2458 -0.9432
vn -0.8009 0.1940 0.5665
vn 0.1966 0.5278 -0.8263
vn -0.1478 0.5570 -0.8172
vn 0.9935 -0.0024 -0.1138
vn -0.2845 0.9587 0.0059
vn -0.4566 0.8100 0.3679
vn -0.9281 -0.0620 0.3670
vn -0.5724 0.4219 0.7031
vn 0.9262 0.3764 0.0241
vn 0.6046 -0.6522 -0.4572
vn -0.0490 0.2699 0.9616
vn 0.5901 -0.0343 -0.8066
vn 0.3634 -0.0229 0.9313
vn -0.7660 0.3938 0.5081
vn 0.0047 -0.0099 -0.9999
vn -0.1675 0.9575 0.2350
vn -0.7898 0.5776 -0.2064
vn -0.5641 0.8047 -0.1852
vn 0.4409 -0.8348 0.3298
vn -0.7823 0.5832 -0.2188
vn -0.4678 0.8698 0.1571
vn -0.9364 0.1843 -0.2987
vn 0.1125 0.1458 -0.9829
vn -0.6844 0.5070 -0.5240
vn -0.8655 0.0913 -0.4925
vn -0.2647 0.9574 -0.1154
vn 0.2864 0.2459 0.9260
vn 0.0948 0.7565 0.6471
vn -0.0889 -0.3602 0.9286
vn -0.3273 0.1191 0.9374
vn -0.7453 0.6494 -0.1514
vn -0.7018 0.1826 0.6886
vn -0.1247 0.8788 0.4607
vn 0.2267 0.9622 0.1509
vn 0.4153 0.3385 0.8444
vn 0.6860 -0.5532 0.4726
vn -0.1039 -0.8384 -0.5350
vn 0.1284 -0.1095 0.9857
vn -0.1641 0.6301 0.7590
vn -0.4411 -0.2672 0.8567
vn -0.1556 0.3912 0.9071
vn 0.6606 0.5671 -0.4920
vn 0.1497 -0.7755 -0.6134
vn -0.7478 0.4078 0.5240
vn 0.9988 0.0187 -0.0442
vn -0.0248 0.2359 0.9715
vn -0.5298 0.5388 -0.6550
vn -0.6109 0.0194 0.7915
vn -0.6999 0.1464 0.6991
vn 0.6535 0.7162 -0.2451
vn 0.8521 0.3571 0.3827
vn 0.9205 -0.3793 -0.0937
vn 0.8758 -0.1659 0.4533
vn 0.0723 0.5098 0.8572
vn -0.4245 0.6859 0.5910
vn -0.3555 -0.8225 -0.4439
vn -0.1501 0.2280 -0.9620
vn 0.0775 -0.2016 0.9764
vn -0.6121 0.7508 -0.2485
vn -0.6811 0.4791 0.5537
vn -0.0034 0.7926 -0.6098
vn -0.7062 0.7012 0.0976
vn -0.1022 -0.5387 0.8363
vn -0.9419 0.1482 0.3016
vn -0.8857 -0.2308 0.4028
vn -0.7764 0.0268 0.6296
vn -0.8017 -0.5755 -0.1615
vn -0.8932 -0.1198 -0.4334
vn -0.6876 -0.4530 -0.5674
vn -0.9502 0.3115 -0.0049
vn -0.9747 0.1982 -0.1030
vn -0.8435 0.5330 0.0661
vn -0.9951 -0.0480 -0.0859
vn -0.9000 0.2990 0.3172
vn -0.9893 -0.1011 -0.1050
vn -0.6516 -0.7564 0.0568
vn -0.9629 -0.0384 0.2671
vn -0.5810 -0.2300 0.7807
vn -0.8079 -0.5110 -0.2935
vn -0.6410 -0.1730 -0.7478
vn -0.3424 -0.9354 0.0882
vn -0.4462 -0.7079 0.5475
vn -0.7165 -0.5003 0.4862
vn -0.4053 -0.3784 0.8322
vn 0.2535 -0.5638 0.7860
vn -0.9363 -0.1027 -0.3358
vn -0.6873 0.0504 0.7246
vn -0.7686 -0.2946 -0.5679
vn -0.5442 0.8307 0.1173
vn 0.6932 0.1533 -0.7043
vn 0.9786 0.2039 -0.0285
vn -0.4796 0.6037 0.6368
vn -0.1791 -0.9834 -0.0280
vn 0.1113 -0.8778 0.4660
vn -0.3947 0.9188 0.0017
vn -0.4868 0.8345 0.2583
vn -0.2104 0.9634 -0.1664
vn -0.0793 -0.3562 0.9310
vn -0.0509 0.8134 0.5795
vn -0.8707 0.4821 0.0971
vn -0.5195 -0.4513 -0.7256
vn -0.4856 -0.1594 -0.8595
vn 0.0748 0.9791 0.1889
vn 0.6234 -0.0956 0.7760
vn -0.9619 -0.2654 0.0653
vn -0.5519 0.3406 -0.7612
vn -0.4285 0.9016 -0.0588
vn -0.6887 0.5310 -0.4937
vn -0.5884 0.7894 -0.1748
vn -0.3510 0.1781 0.9193
vn 0.4264 -0.4961 0.7563
vn -0.8009 0.5460 -0.2458
vn -0.4098 -0.7512 0.5174
vn -0.7361 0.1526 0.6594
vn -0.4980 0.6527 0.5709
vn -0.3106 -0.8907 0.3318
vn -0.8376 0.4927 -0.2361
vn 0.2625 0.5429 0.7977
vn -0.0931 -0.4826 0.8709
vn -0.2384 -0.7854 0.5713
vn -0.5743 0.1473 0.8053
vn 0.6747 -0.1406 -0.7246
vn -0.0575 -0.4551 -0.8886
vn 0.0070 0.5686 0.8226
vn -0.6637 0.6828 0.3053
vn -0.9662 0.0999 -0.2376
vn 0.0849 0.4912 -0.8669
vn -0.3041 0.7353 0.6057
vn 0.7377 0.6446 0.2009
vn -0.7599 -0.5188 0.3918
vn -0.2572 -0.0674 0.9640
vn -0.1406 -0.4238 0.8948
vn -0.2930 -0.5792 0.7607
vn -0.7732 0.2212 0.5944
vn -0.3789 -0.2750 0.8836
vn -0.2942 0.1553 0.9430
vn -0.7459 0.2069 0.6332
vn -0.8781 0.1201 0.4632
vn -0.9911 0.1138 0.0692
vn -0.5636 -0.1046 0.8194
vn -0.7151 0.3545 0.6024
vn -0.8239 -0.1057 0.5568
vn 0.9587 0.2597 0.1158
vn 0.6796 0.3385 0.6508
vn -0.8437 -0.0890 0.5294
vn -0.3322 -0.6333 0.6990
vn 0.0728 -0.5909 0.8034
vn -0.9075 -0.0182 0.4198
vn -0.3969 -0.7494 0.5300
vn -0.5722 -0.8181 0.0573
vn -0.6917 -0.6930 -0.2034
vn -0.1135 -0.1395 0.9837
vn -0.0323 -0.5754 0.8172
vn -0.7519 -0.2573 -0.6070
vn -0.4568 0.5691 0.6837
vn -0.5401 -0.8396 -0.0581
vn 0.6052 0.5813 0.5440
vn -0.2849 -0.9585 0.0053
vn 0.5584 0.6628 -0.4988
vn -0.5139 -0.8531 0.0906
vn 0.7721 0.6355 0.0027
vn -0.4152 -0.2927 -0.8613
vn 0.5848 -0.8094 0.0546
vn -0.3000 -0.9523 -0.0562
vn 0.2341 -0.7301 0.6420
vn -0.0759 -0.9675 -0.2413
vn -0.0168 -0.9911 -0.1323
vn -0.9653 -0.2559 -0.0524
vn -0.7223 -0.4365 0.5365
vn 0.0138 -0.9953 0.0962
vn -0.1628 -0.8438 0.5114
vn -0.9494 -0.3117 0.0390
vn -0.9099 -0.1678 -0.3794
vn -0.7440 -0.4599 0.4847
vn -0.5253 -0.7094 0.4699
vn -0.9385 -0.2332 0.2548
vn 0.6088 0.3278 -0.7225
vn -0.7827 -0.5276 0.3302
vn -0.9431 0.0047 0.3326
vn -0.9432 0.1411 0.3007
vn -0.3694 -0.6566 0.6576
vn -0.6781 -0.4746 0.5611
vn -0.7408 -0.1252 -0.6600
vn -0.5656 -0.8108 0.1505
vn -0.7330 -0.1771 -0.6568
vn -0.5989 0.3757 -0.7072
vn -0.4443 -0.7954 -0.4122
vn -0.7827 0.5268 0.3315
vn 0.8418 -0.4819 -0.2431
vn -0.1267 0.1178 -0.9849
vn -0.3278 -0.7539 0.5694
vn -0.5281 -0.5744 0.6255
vn -0.9037 -0.4078 -0.1305
vn -0.7929 -0.0875 -0.6030
vn -0.8712 0.1556 -0.4657
vn -0.7753 0.4290 -0.4635
vn -0.5564 -0.8122 -0.1755
vn -0.8418 0.5279 0.1126
vn -0.9552 0.2885 0.0662
vn -0.2980 0.7969 0.5255
vn -0.2823 -0.8951 -0.3452
vn -0.3605 0.9283 -0.0911
vn -0.7794 -0.0353 -0.6256
vn -0.1986 -0.2111 -0.9571
vn -0.3295 0.3154 -0.8899
vn 0.0291 -0.9545 -0.2968
vn -0.8108 -0.4007 -0.4267
vn -0.5164 0.7224 -0.4599
vn -0.5381 -0.5680 0.6228
vn -0.4007 0.7399 0.5403
vn -0.9650 -0.1695 -0.1999
vn -0.2171 -0.8428 -0.4925
vn -0.2070 -0.9480 -0.2419
vn 0.4478 -0.5275 -0.7220
vn -0.1396 -0.6278 -0.7657
vn -0.4375 -0.4163 -0.7971
vn -0.2538 -0.0870 -0.9633
vn 0.7485 -0.1173 0.6527
vn -0.8064 0.5914 0.0017
vn -0.7019 -0.5138 -0.4934
vn 0.4974 0.4774 -0.7243
vn 0.1139 0.3367 0.9347
vn -0.1206 0.4589 0.8803
vn 0.2768 0.9385 -0.2063
vn -0.9073 0.0050 0.4204
vn -0.3759 -0.5489 -0.7466
vn -0.8164 0.5455 -0.1896
vn 0.1886 -0.1954 -0.9624
vn -0.8513 -0.4958 0.1717
vn 0.4035 -0.6739 -0.6190
vn -0.6360 -0.6939 0.3376
vn -0.0734 -0.9231 -0.3774
vn -0.1994 -0.7057 -0.6799
vn -0.6248 -0.0129 -0.7807
vn 0.0031 -0.3395 -0.9406
vn 0.3829 -0.6369 -0.6692
vn -0.8146 -0.2598 -0.5186
vn 0.0475 -0.7010 -0.7116
vn 0.6191 0.0473 -0.7839
vn -0.0225 -0.4380 -0.8987
vn -0.9151 0.1165 -0.3860
vn -0.2499 0.4313 -0.8669
vn 0.2125 0.9521 -0.2200
vn 0.5547 -0.2134 -0.8042
vn 0.2853 -0.9447 -0.1615
vn 0.7414 0.0016 -0.6711
vn -0.1636 -0.5748 -0.8018
vn 0.1166 0.9522 0.2824
vn -0.4945 -0.3311 -0.8037
vn 0.8642 0.1214 -0.4882
vn 0.2005 0.0282 -0.9793
vn -0.6737 -0.2505 -0.6952
vn -0.3110 -0.2550 -0.9156
vn 0.0950 -0.6719 -0.7345
vn -0.6689 -0.2491 -0.7004
vn 0.6499 -0.3258 -0.6866
vn -0.8155 0.5785 0.0146
vn -0.3419 0.1638 -0.9253
vn 0.2252 -0.0452 -0.9733
vn -0.3232 -0.7082 -0.6277
vn 0.9477 0.0438 -0.3161
vn 0.6341 0.5009 -0.5890
vn -0.1640 0.7798 -0.6042
vn 0.3852 -0.8993 -0.2070
vn -0.2641 -0.4866 -0.8327
vn 0.0076 -0.3560 -0.9345
vn -0.7922 -0.6008 0.1069
vn -0.4111 -0.8819 -0.2306
vn -0.4663 0.8834 -0.0473
vn -0.2581 0.2917 -0.9210
vn 0.1766 -0.1270 -0.9761
vn -0.1698 0.0159 -0.9854
vn -0.4995 0.5937 -0.6309
vn -0.3791 -0.9062 -0.1872
vn -0.1452 -0.8314 -0.5364
vn -0.5881 0.2737 -0.7611
vn -0.9369 -0.3091 0.1633
vn -0.6500 0.1913 -0.7355
vn -0.4514 -0.7338 -0.5078
vn -0.4083 0.1519 -0.9001
vn 0.6118 0.7910 -0.0007
vn -0.3056 0.5378 -0.7857
vn -0.6056 0.5300 -0.5936
vn -0.0085 -0.3273 -0.9449
vn -0.5676 -0.8216 -0.0521
vn -0.0617 0.1747 -0.9827
vn -0.2670 -0.7131 -0.6483
vn -0.7665 -0.5807 -0.2742
vn 0.6413 -0.1684 0.7486
vn -0.6671 -0.4855 -0.5650
vn 0.0806 -0.6434 -0.7613
vn 0.5825 -0.6386 -0.5029
vn 0.9864 0.0575 -0.1538
vn 0.9668 -0.0525 -0.2502
vn 0.4106 -0.9041 -0.1184
vn 0.6652 0.4373 -0.6052
vn 0.9713 -0.0157 -0.2372
vn 0.9960 -0.0732 0.0520
vn 0.9147 -0.4036 0.0223
vn 0.9308 -0.2811 -0.2337
vn 0.9134 -0.4068 0.0167
vn 0.8984 -0.0079 -0.4391
vn 0.0491 -0.8162 -0.5756
vn -0.3439 -0.6903 -0.6366
vn 0.1181 0.8649 0.4879
vn -0.9541 0.2994 0.0029
vn 0.9259 -0.3755 0.0418
vn 0.0492 -0.8165 -0.5753
vn -0.9361 -0.1520 -0.3172
vn 0.9891 -0.0571 -0.1360
vn 0.7532 -0.4801 0.4497
vn 0.4069 -0.8885 -0.2120
vn 0.7958 -0.4206 0.4356
vn 0.8765 -0.4581 0.1482
vn 0.2538 -0.8636 -0.4357
vn -0.2271 -0.8791 -0.4191
vn -0.1513 -0.9797 -0.1314
vn 0.7374 -0.6223 0.2628
vn 0.2900 -0.8213 -0.4913
vn 0.2528 -0.4692 -0.8461
vn 0.6241 -0.2922 -0.7246
vn 0.5369 -0.4220 -0.7305
vn 0.1298 -0.7540 -0.6439
vn 0.6440 -0.6293 -0.4350
vn 0.8438 -0.3441 -0.4118
vn 0.7718 -0.1426 -0.6197
vn 0.9159 -0.3738 -0.1461
vn 0.9552 -0.2759 -0.1066
vn 0.6310 -0.2872 -0.7206
vn 0.8081 0.0577 -0.5863
vn 0.9467 0.0426 -0.3192
vn 0.4015 0.0811 -0.9123
vn 0.4760 0.2184 -0.8519
vn -0.0588 -0.5931 -0.8030
vn 0.7345 0.2672 -0.6238
vn 0.0939 0.0088 -0.9955
vn -0.2523 0.3063 -0.9179
vn -0.1591 -0.0523 -0.9859
vn 0.2848 -0.4920 -0.8227
vn -0.0191 -0.2505 -0.9679
vn 0.2525 -0.2078 -0.9450
vn 0.1697 -0.3730 -0.9122
vn 0.4672 -0.2033 -0.8605
vn 0.0831 0.0140 -0.9964
vn -0.2118 -0.1556 -0.9649
vn 0.8886 0.4448 -0.1120
vn 0.8690 0.3977 -0.2945
vn 0.7878 0.5496 -0.2780
vn 0.5387 0.7036 -0.4634
vn 0.9188 -0.2737 -0.2844
vn 0.6571 0.2611 -0.7071
vn 0.7608 0.3981 -0.5126
vn 0.8323 0.4135 -0.3693
vn 0.8323 0.4136 -0.3690
vn 0.9275 0.3620 0.0932
vn 0.6228 0.7214 -0.3030
vn 0.8592 -0.4538 -0.2362
vn 0.9535 -0.2207 -0.2053
vn 0.8933 0.0208 -0.4489
vn 0.8076 0.0925 -0.5824
vn 0.7877 0.1829 -0.5883
vn 0.3320 0.5140 -0.7909
vn 0.7544 0.4574 -0.4708
vn 0.9438 0.1546 -0.2923
vn 0.8211 0.4675 -0.3273
vn 0.9026 0.4304 0.0057
vn 0.9090 0.2864 -0.3029
vn 0.9658 0.1185 0.2306
vn 0.9960 0.0896 0.0060
vn 0.8845 0.2783 0.3745
vn 0.6143 0.5684 -0.5473
vn 0.9948 0.0739 0.0697
vn 0.8923 0.2425 0.3807
vn 0.6053 0.4514 0.6557
vn 0.4216 0.3351 0.8426
vn 0.6040 0.4850 0.6324
vn 0.8186 0.1486 0.5548
vn 0.5974 -0.0125 0.8018
vn 0.8995 0.4111 0.1483
vn 0.0035 0.9264 -0.3766
vn 0.2604 0.8737 -0.4108
vn 0.1375 0.9533 -0.2690
vn 0.9516 -0.2971 0.0790
vn 0.9645 -0.2382 0.1143
vn 0.8684 -0.1933 0.4567
vn 0.8641 0.2008 0.4615
vn 0.8339 0.0182 0.5516
vn 0.9700 -0.0717 0.2322
vn 0.9746 0.2184 0.0496
vn 0.9280 -0.2775 -0.2487
vn 0.1684 0.8369 -0.5209
vn 0.2472 0.8403 -0.4826
vn 0.6378 0.5683 -0.5198
vn 0.3273 0.7828 -0.5292
vn 0.4697 0.4612 -0.7528
vn 0.2622 0.6495 -0.7137
vn 0.4662 0.4814 -0.7422
vn -0.2309 -0.5024 0.8332
vn 0.1264 0.6716 -0.7301
vn 0.1624 0.6885 -0.7068
vn 0.0257 0.0501 -0.9984
vn 0.2406 0.5015 -0.8311
vn 0.1540 0.6311 -0.7602
vn 0.0946 0.5108 -0.8545
vn 0.2664 0.2975 -0.9168
vn 0.1320 0.3503 -0.9273
vn 0.9376 -0.3360 0.0901
vn 0.8536 -0.5013 -0.1419
vn 0.3474 -0.1734 -0.9215
vn 0.4695 0.1090 -0.8762
vn 0.5819 0.0819 -0.8092
vn 0.5162 0.4742 -0.7132
vn 0.6986 0.2210 -0.6805
vn 0.4338 0.6628 -0.6103
vn 0.5260 0.4966 -0.6905
vn 0.8234 -0.1438 -0.5489
vn 0.7467 0.5113 -0.4255
vn 0.6770 0.6213 -0.3946
vn 0.2494 0.4956 -0.8320
vn 0.8061 -0.5911 -0.0266
vn 0.6986 0.7004 -0.1463
vn -0.9855 -0.0853 -0.1469
vn 0.8650 0.4892 -0.1111
vn 0.7236 0.6668 0.1782
vn 0.7294 0.6395 -0.2429
vn 0.6871 0.7065 -0.1694
vn -0.2477 0.3580 -0.9003
vn 0.1591 0.9366 0.3121
vn 0.9040 0.4013 -0.1475
vn 0.5740 -0.7099 -0.4081
vn 0.6831 -0.6271 -0.3744
vn 0.6874 -0.7084 -0.1602
vn 0.6671 -0.6471 -0.3692
vn 0.3131 -0.7028 -0.6388
vn 0.3633 -0.6839 -0.6326
vn 0.4190 -0.8638 -0.2799
vn 0.6983 -0.7010 -0.1447
vn 0.5633 0.3296 0.7577
vn 0.4459 -0.5152 -0.7320
vn 0.7053 -0.6908 -0.1590
vn 0.8141 -0.5463 -0.1969
vn -0.3255 0.9020 0.2834
vn 0.8004 0.1584 0.5782
vn 0.6508 0.2002 0.7324
vn 0.6950 -0.3903 -0.6039
vn 0.3413 -0.4826 -0.8066
vn 0.5110 0.1549 -0.8455
vn 0.6252 0.6004 -0.4987
vn 0.5203 0.1846 -0.8338
vn 0.6545 -0.1035 -0.7490
vn 0.8674 -0.4402 -0.2321
vn 0.6539 -0.0657 -0.7537
vn 0.5154 -0.4214 -0.7462
vn 0.1691 -0.4741 -0.8641
vn 0.4278 -0.3886 -0.8161
vn -0.3767 -0.0218 0.9261
vn 0.5935 -0.0235 -0.8045
vn 0.4156 -0.2207 -0.8824
vn 0.1983 -0.1241 -0.9722
vn 0.1885 0.1905 -0.9634
vn 0.1716 0.2060 -0.9634
vn 0.0063 0.1921 -0.9814
vn 0.0202 -0.2554 -0.9666
vn -0.2836 0.1161 -0.9519
vn -0.2911 0.3798 -0.8781
vn 0.6629 -0.1130 0.7401
vn -0.0144 -0.2463 -0.9691
vn -0.0453 0.1083 -0.9931
vn -0.0195 -0.2349 -0.9718
vn -0.1217 -0.8630 -0.4903
vn 0.0350 -0.5862 -0.8094
vn -0.0905 0.3246 -0.9415
vn 0.3736 -0.3728 0.8494
vn 0.1164 -0.5699 -0.8134
vn -0.0358 -0.8058 -0.5910
vn 0.0014 -0.6225 -0.7826
vn -0.2801 -0.6452 -0.7108
vn 0.3912 0.8398 -0.3765
vn 0.3880 0.8535 -0.3478
vn 0.4605 -0.6664 -0.5864
vn 0.0403 0.8962 -0.4418
vn 0.1124 -0.6929 -0.7123
vn 0.2870 -0.7410 -0.6071
vn 0.1468 -0.7271 -0.6707
vn 0.0169 -0.8308 -0.5563
vn -0.2886 -0.6712 -0.6827
vn -0.3325 -0.6240 -0.7071
vn -0.3526 -0.6702 -0.6530
vn -0.1485 0.6729 -0.7247
vn 0.3013 0.7206 -0.6245
vn 0.2496 0.7801 -0.5737
vn 0.2115 0.7906 -0.5746
vn -0.1543 0.6407 -0.7521
vn -0.2021 0.7076 -0.6771
vn -0.2540 -0.6162 -0.7455
vn -0.0403 0.4753 -0.8789
vn -0.0357 0.5686 -0.8218
vn 0.1160 0.2175 -0.9691
vn 0.2728 0.2840 -0.9192
vn -0.2888 0.3142 -0.9044
vn -0.1204 0.3694 -0.9214
vn -0.2333 0.4089 -0.8822
vn 0.1615 0.0988 -0.9819
vn 0.1325 0.0944 -0.9867
vn -0.2649 -0.0285 -0.9638
vn -0.0396 -0.0856 -0.9955
vn -0.0030 -0.6069 -0.7947
vn 0.0188 -0.5553 -0.8314
vn -0.3436 -0.5456 -0.7644
vn -0.0290 -0.8431 -0.5371
vn -0.3539 -0.8991 -0.2577
vn -0.1950 -0.9679 -0.1586
vn -0.6109 -0.5559 -0.5637
vn -0.0334 -0.9343 -0.3548
vn 0.0092 -0.8685 -0.4957
vn -0.2961 -0.8133 -0.5009
vn -0.1217 -0.9925 0.0099
vn -0.3886 -0.8325 -0.3950
vn -0.2364 0.2073 -0.9493
vn -0.8787 0.3290 0.3460
vn -0.1050 0.2670 -0.9579
vn -0.0596 0.2211 -0.9734
vn -0.0109 -0.2527 -0.9675
vn 0.0226 -0.0809 -0.9965
vn 0.1006 -0.0130 -0.9948
vn -0.0041 -0.4139 -0.9103
vn 0.0362 -0.9782 -0.2045
vn 0.3017 -0.7846 -0.5417
vn 0.0001 -0.9265 -0.3764
vn 0.1557 -0.8572 -0.4908
vn 0.6063 -0.7926 -0.0641
vn 0.4009 0.2062 -0.8926
vn 0.5882 -0.6986 0.4074
vn 0.3218 -0.9447 0.0638
vn 0.2943 -0.6938 -0.6573
vn 0.4201 -0.3463 -0.8388
vn 0.5193 -0.3458 -0.7815
vn 0.5529 -0.3910 -0.7358
vn 0.8011 -0.3404 -0.4923
vn 0.2911 -0.5198 -0.8032
vn 0.5030 -0.8575 0.1080
vn 0.3059 -0.6827 -0.6636
vn 0.5019 -0.6066 -0.6165
vn 0.7119 -0.5974 -0.3693
vn 0.7294 -0.4052 -0.5512
vn 0.8131 -0.4148 -0.4085
vn 0.7869 -0.5090 0.3488
vn 0.8517 -0.5240 0.0112
vn 0.6987 -0.7034 0.1305
vn 0.5461 -0.7817 -0.3011
vn 0.8068 -0.5750 -0.1363
vn 0.6555 -0.4714 0.5900
vn 0.6863 0.3587 -0.6327
vn 0.5483 -0.7040 0.4514
vn 0.5514 -0.6068 0.5725
vn 0.8050 0.5852 0.0974
vn -0.0677 -0.1735 -0.9825
vn 0.6294 -0.2338 0.7411
vn 0.5260 -0.4363 0.7300
vn 0.5897 -0.4165 0.6920
vn 0.7711 0.5616 -0.3002
vn 0.8942 0.4374 -0.0953
vn 0.7976 0.3804 -0.4681
vn 0.7410 -0.5418 -0.3967
vn 0.8016 -0.4121 -0.4332
vn 0.5412 -0.7842 -0.3037
vn 0.5947 -0.6364 -0.4912
vn 0.5521 0.1101 -0.8265
vn 0.4434 -0.1072 -0.8899
vn 0.6501 0.1393 -0.7470
vn 0.6372 -0.3746 -0.6736
vn 0.3232 -0.7281 -0.6046
vn 0.3215 -0.8043 -0.4997
vn 0.3037 -0.9421 -0.1423
vn 0.4218 -0.8430 -0.3338
vn 0.0745 -0.9692 -0.2347
vn 0.0850 -0.8566 -0.5089
vn -0.2182 -0.5888 -0.7783
vn -0.4466 0.7275 0.5209
vn 0.4990 -0.6298 -0.5953
vn 0.3937 -0.6710 -0.6283
vn 0.1383 -0.4481 -0.8832
vn -0.2291 -0.2952 -0.9276
vn -0.3401 0.2773 -0.8986
vn 0.8271 0.5032 -0.2503
vn 0.2129 -0.4285 -0.8781
vn 0.5523 -0.4912 -0.6736
vn 0.2846 -0.1729 -0.9429
vn 0.2014 -0.4403 -0.8750
vn 0.6392 0.7459 -0.1872
vn 0.7472 0.5866 0.3123
vn 0.6291 -0.6072 0.4854
vn 0.7333 -0.5077 0.4522
vn 0.6403 0.7512 -0.1603
vn 0.4354 0.3745 -0.8186
vn 0.5826 0.4282 -0.6908
vn 0.6048 -0.7935 0.0676
vn -0.1485 -0.6823 -0.7159
vn 0.5314 -0.3803 -0.7570
vn 0.7994 0.1834 0.5721
vn 0.1723 -0.7584 -0.6286
vn 0.4379 -0.7734 0.4585
vn -0.1176 -0.8111 0.5729
vn -0.0843 -0.8019 0.5915
vn -0.0111 -0.9158 0.4015
vn -0.1329 -0.9531 0.2719
vn -0.0133 -0.9614 0.2749
vn 0.0767 -0.9896 0.1215
vn 0.0133 -0.9848 -0.1733
vn 0.2159 -0.9595 0.1808
vn 0.3264 -0.9377 0.1191
vn 0.3260 -0.9377 0.1198
vn 0.6983 -0.6672 0.2592
vn 0.4658 -0.7944 0.3899
vn 0.6458 -0.7620 -0.0470
vn 0.6538 -0.7534 -0.0702
vn 0.8220 -0.5681 -0.0397
vn 0.6206 -0.4571 0.6371
vn 0.9041 -0.3567 0.2352
vn 0.9868 -0.1486 -0.0640
vn 0.9703 -0.1218 0.2089
vn 0.8040 -0.3182 0.5023
vn 0.9707 -0.1226 0.2065
vn 0.7792 -0.4211 0.4642
vn 0.9658 -0.1725 0.1934
vn 0.8827 -0.4659 0.0625
vn 0.6978 -0.4464 0.5602
vn 0.7050 -0.5472 0.4512
vn 0.7325 -0.3001 0.6110
vn 0.2641 -0.9529 -0.1492
vn 0.8799 0.0077 -0.4751
vn -0.5527 -0.0680 0.8306
vn 0.8227 -0.0008 -0.5685
vn 0.7273 -0.2706 -0.6308
vn 0.8593 -0.0134 -0.5112
vn 0.7516 -0.2805 -0.5970
vn 0.9798 -0.0409 -0.1956
vn 0.9739 0.0968 -0.2051
vn 0.9694 -0.0780 -0.2328
vn 0.9826 0.0032 0.1857
vn 0.9687 -0.0871 -0.2324
vn 0.9170 -0.3645 0.1617
vn 0.7213 -0.6758 -0.1521
vn 0.7804 -0.6063 -0.1526
vn 0.6372 -0.7673 0.0728
vn 0.4216 -0.9064 -0.0245
vn 0.6521 -0.4988 -0.5710
vn 0.7518 -0.2812 -0.5964
vn 0.4148 -0.9097 -0.0209
vn -0.1531 -0.9746 -0.1637
vn 0.1450 -0.9851 0.0930
vn 0.0095 -0.9202 -0.3913
vn -0.1506 -0.9863 0.0669
vn -0.2595 -0.9352 -0.2410
vn -0.4285 -0.8452 -0.3195
vn 0.0382 -0.9260 -0.3756
vn -0.4980 -0.8181 -0.2875
vn 0.3031 -0.8979 -0.3193
vn 0.3933 -0.8173 -0.4210
vn 0.2964 -0.7113 -0.6373
vn 0.1238 -0.5294 -0.8393
vn -0.0293 -0.8238 -0.5662
vn -0.4098 -0.7444 -0.5271
vn -0.0803 -0.7973 -0.5983
vn 0.1531 -0.6718 -0.7247
vn 0.0787 -0.4970 -0.8641
vn 0.4544 -0.3048 -0.8370
vn 0.4142 -0.4044 -0.8154
vn 0.6529 -0.1994 -0.7308
vn 0.6679 -0.1286 -0.7331
vn 0.6636 -0.6633 -0.3458
vn 0.4735 -0.5386 -0.6969
vn -0.1306 -0.4755 -0.8700
vn -0.1726 -0.5590 -0.8110
vn -0.4725 -0.5925 -0.6525
vn 0.9246 0.3341 0.1828
vn 0.9240 0.3201 0.2092
vn 0.8891 0.1703 -0.4248
vn 0.7853 -0.5010 0.3638
vn 0.0813 -0.6414 0.7629
vn 0.1088 -0.6200 0.7771
vn 0.0933 -0.6179 0.7807
vn 0.1986 -0.7640 0.6139
vn 0.0401 -0.9721 0.2312
vn -0.0440 -0.9944 0.0956
vn 0.4051 -0.8995 0.1639
vn 0.0517 -0.9753 0.2148
vn -0.2944 -0.6701 -0.6814
vn -0.3036 -0.9477 0.0990
vn 0.4315 -0.8964 0.1010
vn 0.3555 -0.9109 0.2097
vn 0.9053 0.1207 -0.4072
vn 0.5926 0.7794 -0.2032
vn 0.0907 -0.6613 -0.7446
vn -0.2955 -0.9486 -0.1136
vn -0.1949 -0.9637 -0.1826
vn -0.0661 -0.8482 -0.5255
vn 0.2141 -0.8860 -0.4114
vn -0.1316 -0.9773 -0.1658
vn -0.0080 -0.9993 -0.0365
vn 0.0753 -0.8714 -0.4848
vn 0.9944 -0.1021 0.0274
vn 0.9977 -0.0683 0.0022
vn 0.9976 -0.0601 0.0357
vn 0.9625 0.1937 -0.1901
vn -0.1492 -0.5918 -0.7922
vn -0.2610 -0.9523 0.1581
vn -0.1603 -0.6733 -0.7218
vn 0.7853 0.5615 -0.2606
vn -0.4954 0.1131 -0.8613
vn -0.2160 0.0087 -0.9764
vn 0.9618 0.1501 -0.2289
vn -0.4031 -0.8960 0.1866
vn -0.0173 -0.9954 -0.0946
vn -0.1320 -0.9799 -0.1495
vn -0.0520 -0.8569 -0.5129
vn 0.8776 -0.2636 0.4003
vn -0.1577 -0.9849 0.0710
vn 0.7097 0.6856 -0.1622
vn -0.1626 -0.9867 0.0071
vn 0.4877 -0.4196 0.7656
vn 0.4678 0.1010 0.8781
vn 0.4010 0.2773 0.8731
vn -0.4446 0.5404 -0.7143
vn 0.3311 0.3392 0.8805
vn 0.4371 0.8908 -0.1241
vn -0.2713 -0.1962 -0.9423
vn -0.3061 -0.0678 -0.9496
vn -0.2766 -0.9486 -0.1537
vn -0.0832 0.9794 -0.1842
vn -0.5721 0.0744 -0.8168
vn -0.2518 -0.0563 -0.9661
vn -0.5198 0.2964 -0.8012
vn -0.1099 0.8997 -0.4224
vn -0.4411 -0.0965 -0.8922
vn -0.1633 0.1107 -0.9803
vn 0.3581 0.4611 0.8119
vn 0.3842 0.9213 0.0603
vn 0.0965 0.6797 -0.7271
vn 0.2277 -0.9729 -0.0412
vn -0.3527 0.9344 -0.0493
vn 0.5869 0.6680 -0.4576
vn 0.8640 -0.0187 0.5032
vn -0.7207 0.5962 -0.3537
vn -0.1164 0.7849 0.6087
vn -0.9057 0.3765 -0.1950
vn -0.9467 0.1748 -0.2706
vn 0.1736 0.5890 -0.7893
vn -0.3335 -0.5550 0.7620
vn -0.4699 -0.6482 -0.5992
vn 0.4094 -0.1615 -0.8980
vn 0.1915 0.2369 -0.9525
vn -0.5601 0.8231 0.0937
vn -0.7850 0.5432 -0.2978
vn -0.0190 -0.5713 -0.8206
vn -0.2189 0.7376 -0.6387
vn 0.1007 -0.1994 -0.9747
vn -0.0531 -0.3943 -0.9174
vn -0.2352 -0.0479 -0.9708
vn 0.3957 0.7574 -0.5193
vn 0.3159 -0.4492 -0.8357
vn -0.2399 -0.0187 -0.9706
vn -0.0631 0.1547 0.9859
vn 0.0464 -0.1904 -0.9806
vn 0.4209 -0.2955 -0.8576
vn -0.0205 -0.3456 0.9382
vn 0.1957 -0.9775 -0.0787
vn -0.1288 -0.4626 0.8772
vn -0.7341 0.0894 0.6731
vn 0.5358 -0.1902 0.8226
vn 0.4747 -0.2729 -0.8368
vn 0.1442 0.2168 0.9655
vn 0.5132 -0.4846 -0.7084
vn 0.6883 0.6511 -0.3200
vn 0.5179 0.3381 0.7858
vn 0.7547 -0.2453 -0.6085
vn 0.9016 0.0630 0.4281
vn 0.4577 0.8875 0.0528
vn 0.5316 0.7918 -0.3009
vn 0.4997 0.3487 0.7929
vn 0.4921 0.8540 0.1690
vn 0.6949 -0.4948 -0.5218
vn 0.3329 0.6199 -0.7106
vn 0.4219 -0.8614 -0.2828
vn 0.5129 -0.3814 0.7690
vn 0.6273 -0.0704 0.7756
vn 0.6037 0.0140 0.7971
vn 0.0166 -0.1906 -0.9815
vn -0.0062 -0.0921 -0.9957
vn -0.2327 0.1843 -0.9549
vn -0.1584 -0.1205 -0.9800
vn -0.2634 0.1439 -0.9539
vn 0.0967 0.8660 -0.4907
vn -0.1826 0.7196 -0.6699
vn 0.7925 -0.5792 -0.1909
vn -0.0850 -0.1317 -0.9876
vn 0.7362 0.0019 -0.6768
vn 0.1810 -0.9824 -0.0452
vn 0.4861 -0.8739 -0.0058
vn -0.4035 0.8909 0.2085
vn 0.1834 -0.9822 -0.0396
vn -0.2149 -0.7163 -0.6639
vn -0.6245 -0.7725 0.1150
vn 0.8897 -0.4425 -0.1120
vn 0.6084 0.2836 -0.7412
vn 0.3002 -0.4300 -0.8514
vn 0.3042 -0.4192 -0.8554
vn 0.8035 -0.1792 -0.5677
vn -0.3721 -0.5833 -0.7220
vn 0.2768 -0.1788 -0.9441
vn 0.1021 -0.1768 -0.9789
vn 0.4956 -0.6919 -0.5250
vn 0.2224 0.0999 -0.9698
vn 0.0455 0.1027 -0.9937
vn 0.4098 0.2745 -0.8699
vn 0.3573 -0.6497 -0.6709
vn 0.0781 -0.7867 -0.6123
vn 0.3378 -0.8293 -0.4451
vn 0.4769 -0.8762 -0.0696
vn 0.4557 -0.8896 -0.0309
vn -0.8094 0.5809 -0.0862
vn 0.3043 -0.8659 0.3970
vn 0.9068 -0.3044 0.2917
vn 0.2584 -0.8038 0.5359
vn -0.0927 -0.9758 0.1982
vn 0.4312 -0.3569 0.8287
vn -0.4646 0.6073 -0.6445
vn 0.8605 -0.0664 -0.5050
vn 0.3660 -0.4119 0.8345
vn 0.4024 -0.4054 0.8208
vn 0.8013 0.4516 -0.3925
vn 0.1045 -0.3149 0.9433
vn 0.6733 -0.1230 -0.7290
vn 0.8771 0.1911 -0.4407
vn 0.7611 -0.3611 -0.5388
vn 0.8799 0.1084 -0.4627
vn 0.7100 -0.1260 -0.6928
vn 0.5317 -0.6798 -0.5051
vn 0.5888 0.1614 -0.7920
vn 0.6397 0.1463 -0.7546
vn 0.9530 -0.1827 0.2418
vn 0.5822 0.4353 -0.6867
vn 0.8805 0.3630 -0.3050
vn 0.5703 0.3302 0.7521
vn 0.6498 0.2204 0.7275
vn 0.7898 0.2586 0.5562
vn 0.8682 0.1546 0.4714
vn 0.8125 0.5818 -0.0368
vn 0.7577 0.5987 -0.2599
vn 0.8345 0.4744 0.2801
vn 0.6398 0.4364 0.6326
vn 0.2951 -0.9430 -0.1542
vn 0.2822 -0.9403 0.1900
vn 0.4106 -0.9116 -0.0225
vn 0.3874 -0.8976 -0.2103
vn 0.7952 0.6004 -0.0854
vn 0.5257 -0.5955 -0.6075
vn 0.4016 -0.5353 0.7431
vn 0.4018 -0.8480 0.3455
vn 0.2436 -0.5712 -0.7838
vn 0.8978 0.1701 0.4063
vn 0.8909 0.4128 -0.1897
vn 0.3593 -0.5325 -0.7664
vn 0.4063 0.7494 -0.5228
vn 0.5673 0.7964 -0.2098
vn 0.4478 0.8673 -0.2176
vn -0.0257 0.0936 -0.9953
vn 0.2854 -0.0282 -0.9580
vn 0.4047 -0.3769 -0.8332
vn -0.0420 -0.2600 -0.9647
vn 0.2348 -0.2558 -0.9378
vn 0.2274 -0.2607 -0.9383
vn 0.8496 0.5199 0.0894
vn 0.6071 -0.7787 0.1584
vn 0.5437 -0.6147 -0.5714
vn 0.4165 -0.4545 0.7874
vn 0.3443 -0.3705 0.8627
vn 0.4774 -0.5898 0.6513
vn 0.9308 -0.1223 0.3444
vn 0.5633 0.0542 0.8245
vn 0.6216 0.0527 0.7815
vn 0.6908 0.6934 0.2051
vn 0.7737 -0.0768 0.6288
vn -0.4827 -0.5305 -0.6968
vn 0.7941 -0.2792 0.5399
vn 0.8578 -0.1869 -0.4788
vn 0.9969 0.0765 -0.0171
vn 0.9883 -0.0934 0.1204
vn 0.9742 -0.0602 -0.2176
vn 0.9761 0.0052 -0.2173
vn 0.4990 -0.0601 -0.8645
vn 0.7966 -0.0191 -0.6042
vn 0.8631 -0.1528 -0.4814
vn 0.6551 -0.1031 -0.7485
vn 0.5024 -0.0657 -0.8621
vn 0.4094 -0.3740 -0.8322
vn 0.8749 -0.2822 -0.3937
vn 0.6070 -0.4745 -0.6375
vn 0.6526 -0.4280 -0.6252
vn 0.7781 -0.3593 -0.5152
vn 0.9301 -0.3301 -0.1611
vn 0.9751 -0.2203 -0.0256
vn 0.9751 -0.2189 -0.0346
vn 0.8506 -0.4760 -0.2232
vn 0.7643 -0.4941 -0.4143
vn 0.7350 -0.6672 -0.1207
vn 0.7856 -0.6167 -0.0508
vn -0.4969 0.6354 0.5910
vn 0.6056 -0.7512 -0.2626
vn 0.7299 -0.5314 -0.4299
vn 0.4611 -0.5749 -0.6759
vn 0.9859 0.0117 -0.1666
vn 0.9637 0.2609 -0.0558
vn 0.8733 -0.3684 0.3188
vn 0.9350 0.1769 0.3073
vn 0.3977 -0.9167 -0.0380
vn 0.6137 -0.7783 -0.1327
vn 0.4643 -0.7981 -0.3839
vn 0.4738 -0.8533 0.2175
vn 0.9406 -0.1591 0.3000
vn 0.8186 -0.5606 -0.1250
vn 0.8522 -0.5024 0.1460
vn 0.3987 -0.9169 0.0171
vn 0.9181 0.2346 -0.3194
vn 0.7147 0.6660 0.2136
vn 0.9103 0.2339 -0.3415
vn 0.5789 -0.7769 0.2477
vn 0.3853 -0.8598 0.3351
vn 0.4819 -0.7137 0.5083
vn 0.4313 -0.4550 0.7791
vn 0.9315 0.3637 0.0099
vn 0.6464 -0.4231 0.6349
vn 0.9718 -0.2165 -0.0937
vn 0.9615 -0.2352 -0.1424
vn 0.9350 -0.1832 -0.3037
vn 0.6880 -0.5007 -0.5253
vn 0.4215 -0.8825 0.2088
vn 0.7165 -0.5740 -0.3964
vn 0.8061 -0.5312 -0.2609
vn 0.7628 0.6343 0.1258
vn 0.5752 -0.2476 -0.7796
vn 0.5656 -0.7370 -0.3700
vn 0.5570 -0.7398 -0.3775
vn 0.5454 -0.8338 -0.0857
vn 0.7235 0.6245 0.2943
vn 0.7079 0.4192 0.5685
vn 0.4276 -0.8843 0.1877
vn 0.6902 0.6192 0.3744
vn 0.6073 -0.6896 -0.3945
vn 0.6353 -0.7625 -0.1222
vn 0.7394 0.6130 0.2785
vn 0.5983 0.0143 0.8011
vn 0.5289 -0.2246 -0.8185
vn 0.5323 -0.5358 -0.6555
vn 0.5095 -0.2058 0.8355
vn 0.5012 -0.2058 0.8405
vn -0.6945 -0.7170 -0.0600
vn 0.5938 -0.4799 -0.6458
vn 0.7012 0.7104 0.0601
vn 0.9745 0.1249 -0.1865
vn 0.6682 -0.4979 0.5528
vn 0.6321 -0.5692 0.5257
vn 0.8135 0.5128 -0.2742
vn 0.7138 0.6800 -0.1676
vn 0.8837 0.4462 -0.1410
vn 0.5824 -0.4345 0.6870
vn -0.5168 0.0765 0.8527
vn 0.9423 0.2163 0.2554
vn 0.4577 -0.4348 0.7756
vn 0.6338 -0.7241 0.2720
vn 0.6469 0.3500 -0.6775
vn -0.8934 -0.4420 -0.0809
vn 0.7241 -0.5605 -0.4019
vn 0.4230 -0.9048 0.0499
vn 0.4759 0.2023 0.8559
vn 0.8214 -0.5221 -0.2297
vn 0.9849 0.0354 0.1697
vn 0.9940 0.0552 -0.0943
vn 0.7803 -0.1138 0.6150
vn 0.8578 -0.2889 0.4250
vn 0.7892 -0.4576 0.4097
vn 0.9119 -0.4050 -0.0660
vn 0.9414 -0.2544 -0.2217
vn 0.7170 -0.6840 0.1346
vn 0.6986 -0.7033 0.1315
vn 0.7827 0.2979 -0.5465
vn 0.9027 0.0800 -0.4229
vn 0.9421 -0.2154 -0.2570
vn 0.9420 0.2665 -0.2038
vn 0.9863 -0.1547 0.0575
vn 0.9013 0.0804 -0.4256
vn 0.9755 0.0670 0.2096
vn 0.7026 -0.6680 -0.2454
vn 0.5475 -0.8346 -0.0602
vn 0.6029 -0.7748 -0.1905
vn 0.8211 -0.0827 -0.5648
vn 0.6510 0.3311 -0.6830
vn 0.6039 -0.0305 -0.7965
vn 0.4771 -0.3681 -0.7980
vn 0.5723 -0.4761 -0.6677
vn 0.7470 -0.6555 0.1111
vn 0.8217 -0.3793 -0.4254
vn 0.1749 -0.9816 -0.0770
vn 0.9149 -0.1947 -0.3536
vn 0.7295 -0.6734 0.1198
vn 0.4573 -0.5289 0.7150
vn 0.9147 -0.2920 0.2794
vn 0.8469 0.3817 0.3703
vn 0.8971 -0.0562 0.4382
vn 0.7041 -0.5270 0.4760
vn 0.6764 -0.6856 0.2690
vn 0.5080 0.0663 0.8588
vn 0.7733 0.3541 0.5260
vn 0.5308 0.0553 0.8457
vn 0.6978 -0.2726 0.6624
vn 0.8210 -0.3492 0.4516
vn 0.8611 -0.5049 -0.0596
vn 0.9297 -0.3611 0.0727
vn 0.8628 -0.5036 -0.0450
vn 0.7902 -0.1566 -0.5926
vn 0.9223 -0.0698 0.3800
vn 0.9395 -0.1987 0.2790
vn 0.9467 0.2496 0.2034
vn 0.9034 0.3604 0.2322
vn 0.9947 -0.0356 -0.0963
vn 0.8509 -0.2131 -0.4802
vn 0.6147 0.1521 0.7740
vn 0.7335 0.0325 -0.6789
vn 0.7264 -0.6335 -0.2666
vn 0.9469 -0.0503 -0.3176
vn 0.9245 -0.3689 -0.0958
vn 0.8100 -0.4279 0.4009
vn 0.6693 -0.7241 0.1669
vn 0.6920 -0.6082 0.3889
vn 0.6764 -0.6393 0.3658
vn 0.7081 -0.6244 0.3297
vn 0.8528 -0.0035 0.5222
vn 0.5070 -0.4400 0.7412
vn 0.9347 0.2187 0.2803
vn 0.9607 -0.2022 0.1902
vn 0.9323 -0.3608 -0.0257
vn 0.9928 -0.0665 0.0999
vn 0.8493 0.4132 0.3286
vn 0.9111 0.4085 -0.0553
vn 0.6542 0.3825 0.6525
vn 0.4060 -0.8924 0.1968
vn 0.8385 0.4237 0.3425
vn 0.6016 0.7431 0.2930
vn 0.7385 0.6199 0.2651
vn 0.7408 0.6704 -0.0426
vn 0.8753 0.4835 0.0097
vn 0.3244 -0.6690 0.6687
vn -0.4789 0.5739 -0.6643
vn 0.9107 0.3971 -0.1140
vn 0.5399 -0.8133 0.2171
vn 0.6257 -0.7795 0.0301
vn 0.7936 -0.6064 -0.0503
vn 0.7235 -0.6570 0.2118
vn 0.4356 -0.8663 0.2444
vn 0.9338 0.0271 -0.3567
vn 0.8267 0.1214 -0.5494
vn 0.7529 0.4703 -0.4604
vn 0.8348 0.3735 -0.4045
vn 0.4499 -0.7808 0.4335
vn 0.2402 -0.8565 0.4568
vn 0.2813 -0.8612 0.4232
vn 0.4722 -0.6702 0.5726
vn 0.2808 -0.6909 0.6662
vn 0.0288 0.2251 -0.9739
vn 0.9790 0.1712 0.1104
vn 0.4625 -0.8612 0.2107
vn 0.9666 -0.2553 -0.0210
vn 0.4571 -0.5912 0.6645
vn 0.2536 -0.5163 -0.8180
vn 0.8605 -0.3514 -0.3688
vn 0.3509 -0.8127 -0.4652
vn 0.5685 -0.8093 -0.1481
vn 0.2858 -0.6913 0.6636
vn 0.4144 -0.0304 -0.9096
vn 0.4462 0.8519 0.2740
vn 0.0300 0.8947 0.4457
vn 0.6016 0.7429 0.2937
vn 0.1188 -0.4586 0.8807
vn 0.9317 0.3251 -0.1619
vn 0.5865 0.5148 0.6253
vn 0.3604 0.7348 0.5746
vn 0.1981 0.8216 0.5346
vn 0.5329 0.5944 0.6023
vn 0.6494 -0.0743 0.7568
vn 0.6899 -0.1412 0.7100
vn 0.6024 0.7424 0.2932
vn 0.8065 -0.4717 -0.3564
vn 0.0700 -0.8018 0.5935
vn 0.3264 -0.9170 0.2294
vn 0.4419 -0.7938 0.4178
vn 0.3615 -0.9296 0.0715
vn 0.8938 0.0166 0.4482
vn 0.2901 -0.8484 -0.4429
vn 0.3524 -0.8096 -0.4694
vn 0.4888 -0.7900 -0.3702
vn 0.9782 -0.0141 0.2073
vn 0.5679 -0.7490 0.3413
vn 0.5353 -0.5504 0.6407
vn 0.6571 -0.0044 0.7538
vn 0.6253 -0.4953 0.6030
vn 0.6093 -0.4389 0.6604
vn 0.5017 -0.4478 0.7401
vn 0.9219 -0.3748 0.0983
vn 0.8074 -0.5020 0.3099
vn 0.8577 -0.0388 0.5127
vn -0.8925 0.0422 -0.4490
vn 0.8687 -0.2250 0.4413
vn 0.1222 -0.9788 -0.1642
vn 0.7112 -0.0945 -0.6966
vn 0.9019 0.3303 0.2784
vn 0.8624 0.2726 0.4265
vn 0.8989 -0.2196 -0.3792
vn 0.5481 -0.1506 0.8228
vn 0.8623 0.4176 0.2863
vn 0.5176 -0.8018 -0.2985
vn 0.3878 -0.6936 -0.6071
vn 0.6495 -0.0293 0.7598
vn 0.3037 -0.6502 0.6964
vn -0.0748 -0.6804 0.7290
vn -0.4243 -0.3586 0.8315
vn -0.2273 -0.6684 0.7082
vn 0.0672 -0.8148 0.5758
vn -0.2301 -0.9589 0.1662
vn -0.0673 -0.9142 0.3995
vn -0.4434 -0.8002 0.4038
vn 0.0357 -0.9418 0.3343
vn 0.2945 -0.8817 0.3687
vn 0.1830 -0.7834 0.5940
vn 0.6356 -0.6996 0.3263
vn 0.1962 -0.7963 0.5722
vn 0.1856 -0.9537 0.2368
vn -0.0431 -0.9137 0.4040
vn -0.2475 -0.8446 0.4748
vn 0.3259 -0.7060 0.6288
vn 0.1583 -0.9865 0.0417
vn -0.1494 -0.3361 0.9299
vn -0.0260 -0.1065 0.9940
vn 0.0463 -0.5365 0.8427
vn -0.0260 -0.1042 0.9942
vn 0.5435 -0.8165 0.1946
vn 0.1029 0.3721 0.9225
vn 0.0691 0.1915 0.9791
vn 0.3577 -0.3072 0.8819
vn 0.6827 -0.7298 0.0378
vn 0.6286 -0.7716 0.0974
vn 0.5014 -0.7217 0.4772
vn -0.7707 0.5200 -0.3682
vn 0.6609 0.4010 0.6344
vn 0.5395 -0.8177 0.2010
vn 0.8159 -0.5711 0.0902
vn 0.8181 -0.4038 0.4094
vn 0.8744 0.4432 0.1977
vn 0.7395 -0.4916 0.4598
vn 0.7704 -0.4016 0.4953
vn -0.2840 -0.7830 0.5533
vn 0.3302 0.7564 0.5646
vn -0.3014 -0.8196 0.4873
vn 0.6206 -0.3971 0.6762
vn -0.7679 -0.6214 0.1557
vn -0.4414 -0.8303 0.3402
vn -0.3305 -0.8373 0.4356
vn -0.5952 -0.6025 0.5317
vn -0.5343 -0.6271 0.5668
vn -0.5922 -0.7101 0.3810
vn -0.6077 -0.6590 0.4432
vn -0.3369 0.3696 0.8660
vn 0.3795 0.8493 0.3670
vn 0.4399 0.5894 0.6776
vn 0.4588 0.8533 0.2478
vn 0.3685 0.7463 0.5543
vn -0.0937 -0.9296 0.3563
vn -0.0049 -0.9661 0.2581
vn 0.3624 -0.9234 0.1267
vn -0.3116 -0.9026 0.2972
vn -0.2827 -0.8663 0.4119
vn -0.2985 -0.8661 0.4010
vn -0.1754 -0.9106 0.3742
vn 0.2117 0.0318 0.9768
vn 0.2960 0.1244 0.9471
vn 0.2822 0.1689 0.9444
vn -0.0107 -0.9999 0.0010
vn 0.2751 -0.3466 0.8968
vn 0.1710 -0.5152 0.8398
vn 0.2162 0.0951 0.9717
vn 0.3297 -0.0468 0.9429
vn 0.2546 -0.3601 0.8975
vn -0.0427 -0.7325 0.6795
vn 0.4246 -0.2783 0.8616
vn 0.0032 -0.2922 0.9563
vn 0.2583 -0.5333 0.8055
vn 0.6869 -0.2668 0.6759
vn 0.7947 -0.3478 0.4975
vn 0.6127 -0.0166 0.7901
vn 0.7648 0.4134 0.4942
vn 0.3613 0.4327 0.8260
vn 0.6377 0.3178 0.7016
vn -0.8241 0.4530 -0.3400
vn 0.8411 -0.4220 0.3383
vn 0.2316 0.5639 0.7927
vn 0.5143 0.2254 0.8275
vn -0.6387 -0.0086 0.7694
vn -0.5696 0.2618 0.7791
vn 0.6503 -0.6634 0.3703
vn 0.0587 0.5535 0.8308
vn 0.0841 0.9905 -0.1090
vn 0.7401 0.2891 0.6072
vn 0.2196 -0.5525 0.8041
vn 0.2888 0.6885 -0.6652
vn -0.1945 -0.8949 0.4016
vn 0.0431 -0.9500 0.3093
vn -0.0380 -0.8761 0.4807
vn -0.6731 0.0455 0.7382
vn -0.6683 0.1713 0.7239
vn 0.7341 -0.0303 0.6784
vn 0.6502 0.3247 0.6869
vn 0.5204 0.2631 0.8124
vn 0.7793 0.0328 0.6258
vn -0.1294 -0.8827 -0.4517
vn -0.2205 -0.6753 0.7038
vn -0.7249 -0.2641 0.6362
vn -0.1863 0.0396 0.9817
vn -0.6245 -0.3420 0.7021
vn -0.3280 -0.5044 0.7987
vn -0.5065 -0.3338 0.7950
vn 0.7286 -0.2116 0.6515
vn -0.2394 -0.1196 0.9635
vn -0.4299 -0.1521 0.8900
vn -0.3637 -0.1093 0.9251
vn -0.2908 0.3819 0.8773
vn -0.4597 0.2095 0.8630
vn -0.1377 0.0420 0.9896
vn -0.3097 0.3230 0.8943
vn 0.6405 -0.6847 -0.3477
vn 0.2216 -0.7587 0.6125
vn 0.5174 -0.4841 0.7056
vn 0.5511 -0.6938 0.4635
vn 0.7657 -0.4865 0.4208
vn 0.1054 0.5309 0.8409
vn 0.2677 -0.8373 0.4768
vn 0.1320 0.1073 0.9854
vn 0.0611 0.4421 0.8949
vn 0.1566 -0.1873 0.9697
vn 0.0857 0.1433 0.9860
vn 0.3452 0.2798 0.8958
vn 0.5529 -0.0213 0.8329
vn 0.3960 -0.2249 0.8903
vn 0.1701 -0.5254 0.8337
vn 0.0275 0.7392 0.6729
vn 0.7675 -0.2653 0.5835
vn 0.8521 -0.3495 0.3895
vn 0.5370 0.4225 0.7302
vn 0.6180 0.3202 0.7180
vn 0.4935 0.6200 0.6100
vn 0.6578 0.7454 0.1080
vn 0.2714 0.8430 0.4645
vn -0.4829 0.8446 -0.2313
vn 0.3175 0.4179 0.8512
vn 0.5916 0.1282 0.7960
vn 0.6309 -0.4372 0.6409
vn 0.5803 -0.4647 0.6688
vn 0.2275 -0.3220 0.9190
vn 0.4244 -0.1935 0.8846
vn 0.0483 -0.1278 0.9906
vn 0.3234 0.1389 0.9360
vn 0.1413 0.2519 0.9574
vn 0.5303 -0.5720 0.6258
vn -0.1989 0.5316 0.8233
vn 0.1349 0.7074 0.6938
vn 0.1335 0.1040 0.9856
vn -0.0478 -0.4817 0.8750
vn 0.0935 -0.4752 0.8749
vn 0.1023 -0.1447 0.9842
vn -0.1862 -0.2837 0.9407
vn -0.1705 0.2669 0.9485
vn -0.1739 -0.2662 0.9481
vn -0.2047 0.5318 0.8218
vn -0.0992 0.0406 0.9942
vn 0.5254 -0.2875 0.8008
vn 0.1649 -0.1592 0.9734
vn 0.2320 -0.1942 0.9531
vn 0.2029 -0.5880 0.7830
vn 0.0912 0.5603 0.8233
vn -0.1378 -0.4582 0.8781
vn -0.6266 0.4604 0.6288
vn 0.0630 -0.6637 0.7454
vn 0.4903 0.1589 -0.8570
vn -0.2218 -0.7942 0.5657
vn 0.0437 -0.7096 0.7033
vn 0.9242 -0.3771 0.0602
vn 0.8000 -0.4638 0.3806
vn 0.9410 -0.2383 0.2404
vn 0.9343 -0.3045 -0.1855
vn 0.8433 -0.5009 -0.1948
vn 0.5287 0.8289 -0.1827
vn 0.7678 -0.6403 -0.0205
vn 0.6928 -0.4562 0.5585
vn -0.1147 -0.8120 0.5722
vn -0.1060 -0.8345 0.5407
vn 0.9728 -0.2135 0.0904
vn 0.5096 0.8588 0.0519
vn 0.6534 0.7160 -0.2458
vn 0.3377 -0.9356 -0.1030
vn 0.6162 -0.7874 0.0153
vn 0.3584 -0.6154 0.7020
vn 0.8422 -0.4332 -0.3210
vn 0.7904 -0.4640 -0.4000
vn 0.5273 -0.7318 -0.4318
vn 0.6504 0.6112 -0.4511
vn 0.5092 0.8592 -0.0502
vn 0.2221 0.8639 -0.4521
vn -0.7233 0.6905 0.0080
vn 0.5603 0.8205 -0.1129
vn 0.0994 0.9911 0.0888
vn 0.7365 -0.3152 0.5985
vn -0.0159 0.7621 0.6472
vn 0.4396 0.6523 0.6174
vn -0.5215 0.1833 0.8333
vn 0.8727 0.4815 -0.0808
vn 0.1843 0.1098 0.9767
vn -0.2544 -0.0613 0.9651
vn -0.2661 0.8822 0.3886
vn 0.8416 0.2835 0.4598
vn -0.7326 0.1589 0.6618
vn 0.5578 0.6617 0.5010
vn 0.5593 0.8150 0.1516
vn 0.4591 0.8451 0.2740
vn 0.6145 0.7484 0.2496
vn 0.8122 0.3830 0.4401
vn 0.5593 0.8156 -0.1480
vn 0.7314 0.6810 -0.0346
vn -0.8716 0.2074 -0.4443
vn 0.8806 -0.1892 0.4345
vn 0.8277 0.0463 0.5592
vn 0.8412 -0.4409 0.3129
vn 0.8952 -0.4271 0.1270
vn 0.9642 -0.2435 -0.1050
vn 0.9708 -0.2399 0.0014
vn 0.8411 0.2844 0.4601
vn 0.9010 0.4039 0.1585
vn 0.7103 -0.6714 0.2114
vn 0.8095 0.5841 -0.0595
vn 0.7485 0.6517 -0.1225
vn 0.7541 0.6201 0.2162
vn 0.7940 0.5924 0.1364
vn 0.7514 0.6491 -0.1183
vn 0.0614 -0.9212 0.3842
vn -0.1946 -0.9469 0.2560
vn -0.1650 0.9228 0.3481
vn -0.4324 0.7422 0.5119
vn 0.5577 -0.7943 0.2410
vn 0.5817 -0.7872 0.2049
vn 0.0889 0.2960 -0.9510
vn -0.1998 0.9217 0.3325
vn -0.3285 0.9352 0.1318
vn 0.0554 0.9371 0.3447
vn 0.0426 0.9493 0.3114
vn -0.0891 0.8642 0.4952
vn -0.1494 -0.2499 0.9567
vn -0.1443 -0.3349 0.9312
vn 0.5620 -0.7893 0.2472
vn 0.9112 -0.4102 0.0388
vn 0.2836 0.8658 0.4124
vn 0.6503 -0.7106 -0.2685
vn 0.1337 -0.9665 0.2192
vn 0.4481 -0.8940 0.0024
vn -0.1520 0.7500 0.6438
vn -0.3383 0.7920 0.5083
vn 0.4560 -0.8893 -0.0345
vn 0.4884 -0.8725 -0.0140
vn 0.0525 -0.9403 0.3362
vn 0.0034 -0.9698 -0.2437
vn 0.4658 -0.7756 0.4260
vn 0.3763 -0.8077 0.4539
vn 0.5753 -0.6714 0.4671
vn 0.1504 -0.6371 0.7560
vn 0.9751 -0.2146 -0.0564
vn -0.4782 0.8639 0.1581
vn 0.0407 0.6805 0.7316
vn 0.0203 0.6818 0.7312
vn 0.4922 -0.8674 0.0735
vn -0.1218 0.5426 0.8311
vn -0.1455 0.0057 0.9893
vn 0.9497 0.2520 -0.1856
vn 0.9436 0.3308 -0.0121
vn 0.9767 0.1827 0.1126
vn 0.9266 0.2194 0.3054
vn 0.9563 0.0563 0.2869
vn 0.8898 -0.3003 0.3435
vn 0.9839 -0.1780 0.0159
vn 0.9839 -0.1787 -0.0084
vn 0.9905 -0.1279 -0.0502
vn -0.0878 -0.1193 0.9890
vn -0.0327 0.2317 0.9722
vn 0.7711 -0.1166 0.6259
vn 0.7898 -0.0751 0.6088
vn 0.6247 -0.5336 0.5701
vn -0.0864 0.8896 0.4486
vn -0.3672 0.2911 0.8834
vn -0.5319 0.4853 0.6940
vn -0.3437 0.5076 0.7901
vn -0.3909 0.5805 0.7143
vn 0.1155 -0.4701 0.8750
vn 0.0843 -0.4829 0.8716
vn -0.1651 -0.3226 0.9320
vn -0.1387 -0.3090 0.9409
vn 0.2151 -0.1083 0.9706
vn 0.6071 0.4108 0.6802
vn 0.9503 -0.2331 0.2062
vn 0.7528 -0.2097 0.6239
vn 0.8962 -0.2586 0.3605
vn 0.7001 0.1338 0.7014
vn 0.9991 0.0431 0.0022
vn 0.8688 -0.4412 0.2249
vn 0.5996 -0.5793 0.5522
vn 0.2727 -0.4947 0.8252
vn 0.4919 -0.2081 0.8454
vn 0.2081 -0.0986 0.9731
vn 0.4554 -0.2231 0.8619
vn 0.7388 -0.6703 0.0700
vn 0.7429 -0.6693 0.0153
vn 0.2724 0.2349 0.9330
vn 0.4645 0.7317 0.4989
vn 0.4036 0.2087 0.8908
vn 0.6225 0.4289 0.6547
vn 0.5336 -0.0500 0.8442
vn 0.8698 0.0116 0.4932
vn 0.7402 0.5610 0.3706
vn 0.3351 0.8808 0.3345
vn 0.6287 0.3686 0.6848
vn 0.7491 0.5596 0.3546
vn 0.2351 0.2250 0.9456
vn 0.4530 0.5351 0.7131
vn 0.9307 -0.3050 -0.2020
vn 0.2975 0.8639 0.4063
vn 0.8481 0.4190 0.3243
vn 0.5827 0.7949 0.1691
vn 0.1729 -0.0972 0.9801
vn 0.3993 0.7073 0.5833
vn 0.8902 0.4482 0.0813
vn 0.3659 -0.1299 0.9216
vn 0.2507 0.2323 0.9398
vn 0.2485 -0.0316 0.9681
vn 0.2995 0.1988 0.9331
vn 0.7797 0.5965 -0.1905
vn 0.8029 0.5960 -0.0120
vn 0.8886 0.4473 0.1014
vn 0.7792 0.4758 0.4081
vn 0.7183 0.3976 0.5709
vn 0.6248 0.7372 0.2572
vn -0.8662 -0.3627 0.3438
vn 0.9353 0.1939 0.2959
vn 0.7323 0.6425 0.2257
vn 0.9970 0.0284 0.0719
vn 0.8692 0.4039 0.2853
vn 0.9790 0.1992 -0.0426
vn 0.8849 0.0508 0.4629
vn 0.7635 0.2146 0.6091
vn 0.9648 -0.2625 0.0153
vn 0.4278 0.6782 0.5975
vn 0.4275 0.7441 0.5134
vn 0.2604 0.8683 0.4223
vn 0.8823 -0.3680 0.2933
vn 0.9931 -0.1136 -0.0280
vn 0.8058 -0.0065 -0.5922
vn 0.8750 0.0832 0.4769
vn 0.9718 0.0396 0.2323
vn 0.9779 0.1596 -0.1349
vn 0.9337 -0.1142 -0.3393
vn 0.8951 -0.4161 -0.1605
vn 0.8921 -0.2714 -0.3612
vn 0.8639 -0.4394 -0.2461
vn 0.7400 -0.6000 -0.3039
vn 0.1209 -0.2249 -0.9668
vn 0.7278 -0.0968 -0.6789
vn 0.8384 -0.3120 -0.4470
vn 0.6588 -0.0031 -0.7523
vn 0.3402 0.3214 -0.8837
vn 0.6487 -0.4386 -0.6220
vn 0.4973 -0.6702 -0.5509
vn 0.6823 -0.6702 0.2920
vn 0.5245 -0.7339 0.4316
vn 0.4239 -0.2172 -0.8793
vn 0.3922 0.2572 -0.8832
vn 0.3191 -0.3472 -0.8818
vn 0.7724 -0.0329 0.6343
vn 0.5647 -0.3166 0.7622
vn 0.6172 0.1122 0.7788
vn 0.3885 -0.1036 0.9156
vn 0.4319 0.1668 0.8864
vn 0.5782 -0.3164 0.7520
vn 0.4529 -0.2448 0.8573
vn 0.2859 -0.5282 0.7996
vn 0.7746 -0.0002 0.6325
vn 0.6550 -0.4822 0.5818
vn 0.8327 -0.2850 0.4748
vn 0.5403 -0.5964 0.5936
vn 0.6545 -0.4837 0.5811
vn 0.4029 -0.8848 0.2340
vn 0.0552 -0.9973 0.0475
vn 0.6732 -0.6549 0.3432
vn 0.5733 -0.7923 0.2088
vn 0.6303 0.3129 0.7105
vn 0.4722 0.2403 0.8481
vn 0.2782 0.5484 0.7885
vn 0.4964 0.4007 0.7701
vn 0.2334 0.6529 0.7206
vn 0.2035 0.4792 0.8538
vn 0.3094 0.8723 0.3787
vn 0.2763 0.8612 0.4265
vn 0.5532 -0.7821 -0.2869
vn 0.2718 0.9590 0.0798
vn 0.4349 0.9005 -0.0042
vn -0.4982 -0.8134 -0.3005
vn 0.1861 0.9610 0.2046
vn 0.4601 -0.7433 -0.4855
vn 0.9499 0.3101 0.0402
vn 0.6363 0.4176 -0.6486
vn 0.2356 -0.2994 0.9246
vn 0.5364 0.1239 0.8348
vn 0.4764 0.2367 0.8468
vn 0.7227 0.6844 0.0961
vn 0.1427 0.8434 0.5181
vn -0.0535 0.9227 0.3819
vn 0.9224 0.1958 -0.3330
vn -0.0151 0.9250 0.3797
vn 0.1069 0.8668 -0.4871
vn 0.2735 0.5421 -0.7946
vn 0.3006 0.5589 -0.7728
vn -0.2241 0.9402 -0.2563
vn -0.3075 0.9456 0.1060
vn -0.0206 0.9897 0.1416
vn -0.0674 0.9195 0.3873
vn -0.0794 -0.9339 -0.3485
vn -0.0250 0.9930 -0.1156
vn -0.1710 0.3774 0.9101
vn 0.2829 -0.8012 -0.5274
vn 0.3950 -0.9029 -0.1696
vn 0.2395 -0.9466 -0.2158
vn 0.3901 -0.8736 0.2910
vn 0.4098 -0.8833 0.2277
vn 0.1681 -0.6991 -0.6950
vn 0.2205 -0.5286 -0.8197
vn 0.1776 -0.5829 -0.7929
vn 0.6224 -0.0902 -0.7775
vn 0.2547 0.2336 -0.9384
vn 0.9972 0.0698 -0.0263
vn 0.1687 -0.0171 -0.9855
vn 0.5078 0.2797 -0.8148
vn 0.1954 -0.9077 -0.3714
vn 0.6844 0.2966 -0.6661
vn 0.9887 0.0148 -0.1493
vn 0.8707 -0.4907 -0.0337
vn 0.2848 0.1625 -0.9447
vn 0.8773 -0.4396 -0.1925
vn 0.1249 -0.9251 -0.3586
vn -0.4561 -0.8278 -0.3267
vn 0.0905 -0.9819 -0.1667
vn 0.0800 0.0434 -0.9959
vn -0.9493 0.0044 0.3143
vn -0.7368 -0.6616 -0.1394
vn -0.3517 0.7639 -0.5411
vn -0.8476 0.0957 -0.5219
vn 0.7896 0.3685 -0.4907
vn -0.5388 0.7856 -0.3041
vn 0.0238 0.2762 -0.9608
vn 0.5538 -0.0284 -0.8321
vn 0.9405 -0.1469 0.3064
vn 0.4217 0.8947 -0.1470
vn 0.3494 0.8982 0.2669
vn -0.2548 0.6738 0.6936
vn -0.9310 -0.2032 -0.3032
vn -0.0450 0.2276 -0.9727
vn -0.8393 -0.0301 -0.5428
vn -0.5343 -0.2085 -0.8192
vn -0.2941 0.5351 0.7919
vn 0.1430 -0.6329 -0.7609
vn -0.3693 0.2633 0.8912
vn -0.4389 0.3583 0.8240
vn -0.4688 0.3564 0.8082
vn -0.2616 0.5166 0.8153
vn -0.3600 0.2650 0.8945
vn -0.3781 0.1910 0.9058
vn -0.4787 -0.5141 0.7117
vn -0.6930 -0.0162 0.7207
vn -0.5700 -0.0111 0.8216
vn -0.4963 -0.1794 0.8494
vn -0.9679 -0.0051 -0.2512
vn -0.9843 0.0158 -0.1757
vn 0.8412 0.0274 0.5400
vn 0.0358 0.1197 0.9922
vn 0.6063 -0.5102 0.6100
vn -0.0304 -0.9560 -0.2918
vn 0.8063 -0.3219 0.4962
vn 0.1143 -0.0536 0.9920
vn 0.0111 -0.7949 -0.6066
vn 0.7356 -0.2272 -0.6382
vn -0.0453 -0.7585 -0.6502
vn 0.3249 0.5327 -0.7815
vn 0.7577 -0.6504 0.0530
vn -0.3098 0.9446 0.1080
vn -0.3091 0.9507 0.0263
vn -0.0048 -0.2305 -0.9731
vn -0.1245 0.9908 0.0531
vn -0.1751 0.9738 0.1451
vn 0.2958 0.5272 -0.7966
vn 0.1096 0.5561 -0.8238
vn 0.1173 0.5603 -0.8199
vn 0.0879 0.4324 -0.8974
vn -0.9122 0.4053 -0.0604
vn 0.2828 0.9381 -0.2000
vn -0.8358 0.0658 -0.5451
vn -0.5728 0.7393 -0.3539
vn 0.0766 0.9788 0.1902
vn 0.5820 0.8061 0.1067
vn -0.2134 0.0613 -0.9750
vn -0.5476 0.6908 -0.4722
vn -0.2796 0.4352 -0.8558
vn -0.1664 0.0500 -0.9848
vn -0.3893 0.3338 -0.8585
vn -0.3719 0.8386 0.3981
vn 0.1550 0.2307 -0.9606
vn 0.8200 -0.2158 0.5301
vn -0.5203 -0.3360 -0.7851
vn -0.3682 -0.7975 0.4779
vn -0.0169 0.0090 0.9998
vn -0.5308 0.2047 0.8224
vn -0.1345 -0.0749 0.9881
vn -0.4352 -0.3142 -0.8437
vn -0.2787 -0.1559 -0.9476
vn -0.0059 -0.2303 -0.9731
vn -0.0983 -0.3440 0.9338
vn -0.1943 -0.4926 0.8483
vn -0.3374 -0.5763 0.7444
vn 0.5907 -0.7076 0.3877
vn 0.8967 0.1994 -0.3951
vn 0.2547 0.9541 0.1575
vn 0.3084 0.8400 0.4464
vn -0.0931 -0.6271 0.7733
vn 0.3596 0.8507 0.3834
vn 0.0232 0.9200 0.3912
vn -0.4914 -0.3773 0.7850
vn -0.2435 0.2626 0.9337
vn 0.5997 0.0810 0.7961
vn 0.9067 -0.2342 0.3508
vn -0.4678 -0.4408 -0.7661
vn 0.0429 0.8303 0.5556
vn -0.4294 0.2780 0.8592
vn -0.2791 -0.0024 0.9603
vn -0.1175 -0.7125 -0.6918
vn -0.2326 0.9452 0.2293
vn -0.0970 0.1245 0.9875
vn -0.0571 -0.2529 0.9658
vn -0.3278 -0.5998 0.7299
vn 0.7627 0.5992 0.2434
vn 0.0100 -0.4205 0.9073
vn 0.7569 0.5959 0.2685
vn 0.9624 0.2665 0.0525
vn 0.3485 -0.8031 0.4834
vn 0.2951 -0.6504 0.7000
vn 0.0732 -0.6079 0.7906
vn 0.0816 -0.1433 0.9863
vn 0.2396 -0.1375 0.9611
vn 0.4125 -0.5772 0.7048
vn 0.2675 -0.8816 0.3890
vn 0.4594 -0.7840 0.4176
vn 0.9130 0.4078 0.0075
vn 0.9320 0.3623 -0.0033
vn 0.9656 0.1758 0.1917
vn 0.8795 -0.2568 0.4007
vn 0.8072 0.3437 0.4800
vn 0.9835 -0.1229 -0.1331
vn 0.9893 -0.0384 -0.1409
vn 0.8767 -0.4810 -0.0052
vn 0.9680 -0.2471 0.0439
vn 0.8982 -0.4395 0.0086
vn 0.9679 -0.1466 -0.2044
vn 0.8001 -0.5624 0.2087
vn 0.8672 -0.4870 -0.1042
vn 0.7973 -0.5545 0.2383
vn 0.8820 -0.2526 0.3977
vn 0.0033 -0.5444 0.8388
vn -0.1847 -0.7209 0.6680
vn -0.0686 -0.2167 0.9738
vn -0.3401 -0.1004 0.9350
vn -0.0734 0.1772 0.9814
vn -0.1287 -0.0488 0.9905
vn 0.9709 0.0718 0.2283
vn -0.0808 -0.2280 0.9703
vn -0.3750 0.3036 0.8759
vn -0.3783 0.3146 0.8706
vn -0.0134 0.3708 0.9286
vn -0.2607 0.4675 0.8447
vn -0.1170 0.6193 0.7764
vn -0.3025 0.7879 0.5364
vn 0.3261 0.6286 0.7060
vn -0.1040 0.7668 0.6334
vn 0.1698 0.8681 0.4664
vn 0.9252 -0.3000 0.2322
vn 0.8871 -0.1016 0.4502
vn 0.9013 -0.3283 0.2825
vn 0.8017 0.2408 0.5470
vn 0.9263 -0.0244 0.3760
vn 0.7548 -0.0123 0.6558
vn 0.7760 -0.0775 0.6260
vn 0.4737 0.1355 0.8702
vn 0.8306 -0.1705 0.5302
vn 0.6301 -0.4187 0.6539
vn 0.4767 0.1541 0.8655
vn 0.7573 0.6149 0.2199
vn 0.1005 0.4391 0.8928
vn 0.2704 -0.6452 0.7146
vn 0.4800 -0.6783 0.5563
vn 0.1605 -0.6992 0.6967
vn -0.0611 -0.6824 0.7284
vn 0.6248 0.7055 0.3345
vn 0.0219 -0.9803 0.1964
vn 0.1886 -0.8417 0.5060
vn 0.3096 -0.3124 0.8981
vn -0.2648 0.2092 0.9413
vn 0.7025 -0.1679 0.6916
vn 0.7632 0.6171 -0.1918
vn -0.3974 -0.5879 0.7046
vn 0.3931 -0.2954 0.8707
vn -0.0527 -0.1254 0.9907
vn 0.6584 0.7415 -0.1292
vn -0.1374 0.1987 0.9704
vn -0.6857 0.2495 0.6838
vn 0.3266 0.8338 -0.4451
vn 0.6915 0.0086 -0.7223
vn -0.5332 0.3931 0.7491
vn -0.3385 -0.0826 0.9373
vn 0.3711 0.9286 -0.0044
vn 0.4518 0.6954 0.5589
vn 0.4335 0.7370 0.5186
vn 0.5549 -0.0220 0.8316
vn 0.5854 0.3705 0.7212
vn 0.7564 0.4278 0.4949
vn 0.1290 0.1169 0.9847
vn 0.5202 0.0466 0.8528
vn 0.1844 0.1441 0.9722
vn 0.2437 0.9434 0.2250
vn 0.2245 0.8296 0.5113
vn 0.1411 0.3891 -0.9103
vn -0.1630 -0.3403 0.9261
vn 0.1266 0.3314 -0.9350
vn 0.1222 0.1115 0.9862
vn 0.0664 0.1752 0.9823
vn 0.1171 0.0443 0.9921
vn 0.4500 0.8928 -0.0196
vn 0.4055 0.9069 0.1142
vn 0.5946 0.7572 0.2704
vn 0.7141 0.6768 0.1791
vn 0.2802 -0.4951 0.8224
vn 0.4465 -0.3281 0.8325
vn 0.4960 -0.3059 0.8127
vn -0.0099 0.2246 0.9744
vn 0.5649 -0.0066 0.8252
vn 0.8657 0.1116 0.4879
vn 0.5046 0.5163 0.6920
vn 0.8645 0.4724 0.1714
vn 0.9012 0.2973 0.3154
vn 0.9064 0.2573 0.3351
vn 0.9138 0.4030 0.0497
vn 0.9570 0.0551 0.2847
vn 0.7708 0.4137 0.4844
vn 0.9867 0.0062 0.1626
vn 0.4850 -0.2827 0.8275
vn 0.7826 0.0110 0.6224
vn 0.7171 -0.1513 0.6803
vn 0.4091 -0.1494 0.9002
vn 0.7718 -0.2794 0.5711
vn 0.8527 0.1972 0.4838
vn 0.7259 0.0744 0.6838
vn 0.5980 -0.5496 0.5834
vn 0.3876 -0.5016 0.7734
vn 0.1565 -0.5588 0.8144
vn 0.0831 -0.2673 0.9600
vn 0.3176 -0.0898 0.9440
vn 0.1884 0.1795 0.9655
vn 0.3327 0.2850 0.8989
vn 0.5610 0.1825 0.8074
vn 0.5900 0.4667 0.6589
vn 0.4908 0.7446 0.4525
vn 0.1548 0.6183 0.7705
vn 0.5191 0.5524 0.6522
vn -0.0593 0.3704 -0.9270
vn 0.2415 0.8390 0.4876
vn 0.1862 0.2502 0.9501
vn 0.2350 0.9718 0.0197
vn 0.0704 0.7873 0.6125
vn 0.0698 0.4731 0.8783
vn 0.4038 0.6303 0.6631
vn 0.6457 0.3972 0.6522
vn 0.7812 0.3640 0.5072
vn 0.2610 0.4447 0.8568
vn 0.4167 0.6025 0.6807
vn 0.1311 0.9567 0.2600
vn -0.5367 0.6528 0.5346
vn -0.8027 0.5558 0.2160
vn -0.4571 0.8752 0.1584
vn -0.3806 0.8368 0.3936
vn -0.4983 0.5807 0.6437
vn 0.2635 -0.6221 -0.7373
vn -0.2419 0.6630 0.7085
vn -0.5560 0.4276 0.7127
vn -0.1919 0.5159 0.8349
vn -0.6839 0.4473 -0.5763
vn -0.4271 0.2837 0.8586
vn 0.8802 0.4530 0.1418
vn 0.8476 0.4482 0.2841
vn 0.1979 -0.9730 -0.1191
vn 0.4365 0.7853 0.4390
vn 0.5974 0.7947 0.1074
vn 0.8364 0.5442 0.0646
vn 0.7275 0.5777 0.3702
vn 0.6086 0.7880 0.0933
vn 0.4633 0.8057 -0.3691
vn 0.5507 0.7442 0.3779
vn 0.4133 0.8268 0.3816
vn 0.3065 0.7462 -0.5910
vn -0.8377 0.4889 -0.2432
vn 0.1399 0.9187 -0.3694
vn 0.0975 0.7623 0.6398
vn -0.0025 0.9289 0.3703
vn 0.0212 0.9996 -0.0159
vn -0.2616 -0.9549 -0.1407
vn 0.5555 0.8270 0.0861
vn 0.3194 0.8946 -0.3125
vn 0.3512 0.8936 0.2796
vn 0.3176 0.9147 -0.2498
vn -0.2497 0.9590 -0.1338
vn 0.7225 0.0463 0.6898
vn 0.0655 0.8122 0.5797
vn 0.5723 0.7375 -0.3585
vn 0.7814 -0.4989 0.3748
vn 0.1901 -0.0771 0.9787
vn -0.6062 -0.6833 -0.4070
vn -0.6145 -0.6984 -0.3669
vn -0.2087 0.1534 -0.9659
vn 0.1227 0.1385 -0.9827
vn -0.2552 -0.6244 -0.7382
vn 0.6060 -0.6260 0.4909
vn -0.8225 -0.5358 0.1909
vn 0.1971 0.5753 -0.7938
vn -0.0055 0.6040 -0.7969
vn 0.3563 0.6379 -0.6827
vn 0.3050 -0.0218 -0.9521
vn -0.3561 -0.0452 0.9333
vn -0.0799 -0.3338 -0.9392
vn -0.6242 -0.5021 0.5986
vn -0.8991 0.3552 0.2559
vn 0.1238 0.9880 -0.0929
vn -0.7985 0.4561 -0.3928
vn -0.0634 0.7533 -0.6546
vn -0.4194 0.4483 -0.7894
vn -0.3132 0.9484 -0.0486
vn -0.8835 0.3052 -0.3553
vn -0.5851 0.4524 -0.6730
vn -0.1733 0.3086 -0.9353
vn -0.6543 0.4028 -0.6400
vn -0.7176 0.1882 -0.6705
vn -0.7352 0.5402 -0.4095
vn -0.2853 0.6200 0.7308
vn -0.5929 0.7242 -0.3522
vn 0.0363 -0.5605 -0.8274
vn -0.5887 0.7383 -0.3292
vn -0.4915 0.5202 -0.6984
vn -0.7333 0.6785 -0.0435
vn -0.2935 0.9556 0.0257
vn -0.3778 0.8721 -0.3109
vn -0.4275 0.8988 0.0968
vn -0.6407 0.7370 -0.2154
vn 0.7101 -0.6016 0.3659
vn 0.0608 0.8813 -0.4686
vn 0.0833 0.9034 -0.4206
vn -0.3213 0.8336 -0.4493
vn -0.4888 0.6577 -0.5732
vn 0.1479 0.7566 -0.6369
vn 0.6053 0.1996 -0.7706
vn 0.1502 0.9760 -0.1576
vn 0.3665 0.8997 -0.2370
vn 0.0725 0.9884 -0.1331
vn 0.0029 0.9806 -0.1958
vn -0.1005 0.9678 0.2308
vn -0.0028 0.9181 0.3963
vn -0.2584 0.6040 0.7539
vn 0.2332 -0.8741 -0.4260
vn -0.2087 0.8772 0.4323
vn -0.2365 0.8653 0.4419
vn 0.1336 0.8619 0.4892
vn 0.2070 0.8815 0.4244
vn -0.2543 0.5894 0.7667
vn -0.0689 0.4728 0.8785
vn 0.5348 0.6122 0.5825
vn -0.0032 0.7834 0.6216
vn 0.2036 0.2871 0.9360
vn 0.1261 0.4928 0.8610
vn 0.0479 0.5171 -0.8546
vn -0.5179 0.2396 0.8212
vn -0.0773 0.4798 -0.8740
vn -0.1476 0.1944 0.9698
vn 0.0847 0.4498 -0.8891
vn 0.0419 0.5039 -0.8627
vn 0.0096 0.5955 -0.8033
vn 0.3031 0.6648 -0.6827
vn 0.0915 0.3311 -0.9392
vn 0.2865 0.5765 -0.7652
vn 0.3126 -0.0140 -0.9498
vn 0.2646 0.5993 -0.7555
vn 0.3925 0.4285 -0.8139
vn 0.6673 0.4696 -0.5781
vn 0.2056 0.4685 -0.8592
vn 0.7385 0.3688 -0.5644
vn 0.8329 0.3168 -0.4538
vn 0.9248 0.3517 -0.1453
vn 0.9136 0.3720 -0.1641
vn 0.6082 0.1720 0.7749
vn 0.7525 0.3018 0.5854
vn 0.8391 0.2310 0.4924
vn 0.6564 0.4835 0.5791
vn 0.4422 0.5460 0.7116
vn 0.6566 0.6491 0.3841
vn 0.7837 0.6185 0.0572
vn 0.7346 0.5973 0.3218
vn 0.9767 0.2049 0.0633
vn 0.9142 0.3596 0.1868
vn 0.6771 0.6264 0.3862
vn 0.4136 0.7201 0.5571
vn 0.2792 0.8620 0.4231
vn 0.5991 0.7963 0.0836
vn 0.4246 0.8942 0.1419
vn 0.7594 0.6377 -0.1290
vn 0.7364 0.6750 -0.0452
vn 0.6394 0.7688 0.0097
vn 0.4919 0.8537 -0.1707
vn 0.4458 0.7085 -0.5471
vn 0.5962 0.6641 -0.4511
vn 0.5930 0.7241 -0.3522
vn 0.6359 0.6308 -0.4447
vn 0.1574 0.6351 0.7563
vn 0.3434 0.5551 0.7576
vn 0.2702 0.6849 0.6767
vn 0.6815 -0.6349 0.3640
vn 0.5197 0.4539 0.7238
vn 0.5704 0.2973 0.7657
vn 0.6287 0.0629 0.7751
vn 0.6389 0.1899 0.7455
vn 0.5580 0.7897 -0.2548
vn 0.7072 -0.1518 0.6905
vn 0.6998 -0.1481 0.6988
vn 0.5785 0.8006 0.1561
vn 0.5447 -0.3160 0.7768
vn 0.4204 0.0035 0.9073
vn 0.4154 -0.0231 0.9093
vn 0.5140 -0.1917 0.8361
vn 0.3079 -0.0762 0.9484
vn 0.3264 -0.0755 0.9422
vn 0.4532 0.8899 -0.0516
vn 0.3712 0.8391 0.3976
vn 0.4439 0.8956 -0.0299
vn -0.6135 0.5348 0.5810
vn 0.6989 0.2928 0.6525
vn 0.3296 0.9440 0.0144
vn 0.1511 0.9619 0.2277
vn 0.3717 0.8463 0.3815
vn 0.1949 0.9319 0.3058
vn 0.1085 0.9835 -0.1446
vn 0.3445 0.9387 -0.0136
vn 0.1322 0.1467 0.9803
vn 0.0318 0.0366 0.9988
vn -0.1606 -0.9586 -0.2350
vn 0.0081 0.7327 0.6805
vn 0.2193 0.2177 0.9510
vn 0.1982 0.4203 0.8855
vn -0.1033 0.6121 0.7840
vn -0.2322 0.3979 0.8876
vn 0.1305 0.1351 0.9822
vn -0.1475 0.8946 0.4219
vn 0.4830 0.8640 0.1421
vn 0.0931 0.8148 0.5722
vn -0.1234 0.9784 0.1656
vn 0.1840 -0.9709 -0.1530
vn 0.0832 0.9756 0.2032
vn 0.1900 0.9125 0.3622
vn 0.3388 0.7887 0.5129
vn 0.1921 0.9174 0.3486
vn 0.1186 0.9927 -0.0210
vn 0.3255 0.9425 -0.0761
vn -0.0791 0.9582 -0.2748
vn -0.0305 0.9953 -0.0917
vn -0.0800 0.8850 0.4587
vn 0.5681 0.7046 0.4253
vn 0.5940 0.5112 0.6212
vn 0.7208 -0.3203 0.6147
vn 0.5614 0.7026 0.4372
vn 0.8480 0.5186 0.1096
vn 0.8927 -0.3749 0.2501
vn 0.6562 -0.4376 0.6148
vn 0.5559 0.7054 0.4397
vn 0.6578 0.7495 -0.0750
vn 0.6730 0.7362 -0.0709
vn 0.8656 -0.0528 0.4979
vn 0.9162 -0.2449 0.3172
vn 0.7584 0.3536 0.5476
vn 0.8552 -0.4102 0.3168
vn 0.7534 -0.6210 -0.2160
vn 0.9451 -0.3161 -0.0827
vn 0.8712 -0.4896 -0.0353
vn 0.9674 -0.0509 -0.2481
vn 0.9765 -0.0084 0.2155
vn 0.9888 -0.1420 0.0450
vn 0.9629 0.1429 0.2288
vn 0.9893 0.0982 0.1079
vn 0.9461 0.3090 -0.0967
vn 0.9348 0.1235 -0.3331
vn 0.8564 0.4252 0.2930
vn 0.8692 -0.0326 0.4934
vn 0.7517 0.2136 0.6239
vn 0.8824 0.2522 0.3973
vn 0.7038 0.5164 -0.4878
vn 0.6888 0.2630 -0.6755
vn 0.6789 0.5492 -0.4873
vn 0.4800 0.6282 -0.6124
vn 0.4679 0.3570 -0.8085
vn 0.5156 0.6464 -0.5625
vn 0.4287 0.8589 -0.2802
vn 0.4332 0.8502 -0.2992
vn 0.4025 0.8674 -0.2925
vn 0.2111 0.9045 -0.3705
vn -0.0984 0.9584 -0.2679
vn -0.0926 0.9651 -0.2449
vn -0.1509 0.8632 -0.4818
vn -0.1176 0.6343 -0.7641
vn -0.0479 0.7892 -0.6123
vn 0.1307 0.4269 -0.8948
vn 0.2212 0.7377 -0.6379
vn 0.1169 0.8099 -0.5748
vn 0.1091 0.4190 -0.9014
vn 0.1525 0.1462 -0.9774
vn 0.4644 0.2013 -0.8624
vn 0.5996 -0.1162 -0.7919
vn 0.1736 -0.3078 -0.9355
vn 0.0716 0.3460 -0.9355
vn 0.1384 0.1553 -0.9781
vn -0.0669 0.0135 -0.9977
vn -0.1048 -0.1993 -0.9743
vn 0.3592 -0.3892 -0.8482
vn 0.2976 -0.1332 -0.9453
vn -0.0206 -0.2418 -0.9701
vn 0.0008 -0.5606 -0.8281
vn 0.8184 -0.0011 -0.5746
vn 0.5388 -0.0894 -0.8376
vn 0.5034 0.2930 -0.8128
vn 0.5220 -0.4909 -0.6975
vn 0.4984 -0.5002 -0.7081
vn 0.7054 -0.4075 -0.5800
vn 0.5752 -0.4189 -0.7027
vn 0.7372 0.3310 -0.5891
vn 0.7388 0.0423 -0.6726
vn 0.7731 -0.4973 -0.3938
vn 0.9150 -0.2766 -0.2936
vn 0.8499 -0.1668 -0.4999
vn 0.8364 0.4954 -0.2344
vn 0.9475 0.3084 -0.0843
vn 0.8943 -0.3189 -0.3138
vn 0.9060 -0.2554 -0.3374
vn 0.5387 -0.7584 0.3670
vn 0.8538 -0.4750 0.2134
vn 0.6308 -0.7685 0.1069
vn 0.7033 -0.7074 0.0706
vn -0.6141 0.5912 0.5229
vn 0.5794 -0.7742 0.2548
vn 0.4712 -0.8786 -0.0775
vn 0.5987 -0.7232 0.3442
vn 0.6235 -0.4446 0.6431
vn 0.6173 -0.4566 0.6406
vn 0.5427 -0.3200 0.7766
vn 0.5628 -0.7365 0.3753
vn 0.4859 -0.0993 -0.8683
vn 0.4865 0.0526 -0.8721
vn 0.4463 -0.0276 -0.8944
vn 0.3922 -0.0304 -0.9194
vn 0.4262 -0.9008 -0.0831
vn 0.0424 -0.9886 -0.1442
vn -0.6044 0.7954 0.0450
vn 0.5328 -0.8362 0.1302
vn 0.9837 -0.1796 -0.0074
vn 0.8825 0.3568 0.3064
vn 0.9541 0.2780 0.1112
vn 0.8910 0.4114 -0.1919
vn 0.1933 -0.9710 -0.1404
vn 0.3224 -0.9172 0.2340
vn 0.3610 -0.9054 0.2232
vn 0.2831 -0.9366 0.2065
vn 0.1834 -0.9023 -0.3902
vn 0.1170 -0.8061 -0.5801
vn 0.2612 -0.9519 -0.1602
vn 0.5135 -0.8579 0.0155
vn 0.9210 0.2759 -0.2750
vn 0.9244 0.3745 -0.0725
vn 0.2207 -0.8566 -0.4664
vn -0.1625 -0.6146 -0.7719
vn -0.8431 -0.0928 0.5297
vn 0.8661 0.3845 -0.3195
vn 0.6899 0.5344 -0.4884
vn 0.2582 -0.6814 -0.6848
vn 0.2324 -0.8006 -0.5523
vn 0.0411 -0.5769 -0.8158
vn 0.5886 -0.7221 -0.3634
vn 0.2192 -0.9017 -0.3728
vn 0.6070 -0.7054 -0.3660
vn 0.4143 -0.7869 -0.4574
vn 0.8724 -0.3286 -0.3619
vn 0.9321 -0.0256 -0.3612
vn 0.8894 -0.4037 -0.2144
vn 0.9481 -0.3171 -0.0216
vn 0.8409 -0.5019 0.2026
vn 0.9289 -0.1461 0.3402
vn 0.9057 0.0707 0.4181
vn 0.0261 0.7874 0.6159
vn 0.3678 -0.1816 -0.9120
vn 0.4802 -0.3140 -0.8190
vn 0.3586 -0.2974 -0.8848
vn 0.8859 0.1162 0.4491
vn 0.8190 -0.2219 0.5291
vn 0.8572 0.5015 0.1169
vn 0.8788 0.4650 0.1070
vn 0.7073 0.6847 -0.1758
vn 0.7238 0.6659 -0.1810
vn 0.9536 -0.0192 0.3006
vn 0.4893 0.3657 -0.7918
vn 0.9937 0.0920 0.0644
vn 0.5645 -0.1003 -0.8193
vn 0.9960 0.0601 -0.0661
vn 0.9960 0.0499 -0.0739
vn 0.2387 0.2961 -0.9248
vn 0.1343 0.3655 -0.9211
vn -0.1201 0.4228 -0.8982
vn -0.1434 0.6536 -0.7431
vn 0.4981 -0.7765 -0.3860
vn -0.3935 0.3822 -0.8361
vn -0.0970 0.6898 -0.7175
vn 0.2516 0.7866 -0.5639
vn 0.9539 0.1752 -0.2436
vn 0.5771 0.1760 -0.7975
vn 0.8952 0.1884 -0.4038
vn 0.5395 -0.2095 -0.8155
vn 0.7012 0.4445 -0.5574
vn 0.7970 0.1700 -0.5796
vn 0.7850 0.5849 -0.2043
vn 0.5836 0.7772 -0.2350
vn 0.4532 0.7899 -0.4132
vn 0.4558 0.4305 -0.7791
vn 0.5057 0.6373 -0.5815
vn 0.7128 0.4804 -0.5110
vn 0.5443 0.6395 -0.5430
vn 0.2500 0.7908 -0.5587
vn 0.3335 0.8334 -0.4408
vn 0.0604 0.8142 -0.5774
vn -0.2836 0.7686 -0.5735
vn -0.1304 0.9074 -0.3996
vn 0.0214 0.9895 -0.1430
vn 0.2949 0.8780 -0.3771
vn 0.0651 0.9475 -0.3132
vn 0.7742 -0.3768 0.5085
vn 0.9463 -0.1297 0.2962
vn 0.9472 0.0917 0.3072
vn 0.8677 0.4025 0.2918
vn 0.8120 -0.4775 0.3356
vn 0.9558 -0.1919 0.2229
vn 0.8074 0.5781 0.1182
vn 0.9928 0.1187 0.0176
vn 0.9595 0.1841 0.2132
vn 0.9891 0.1465 -0.0136
vn 0.9929 0.1030 -0.0588
vn 0.9157 -0.2735 -0.2945
vn 0.9751 -0.1159 -0.1892
vn 0.9544 -0.1932 0.2276
vn 0.8505 -0.5242 -0.0430
vn 0.9536 -0.3008 0.0148
vn 0.6674 -0.2981 -0.6824
vn 0.8940 -0.1407 -0.4254
vn 0.9484 0.1696 -0.2678
vn 0.8639 0.3176 -0.3910
vn 0.8522 0.3475 -0.3910
vn 0.8650 0.5006 -0.0331
vn 0.8047 0.5629 -0.1888
vn 0.7216 0.6700 -0.1741
vn 0.7307 0.0815 -0.6778
vn 0.7953 0.1357 -0.5908
vn 0.8741 -0.1336 -0.4671
vn 0.8181 0.3340 -0.4681
vn 0.8078 0.3615 -0.4656
vn 0.7567 0.6433 -0.1161
vn 0.6393 0.7685 -0.0248
vn 0.6895 0.7153 0.1140
vn 0.6696 0.6228 0.4046
vn 0.6654 0.6886 0.2884
vn 0.6629 0.7322 0.1566
vn 0.7186 0.6267 0.3014
vn -0.4468 0.7850 0.4292
vn 0.8540 -0.0739 0.5150
vn 0.8587 -0.2216 0.4620
vn 0.7940 -0.4068 0.4517
vn 0.8843 0.1915 0.4258
vn 0.6603 0.6962 0.2817
vn 0.6524 0.7006 0.2889
vn 0.9066 0.3893 0.1631
vn -0.3625 0.7619 0.5367
vn 0.3159 -0.6237 -0.7150
vn 0.8219 -0.4591 0.3371
vn 0.8833 -0.4597 -0.0923
vn 0.5759 0.7831 0.2346
vn 0.8516 -0.2967 0.4322
vn 0.8676 -0.4323 0.2459
vn -0.5813 0.4037 -0.7065
vn 0.0573 0.9923 -0.1100
vn -0.1954 0.9784 0.0672
vn 0.8215 -0.0728 -0.5655
vn -0.3072 -0.5767 -0.7570
vn -0.2998 -0.3538 -0.8860
vn -0.3618 0.5961 -0.7167
vn 0.8277 -0.1334 -0.5451
vn -0.2664 0.7721 -0.5770
vn -0.1136 0.6724 -0.7314
vn -0.2933 0.3581 -0.8864
vn 0.7634 -0.6398 -0.0883
vn 0.7994 -0.5842 0.1402
vn -0.0265 -0.9807 -0.1936
vn 0.4557 -0.8038 -0.3824
vn 0.3726 -0.9208 0.1157
vn 0.5749 -0.7549 -0.3157
vn 0.2655 -0.7589 -0.5946
vn 0.1763 -0.0508 -0.9830
vn 0.4183 -0.8668 -0.2714
vn 0.3043 -0.7321 -0.6094
vn 0.5770 -0.7055 -0.4115
vn 0.8616 -0.4940 0.1170
vn 0.7857 -0.5820 -0.2099
vn 0.8175 -0.5532 0.1602
vn 0.5975 -0.1394 -0.7897
vn 0.7618 -0.4582 -0.4579
vn 0.6698 -0.6168 -0.4133
vn 0.4351 -0.5967 -0.6742
vn 0.4235 -0.3937 -0.8159
vn 0.4158 -0.3905 -0.8213
vn 0.6797 -0.2704 -0.6818
vn 0.2667 -0.7062 -0.6558
vn 0.6331 0.6422 0.4321
vn 0.6335 0.6428 0.4307
vn 0.7969 -0.5809 0.1660
vn 0.5964 0.6080 -0.5240
vn 0.6734 -0.5425 -0.5023
vn 0.4079 -0.8703 0.2759
vn 0.7838 -0.4907 0.3805
vn 0.8360 -0.5350 -0.1222
vn 0.5755 -0.7953 -0.1907
vn 0.3556 0.6856 -0.6352
vn 0.4979 0.8665 0.0366
vn 0.9421 0.3261 -0.0784
vn 0.3992 -0.1229 0.9086
vn 0.6896 -0.5075 0.5166
vn 0.6289 -0.4941 0.6004
vn 0.7234 -0.4030 0.5606
vn 0.7850 -0.4779 0.3942
vn 0.6366 -0.4503 0.6261
vn 0.8499 -0.2997 0.4334
vn 0.7472 -0.5298 0.4012
vn 0.9371 0.1250 0.3258
vn 0.6295 0.7343 -0.2539
vn 0.5901 0.7764 -0.2212
vn 0.6199 0.7756 0.1193
vn 0.4662 0.8383 0.2827
vn 0.9564 0.2885 0.0454
vn 0.2860 0.9336 0.2161
vn 0.2016 -0.5087 -0.8370
vn 0.4755 0.8370 0.2707
vn 0.4853 0.5686 0.6642
vn 0.5036 0.7276 0.4658
vn 0.5045 0.7260 0.4673
vn 0.5095 0.7285 0.4580
vn 0.5080 0.7304 0.4565
vn 0.6237 0.0295 0.7811
vn 0.8715 -0.4516 0.1912
vn 0.2337 -0.8567 -0.4598
vn -0.0616 -0.6341 -0.7708
vn -0.6848 -0.7286 -0.0166
vn -0.4153 -0.8013 0.4306
vn -0.9744 0.1396 -0.1760
vn -0.1340 -0.1753 0.9754
vn -0.2217 -0.4169 0.8815
vn -0.2430 0.6332 0.7348
vn 0.3488 -0.8131 -0.4662
vn -0.1076 -0.3562 -0.9282
vn -0.9025 -0.4037 0.1501
vn 0.6470 0.3423 0.6813
vn 0.7594 -0.3666 0.5375
vn 0.5032 0.8263 -0.2530
vn 0.3154 -0.8164 -0.4838
vn -0.0918 0.9581 -0.2713
vn 0.1489 0.9643 -0.2192
vn -0.6734 -0.7389 0.0217
vn -0.2773 0.9314 -0.2359
vn -0.1437 0.9793 0.1422
vn -0.0446 0.8912 0.4514
vn -0.0432 0.7705 0.6360
vn -0.0901 0.8969 0.4329
vn -0.0609 0.9940 0.0909
vn 0.1859 0.9708 0.1513
vn 0.0277 0.0538 0.9982
vn -0.2255 0.4319 0.8733
vn -0.5219 0.6979 0.4906
vn -0.1232 -0.6720 0.7303
vn 0.7473 0.1288 0.6519
vn 0.7350 0.3281 0.5934
vn 0.1033 -0.9426 0.3177
vn 0.8408 0.2988 0.4513
vn 0.8479 0.2692 0.4567
vn 0.1316 0.2560 -0.9577
vn -0.0477 -0.9989 -0.0010
vn 0.2443 0.2574 -0.9349
vn -0.3307 0.1423 0.9329
vn -0.3525 0.3114 0.8825
vn 0.0907 0.9680 0.2340
vn 0.2777 0.5852 0.7619
vn -0.0467 0.2448 0.9685
vn 0.8741 -0.2963 0.3850
vn -0.6462 0.6982 -0.3081
vn -0.2538 0.9596 -0.1215
vn 0.2428 -0.3093 0.9194
vn 0.7943 0.2026 0.5727
vn -0.8160 0.4120 0.4054
vn -0.6103 0.1794 -0.7716
vn -0.0842 -0.8026 -0.5906
vn 0.2198 -0.9648 0.1445
vn 0.2182 -0.9009 0.3752
vn -0.7336 0.6023 0.3147
vn 0.0915 -0.4181 -0.9038
vn 0.1427 -0.5844 -0.7988
vn 0.2323 0.0374 -0.9719
vn -0.5821 -0.3613 -0.7285
vn 0.0189 -0.7161 -0.6978
vn 0.7930 -0.1691 0.5853
vn 0.6487 -0.4729 0.5963
vn 0.8830 -0.1013 0.4584
vn 0.8512 -0.4035 0.3355
vn 0.9787 -0.1026 0.1780
vn 0.8738 -0.2965 0.3854
vn 0.5208 -0.4654 0.7157
vn 0.4401 -0.5210 0.7313
vn 0.1846 -0.0199 0.9826
vn -0.3083 0.6269 0.7155
vn 0.1732 0.0364 0.9842
vn -0.4809 -0.0595 0.8748
vn 0.3746 0.0291 0.9267
vn 0.6940 -0.5495 0.4651
vn 0.5727 -0.7049 0.4186
vn -0.1344 -0.9356 0.3266
vn 0.3995 -0.7384 0.5433
vn 0.8424 0.5188 -0.1455
vn -0.9557 0.2753 -0.1039
vn -0.7383 -0.3543 -0.5739
vn -0.4390 0.8895 -0.1266
vn 0.5848 0.5875 0.5593
vn -0.6558 -0.4164 -0.6297
vn -0.3988 0.9121 -0.0952
vn -0.3988 0.9119 -0.0974
vn -0.4128 0.8340 0.3660
vn -0.1665 0.9490 0.2676
vn -0.6181 0.7579 0.2086
vn -0.4694 0.8614 0.1943
vn 0.2320 -0.3305 -0.9149
vn -0.7525 0.3699 0.5449
vn 0.3498 0.4702 -0.8103
vn -0.7821 0.2579 0.5673
vn 0.0166 0.8686 0.4952
vn -0.3797 0.7278 0.5711
vn -0.4516 0.6936 0.5612
vn -0.6565 0.7220 0.2184
vn -0.5566 0.4686 0.6861
vn -0.5487 0.8064 -0.2204
vn 0.0944 -0.3085 0.9465
vn 0.3756 0.4251 0.8235
vn -0.7954 0.4535 0.4021
vn -0.7754 0.6250 -0.0897
vn -0.6450 0.6613 0.3831
vn -0.4255 -0.5735 0.7000
vn 0.8520 0.0514 0.5210
vn -0.1346 0.8290 -0.5428
vn 0.1092 0.9214 -0.3730
vn 0.2218 0.9650 -0.1402
vn 0.1970 -0.6045 0.7719
vn -0.4803 -0.8629 0.1572
vn -0.4198 0.4532 0.7864
vn -0.5097 0.1208 0.8518
vn -0.3309 0.8613 0.3856
vn -0.7326 0.5378 0.4172
vn -0.9962 -0.0557 0.0670
vn -0.2987 0.9498 0.0931
vn 0.0264 -0.9970 -0.0729
vn -0.6622 0.6503 -0.3724
vn -0.3724 0.8013 -0.4681
vn -0.3214 -0.5545 -0.7676
vn 0.2805 0.9369 0.2087
vn -0.0897 -0.8497 -0.5196
vn 0.8869 -0.4151 -0.2029
vn 0.3680 -0.0031 0.9298
vn 0.4267 -0.8325 -0.3535
vn 0.4111 0.7464 -0.5233
vn 0.2562 0.5653 -0.7841
vn -0.9120 0.0887 -0.4006
vn -0.8900 -0.1609 -0.4266
vn -0.2865 0.3314 -0.8989
vn -0.3127 0.9436 0.1088
vn -0.7912 0.6093 -0.0519
vn -0.9062 0.0965 -0.4117
vn -0.2628 0.8796 0.3967
vn -0.1268 0.2340 -0.9639
vn -0.3907 0.5105 -0.7660
vn -0.1108 -0.8532 -0.5097
vn -0.0698 -0.6812 -0.7288
vn 0.1358 -0.6111 -0.7798
vn -0.4196 -0.2555 -0.8710
vn 0.3643 -0.6880 -0.6276
vn 0.2813 -0.7028 -0.6534
vn -0.2539 0.9637 0.0821
vn 0.5179 0.6417 -0.5656
vn 0.1328 -0.8566 -0.4985
vn 0.4445 -0.8631 -0.2399
vn 0.2891 0.5247 -0.8007
vn 0.4986 -0.8196 -0.2823
vn 0.4679 -0.4055 -0.7853
vn 0.7034 -0.6805 -0.2051
vn 0.6973 -0.6893 -0.1967
vn 0.7904 -0.3820 -0.4790
vn 0.6441 -0.2372 -0.7273
vn 0.6592 -0.0532 -0.7501
vn 0.6937 0.2996 -0.6550
vn 0.5610 0.3767 -0.7371
vn 0.6680 0.4945 -0.5561
vn 0.2670 0.5680 -0.7785
vn 0.5339 0.5805 -0.6148
vn 0.4028 0.4913 -0.7722
vn 0.4691 0.1810 -0.8644
vn 0.1571 -0.5232 -0.8376
vn -0.0070 -0.6425 -0.7662
vn 0.2488 -0.1371 -0.9588
vn 0.5438 -0.4297 -0.7209
vn 0.1722 0.5183 -0.8377
vn 0.5576 0.4083 -0.7227
vn 0.2837 -0.1046 -0.9532
vn -0.1992 0.3928 -0.8978
vn 0.1799 0.2731 -0.9450
vn 0.2521 -0.1556 -0.9551
vn 0.0408 -0.6213 -0.7825
vn -0.1551 0.0618 -0.9860
vn 0.1506 0.0724 0.9859
vn -0.1660 -0.4650 0.8696
vn 0.0425 -0.1349 -0.9899
vn -0.3727 -0.2594 -0.8909
vn -0.0566 -0.5357 -0.8425
vn -0.1271 -0.3916 -0.9113
vn -0.1081 0.6838 -0.7216
vn 0.1525 -0.7030 0.6946
vn 0.0598 0.0949 -0.9937
vn -0.1850 0.2138 -0.9592
vn 0.2403 0.2357 -0.9416
vn 0.1702 0.3990 -0.9010
vn 0.2598 0.7293 -0.6329
vn 0.0863 0.8315 -0.5488
vn -0.3243 0.7670 -0.5537
vn 0.7209 0.2434 0.6489
vn -0.7159 -0.0104 -0.6981
vn -0.5878 0.3496 -0.7296
vn -0.5876 -0.0843 -0.8047
vn -0.5928 0.4310 -0.6804
vn -0.3462 0.1379 -0.9280
vn -0.4336 0.1457 -0.8892
vn -0.2390 -0.5280 -0.8149
vn -0.2062 -0.1642 -0.9646
vn -0.3335 0.2009 -0.9211
vn -0.2984 0.5233 -0.7982
vn -0.5414 0.4010 -0.7390
vn -0.4580 0.7672 -0.4491
vn -0.5679 -0.1237 -0.8138
vn -0.5927 -0.4503 -0.6678
vn -0.5475 -0.4045 -0.7326
vn -0.0571 -0.7360 -0.6746
vn -0.3472 -0.6898 -0.6353
vn -0.1555 -0.5708 -0.8063
vn -0.6890 0.5424 -0.4808
vn 0.5167 0.6416 -0.5669
vn -0.1800 0.4166 -0.8911
vn -0.6035 0.1214 -0.7881
vn -0.7060 -0.3295 -0.6269
vn -0.6969 0.5439 -0.4674
vn -0.6827 0.4077 -0.6063
vn -0.6968 -0.0049 -0.7173
vn -0.7728 -0.1366 -0.6197
vn -0.5297 0.6398 -0.5569
vn -0.6308 -0.2586 -0.7316
vn -0.3235 0.9260 -0.1944
vn -0.1051 0.8656 -0.4897
vn -0.1047 0.9247 -0.3661
vn -0.8045 0.1958 -0.5608
vn -0.9057 0.1586 -0.3930
vn -0.8617 0.3611 -0.3566
vn -0.8962 0.1426 -0.4200
vn 0.5820 -0.2422 0.7763
vn 0.5152 -0.1125 0.8497
vn 0.6382 0.2113 0.7403
vn 0.4997 0.3496 0.7925
vn 0.3710 0.2810 0.8851
vn 0.6978 0.3456 0.6275
vn 0.8004 0.2701 0.5352
vn 0.8144 -0.2490 0.5241
vn 0.8094 0.0195 0.5869
vn 0.9190 -0.1784 0.3516
vn 0.8985 -0.0239 0.4383
vn 0.8403 0.0499 0.5398
vn 0.9842 0.0804 0.1579
vn 0.8202 0.4715 0.3240
vn 0.9883 0.0819 0.1288
vn 0.9774 0.1323 0.1651
vn 0.9786 -0.1026 0.1783
vn -0.0619 0.8868 0.4579
vn 0.9894 0.0921 -0.1119
vn 0.9754 0.1562 -0.1556
vn 0.9781 0.1332 -0.1599
vn 0.8404 0.0893 -0.5346
vn 0.9404 0.2258 -0.2544
vn -0.1600 0.9805 0.1139
vn 0.2311 0.9510 -0.2053
vn -0.2165 0.9706 0.1052
vn -0.2335 0.9031 -0.3605
vn -0.3278 0.9385 -0.1082
vn -0.2854 0.9385 -0.1941
vn 0.6963 0.4678 -0.5443
vn 0.3683 0.5308 -0.7633
vn -0.5107 0.7434 -0.4319
vn -0.5383 0.7312 -0.4190
vn -0.4517 0.7292 -0.5140
vn 0.5707 -0.0055 -0.8211
vn 0.3438 -0.3511 -0.8709
vn 0.4212 -0.1150 -0.8997
vn 0.1494 -0.1937 -0.9696
vn 0.6243 -0.0568 -0.7791
vn 0.5436 0.2033 -0.8143
vn 0.5777 0.1465 -0.8030
vn 0.4273 0.2413 -0.8713
vn 0.2763 0.4393 -0.8548
vn 0.7527 0.6301 0.1905
vn 0.3204 0.9017 -0.2904
vn 0.2595 0.7799 -0.5696
vn 0.2061 0.9625 -0.1765
vn 0.0818 0.7330 -0.6753
vn 0.3948 0.8972 -0.1979
vn 0.5836 0.5106 -0.6314
vn 0.7766 0.3904 -0.4944
vn 0.8141 0.0981 -0.5724
vn 0.5827 0.7535 -0.3046
vn 0.8704 0.4881 -0.0646
vn 0.8488 0.4978 -0.1782
vn 0.8644 0.4381 -0.2467
vn 0.9599 0.2724 0.0660
vn 0.5670 0.8190 0.0878
vn 0.6257 0.7451 -0.2309
vn 0.4469 0.8765 0.1789
vn 0.7586 0.5549 0.3415
vn 0.9408 0.3379 0.0281
vn 0.6841 0.5753 0.4483
vn 0.6837 0.3715 0.6281
vn 0.4602 0.5648 0.6850
vn 0.6539 0.3876 0.6498
vn 0.3978 0.6985 0.5949
vn 0.5430 0.6904 0.4780
vn 0.3933 0.5036 0.7692
vn 0.7498 0.6340 0.1895
vn 0.3514 0.7178 0.6011
vn 0.2442 0.9683 -0.0522
vn 0.2833 0.9290 0.2380
vn 0.0675 0.9095 0.4102
vn -0.0434 0.6098 -0.7914
vn 0.5151 0.5598 0.6491
vn -0.8524 0.5201 0.0541
vn -0.9931 0.0555 0.1031
vn 0.1829 0.4241 0.8870
vn 0.3476 0.5149 0.7836
vn 0.1925 0.3650 0.9109
vn 0.4022 -0.0959 0.9105
vn 0.2733 0.0943 0.9573
vn 0.2144 0.0931 0.9723
vn 0.0201 -0.1314 0.9911
vn -0.0495 0.2726 0.9609
vn -0.1668 0.5283 0.8325
vn -0.7110 0.1809 0.6795
vn -0.3720 0.5820 0.7231
vn -0.5763 0.6184 0.5343
vn -0.5423 0.2190 0.8112
vn -0.5001 -0.5986 0.6257
vn -0.4196 -0.0739 0.9047
vn -0.1609 0.1250 0.9790
vn -0.1563 -0.0319 0.9872
vn -0.3984 0.3394 0.8521
vn -0.5714 0.2769 0.7725
vn -0.5126 0.1328 0.8483
vn -0.7236 0.4794 0.4965
vn -0.3320 0.8903 0.3117
vn -0.7206 0.4866 0.4939
vn -0.7107 0.3844 0.5892
vn -0.7425 0.6017 0.2945
vn 0.2790 0.7530 -0.5959
vn -0.6265 0.7724 0.1045
vn -0.8971 0.4330 0.0884
vn -0.9193 0.3785 0.1075
vn -0.9941 -0.0641 0.0881
vn -0.9453 -0.2073 0.2519
vn -0.9662 -0.1590 -0.2029
vn -0.8296 0.0535 0.5557
vn -0.8033 0.0697 0.5914
vn -0.5129 -0.1195 0.8501
vn -0.8156 0.1265 0.5646
vn -0.9365 0.1665 0.3087
vn -0.5137 0.7902 0.3343
vn -0.6291 0.7426 0.2297
vn -0.3943 0.6423 0.6572
vn -0.4277 0.6465 0.6318
vn 0.1262 0.6590 0.7415
vn -0.0671 0.7976 0.5994
vn -0.0740 0.9591 0.2733
vn -0.2940 0.9149 0.2767
vn 0.1138 0.8726 0.4749
vn 0.1892 0.8686 0.4579
vn -0.0065 0.9837 0.1795
vn -0.0473 0.9982 -0.0369
vn 0.1986 0.9708 -0.1348
vn -0.1378 0.8191 -0.5569
vn -0.1473 0.8163 -0.5585
vn -0.0725 0.9322 -0.3545
vn -0.1869 0.9620 -0.1990
vn -0.3401 0.9005 -0.2711
vn -0.1238 0.9895 -0.0748
vn -0.5959 0.8026 -0.0268
vn -0.3437 0.9332 0.1050
vn -0.5412 0.8400 -0.0394
vn -0.8595 0.4984 -0.1135
vn -0.9884 0.1199 -0.0936
vn -0.8534 0.5083 -0.1155
vn -0.8892 0.4060 -0.2110
vn -0.7969 0.2339 -0.5570
vn -0.6559 0.6918 -0.3020
vn -0.6537 0.6911 -0.3082
vn -0.5050 0.7521 -0.4234
vn -0.4404 0.6463 -0.6231
vn -0.7061 0.4619 -0.5367
vn -0.5275 0.4038 -0.7474
vn -0.7064 0.6050 -0.3674
vn -0.8278 0.4368 -0.3521
vn -0.5985 0.4025 -0.6926
vn -0.5169 0.2810 -0.8086
vn -0.2887 0.7675 -0.5723
vn -0.1789 0.7331 -0.6561
vn -0.3049 0.6648 -0.6820
vn -0.3076 0.2275 -0.9239
vn 0.0906 0.5948 -0.7987
vn -0.0909 0.5846 -0.8062
vn 0.0810 0.6983 -0.7112
vn 0.3131 0.5263 -0.7906
vn 0.2123 0.2941 -0.9319
vn -0.2633 0.3331 -0.9054
vn 0.1435 0.0190 -0.9895
vn 0.1456 -0.0001 -0.9893
vn -0.1842 0.2032 -0.9617
vn 0.0919 0.4214 -0.9022
vn -0.0457 0.1996 -0.9788
vn -0.2775 -0.1891 -0.9419
vn -0.0307 -0.2287 -0.9730
vn 0.1497 0.9808 -0.1252
vn -0.0526 0.9901 -0.1299
vn -0.1367 0.9657 -0.2210
vn -0.1245 0.9434 -0.3075
vn 0.2302 0.9670 0.1088
vn -0.9562 -0.1467 -0.2533
vn -0.5991 0.0552 -0.7988
vn -0.2745 -0.1838 -0.9439
vn -0.9513 -0.0402 -0.3057
vn 0.2546 0.9619 -0.1000
vn -0.9401 -0.0458 -0.3378
vn -0.8308 0.0736 -0.5517
vn -0.9693 -0.1257 -0.2112
vn -0.0685 0.9914 0.1113
vn -0.9567 0.1445 -0.2527
vn -0.9541 0.1518 -0.2581
vn -0.9529 -0.2953 -0.0697
vn -0.8416 0.0160 -0.5399
vn -0.9342 -0.3155 -0.1665
vn -0.2497 -0.1734 -0.9527
vn -0.8270 0.0613 -0.5589
vn -0.6552 0.0179 -0.7553
vn -0.7552 -0.0295 -0.6548
vn -0.6199 -0.1947 -0.7601
vn -0.6417 -0.2026 -0.7397
vn -0.7042 0.0156 -0.7098
vn 0.8305 0.1330 -0.5410
vn 0.8682 -0.0463 -0.4941
vn 0.8494 -0.0336 -0.5266
vn 0.4152 0.2572 -0.8726
vn 0.5733 -0.3136 -0.7569
vn 0.3567 0.4587 -0.8138
vn 0.5741 0.6097 -0.5465
vn 0.7911 0.2884 -0.5395
vn 0.5875 0.1662 -0.7920
vn 0.3370 0.9195 -0.2025
vn 0.0427 0.8892 -0.4554
vn 0.2227 0.7179 -0.6595
vn 0.2209 0.9746 -0.0379
vn 0.0353 0.8902 -0.4542
vn -0.0990 0.7190 -0.6879
vn -0.1169 -0.7580 0.6417
vn -0.0584 0.6573 -0.7514
vn 0.1959 0.6658 -0.7200
vn -0.0472 0.6736 -0.7376
vn -0.0340 0.3212 -0.9464
vn -0.1898 0.0742 -0.9790
vn 0.0870 -0.1205 -0.9889
vn 0.2099 0.3044 -0.9291
vn 0.6537 0.4009 -0.6419
vn 0.1903 0.2786 -0.9414
vn 0.5676 0.0655 -0.8207
vn 0.3155 0.0797 -0.9456
vn 0.2077 -0.1031 -0.9727
vn -0.5274 0.2790 -0.8025
vn 0.4541 -0.3462 -0.8210
vn 0.6303 -0.1713 -0.7572
vn -0.5838 -0.0103 -0.8118
vn 0.5236 -0.6301 -0.5735
vn -0.5990 -0.0162 -0.8006
vn 0.3161 0.7700 -0.5542
vn -0.5299 0.1183 -0.8398
vn 0.3799 -0.3469 -0.8575
vn -0.1072 -0.3353 -0.9360
vn -0.1428 0.0337 -0.9892
vn -0.0674 -0.5188 -0.8522
vn -0.1910 -0.5914 -0.7835
vn -0.1420 -0.5919 -0.7934
vn 0.2416 -0.5283 -0.8140
vn 0.3090 -0.7216 -0.6196
vn -0.1048 0.7258 0.6798
vn 0.2671 -0.7215 -0.6389
vn 0.1304 -0.8112 -0.5700
vn -0.0499 -0.7861 -0.6161
vn -0.0387 0.9041 -0.4255
vn -0.0564 0.9002 -0.4318
vn 0.1714 -0.9276 -0.3318
vn -0.2236 -0.8243 -0.5201
vn 0.6807 -0.6718 -0.2921
vn 0.3393 -0.8504 -0.4022
vn -0.8139 -0.1200 -0.5684
vn -0.8527 0.1488 -0.5007
vn -0.8357 0.1606 -0.5251
vn 0.2105 0.8300 -0.5164
vn -0.8537 0.1161 -0.5077
vn 0.7369 -0.4017 -0.5437
vn -0.3192 0.7032 -0.6353
vn -0.6635 -0.1544 -0.7321
vn -0.6809 0.4102 -0.6067
vn -0.7193 0.4860 -0.4964
vn 0.7097 -0.1529 -0.6877
vn 0.8699 -0.1784 -0.4599
vn -0.8395 0.4234 -0.3404
vn 0.7631 -0.3879 -0.5170
vn -0.2967 -0.4778 0.8268
vn 0.8260 -0.0379 -0.5624
vn -0.9041 0.2139 -0.3699
vn -0.0879 -0.9102 -0.4046
vn 0.9632 -0.0014 -0.2689
vn -0.4849 0.7699 -0.4149
vn -0.3037 0.9510 0.0580
vn 0.9995 0.0267 -0.0140
vn -0.8541 0.4752 -0.2114
vn 0.9758 -0.1197 -0.1829
vn 0.2511 -0.9196 -0.3021
vn 0.1473 -0.9026 0.4045
vn -0.9517 0.0070 0.3068
vn -0.3304 0.8614 -0.3857
vn -0.4483 0.8788 -0.1633
vn -0.2787 0.6527 0.7045
vn -0.9057 0.0526 0.4207
vn -0.3578 0.8501 0.3865
vn -0.7702 0.1276 0.6249
vn -0.6758 0.6075 0.4173
vn -0.8800 0.4157 0.2299
vn -0.7683 0.5679 -0.2952
vn 0.3568 -0.6511 0.6699
vn -0.4610 0.8397 0.2871
vn -0.7096 0.4665 0.5280
vn 0.9389 0.2085 0.2740
vn -0.6844 0.4845 -0.5449
vn -0.6913 0.1905 0.6970
vn -0.3674 -0.2199 0.9037
vn -0.9625 -0.2123 -0.1688
vn -0.9637 -0.2042 -0.1718
vn -0.7685 0.4771 -0.4263
vn 0.2062 -0.2972 0.9323
vn 0.4220 0.8592 0.2893
vn -0.1771 0.9797 0.0944
vn -0.4655 0.7510 0.4683
vn -0.8733 0.3007 -0.3834
vn -0.4870 -0.3633 -0.7942
vn 0.1678 0.9562 0.2398
vn -0.4907 0.4496 -0.7464
vn -0.8522 -0.4675 0.2352
vn -0.5861 0.1574 -0.7948
vn -0.9427 -0.2373 0.2345
vn 0.1688 0.9572 0.2351
vn -0.8528 0.0253 0.5217
vn -0.0637 -0.8544 0.5157
vn 0.9876 -0.1471 0.0539
vn -0.2773 0.9593 0.0530
vn -0.1256 -0.6421 -0.7563
vn 0.8207 -0.0630 0.5679
vn -0.3054 -0.0452 -0.9512
vn 0.4184 -0.8561 0.3033
vn -0.1070 -0.9934 0.0421
vn 0.0728 -0.8587 -0.5073
vn 0.1420 -0.7427 -0.6544
vn 0.9026 -0.2083 -0.3768
vn -0.1190 -0.8826 0.4548
vn 0.4028 -0.9124 -0.0719
vn -0.1172 -0.8133 0.5699
vn 0.9728 0.2296 -0.0293
vn 0.9985 0.0480 -0.0247
vn 0.6710 -0.2389 -0.7019
vn 0.9541 0.2915 0.0685
vn 0.1923 0.7115 0.6759
vn -0.6901 -0.1525 0.7075
vn 0.2375 -0.6742 0.6993
vn 0.7969 -0.3264 0.5083
vn -0.1292 0.0230 0.9914
vn 0.2799 -0.3218 0.9045
vn 0.0141 -0.2878 0.9576
vn -0.5004 -0.4068 0.7643
vn -0.2665 -0.3352 0.9037
vn -0.8644 -0.2770 0.4197
vn 0.3760 -0.6470 0.6634
vn 0.3598 -0.6488 0.6705
vn 0.4362 -0.5196 0.7347
vn 0.1150 -0.4768 -0.8715
vn 0.0599 -0.4899 -0.8697
vn 0.9580 0.0454 -0.2832
vn 0.9300 0.3164 -0.1871
vn 0.9234 0.2915 -0.2499
vn 0.8066 0.4699 -0.3586
vn -0.1784 -0.3031 -0.9361
vn -0.2851 -0.3956 -0.8731
vn 0.6213 0.6696 -0.4068
vn 0.6349 0.7471 -0.1967
vn 0.7585 0.5547 -0.3420
vn 0.7593 0.5555 -0.3389
vn 0.5590 0.7870 -0.2611
vn -0.2884 0.8939 0.3433
vn 0.3258 0.8913 -0.3155
vn 0.4419 0.8634 -0.2434
vn -0.0583 0.9097 0.4111
vn -0.1575 0.8129 0.5607
vn -0.1885 0.8267 0.5302
vn -0.9546 -0.2973 -0.0172
vn -0.1328 0.2890 0.9481
vn -0.8781 -0.3635 0.3111
vn -0.8439 -0.5263 0.1040
vn 0.9942 0.0047 -0.1074
vn 0.9182 0.3697 -0.1419
vn 0.9679 -0.1095 0.2261
vn 0.8960 0.4405 0.0560
vn -0.6352 -0.5369 0.5552
vn -0.6585 -0.3347 0.6741
vn -0.3211 -0.7100 0.6268
vn -0.3821 -0.4945 0.7807
vn -0.6970 -0.6483 0.3065
vn 0.0171 0.6395 0.7686
vn -0.8325 -0.4972 0.2444
vn -0.4201 -0.7512 0.5091
vn -0.8952 0.0731 0.4396
vn -0.0584 0.3012 0.9518
vn -0.0294 0.6271 0.7784
vn 0.9994 -0.0341 -0.0095
vn -0.1742 0.3303 0.9277
vn -0.0666 -0.4177 -0.9062
vn -0.5689 0.1225 0.8132
vn -0.7583 -0.3237 0.5659
vn 0.1570 0.2650 0.9514
vn 0.0871 0.0257 0.9959
vn -0.1406 0.1109 0.9838
vn -0.6121 -0.7246 0.3166
vn 0.7792 0.5212 0.3481
vn 0.0886 -0.3701 0.9247
vn 0.9918 -0.0113 0.1273
vn 0.4415 0.4035 0.8014
vn 0.8559 0.4614 0.2335
vn 0.9824 -0.1545 0.1053
vn 0.1064 0.7535 -0.6488
vn -0.1058 0.7070 0.6992
vn 0.2397 0.1359 0.9613
vn 0.8969 -0.2612 0.3567
vn -0.5130 0.1740 0.8405
vn -0.2076 -0.9047 0.3720
vn -0.8002 -0.4229 0.4252
vn 0.3656 0.2511 0.8963
vn 0.3303 0.3066 0.8927
vn 0.7578 0.6491 0.0664
vn -0.5694 0.1014 0.8158
vn 0.7683 0.6277 -0.1255
vn -0.8378 -0.5184 -0.1715
vn 0.8861 0.4411 0.1425
vn 0.5854 -0.2485 -0.7717
vn 0.2429 -0.6222 0.7442
vn -0.0460 0.3704 -0.9277
vn 0.1207 -0.3695 0.9214
vn -0.3339 -0.0266 0.9422
vn -0.0564 0.0898 0.9944
vn 0.3245 -0.6936 0.6431
vn 0.1932 -0.2641 0.9449
vn -0.9739 0.1507 -0.1700
vn -0.5860 -0.1066 0.8033
vn -0.4399 -0.4735 0.7631
vn 0.1946 -0.4974 0.8454
vn 0.1881 0.9793 -0.0743
vn 0.9032 -0.1946 0.3827
vn 0.0008 -0.0194 0.9998
vn 0.7665 0.2374 -0.5967
vn 0.9647 -0.2478 0.0896
vn 0.9260 0.0163 0.3771
vn 0.9062 -0.1999 0.3725
vn -0.1257 0.9894 -0.0734
vn -0.9631 0.1187 -0.2417
vn 0.2551 -0.9235 -0.2866
vn 0.0515 0.9563 -0.2879
vn -0.1102 -0.9695 -0.2191
vn 0.0234 -0.9993 0.0303
vn -0.9610 0.1490 -0.2331
vn -0.0882 0.9560 -0.2797
vn 0.0358 0.9744 -0.2219
vn 0.3578 0.6725 -0.6479
vn 0.0963 0.9522 -0.2900
vn 0.1627 0.7667 -0.6210
vn 0.4070 -0.6579 -0.6337
vn -0.3497 0.8956 -0.2751
vn -0.4224 0.8110 -0.4048
vn -0.5985 0.7507 -0.2797
vn 0.5303 0.2911 -0.7963
vn -0.6541 0.7555 0.0379
vn -0.5817 0.8117 -0.0528
vn 0.7695 0.5720 0.2840
vn -0.6850 0.5375 -0.4919
vn -0.7190 0.5040 0.4785
vn 0.7098 0.6132 0.3466
vn -0.7525 0.6523 -0.0904
vn 0.6777 -0.6032 -0.4207
vn -0.6364 0.6774 0.3689
vn -0.8406 -0.5407 -0.0313
vn -0.5930 -0.3167 0.7403
vn -0.6264 0.6105 0.4847
vn -0.8718 0.1192 -0.4752
vn 0.5372 -0.1944 0.8207
vn -0.4403 -0.2853 -0.8513
vn -0.7803 -0.5362 0.3219
vn -0.5976 -0.2488 0.7622
vn -0.7445 -0.6421 0.1829
vn 0.2209 -0.7850 -0.5788
vn 0.1612 0.3181 0.9343
vn -0.2877 -0.4159 0.8627
vn -0.5413 0.1494 0.8274
vn 0.6650 -0.1300 0.7355
vn 0.9434 -0.1845 0.2756
vn 0.3340 0.0833 0.9389
vn 0.5654 0.3333 0.7545
vn 0.6842 0.6240 0.3775
vn 0.1364 0.9339 -0.3304
vn -0.1386 0.2713 -0.9525
vn 0.2006 0.2147 -0.9559
vn -0.2178 0.1784 -0.9595
vn -0.5758 0.6563 0.4875
vn -0.6482 0.5798 0.4937
vn -0.5848 0.6895 0.4273
vn -0.7556 0.5428 0.3667
vn 0.7005 0.6243 0.3458
vn 0.3109 0.4562 -0.8338
vn -0.0133 0.6649 0.7468
vn 0.6058 -0.5302 -0.5932
vn -0.7953 0.4946 -0.3506
vn -0.7011 -0.6741 -0.2325
vn -0.6496 -0.7589 0.0463
vn -0.6153 -0.7376 0.2782
vn 0.9615 0.1814 -0.2062
vn -0.0920 0.3866 -0.9176
vn 0.3451 -0.2887 0.8931
vn -0.9252 -0.3646 0.1048
vn 0.3915 -0.4098 -0.8239
vn 0.7794 -0.5890 0.2136
vn 0.5490 0.5168 -0.6569
vn -0.6023 -0.5478 0.5807
vn -0.7395 -0.4352 0.5136
vn -0.7596 0.1151 -0.6401
vn -0.7108 -0.4443 0.5454
vn -0.7166 -0.4882 0.4981
vn -0.7683 -0.6399 -0.0130
vn -0.7269 -0.6310 -0.2711
vn 0.2632 -0.1248 0.9566
vn -0.6322 -0.7092 -0.3121
vn 0.7017 0.7086 0.0734
vn -0.1717 -0.8078 -0.5639
vn -0.9232 0.1108 0.3680
vn -0.9194 -0.1186 0.3750
vn -0.1457 0.9555 -0.2567
vn -0.0796 0.7858 -0.6134
vn -0.4070 0.8256 -0.3908
vn -0.2016 -0.5958 -0.7774
vn -0.2790 -0.5049 -0.8169
vn -0.6411 -0.4423 -0.6271
vn -0.1406 -0.3859 -0.9118
vn -0.6342 -0.4589 -0.6223
vn -0.8275 0.5253 -0.1984
vn -0.8648 0.1669 -0.4735
vn -0.8613 0.1907 -0.4710
vn -0.7848 0.5377 0.3081
vn -0.8047 0.5332 -0.2611
vn -0.7873 0.5401 0.2976
vn -0.9552 0.1003 0.2783
vn -0.7118 -0.6331 0.3042
vn 0.9874 -0.0761 -0.1385
vn -0.5744 -0.1857 -0.7972
vn -0.4952 0.0850 -0.8646
vn -0.3894 0.1305 -0.9118
vn -0.9056 0.1967 0.3757
vn -0.4598 0.0738 -0.8849
vn -0.8560 0.0840 0.5101
vn -0.7481 0.5329 0.3955
vn -0.7653 0.5510 0.3327
vn -0.8260 0.1494 0.5435
vn -0.3457 -0.6518 -0.6750
vn -0.4431 -0.2896 -0.8484
vn -0.7261 -0.3688 0.5804
vn -0.8096 -0.0732 0.5824
vn -0.6042 -0.4936 0.6256
vn -0.8333 -0.1488 0.5325
vn -0.5613 0.5315 0.6343
vn -0.9545 -0.2474 0.1667
vn -0.9458 -0.2738 0.1749
vn -0.9689 -0.2127 -0.1265
vn -0.9429 0.2309 -0.2399
vn -0.9058 0.4009 -0.1371
vn -0.9703 -0.2019 -0.1333
vn -0.9995 0.0255 -0.0188
vn -0.9601 0.1073 0.2583
vn -0.9196 0.3855 0.0764
vn -0.8853 0.1600 -0.4366
vn -0.8219 -0.1869 -0.5382
vn -0.8892 -0.2323 -0.3943
vn -0.4305 -0.3447 -0.8342
vn -0.7571 0.1195 -0.6423
vn -0.7593 0.0656 -0.6475
vn -0.6058 0.5350 -0.5888
vn -0.7049 0.5064 -0.4967
vn -0.5536 0.2235 -0.8022
vn -0.6633 -0.2087 -0.7187
vn -0.5718 0.1650 -0.8037
vn -0.2135 0.2367 -0.9478
vn 0.4144 0.1284 -0.9010
vn 0.3928 -0.2004 -0.8976
vn 0.6679 0.3198 -0.6720
vn 0.2081 -0.9643 -0.1639
vn 0.5560 0.0807 -0.8272
vn -0.0082 0.7282 -0.6854
vn -0.4986 -0.7134 -0.4924
vn 0.1765 0.3761 -0.9096
vn 0.2040 0.4112 -0.8884
vn -0.2106 0.4121 -0.8865
vn -0.4515 -0.1423 -0.8808
vn 0.3236 0.0885 -0.9420
vn -0.5227 0.8076 -0.2730
vn 0.5750 0.2507 -0.7788
vn 0.3368 -0.2183 -0.9159
vn -0.6629 -0.7360 -0.1374
vn -0.7169 -0.6662 -0.2055
vn -0.2347 -0.8487 -0.4740
vn -0.2688 -0.9155 -0.2993
vn -0.4092 -0.9038 -0.1256
vn 0.0325 0.9029 -0.4285
vn -0.5322 0.8396 -0.1093
vn -0.4669 0.8236 -0.3218
vn -0.3489 -0.7739 -0.5286
vn 0.2359 0.1013 -0.9665
vn -0.4175 0.0084 -0.9087
vn -0.0036 -0.1459 -0.9893
vn 0.0105 -0.0024 -0.9999
vn 0.0782 -0.2991 -0.9510
vn -0.4095 -0.1899 -0.8923
vn -0.1775 0.1127 -0.9776
vn -0.5956 -0.4273 -0.6801
vn -0.7985 -0.1683 -0.5780
vn -0.6818 -0.4000 -0.6125
vn -0.7134 -0.1619 -0.6818
vn -0.8869 -0.3725 -0.2733
vn -0.6558 -0.4325 -0.6188
vn -0.6349 -0.6587 -0.4038
vn -0.7109 -0.6577 -0.2491
vn -0.8021 -0.0436 -0.5956
vn -0.9457 -0.0847 -0.3138
vn -0.5891 -0.1484 -0.7943
vn -0.0528 -0.0460 -0.9975
vn -0.3792 -0.2374 -0.8943
vn -0.2531 0.0519 -0.9661
vn -0.3030 -0.4061 -0.8621
vn -0.5608 -0.3647 -0.7433
vn -0.3459 -0.6917 -0.6340
vn -0.4252 -0.7823 -0.4552
vn -0.5877 -0.1497 -0.7951
vn -0.9119 0.1621 -0.3771
vn -0.9648 -0.1646 0.2052
vn -0.9999 -0.0057 -0.0114
vn -0.4331 -0.8020 -0.4114
vn -0.8733 -0.4674 -0.1372
vn -0.9234 0.1207 -0.3644
vn -0.1476 0.9451 -0.2915
vn -0.9832 -0.1593 0.0887
vn -0.9845 -0.1673 0.0520
vn -0.9192 -0.1375 -0.3691
vn -0.9868 -0.1579 0.0359
vn 0.3467 0.1746 -0.9216
vn -0.4163 0.7121 -0.5654
vn -0.5654 0.5003 -0.6557
vn -0.0706 0.7339 -0.6756
vn -0.3523 0.7398 -0.5732
vn -0.0616 0.5140 -0.8556
vn 0.3477 0.9017 -0.2569
vn -0.5390 0.1965 -0.8191
vn -0.1010 0.7504 -0.6532
vn -0.4353 0.8907 -0.1308
vn -0.7502 -0.0956 -0.6542
vn -0.6475 -0.1901 -0.7380
vn -0.4683 0.1150 -0.8761
vn -0.5290 -0.1315 -0.8384
vn -0.6898 0.7121 -0.1305
vn -0.2504 -0.3510 -0.9023
vn -0.3720 -0.1352 -0.9183
vn 0.3164 0.3028 -0.8990
vn 0.8664 0.3478 -0.3583
vn -0.3400 0.4856 -0.8053
vn -0.6886 0.1988 0.6974
vn -0.9247 0.3782 -0.0431
vn -0.8535 0.3110 0.4181
vn -0.7083 0.5946 0.3805
vn -0.9401 0.2501 0.2315
vn -0.9705 0.1031 0.2179
vn -0.9582 0.1940 0.2103
vn -0.7932 0.2002 -0.5752
vn -0.6270 0.5590 -0.5426
vn -0.7750 0.5089 -0.3747
vn -0.4213 0.5799 -0.6973
vn -0.6043 0.4591 -0.6512
vn 0.9065 -0.2041 0.3696
vn -0.5565 0.3244 -0.7649
vn -0.5706 0.0683 -0.8184
vn -0.4298 0.1620 -0.8883
vn -0.8388 0.2700 -0.4728
vn -0.7808 0.2225 -0.5839
vn -0.7752 0.1880 -0.6031
vn -0.9724 0.2248 -0.0627
vn -0.9691 0.2413 -0.0503
vn -0.8301 0.5393 0.1415
vn -0.8332 0.5514 0.0425
vn -0.9000 0.4270 -0.0881
vn -0.8114 0.4528 -0.3696
vn -0.6984 0.7095 -0.0941
vn -0.7350 0.6295 0.2519
vn -0.5962 0.7487 0.2898
vn 0.2295 0.6047 -0.7627
vn -0.3850 0.7687 -0.5107
vn -0.4214 0.7647 -0.4874
vn -0.4005 0.7736 -0.4911
vn -0.4302 0.9027 0.0038
vn -0.3569 0.9188 -0.1686
vn -0.3025 0.9017 0.3091
vn -0.2546 0.9511 0.1751
vn -0.5976 0.8000 0.0525
vn -0.5470 0.8248 -0.1430
vn -0.4184 -0.6032 0.6791
vn 0.3484 0.4701 -0.8109
vn -0.1490 0.5375 -0.8300
vn 0.1052 -0.1964 -0.9749
vn -0.2036 0.3678 -0.9073
vn 0.0786 0.1970 -0.9772
vn 0.2003 0.9095 0.3643
vn -0.2960 0.8865 0.3556
vn 0.5671 0.6261 -0.5351
vn -0.1207 0.8359 0.5355
vn -0.0330 0.8340 0.5508
vn -0.1067 0.9015 0.4193
vn 0.2277 0.0186 -0.9736
vn 0.2453 0.8014 -0.5456
vn -0.2942 0.7409 -0.6037
vn -0.2306 0.7126 -0.6626
vn -0.2012 0.5781 -0.7908
vn -0.7397 0.1719 -0.6506
vn -0.4940 0.2011 -0.8459
vn -0.5525 0.2700 -0.7886
vn -0.5345 0.3422 -0.7728
vn -0.6240 0.6050 -0.4946
vn 0.5418 -0.6510 0.5316
vn -0.5978 0.7352 -0.3195
vn -0.6749 0.7348 0.0674
vn -0.7202 0.6810 0.1326
vn -0.8929 0.4468 -0.0556
vn -0.8623 0.3292 -0.3847
vn -0.8549 0.3802 -0.3529
vn -0.8374 -0.1297 -0.5310
vn -0.9338 0.3550 0.0435
vn -0.7758 -0.4667 -0.4246
vn -0.9965 -0.0143 -0.0819
vn -0.9587 0.0542 -0.2793
vn -0.8023 -0.5675 -0.1849
vn -0.7514 -0.5683 -0.3352
vn -0.9304 -0.3665 -0.0092
vn 0.2046 0.7600 -0.6168
vn -0.1728 0.9779 0.1181
vn 0.4840 0.7542 -0.4438
vn 0.8063 0.3626 -0.4674
vn 0.9646 0.2465 -0.0941
vn 0.9576 0.2025 -0.2048
vn 0.7930 0.4160 -0.4450
vn 0.8256 0.3521 -0.4410
vn 0.8231 0.5087 -0.2526
vn 0.7673 0.6400 -0.0416
vn 0.3764 0.9198 -0.1108
vn 0.7889 0.5646 -0.2424
vn 0.5579 0.6836 -0.4706
vn 0.1559 0.9877 -0.0156
vn 0.0973 0.9444 -0.3141
vn -0.2448 0.9187 -0.3098
vn -0.2703 0.9242 -0.2699
vn 0.1576 0.9874 -0.0142
vn 0.4588 0.8879 -0.0339
vn -0.4882 -0.8086 -0.3284
vn -0.2403 0.8990 0.3661
vn -0.2035 0.8939 0.3993
vn 0.1237 0.9515 0.2816
vn -0.4106 -0.7807 -0.4710
vn 0.4161 0.8395 0.3493
vn 0.5068 0.7777 0.3720
vn 0.4752 0.7925 0.3823
vn 0.6948 0.7192 -0.0077
vn 0.5962 0.7003 0.3926
vn 0.9423 0.2592 0.2117
vn 0.7877 0.6050 0.1157
vn 0.8221 0.1765 0.5414
vn 0.8583 0.2482 0.4491
vn 0.5856 0.6751 0.4487
vn -0.5304 0.5508 0.6444
vn -0.0267 0.2233 0.9744
vn 0.1549 0.7569 0.6349
vn 0.3869 0.6726 0.6309
vn 0.1592 0.7486 0.6436
vn 0.2607 0.8854 0.3848
vn -0.1817 0.8354 0.5187
vn -0.1223 0.9081 0.4004
vn -0.7816 -0.1027 0.6153
vn -0.8579 -0.5015 0.1115
vn -0.7303 -0.2066 0.6512
vn -0.9175 -0.3307 0.2209
vn -0.8944 -0.4344 0.1060
vn -0.8956 0.3442 0.2817
vn -0.9995 0.0206 -0.0259
vn -0.8958 0.1859 0.4037
vn -0.9470 -0.1111 0.3013
vn -0.6621 0.1239 0.7391
vn -0.6644 0.2543 0.7028
vn -0.4315 0.5786 0.6922
vn -0.6719 0.7385 -0.0565
vn -0.7750 0.4438 0.4500
vn -0.5257 0.6625 0.5336
vn -0.8297 0.4400 0.3435
vn 0.5929 0.4442 0.6717
vn 0.5637 0.6725 0.4796
vn 0.0867 0.7741 0.6271
vn 0.4709 0.3713 0.8002
vn 0.4082 0.6420 0.6490
vn -0.0744 0.5706 0.8178
vn -0.2775 0.5750 0.7697
vn 0.0206 0.3914 0.9200
vn -0.4231 0.1549 0.8927
vn -0.1188 0.0908 0.9888
vn 0.0044 0.2773 0.9608
vn 0.4598 0.1917 0.8671
vn 0.0507 0.1783 0.9827
vn 0.0507 0.1779 0.9827
vn -0.5414 0.7514 0.3772
vn 0.5626 -0.6957 -0.4465
vn -0.0588 0.9947 -0.0844
vn 0.1020 0.9940 0.0383
vn 0.3855 0.5973 -0.7033
vn -0.3513 -0.1939 0.9160
vn -0.0137 -0.7289 -0.6845
vn -0.4147 0.1422 0.8988
vn -0.2676 0.9577 -0.1061
vn 0.9560 -0.0505 -0.2889
vn -0.4638 0.5971 -0.6545
vn 0.7571 -0.5031 0.4168
vn -0.6279 -0.1940 0.7537
vn -0.6528 0.6341 0.4144
vn -0.5847 -0.1327 0.8003
vn -0.2552 0.9589 -0.1240
vn -0.6567 0.2352 0.7165
vn -0.6740 0.2439 0.6973
vn -0.5543 -0.0184 0.8321
vn -0.3661 0.4062 0.8372
vn -0.1867 0.0622 0.9805
vn 0.7989 0.0537 0.5991
vn 0.2260 0.4516 0.8631
vn 0.5813 -0.7970 0.1638
vn 0.0869 -0.0960 0.9916
vn 0.7453 0.3311 0.5787
vn -0.3174 0.5659 0.7609
vn 0.2443 0.3671 -0.8975
vn -0.1545 -0.1518 -0.9763
vn 0.8460 0.2152 -0.4877
vn 0.7539 0.6189 0.2205
vn 0.6565 -0.7408 -0.1423
vn 0.8642 0.3445 -0.3668
vn 0.5226 -0.8237 0.2199
vn 0.8087 0.1000 -0.5796
vn 0.5990 0.0859 -0.7961
vn 0.7980 -0.1522 -0.5831
vn 0.9700 -0.1514 0.1901
vn 0.2207 0.0757 -0.9724
vn 0.8760 0.1763 -0.4489
vn 0.9957 -0.0257 -0.0889
vn 0.8364 0.0454 -0.5463
vn 0.7367 -0.2350 -0.6341
vn 0.5701 0.0088 -0.8215
vn -0.1857 -0.2924 0.9381
vn -0.9338 -0.1092 0.3408
vn -0.9934 0.0954 0.0633
vn -0.8998 0.3107 0.3063
vn -0.9298 -0.1830 0.3193
vn -0.5590 0.2839 0.7791
vn -0.9050 -0.0483 0.4226
vn -0.9989 0.0470 0.0047
vn -0.9960 -0.0088 0.0886
vn -0.9127 -0.3624 0.1887
vn -0.9978 -0.0429 -0.0509
vn -0.8345 0.0275 -0.5504
vn -0.7980 0.3295 -0.5046
vn -0.9466 -0.2700 -0.1761
vn -0.3207 -0.4487 0.8342
vn -0.0996 0.0308 0.9946
vn 0.2478 0.2767 0.9284
vn 0.3649 0.1038 0.9252
vn 0.8488 -0.5225 -0.0809
vn 0.7218 0.5865 -0.3675
vn -0.9723 -0.2179 0.0843
vn 0.6671 0.7435 -0.0461
vn 0.7307 0.4156 0.5416
vn 0.5441 0.5743 -0.6117
vn 0.7954 -0.1414 -0.5894
vn -0.2127 0.6041 -0.7680
vn 0.0441 0.2283 0.9726
vn 0.3706 0.0687 0.9263
vn 0.3704 0.2429 0.8966
vn -0.0238 -0.1977 0.9800
vn -0.1601 0.9246 0.3456
vn -0.2036 0.7692 0.6058
vn -0.1911 0.9815 0.0065
vn -0.1357 0.9589 -0.2491
vn -0.4683 0.8042 0.3661
vn -0.2955 0.8543 0.4276
vn -0.4484 0.7531 -0.4815
vn -0.4426 0.7888 -0.4264
vn -0.5578 0.8273 0.0669
vn 0.2365 0.0555 0.9701
vn -0.5424 0.8365 0.0775
vn -0.5746 0.7641 -0.2931
vn 0.1713 0.9474 0.2705
vn -0.5988 0.6982 0.3924
vn -0.7863 0.5924 0.1756
vn -0.7875 0.5892 0.1810
vn -0.3881 -0.7229 -0.5717
vn -0.3532 0.5713 -0.7409
vn 0.2147 0.0556 0.9751
vn -0.6037 0.7414 -0.2932
vn -0.4205 0.7300 0.5388
vn -0.2597 0.8037 -0.5353
vn -0.5304 0.7108 -0.4620
vn -0.2496 -0.6143 -0.7485
vn 0.2747 0.9398 0.2031
vn 0.2773 0.9575 0.0794
vn 0.1131 0.9587 0.2609
vn 0.1203 0.9599 0.2532
vn -0.7983 -0.5221 -0.3002
vn -0.1410 0.9689 0.2032
vn -0.3139 0.9205 0.2326
vn -0.6061 -0.2099 0.7672
vn -0.5857 0.6437 0.4925
vn 0.8067 -0.5029 0.3104
vn -0.0186 0.6058 0.7954
vn -0.2041 0.6406 0.7403
vn -0.2773 0.2151 0.9364
vn -0.1563 0.8679 0.4715
vn -0.4640 0.8647 0.1924
vn -0.2363 0.6864 0.6877
vn -0.4710 0.0449 0.8810
vn -0.6971 0.2834 0.6585
vn -0.8790 0.1797 0.4417
vn -0.6303 0.3960 0.6678
vn -0.6350 0.5888 0.5002
vn -0.7687 0.5670 0.2960
vn -0.7157 0.6871 0.1251
vn -0.9367 0.2834 0.2054
vn -0.9391 0.2696 0.2129
vn -0.9213 0.3493 -0.1707
vn -0.6997 0.6670 -0.2561
vn -0.1340 0.9516 -0.2764
vn -0.4530 0.8371 -0.3067
vn -0.1102 0.9627 -0.2472
vn -0.2496 0.9555 0.1569
vn -0.4815 0.8569 0.1844
vn -0.5698 0.8010 -0.1836
vn -0.5910 0.6209 -0.5150
vn -0.2769 0.9077 0.3153
vn 0.9573 0.0533 0.2842
vn -0.9993 0.0206 0.0316
vn -0.9253 -0.1745 -0.3366
vn -0.9354 -0.0086 -0.3534
vn -0.9597 -0.2673 0.0874
vn -0.8901 -0.1254 0.4383
vn -0.9709 0.0564 -0.2326
vn -0.9788 0.1966 -0.0575
vn -0.7127 -0.6745 -0.1929
vn -0.9319 -0.1497 0.3304
vn -0.4800 -0.6302 0.6103
vn -0.2163 0.9331 0.2874
vn -0.1744 0.6163 0.7680
vn -0.2990 0.8299 0.4709
vn -0.2809 0.6100 0.7410
vn -0.1867 0.9092 0.3721
vn -0.5833 0.4441 0.6801
vn -0.2143 0.5969 0.7731
vn -0.4534 -0.7754 0.4396
vn -0.6884 -0.4233 0.5891
vn -0.4528 -0.7749 0.4410
vn -0.7474 -0.4554 0.4837
vn -0.8988 -0.1129 0.4235
vn -0.6741 -0.6376 0.3729
vn -0.5025 -0.5223 0.6890
vn -0.5737 -0.2711 0.7729
vn -0.6800 -0.0734 0.7295
vn -0.2748 -0.5998 0.7515
vn -0.2674 -0.6082 0.7474
vn -0.2487 -0.8094 0.5320
vn -0.3372 -0.2547 0.9063
vn -0.2770 0.2194 0.9355
vn -0.2531 -0.3179 0.9137
vn -0.0534 -0.0041 0.9986
vn -0.0899 -0.2504 0.9640
vn -0.0159 -0.6042 0.7966
vn 0.3422 -0.9303 0.1319
vn -0.1156 -0.8170 0.5650
vn -0.1097 -0.8275 0.5506
vn -0.1356 -0.8744 0.4658
vn 0.6150 -0.7684 -0.1771
vn 0.0469 -0.8828 0.4675
vn -0.3320 0.9383 0.0973
vn 0.1835 -0.3740 0.9091
vn 0.1810 -0.3322 0.9257
vn 0.4482 -0.1315 0.8842
vn 0.3582 -0.1189 0.9260
vn 0.2706 0.0630 0.9606
vn 0.0455 0.4026 0.9142
vn -0.7041 0.1878 0.6848
vn -0.8257 0.2166 0.5210
vn -0.8312 0.4278 0.3550
vn -0.5982 0.6045 0.5261
vn -0.7320 -0.0604 0.6786
vn -0.8437 -0.1824 0.5049
vn -0.2887 0.6831 0.6709
vn -0.5363 -0.1832 0.8239
vn -0.3597 0.1627 0.9188
vn -0.5536 0.4112 0.7241
vn -0.6018 0.5978 0.5297
vn -0.3666 0.3168 0.8748
vn -0.1591 0.4692 0.8686
vn -0.3510 0.6496 0.6744
vn -0.4751 0.4108 0.7781
vn -0.3386 -0.0576 0.9392
vn 0.0828 0.9787 0.1876
vn -0.2960 0.9515 0.0842
vn -0.0365 0.9701 0.2401
vn -0.5259 -0.3165 0.7894
vn -0.2348 0.9643 -0.1221
vn 0.3844 -0.7515 0.5361
vn -0.6771 -0.3854 0.6269
vn -0.3333 -0.4844 0.8089
vn -0.7619 -0.4808 0.4339
vn -0.6876 -0.5067 0.5201
vn -0.4665 -0.7239 0.5083
vn -0.4724 -0.7334 0.4888
vn -0.2388 0.9595 -0.1492
vn 0.1374 0.9900 -0.0329
vn -0.5922 0.8055 -0.0217
vn -0.3785 0.8132 0.4421
vn -0.1657 -0.6411 0.7494
vn -0.2019 -0.7626 0.6146
vn -0.7409 -0.6015 0.2988
vn -0.7343 -0.6546 0.1797
vn -0.6544 0.4263 0.6245
vn -0.2553 -0.9650 0.0594
vn 0.8881 -0.1153 0.4449
vn -0.5549 -0.0972 0.8262
vn -0.7703 0.2998 0.5629
vn -0.6512 -0.2467 0.7176
vn -0.2536 0.8902 -0.3785
vn -0.1424 -0.3499 -0.9259
vn -0.4113 0.7605 0.5025
vn -0.2490 0.8909 -0.3799
vn 0.0851 0.9058 0.4151
vn 0.1345 -0.7533 0.6437
vn -0.5665 -0.8220 -0.0578
vn -0.7904 -0.4052 -0.4594
vn -0.6097 -0.7496 0.2575
vn -0.4970 -0.7757 -0.3891
vn -0.1985 0.0719 -0.9775
vn -0.7686 0.2263 -0.5984
vn -0.8224 0.4777 -0.3089
vn 0.1562 -0.6156 -0.7724
vn 0.5444 0.7607 0.3534
vn -0.6892 0.7033 -0.1741
vn -0.8502 0.4811 0.2137
vn 0.6289 0.7725 -0.0876
vn 0.1995 0.9594 -0.1991
vn 0.2765 0.9546 -0.1106
vn -0.4968 0.4474 -0.7437
vn -0.1301 0.9602 0.2472
vn 0.2154 0.8022 0.5569
vn 0.1642 0.8015 0.5750
vn 0.3677 0.8659 0.3391
vn 0.5907 0.6809 -0.4331
vn 0.2616 0.8712 -0.4154
vn 0.5623 0.7133 0.4183
vn 0.5609 0.7567 0.3358
vn 0.2852 0.6124 0.7373
vn 0.4453 0.6679 0.5964
vn 0.3736 0.6778 0.6332
vn 0.1459 0.6590 0.7378
vn 0.1152 -0.8166 0.5656
vn 0.3368 -0.7478 0.5721
vn 0.5682 0.2943 0.7685
vn 0.6360 0.0863 0.7669
vn 0.6359 -0.3892 0.6665
vn 0.6320 -0.4065 0.6597
vn 0.5266 -0.7586 0.3837
vn 0.8173 0.2705 -0.5088
vn 0.0935 -0.0191 0.9954
vn 0.4689 -0.8678 0.1645
vn -0.1548 -0.9879 -0.0107
vn -0.4058 0.4542 -0.7931
vn 0.8797 -0.4274 0.2086
vn -0.8458 0.5309 0.0518
vn -0.8277 0.4318 0.3585
vn -0.5922 0.7921 0.1481
vn -0.5552 0.6440 0.5264
vn -0.2202 0.9286 0.2987
vn -0.0656 -0.4953 0.8662
vn -0.4783 -0.7670 0.4277
vn -0.7081 0.6509 0.2736
vn -0.5854 0.8078 0.0690
vn -0.1168 -0.5010 0.8575
vn 0.9619 0.2541 -0.1013
vn -0.8606 0.5092 0.0069
vn 0.3715 0.9269 -0.0527
vn 0.4638 0.1136 0.8786
vn 0.4238 -0.1017 0.9001
vn -0.2797 0.9436 -0.1771
vn -0.1734 0.9675 0.1843
vn 0.0914 0.9934 0.0690
vn -0.1366 -0.0948 0.9861
vn -0.4138 0.2830 0.8653
vn -0.1680 0.1300 0.9772
vn -0.4032 0.4700 0.7852
vn -0.0989 0.5168 0.8504
vn 0.2823 0.1652 0.9450
vn 0.2440 -0.0699 -0.9673
vn -0.1318 0.5821 0.8024
vn 0.0534 0.2546 0.9656
vn 0.2229 0.2504 0.9421
vn 0.3792 0.4848 0.7882
vn 0.4107 0.0883 0.9075
vn 0.7034 0.1581 0.6930
vn 0.3728 -0.0604 0.9259
vn 0.2057 0.9350 -0.2889
vn 0.3239 -0.7428 0.5859
vn 0.2753 0.2558 -0.9267
vn -0.1225 0.7453 -0.6554
vn -0.5142 0.6966 -0.5004
vn 0.6104 0.6715 -0.4201
vn -0.2928 0.4806 -0.8266
vn -0.6054 0.5630 -0.5626
vn -0.1039 0.1331 -0.9856
vn -0.5180 -0.0358 -0.8546
vn -0.4392 0.5346 -0.7220
vn -0.8451 0.2024 -0.4949
vn 0.4704 0.3424 -0.8133
vn -0.2410 0.5364 -0.8088
vn -0.5093 0.4389 -0.7403
vn -0.5927 0.6206 -0.5134
vn -0.1846 0.3014 -0.9355
vn 0.3684 0.7172 -0.5914
vn -0.5437 0.0122 -0.8392
vn -0.5634 -0.1931 -0.8033
vn -0.5540 0.2540 -0.7928
vn 0.5260 0.3331 -0.7825
vn -0.8401 -0.5378 -0.0706
vn -0.8205 0.1443 -0.5531
vn -0.8324 0.2357 -0.5016
vn -0.7977 0.2632 -0.5425
vn 0.1150 -0.0894 -0.9893
vn 0.3514 0.8804 -0.3184
vn 0.2751 0.9394 -0.2045
vn 0.0962 0.3429 -0.9345
vn -0.6687 0.5871 -0.4562
vn 0.0975 0.9939 -0.0509
vn -0.5994 0.0449 -0.7992
vn -0.5162 0.1832 -0.8366
vn -0.1780 0.1543 -0.9719
vn 0.7944 0.2266 -0.5635
vn 0.6566 0.1636 -0.7362
vn -0.0361 0.2502 -0.9675
vn 0.5111 -0.3240 -0.7962
vn -0.1072 0.2311 -0.9670
vn 0.3193 0.0555 -0.9460
vn 0.2884 0.1293 -0.9487
vn 0.6065 0.7043 -0.3689
vn -0.6405 0.3671 0.6746
vn -0.0899 0.4722 -0.8769
vn 0.0118 0.3554 -0.9346
vn 0.4788 0.3330 -0.8123
vn 0.4167 -0.5335 0.7360
vn -0.8626 -0.2236 0.4537
vn 0.4603 -0.8665 0.1931
vn 0.3034 0.8800 0.3653
vn 0.3878 0.0019 0.9217
vn 0.3787 -0.0084 0.9255
vn 0.0252 0.2118 0.9770
vn 0.6696 -0.4149 0.6160
vn 0.7565 -0.5696 -0.3214
vn 0.9912 0.0741 -0.1097
vn -0.6398 -0.0273 0.7681
vn 0.0985 0.3432 -0.9341
vn -0.1383 -0.0478 -0.9892
vn 0.9514 -0.3050 0.0418
vn 0.3759 0.1797 -0.9091
vn 0.7698 0.4082 -0.4907
vn 0.4426 0.7980 -0.4090
vn 0.5291 0.4209 -0.7368
vn 0.4887 0.7281 -0.4806
vn -0.7635 -0.2667 0.5881
vn 0.9563 0.1955 0.2176
vn -0.1920 0.3460 0.9184
vn 0.9920 0.0294 0.1228
vn -0.5568 -0.8282 0.0629
vn -0.8101 0.1988 0.5515
vn 0.9982 0.0062 0.0600
vn 0.5875 0.8021 -0.1073
vn 0.1920 0.0753 0.9785
vn 0.5440 0.3852 -0.7455
vn -0.7025 0.0867 0.7064
vn -0.8040 0.0754 0.5899
vn -0.8550 0.3729 -0.3605
vn -0.8392 0.0469 0.5418
vn -0.6416 0.1292 -0.7561
vn -0.1550 0.5194 -0.8403
vn 0.3232 0.1783 0.9294
vn -0.6695 0.3634 -0.6478
vn -0.5572 0.6440 -0.5243
vn 0.0807 0.3293 0.9408
vn -0.8986 0.3491 0.2659
vn 0.9347 -0.0658 0.3492
vn -0.8195 0.3910 -0.4190
vn -0.6280 0.3863 0.6755
vn -0.8009 0.4620 0.3809
vn -0.8000 0.2549 0.5432
vn -0.8938 0.3972 0.2083
vn 0.3855 -0.4146 -0.8243
vn -0.1185 0.5780 -0.8074
vn 0.3989 -0.3902 -0.8299
vn -0.4330 -0.8974 -0.0848
vn 0.7647 0.2512 0.5935
vn 0.0067 0.0922 -0.9957
vn -0.4753 0.8499 0.2277
vn -0.9816 -0.0506 -0.1843
vn -0.9019 0.3198 -0.2902
vn 0.5164 0.8359 0.1863
vn 0.5211 -0.0003 0.8535
vn 0.5209 -0.0000 0.8536
vn -0.9817 -0.0337 0.1876
vn -0.7857 0.1826 -0.5910
vn 0.7156 -0.3089 0.6265
vn -0.8655 0.5005 -0.0208
vn 0.8177 0.2348 0.5256
vn -0.2553 0.8948 0.3663
vn 0.5001 0.6222 0.6023
vn 0.7970 0.3262 0.5083
vn 0.1541 0.6263 0.7642
vn 0.4739 0.6958 0.5397
vn 0.3812 0.4783 0.7912
vn 0.0532 0.8223 0.5666
vn 0.1693 0.8665 0.4696
vn 0.9367 0.3446 -0.0615
vn 0.6867 -0.5437 0.4825
vn 0.7508 -0.5604 0.3497
vn -0.4053 0.7952 -0.4510
vn -0.3645 0.9233 -0.1211
vn -0.5190 0.5808 0.6272
vn -0.0844 0.8742 0.4781
vn -0.3109 0.7490 0.5851
vn -0.0847 0.5635 0.8218
vn -0.2691 0.7684 0.5807
vn -0.3452 0.7701 0.5364
vn -0.2834 -0.0905 -0.9547
vn 0.0870 0.9118 0.4014
vn 0.9920 -0.1154 0.0507
vn 0.9997 0.0006 0.0250
vn 0.7404 -0.6621 0.1162
vn 0.9976 -0.0642 -0.0257
vn 0.7904 -0.5902 0.1642
vn 0.8173 -0.2247 0.5307
vn 0.8103 -0.0611 0.5828
vn 0.5530 0.1621 0.8173
vn 0.0631 -0.2459 0.9672
vn 0.5639 -0.0516 0.8243
vn 0.5043 0.2330 0.8315
vn -0.2502 -0.5246 0.8138
vn 0.5437 -0.0326 0.8386
vn 0.5046 0.8591 0.0855
vn 0.4977 0.7717 -0.3961
vn 0.1002 0.6846 -0.7220
vn 0.9089 -0.0107 0.4168
vn 0.5663 -0.0118 0.8241
vn -0.8823 0.3014 -0.3615
vn -0.3210 0.1683 -0.9320
vn -0.6739 0.2063 -0.7094
vn -0.1660 -0.9840 0.0654
vn 0.4552 -0.4067 -0.7921
vn 0.9204 -0.3892 0.0380
vn 0.5772 -0.7296 0.3668
vn -0.0566 -0.3527 0.9340
vn 0.2271 0.1554 0.9614
vn 0.2366 0.0628 0.9696
vn 0.7702 -0.6029 -0.2079
vn 0.8815 -0.4721 -0.0034
vn -0.1894 -0.3059 0.9330
vn 0.8423 -0.4982 -0.2057
vn -0.2536 -0.9240 -0.2862
vn -0.2355 -0.8824 -0.4073
vn -0.2159 -0.9764 0.0050
vn -0.0547 -0.8298 -0.5554
vn -0.1202 -0.9135 -0.3886
vn -0.4184 -0.7044 -0.5734
vn -0.5132 -0.8561 0.0605
vn -0.2874 -0.8638 0.4138
vn -0.5159 -0.6711 0.5324
vn -0.5585 -0.6459 0.5205
vn -0.2426 -0.9701 -0.0031
vn -0.4073 -0.9080 0.0980
vn -0.9440 -0.1646 -0.2860
vn -0.2256 -0.5805 0.7824
vn -0.2412 -0.5776 0.7799
vn -0.6200 -0.3225 0.7153
vn 0.7846 0.5556 0.2754
vn -0.3831 -0.1769 0.9066
vn -0.2119 -0.1572 0.9646
vn -0.4800 0.0028 0.8773
vn -0.5922 0.7637 0.2571
vn -0.6460 0.6992 -0.3063
vn -0.4771 0.5832 0.6575
vn -0.7534 0.6499 0.1001
vn -0.5481 0.7933 0.2652
vn -0.5652 0.7756 0.2809
vn -0.2707 0.9259 0.2635
vn -0.5068 0.8610 -0.0430
vn -0.3628 0.9234 -0.1252
vn -0.4213 0.8658 -0.2700
vn 0.3412 -0.5683 0.7488
vn -0.4694 0.6701 -0.5750
vn -0.3789 0.4514 -0.8079
vn -0.4632 0.4506 -0.7632
vn -0.4924 0.5344 -0.6870
vn -0.3660 0.7962 -0.4817
vn -0.7428 0.6559 -0.1346
vn -0.6474 0.7403 -0.1814
vn -0.6176 0.4909 -0.6145
vn -0.8399 0.0116 -0.5427
vn -0.7059 0.3655 -0.6067
vn -0.8078 0.3007 -0.5070
vn -0.8730 0.4128 -0.2597
vn -0.8883 0.4007 -0.2245
vn -0.8803 0.4728 -0.0384
vn -0.8716 0.3782 0.3118
vn -0.6777 0.4837 0.5539
vn -0.8513 -0.1446 0.5044
vn -0.6852 0.3806 0.6210
vn -0.4153 0.2820 0.8649
vn -0.9015 -0.0040 0.4328
vn -0.8990 -0.2548 0.3562
vn -0.6308 -0.5086 0.5860
vn -0.5922 -0.7915 0.1506
vn -0.6649 -0.7357 0.1291
vn -0.9770 -0.2128 0.0160
vn -0.9927 0.1052 -0.0593
vn -0.9923 -0.0253 -0.1211
vn -0.7362 -0.4444 -0.5104
vn -0.6915 0.6886 -0.2186
vn -0.7818 0.4152 -0.4653
vn -0.9507 0.1579 -0.2669
vn 0.9152 -0.3384 0.2188
vn -0.9521 0.3058 0.0053
vn -0.8631 0.4154 -0.2871
vn -0.7649 0.1625 -0.6233
vn -0.9753 0.1715 0.1392
vn -0.8466 0.5296 0.0532
vn -0.6850 -0.0930 -0.7225
vn -0.9867 -0.0678 0.1476
vn -0.9791 -0.1274 0.1583
vn -0.8163 0.2108 -0.5379
vn -0.9236 0.2499 0.2906
vn -0.8803 0.3594 0.3096
vn -0.6381 0.5682 0.5195
vn -0.5066 0.8458 0.1670
vn -0.8308 -0.2639 0.4900
vn -0.5944 0.5450 0.5913
vn -0.7153 0.2270 0.6609
vn -0.9601 0.1795 0.2144
vn -0.9848 -0.1738 0.0001
vn -0.9376 0.0494 0.3443
vn -0.9166 -0.2106 0.3397
vn -0.7598 -0.0958 0.6430
vn -0.7960 0.0054 0.6053
vn -0.8834 0.0683 0.4636
vn -0.5100 -0.7148 0.4785
vn -0.7822 -0.5957 0.1826
vn -0.7389 -0.4931 0.4592
vn -0.9112 -0.1470 0.3849
vn -0.9108 -0.4060 -0.0740
vn -0.8590 -0.3259 -0.3949
vn -0.8270 -0.3946 -0.4006
vn -0.7875 0.0184 -0.6161
vn -0.9271 0.1468 -0.3447
vn -0.9935 -0.1061 -0.0417
vn -0.7205 0.0464 -0.6919
vn -0.8032 0.0112 -0.5957
vn -0.6773 -0.0863 -0.7306
vn -0.5792 -0.6651 -0.4714
vn -0.7149 -0.6311 -0.3011
vn -0.8226 -0.4964 -0.2773
vn -0.6351 -0.7531 -0.1717
vn -0.6978 -0.3662 -0.6157
vn -0.5981 -0.5311 -0.6002
vn -0.7235 0.4664 -0.5089
vn -0.7757 0.2199 -0.5916
vn -0.7343 0.4873 -0.4726
vn -0.5389 0.7376 -0.4068
vn -0.2182 0.2377 0.9465
vn -0.5452 -0.1893 -0.8167
vn -0.4807 -0.4425 -0.7571
vn -0.4224 -0.8688 0.2582
vn -0.6225 -0.1282 0.7720
vn -0.6552 -0.2886 0.6981
vn -0.7092 -0.1348 0.6920
vn -0.5220 0.1313 0.8428
vn -0.6906 0.2556 0.6765
vn -0.5316 -0.2584 0.8066
vn -0.1006 0.4865 0.8679
vn -0.4070 0.3304 0.8516
vn -0.6829 0.2489 0.6868
vn -0.7082 -0.4378 0.5538
vn -0.6092 0.7617 0.2207
vn -0.6815 -0.5207 0.5142
vn -0.6429 0.3061 0.7022
vn -0.7676 -0.4921 0.4108
vn -0.8216 0.1017 0.5609
vn -0.7101 -0.0742 0.7002
vn -0.9565 -0.1204 0.2659
vn -0.8200 -0.3693 0.4372
vn -0.8030 0.2579 0.5372
vn -0.8530 0.3169 0.4148
vn -0.9392 -0.3410 0.0401
vn -0.5519 0.7053 -0.4449
vn -0.5469 0.7104 -0.4429
vn -0.8120 -0.5099 -0.2839
vn -0.8787 -0.4746 0.0517
vn -0.6884 0.6915 -0.2187
vn -0.6324 0.7617 -0.1411
vn -0.3963 -0.2194 0.8915
vn -0.7736 -0.5423 -0.3279
vn -0.9337 -0.3515 -0.0682
vn -0.9023 0.2262 -0.3671
vn -0.6223 0.2730 0.7337
vn -0.4471 0.1078 0.8880
vn -0.8823 0.4212 0.2098
vn -0.1688 -0.2343 0.9574
vn -0.8205 0.5485 0.1611
vn -0.8071 -0.1963 -0.5568
vn -0.7549 -0.0470 -0.6541
vn -0.7576 0.1139 -0.6427
vn -0.5181 -0.1845 0.8352
vn -0.4309 -0.4726 0.7688
vn 0.3699 -0.4972 0.7848
vn -0.5686 0.1909 0.8001
vn -0.4546 -0.4548 0.7659
vn -0.6000 -0.0679 0.7971
vn -0.8557 -0.2266 0.4653
vn -0.3013 0.7914 0.5318
vn 0.0696 -0.2638 0.9621
vn -0.3622 -0.6239 0.6925
vn -0.7788 -0.5635 0.2757
vn -0.6645 -0.7222 -0.1920
vn -0.5682 -0.7743 -0.2785
vn -0.6450 -0.7284 -0.2310
vn -0.3632 -0.2622 0.8940
vn -0.6458 -0.6621 -0.3803
vn -0.5404 0.8187 -0.1943
vn -0.6245 0.7487 -0.2225
vn -0.4581 0.8392 0.2931
vn -0.3849 -0.8220 -0.4198
vn -0.5502 -0.7669 -0.3305
vn -0.7627 -0.1341 0.6327
vn 0.6571 -0.7016 0.2758
vn -0.0193 -0.6861 0.7272
vn -0.4164 -0.7255 0.5480
vn -0.1269 -0.6660 0.7351
vn -0.2250 -0.5996 0.7680
vn -0.4863 -0.0974 -0.8683
vn 0.0888 0.6435 0.7603
vn -0.2739 0.7980 0.5368
vn -0.1902 0.8512 0.4892
vn 0.1406 0.8335 0.5343
vn -0.5430 0.7089 -0.4501
vn -0.0794 0.8643 0.4966
vn -0.1058 -0.7003 0.7059
vn -0.0599 -0.6663 0.7433
vn 0.1461 0.6524 0.7436
vn 0.0993 0.6629 0.7421
vn -0.1582 0.9528 -0.2593
vn 0.5130 0.7570 0.4048
vn -0.6986 0.6174 -0.3617
vn -0.7284 -0.1811 -0.6607
vn 0.1567 0.9672 -0.1997
vn 0.7327 -0.5658 0.3782
vn -0.1297 0.7902 0.5990
vn -0.4852 0.7917 -0.3713
vn -0.4784 0.7950 -0.3731
vn 0.2529 0.8572 -0.4485
vn 0.1528 0.9760 -0.1549
vn -0.5416 0.6439 -0.5404
vn -0.6324 0.5403 -0.5551
vn 0.2228 -0.6291 0.7447
vn 0.5661 -0.8017 0.1920
vn -0.4300 -0.3608 -0.8276
vn 0.0115 -0.4960 0.8683
vn 0.2883 0.2291 -0.9297
vn -0.2121 0.9381 0.2739
vn 0.9789 -0.1066 0.1745
vn -0.7771 0.1417 -0.6132
vn 0.4596 -0.1133 -0.8809
vn 0.0788 -0.9657 0.2475
vn -0.0877 0.8328 0.5466
vn 0.1932 -0.5277 0.8272
vn -0.1273 -0.8093 0.5735
vn -0.0870 -0.9725 0.2163
vn -0.0014 0.8928 0.4504
vn 0.0641 0.9038 0.4232
vn -0.0561 0.8302 0.5546
vn -0.0486 0.8710 -0.4889
vn 0.9593 -0.0789 0.2713
vn 0.5196 -0.8493 -0.0935
vn 0.6255 0.7245 0.2896
vn 0.7243 0.4386 -0.5320
vn 0.7389 -0.3420 0.5806
vn 0.8178 -0.0175 0.5752
vn 0.6628 0.5401 -0.5187
vn 0.8650 -0.1096 0.4896
vn 0.4364 -0.8179 0.3750
vn 0.5140 0.2988 0.8041
vn 0.7617 -0.5822 0.2844
vn 0.6063 -0.4060 0.6837
vn -0.7399 0.6513 -0.1681
vn 0.4753 -0.2286 0.8496
vn 0.5697 0.0596 0.8197
vn 0.6001 -0.1595 0.7838
vn 0.0154 -0.0938 0.9955
vn 0.0622 0.9508 -0.3035
vn -0.1556 0.9555 -0.2505
vn -0.1548 0.9553 -0.2519
vn -0.5568 0.4895 -0.6711
vn 0.3265 0.0695 0.9426
vn 0.2658 0.2513 0.9307
vn 0.1641 -0.4650 0.8699
vn 0.3923 -0.1865 0.9008
vn 0.2340 -0.2669 0.9349
vn 0.0501 0.0742 0.9960
vn 0.3815 0.1784 0.9070
vn -0.5454 0.2824 -0.7892
vn -0.9286 -0.0606 -0.3660
vn -0.5932 0.4564 -0.6631
vn -0.3701 0.4652 -0.8042
vn -0.4156 0.8730 -0.2551
vn -0.9008 0.2168 -0.3762
vn -0.0319 0.9625 -0.2692
vn -0.7939 0.5409 -0.2777
vn -0.6683 0.5895 -0.4537
vn 0.8620 -0.4584 0.2164
vn -0.7108 0.6759 -0.1948
vn 0.1672 0.4440 0.8803
vn -0.8637 0.4323 -0.2593
vn -0.8776 0.4191 -0.2328
vn -0.2824 0.7010 -0.6549
vn 0.4089 -0.8066 0.4269
vn 0.2569 -0.2260 0.9396
vn 0.0394 -0.5955 0.8024
vn 0.2632 -0.3160 0.9115
vn 0.6702 0.6111 0.4212
vn -0.9479 0.2827 0.1472
vn 0.5329 -0.2297 0.8144
vn -0.2147 0.0949 0.9721
vn 0.0505 -0.4878 0.8715
vn 0.0454 -0.2407 0.9695
vn 0.0427 -0.4824 0.8749
vn -0.0882 -0.5493 0.8309
vn -0.3529 -0.4623 0.8135
vn -0.3453 0.4469 0.8253
vn -0.0726 0.7264 0.6834
vn -0.1699 -0.1563 0.9730
vn -0.1251 0.7422 0.6584
vn -0.1602 0.4177 0.8944
vn -0.1603 -0.5115 0.8442
vn -0.0872 -0.4197 0.9035
vn -0.4879 0.2019 0.8492
vn -0.2203 0.5276 0.8204
vn -0.2380 0.0299 0.9708
vn -0.0869 0.2379 0.9674
vn 0.0219 0.2403 0.9705
vn -0.2346 -0.0886 0.9680
vn -0.6240 0.7796 -0.0533
vn -0.6959 0.6204 -0.3618
vn -0.6241 0.7796 -0.0522
vn -0.7124 0.6978 0.0744
vn -0.7279 -0.4514 0.5162
vn -0.9141 -0.0370 0.4039
vn -0.7162 -0.4358 0.5451
vn -0.8055 0.4544 0.3805
vn -0.8854 0.4313 -0.1732
vn -0.6887 0.7250 0.0071
vn 0.4107 0.3101 0.8574
vn 0.6251 -0.1990 0.7547
vn 0.6084 0.0067 0.7936
vn 0.4432 0.0379 0.8956
vn -0.2005 0.5992 -0.7751
vn -0.4983 -0.7117 -0.4952
vn 0.5002 -0.7087 0.4975
vn 0.5007 -0.4112 0.7617
vn -0.2693 0.8993 0.3445
vn -0.7127 0.4975 0.4944
vn -0.9109 -0.1274 0.3924
vn -0.5504 0.0387 0.8340
vn -0.6237 0.5040 0.5974
vn -0.7201 0.1487 0.6778
vn -0.8908 -0.2414 0.3849
vn -0.7365 0.0461 0.6748
vn -0.4395 0.8966 0.0534
vn -0.9234 -0.0947 0.3721
vn -0.9081 -0.2428 0.3413
vn -0.9427 -0.0898 0.3214
vn -0.5526 -0.5682 0.6098
vn -0.8662 -0.4516 -0.2137
vn -0.4772 0.3101 0.8223
vn -0.5388 0.6458 0.5410
vn 0.2469 0.9197 0.3052
vn -0.7831 0.4849 0.3893
vn -0.4342 -0.8811 0.1872
vn -0.6565 0.5127 0.5533
vn -0.3166 -0.8893 0.3300
vn -0.3045 0.8632 -0.4027
vn -0.4462 -0.7829 0.4335
vn -0.9232 0.2482 -0.2934
vn -0.4808 0.8764 -0.0289
vn -0.6932 0.5202 -0.4989
vn -0.4969 0.8429 -0.2065
vn -0.3734 0.8512 -0.3688
vn 0.2950 -0.2304 0.9273
vn -0.2444 -0.9526 0.1815
vn -0.2067 -0.9618 0.1795
vn -0.3892 -0.8033 0.4507
vn -0.6826 0.7022 0.2023
vn -0.4169 0.8202 0.3918
vn -0.3072 0.6589 0.6867
vn -0.1179 -0.4600 -0.8801
vn -0.1037 0.8472 0.5211
vn 0.2294 -0.7517 0.6183
vn 0.4784 0.1450 -0.8661
vn -0.1994 0.5210 0.8299
vn 0.1083 0.5455 0.8311
vn 0.0163 0.4813 0.8764
vn 0.0634 0.8151 0.5758
vn -0.1246 0.8653 0.4856
vn 0.2005 0.0081 0.9797
vn -0.3488 -0.0517 0.9358
vn -0.0989 -0.4042 0.9093
vn -0.0572 0.1556 0.9862
vn -0.0240 0.1319 0.9910
vn -0.0562 -0.1411 0.9884
vn 0.1561 -0.9005 0.4059
vn 0.1736 -0.7816 0.5991
vn -0.5529 0.3366 0.7622
vn -0.4852 -0.0027 0.8744
vn -0.1283 0.0542 0.9903
vn -0.5014 -0.0274 0.8648
vn -0.1716 -0.1425 0.9748
vn -0.3648 -0.2072 0.9078
vn -0.4342 -0.5063 0.7451
vn 0.7199 -0.3271 0.6122
vn -0.6942 -0.4804 0.5359
vn -0.6143 -0.5149 0.5979
vn -0.7019 -0.2325 0.6733
vn -0.4408 -0.1474 0.8854
vn -0.4000 0.3195 0.8590
vn -0.0642 0.1537 0.9860
vn -0.1945 -0.0317 0.9804
vn -0.4691 0.0789 0.8796
vn -0.4341 0.1035 0.8949
vn -0.1936 0.5089 0.8388
vn -0.7480 -0.1340 0.6500
vn -0.6116 0.3069 0.7292
vn -0.7723 0.3405 0.5363
vn -0.3700 0.2352 0.8988
vn -0.4660 0.6129 0.6382
vn -0.5427 0.3525 0.7624
vn -0.9133 0.3794 0.1480
vn -0.6890 0.0196 0.7245
vn -0.7715 0.6311 0.0802
vn -0.9730 0.1195 0.1976
vn -0.5506 -0.2433 0.7985
vn -0.3946 0.8048 0.4435
vn -0.9337 -0.2963 0.2009
vn -0.8964 -0.2480 0.3673
vn -0.1052 -0.4951 -0.8624
vn 0.2086 -0.0244 0.9777
vn -0.4657 -0.6515 0.5989
vn 0.4614 0.5019 0.7316
vn -0.9988 -0.0083 0.0484
vn -0.8921 -0.0210 0.4513
vn -0.1121 0.6449 0.7560
vn 0.0233 0.4252 0.9048
vn 0.0321 0.2756 0.9607
vn -0.3980 0.2454 0.8840
vn -0.2445 0.1742 0.9539
vn -0.5627 0.0843 0.8223
vn -0.3534 0.2772 0.8935
vn -0.6340 0.5341 0.5592
vn -0.4005 0.3219 0.8579
vn -0.0093 0.6492 0.7605
vn -0.3479 0.7874 0.5089
vn -0.5354 0.8055 0.2539
vn -0.3055 0.8888 0.3418
vn -0.4015 0.8308 0.3854
vn -0.8676 -0.0195 0.4968
vn -0.4467 0.5868 0.6754
vn -0.8665 0.3152 0.3870
vn -0.6564 0.3435 0.6717
vn -0.9022 0.2629 0.3420
vn -0.8984 0.4391 -0.0084
vn -0.7050 0.6964 -0.1343
vn -0.8715 0.4902 0.0080
vn -0.6661 0.6689 0.3299
vn -0.5551 0.8009 -0.2243
vn -0.5624 0.8268 -0.0075
vn -0.3737 0.9089 -0.1853
vn 0.0794 0.9965 0.0257
vn -0.9883 0.1296 -0.0805
vn 0.0026 0.9943 0.1062
vn -0.0742 0.9901 0.1190
vn -0.9123 0.2193 -0.3458
vn -0.9277 0.3732 0.0070
vn -0.7152 0.4562 0.5296
vn -0.9999 -0.0006 -0.0104
vn -0.0776 0.9427 -0.3246
vn -0.0513 0.9128 0.4052
vn -0.1890 0.9107 0.3674
vn -0.0300 0.7383 0.6738
vn -0.2121 0.6994 0.6826
vn -0.7326 0.4686 -0.4937
vn -0.0357 0.9074 0.4187
vn -0.3338 0.9376 0.0968
vn -0.7324 -0.6493 0.2051
vn -0.7046 -0.7084 0.0411
vn -0.8483 -0.5145 -0.1257
vn 0.2949 -0.4694 0.8323
vn 0.3870 -0.8123 0.4364
vn 0.0781 -0.7416 0.6663
vn -0.4270 -0.7179 0.5498
vn -0.6703 -0.3038 0.6770
vn -0.4230 -0.7401 0.5228
vn -0.0099 -0.8866 0.4625
vn 0.3467 -0.8261 0.4442
vn 0.2090 -0.9408 0.2668
vn 0.1516 -0.9540 0.2587
vn 0.1303 -0.9813 0.1418
vn 0.2415 -0.9468 0.2129
vn 0.4791 -0.8574 0.1881
vn -0.6055 -0.7569 0.2459
vn -0.9765 -0.0457 -0.2106
vn -0.5402 -0.7631 0.3548
vn -0.0046 0.1305 0.9914
vn 0.2798 0.2730 0.9204
vn -0.0790 0.4188 0.9046
vn -0.0581 -0.1460 0.9876
vn -0.2606 0.1841 0.9477
vn -0.2841 -0.1756 0.9426
vn -0.3318 -0.1831 0.9254
vn 0.3728 -0.5484 0.7485
vn -0.9519 -0.0651 0.2993
vn -0.7634 0.3321 0.5540
vn -0.9916 0.0085 0.1291
vn -0.8893 -0.4207 0.1796
vn -0.9073 -0.4120 0.0839
vn -0.8848 -0.4646 0.0366
vn -0.6992 -0.6193 0.3571
vn -0.3300 -0.6551 0.6797
vn -0.8662 -0.0152 0.4995
vn -0.6826 0.0515 0.7290
vn -0.5259 -0.1689 0.8336
vn -0.6155 0.2118 0.7591
vn -0.5500 -0.0797 0.8314
vn -0.4034 -0.1624 0.9005
vn -0.0775 -0.1791 0.9808
vn -0.3492 -0.4203 0.8375
vn -0.3884 -0.4675 0.7941
vn 0.1742 -0.0920 0.9804
vn 0.1098 -0.7310 0.6734
vn 0.2977 -0.2804 0.9126
vn 0.0833 -0.7762 0.6249
vn 0.0163 -0.5333 0.8458
vn -0.6335 0.6923 0.3455
vn -0.0952 0.4861 0.8687
vn 0.5418 0.1680 0.8236
vn -0.6360 0.6848 0.3557
vn -0.7704 0.4689 0.4319
vn 0.3996 -0.0876 0.9125
vn -0.4036 0.2506 -0.8799
vn 0.5121 0.1702 0.8419
vn -0.0919 -0.1821 0.9790
vn -0.0574 -0.2882 0.9558
vn 0.3198 0.3580 0.8772
vn 0.3535 0.2642 0.8974
vn 0.0409 0.0945 0.9947
vn 0.0451 0.0714 0.9964
vn -0.1996 0.2297 0.9526
vn -0.4360 -0.0860 0.8958
vn -0.3373 -0.3320 0.8809
vn -0.1792 0.3725 0.9106
vn -0.0236 0.4570 0.8892
vn -0.0052 0.5203 0.8540
vn -0.5578 0.3744 0.7407
vn -0.4185 0.5188 0.7454
vn -0.4504 -0.0030 0.8928
vn -0.6488 0.3684 0.6659
vn -0.6743 -0.2219 0.7043
vn -0.6141 -0.0636 0.7867
vn -0.8918 -0.0722 0.4466
vn 0.7041 0.1863 -0.6852
vn -0.7307 -0.2304 0.6426
vn -0.9167 0.2844 0.2808
vn -0.7778 0.3645 0.5120
vn -0.2489 0.7557 0.6057
vn -0.5317 0.7037 0.4713
vn -0.4492 0.6914 0.5659
vn -0.4316 0.4338 0.7910
vn -0.1040 0.7567 0.6455
vn 0.4350 0.1179 0.8927
vn -0.7392 -0.6180 0.2677
vn 0.6132 0.3432 0.7115
vn -0.4833 0.5305 0.6964
vn 0.7799 0.2619 0.5685
vn 0.1860 -0.1782 0.9663
vn -0.3993 0.1345 0.9069
vn -0.0433 0.6181 0.7849
vn -0.2234 0.7147 0.6628
vn -0.2357 0.5964 0.7673
vn -0.2041 0.5498 0.8100
vn 0.0120 -0.8995 -0.4367
vn 0.4475 -0.8636 -0.2325
vn 0.0557 0.9013 0.4297
vn -0.1704 0.6337 0.7546
vn -0.0491 0.5800 0.8131
vn 0.6379 0.2840 0.7159
vn 0.6367 0.2718 0.7216
vn 0.1131 -0.8447 0.5232
vn -0.9493 -0.2601 0.1765
vn -0.5591 -0.3319 0.7598
vn -0.4566 -0.8747 -0.1626
vn 0.2059 -0.7097 0.6737
vn -0.5282 -0.4269 0.7340
vn -0.8908 -0.4516 -0.0505
vn -0.8659 -0.4985 -0.0409
vn -0.6818 -0.6905 -0.2416
vn -0.7471 -0.5241 -0.4089
vn -0.9082 -0.4028 -0.1137
vn -0.8208 -0.4934 0.2879
vn -0.5982 -0.5278 0.6030
vn -0.3843 -0.7009 0.6008
vn -0.5753 -0.3248 0.7507
vn -0.4524 -0.3647 0.8138
vn -0.0741 -0.7229 0.6870
vn -0.3310 -0.6820 0.6522
vn 0.0845 -0.7824 0.6171
vn -0.8534 -0.0404 0.5197
vn -0.3349 -0.0509 0.9409
vn -0.6947 0.5554 0.4571
vn -0.2862 -0.0308 0.9577
vn 0.3685 -0.1827 0.9115
vn -0.0576 -0.3735 0.9258
vn -0.0786 -0.3873 0.9186
vn 0.1624 -0.4583 0.8738
vn -0.7949 0.4561 0.4002
vn -0.9328 -0.0068 0.3603
vn -0.7263 -0.4548 0.5153
vn -0.7412 -0.6225 0.2510
vn -0.5605 -0.8111 0.1672
vn -0.8269 -0.0542 0.5597
vn -0.9138 -0.4057 0.0195
vn -0.5309 -0.1148 0.8396
vn -0.5201 0.4027 0.7532
vn -0.7115 0.3639 0.6012
vn -0.4680 -0.4176 0.7788
vn -0.1914 -0.3617 0.9124
vn -0.3224 -0.5348 0.7811
vn 0.0587 -0.6099 0.7903
vn -0.3378 -0.2615 0.9042
vn -0.4211 0.1244 0.8984
vn -0.4504 -0.2712 0.8506
vn -0.2820 -0.0406 0.9586
vn -0.3122 0.1012 0.9446
vn -0.1764 -0.3907 0.9034
vn -0.1073 -0.1677 0.9800
vn -0.3612 0.5773 0.7323
vn -0.7204 -0.4248 0.5483
vn -0.0393 0.3338 0.9418
vn -0.0367 0.4448 0.8949
vn 0.2953 0.0130 0.9553
vn -0.5005 -0.7391 0.4508
vn 0.4097 0.5795 0.7045
vn 0.0957 0.5386 0.8371
vn 0.0982 0.5555 0.8257
vn -0.4066 -0.6563 0.6355
vn -0.5767 -0.5894 0.5657
vn -0.2081 -0.2635 0.9419
vn -0.6241 -0.2940 0.7240
vn -0.5058 -0.0083 0.8626
vn -0.3990 -0.4635 0.7912
vn -0.3887 -0.5033 0.7717
vn -0.1667 -0.6157 0.7701
vn 0.2693 -0.2045 0.9411
vn -0.1595 -0.7416 0.6516
vn -0.2498 -0.7942 0.5540
vn 0.1010 0.0780 0.9918
vn 0.1575 -0.2376 0.9585
vn -0.0734 -0.4141 0.9073
vn 0.3950 -0.5467 0.7383
vn 0.5159 -0.6922 0.5046
vn 0.4811 -0.2836 0.8295
vn 0.5405 -0.2218 0.8116
vn 0.3124 0.1290 0.9412
vn 0.5202 0.0085 0.8540
vn 0.6825 0.1330 0.7187
vn 0.3029 -0.8238 0.4792
vn -0.1512 -0.9671 0.2047
vn 0.2684 -0.9617 0.0553
vn 0.1736 -0.9692 0.1745
vn 0.2409 -0.9676 -0.0752
vn 0.0431 -0.9895 0.1379
vn -0.7959 0.0301 0.6047
vn -0.4069 -0.3403 0.8477
vn -0.4162 -0.0267 0.9089
vn 0.2310 0.8952 -0.3812
vn 0.4770 0.2832 0.8320
vn 0.6695 -0.4155 0.6158
vn -0.6061 -0.6150 0.5044
vn -0.1147 0.7235 0.6807
vn -0.1246 0.8225 0.5549
vn -0.5395 0.2650 0.7992
vn -0.1226 -0.8362 0.5345
vn 0.1854 -0.8029 0.5665
vn -0.6486 0.7487 0.1371
vn -0.8414 -0.4943 0.2184
vn -0.2293 0.7587 0.6098
vn -0.9133 -0.3513 0.2063
vn -0.9024 -0.2956 -0.3135
vn -0.9939 -0.0386 -0.1034
vn -0.9115 -0.0181 -0.4109
vn -0.9911 -0.1327 -0.0118
vn -0.9519 -0.2906 -0.0968
vn -0.4327 0.8568 0.2806
vn -0.5389 0.8419 0.0269
vn -0.4304 0.8597 0.2749
vn -0.3573 0.6219 0.6969
vn -0.2727 -0.6625 0.6977
vn -0.3381 -0.8789 0.3365
vn -0.1477 -0.9537 0.2619
vn -0.0957 -0.9749 0.2010
vn -0.0619 -0.9923 -0.1076
vn -0.2187 -0.9191 -0.3277
vn -0.1251 -0.9919 0.0207
vn -0.2989 -0.8992 -0.3195
vn -0.5689 -0.8224 0.0033
vn -0.4068 -0.9099 -0.0809
vn -0.3601 -0.3501 0.8647
vn -0.1263 -0.2610 0.9570
vn 0.4721 -0.3599 0.8048
vn 0.1635 -0.5093 0.8449
vn 0.1414 -0.4402 0.8867
vn -0.5748 0.1549 0.8035
vn 0.5179 -0.4515 0.7266
vn 0.3589 -0.5215 0.7741
vn -0.3719 -0.4672 0.8021
vn -0.8873 -0.4026 -0.2251
vn -0.3761 0.0627 0.9245
vn 0.2523 -0.2425 0.9368
vn 0.0636 -0.0879 0.9941
vn -0.5212 0.2875 0.8036
vn -0.2939 0.0542 0.9543
vn -0.3121 0.5312 0.7877
vn 0.2083 -0.2714 0.9397
vn 0.0855 -0.7067 0.7023
vn 0.1512 -0.9857 -0.0744
vn 0.1814 -0.9736 0.1384
vn 0.1753 -0.9816 0.0761
vn 0.2681 -0.9634 -0.0085
vn 0.0854 -0.8394 0.5367
vn 0.1940 -0.9737 0.1191
vn 0.3355 -0.9368 0.0992
vn -0.7810 -0.5843 -0.2204
vn -0.6395 -0.7519 -0.1600
vn 0.6771 0.3102 0.6674
vn 0.2478 0.5530 0.7955
vn 0.1223 -0.9900 -0.0697
vn -0.8200 -0.5462 -0.1709
vn -0.1043 0.3012 0.9478
vn 0.0651 -0.0350 0.9973
vn -0.2213 0.2880 -0.9317
vn -0.9125 0.0460 0.4064
vn 0.4789 -0.3657 0.7981
vn 0.4163 -0.4399 0.7958
vn 0.1786 -0.3547 0.9177
vn 0.5833 -0.1892 0.7899
vn -0.5099 -0.8559 -0.0863
vn -0.5503 -0.6176 -0.5619
vn -0.4620 -0.7727 -0.4353
vn -0.5584 -0.6302 -0.5395
vn 0.7615 -0.6370 -0.1196
vn -0.5524 0.1770 0.8146
vn 0.1788 -0.9785 0.1026
vn -0.9004 -0.2806 0.3324
vn -0.9283 -0.0133 0.3717
vn -0.9266 -0.3559 0.1216
vn -0.9092 0.0316 0.4151
vn -0.8669 -0.0054 0.4984
vn -0.7003 -0.1573 0.6963
vn -0.7721 -0.3742 0.5136
vn -0.2369 0.0732 0.9688
vn -0.2433 0.3007 0.9222
vn -0.9305 -0.2420 0.2751
vn -0.3586 -0.5910 0.7226
vn -0.5149 -0.6513 0.5574
vn -0.5169 -0.7189 0.4648
vn -0.6759 -0.4508 0.5830
vn -0.7019 -0.3599 0.6147
vn -0.7667 0.0084 0.6420
vn -0.9028 -0.2952 0.3126
vn -0.9174 -0.2398 0.3177
vn -0.9015 -0.2583 0.3473
vn -0.8902 -0.2884 0.3526
vn -0.7339 -0.6590 0.1648
vn -0.4531 -0.8677 0.2044
vn -0.7321 -0.5386 0.4170
vn -0.6763 -0.5033 -0.5379
vn -0.7927 -0.6093 -0.0195
vn -0.5880 -0.8030 0.0977
vn -0.6092 -0.7170 -0.3387
vn -0.8570 -0.2701 -0.4388
vn -0.8623 -0.4194 -0.2837
vn -0.8395 -0.5415 -0.0445
vn -0.6824 -0.4557 -0.5716
vn -0.2367 -0.9665 -0.0993
vn -0.6358 -0.5127 -0.5770
vn -0.5769 -0.4851 -0.6572
vn -0.7908 0.2520 0.5577
vn -0.9184 -0.3822 0.1026
vn -0.6651 -0.2816 -0.6917
vn 0.7955 -0.4502 -0.4055
vn -0.6198 -0.2476 -0.7447
vn -0.6627 -0.5454 -0.5132
vn 0.2397 -0.5184 0.8209
vn 0.3507 -0.2575 0.9004
vn 0.1084 -0.3561 0.9281
vn 0.4684 -0.7735 0.4270
vn 0.4683 -0.7727 0.4286
vn 0.1571 -0.7074 0.6892
vn 0.2080 -0.9051 -0.3709
vn 0.6574 -0.7535 0.0072
vn 0.2295 -0.7649 0.6019
vn -0.4483 -0.8143 0.3688
vn -0.4153 -0.7922 0.4472
vn -0.5230 -0.5246 0.6718
vn -0.4070 -0.3035 0.8615
vn -0.1315 -0.6878 0.7138
vn -0.1309 -0.7862 0.6040
vn -0.4295 -0.9025 0.0326
vn -0.3587 -0.9322 0.0489
vn -0.2658 -0.9309 0.2505
vn 0.2545 -0.7501 0.6105
vn -0.1772 -0.7576 0.6282
vn 0.0674 -0.9542 0.2914
vn -0.0033 -0.9363 0.3511
vn 0.3333 -0.9133 0.2339
vn 0.4240 -0.9032 0.0663
vn 0.2759 -0.9408 -0.1972
vn 0.2049 -0.9779 -0.0414
vn -0.4305 -0.8939 0.1245
vn -0.7892 -0.5861 0.1836
vn -0.9603 -0.2725 -0.0598
vn -0.8932 0.0648 0.4449
vn -0.9742 0.1938 -0.1154
vn -0.4359 -0.8094 -0.3934
vn -0.8408 -0.3809 0.3846
vn -0.9491 -0.0379 0.3128
vn -0.9631 0.2218 0.1523
vn -0.8289 -0.5556 0.0654
vn -0.5993 -0.7719 0.2123
vn -0.5403 -0.7633 0.3543
vn -0.6502 -0.4345 0.6232
vn -0.7804 -0.3896 0.4891
vn -0.8188 0.0959 0.5660
vn -0.6105 -0.2950 0.7350
vn -0.3577 0.0792 0.9305
vn -0.6738 -0.0317 0.7382
vn -0.6876 0.1814 0.7030
vn -0.7795 -0.0558 0.6239
vn -0.8528 0.1990 0.4829
vn -0.7527 0.2252 0.6186
vn -0.9857 -0.1076 0.1294
vn -0.3106 -0.8889 -0.3367
vn -0.7029 -0.0778 0.7071
vn -0.0757 -0.9951 -0.0629
vn -0.0602 -0.9452 0.3208
vn -0.1145 -0.9931 0.0258
vn -0.2667 -0.9625 -0.0485
vn -0.3881 -0.8325 0.3954
vn -0.3758 -0.8309 0.4102
vn -0.7015 -0.6746 0.2300
vn -0.4362 -0.8806 -0.1851
vn -0.4665 -0.7083 -0.5298
vn -0.3602 -0.8671 -0.3440
vn -0.9242 0.3579 -0.1333
vn -0.3280 -0.5681 -0.7548
vn -0.9469 -0.3202 -0.0305
vn -0.9313 0.3633 0.0247
vn -0.9106 0.3511 -0.2180
vn -0.8606 0.5091 0.0105
vn -0.0745 -0.8398 0.5378
vn -0.8894 -0.4156 -0.1901
vn -0.8066 0.5299 0.2620
vn -0.8855 0.3496 0.3061
vn -0.3487 -0.5227 -0.7779
vn -0.3248 -0.9454 -0.0264
vn -0.2530 -0.9301 0.2664
vn -0.2362 -0.8674 0.4380
vn -0.6190 0.6010 0.5055
vn -0.5005 -0.8562 -0.1282
vn -0.9391 0.1923 -0.2848
vn -0.5331 -0.3372 -0.7760
vn -0.7962 -0.0730 0.6006
vn -0.2719 -0.5329 0.8013
vn -0.7072 0.2475 -0.6623
vn -0.2814 -0.9364 -0.2097
vn -0.2629 -0.6217 -0.7378
vn -0.5826 -0.7356 -0.3456
vn -0.4154 -0.1337 0.8997
vn -0.6123 0.1072 0.7833
vn -0.2600 0.0413 -0.9647
vn -0.5687 0.4760 0.6709
vn 0.8293 -0.5588 -0.0023
vn -0.2477 -0.4760 0.8438
vn -0.7611 -0.3207 0.5638
vn -0.0283 0.5828 0.8121
vn -0.6123 -0.1859 0.7685
vn -0.8947 -0.2604 0.3630
vn -0.7725 -0.0582 0.6323
vn -0.5332 -0.2950 0.7929
vn -0.5077 -0.0298 0.8610
vn -0.6029 -0.1241 0.7881
vn -0.3955 -0.8870 -0.2383
vn -0.7697 -0.5179 -0.3733
vn -0.4558 -0.8473 0.2726
vn -0.6533 0.5787 0.4882
vn -0.7104 0.6169 0.3387
vn -0.7969 0.5516 0.2463
vn -0.5936 -0.7792 0.2012
vn -0.9168 -0.3987 0.0235
vn -0.7952 0.5491 0.2572
vn -0.9452 0.3232 0.0458
vn -0.9551 0.2821 0.0903
vn -0.9142 0.4037 0.0360
vn -0.8834 0.0623 0.4644
vn -0.9508 0.2907 -0.1068
vn -0.8080 -0.1857 -0.5591
vn -0.7454 0.4743 -0.4683
vn -0.8488 0.3436 -0.4018
vn -0.9899 -0.0303 -0.1387
vn -0.8880 0.3358 -0.3143
vn -0.9036 -0.1011 0.4164
vn -0.8541 0.0615 -0.5165
vn -0.9980 -0.0612 -0.0174
vn -0.8732 -0.3071 0.3784
vn -0.7141 -0.6601 0.2329
vn -0.5234 -0.8376 -0.1562
vn -0.8274 -0.5367 -0.1657
vn -0.8508 -0.5235 -0.0471
vn -0.8605 -0.2889 -0.4197
vn -0.9059 -0.1642 -0.3905
vn -0.6986 -0.6551 -0.2878
vn -0.5889 -0.6254 -0.5119
vn -0.3687 -0.3033 -0.8787
vn -0.5904 -0.6213 -0.5153
vn -0.4905 -0.6359 0.5958
vn -0.7170 0.4041 -0.5680
vn 0.8526 0.1923 0.4858
vn -0.7275 -0.1324 -0.6732
vn -0.8354 0.0608 -0.5462
vn -0.7983 -0.2971 -0.5240
vn -0.6171 -0.3118 0.7225
vn -0.7260 -0.1432 -0.6726
vn -0.9611 0.2476 0.1226
vn -0.9726 -0.2017 -0.1156
vn -0.9248 0.1347 0.3558
vn -0.9875 0.0927 -0.1274
vn -0.9324 -0.3556 0.0647
vn -0.8520 -0.1362 0.5054
vn -0.8424 -0.2891 0.4548
vn -0.8542 -0.3823 0.3523
vn -0.8289 0.2955 0.4750
vn -0.9447 0.2837 0.1647
vn -0.8482 0.4972 0.1826
vn -0.7069 -0.5686 0.4207
vn -0.4970 -0.8422 -0.2092
vn -0.4744 -0.8446 0.2483
vn -0.8717 -0.4893 -0.0256
vn -0.8270 -0.5620 0.0178
vn -0.7670 -0.6255 0.1427
vn -0.7661 -0.6036 -0.2207
vn -0.6058 -0.7229 -0.3324
vn -0.8525 -0.4694 -0.2299
vn -0.6921 -0.4690 -0.5487
vn -0.7686 -0.1819 -0.6133
vn -0.5672 -0.6447 -0.5126
vn -0.3793 -0.6696 -0.6386
vn -0.3776 0.1770 -0.9089
vn -0.5561 0.1811 -0.8112
vn -0.6287 0.2642 -0.7314
vn -0.3498 -0.6409 -0.6833
vn -0.4736 -0.0530 -0.8792
vn -0.4667 -0.3937 -0.7920
vn -0.5609 -0.1791 -0.8082
vn -0.6891 -0.4550 -0.5641
vn -0.6516 -0.2636 -0.7113
vn -0.8409 -0.1908 -0.5064
vn -0.9284 -0.0450 -0.3688
vn -0.9790 -0.1881 -0.0789
vn -0.7374 -0.6084 -0.2936
vn -0.8604 -0.4035 -0.3114
vn -0.7777 0.5084 -0.3698
vn -0.8756 0.4321 -0.2160
vn -0.9683 0.1386 -0.2077
vn -0.9323 0.0317 -0.3602
vn -0.7331 0.2169 -0.6446
vn -0.7404 0.2207 -0.6349
vn -0.5540 -0.6260 -0.5488
vn -0.5499 -0.6266 -0.5522
vn -0.5784 -0.7120 -0.3981
vn -0.5178 -0.8552 -0.0247
vn -0.7192 -0.6463 -0.2549
vn -0.7306 -0.6760 -0.0963
vn -0.4296 -0.8596 -0.2767
vn -0.8997 -0.3921 -0.1920
vn -0.8166 -0.4682 -0.3375
vn -0.7464 -0.4398 -0.4995
vn -0.3801 -0.4419 -0.8126
vn -0.0284 -0.6349 -0.7721
vn -0.0555 -0.6681 -0.7420
vn -0.2215 -0.8333 -0.5064
vn -0.2091 -0.5757 -0.7905
vn 0.1907 -0.7619 -0.6190
vn -0.3937 -0.6665 -0.6331
vn 0.1508 -0.9426 0.2979
vn 0.1597 -0.3155 -0.9354
vn 0.0139 -0.6348 -0.7726
vn -0.2484 0.4858 -0.8380
vn 0.2411 -0.6259 -0.7417
vn -0.1697 -0.4634 -0.8698
vn -0.2210 0.4643 -0.8577
vn -0.8464 0.5318 0.0261
vn -0.2759 -0.9048 -0.3243
vn -0.1963 -0.8905 -0.4104
vn -0.3439 -0.7826 0.5189
vn -0.3376 -0.8813 0.3305
vn -0.4208 -0.8274 0.3720
vn -0.2876 -0.9549 0.0742
vn -0.3634 -0.9316 0.0076
vn -0.6505 0.7583 -0.0414
vn -0.9704 -0.0227 -0.2406
vn -0.8695 0.4936 0.0203
vn -0.2794 -0.9292 0.2421
vn -0.9696 0.0864 -0.2287
vn -0.8999 0.4344 0.0384
vn -0.4613 0.1552 -0.8735
vn -0.8580 0.5114 -0.0469
vn -0.8055 0.5561 0.2046
vn -0.8152 0.4922 0.3054
vn -0.9939 0.1052 0.0328
vn 0.0121 -0.9887 -0.1496
vn -0.5693 -0.0986 -0.8162
vn -0.8462 0.4715 0.2482
vn -0.8025 0.5260 0.2815
vn -0.4442 -0.5766 0.6857
vn -0.4447 -0.5769 0.6852
vn -0.4703 -0.8796 0.0720
vn -0.5006 -0.7996 0.3318
vn -0.5506 -0.7958 0.2520
vn -0.7425 -0.6311 0.2248
vn -0.7816 -0.6229 -0.0340
vn -0.8651 -0.4116 0.2866
vn -0.7804 -0.5572 0.2836
vn -0.8403 -0.2932 0.4559
vn -0.8541 -0.0330 0.5191
vn -0.5758 -0.1817 0.7971
vn -0.8510 -0.0417 0.5234
vn -0.6058 -0.4268 0.6715
vn -0.5078 -0.1481 0.8486
vn -0.9529 -0.2697 0.1390
vn -0.9738 -0.1698 0.1510
vn -0.8160 0.0533 -0.5756
vn -0.7574 -0.3224 -0.5678
vn -0.5093 -0.2505 -0.8233
vn -0.8331 -0.1741 -0.5251
vn 0.7658 -0.0323 0.6423
vn -0.5426 0.0909 -0.8351
vn -0.3813 -0.0883 -0.9202
vn -0.9416 -0.1852 -0.2814
vn -0.9659 -0.0952 -0.2406
vn -0.9294 0.1230 -0.3480
vn -0.9972 -0.0719 -0.0181
vn -0.9230 0.3369 -0.1856
vn -0.5704 0.0416 -0.8203
vn -0.7549 0.3957 -0.5230
vn -0.4118 0.3969 -0.8203
vn -0.5059 0.2117 -0.8362
vn -0.6895 0.2362 -0.6846
vn -0.7657 0.3942 -0.5083
vn -0.8774 0.4163 -0.2384
vn -0.5017 0.5554 -0.6632
vn -0.6877 0.7235 -0.0596
vn -0.5961 0.6994 -0.3943
vn -0.5334 0.7308 -0.4261
vn -0.7759 0.6309 0.0059
vn -0.7895 0.6078 0.0858
vn -0.4059 0.8939 -0.1905
vn -0.8201 0.3697 0.4367
vn -0.9654 0.0793 0.2484
vn -0.9643 0.2645 -0.0146
vn -0.7294 0.3966 0.5574
vn -0.6901 0.5775 0.4362
vn -0.7742 0.2222 0.5926
vn -0.7653 0.2245 0.6032
vn -0.2753 0.6776 0.6820
vn -0.4645 0.1152 0.8781
vn -0.6640 0.6540 0.3624
vn -0.6682 0.6911 0.2754
vn -0.3641 0.9126 0.1858
vn -0.3737 0.9074 0.1920
vn -0.4514 0.8731 0.1843
vn -0.5016 0.7510 0.4294
vn -0.5376 0.8431 0.0119
vn -0.5228 0.8414 0.1371
vn -0.1364 0.5034 -0.8532
vn -0.8040 0.5878 0.0900
vn -0.3956 0.9099 -0.1249
vn -0.1499 0.9873 0.0518
vn -0.1280 0.9560 0.2640
vn 0.1551 0.7421 0.6521
vn -0.4804 0.3217 -0.8160
vn -0.2536 0.3638 -0.8963
vn -0.4393 0.8788 -0.1863
vn -0.5060 0.8326 -0.2255
vn -0.7931 0.0750 0.6044
vn 0.4454 -0.8931 0.0636
vn -0.8378 -0.4605 0.2932
vn -0.7514 -0.3673 0.5482
vn 0.5253 0.5182 -0.6749
vn -0.7474 -0.4487 0.4900
vn -0.7923 -0.6050 0.0789
vn -0.6804 -0.6551 0.3286
vn -0.9621 0.2724 -0.0097
vn -0.8431 -0.4650 0.2700
vn -0.6824 -0.7102 -0.1729
vn -0.6291 0.4449 0.6374
vn 0.6820 0.7107 0.1726
vn -0.2519 0.6002 -0.7592
vn -0.1017 0.6272 -0.7722
vn -0.0108 0.3557 -0.9345
vn -0.2569 0.3874 -0.8854
vn -0.4286 0.6002 0.6753
vn 0.0769 0.3029 -0.9499
vn 0.1671 -0.2350 -0.9575
vn -0.2507 0.5994 -0.7602
vn -0.6164 -0.1606 -0.7709
vn -0.1023 -0.1464 -0.9839
vn -0.3254 -0.7097 -0.6248
vn -0.2760 0.7770 -0.5657
vn -0.5787 0.0371 0.8147
vn -0.5440 0.4767 -0.6905
vn -0.5607 0.4711 0.6809
vn -0.5364 -0.2016 0.8195
vn -0.5550 0.4973 0.6669
vn -0.4257 0.2958 0.8552
vn -0.8577 0.4865 0.1661
vn -0.9794 0.0877 -0.1819
vn -0.0606 -0.9720 0.2271
vn -0.8462 0.4360 -0.3064
vn -0.8979 0.4039 -0.1753
vn -0.9104 0.0335 -0.4123
vn -0.8200 0.3197 -0.4748
vn 0.0323 -0.9860 -0.1639
vn 0.3002 -0.9031 -0.3071
vn -0.1664 -0.8995 -0.4040
vn -0.0298 -0.8260 -0.5629
vn -0.2546 -0.9518 -0.1711
vn -0.1531 -0.9716 0.1806
vn -0.1071 -0.9940 0.0202
vn -0.9742 -0.0688 0.2148
vn -0.9297 -0.1263 0.3459
vn -0.9891 -0.1465 -0.0146
vn -0.9893 -0.1439 -0.0254
vn -0.9417 0.2983 -0.1556
vn -0.1351 0.1751 -0.9752
vn -0.3070 -0.3547 -0.8831
vn -0.9302 -0.2719 -0.2464
vn -0.9509 0.2152 -0.2226
vn -0.5075 0.6825 -0.5260
vn -0.8773 -0.3434 -0.3354
vn 0.0145 -0.6983 -0.7157
vn 0.6628 0.7053 0.2516
vn -0.9384 -0.0873 0.3345
vn -0.1449 -0.8904 -0.4314
vn -0.9486 0.0015 0.3166
vn -0.9966 0.0696 0.0445
vn -0.8690 -0.4093 0.2780
vn 0.1035 -0.9809 -0.1646
vn -0.6899 -0.6516 0.3155
vn -0.9242 0.1830 0.3352
vn 0.7273 -0.2653 -0.6329
vn -0.0296 0.0379 -0.9988
vn 0.3481 0.2850 -0.8931
vn -0.8549 0.3994 -0.3312
vn 0.3421 0.0913 -0.9352
vn 0.2744 -0.7212 -0.6360
vn 0.5842 0.0740 -0.8082
vn -0.2300 -0.0952 -0.9685
vn 0.3548 0.2332 -0.9054
vn -0.3093 0.0989 -0.9458
vn 0.3189 -0.2900 -0.9023
vn -0.1600 0.0501 0.9858
vn -0.0154 -0.7988 -0.6014
vn -0.3135 0.4932 -0.8115
vn -0.8969 -0.4338 -0.0859
vn -0.4551 0.7655 0.4549
vn 0.3376 0.9356 -0.1035
vn -0.3344 0.7061 -0.6242
vn -0.2414 0.0677 -0.9680
vn -0.1041 -0.4653 -0.8790
vn 0.0620 -0.3124 -0.9479
vn -0.1018 -0.2258 -0.9689
vn -0.1594 -0.2676 -0.9503
vn -0.7192 -0.5840 0.3764
vn -0.8063 0.5846 -0.0903
vn 0.1865 -0.3831 -0.9047
vn 0.2964 0.7311 0.6145
vn -0.0571 0.4733 0.8791
vn 0.3345 0.7788 -0.5307
vn 0.0052 0.4269 -0.9043
vn 0.2737 0.7418 0.6123
vn -0.8760 0.4821 -0.0124
vn 0.5648 0.0033 -0.8252
vn -0.9214 -0.1036 0.3746
vn -0.9413 -0.0839 0.3271
vn -0.9233 -0.1178 0.3655
vn -0.6491 0.6597 -0.3789
vn -0.7948 -0.2278 -0.5625
vn 0.1742 0.1629 0.9712
vn -0.0643 0.4981 0.8648
vn -0.7237 -0.2011 0.6602
vn -0.7575 -0.2077 0.6189
vn 0.0081 -0.9090 0.4167
vn 0.7898 0.1737 0.5882
vn -0.5056 0.1516 -0.8494
vn 0.0287 -0.9961 0.0835
vn -0.6679 0.4168 -0.6166
vn -0.0131 -0.9999 -0.0035
vn -0.9481 0.2250 -0.2245
vn -0.8662 -0.3520 -0.3546
vn -0.7214 0.5958 -0.3531
vn -0.7843 -0.2896 0.5486
vn -0.6938 -0.6893 0.2086
vn -0.7467 -0.1991 0.6347
vn -0.7867 0.6170 -0.0205
vn -0.7060 0.4055 -0.5807
vn 0.1745 0.9381 -0.2993
vn 0.9047 -0.3710 0.2096
vn 0.3172 -0.8585 -0.4030
vn -0.0946 0.5966 0.7969
vn -0.3686 0.5652 -0.7381
vn 0.6739 0.7190 -0.1700
vn -0.8607 -0.1440 0.4883
vn 0.6867 -0.2130 0.6950
vn -0.7157 0.0027 0.6984
vn -0.8754 -0.1302 0.4655
vn -0.0328 0.8512 0.5238
vn 0.2316 0.6445 0.7287
vn -0.8788 0.3029 0.3687
vn -0.4669 0.8838 -0.0312
vn -0.1160 0.6033 0.7890
vn -0.8692 -0.4912 -0.0559
vn -0.9706 0.1030 0.2178
vn 0.4966 -0.4175 0.7610
vn 0.6209 0.5802 0.5271
vn 0.1351 0.4821 0.8657
vn -0.1228 0.9901 -0.0678
vn 0.2375 0.1794 0.9547
vn -0.0707 -0.5454 0.8352
vn -0.2069 0.8893 -0.4078
vn 0.0869 0.2702 -0.9589
vn 0.2041 0.1432 0.9684
vn 0.0744 -0.9799 0.1848
vn -0.0791 0.5265 0.8465
vn -0.8917 0.4095 0.1927
vn -0.8749 -0.0027 0.4843
vn -0.1422 -0.9581 0.2486
vn -0.9235 0.2250 0.3107
vn -0.7561 0.6500 -0.0759
vn -0.6772 -0.6828 0.2741
vn -0.7270 -0.6042 0.3262
vn 0.7209 0.6452 -0.2530
vn -0.3576 -0.2204 -0.9075
vn 0.0041 -0.5759 -0.8175
vn -0.2868 0.1516 -0.9459
vn -0.6006 -0.7869 0.1418
vn -0.6645 -0.6929 0.2799
vn -0.6395 -0.0663 0.7660
vn -0.6704 -0.4848 0.5617
vn -0.7836 0.3812 0.4907
vn -0.5816 -0.7451 0.3265
vn -0.1427 -0.0079 -0.9897
vn -0.8441 -0.4612 -0.2734
vn -0.9285 0.3154 0.1959
vn -0.6867 -0.6639 0.2961
vn -0.3462 -0.3803 -0.8576
vn -0.9149 -0.3938 0.0889
vn -0.8186 -0.4769 0.3200
vn -0.8263 -0.3851 0.4111
vn -0.6655 -0.6890 0.2871
vn -0.5780 -0.7700 -0.2703
vn 0.2017 -0.9630 -0.1786
vn -0.8226 -0.4902 -0.2883
vn -0.1073 -0.2574 -0.9603
vn 0.2235 -0.8244 -0.5200
vn -0.3379 0.2700 -0.9016
vn -0.4320 -0.9010 -0.0411
vn -0.5762 -0.8132 -0.0823
vn -0.7350 -0.6780 -0.0089
vn -0.3800 -0.8388 0.3898
vn -0.7200 -0.5522 -0.4203
vn -0.1297 0.7951 0.5924
vn 0.0336 -0.9209 0.3883
vn 0.1187 -0.9780 0.1713
vn -0.5928 -0.7950 0.1290
vn 0.4284 -0.5425 -0.7226
vn -0.5527 -0.5952 0.5833
vn -0.6853 -0.5593 0.4664
vn -0.7464 -0.4351 0.5036
vn -0.5029 -0.8463 0.1759
vn -0.0238 -0.9780 0.2072
vn -0.6970 0.2049 -0.6871
vn -0.6337 0.1960 -0.7483
vn -0.7249 0.3222 -0.6088
vn -0.7028 -0.4699 -0.5341
vn -0.3390 -0.4305 -0.8365
vn -0.5469 0.2524 -0.7982
vn 0.2946 -0.2795 -0.9138
vn -0.4069 -0.7782 0.4784
vn 0.9309 -0.3605 0.0587
vn -0.0629 -0.0969 -0.9933
vn -0.0639 -0.5601 -0.8259
vn -0.3635 -0.9316 0.0003
vn 0.2512 -0.5902 -0.7672
vn 0.2592 -0.5886 -0.7657
vn 0.1796 -0.7139 -0.6768
vn 0.5154 -0.8407 -0.1660
vn -0.5201 -0.6534 0.5501
vn -0.5153 -0.6794 0.5224
vn -0.7509 -0.5254 -0.4002
vn -0.4720 -0.6970 0.5399
vn 0.6151 -0.7641 -0.1943
vn 0.6382 -0.7201 -0.2724
vn -0.4725 -0.6723 0.5699
vn -0.8693 -0.4536 0.1964
vn -0.6443 -0.6800 0.3500
vn -0.6456 -0.7258 -0.2377
vn -0.2609 -0.2333 -0.9367
vn -0.3730 -0.8134 0.4464
vn -0.3722 -0.7629 0.5287
vn 0.2005 -0.8591 -0.4709
vn 0.2977 -0.9233 -0.2426
vn -0.6914 0.7007 0.1760
vn 0.3905 -0.7158 -0.5789
vn 0.1214 -0.7094 -0.6943
vn -0.1518 -0.6842 -0.7134
vn -0.0311 -0.9625 -0.2696
vn 0.1889 -0.8594 -0.4752
vn -0.1426 -0.9274 -0.3459
vn -0.1527 -0.8710 -0.4670
vn -0.5695 -0.7861 -0.2404
vn -0.4037 -0.6882 -0.6028
vn -0.6841 -0.1503 -0.7137
vn -0.6077 -0.4497 -0.6546
vn -0.6755 -0.7009 -0.2291
vn -0.8781 -0.3419 -0.3348
vn -0.8024 -0.0223 -0.5964
vn -0.8773 -0.0503 -0.4773
vn -0.6465 -0.7368 -0.1976
vn -0.9896 0.0530 -0.1335
vn -0.7010 -0.4621 -0.5433
vn -0.4528 -0.6147 -0.6458
vn -0.1827 -0.4331 -0.8826
vn -0.2910 -0.4146 -0.8622
vn -0.3913 -0.1639 -0.9056
vn -0.3181 -0.0854 -0.9442
vn -0.3105 -0.3849 -0.8692
vn -0.7278 -0.1662 -0.6653
vn -0.3024 -0.8937 0.3314
vn -0.0051 -0.9353 0.3539
vn -0.0538 -0.9064 0.4189
vn -0.3206 -0.9130 0.2522
vn -0.0975 -0.9374 0.3344
vn 0.0483 -0.8993 0.4347
vn -0.9018 -0.4133 -0.1265
vn -0.9876 -0.1202 -0.1007
vn 0.1315 -0.9608 0.2442
vn 0.0617 -0.9937 -0.0933
vn 0.3720 -0.9266 -0.0560
vn 0.1773 -0.9707 -0.1622
vn -0.3572 -0.9335 0.0295
vn 0.8529 0.4345 0.2895
vn -0.3744 -0.9265 0.0369
vn -0.2053 -0.9652 -0.1622
vn -0.0960 -0.2060 -0.9738
vn 0.0870 -0.9841 0.1551
vn 0.0973 -0.9921 -0.0789
vn 0.1840 -0.2617 -0.9475
vn -0.0100 -0.3659 -0.9306
vn 0.1411 -0.6144 -0.7763
vn -0.7642 -0.5050 -0.4012
vn -0.9605 -0.2783 0.0103
vn -0.9579 -0.2872 0.0059
vn -0.7503 -0.4412 0.4923
vn -0.7104 -0.5942 -0.3772
vn -0.7819 -0.6234 -0.0063
vn -0.7872 -0.5521 -0.2747
vn -0.6912 -0.7204 0.0568
vn -0.5926 -0.8052 -0.0229
vn -0.6519 -0.6533 -0.3849
vn -0.5425 -0.8230 -0.1685
vn -0.2051 -0.9574 -0.2033
vn -0.2056 -0.9572 -0.2039
vn -0.3295 -0.7193 -0.6116
vn -0.2874 -0.9534 0.0921
vn -0.3804 -0.9159 0.1279
vn -0.2135 -0.8271 -0.5200
vn -0.4841 -0.8027 0.3483
vn -0.3218 -0.6434 -0.6946
vn -0.3227 -0.0161 -0.9464
vn -0.5722 -0.2577 -0.7786
vn -0.5689 -0.2577 -0.7810
vn -0.6314 -0.3740 -0.6793
vn -0.6985 -0.3714 -0.6117
vn -0.8831 -0.4496 0.1344
vn -0.9232 -0.3235 -0.2076
vn -0.5673 -0.0085 -0.8235
vn -0.6387 0.0276 -0.7690
vn -0.7751 -0.4673 -0.4252
vn -0.7784 -0.4869 -0.3962
vn -0.7319 -0.1308 -0.6688
vn -0.8953 -0.0717 -0.4397
vn -0.4733 0.0779 -0.8775
vn -0.3164 -0.0789 -0.9453
vn 0.2452 0.4971 0.8323
vn -0.4532 0.7627 -0.4614
vn 0.1603 0.9412 0.2973
vn -0.0866 0.7969 -0.5978
vn 0.0249 -0.9156 -0.4012
vn -0.4981 -0.6833 -0.5338
vn 0.8334 0.0103 -0.5526
vn 0.6473 -0.2417 -0.7229
vn -0.7995 -0.4245 -0.4248
vn -0.2941 -0.5898 -0.7521
vn -0.8261 -0.0535 -0.5610
vn -0.7826 -0.0409 -0.6212
vn 0.2461 0.0948 -0.9646
vn 0.1735 0.7143 -0.6780
vn 0.1446 0.0278 -0.9891
vn 0.4304 0.4213 -0.7983
vn -0.4796 -0.7196 -0.5023
vn -0.9085 -0.2563 -0.3300
vn -0.7769 -0.0275 -0.6291
vn -0.7586 -0.6313 -0.1610
vn 0.9455 -0.3255 -0.0036
vn -0.5574 -0.7622 0.3294
vn -0.5741 -0.8066 -0.1409
vn -0.2801 -0.9471 -0.1566
vn -0.6317 -0.7450 -0.2145
vn -0.5929 -0.8050 -0.0224
vn -0.2203 0.0725 -0.9727
vn -0.3936 -0.9161 -0.0764
vn -0.5184 -0.8285 -0.2115
vn 0.6612 -0.6420 -0.3881
vn 0.7832 -0.4401 -0.4393
vn 0.4229 -0.7160 -0.5554
vn 0.6904 -0.4741 -0.5464
vn 0.6876 -0.4536 -0.5670
vn 0.4847 -0.3186 -0.8146
vn 0.6231 -0.4436 -0.6441
vn 0.5034 -0.2520 -0.8265
vn 0.6359 -0.2406 -0.7333
vn 0.2097 -0.4939 -0.8438
vn 0.2988 -0.5054 -0.8095
vn 0.4052 -0.7139 -0.5711
vn 0.4554 -0.7844 -0.4211
vn -0.0315 -0.9049 -0.4245
vn -0.1714 -0.9095 -0.3788
vn 0.0520 -0.8241 -0.5641
vn -0.0241 -0.6188 -0.7851
vn -0.0712 0.5106 -0.8569
vn -0.1464 -0.7687 -0.6226
vn 0.1471 0.2228 -0.9637
vn 0.6428 -0.7136 -0.2784
vn 0.2515 -0.6980 -0.6705
vn 0.0719 -0.9072 -0.4145
vn 0.1523 0.0386 -0.9876
vn 0.4272 0.4231 -0.7990
vn 0.3279 0.6183 -0.7143
vn 0.0229 0.4637 -0.8857
vn 0.0961 0.1369 -0.9859
vn 0.5215 0.1340 -0.8427
vn 0.4291 -0.1223 -0.8949
vn 0.3030 0.2863 -0.9090
vn 0.5675 -0.6660 -0.4842
vn 0.2042 0.5255 -0.8259
vn 0.5126 -0.1060 -0.8520
vn 0.5880 -0.3293 -0.7388
vn 0.4481 0.1952 -0.8724
vn 0.6080 0.1431 -0.7809
vn 0.7443 -0.0047 -0.6679
vn 0.6402 -0.3149 -0.7007
vn 0.7946 -0.2304 -0.5616
vn -0.5518 0.6222 -0.5553
vn 0.1525 -0.1135 -0.9818
vn 0.3627 0.0157 -0.9318
vn 0.3378 -0.1554 -0.9283
vn 0.1284 -0.4118 -0.9022
vn 0.2582 -0.3540 -0.8989
vn 0.0616 -0.5759 -0.8152
vn -0.1249 0.5876 0.7995
vn 0.2193 -0.6759 -0.7036
vn -0.5803 0.3811 -0.7197
vn 0.1859 -0.9318 -0.3118
vn 0.0061 -0.8896 -0.4567
vn 0.3079 -0.8094 -0.5001
vn 0.0699 0.0467 -0.9965
vn 0.0764 -0.2451 -0.9665
vn 0.5188 -0.6805 -0.5176
vn 0.2997 -0.4183 -0.8575
vn 0.4291 -0.4983 -0.7534
vn 0.4275 -0.5052 -0.7497
vn -0.6802 0.1246 -0.7224
vn -0.6866 0.1164 -0.7177
vn -0.6749 -0.2326 -0.7003
vn -0.8612 -0.2786 -0.4251
vn -0.8616 -0.2818 -0.4221
vn -0.6256 -0.5372 -0.5657
vn -0.5242 -0.7537 -0.3965
vn -0.6589 -0.2476 -0.7103
vn -0.6303 -0.5419 -0.5559
vn -0.1960 -0.3113 -0.9299
vn -0.3922 -0.0377 -0.9191
vn -0.2851 -0.4696 -0.8356
vn -0.4020 -0.1154 -0.9083
vn -0.5411 0.1122 -0.8335
vn -0.6274 0.1406 -0.7659
vn -0.7236 0.3665 -0.5848
vn -0.8099 -0.2462 -0.5324
vn -0.7178 0.3617 -0.5949
vn -0.2050 0.4993 -0.8418
vn -0.1318 0.5342 -0.8350
vn -0.4294 0.7182 -0.5475
vn -0.5210 -0.7334 -0.4367
vn -0.1561 0.3354 -0.9291
vn -0.5002 0.6391 -0.5842
vn -0.4599 0.4667 -0.7554
vn -0.4190 0.4953 -0.7610
vn -0.4085 0.5207 -0.7497
vn 0.8296 -0.2835 -0.4811
vn -0.7922 0.3255 0.5163
vn 0.8104 -0.3663 -0.4573
vn 0.4137 -0.5692 -0.7106
vn 0.7704 -0.4410 -0.4604
vn 0.5597 -0.8287 0.0054
vn 0.6537 -0.6953 -0.2987
vn -0.5559 -0.1084 -0.8241
vn 0.6522 -0.6956 -0.3013
vn 0.9765 -0.1536 -0.1512
vn 0.7412 -0.2360 -0.6285
vn 0.9447 0.2247 -0.2389
vn -0.4088 -0.2447 -0.8792
vn -0.3548 0.3300 -0.8748
vn -0.2640 -0.1210 -0.9569
vn -0.5655 -0.1080 -0.8176
vn -0.3580 -0.3489 -0.8661
vn -0.6427 -0.6156 -0.4560
vn -0.5417 -0.4050 -0.7366
vn 0.6240 0.1578 -0.7653
vn 0.5362 0.2110 -0.8173
vn -0.4682 -0.6804 -0.5638
vn -0.5855 -0.5929 -0.5528
vn -0.5997 -0.5863 -0.5447
vn -0.7200 -0.2426 -0.6501
vn -0.7283 -0.2533 -0.6367
vn -0.6414 -0.2831 -0.7131
vn -0.5554 -0.6084 -0.5668
vn -0.5113 -0.2687 -0.8163
vn -0.4470 0.0057 -0.8945
vn -0.3380 -0.5328 -0.7758
vn 0.5414 -0.8391 -0.0528
vn 0.4407 -0.8965 -0.0467
vn 0.1863 -0.9054 -0.3816
vn -0.3600 -0.2188 -0.9070
vn -0.0191 0.1065 -0.9941
vn 0.9459 -0.0943 -0.3105
vn 0.9590 -0.1964 -0.2044
vn -0.0129 0.5719 -0.8202
vn -0.1929 0.4592 -0.8671
vn -0.1582 -0.6936 -0.7028
vn -0.3382 -0.8468 -0.4105
vn -0.2871 -0.8728 -0.3947
vn 0.7962 -0.5903 -0.1323
vn 0.8418 -0.1917 -0.5046
vn -0.2576 -0.8472 -0.4647
vn 0.7779 -0.2155 -0.5902
vn -0.2657 0.0366 -0.9634
vn -0.3857 -0.6847 -0.6184
vn 0.3601 -0.8035 -0.4740
vn -0.5117 -0.4067 -0.7568
vn -0.2811 -0.5960 -0.7521
vn -0.4910 -0.4072 -0.7701
vn 0.7686 0.0983 -0.6321
vn 0.7697 -0.1641 -0.6169
vn 0.7478 0.0787 -0.6592
vn 0.6675 0.1701 -0.7249
vn 0.4391 0.1289 -0.8891
vn -0.5675 0.7039 -0.4272
vn 0.4341 0.4105 -0.8019
vn 0.0057 0.3980 -0.9173
vn 0.3175 0.2386 -0.9178
vn 0.3060 0.2379 -0.9218
vn -0.3137 -0.2331 0.9205
vn 0.0316 -0.0277 -0.9991
vn 0.4851 0.1054 -0.8681
vn 0.1060 -0.1822 -0.9775
vn 0.1876 -0.5105 -0.8392
vn -0.2054 0.2043 -0.9571
vn -0.1111 0.8085 -0.5780
vn 0.0036 0.4918 -0.8707
vn 0.1252 0.6195 -0.7750
vn 0.5537 0.4255 -0.7157
vn 0.5775 0.4837 -0.6577
vn 0.3099 0.8064 -0.5037
vn 0.1252 0.5995 -0.7905
vn -0.6909 0.0601 0.7205
vn 0.5956 -0.4263 -0.6808
vn 0.7041 -0.2110 -0.6781
vn 0.2954 -0.4072 -0.8643
vn 0.2631 0.0420 -0.9639
vn 0.4278 -0.1931 -0.8830
vn -0.1226 -0.3359 -0.9339
vn -0.0096 -0.9390 -0.3438
vn -0.1753 -0.5238 -0.8336
vn -0.0388 -0.9597 -0.2783
vn 0.6368 0.1997 -0.7447
vn 0.2978 0.3318 -0.8951
vn -0.0921 -0.3498 -0.9323
vn 0.5799 -0.7609 -0.2910
vn -0.0888 -0.4061 -0.9095
vn 0.4912 0.4644 -0.7369
vn 0.8829 0.2820 -0.3754
vn 0.6009 -0.7455 -0.2884
vn 0.5262 -0.0784 -0.8468
vn 0.5895 0.3367 -0.7342
vn 0.3301 0.2540 -0.9091
vn 0.3020 0.3363 -0.8920
vn 0.3785 -0.9189 0.1113
vn 0.2808 -0.9023 -0.3272
vn -0.0539 -0.9413 -0.3331
vn 0.2257 -0.7935 -0.5651
vn 0.3271 -0.7017 -0.6330
vn 0.5472 -0.7900 -0.2764
vn -0.1077 -0.8039 -0.5849
vn 0.5778 -0.5863 -0.5678
vn 0.1139 -0.4983 -0.8595
vn 0.1321 -0.7983 -0.5876
vn -0.2066 -0.6531 -0.7286
vn 0.0299 -0.7019 -0.7117
vn -0.2466 -0.1364 -0.9595
vn -0.4347 -0.1288 -0.8913
vn -0.7376 -0.1855 -0.6492
vn -0.7699 -0.1588 -0.6181
vn -0.3994 -0.0825 -0.9130
vn -0.1698 -0.8988 -0.4042
vn -0.5182 -0.4168 -0.7468
vn -0.5237 -0.6905 -0.4989
vn -0.3740 -0.7649 -0.5245
vn -0.5713 -0.5945 -0.5659
vn -0.3512 0.9191 0.1788
vn -0.4261 -0.7480 -0.5088
vn -0.5126 -0.7286 -0.4543
vn -0.9755 0.2148 -0.0483
vn -0.6846 -0.6999 -0.2038
vn -0.8436 -0.5243 -0.1158
vn -0.6818 -0.7305 0.0386
vn -0.4042 0.8928 0.1987
vn -0.7395 0.0145 0.6730
vn -0.8397 0.4804 0.2532
vn -0.7023 -0.2178 0.6777
vn -0.6310 -0.3061 0.7129
vn -0.5324 -0.3143 0.7860
vn -0.6964 -0.4462 0.5621
vn -0.8722 0.0823 0.4821
vn -0.9674 -0.2494 -0.0447
vn -0.7038 -0.3639 0.6101
vn -0.7954 -0.4664 0.3869
vn -0.8997 -0.2232 0.3751
vn -0.8526 -0.5226 0.0075
vn -0.7983 -0.5267 0.2921
vn 0.8396 0.4540 -0.2984
vn -0.7165 0.4906 -0.4959
vn -0.7070 0.6407 -0.2995
vn -0.9038 0.0748 -0.4213
vn -0.9586 0.2232 -0.1767
vn -0.7554 0.3196 -0.5720
vn -0.7505 -0.2158 0.6246
vn -0.6053 -0.7192 0.3411
vn -0.9234 -0.3296 0.1964
vn -0.6230 -0.2823 0.7295
vn -0.6786 -0.1724 0.7140
vn 0.7792 -0.6125 0.1330
vn -0.8760 0.4696 -0.1102
vn -0.6879 0.6869 -0.2345
vn -0.4826 0.6980 -0.5291
vn -0.3208 0.5943 -0.7375
vn -0.3564 0.4927 -0.7938
vn -0.2157 0.2085 -0.9539
vn -0.8235 -0.3716 -0.4287
vn -0.5893 0.1111 -0.8002
vn -0.4746 0.0330 -0.8796
vn -0.5440 0.3841 -0.7460
vn -0.7246 0.0616 -0.6864
vn -0.1534 -0.6055 -0.7809
vn -0.1076 -0.6699 -0.7346
vn -0.1350 0.3071 -0.9421
vn -0.0368 -0.2507 -0.9674
vn -0.9131 0.3838 -0.1374
vn -0.8752 0.3516 -0.3323
vn -0.9528 0.3027 -0.0238
vn -0.9527 0.3003 -0.0464
vn 0.3426 -0.3745 -0.8616
vn -0.5806 -0.3578 -0.7314
vn 0.9923 0.1047 0.0656
vn -0.1552 -0.6047 -0.7811
vn -0.3309 -0.4464 -0.8314
vn -0.2038 -0.5246 -0.8266
vn -0.7022 -0.5298 -0.4756
vn -0.5698 -0.4557 -0.6839
vn -0.5592 -0.4621 -0.6883
vn -0.6500 -0.6589 -0.3786
vn -0.8764 -0.4263 -0.2239
vn -0.8009 -0.5826 0.1380
vn -0.8636 -0.4648 -0.1956
vn -0.5496 -0.8352 -0.0186
vn -0.6720 -0.6983 -0.2466
vn -0.6653 -0.7431 -0.0724
vn -0.5901 0.8002 -0.1069
vn -0.4063 -0.8179 -0.4074
vn -0.3073 -0.7731 -0.5548
vn -0.3012 -0.7733 -0.5579
vn -0.0647 -0.9291 -0.3641
vn -0.9961 -0.0409 0.0782
vn 0.0226 -0.9333 -0.3584
vn -0.0604 -0.9161 -0.3965
vn 0.0022 -0.9607 -0.2775
vn -0.0062 -0.9604 -0.2785
vn -0.3482 -0.8892 -0.2968
vn -0.4552 -0.7517 -0.4771
vn -0.2667 0.1208 -0.9562
vn -0.1672 0.0169 -0.9858
vn 0.0774 0.2974 -0.9516
vn 0.4160 0.0914 -0.9048
vn -0.9036 -0.2116 0.3725
vn -0.8938 -0.3071 0.3267
vn -0.9971 -0.0502 0.0574
vn -0.9981 0.0064 -0.0613
vn -0.8691 -0.4944 -0.0147
vn -0.8692 -0.4937 -0.0263
vn -0.8267 -0.3546 -0.4368
vn -0.9325 0.1051 -0.3456
vn -0.9823 -0.0334 -0.1842
vn -0.9739 -0.1037 -0.2020
vn -0.3812 -0.1413 -0.9136
vn -0.6555 0.2153 -0.7238
vn -0.6696 0.2306 -0.7060
vn -0.7422 0.2063 -0.6377
vn -0.5522 0.4759 -0.6845
vn -0.2652 0.2573 -0.9292
vn 0.2428 -0.3900 0.8882
vn -0.2552 -0.2233 -0.9408
vn 0.0593 0.4360 -0.8980
vn -0.1967 -0.2062 -0.9585
vn -0.0792 0.3021 -0.9500
vn -0.2222 0.2466 -0.9433
vn -0.1495 -0.1268 -0.9806
vn -0.3706 -0.9031 -0.2167
vn -0.4023 -0.7260 -0.5577
vn -0.3344 -0.8236 -0.4581
vn -0.5463 0.2830 -0.7883
vn -0.4374 0.3576 -0.8251
vn -0.6016 -0.7924 -0.1006
vn -0.7534 0.5656 -0.3354
vn -0.8364 -0.0777 -0.5426
vn -0.7430 0.5746 -0.3433
vn -0.5727 0.5690 -0.5902
vn -0.4919 0.5551 -0.6708
vn -0.7125 0.6165 -0.3350
vn -0.5769 0.8162 -0.0334
vn -0.5631 0.8173 -0.1218
vn -0.9030 0.3984 -0.1611
vn -0.9268 -0.1539 0.3425
vn -0.6649 0.6711 0.3279
vn -0.8479 0.5276 0.0518
vn -0.7363 0.6588 -0.1544
vn -0.7846 0.6169 0.0622
vn -0.9547 0.2794 0.1026
vn -0.9379 -0.0275 0.3458
vn -0.8635 0.3656 -0.3474
vn -0.9216 -0.1060 -0.3735
vn -0.9062 0.0069 -0.4228
vn -0.9191 -0.3821 0.0963
vn -0.7617 -0.5261 -0.3781
vn -0.9711 0.0825 -0.2238
vn -0.9321 -0.3532 -0.0801
vn -0.9955 0.0646 -0.0692
vn -0.9533 -0.0460 0.2985
vn -0.9388 -0.2830 0.1964
vn -0.9729 -0.2314 -0.0018
vn -0.9973 0.0485 -0.0547
vn -0.8728 -0.4188 0.2508
vn -0.8483 -0.5001 0.1741
vn -0.5392 -0.8284 0.1518
vn 0.4650 0.8852 0.0156
vn -0.8561 -0.5112 0.0753
vn -0.7187 -0.6903 -0.0835
vn -0.2831 -0.9120 -0.2967
vn -0.8544 -0.0354 -0.5185
vn -0.6396 -0.4336 -0.6348
vn -0.8890 -0.0104 -0.4578
vn -0.8921 0.2485 -0.3773
vn -0.7790 0.4018 -0.4814
vn -0.7539 -0.5377 -0.3775
vn -0.6066 -0.4385 -0.6632
vn -0.6212 -0.4530 -0.6395
vn -0.7602 -0.6367 -0.1291
vn -0.6417 0.7303 -0.2343
vn -0.3481 0.5923 -0.7267
vn -0.4031 -0.6666 -0.6270
vn -0.1993 -0.9153 -0.3501
vn -0.5053 -0.7924 -0.3417
vn -0.5200 -0.7881 -0.3294
vn -0.3330 -0.6771 -0.6563
vn 0.0103 -0.8361 -0.5485
vn -0.2469 -0.8697 -0.4273
vn -0.5761 0.5388 -0.6147
vn -0.6837 -0.6353 -0.3591
vn -0.2902 0.2040 -0.9350
vn -0.5783 0.3730 -0.7256
vn -0.3582 -0.9102 -0.2079
vn -0.6173 -0.7344 -0.2821
vn -0.0690 0.3684 -0.9271
vn -0.2555 0.4646 -0.8479
vn -0.2160 -0.3238 -0.9211
vn -0.2758 -0.0348 -0.9606
vn -0.1217 -0.8384 -0.5314
vn -0.0525 -0.2160 -0.9750
vn -0.3087 -0.4574 -0.8339
vn -0.1230 -0.8208 -0.5578
vn -0.5069 0.2003 -0.8384
vn -0.7246 -0.5481 -0.4177
vn -0.2173 -0.8384 -0.4999
vn -0.1632 -0.9770 0.1375
vn -0.7910 0.0269 -0.6113
vn -0.5728 -0.1191 -0.8110
vn -0.4914 -0.6784 -0.5462
vn -0.4402 -0.5377 -0.7191
vn -0.7705 -0.5191 -0.3700
vn -0.7729 -0.5139 -0.3722
vn -0.7158 -0.6909 -0.1012
vn -0.6126 0.3894 0.6879
vn 0.7153 -0.1047 0.6909
vn 0.2406 -0.4343 -0.8680
vn -0.6121 0.4075 -0.6777
vn -0.6388 -0.7138 -0.2872
vn -0.7613 -0.3949 0.5142
vn -0.7725 -0.5771 0.2648
vn 0.1165 -0.9810 0.1551
vn 0.3371 -0.8354 0.4342
vn 0.4668 -0.8664 0.1775
vn -0.8783 -0.1633 -0.4494
vn -0.2244 0.8669 -0.4452
vn 0.1288 -0.2126 0.9686
vn 0.1659 -0.1955 0.9666
vn -0.6824 0.1743 0.7099
vn 0.1004 0.4308 0.8969
vn -0.6215 -0.7252 -0.2963
vn 0.3604 -0.3142 0.8783
vn 0.0602 -0.7900 0.6102
vn -0.3846 -0.0577 0.9213
vn 0.8762 -0.4374 0.2024
vn 0.5828 0.7778 0.2355
vn 0.8757 0.3525 -0.3301
vn 0.5622 -0.4280 0.7076
vn 0.1324 -0.5853 0.8000
vn 0.7186 -0.1348 0.6822
vn 0.2936 -0.6116 0.7347
vn 0.3360 -0.0284 0.9414
vn -0.6899 0.0712 0.7204
vn 0.9163 0.3740 -0.1430
vn 0.5579 -0.3721 0.7419
vn 0.3688 -0.8282 0.4220
vn 0.4741 -0.2533 0.8433
vn 0.6602 -0.6198 0.4243
vn 0.8919 -0.4468 -0.0696
vn 0.8095 0.3794 0.4481
vn 0.8077 0.3817 0.4493
vn 0.0499 -0.0175 0.9986
vn 0.9504 0.2137 0.2258
vn 0.9237 0.3590 -0.1335
vn 0.8611 0.0500 -0.5060
vn 0.3185 -0.9127 0.2561
vn 0.9077 -0.3405 0.2451
vn 0.8980 -0.4122 0.1538
vn 0.8335 -0.3509 0.4268
vn -0.4683 -0.4827 0.7401
vn -0.3530 0.8297 0.4324
vn 0.0910 -0.2900 0.9527
vn -0.6630 0.3188 -0.6773
vn -0.9478 -0.3082 0.0821
vn -0.7194 -0.6662 0.1968
vn -0.8378 -0.5453 0.0257
vn -0.6467 -0.7414 -0.1793
vn 0.3692 -0.3012 0.8792
vn 0.1745 -0.3717 -0.9118
vn -0.7546 0.3891 -0.5285
vn -0.7904 -0.3303 -0.5160
vn -0.0471 -0.3948 -0.9176
vn 0.0470 0.9156 0.3993
vn -0.2067 0.9542 0.2164
vn 0.1636 0.9679 0.1906
vn -0.6007 0.1010 0.7931
vn -0.7937 -0.5604 0.2365
vn -0.8202 -0.5719 0.0146
vn -0.5484 -0.8353 -0.0381
vn -0.5163 -0.8011 0.3027
vn -0.2862 0.9321 0.2221
vn -0.2198 0.9415 0.2555
vn -0.4361 -0.6726 0.5979
vn 0.4194 0.7759 -0.4712
vn -0.4801 0.6256 0.6149
vn 0.0176 0.9934 -0.1131
vn 0.3163 0.5318 -0.7856
vn 0.5570 0.0345 -0.8298
vn 0.5696 0.7444 -0.3485
vn 0.7932 0.2997 -0.5301
vn 0.0735 -0.6110 -0.7882
vn -0.2330 0.9592 0.1600
vn 0.1851 0.9660 -0.1806
vn 0.1411 0.9371 0.3191
vn 0.7221 -0.0500 -0.6900
vn 0.0701 -0.6123 -0.7875
vn -0.6068 0.6896 -0.3954
vn -0.3474 0.9363 0.0507
vn -0.6230 0.3479 -0.7006
vn 0.6011 -0.4266 -0.6758
vn -0.6118 -0.7331 -0.2973
vn -0.5888 0.1184 0.7996
vn 0.9327 0.1344 -0.3346
vn -0.5649 0.5940 0.5728
vn -0.4171 0.0673 -0.9063
vn -0.3304 0.4980 -0.8018
vn -0.3513 0.5415 -0.7638
vn -0.7940 0.1277 -0.5944
vn 0.1299 0.9665 -0.2215
vn -0.7061 0.0295 0.7075
vn -0.6003 0.5098 0.6163
vn -0.6549 -0.4982 0.5682
vn -0.6317 -0.5258 0.5697
vn -0.6618 -0.5098 0.5497
vn -0.6705 -0.3521 0.6530
vn -0.7838 -0.2915 0.5484
vn 0.0049 -0.6294 -0.7770
vn -0.3661 -0.7934 -0.4864
vn 0.0006 -0.6272 -0.7788
vn -0.1059 -0.9777 -0.1813
vn -0.2651 -0.8208 -0.5059
vn 0.4675 -0.7511 -0.4661
vn 0.5146 -0.6572 -0.5507
vn 0.1213 -0.6623 -0.7393
vn -0.8973 0.2683 -0.3506
vn -0.2886 -0.5258 -0.8001
vn -0.2533 -0.6147 -0.7470
vn -0.3845 -0.5919 -0.7084
vn -0.0528 -0.7506 -0.6587
vn -0.3865 -0.5897 -0.7091
vn -0.1443 -0.2838 -0.9480
vn -0.1689 -0.2894 -0.9422
vn -0.4335 -0.3881 -0.8133
vn 0.2359 0.8720 0.4289
vn 0.6080 0.7316 0.3083
vn 0.6467 0.7521 0.1271
vn 0.5940 0.7998 0.0869
vn 0.4981 0.8633 -0.0813
vn 0.8711 0.4884 -0.0517
vn 0.8420 0.4823 0.2417
vn 0.8227 0.5672 -0.0378
vn 0.7674 0.6322 0.1067
vn 0.8235 0.4195 0.3818
vn 0.2046 0.9311 -0.3018
vn 0.8106 0.5427 -0.2200
vn 0.8504 0.5257 0.0213
vn 0.2305 0.6645 0.7108
vn 0.5309 0.7621 -0.3706
vn 0.5015 0.8276 0.2521
vn 0.6648 0.6824 -0.3039
vn 0.5886 0.4429 0.6763
vn 0.4264 -0.4689 -0.7735
vn -0.4781 0.3409 -0.8094
vn -0.2715 0.9423 0.1957
vn 0.1588 0.9306 0.3297
vn 0.5123 0.8226 -0.2466
vn 0.5205 0.8175 -0.2464
vn 0.7229 0.6802 0.1214
vn 0.4522 0.8631 -0.2250
vn -0.7332 0.0098 0.6800
vn 0.8113 0.5125 -0.2812
vn 0.4151 0.8979 -0.1467
vn -0.0369 0.3153 0.9483
vn 0.0888 0.9624 -0.2568
vn 0.6694 0.5364 -0.5139
vn 0.5199 0.8046 -0.2869
vn -0.0935 0.3005 0.9492
vn 0.6765 0.6799 -0.2828
vn 0.6675 0.7148 -0.2085
vn 0.4975 0.8104 -0.3096
vn 0.7061 0.6251 -0.3325
vn 0.5590 0.3446 0.7542
vn -0.2042 -0.3567 0.9116
vn 0.4275 0.2011 0.8813
vn 0.7168 0.4671 0.5177
vn 0.0009 -0.6680 0.7441
vn -0.5495 0.8301 -0.0943
vn -0.7850 0.5893 -0.1910
vn -0.7123 0.6970 -0.0826
vn -0.1179 0.8190 -0.5615
vn -0.3370 0.7690 -0.5432
vn -0.5337 0.7735 -0.3418
vn -0.5638 0.5022 -0.6557
vn 0.7199 -0.5396 0.4365
vn -0.8223 0.5618 -0.0901
vn -0.9330 0.1538 -0.3252
vn -0.8006 0.5985 -0.0299
vn -0.4999 0.4542 -0.7374
vn 0.8554 0.2152 -0.4712
vn 0.6841 0.6388 -0.3521
vn 0.6419 0.7454 -0.1800
vn 0.8032 0.5109 -0.3063
vn 0.7869 0.5369 -0.3043
vn 0.7005 0.4750 0.5327
vn 0.4498 0.5395 0.7118
vn 0.6803 0.4656 0.5661
vn 0.3096 0.2891 0.9059
vn 0.3873 0.7964 0.4645
vn 0.6764 0.5453 0.4950
vn 0.4617 0.8431 -0.2757
vn 0.2706 0.9072 -0.3221
vn 0.4472 0.5208 -0.7272
vn -0.6433 0.6450 -0.4125
vn -0.3926 0.9197 0.0018
vn 0.5100 0.4743 0.7176
vn 0.3929 0.8168 0.4224
vn 0.1821 0.1331 0.9742
vn 0.1570 0.9591 -0.2357
vn 0.2380 0.9627 0.1285
vn 0.0757 0.9498 0.3035
vn 0.1013 0.9295 0.3546
vn -0.1860 0.9794 0.0790
vn 0.1793 0.9608 -0.2115
vn 0.5857 0.7940 0.1628
vn -0.1851 0.8901 -0.4165
vn 0.6774 0.4162 0.6065
vn 0.3752 0.4498 -0.8105
vn 0.7874 -0.6089 0.0965
vn -0.1926 0.5181 0.8333
vn 0.8318 -0.0590 -0.5519
vn 0.9843 -0.0982 0.1468
vn 0.8003 -0.5752 -0.1696
vn 0.7114 -0.5689 0.4126
vn 0.9778 -0.1489 0.1474
vn -0.3632 -0.8943 -0.2615
vn 0.2528 -0.9530 -0.1673
vn -0.6690 0.7376 -0.0919
vn -0.3203 -0.9272 0.1944
vn -0.2653 -0.9625 -0.0572
vn -0.9117 -0.4028 0.0815
vn -0.2743 -0.9480 0.1613
vn 0.2081 -0.8275 0.5215
vn 0.2272 -0.9701 0.0854
vn 0.1436 -0.9720 0.1860
vn 0.2097 0.5894 -0.7802
vn 0.6668 0.4586 0.5874
vn 0.6620 0.4626 0.5897
vn 0.7977 0.3754 0.4719
vn 0.9971 -0.0362 -0.0672
vn 0.9835 -0.1521 0.0982
vn 0.8547 0.0018 0.5191
vn -0.5933 -0.0361 0.8041
vn -0.5154 0.1649 0.8409
vn -0.6591 -0.5495 0.5134
vn -0.9856 -0.1087 0.1292
vn -0.7569 -0.3041 0.5785
vn -0.6800 0.0649 0.7303
vn -0.6871 -0.2633 0.6771
vn -0.7291 -0.3166 0.6068
vn 0.6974 0.3307 0.6359
vn -0.3688 -0.6965 -0.6155
vn 0.5350 0.7940 0.2886
vn 0.0332 -0.0650 0.9973
vn 0.3973 -0.1599 0.9037
vn 0.3949 -0.2112 0.8941
vn -0.0181 -0.4461 0.8948
vn 0.0150 -0.6980 -0.7159
vn -0.5153 0.0194 -0.8568
vn -0.4669 0.0571 -0.8825
vn -0.9771 -0.0238 -0.2114
vn -0.9497 -0.0615 -0.3070
vn -0.7009 0.1874 -0.6882
vn -0.5511 0.5553 -0.6229
vn 0.9783 0.2059 0.0221
vn 0.7992 -0.5875 -0.1265
vn 0.9583 -0.2489 -0.1404
vn -0.4517 -0.1882 -0.8721
vn -0.5277 -0.6205 -0.5801
vn -0.6025 -0.3887 -0.6971
vn 0.7918 -0.5054 0.3428
vn 0.9299 -0.1378 0.3412
vn 0.6569 -0.2715 0.7034
vn 0.6442 0.0428 -0.7636
vn 0.5580 0.2249 -0.7988
vn 0.8129 -0.0328 -0.5815
vn 0.2187 0.4733 0.8533
vn 0.7118 -0.6758 -0.1913
vn -0.1666 -0.6754 -0.7184
vn -0.5441 -0.5836 -0.6028
vn -0.0623 -0.8716 -0.4862
vn -0.0762 -0.5262 -0.8469
vn 0.9220 -0.1117 0.3706
vn 0.1196 0.8752 0.4688
vn 0.0564 -0.6398 -0.7665
vn -0.0270 -0.5581 -0.8293
vn 0.7995 -0.5548 -0.2303
vn -0.2721 0.7266 -0.6308
vn -0.4021 -0.4315 -0.8075
vn 0.7864 0.5596 -0.2615
vn -0.2022 -0.9791 0.0244
vn -0.0884 -0.8430 -0.5305
vn 0.7093 -0.4766 -0.5194
vn 0.1443 0.7360 0.6615
vn -0.8126 -0.2086 0.5442
vn -0.7880 0.0553 0.6132
vn 0.5364 0.2784 0.7967
vn -0.8582 -0.2640 0.4401
vn -0.7141 0.5052 -0.4845
vn 0.4256 0.0646 0.9026
vn 0.5353 -0.8447 -0.0013
vn -0.0869 -0.4466 0.8905
vn 0.0013 -0.6764 0.7366
vn -0.4739 -0.3131 0.8231
vn -0.0240 -0.7972 0.6032
vn -0.4586 -0.4072 0.7899
vn -0.1811 -0.6313 0.7541
vn 0.7379 -0.0486 0.6732
vn 0.4756 0.0707 0.8768
vn -0.5234 -0.3398 0.7814
vn -0.7712 -0.2711 0.5760
vn 0.1614 0.6088 -0.7768
vn 0.3692 0.8672 -0.3341
vn 0.2272 0.9733 -0.0316
vn 0.1160 0.9688 -0.2191
vn 0.3147 0.8715 0.3761
vn -0.5705 -0.7765 -0.2677
vn 0.7148 0.6012 -0.3574
vn 0.1802 0.7071 -0.6838
vn 0.4619 0.8814 -0.0986
vn 0.7097 0.6682 -0.2233
vn -0.0829 0.6305 -0.7717
vn 0.7172 0.5973 -0.3590
vn 0.5380 0.6755 -0.5042
vn 0.7622 0.5155 -0.3916
vn 0.7767 0.5497 -0.3074
vn 0.7814 0.5339 -0.3230
vn 0.7577 0.5246 -0.3882
vn 0.3831 0.4802 -0.7891
vn -0.1829 0.6635 -0.7255
vn -0.4184 0.3259 -0.8478
vn -0.6593 0.3487 -0.6661
vn -0.1770 0.5076 -0.8432
vn -0.5404 0.4101 -0.7347
vn -0.4496 0.0791 -0.8897
vn -0.1697 0.0430 -0.9846
vn -0.4784 0.5485 -0.6858
vn 0.8231 0.3343 0.4592
vn 0.8999 0.4358 0.0159
vn 0.9462 0.2541 0.2002
vn 0.7041 0.5917 0.3926
vn 0.5340 0.3339 0.7767
vn 0.5681 0.0256 0.8225
vn 0.6754 -0.0049 0.7374
vn -0.5254 -0.6872 -0.5017
vn -0.6878 0.4883 -0.5371
vn -0.1764 -0.6244 -0.7609
vn -0.8294 0.2778 -0.4846
vn -0.7521 -0.5895 -0.2946
vn -0.4056 -0.4302 -0.8065
vn -0.6295 -0.4028 -0.6645
vn -0.9949 -0.0893 0.0477
vn -0.6620 -0.6213 -0.4192
vn -0.5134 -0.4979 -0.6990
vn -0.7325 0.0491 -0.6790
vn -0.8079 0.4132 -0.4201
vn -0.9008 0.2333 -0.3663
vn -0.8700 -0.0661 -0.4886
vn -0.4418 -0.8254 -0.3515
vn -0.2866 -0.3624 -0.8869
vn -0.0651 -0.9977 0.0186
vn -0.7588 -0.0647 -0.6482
vn -0.3751 -0.9227 -0.0887
vn -0.1701 -0.7944 -0.5830
vn 0.2399 -0.9188 -0.3133
vn -0.5937 -0.7456 -0.3026
vn -0.1597 -0.9871 -0.0072
vn -0.3782 -0.7965 -0.4718
vn 0.4747 -0.8754 0.0917
vn 0.0925 -0.9951 0.0338
vn 0.4500 -0.8849 -0.1202
vn 0.8338 -0.1288 -0.5369
vn 0.0657 -0.9960 0.0603
vn 0.8103 -0.5215 0.2673
vn 0.9760 -0.0538 0.2113
vn 0.5536 0.7990 0.2346
vn 0.9022 -0.2675 0.3383
vn -0.6958 0.2305 0.6802
vn 0.4458 -0.5097 -0.7358
vn -0.0231 0.0957 0.9951
vn 0.0408 -0.0655 -0.9970
vn -0.0032 -0.9618 0.2736
vn 0.3922 -0.9190 0.0397
vn -0.0473 -0.8091 -0.5857
vn 0.2605 -0.8832 -0.3901
vn 0.2235 -0.9721 -0.0711
vn -0.9540 0.2012 0.2223
vn 0.0899 0.7397 -0.6670
vn 0.1357 0.9060 -0.4008
vn -0.1113 0.6142 -0.7812
vn 0.0708 0.9244 -0.3749
vn 0.7761 0.6301 0.0244
vn -0.5538 0.5181 -0.6518
vn -0.7781 0.3363 -0.5305
vn 0.5414 0.7876 0.2944
vn 0.5414 0.7886 0.2916
vn -0.0612 0.6230 -0.7798
vn 0.3331 0.8149 0.4744
vn -0.1161 0.9205 0.3730
vn 0.2885 0.5364 0.7931
vn 0.5384 0.8305 0.1427
vn 0.1570 0.8987 0.4095
vn -0.7962 -0.2712 -0.5408
vn -0.6194 0.1175 -0.7762
vn -0.6581 0.3945 -0.6413
vn -0.7329 0.2556 -0.6305
vn -0.2031 0.9703 -0.1311
vn 0.6757 0.7326 0.0828
vn -0.2932 0.4464 0.8455
vn -0.1625 0.5652 0.8088
vn -0.2792 0.9553 0.0970
vn -0.5181 0.8485 -0.1078
vn -0.8208 0.0734 -0.5665
vn -0.3975 0.9017 -0.1699
vn 0.4222 0.8162 0.3943
vn -0.2798 0.9548 0.1000
vn 0.5691 -0.0604 -0.8201
vn -0.2725 0.9566 -0.1031
vn 0.4194 0.4316 -0.7986
vn 0.5763 0.8153 -0.0563
vn 0.3481 0.9242 -0.1570
vn 0.4062 0.8627 -0.3012
vn 0.1235 0.9869 -0.1038
vn -0.3185 0.7875 -0.5277
vn -0.0235 0.9980 -0.0582
vn 0.6177 0.7858 -0.0321
vn 0.6347 -0.4494 -0.6287
vn -0.7602 0.5967 0.2569
vn 0.0051 -0.2121 -0.9772
vn -0.0695 -0.3938 -0.9166
vn 0.2035 -0.4073 -0.8903
vn -0.0251 -0.3776 -0.9256
vn 0.0210 -0.3384 -0.9408
vn 0.6969 -0.5755 -0.4280
vn 0.6132 -0.4722 -0.6333
vn 0.7518 -0.5268 -0.3966
vn 0.6829 -0.6064 -0.4073
vn 0.5817 -0.0376 -0.8125
vn 0.7406 -0.5329 -0.4093
vn 0.8244 -0.3416 0.4513
vn 0.9423 -0.3334 -0.0281
vn 0.8953 -0.2013 0.3973
vn 0.8940 -0.3617 -0.2644
vn 0.1534 -0.9874 -0.0384
vn -0.9136 -0.1683 -0.3701
vn -0.6643 0.7287 0.1665
vn -0.9814 -0.1795 0.0685
vn -0.9962 0.0115 0.0866
vn -0.8515 -0.4409 -0.2838
vn -0.9203 -0.3217 -0.2224
vn -0.9408 -0.3333 0.0619
vn -0.9768 -0.1766 0.1214
vn -0.9366 -0.2130 0.2782
vn -0.7405 0.6619 -0.1166
vn -0.9882 -0.1521 0.0164
vn -0.9887 -0.1204 -0.0896
vn -0.9809 0.0170 0.1940
vn -0.9736 -0.1199 0.1940
vn -0.9803 -0.0677 -0.1856
vn -0.9860 -0.1441 -0.0834
vn -0.8948 -0.4292 0.1233
vn 0.8371 -0.5215 -0.1650
vn 0.8926 -0.4475 -0.0541
vn 0.8261 -0.5511 -0.1181
vn 0.7961 -0.6009 0.0712
vn 0.9884 -0.1263 0.0849
vn 0.8875 -0.4609 0.0051
vn 0.2130 0.6879 -0.6938
vn -0.0759 0.7001 -0.7100
vn 0.6509 -0.7527 0.0987
vn 0.8362 0.4651 0.2905
vn 0.5276 0.7578 -0.3839
vn 0.9624 0.2715 -0.0110
vn 0.2275 -0.9729 -0.0411
vn 0.5659 -0.8223 0.0593
vn 0.6776 -0.6365 0.3684
vn 0.9561 0.2930 -0.0083
vn 0.1477 -0.8943 -0.4224
vn 0.6625 -0.7439 -0.0878
vn 0.8788 0.4455 0.1712
vn 0.1567 -0.4284 0.8899
vn 0.3269 -0.2552 0.9099
vn -0.1225 -0.0550 0.9909
vn 0.9059 -0.2390 0.3495
vn 0.9396 -0.1326 0.3156
vn 0.5964 -0.3868 0.7033
vn 0.5643 0.3713 0.7374
vn 0.1274 -0.5829 0.8025
vn 0.2144 0.6134 0.7601
vn 0.2009 0.4774 0.8554
vn 0.2729 0.5667 0.7774
vn 0.0710 0.5058 0.8597
vn 0.3698 0.6471 0.6667
vn 0.4393 0.7869 0.4334
vn 0.3219 0.9029 0.2847
vn 0.2152 0.8697 0.4442
vn 0.3496 0.1894 0.9176
vn 0.5511 0.2587 0.7933
vn 0.5473 0.5646 0.6178
vn 0.1001 -0.3309 0.9383
vn 0.2407 0.8453 0.4770
vn 0.6434 0.7578 0.1086
vn 0.9184 0.0124 -0.3954
vn -0.6421 0.4655 0.6091
vn 0.9342 -0.3480 -0.0780
vn 1.0000 -0.0061 0.0047
vn 0.9674 -0.0815 -0.2397
vn 0.9594 0.0189 -0.2813
vn 0.8004 -0.2646 -0.5378
vn 0.8142 -0.3778 0.4408
vn 0.7294 0.6575 0.1890
vn 0.6082 -0.7111 -0.3528
vn 0.8581 -0.5044 0.0964
vn 0.7500 -0.6526 -0.1076
vn 0.7537 -0.6498 -0.0990
vn 0.6528 -0.7450 -0.1373
vn 0.8521 -0.4599 0.2497
vn 0.1258 0.3772 0.9175
vn -0.2141 0.4017 0.8904
vn 0.6084 0.3334 0.7203
vn -0.6914 0.1790 0.7000
vn 0.0147 -0.2816 0.9594
vn -0.2685 -0.1713 0.9479
vn 0.7175 0.4383 0.5414
vn 0.4695 -0.3204 0.8228
vn 0.6308 0.6639 0.4016
vn 0.6904 0.2880 0.6637
vn 0.8147 0.2175 0.5376
vn 0.5817 0.7081 -0.4003
vn 0.4981 0.7956 -0.3449
vn 0.6506 0.4873 -0.5825
vn 0.0458 0.9254 0.3763
vn 0.8590 0.3308 0.3909
vn -0.9120 0.3377 -0.2330
vn -0.8975 0.3469 -0.2722
vn -0.9740 0.1366 -0.1808
vn -0.7699 -0.0633 -0.6350
vn -0.9314 0.1785 -0.3172
vn -0.2656 0.2879 -0.9201
vn -0.8871 0.3562 -0.2936
vn -0.9102 0.3751 0.1758
vn -0.9304 0.2881 -0.2267
vn -0.7940 0.1289 -0.5942
vn 0.0604 0.9753 -0.2126
vn 0.1437 0.9805 -0.1344
vn 0.2411 0.9581 -0.1549
vn 0.0463 0.9850 -0.1660
vn 0.2178 0.9455 -0.2420
vn -0.3809 0.6966 -0.6080
vn -0.5780 0.6781 -0.4539
vn -0.0722 0.9500 -0.3038
vn -0.0783 0.9563 0.2817
vn -0.3917 -0.8084 0.4393
vn -0.3967 -0.7793 0.4851
vn 0.4173 0.7134 -0.5630
vn 0.6267 0.5851 -0.5147
vn 0.5415 0.6567 -0.5249
vt 0.124015 0.247906
vt 0.124540 0.247345
vt 0.124727 0.247850
vt 0.267779 0.251722
vt 0.267349 0.252040
vt 0.267329 0.251498
vt 0.144477 0.213005
vt 0.143991 0.213163
vt 0.143977 0.212712
vt 0.223585 0.226629
vt 0.223115 0.225418
vt 0.224319 0.226078
vt 0.162604 0.868082
vt 0.162471 0.867629
vt 0.163072 0.867819
vt 0.114141 0.852367
vt 0.114613 0.852664
vt 0.114217 0.852865
vt 0.108928 0.853840
vt 0.108748 0.853418
vt 0.109213 0.853486
vt 0.194195 0.476234
vt 0.194494 0.476005
vt 0.194683 0.476176
vt 0.124862 0.578521
vt 0.125249 0.578381
vt 0.125282 0.578582
vt 0.144117 0.992898
vt 0.144604 0.992559
vt 0.144763 0.993132
vt 0.228148 0.935257
vt 0.228593 0.935229
vt 0.228466 0.935631
vt 0.084916 0.311114
vt 0.084526 0.311390
vt 0.084592 0.310840
vt 0.096232 0.498637
vt 0.096237 0.499098
vt 0.095823 0.498844
vt 0.117314 0.508560
vt 0.117094 0.508532
vt 0.117214 0.508270
vt 0.222838 0.115768
vt 0.222774 0.115356
vt 0.223145 0.115278
vt 0.331883 0.042581
vt 0.331680 0.042090
vt 0.332449 0.042055
vt 0.292781 0.664044
vt 0.293130 0.663920
vt 0.293139 0.664393
vt 0.262023 0.463047
vt 0.262130 0.463340
vt 0.261531 0.463216
vt 0.214127 0.115691
vt 0.213678 0.115689
vt 0.214030 0.115186
vt 0.154527 0.345821
vt 0.154416 0.345523
vt 0.154819 0.345534
vt 0.166840 0.820987
vt 0.166725 0.821320
vt 0.166516 0.821059
vt 0.310217 0.502243
vt 0.309878 0.501054
vt 0.310506 0.501144
vt 0.242455 0.029317
vt 0.242127 0.029580
vt 0.241953 0.029031
vt 0.146370 0.853621
vt 0.146721 0.853316
vt 0.146784 0.853994
vt 0.373079 0.739330
vt 0.373436 0.739962
vt 0.372788 0.739884
vt 0.146655 0.663879
vt 0.147014 0.664079
vt 0.146539 0.664227
vt 0.192066 0.107587
vt 0.192696 0.107462
vt 0.192473 0.107963
vt 0.307177 0.843083
vt 0.306966 0.842957
vt 0.307446 0.842749
vt 0.085128 0.310719
vt 0.084807 0.310264
vt 0.114754 0.063130
vt 0.114379 0.063660
vt 0.113932 0.063574
vt 0.354581 0.358772
vt 0.354857 0.359047
vt 0.354576 0.359374
vt 0.299277 0.577656
vt 0.299749 0.577449
vt 0.299698 0.577922
vt 0.242551 0.537650
vt 0.242004 0.537106
vt 0.242474 0.537055
vt 0.095439 0.503656
vt 0.095608 0.503123
vt 0.095872 0.503463
vt 0.117802 0.783165
vt 0.118478 0.782865
vt 0.118474 0.783189
vt 0.269037 0.266523
vt 0.268756 0.266272
vt 0.269042 0.266081
vt 0.173481 0.639577
vt 0.173593 0.639925
vt 0.173156 0.639915
vt 0.026869 0.469627
vt 0.027537 0.470140
vt 0.026912 0.470453
vt 0.363316 0.213921
vt 0.363640 0.213726
vt 0.363588 0.214255
vt 0.299353 0.812152
vt 0.299354 0.811618
vt 0.299711 0.811917
vt 0.058960 0.175666
vt 0.058846 0.176031
vt 0.058418 0.175834
vt 0.272316 0.071712
vt 0.272026 0.071545
vt 0.272425 0.071368
vt 0.114187 0.530115
vt 0.114845 0.530169
vt 0.114449 0.530587
vt 0.327359 0.473869
vt 0.327392 0.473332
vt 0.327724 0.473455
vt 0.031079 0.099332
vt 0.031029 0.098719
vt 0.031372 0.098825
vt 0.009810 0.141667
vt 0.009322 0.141339
vt 0.009860 0.141013
vt 0.113363 0.947306
vt 0.113822 0.947471
vt 0.113501 0.947934
vt 0.030711 0.262974
vt 0.031106 0.262559
vt 0.030979 0.263127
vt 0.385995 0.918135
vt 0.386265 0.918774
vt 0.385912 0.918542
vt 0.213078 0.401738
vt 0.213492 0.402027
vt 0.213157 0.402264
vt 0.212718 0.230376
vt 0.212957 0.230674
vt 0.212324 0.230598
vt 0.187792 0.849216
vt 0.188352 0.848751
vt 0.188269 0.849467
vt 0.246025 0.381552
vt 0.245581 0.381364
vt 0.245963 0.381146
vt 0.348407 0.826851
vt 0.348885 0.826650
vt 0.348743 0.827084
vt 0.063875 0.663445
vt 0.063653 0.663563
vt 0.063628 0.663144
vt 0.211859 0.694886
vt 0.211828 0.694455
vt 0.212303 0.694959
vt 0.140197 0.417497
vt 0.140599 0.417451
vt 0.140315 0.417857
vt 0.633200 0.918900
vt 0.632874 0.918571
vt 0.633411 0.918432
vt 0.111877 0.376524
vt 0.111570 0.376345
vt 0.111914 0.376113
vt 0.064359 0.757487
vt 0.058730 0.761978
vt 0.054793 0.764879
vt 0.054640 0.760881
vt 0.057890 0.755916
vt 0.061701 0.756320
vt 0.268306 0.909738
vt 0.268380 0.910053
vt 0.268022 0.910080
vt 0.144656 0.227527
vt 0.144907 0.227206
vt 0.144878 0.227644
vt 0.309519 0.470424
vt 0.309365 0.470811
vt 0.309218 0.470536
vt 0.223764 0.530972
vt 0.224256 0.530985
vt 0.223974 0.531375
vt 0.146869 0.578373
vt 0.146639 0.577729
vt 0.147233 0.577758
vt 0.152631 0.652312
vt 0.153028 0.652438
vt 0.152343 0.652890
vt 0.230441 0.146019
vt 0.230388 0.146381
vt 0.230098 0.146117
vt 0.241648 0.040520
vt 0.241450 0.041115
vt 0.241364 0.040788
vt 0.376485 0.918298
vt 0.376761 0.918272
vt 0.376676 0.918080
vt 0.176512 0.303105
vt 0.175917 0.303360
vt 0.176166 0.302921
vt 0.047036 0.376522
vt 0.047507 0.376823
vt 0.046931 0.377158
vt 0.291285 0.365913
vt 0.291058 0.365510
vt 0.291532 0.365520
vt 0.274872 0.979785
vt 0.271092 0.980808
vt 0.269221 0.978125
vt 0.271727 0.978634
vt 0.097007 0.522385
vt 0.097161 0.521830
vt 0.097426 0.522324
vt 0.260416 0.763341
vt 0.259995 0.762863
vt 0.260451 0.762751
vt 0.242431 0.665090
vt 0.242689 0.665405
vt 0.242450 0.665800
vt 0.300893 0.616067
vt 0.300924 0.616525
vt 0.300580 0.616172
vt 0.325414 0.036888
vt 0.325741 0.037002
vt 0.325873 0.037422
vt 0.211388 0.055514
vt 0.211539 0.056025
vt 0.211116 0.055871
vt 0.140878 0.799197
vt 0.141503 0.799251
vt 0.141356 0.799610
vt 0.301998 0.610428
vt 0.302295 0.610216
vt 0.302485 0.610588
vt 0.170346 0.652647
vt 0.169984 0.652474
vt 0.170166 0.652132
vt 0.233525 0.633979
vt 0.233025 0.633973
vt 0.233363 0.633476
vt 0.300466 0.615721
vt 0.300753 0.615826
vt 0.309769 0.459003
vt 0.309548 0.458832
vt 0.309894 0.458691
vt 0.079328 0.407833
vt 0.079784 0.407402
vt 0.079779 0.407901
vt 0.227171 0.347972
vt 0.227558 0.348425
vt 0.227098 0.348528
vt 0.086745 0.413092
vt 0.087274 0.412823
vt 0.087278 0.413286
vt 0.113076 0.550637
vt 0.113227 0.550145
vt 0.113576 0.550483
vt 0.107988 0.765472
vt 0.107693 0.765219
vt 0.107926 0.764797
vt 0.096202 0.414875
vt 0.096503 0.414670
vt 0.096452 0.415275
vt 0.046154 0.430113
vt 0.045817 0.430020
vt 0.046176 0.429768
vt 0.214519 0.331108
vt 0.214538 0.330658
vt 0.215025 0.331084
vt 0.116226 0.558523
vt 0.116778 0.558502
vt 0.116601 0.558717
vt 0.164522 0.629075
vt 0.164812 0.629429
vt 0.164339 0.629457
vt 0.348662 0.494405
vt 0.348323 0.494756
vt 0.348694 0.494857
vt 0.349102 0.494849
vt 0.196971 0.160497
vt 0.196791 0.161011
vt 0.196446 0.160443
vt 0.215920 0.063110
vt 0.216196 0.062831
vt 0.216192 0.063368
vt 0.141545 0.801985
vt 0.141186 0.801726
vt 0.141629 0.801830
vt 0.144147 0.797691
vt 0.144362 0.797061
vt 0.144791 0.797580
vt 0.228292 0.298035
vt 0.227904 0.298315
vt 0.227851 0.297902
vt 0.173872 0.658777
vt 0.174171 0.658279
vt 0.174581 0.658575
vt 0.163261 0.183390
vt 0.163758 0.183298
vt 0.163662 0.183872
vt 0.184353 0.181733
vt 0.184722 0.181761
vt 0.184747 0.182220
vt 0.332645 0.756083
vt 0.332375 0.755581
vt 0.333087 0.755895
vt 0.088593 0.767110
vt 0.088825 0.767571
vt 0.088291 0.767487
vt 0.082459 0.772239
vt 0.082571 0.772884
vt 0.081857 0.772740
vt 0.073568 0.563054
vt 0.073607 0.563572
vt 0.073132 0.563288
vt 0.195982 0.172540
vt 0.196467 0.172646
vt 0.196104 0.173221
vt 0.071984 0.545201
vt 0.071611 0.545531
vt 0.071604 0.545027
vt 0.074586 0.544360
vt 0.074307 0.544679
vt 0.074220 0.544142
vt 0.073870 0.546050
vt 0.073124 0.545922
vt 0.073693 0.545548
vt 0.262917 0.234598
vt 0.262790 0.235187
vt 0.262224 0.234817
vt 0.124370 0.848344
vt 0.124012 0.847916
vt 0.124431 0.848048
vt 0.301781 0.906439
vt 0.302051 0.906385
vt 0.301941 0.906754
vt 0.114469 0.869919
vt 0.114665 0.869581
vt 0.114831 0.869894
vt 0.139033 0.784129
vt 0.139438 0.783745
vt 0.139429 0.784222
vt 0.300681 0.612362
vt 0.300568 0.611945
vt 0.300868 0.612174
vt 0.059371 0.204357
vt 0.059477 0.203946
vt 0.059717 0.204110
vt 0.174277 0.659442
vt 0.173987 0.659919
vt 0.173784 0.659407
vt 0.194824 0.474959
vt 0.194874 0.474486
vt 0.195243 0.474710
vt 0.107694 0.014597
vt 0.107303 0.014935
vt 0.107384 0.014348
vt 0.224974 0.903664
vt 0.224856 0.903109
vt 0.225402 0.903214
vt 0.113557 0.475465
vt 0.113996 0.475063
vt 0.113851 0.475642
vt 0.109677 0.490887
vt 0.109213 0.490806
vt 0.109292 0.490511
vt 0.245885 0.688288
vt 0.246224 0.688389
vt 0.246008 0.688652
vt 0.106651 0.014656
vt 0.106866 0.014301
vt 0.106974 0.014628
vt 0.107321 0.015402
vt 0.106995 0.015353
vt 0.318383 0.265277
vt 0.317986 0.265426
vt 0.318064 0.264909
vt 0.056559 0.194125
vt 0.056860 0.194247
vt 0.056781 0.194418
vt 0.011164 0.221949
vt 0.011583 0.221878
vt 0.011432 0.222241
vt 0.119223 0.027744
vt 0.118919 0.028231
vt 0.118752 0.027912
vt 0.107833 0.019633
vt 0.107843 0.020305
vt 0.107267 0.019790
vt 0.021734 0.220199
vt 0.021943 0.220358
vt 0.021909 0.220535
vt 0.110532 0.593990
vt 0.110593 0.594822
vt 0.110084 0.594335
vt 0.506633 0.950604
vt 0.507290 0.950737
vt 0.506823 0.950925
vt 0.323492 0.047581
vt 0.324055 0.047401
vt 0.323796 0.048134
vt 0.195955 0.436533
vt 0.196372 0.436229
vt 0.196382 0.436630
vt 0.375391 0.867142
vt 0.375780 0.867330
vt 0.375729 0.867830
vt 0.330960 0.926450
vt 0.330477 0.926623
vt 0.330485 0.926297
vt 0.330876 0.688372
vt 0.332479 0.687443
vt 0.332505 0.688579
vt 0.323070 0.047855
vt 0.350833 0.533882
vt 0.350842 0.534285
vt 0.350380 0.534090
vt 0.359985 0.912478
vt 0.360748 0.912129
vt 0.360636 0.912801
vt 0.280999 0.168270
vt 0.281266 0.168089
vt 0.281208 0.168536
vt 0.312106 0.748603
vt 0.312503 0.748537
vt 0.312600 0.748904
vt 0.343577 0.286730
vt 0.343201 0.286975
vt 0.343348 0.286574
vt 0.195144 0.647811
vt 0.195701 0.647765
vt 0.195721 0.648353
vt 0.150900 0.374537
vt 0.150533 0.374870
vt 0.150611 0.374284
vt 0.150847 0.373870
vt 0.151176 0.373639
vt 0.151050 0.374071
vt 0.076926 0.409885
vt 0.077111 0.410348
vt 0.076721 0.410288
vt 0.212050 0.721758
vt 0.211884 0.722176
vt 0.211530 0.721842
vt 0.190277 0.240124
vt 0.190315 0.239767
vt 0.190624 0.240047
vt 0.076042 0.411678
vt 0.075894 0.412006
vt 0.075709 0.411722
vt 0.227542 0.777355
vt 0.227936 0.777384
vt 0.227821 0.777694
vt 0.113613 0.499199
vt 0.113355 0.499763
vt 0.113055 0.499297
vt 0.144791 0.378162
vt 0.144548 0.378422
vt 0.144473 0.378129
vt 0.077535 0.508451
vt 0.077249 0.508196
vt 0.077552 0.508010
vt 0.024940 0.171788
vt 0.024483 0.171607
vt 0.024796 0.171126
vt 0.083098 0.737266
vt 0.082780 0.736781
vt 0.083295 0.736762
vt 0.164240 0.902136
vt 0.164116 0.902560
vt 0.163749 0.902088
vt 0.192147 0.242993
vt 0.192711 0.243456
vt 0.192299 0.243600
vt 0.159237 0.903587
vt 0.159702 0.903234
vt 0.159766 0.903858
vt 0.166310 0.902540
vt 0.166368 0.902134
vt 0.166862 0.902567
vt 0.359613 0.004579
vt 0.359559 0.004162
vt 0.359883 0.004538
vt 0.117060 0.150815
vt 0.116835 0.150511
vt 0.117239 0.150318
vt 0.115161 0.151385
vt 0.114635 0.151543
vt 0.114701 0.150913
vt 0.195284 0.437314
vt 0.195204 0.436810
vt 0.195546 0.437070
vt 0.211820 0.710785
vt 0.211710 0.710277
vt 0.211962 0.710470
vt 0.120796 0.152443
vt 0.121362 0.152631
vt 0.120837 0.152832
vt 0.025028 0.040389
vt 0.024890 0.039825
vt 0.025298 0.040096
vt 0.156955 0.994571
vt 0.157245 0.994941
vt 0.157002 0.995071
vt 0.188049 0.649675
vt 0.187588 0.649527
vt 0.187923 0.649221
vt 0.187328 0.643657
vt 0.186938 0.643321
vt 0.187466 0.643080
vt 0.227973 0.558058
vt 0.227620 0.558001
vt 0.227624 0.557534
vt 0.195434 0.090780
vt 0.195003 0.090723
vt 0.195125 0.090398
vt 0.257863 0.281420
vt 0.257963 0.281648
vt 0.257616 0.281586
vt 0.008346 0.237081
vt 0.008456 0.236689
vt 0.009156 0.237304
vt 0.280345 0.049585
vt 0.280596 0.049246
vt 0.281000 0.049473
vt 0.233735 0.550801
vt 0.233566 0.551086
vt 0.233427 0.550564
vt 0.083950 0.693144
vt 0.083544 0.693047
vt 0.083998 0.692554
vt 0.079848 0.213333
vt 0.079359 0.213478
vt 0.079620 0.212932
vt 0.111036 0.237220
vt 0.111027 0.238068
vt 0.110555 0.237696
vt 0.243180 0.719781
vt 0.243314 0.720212
vt 0.243002 0.720142
vt 0.245306 0.276551
vt 0.244975 0.276168
vt 0.245460 0.276106
vt 0.316133 0.176936
vt 0.316688 0.177180
vt 0.316339 0.177612
vt 0.248284 0.275384
vt 0.248031 0.276105
vt 0.247730 0.275755
vt 0.135855 0.138630
vt 0.135234 0.137185
vt 0.136880 0.137394
vt 0.261687 0.463752
vt 0.261162 0.463535
vt 0.261680 0.463485
vt 0.081940 0.685184
vt 0.082371 0.684846
vt 0.082540 0.685142
vt 0.299100 0.518393
vt 0.299358 0.518091
vt 0.299523 0.518623
vt 0.228705 0.819713
vt 0.228291 0.819865
vt 0.228412 0.819433
vt 0.119835 0.222538
vt 0.120272 0.222997
vt 0.119861 0.223104
vt 0.126103 0.105034
vt 0.125892 0.105447
vt 0.125790 0.105087
vt 0.243697 0.303206
vt 0.243443 0.303109
vt 0.243825 0.303046
vt 0.240888 0.196622
vt 0.241222 0.196274
vt 0.241185 0.196745
vt 0.123923 0.097197
vt 0.123824 0.096808
vt 0.124208 0.096914
vt 0.241048 0.239799
vt 0.240622 0.239841
vt 0.240816 0.239294
vt 0.300515 0.518986
vt 0.300672 0.518307
vt 0.300971 0.518836
vt 0.114137 0.091632
vt 0.113453 0.091725
vt 0.113680 0.091280
vt 0.227113 0.697035
vt 0.226707 0.696683
vt 0.226972 0.696533
vt 0.148744 0.661868
vt 0.149102 0.662111
vt 0.148745 0.662215
vt 0.097520 0.577777
vt 0.097185 0.577757
vt 0.097112 0.577312
vt 0.241772 0.315798
vt 0.241164 0.315743
vt 0.241448 0.315457
vt 0.299204 0.571965
vt 0.299431 0.571551
vt 0.299712 0.571930
vt 0.177255 0.214834
vt 0.177703 0.214977
vt 0.177583 0.215258
vt 0.115786 0.106937
vt 0.116342 0.106943
vt 0.116198 0.107337
vt 0.097215 0.573362
vt 0.097632 0.573851
vt 0.097187 0.573770
vt 0.174709 0.336604
vt 0.175207 0.336321
vt 0.175216 0.336890
vt 0.234078 0.546276
vt 0.234175 0.546665
vt 0.233438 0.546465
vt 0.171341 0.208644
vt 0.171430 0.207992
vt 0.171717 0.208486
vt 0.279625 0.496024
vt 0.279448 0.495602
vt 0.279820 0.495762
vt 0.166117 0.202165
vt 0.164293 0.202943
vt 0.164811 0.201416
vt 0.172409 0.237435
vt 0.172034 0.237643
vt 0.172113 0.237188
vt 0.356917 0.373688
vt 0.357426 0.373333
vt 0.357467 0.372882
vt 0.206629 0.875585
vt 0.206999 0.875621
vt 0.206851 0.876307
vt 0.059699 0.046095
vt 0.059005 0.045966
vt 0.059201 0.045629
vt 0.059228 0.046284
vt 0.172348 0.236672
vt 0.172513 0.237121
vt 0.123885 0.098122
vt 0.124107 0.098216
vt 0.123893 0.098438
vt 0.125927 0.092245
vt 0.125874 0.092672
vt 0.125386 0.092145
vt 0.164321 0.810600
vt 0.163930 0.811024
vt 0.163931 0.810488
vt 0.332766 0.686082
vt 0.334236 0.685269
vt 0.334570 0.685897
vt 0.366736 0.263066
vt 0.366660 0.262601
vt 0.367043 0.262624
vt 0.269596 0.372711
vt 0.270023 0.372908
vt 0.269897 0.373241
vt 0.139161 0.916730
vt 0.139540 0.916565
vt 0.139142 0.917087
vt 0.196461 0.233747
vt 0.196638 0.234058
vt 0.196234 0.233955
vt 0.217321 0.838857
vt 0.216948 0.838458
vt 0.217372 0.838340
vt 0.173611 0.197117
vt 0.174041 0.196563
vt 0.174834 0.196828
vt 0.173433 0.199048
vt 0.172582 0.198871
vt 0.173483 0.198335
vt 0.148789 0.249565
vt 0.148644 0.248999
vt 0.148975 0.249239
vt 0.241844 0.696925
vt 0.242198 0.696927
vt 0.241979 0.697285
vt 0.140122 0.677033
vt 0.140048 0.676562
vt 0.140514 0.676629
vt 0.323868 0.893534
vt 0.323514 0.893336
vt 0.323815 0.893226
vt 0.092796 0.304948
vt 0.092768 0.305369
vt 0.092333 0.305094
vt 0.021732 0.165182
vt 0.022185 0.165588
vt 0.021799 0.165557
vt 0.022241 0.147396
vt 0.021604 0.147426
vt 0.021852 0.147078
vt 0.012898 0.158122
vt 0.013123 0.157604
vt 0.013380 0.158094
vt 0.241741 0.165364
vt 0.242319 0.165123
vt 0.242320 0.165622
vt 0.093585 0.306525
vt 0.093484 0.306742
vt 0.092981 0.306561
vt 0.294460 0.302187
vt 0.294810 0.302205
vt 0.294762 0.302627
vt 0.124200 0.433430
vt 0.124301 0.432913
vt 0.124661 0.433254
vt 0.294603 0.302715
vt 0.294796 0.303105
vt 0.192688 0.796137
vt 0.192970 0.796001
vt 0.193239 0.796327
vt 0.081995 0.306792
vt 0.082305 0.306556
vt 0.082568 0.306832
vt 0.090646 0.598191
vt 0.091021 0.597876
vt 0.091018 0.598532
vt 0.121238 0.435633
vt 0.120663 0.435616
vt 0.120877 0.435222
vt 0.232299 0.034177
vt 0.232232 0.034568
vt 0.231898 0.034253
vt 0.241582 0.164826
vt 0.242001 0.164931
vt 0.309012 0.788669
vt 0.308636 0.788757
vt 0.308840 0.788284
vt 0.006287 0.175533
vt 0.006542 0.175458
vt 0.006867 0.175896
vt 0.308521 0.788246
vt 0.308215 0.788487
vt 0.308284 0.787953
vt 0.339242 0.631106
vt 0.339622 0.631088
vt 0.339183 0.631618
vt 0.279914 0.750647
vt 0.279591 0.750426
vt 0.280063 0.750394
vt 0.329843 0.884692
vt 0.331462 0.885655
vt 0.331826 0.884356
vt 0.366682 0.653090
vt 0.366376 0.653747
vt 0.366292 0.653073
vt 0.054892 0.822988
vt 0.058181 0.821891
vt 0.055810 0.822275
vt 0.054624 0.822467
vt 0.213300 0.692973
vt 0.213248 0.693360
vt 0.212839 0.693304
vt 0.324664 0.485110
vt 0.326460 0.484923
vt 0.325780 0.487352
vt 0.207193 0.100736
vt 0.207402 0.100982
vt 0.207063 0.101029
vt 0.269932 0.260003
vt 0.270710 0.257897
vt 0.271408 0.260433
vt 0.176411 0.469942
vt 0.176690 0.470465
vt 0.176159 0.470333
vt 0.203092 0.076017
vt 0.204746 0.078156
vt 0.203012 0.077278
vt 0.039420 0.161492
vt 0.038927 0.161944
vt 0.038863 0.161494
vt 0.216643 0.507885
vt 0.216213 0.508250
vt 0.216251 0.507745
vt 0.152209 0.846592
vt 0.152277 0.845892
vt 0.152511 0.846369
vt 0.154181 0.519946
vt 0.154469 0.519512
vt 0.154538 0.519944
vt 0.149737 0.519770
vt 0.149718 0.519328
vt 0.150236 0.519143
vt 0.171732 0.547385
vt 0.171843 0.547722
vt 0.171557 0.547579
vt 0.167486 0.471880
vt 0.167428 0.471520
vt 0.167886 0.471521
vt 0.213559 0.417424
vt 0.213121 0.417772
vt 0.213085 0.417315
vt 0.126794 0.072471
vt 0.127021 0.072746
vt 0.126740 0.073044
vt 0.145031 0.853199
vt 0.144589 0.853160
vt 0.144906 0.852847
vt 0.144963 0.853575
vt 0.189032 0.787537
vt 0.189361 0.787781
vt 0.188898 0.787906
vt 0.163088 0.550649
vt 0.163167 0.550225
vt 0.163561 0.550664
vt 0.171166 0.547561
vt 0.171464 0.547215
vt 0.078603 0.811382
vt 0.078364 0.810866
vt 0.078734 0.811170
vt 0.166176 0.201339
vt 0.110684 0.068056
vt 0.111056 0.068165
vt 0.110749 0.068332
vt 0.339117 0.887566
vt 0.339406 0.887153
vt 0.339268 0.887814
vt 0.196008 0.142154
vt 0.196161 0.141718
vt 0.196547 0.142194
vt 0.110879 0.068571
vt 0.111263 0.068901
vt 0.110618 0.069047
vt 0.080974 0.801509
vt 0.081228 0.801027
vt 0.081412 0.801603
vt 0.147051 0.504281
vt 0.146668 0.503754
vt 0.147271 0.503783
vt 0.096030 0.795100
vt 0.096658 0.795015
vt 0.096443 0.795307
vt 0.099299 0.804604
vt 0.099192 0.805068
vt 0.098960 0.804878
vt 0.148150 0.836641
vt 0.147581 0.836493
vt 0.147983 0.836207
vt 0.268250 0.122251
vt 0.267843 0.122110
vt 0.268051 0.121782
vt 0.216297 0.520384
vt 0.215868 0.520853
vt 0.215661 0.520410
vt 0.148660 0.864983
vt 0.148250 0.864738
vt 0.148586 0.864545
vt 0.151234 0.870006
vt 0.150816 0.870247
vt 0.150951 0.869755
vt 0.368820 0.413711
vt 0.369099 0.413512
vt 0.368926 0.414189
vt 0.151229 0.870946
vt 0.151376 0.871204
vt 0.150991 0.871333
vt 0.245620 0.126206
vt 0.245306 0.126383
vt 0.245271 0.126103
vt 0.372327 0.646374
vt 0.372977 0.646294
vt 0.372685 0.646758
vt 0.316708 0.454919
vt 0.316348 0.454987
vt 0.316563 0.454597
vt 0.354977 0.206492
vt 0.355171 0.206074
vt 0.355352 0.206437
vt 0.152671 0.880156
vt 0.153086 0.879801
vt 0.153104 0.880447
vt 0.372667 0.813668
vt 0.372661 0.814179
vt 0.372406 0.813925
vt 0.144918 0.538632
vt 0.145155 0.538158
vt 0.145417 0.538579
vt 0.143331 0.539095
vt 0.143513 0.538752
vt 0.143694 0.539169
vt 0.089902 0.082836
vt 0.089817 0.082270
vt 0.090231 0.082506
vt 0.086536 0.082579
vt 0.086421 0.081947
vt 0.086890 0.082245
vt 0.109167 0.652661
vt 0.109358 0.652246
vt 0.109531 0.652735
vt 0.262836 0.859591
vt 0.262933 0.859192
vt 0.263239 0.859535
vt 0.292539 0.287786
vt 0.292247 0.287330
vt 0.292759 0.287430
vt 0.076181 0.610689
vt 0.075810 0.610738
vt 0.076032 0.610156
vt 0.093773 0.612483
vt 0.093319 0.612363
vt 0.093930 0.612066
vt 0.215209 0.600837
vt 0.214773 0.600612
vt 0.215295 0.600427
vt 0.012233 0.418099
vt 0.012736 0.418159
vt 0.012296 0.418634
vt 0.116035 0.036867
vt 0.115611 0.036802
vt 0.115704 0.036428
vt 0.369086 0.571822
vt 0.369478 0.571782
vt 0.369068 0.572252
vt 0.362542 0.411490
vt 0.362841 0.411349
vt 0.362686 0.411870
vt 0.270624 0.271848
vt 0.271120 0.272030
vt 0.270675 0.272082
vt 0.160520 0.396280
vt 0.160803 0.396673
vt 0.160367 0.396711
vt 0.085725 0.170228
vt 0.085199 0.170205
vt 0.085309 0.169870
vt 0.325147 0.850553
vt 0.325541 0.850251
vt 0.325638 0.850859
vt 0.162076 0.048698
vt 0.161521 0.048681
vt 0.161702 0.048222
vt 0.303617 0.888616
vt 0.303476 0.888291
vt 0.303789 0.888089
vt 0.280687 0.482413
vt 0.280316 0.482843
vt 0.280215 0.482487
vt 0.013932 0.406322
vt 0.013779 0.406755
vt 0.013486 0.406365
vt 0.194522 0.170860
vt 0.194884 0.170686
vt 0.194971 0.170977
vt 0.082213 0.927055
vt 0.082460 0.927560
vt 0.081861 0.927554
vt 0.137936 0.098234
vt 0.138132 0.098688
vt 0.137686 0.098667
vt 0.086779 0.743404
vt 0.086232 0.743583
vt 0.086427 0.743045
vt 0.091113 0.496671
vt 0.091490 0.496601
vt 0.091242 0.497172
vt 0.231303 0.032954
vt 0.231451 0.032557
vt 0.231823 0.033140
vt 0.213275 0.091535
vt 0.213257 0.091286
vt 0.213437 0.091635
vt 0.080930 0.744988
vt 0.081298 0.744848
vt 0.081304 0.745196
vt 0.209225 0.094439
vt 0.209303 0.093971
vt 0.209644 0.094507
vt 0.313169 0.783684
vt 0.312453 0.783484
vt 0.312842 0.783207
vt 0.208783 0.135677
vt 0.208885 0.136131
vt 0.208513 0.136215
vt 0.137851 0.194980
vt 0.138339 0.194782
vt 0.138334 0.195297
vt 0.191856 0.944568
vt 0.192198 0.944370
vt 0.192360 0.944568
vt 0.293352 0.935570
vt 0.292967 0.935887
vt 0.293008 0.935612
vt 0.093247 0.757201
vt 0.092763 0.757373
vt 0.092916 0.756905
vt 0.302339 0.629368
vt 0.302095 0.630172
vt 0.301127 0.629255
vt 0.095932 0.753461
vt 0.096291 0.752815
vt 0.096905 0.753445
vt 0.280257 0.374283
vt 0.279726 0.374703
vt 0.279835 0.374131
vt 0.095457 0.753983
vt 0.095751 0.753851
vt 0.095683 0.754210
vt 0.285307 0.383485
vt 0.284639 0.383745
vt 0.284856 0.383027
vt 0.250275 0.953236
vt 0.248619 0.954461
vt 0.249488 0.954614
vt 0.183399 0.064493
vt 0.183617 0.065140
vt 0.183135 0.065161
vt 0.184229 0.068087
vt 0.182828 0.070117
vt 0.182473 0.069133
vt 0.096262 0.747089
vt 0.096357 0.747627
vt 0.096110 0.747469
vt 0.105599 0.772515
vt 0.106054 0.772670
vt 0.105986 0.772880
vt 0.140013 0.088321
vt 0.139618 0.088467
vt 0.139826 0.088103
vt 0.111589 0.776145
vt 0.111708 0.776731
vt 0.111204 0.776413
vt 0.287595 0.077544
vt 0.291507 0.079476
vt 0.290626 0.075188
vt 0.293632 0.076676
vt 0.138824 0.099754
vt 0.138480 0.099767
vt 0.138564 0.099334
vt 0.272197 0.269869
vt 0.272673 0.269836
vt 0.272534 0.270159
vt 0.270308 0.272092
vt 0.270176 0.271734
vt 0.293647 0.257406
vt 0.294291 0.257261
vt 0.293894 0.257926
vt 0.184982 0.737026
vt 0.188181 0.736379
vt 0.186589 0.732358
vt 0.198132 0.964099
vt 0.194148 0.964004
vt 0.193074 0.964265
vt 0.348926 0.323808
vt 0.348411 0.323052
vt 0.349874 0.322666
vt 0.348779 0.321792
vt 0.174759 0.038289
vt 0.174271 0.037830
vt 0.174671 0.037833
vt 0.350416 0.076319
vt 0.350715 0.076791
vt 0.349977 0.076902
vt 0.522097 0.932937
vt 0.523818 0.932437
vt 0.522884 0.931287
vt 0.336595 0.709285
vt 0.336722 0.709854
vt 0.336338 0.710242
vt 0.286380 0.820862
vt 0.280930 0.816598
vt 0.284253 0.816670
vt 0.268110 0.811934
vt 0.268464 0.811715
vt 0.268440 0.812171
vt 0.300433 0.054550
vt 0.299840 0.054718
vt 0.300097 0.054329
vt 0.309085 0.385340
vt 0.308649 0.385343
vt 0.308896 0.385088
vt 0.084090 0.941798
vt 0.083536 0.942080
vt 0.083613 0.941361
vt 0.394137 0.958755
vt 0.394528 0.958689
vt 0.394301 0.959120
vt 0.069718 0.332556
vt 0.069348 0.333183
vt 0.069180 0.332900
vt 0.186889 0.366043
vt 0.186467 0.366208
vt 0.186664 0.365477
vt 0.086495 0.327933
vt 0.086057 0.328533
vt 0.085856 0.327905
vt 0.020858 0.329886
vt 0.021151 0.329442
vt 0.021328 0.329922
vt 0.186147 0.359214
vt 0.186034 0.358852
vt 0.186459 0.358906
vt 0.230051 0.787553
vt 0.229519 0.787260
vt 0.229992 0.786974
vt 0.187154 0.370770
vt 0.187393 0.370681
vt 0.187512 0.370950
vt 0.094451 0.946605
vt 0.094835 0.946684
vt 0.094507 0.946926
vt 0.013062 0.100830
vt 0.013580 0.100798
vt 0.013299 0.101068
vt 0.309808 0.385128
vt 0.309504 0.385356
vt 0.309367 0.385109
vt 0.016047 0.318751
vt 0.016502 0.318743
vt 0.016230 0.319206
vt 0.113946 0.675004
vt 0.113752 0.674600
vt 0.114030 0.674583
vt 0.057091 0.183921
vt 0.057396 0.184260
vt 0.056871 0.184357
vt 0.054869 0.183074
vt 0.055193 0.183301
vt 0.054784 0.183387
vt 0.078296 0.173809
vt 0.078291 0.173346
vt 0.078818 0.173683
vt 0.077709 0.175309
vt 0.077605 0.174738
vt 0.078125 0.175232
vt 0.031761 0.432886
vt 0.031311 0.432679
vt 0.031771 0.432467
vt 0.028296 0.343645
vt 0.028034 0.344174
vt 0.027792 0.343742
vt 0.079365 0.180774
vt 0.079286 0.180325
vt 0.079684 0.180406
vt 0.002818 0.458550
vt 0.002567 0.458063
vt 0.002919 0.457963
vt 0.110648 0.680035
vt 0.110939 0.680161
vt 0.110491 0.680361
vt 0.108343 0.690269
vt 0.107952 0.689880
vt 0.108296 0.689554
vt 0.466838 0.923397
vt 0.466215 0.923602
vt 0.466446 0.923227
vt 0.701701 0.923932
vt 0.701475 0.923404
vt 0.701879 0.923611
vt 0.205761 0.301386
vt 0.204950 0.301295
vt 0.205440 0.302117
vt 0.110095 0.691086
vt 0.109734 0.691087
vt 0.109699 0.690700
vt 0.029766 0.258996
vt 0.029404 0.259180
vt 0.029470 0.258607
vt 0.019897 0.252297
vt 0.020123 0.251624
vt 0.020598 0.252275
vt 0.026479 0.246253
vt 0.026588 0.246597
vt 0.026105 0.246422
vt 0.271221 0.071730
vt 0.271527 0.072020
vt 0.271236 0.072063
vt 0.033175 0.254563
vt 0.033550 0.254447
vt 0.033442 0.254856
vt 0.113481 0.700335
vt 0.113721 0.700648
vt 0.113393 0.700471
vt 0.373039 0.109073
vt 0.372701 0.109467
vt 0.372602 0.108921
vt 0.027286 0.468984
vt 0.027804 0.469455
vt 0.024393 0.467983
vt 0.024204 0.468678
vt 0.023323 0.468226
vt 0.194409 0.383125
vt 0.194215 0.382629
vt 0.194591 0.382738
vt 0.087370 0.277346
vt 0.086689 0.277257
vt 0.087156 0.276786
vt 0.083779 0.286479
vt 0.083387 0.286002
vt 0.083958 0.285908
vt 0.073409 0.279404
vt 0.073589 0.278945
vt 0.073961 0.279228
vt 0.090043 0.295501
vt 0.089646 0.295597
vt 0.089627 0.295134
vt 0.014866 0.614953
vt 0.015018 0.614301
vt 0.015196 0.614911
vt 0.430475 0.977810
vt 0.430498 0.977501
vt 0.430999 0.977662
vt 0.072237 0.468399
vt 0.072876 0.468370
vt 0.072586 0.468728
vt 0.362863 0.209209
vt 0.362958 0.209675
vt 0.362532 0.209597
vt 0.348022 0.939106
vt 0.349064 0.939402
vt 0.347964 0.939744
vt 0.080130 0.273453
vt 0.080281 0.273924
vt 0.079798 0.273989
vt 0.205640 0.967455
vt 0.204395 0.966884
vt 0.203677 0.967977
vt 0.349861 0.564553
vt 0.349687 0.564943
vt 0.350495 0.565067
vt 0.269017 0.022907
vt 0.268706 0.023298
vt 0.268730 0.022847
vt 0.337846 0.345297
vt 0.338300 0.345211
vt 0.338019 0.345767
vt 0.205254 0.197198
vt 0.204801 0.198021
vt 0.205961 0.198426
vt 0.194265 0.741210
vt 0.192700 0.742923
vt 0.194238 0.742987
vt 0.332745 0.075628
vt 0.330379 0.075016
vt 0.330080 0.076041
vt 0.329781 0.077066
vt 0.083217 0.286491
vt 0.082967 0.286151
vt 0.298548 0.692909
vt 0.298769 0.693184
vt 0.298364 0.693318
vt 0.303121 0.693868
vt 0.303213 0.693194
vt 0.303855 0.693899
vt 0.191038 0.374366
vt 0.191704 0.374330
vt 0.191504 0.374562
vt 0.020647 0.633096
vt 0.021052 0.633302
vt 0.020588 0.633310
vt 0.059187 0.371814
vt 0.059229 0.372089
vt 0.058782 0.371918
vt 0.167350 0.677126
vt 0.166472 0.675569
vt 0.165910 0.677021
vt 0.162434 0.670380
vt 0.161832 0.670765
vt 0.162726 0.671358
vt 0.254933 0.769701
vt 0.254401 0.769791
vt 0.254644 0.769173
vt 0.338151 0.130215
vt 0.337882 0.130022
vt 0.338129 0.129755
vt 0.318772 0.069328
vt 0.318381 0.069559
vt 0.318832 0.068923
vt 0.216422 0.814007
vt 0.217492 0.813410
vt 0.216947 0.814510
vt 0.283191 0.442886
vt 0.282298 0.441790
vt 0.281801 0.443817
vt 0.209660 0.783171
vt 0.209261 0.783424
vt 0.209370 0.783176
vt 0.075104 0.476045
vt 0.076012 0.476305
vt 0.075146 0.476458
vt 0.337549 0.537839
vt 0.337053 0.539506
vt 0.338974 0.537526
vt 0.090139 0.474319
vt 0.089780 0.474146
vt 0.090308 0.473825
vt 0.014339 0.287664
vt 0.014641 0.287268
vt 0.014766 0.287746
vt 0.373402 0.664593
vt 0.373536 0.665049
vt 0.373313 0.665343
vt 0.029430 0.302575
vt 0.029793 0.302249
vt 0.029765 0.302723
vt 0.193611 0.258053
vt 0.193274 0.258411
vt 0.193346 0.257895
vt 0.299104 0.945614
vt 0.298676 0.946035
vt 0.298830 0.945380
vt 0.280829 0.652226
vt 0.281450 0.652443
vt 0.281476 0.652934
vt 0.013225 0.306879
vt 0.012789 0.306601
vt 0.013358 0.306494
vt 0.223368 0.453306
vt 0.223596 0.452890
vt 0.223822 0.453181
vt 0.052385 0.015967
vt 0.052881 0.016241
vt 0.052529 0.016305
vt 0.350580 0.979205
vt 0.350192 0.983029
vt 0.353737 0.981785
vt 0.223243 0.882635
vt 0.223765 0.882925
vt 0.223409 0.883257
vt 0.271993 0.737230
vt 0.272370 0.737124
vt 0.272192 0.737385
vt 0.024176 0.284631
vt 0.023681 0.284715
vt 0.023746 0.284145
vt 0.022666 0.301130
vt 0.022704 0.300648
vt 0.023045 0.300786
vt 0.168724 0.886841
vt 0.169076 0.886335
vt 0.169128 0.886815
vt 0.212793 0.497178
vt 0.212932 0.497509
vt 0.212582 0.497419
vt 0.267265 0.921117
vt 0.267847 0.921143
vt 0.267388 0.921665
vt 0.024503 0.292783
vt 0.024075 0.293025
vt 0.024128 0.292461
vt 0.316779 0.514618
vt 0.317144 0.514373
vt 0.317321 0.514658
vt 0.001964 0.288907
vt 0.001723 0.289352
vt 0.001529 0.288896
vt 0.301469 0.231877
vt 0.301940 0.231752
vt 0.301715 0.232128
vt 0.058042 0.452118
vt 0.057848 0.452396
vt 0.057679 0.451927
vt 0.278805 0.258930
vt 0.278716 0.258585
vt 0.279086 0.258539
vt 0.284781 0.777386
vt 0.285314 0.777321
vt 0.285066 0.777824
vt 0.352663 0.441357
vt 0.352520 0.441900
vt 0.353503 0.442276
vt 0.123034 0.531472
vt 0.122722 0.531775
vt 0.122613 0.531126
vt 0.223873 0.457438
vt 0.224272 0.457316
vt 0.223997 0.457872
vt 0.257670 0.750761
vt 0.257111 0.750986
vt 0.257372 0.750565
vt 0.036261 0.598478
vt 0.035845 0.597956
vt 0.036263 0.598085
vt 0.076409 0.726587
vt 0.076028 0.726778
vt 0.076088 0.726245
vt 0.090247 0.729402
vt 0.090819 0.729562
vt 0.090258 0.730055
vt 0.093648 0.891251
vt 0.093231 0.891263
vt 0.093244 0.890849
vt 0.256417 0.619607
vt 0.256860 0.619499
vt 0.256934 0.619993
vt 0.082961 0.894872
vt 0.083390 0.894600
vt 0.083502 0.895052
vt 0.223411 0.464192
vt 0.223257 0.464570
vt 0.223048 0.464104
vt 0.319556 0.445922
vt 0.319184 0.444792
vt 0.320127 0.445040
vt 0.266928 0.366794
vt 0.267262 0.366859
vt 0.267103 0.367074
vt 0.132266 0.952049
vt 0.131772 0.952232
vt 0.131848 0.951770
vt 0.270076 0.498917
vt 0.270509 0.499456
vt 0.270026 0.499444
vt 0.326646 0.690330
vt 0.327133 0.690079
vt 0.327193 0.690416
vt 0.291243 0.222774
vt 0.290780 0.222948
vt 0.290604 0.222383
vt 0.406009 0.922540
vt 0.406677 0.923295
vt 0.406885 0.922842
vt 0.301875 0.810376
vt 0.301860 0.809933
vt 0.302194 0.810040
vt 0.324079 0.175254
vt 0.324224 0.175569
vt 0.323867 0.175636
vt 0.365642 0.731649
vt 0.366169 0.731589
vt 0.365875 0.732116
vt 0.255110 0.102290
vt 0.255236 0.102792
vt 0.254791 0.102744
vt 0.668166 0.905188
vt 0.668733 0.904850
vt 0.668126 0.904701
vt 0.303156 0.042109
vt 0.302620 0.042142
vt 0.302616 0.041829
vt 0.208882 0.355497
vt 0.209355 0.355816
vt 0.209007 0.355943
vt 0.218295 0.917891
vt 0.217742 0.917857
vt 0.217946 0.917374
vt 0.045544 0.285540
vt 0.044930 0.285055
vt 0.045832 0.284853
vt 0.212608 0.354073
vt 0.212993 0.354121
vt 0.212619 0.354530
vt 0.300204 0.301539
vt 0.299796 0.301452
vt 0.300128 0.301056
vt 0.209666 0.345397
vt 0.209485 0.344917
vt 0.210062 0.344976
vt 0.140948 0.417022
vt 0.141341 0.416961
vt 0.141247 0.417620
vt 0.343093 0.122798
vt 0.343175 0.123339
vt 0.342558 0.123524
vt 0.342821 0.124094
vt 0.143070 0.593003
vt 0.142752 0.593321
vt 0.142612 0.592734
vt 0.210000 0.386541
vt 0.210462 0.386290
vt 0.210455 0.386917
vt 0.326337 0.373308
vt 0.326589 0.372733
vt 0.327154 0.373338
vt 0.187108 0.810298
vt 0.186774 0.809997
vt 0.187217 0.809858
vt 0.183597 0.817774
vt 0.183961 0.817522
vt 0.184155 0.817974
vt 0.250086 0.381964
vt 0.249950 0.382318
vt 0.249719 0.382077
vt 0.192500 0.659977
vt 0.192727 0.660350
vt 0.192162 0.660205
vt 0.362160 0.605254
vt 0.361793 0.605674
vt 0.361841 0.605268
vt 0.061609 0.336146
vt 0.061229 0.336271
vt 0.061134 0.335910
vt 0.214939 0.389788
vt 0.215093 0.390294
vt 0.214638 0.390255
vt 0.091229 0.430251
vt 0.091380 0.429876
vt 0.091657 0.430188
vt 0.152907 0.767303
vt 0.152805 0.767775
vt 0.152524 0.766919
vt 0.063397 0.469254
vt 0.063517 0.469024
vt 0.063635 0.469405
vt 0.149995 0.421655
vt 0.149752 0.421386
vt 0.150218 0.421258
vt 0.051625 0.464356
vt 0.051661 0.464721
vt 0.051417 0.464727
vt 0.061127 0.465541
vt 0.060653 0.465368
vt 0.060933 0.465084
vt 0.423361 0.957011
vt 0.423720 0.957188
vt 0.423138 0.957389
vt 0.205912 0.075675
vt 0.208821 0.078578
vt 0.362852 0.363264
vt 0.361560 0.363574
vt 0.361100 0.362050
vt 0.342083 0.661468
vt 0.344039 0.662956
vt 0.342859 0.660056
vt 0.312884 0.046986
vt 0.312456 0.045529
vt 0.312502 0.046461
vt 0.046491 0.166682
vt 0.044581 0.166096
vt 0.044287 0.166709
vt 0.374793 0.197814
vt 0.375168 0.198026
vt 0.375014 0.197352
vt 0.338566 0.032066
vt 0.339092 0.031682
vt 0.339220 0.032297
vt 0.412392 0.973207
vt 0.412686 0.973241
vt 0.412650 0.973004
vt 0.270468 0.446209
vt 0.269728 0.446258
vt 0.270219 0.445527
vt 0.473166 0.905069
vt 0.471558 0.905298
vt 0.472980 0.906478
vt 0.354736 0.323901
vt 0.355114 0.324577
vt 0.354744 0.324539
vt 0.059802 0.673332
vt 0.060255 0.673394
vt 0.059985 0.673701
vt 0.262207 0.529072
vt 0.262750 0.529261
vt 0.262217 0.529680
vt 0.254183 0.575148
vt 0.253737 0.575232
vt 0.254083 0.574917
vt 0.046082 0.312129
vt 0.045868 0.312540
vt 0.045519 0.312250
vt 0.061076 0.466035
vt 0.060721 0.466271
vt 0.060701 0.465797
vt 0.017892 0.126161
vt 0.017308 0.126104
vt 0.017710 0.125631
vt 0.034845 0.123113
vt 0.034731 0.122749
vt 0.035059 0.122619
vt 0.333089 0.773894
vt 0.332626 0.773685
vt 0.332902 0.773430
vt 0.028423 0.122687
vt 0.028113 0.123110
vt 0.028114 0.122729
vt 0.045074 0.250424
vt 0.044865 0.250488
vt 0.044677 0.250203
vt 0.064759 0.428212
vt 0.064441 0.428209
vt 0.064495 0.427410
vt 0.290116 0.196997
vt 0.289497 0.197246
vt 0.289782 0.196790
vt 0.248113 0.741381
vt 0.248477 0.741537
vt 0.248067 0.741740
vt 0.273158 0.921090
vt 0.273018 0.920756
vt 0.273382 0.920884
vt 0.178518 0.887530
vt 0.178889 0.887343
vt 0.178788 0.887745
vt 0.172262 0.883594
vt 0.172797 0.883505
vt 0.172642 0.883943
vt 0.253551 0.975799
vt 0.253228 0.975724
vt 0.253416 0.975271
vt 0.252461 0.974254
vt 0.251904 0.974469
vt 0.252250 0.974044
vt 0.108920 0.384111
vt 0.108745 0.383751
vt 0.109165 0.383612
vt 0.109610 0.384243
vt 0.109594 0.384559
vt 0.109239 0.384558
vt 0.109551 0.377862
vt 0.110000 0.378181
vt 0.109488 0.378249
vt 0.122470 0.613381
vt 0.121987 0.612956
vt 0.122530 0.612981
vt 0.207492 0.003335
vt 0.207003 0.003319
vt 0.207384 0.002949
vt 0.176772 0.768352
vt 0.176695 0.767819
vt 0.177103 0.768044
vt 0.151470 0.762185
vt 0.151617 0.762823
vt 0.151295 0.762522
vt 0.193430 0.719081
vt 0.193067 0.718861
vt 0.193449 0.718710
vt 0.112414 0.608387
vt 0.112857 0.607967
vt 0.112922 0.608410
vt 0.316608 0.232661
vt 0.316474 0.232276
vt 0.316835 0.232364
vt 0.150196 0.290442
vt 0.150428 0.289976
vt 0.150768 0.290275
vt 0.213333 0.007030
vt 0.213164 0.006709
vt 0.213507 0.006529
vt 0.290568 0.488067
vt 0.290390 0.487556
vt 0.290919 0.487665
vt 0.190504 0.831109
vt 0.190858 0.830625
vt 0.190900 0.831212
vt 0.195910 0.721590
vt 0.196288 0.721560
vt 0.196170 0.722048
vt 0.348989 0.276709
vt 0.348677 0.277251
vt 0.348249 0.276756
vt 0.188033 0.720491
vt 0.188206 0.720812
vt 0.187699 0.720698
vt 0.169062 0.586695
vt 0.168660 0.586630
vt 0.168790 0.586275
vt 0.330858 0.619683
vt 0.331155 0.619737
vt 0.330950 0.620123
vt 0.126916 0.388158
vt 0.126440 0.388052
vt 0.126716 0.388021
vt 0.118410 0.382342
vt 0.118708 0.382559
vt 0.118171 0.382561
vt 0.139295 0.280415
vt 0.139475 0.280096
vt 0.139839 0.280199
vt 0.151349 0.288721
vt 0.151026 0.288469
vt 0.151469 0.288349
vt 0.127179 0.188583
vt 0.127043 0.188069
vt 0.127606 0.188163
vt 0.270260 0.888780
vt 0.271936 0.888332
vt 0.271651 0.889196
vt 0.354939 0.200184
vt 0.353422 0.199759
vt 0.353743 0.200790
vt 0.273541 0.568163
vt 0.272649 0.567684
vt 0.273474 0.567017
vt 0.315266 0.781871
vt 0.316120 0.781641
vt 0.315761 0.782293
vt 0.160104 0.588165
vt 0.160464 0.588761
vt 0.160094 0.588614
vt 0.134478 0.125169
vt 0.140810 0.121740
vt 0.139094 0.119193
vt 0.141126 0.123842
vt 0.137010 0.126828
vt 0.140492 0.127216
vt 0.324988 0.857089
vt 0.325353 0.856081
vt 0.329161 0.858661
vt 0.198692 0.839536
vt 0.199130 0.839557
vt 0.198992 0.839985
vt 0.289021 0.318362
vt 0.289059 0.315538
vt 0.290559 0.317790
vt 0.317134 0.042117
vt 0.315935 0.043207
vt 0.315309 0.041805
vt 0.188726 0.481427
vt 0.189069 0.481312
vt 0.189135 0.481804
vt 0.026551 0.782199
vt 0.026019 0.782070
vt 0.026186 0.781644
vt 0.182509 0.482767
vt 0.182157 0.482334
vt 0.182302 0.482210
vt 0.122086 0.375000
vt 0.122113 0.375446
vt 0.121661 0.375196
vt 0.085894 0.431014
vt 0.086254 0.430610
vt 0.086297 0.431044
vt 0.284086 0.279226
vt 0.283839 0.279542
vt 0.283612 0.279143
vt 0.155356 0.751457
vt 0.154751 0.751591
vt 0.155198 0.751055
vt 0.230244 0.159832
vt 0.230381 0.160243
vt 0.229977 0.160198
vt 0.147448 0.578182
vt 0.332741 0.671792
vt 0.333105 0.671741
vt 0.332896 0.672074
vt 0.161247 0.199006
vt 0.162353 0.199232
vt 0.161887 0.199424
vt 0.241461 0.625330
vt 0.241679 0.625799
vt 0.241038 0.625691
vt 0.160310 0.341710
vt 0.160561 0.341441
vt 0.160640 0.341733
vt 0.247095 0.868819
vt 0.247512 0.869442
vt 0.246956 0.869224
vt 0.048832 0.760978
vt 0.048448 0.761116
vt 0.048479 0.760696
vt 0.146876 0.578982
vt 0.146529 0.578865
vt 0.033783 0.757004
vt 0.034343 0.756606
vt 0.034366 0.757178
vt 0.144647 0.754478
vt 0.144082 0.754360
vt 0.144511 0.754224
vt 0.017295 0.745678
vt 0.017223 0.746093
vt 0.016655 0.745748
vt 0.027264 0.767241
vt 0.026952 0.767096
vt 0.027344 0.766657
vt 0.357557 0.938600
vt 0.358117 0.939232
vt 0.357336 0.939206
vt 0.087573 0.053826
vt 0.087983 0.053340
vt 0.088012 0.053683
vt 0.137110 0.218680
vt 0.136771 0.218346
vt 0.137295 0.218055
vt 0.142026 0.223353
vt 0.142107 0.224064
vt 0.141676 0.223910
vt 0.136644 0.743679
vt 0.137087 0.743397
vt 0.137031 0.744033
vt 0.137966 0.740900
vt 0.138636 0.740533
vt 0.138500 0.741052
vt 0.247487 0.873938
vt 0.247242 0.873596
vt 0.247811 0.873582
vt 0.089119 0.033940
vt 0.089165 0.034671
vt 0.088725 0.034161
vt 0.150713 0.274446
vt 0.150602 0.274774
vt 0.150488 0.274528
vt 0.090372 0.034004
vt 0.090320 0.034292
vt 0.090042 0.034001
vt 0.080009 0.034610
vt 0.079556 0.034673
vt 0.079572 0.034189
vt 0.234691 0.498154
vt 0.235029 0.498035
vt 0.234901 0.498497
vt 0.070472 0.031536
vt 0.070105 0.031805
vt 0.070166 0.031336
vt 0.298951 0.047586
vt 0.298906 0.047921
vt 0.298607 0.047708
vt 0.298633 0.048164
vt 0.227515 0.151266
vt 0.226910 0.151232
vt 0.227063 0.150814
vt 0.141662 0.354392
vt 0.141812 0.354188
vt 0.141990 0.354635
vt 0.167732 0.252203
vt 0.168291 0.252053
vt 0.168078 0.252758
vt 0.175713 0.307975
vt 0.175450 0.308501
vt 0.175212 0.307859
vt 0.168764 0.418665
vt 0.168705 0.419186
vt 0.168408 0.418577
vt 0.170486 0.419899
vt 0.170651 0.419317
vt 0.171112 0.419801
vt 0.348537 0.138311
vt 0.348275 0.138383
vt 0.348659 0.137892
vt 0.159943 0.413948
vt 0.159950 0.413540
vt 0.160194 0.413741
vt 0.233243 0.682271
vt 0.233803 0.682493
vt 0.233503 0.682709
vt 0.227132 0.682933
vt 0.226968 0.682625
vt 0.227396 0.682549
vt 0.174804 0.797235
vt 0.174743 0.796844
vt 0.175096 0.796932
vt 0.329335 0.948002
vt 0.328970 0.948026
vt 0.328933 0.947817
vt 0.350325 0.112607
vt 0.350464 0.113084
vt 0.349904 0.112953
vt 0.319856 0.431831
vt 0.319734 0.431171
vt 0.320140 0.431568
vt 0.281909 0.685382
vt 0.282390 0.685492
vt 0.282007 0.685828
vt 0.279005 0.684171
vt 0.278483 0.684034
vt 0.279071 0.683457
vt 0.279370 0.681055
vt 0.279640 0.680756
vt 0.279617 0.681167
vt 0.220035 0.952306
vt 0.220297 0.952451
vt 0.219941 0.952662
vt 0.213343 0.949987
vt 0.213781 0.950053
vt 0.213513 0.950220
vt 0.218201 0.953048
vt 0.218184 0.952836
vt 0.218356 0.953155
vt 0.286068 0.363595
vt 0.285681 0.363424
vt 0.286025 0.362963
vt 0.044477 0.467706
vt 0.044236 0.467245
vt 0.044502 0.467046
vt 0.260193 0.343330
vt 0.259701 0.343761
vt 0.259881 0.343171
vt 0.172017 0.448486
vt 0.171972 0.448964
vt 0.171675 0.448660
vt 0.053796 0.437644
vt 0.053325 0.437853
vt 0.053236 0.437370
vt 0.448452 0.939152
vt 0.448655 0.938868
vt 0.448885 0.939147
vt 0.281011 0.852130
vt 0.280801 0.852433
vt 0.280646 0.851933
vt 0.193919 0.042908
vt 0.194540 0.043156
vt 0.193957 0.043584
vt 0.147727 0.256169
vt 0.148091 0.255940
vt 0.148259 0.256178
vt 0.148774 0.392073
vt 0.149340 0.392434
vt 0.148783 0.392654
vt 0.193173 0.628306
vt 0.193423 0.627686
vt 0.193749 0.628028
vt 0.194705 0.398972
vt 0.194636 0.399466
vt 0.194051 0.399301
vt 0.232910 0.487183
vt 0.233166 0.486789
vt 0.233312 0.487272
vt 0.142933 0.397121
vt 0.143394 0.396994
vt 0.143335 0.397394
vt 0.150956 0.402682
vt 0.151464 0.402860
vt 0.150948 0.403226
vt 0.144083 0.400982
vt 0.144107 0.401399
vt 0.143373 0.401184
vt 0.199183 0.622068
vt 0.199501 0.622092
vt 0.199524 0.622403
vt 0.260365 0.596735
vt 0.260247 0.597147
vt 0.259968 0.596907
vt 0.223153 0.094699
vt 0.222877 0.094857
vt 0.222820 0.094487
vt 0.144385 0.397446
vt 0.143894 0.397433
vt 0.144397 0.396979
vt 0.143617 0.402212
vt 0.144062 0.402169
vt 0.144013 0.402547
vt 0.109119 0.981961
vt 0.108919 0.981552
vt 0.109351 0.981392
vt 0.060499 0.713073
vt 0.060662 0.713542
vt 0.060263 0.713539
vt 0.111896 0.983458
vt 0.112148 0.983939
vt 0.111588 0.984027
vt 0.172557 0.074325
vt 0.172544 0.073759
vt 0.172970 0.074179
vt 0.243256 0.733235
vt 0.242932 0.733592
vt 0.242684 0.733142
vt 0.127582 0.997130
vt 0.128179 0.997039
vt 0.127762 0.997448
vt 0.332172 0.445148
vt 0.331972 0.445470
vt 0.331587 0.445443
vt 0.163589 0.071211
vt 0.163007 0.071438
vt 0.163237 0.070793
vt 0.333386 0.346077
vt 0.333095 0.345753
vt 0.333400 0.345662
vt 0.171159 0.374172
vt 0.170696 0.374355
vt 0.170669 0.373805
vt 0.125289 0.738276
vt 0.125386 0.737765
vt 0.125774 0.738218
vt 0.094040 0.106352
vt 0.093794 0.105818
vt 0.094264 0.105799
vt 0.162823 0.769200
vt 0.163344 0.769192
vt 0.163062 0.769571
vt 0.116511 0.171478
vt 0.115950 0.171210
vt 0.116517 0.170725
vt 0.259368 0.576280
vt 0.259430 0.575711
vt 0.259910 0.576103
vt 0.175854 0.776655
vt 0.176179 0.776972
vt 0.175846 0.777322
vt 0.170552 0.773963
vt 0.170795 0.773528
vt 0.171174 0.773920
vt 0.170519 0.491200
vt 0.170142 0.491444
vt 0.170074 0.491087
vt 0.359252 0.170421
vt 0.360149 0.170531
vt 0.359423 0.170986
vt 0.114355 0.190685
vt 0.114859 0.190488
vt 0.114708 0.191204
vt 0.288672 0.785344
vt 0.289371 0.785158
vt 0.289542 0.785996
vt 0.079195 0.101902
vt 0.079250 0.102422
vt 0.078711 0.102356
vt 0.078682 0.116143
vt 0.079161 0.116558
vt 0.078675 0.116776
vt 0.114665 0.113044
vt 0.114339 0.113240
vt 0.114135 0.112817
vt 0.246100 0.088805
vt 0.245981 0.089242
vt 0.245657 0.088940
vt 0.108056 0.178711
vt 0.107785 0.179033
vt 0.107689 0.178523
vt 0.171122 0.373652
vt 0.170729 0.489469
vt 0.170281 0.489765
vt 0.170268 0.489251
vt 0.348449 0.427109
vt 0.348721 0.426996
vt 0.348860 0.427154
vt 0.209915 0.904795
vt 0.209536 0.904710
vt 0.209789 0.904274
vt 0.213332 0.903377
vt 0.213666 0.903680
vt 0.213147 0.903841
vt 0.279447 0.411161
vt 0.278633 0.412114
vt 0.278331 0.411336
vt 0.302705 0.429139
vt 0.303182 0.428838
vt 0.303081 0.429268
vt 0.104763 0.975679
vt 0.104347 0.976188
vt 0.104289 0.975929
vt 0.166643 0.061986
vt 0.165884 0.062154
vt 0.166046 0.061629
vt 0.099081 0.867150
vt 0.099391 0.867012
vt 0.099443 0.867545
vt 0.173563 0.854710
vt 0.174116 0.854741
vt 0.173392 0.855067
vt 0.258998 0.844229
vt 0.259340 0.844140
vt 0.259247 0.845199
vt 0.339679 0.182147
vt 0.336877 0.184223
vt 0.337221 0.180651
vt 0.338298 0.178470
vt 0.188852 0.316685
vt 0.188863 0.313870
vt 0.186897 0.316838
vt 0.185017 0.313970
vt 0.187731 0.311848
vt 0.184761 0.312382
vt 0.234012 0.389629
vt 0.234656 0.391879
vt 0.231807 0.392062
vt 0.349440 0.790578
vt 0.348247 0.789764
vt 0.350612 0.789039
vt 0.240599 0.860860
vt 0.239386 0.860050
vt 0.241408 0.860179
vt 0.082750 0.260228
vt 0.082899 0.260518
vt 0.082324 0.260460
vt 0.165483 0.526968
vt 0.166503 0.526937
vt 0.166053 0.527397
vt 0.090943 0.237928
vt 0.091386 0.238099
vt 0.091251 0.238389
vt 0.318332 0.190498
vt 0.318570 0.190815
vt 0.318275 0.190876
vt 0.259175 0.122839
vt 0.259725 0.122854
vt 0.259211 0.123370
vt 0.227310 0.106299
vt 0.227729 0.106603
vt 0.227397 0.106700
vt 0.227001 0.110790
vt 0.227183 0.111165
vt 0.226845 0.111151
vt 0.244853 0.181958
vt 0.244489 0.181616
vt 0.244840 0.181418
vt 0.170301 0.519258
vt 0.169938 0.519806
vt 0.169703 0.519285
vt 0.046825 0.470764
vt 0.046873 0.470294
vt 0.047315 0.470944
vt 0.221659 0.004411
vt 0.221379 0.004083
vt 0.221607 0.003654
vt 0.218193 0.614519
vt 0.217905 0.614030
vt 0.218472 0.614155
vt 0.302853 0.079949
vt 0.302406 0.080238
vt 0.302328 0.079707
vt 0.121872 0.483665
vt 0.121557 0.483603
vt 0.121939 0.483481
vt 0.245221 0.555713
vt 0.245643 0.555741
vt 0.245513 0.555980
vt 0.153454 0.976256
vt 0.153159 0.976701
vt 0.152943 0.976137
vt 0.131606 0.855220
vt 0.131883 0.855050
vt 0.131978 0.855565
vt 0.309991 0.833455
vt 0.310425 0.833491
vt 0.310299 0.833931
vt 0.145583 0.602949
vt 0.145042 0.603082
vt 0.145162 0.602529
vt 0.317809 0.005561
vt 0.318443 0.005332
vt 0.318306 0.005992
vt 0.273109 0.348969
vt 0.273053 0.348503
vt 0.273413 0.348781
vt 0.435649 0.939860
vt 0.435860 0.940283
vt 0.435182 0.940274
vt 0.185457 0.707600
vt 0.185754 0.707771
vt 0.185726 0.708193
vt 0.072745 0.530079
vt 0.072731 0.529423
vt 0.073094 0.529898
vt 0.081967 0.526672
vt 0.081950 0.527127
vt 0.081434 0.526694
vt 0.070707 0.859098
vt 0.070360 0.858864
vt 0.070704 0.858593
vt 0.195791 0.448446
vt 0.195835 0.449057
vt 0.195293 0.448609
vt 0.118026 0.863638
vt 0.117525 0.863607
vt 0.117724 0.863176
vt 0.085663 0.544545
vt 0.085049 0.544574
vt 0.085165 0.543977
vt 0.334484 0.185865
vt 0.334079 0.185992
vt 0.334167 0.185481
vt 0.053212 0.537991
vt 0.053517 0.538200
vt 0.053070 0.538456
vt 0.086422 0.779895
vt 0.086632 0.779404
vt 0.087016 0.779624
vt 0.087206 0.537889
vt 0.086743 0.537495
vt 0.087369 0.537475
vt 0.086257 0.763337
vt 0.085898 0.763151
vt 0.086208 0.763086
vt 0.058441 0.352866
vt 0.058698 0.352431
vt 0.058883 0.352785
vt 0.063419 0.358223
vt 0.063198 0.358491
vt 0.063004 0.358171
vt 0.227676 0.211980
vt 0.227237 0.211733
vt 0.227652 0.211383
vt 0.205329 0.638712
vt 0.204865 0.638693
vt 0.205251 0.638368
vt 0.120638 0.447866
vt 0.120989 0.447464
vt 0.121231 0.448047
vt 0.118830 0.449674
vt 0.118326 0.449455
vt 0.118825 0.449160
vt 0.192182 0.972677
vt 0.191709 0.972780
vt 0.191746 0.972438
vt 0.218915 0.639649
vt 0.218433 0.639542
vt 0.218681 0.639307
vt 0.247923 0.615419
vt 0.247511 0.615611
vt 0.247383 0.615292
vt 0.088971 0.459086
vt 0.088801 0.459629
vt 0.088548 0.459143
vt 0.072220 0.108109
vt 0.072457 0.107769
vt 0.072444 0.108314
vt 0.072646 0.108639
vt 0.072894 0.108200
vt 0.072940 0.108779
vt 0.112337 0.894348
vt 0.111914 0.894677
vt 0.111817 0.894067
vt 0.109351 0.115552
vt 0.109473 0.115908
vt 0.108928 0.115947
vt 0.242665 0.762146
vt 0.242385 0.762572
vt 0.242373 0.762093
vt 0.089643 0.880176
vt 0.089833 0.880603
vt 0.089273 0.880637
vt 0.246758 0.130919
vt 0.246428 0.130717
vt 0.246805 0.130376
vt 0.109632 0.883798
vt 0.109211 0.883358
vt 0.109787 0.883303
vt 0.109569 0.883088
vt 0.109880 0.882982
vt 0.095066 0.525938
vt 0.095551 0.525653
vt 0.095584 0.526251
vt 0.192144 0.972982
vt 0.091389 0.534868
vt 0.091780 0.534758
vt 0.091686 0.535148
vt 0.300773 0.666117
vt 0.300902 0.665805
vt 0.301277 0.666016
vt 0.246072 0.664945
vt 0.246776 0.664823
vt 0.246319 0.665302
vt 0.149682 0.014253
vt 0.149351 0.014274
vt 0.149652 0.013973
vt 0.150686 0.968077
vt 0.150187 0.968327
vt 0.150232 0.967779
vt 0.090819 0.513802
vt 0.090225 0.513569
vt 0.090629 0.513459
vt 0.142179 0.010443
vt 0.142503 0.011323
vt 0.142014 0.010875
vt 0.153186 0.977285
vt 0.152715 0.977046
vt 0.091425 0.513938
vt 0.091590 0.513702
vt 0.091933 0.513990
vt 0.083221 0.513648
vt 0.083321 0.513167
vt 0.083573 0.513401
vt 0.171404 0.867499
vt 0.171299 0.868037
vt 0.170910 0.867778
vt 0.210805 0.057868
vt 0.210677 0.058319
vt 0.210503 0.057996
vt 0.212317 0.054758
vt 0.212403 0.055213
vt 0.211967 0.055049
vt 0.109646 0.851352
vt 0.110022 0.851396
vt 0.109728 0.851696
vt 0.217987 0.064402
vt 0.218234 0.064723
vt 0.217844 0.064940
vt 0.207316 0.061160
vt 0.206832 0.061431
vt 0.206782 0.060894
vt 0.174653 0.659094
vt 0.175097 0.659163
vt 0.174768 0.659603
vt 0.174878 0.658250
vt 0.175160 0.658428
vt 0.211136 0.052803
vt 0.211474 0.053200
vt 0.210997 0.053129
vt 0.176794 0.655676
vt 0.177096 0.655407
vt 0.176980 0.655931
vt 0.061878 0.197212
vt 0.061639 0.197815
vt 0.061417 0.197192
vt 0.281434 0.225698
vt 0.281042 0.225341
vt 0.281326 0.225178
vt 0.280663 0.225410
vt 0.280814 0.224971
vt 0.281087 0.224997
vt 0.233481 0.634489
vt 0.233902 0.634236
vt 0.233808 0.633724
vt 0.325485 0.035272
vt 0.325711 0.035540
vt 0.325341 0.035761
vt 0.326939 0.035627
vt 0.326749 0.036193
vt 0.326514 0.035843
vt 0.233046 0.636993
vt 0.233885 0.636729
vt 0.233598 0.637045
vt 0.229635 0.633200
vt 0.229552 0.632593
vt 0.230076 0.632702
vt 0.161886 0.862200
vt 0.162331 0.861773
vt 0.162383 0.862351
vt 0.227787 0.627807
vt 0.227504 0.628043
vt 0.227487 0.627542
vt 0.122530 0.585151
vt 0.122982 0.585002
vt 0.122712 0.585536
vt 0.281880 0.221254
vt 0.281621 0.221140
vt 0.281772 0.220872
vt 0.279364 0.221328
vt 0.279653 0.221490
vt 0.279354 0.221736
vt 0.300011 0.610212
vt 0.299642 0.609824
vt 0.300044 0.609698
vt 0.064021 0.554055
vt 0.063721 0.553727
vt 0.064161 0.553785
vt 0.172290 0.865766
vt 0.172627 0.865641
vt 0.172499 0.866111
vt 0.173140 0.869647
vt 0.173441 0.870070
vt 0.173015 0.870149
vt 0.082178 0.405355
vt 0.082383 0.405092
vt 0.082417 0.405562
vt 0.172048 0.870014
vt 0.172603 0.869938
vt 0.172264 0.870492
vt 0.173051 0.866157
vt 0.172783 0.866382
vt 0.172805 0.865986
vt 0.162967 0.868443
vt 0.163519 0.868366
vt 0.075990 0.405220
vt 0.076287 0.404670
vt 0.076498 0.405193
vt 0.075708 0.404783
vt 0.075532 0.404228
vt 0.075994 0.404232
vt 0.031663 0.039172
vt 0.031875 0.038693
vt 0.032149 0.039098
vt 0.072492 0.403681
vt 0.072633 0.403239
vt 0.072908 0.403383
vt 0.079531 0.406421
vt 0.079737 0.405921
vt 0.079914 0.406410
vt 0.076219 0.412160
vt 0.076491 0.411647
vt 0.076766 0.412139
vt 0.072076 0.413703
vt 0.071669 0.413806
vt 0.071816 0.413273
vt 0.087755 0.413202
vt 0.090225 0.409699
vt 0.089591 0.409393
vt 0.089934 0.409087
vt 0.324431 0.040172
vt 0.324885 0.040069
vt 0.324579 0.040572
vt 0.557289 0.924523
vt 0.557863 0.924060
vt 0.557359 0.924054
vt 0.090397 0.409214
vt 0.090154 0.408839
vt 0.097130 0.414537
vt 0.097497 0.414593
vt 0.097261 0.415066
vt 0.301115 0.215877
vt 0.300628 0.215903
vt 0.300841 0.215491
vt 0.091915 0.403683
vt 0.092195 0.404047
vt 0.091739 0.403862
vt 0.325209 0.041261
vt 0.324878 0.041695
vt 0.324693 0.041294
vt 0.092144 0.404729
vt 0.091701 0.404713
vt 0.091946 0.404360
vt 0.089792 0.408501
vt 0.089438 0.408868
vt 0.096529 0.413806
vt 0.096281 0.413817
vt 0.096602 0.413418
vt 0.299524 0.217829
vt 0.299956 0.217572
vt 0.299896 0.217852
vt 0.328227 0.503024
vt 0.327629 0.502575
vt 0.328069 0.502434
vt 0.215648 0.063836
vt 0.215976 0.063856
vt 0.215728 0.064104
vt 0.207631 0.065778
vt 0.207388 0.065398
vt 0.207707 0.065159
vt 0.184158 0.178700
vt 0.184384 0.179124
vt 0.183945 0.178975
vt 0.289619 0.804632
vt 0.289188 0.804857
vt 0.289220 0.804468
vt 0.117326 0.551140
vt 0.117104 0.551585
vt 0.116815 0.551172
vt 0.112110 0.551087
vt 0.112524 0.551130
vt 0.112345 0.551492
vt 0.073315 0.419493
vt 0.072903 0.419463
vt 0.072959 0.419003
vt 0.108905 0.551703
vt 0.108376 0.551553
vt 0.108713 0.551158
vt 0.231091 0.348329
vt 0.230642 0.348511
vt 0.231001 0.347800
vt 0.110567 0.562850
vt 0.110099 0.562871
vt 0.110160 0.562421
vt 0.216954 0.324667
vt 0.217027 0.324147
vt 0.217507 0.324426
vt 0.217924 0.326646
vt 0.218249 0.326555
vt 0.218255 0.326951
vt 0.293896 0.810912
vt 0.294217 0.810705
vt 0.294249 0.811126
vt 0.168137 0.634353
vt 0.168218 0.633799
vt 0.168609 0.634177
vt 0.119041 0.756084
vt 0.119157 0.755670
vt 0.119512 0.755924
vt 0.125817 0.761460
vt 0.126321 0.762014
vt 0.125885 0.762042
vt 0.113779 0.762886
vt 0.113268 0.762855
vt 0.113544 0.762397
vt 0.291367 0.812956
vt 0.291740 0.813210
vt 0.291385 0.813444
vt 0.113793 0.761992
vt 0.114246 0.761667
vt 0.114190 0.762358
vt 0.109769 0.764832
vt 0.109470 0.764079
vt 0.110239 0.764399
vt 0.112139 0.762119
vt 0.111905 0.761676
vt 0.112415 0.761784
vt 0.209810 0.332025
vt 0.210224 0.331945
vt 0.210148 0.332426
vt 0.212863 0.331995
vt 0.213470 0.332290
vt 0.213041 0.332562
vt 0.229263 0.291894
vt 0.228977 0.292288
vt 0.228925 0.291862
vt 0.121979 0.764262
vt 0.122258 0.763860
vt 0.122445 0.764316
vt 0.210575 0.332032
vt 0.210991 0.332095
vt 0.210667 0.332464
vt 0.229494 0.293708
vt 0.229023 0.293499
vt 0.229406 0.293081
vt 0.224267 0.298597
vt 0.224461 0.298938
vt 0.223883 0.298634
vt 0.221622 0.296032
vt 0.221782 0.295798
vt 0.221843 0.296309
vt 0.222226 0.296008
vt 0.224329 0.290716
vt 0.224172 0.291319
vt 0.223891 0.290854
vt 0.317661 0.695699
vt 0.318086 0.695417
vt 0.317919 0.695871
vt 0.226056 0.286206
vt 0.225642 0.286020
vt 0.226056 0.285831
vt 0.048431 0.428477
vt 0.048171 0.428288
vt 0.048374 0.428232
vt 0.044619 0.425299
vt 0.045007 0.424885
vt 0.045031 0.425443
vt 0.044328 0.426570
vt 0.044465 0.426953
vt 0.044150 0.426783
vt 0.210638 0.326118
vt 0.211086 0.325986
vt 0.210950 0.326447
vt 0.209877 0.327371
vt 0.210327 0.327534
vt 0.209920 0.327868
vt 0.229255 0.285401
vt 0.228893 0.285876
vt 0.228849 0.285493
vt 0.227017 0.286006
vt 0.226541 0.286446
vt 0.226712 0.285807
vt 0.227222 0.286294
vt 0.227920 0.286051
vt 0.227413 0.285916
vt 0.227741 0.285614
vt 0.227226 0.285555
vt 0.207948 0.323789
vt 0.207891 0.324349
vt 0.207424 0.324209
vt 0.124495 0.568214
vt 0.123994 0.568276
vt 0.124355 0.567673
vt 0.046515 0.424741
vt 0.046868 0.424336
vt 0.046951 0.424855
vt 0.116380 0.557724
vt 0.116902 0.557344
vt 0.116797 0.558039
vt 0.118394 0.559776
vt 0.118112 0.559401
vt 0.118532 0.559320
vt 0.119632 0.556597
vt 0.119410 0.556061
vt 0.119893 0.556305
vt 0.120673 0.557899
vt 0.120116 0.557814
vt 0.120483 0.557519
vt 0.119309 0.552966
vt 0.119547 0.553469
vt 0.118988 0.553404
vt 0.044464 0.498931
vt 0.044799 0.498923
vt 0.044413 0.499310
vt 0.127379 0.564707
vt 0.127943 0.564681
vt 0.127868 0.565414
vt 0.350780 0.772629
vt 0.351099 0.772629
vt 0.350902 0.773048
vt 0.302251 0.221876
vt 0.302677 0.221476
vt 0.302678 0.222094
vt 0.351120 0.771613
vt 0.351326 0.771563
vt 0.351093 0.771870
vt 0.127034 0.559878
vt 0.126567 0.559876
vt 0.126909 0.559414
vt 0.044212 0.498838
vt 0.044077 0.498547
vt 0.044493 0.498571
vt 0.089440 0.418099
vt 0.089910 0.417909
vt 0.089783 0.418487
vt 0.092286 0.419267
vt 0.091865 0.419106
vt 0.092318 0.418821
vt 0.210703 0.324032
vt 0.210380 0.324125
vt 0.210463 0.323840
vt 0.213258 0.322687
vt 0.212912 0.322321
vt 0.213349 0.322402
vt 0.441833 0.979505
vt 0.442045 0.979897
vt 0.441564 0.979711
vt 0.191118 0.164552
vt 0.190856 0.165164
vt 0.190509 0.164754
vt 0.191227 0.165137
vt 0.191500 0.164788
vt 0.194639 0.172078
vt 0.194247 0.171818
vt 0.194669 0.171466
vt 0.142604 0.802425
vt 0.142697 0.802797
vt 0.142163 0.802531
vt 0.192038 0.176905
vt 0.191553 0.177087
vt 0.191668 0.176751
vt 0.191534 0.174715
vt 0.191801 0.174235
vt 0.192078 0.174627
vt 0.143138 0.797112
vt 0.143717 0.797254
vt 0.143257 0.797593
vt 0.216652 0.065342
vt 0.216630 0.065589
vt 0.216290 0.065619
vt 0.183801 0.178433
vt 0.183662 0.178725
vt 0.183247 0.178338
vt 0.194949 0.171768
vt 0.195087 0.172101
vt 0.109917 0.359634
vt 0.110409 0.359767
vt 0.110146 0.360139
vt 0.056751 0.210763
vt 0.056906 0.210297
vt 0.057183 0.210672
vt 0.609909 0.926394
vt 0.609846 0.927043
vt 0.610611 0.926871
vt 0.164068 0.181664
vt 0.164384 0.181448
vt 0.164457 0.181962
vt 0.164579 0.182876
vt 0.164397 0.183390
vt 0.164259 0.182907
vt 0.210159 0.071194
vt 0.210020 0.071743
vt 0.209654 0.071423
vt 0.165223 0.182719
vt 0.165097 0.183082
vt 0.164886 0.182612
vt 0.323472 0.047011
vt 0.162526 0.185881
vt 0.162396 0.185360
vt 0.162831 0.185934
vt 0.162697 0.186396
vt 0.115790 0.365724
vt 0.116291 0.365919
vt 0.115919 0.366373
vt 0.114182 0.367526
vt 0.114539 0.367482
vt 0.114386 0.367790
vt 0.110359 0.363138
vt 0.109925 0.362626
vt 0.110445 0.362293
vt 0.115495 0.366553
vt 0.115173 0.366933
vt 0.115234 0.366481
vt 0.122720 0.366157
vt 0.123264 0.366323
vt 0.122706 0.366788
vt 0.121741 0.367287
vt 0.121748 0.367830
vt 0.121316 0.367312
vt 0.349008 0.493589
vt 0.348222 0.493959
vt 0.109698 0.363126
vt 0.109344 0.362558
vt 0.221923 0.288966
vt 0.221677 0.288821
vt 0.222055 0.288593
vt 0.106465 0.356497
vt 0.105709 0.357872
vt 0.104972 0.357550
vt 0.109407 0.360261
vt 0.108965 0.360075
vt 0.109212 0.359627
vt 0.111079 0.361015
vt 0.110433 0.360928
vt 0.110947 0.360586
vt 0.318079 0.696848
vt 0.317702 0.696480
vt 0.317948 0.696423
vt 0.318220 0.695979
vt 0.317232 0.694854
vt 0.317104 0.694417
vt 0.317433 0.694468
vt 0.169139 0.627181
vt 0.168758 0.626966
vt 0.169189 0.626730
vt 0.170910 0.626881
vt 0.170271 0.626870
vt 0.170489 0.626325
vt 0.173863 0.639663
vt 0.125226 0.761543
vt 0.125480 0.761970
vt 0.069448 0.781348
vt 0.068992 0.781217
vt 0.069236 0.781060
vt 0.169933 0.628198
vt 0.169925 0.627606
vt 0.170410 0.627922
vt 0.169671 0.627047
vt 0.170535 0.630958
vt 0.170378 0.631546
vt 0.170016 0.631304
vt 0.172221 0.625403
vt 0.172840 0.625305
vt 0.172736 0.625796
vt 0.178857 0.626155
vt 0.179078 0.625841
vt 0.179260 0.626216
vt 0.177902 0.626743
vt 0.177945 0.627145
vt 0.177563 0.626699
vt 0.178851 0.630943
vt 0.179268 0.631238
vt 0.178867 0.631295
vt 0.069087 0.780742
vt 0.068738 0.780643
vt 0.178295 0.631954
vt 0.178627 0.631993
vt 0.178545 0.632295
vt 0.070864 0.779465
vt 0.070600 0.779599
vt 0.070653 0.779238
vt 0.070773 0.781134
vt 0.071160 0.781408
vt 0.070744 0.781512
vt 0.075407 0.784927
vt 0.075862 0.785237
vt 0.075522 0.785421
vt 0.222683 0.470172
vt 0.223099 0.470127
vt 0.222786 0.470574
vt 0.073667 0.775011
vt 0.074034 0.774893
vt 0.073939 0.775320
vt 0.086211 0.779313
vt 0.226512 0.474670
vt 0.226799 0.474346
vt 0.227046 0.474816
vt 0.085842 0.779080
vt 0.085858 0.779433
vt 0.085566 0.779449
vt 0.079477 0.775887
vt 0.078931 0.775972
vt 0.079277 0.775413
vt 0.080774 0.779435
vt 0.080865 0.779014
vt 0.081286 0.779389
vt 0.080485 0.778305
vt 0.081176 0.778511
vt 0.080769 0.778675
vt 0.267655 0.810908
vt 0.267199 0.810923
vt 0.267450 0.810494
vt 0.079121 0.766220
vt 0.079110 0.765699
vt 0.079644 0.766038
vt 0.226015 0.474530
vt 0.226285 0.474229
vt 0.361922 0.845515
vt 0.362088 0.846517
vt 0.361273 0.846248
vt 0.128609 0.368866
vt 0.128189 0.368577
vt 0.128473 0.368183
vt 0.302450 0.717007
vt 0.302581 0.718062
vt 0.303071 0.717750
vt 0.080938 0.763527
vt 0.080955 0.764028
vt 0.080537 0.763837
vt 0.085710 0.763837
vt 0.086111 0.763631
vt 0.086309 0.763959
vt 0.173257 0.186890
vt 0.173020 0.187248
vt 0.172749 0.186879
vt 0.171628 0.187334
vt 0.171804 0.187911
vt 0.171152 0.187670
vt 0.349889 0.494645
vt 0.623707 0.940551
vt 0.624009 0.940985
vt 0.623413 0.940842
vt 0.302092 0.717881
vt 0.123904 0.360608
vt 0.124012 0.361342
vt 0.123649 0.360945
vt 0.302116 0.718717
vt 0.302830 0.718636
vt 0.303153 0.718305
vt 0.301555 0.721607
vt 0.301085 0.721299
vt 0.301098 0.721840
vt 0.301499 0.722079
vt 0.301237 0.722153
vt 0.300590 0.721436
vt 0.300605 0.721886
vt 0.080741 0.566370
vt 0.081238 0.566215
vt 0.081308 0.566562
vt 0.192918 0.177375
vt 0.192527 0.177562
vt 0.192517 0.177365
vt 0.178034 0.185429
vt 0.177930 0.185809
vt 0.177545 0.185572
vt 0.622636 0.940001
vt 0.622320 0.940094
vt 0.622369 0.939715
vt 0.080992 0.568560
vt 0.081631 0.568476
vt 0.081418 0.568794
vt 0.310945 0.825215
vt 0.311251 0.824850
vt 0.311269 0.825420
vt 0.124276 0.865640
vt 0.123767 0.865729
vt 0.123890 0.865272
vt 0.077073 0.562586
vt 0.076725 0.563040
vt 0.076563 0.562591
vt 0.076662 0.563883
vt 0.076925 0.563491
vt 0.077205 0.563865
vt 0.069286 0.559689
vt 0.069549 0.560201
vt 0.069208 0.560168
vt 0.069737 0.559941
vt 0.070124 0.560074
vt 0.069959 0.560483
vt 0.079501 0.557517
vt 0.079742 0.557156
vt 0.080008 0.557766
vt 0.079387 0.557949
vt 0.079099 0.557533
vt 0.079803 0.555165
vt 0.080359 0.555210
vt 0.080293 0.555662
vt 0.072841 0.552473
vt 0.073265 0.552876
vt 0.072719 0.552947
vt 0.076595 0.553594
vt 0.076037 0.553336
vt 0.076273 0.553113
vt 0.078398 0.552572
vt 0.078745 0.552334
vt 0.078868 0.552881
vt 0.077311 0.551616
vt 0.077473 0.552302
vt 0.076908 0.551961
vt 0.115209 0.869073
vt 0.115522 0.869327
vt 0.115079 0.869553
vt 0.118212 0.865074
vt 0.117774 0.865026
vt 0.118287 0.864701
vt 0.122704 0.865007
vt 0.122498 0.864421
vt 0.123145 0.864626
vt 0.119673 0.860246
vt 0.119156 0.860133
vt 0.119379 0.859683
vt 0.368499 0.129346
vt 0.368959 0.129325
vt 0.368867 0.129878
vt 0.122832 0.851608
vt 0.122462 0.851222
vt 0.122976 0.851448
vt 0.122087 0.845614
vt 0.121528 0.845656
vt 0.121680 0.845137
vt 0.119322 0.844523
vt 0.119245 0.844117
vt 0.119803 0.844642
vt 0.114529 0.853874
vt 0.114309 0.854355
vt 0.114018 0.854049
vt 0.121265 0.859644
vt 0.121820 0.859829
vt 0.121184 0.860240
vt 0.115130 0.852466
vt 0.114697 0.852161
vt 0.124450 0.856369
vt 0.124442 0.856991
vt 0.124023 0.856563
vt 0.062482 0.166408
vt 0.062976 0.166779
vt 0.062373 0.166881
vt 0.160353 0.647466
vt 0.160710 0.647664
vt 0.160621 0.648105
vt 0.057477 0.169158
vt 0.057698 0.169696
vt 0.057184 0.169629
vt 0.109995 0.490744
vt 0.110077 0.491021
vt 0.113282 0.485081
vt 0.112650 0.484696
vt 0.113180 0.484453
vt 0.112255 0.487970
vt 0.112414 0.487673
vt 0.112679 0.487955
vt 0.109271 0.489111
vt 0.109489 0.489383
vt 0.109094 0.489403
vt 0.109719 0.490508
vt 0.116118 0.850850
vt 0.115873 0.851487
vt 0.115504 0.851085
vt 0.110133 0.856237
vt 0.110364 0.855760
vt 0.110663 0.855861
vt 0.304956 0.902811
vt 0.304848 0.903262
vt 0.304345 0.902995
vt 0.113765 0.854437
vt 0.113562 0.854128
vt 0.301561 0.903668
vt 0.301753 0.904116
vt 0.301106 0.904063
vt 0.320110 0.709667
vt 0.319650 0.709667
vt 0.319916 0.709217
vt 0.170993 0.648318
vt 0.171483 0.648338
vt 0.171188 0.648789
vt 0.301746 0.907233
vt 0.301585 0.907031
vt 0.150464 0.786600
vt 0.150188 0.786002
vt 0.150729 0.786007
vt 0.151867 0.792766
vt 0.151865 0.792248
vt 0.152325 0.792371
vt 0.435393 0.976704
vt 0.435500 0.976960
vt 0.435157 0.976946
vt 0.147642 0.792266
vt 0.147545 0.792761
vt 0.147372 0.792504
vt 0.143807 0.794321
vt 0.144224 0.794209
vt 0.144161 0.794569
vt 0.153404 0.791088
vt 0.153050 0.790854
vt 0.153563 0.790736
vt 0.173716 0.647401
vt 0.173505 0.646888
vt 0.174025 0.646970
vt 0.108960 0.860916
vt 0.109487 0.860647
vt 0.109321 0.861238
vt 0.105610 0.863053
vt 0.105562 0.862708
vt 0.105880 0.863005
vt 0.142399 0.787376
vt 0.142507 0.787878
vt 0.142048 0.787863
vt 0.140046 0.785050
vt 0.139898 0.784432
vt 0.140557 0.784785
vt 0.142161 0.790417
vt 0.142613 0.790775
vt 0.142282 0.790933
vt 0.171833 0.649240
vt 0.172021 0.649692
vt 0.171707 0.649462
vt 0.136885 0.783416
vt 0.136724 0.783918
vt 0.136332 0.783405
vt 0.136728 0.782974
vt 0.140690 0.784025
vt 0.174973 0.647817
vt 0.174831 0.648287
vt 0.174608 0.647983
vt 0.225664 0.626846
vt 0.225106 0.626967
vt 0.225133 0.626440
vt 0.256558 0.230904
vt 0.256647 0.230425
vt 0.256866 0.230992
vt 0.166064 0.647751
vt 0.165574 0.647507
vt 0.166174 0.647366
vt 0.164510 0.648364
vt 0.164093 0.648232
vt 0.164515 0.647905
vt 0.164901 0.646778
vt 0.165107 0.646104
vt 0.165466 0.646497
vt 0.057521 0.210125
vt 0.058070 0.209642
vt 0.057937 0.210121
vt 0.316939 0.886105
vt 0.317463 0.885624
vt 0.317567 0.886057
vt 0.349873 0.089308
vt 0.350869 0.089073
vt 0.350406 0.089678
vt 0.369117 0.433461
vt 0.369410 0.433276
vt 0.369058 0.434043
vt 0.253335 0.233908
vt 0.253708 0.233996
vt 0.253386 0.234376
vt 0.056401 0.210186
vt 0.056829 0.209709
vt 0.266901 0.715214
vt 0.267048 0.715742
vt 0.266497 0.715612
vt 0.188798 0.469501
vt 0.188688 0.469079
vt 0.189143 0.469189
vt 0.188849 0.468728
vt 0.189352 0.462292
vt 0.188842 0.462586
vt 0.188935 0.462174
vt 0.190474 0.466130
vt 0.190808 0.465797
vt 0.190805 0.466165
vt 0.197866 0.477450
vt 0.198319 0.477280
vt 0.198188 0.477533
vt 0.317025 0.702601
vt 0.317478 0.702518
vt 0.317263 0.702805
vt 0.197167 0.477925
vt 0.197392 0.477563
vt 0.197787 0.477779
vt 0.198081 0.473057
vt 0.197923 0.472612
vt 0.198542 0.472686
vt 0.212620 0.613575
vt 0.212658 0.614182
vt 0.212162 0.613898
vt 0.363701 0.830186
vt 0.363643 0.830545
vt 0.363340 0.830329
vt 0.362167 0.624586
vt 0.362354 0.624847
vt 0.361996 0.624834
vt 0.363560 0.829652
vt 0.363493 0.829953
vt 0.363317 0.829744
vt 0.224732 0.901793
vt 0.224771 0.901340
vt 0.225006 0.901712
vt 0.226156 0.905468
vt 0.225883 0.905334
vt 0.225980 0.905071
vt 0.119657 0.476634
vt 0.119925 0.476881
vt 0.119362 0.476958
vt 0.198769 0.466503
vt 0.198222 0.466523
vt 0.198489 0.466235
vt 0.197770 0.466148
vt 0.198225 0.466027
vt 0.210541 0.616165
vt 0.210071 0.616188
vt 0.210125 0.615762
vt 0.110428 0.480717
vt 0.110396 0.480312
vt 0.110729 0.480553
vt 0.120741 0.482606
vt 0.120327 0.482176
vt 0.120768 0.482051
vt 0.325206 0.626008
vt 0.325045 0.625408
vt 0.325605 0.625727
vt 0.363825 0.176367
vt 0.363462 0.177056
vt 0.363544 0.176693
vt 0.315813 0.080442
vt 0.316185 0.080063
vt 0.316276 0.080684
vt 0.199523 0.471375
vt 0.199079 0.471155
vt 0.199480 0.470914
vt 0.317916 0.702254
vt 0.318137 0.701855
vt 0.318328 0.702197
vt 0.316641 0.080384
vt 0.316603 0.079934
vt 0.255405 0.240825
vt 0.254869 0.240821
vt 0.255094 0.240635
vt 0.283930 0.541270
vt 0.284360 0.540933
vt 0.285043 0.541706
vt 0.158992 0.648765
vt 0.158852 0.648116
vt 0.159381 0.648371
vt 0.339721 0.005438
vt 0.339967 0.005030
vt 0.340172 0.005461
vt 0.362568 0.177653
vt 0.362831 0.178149
vt 0.362267 0.178190
vt 0.323434 0.349766
vt 0.324031 0.349724
vt 0.323351 0.350077
vt 0.273402 0.717670
vt 0.273663 0.718022
vt 0.273168 0.718154
vt 0.298561 0.902062
vt 0.299023 0.902226
vt 0.298215 0.902688
vt 0.282976 0.366426
vt 0.283164 0.366647
vt 0.282712 0.366768
vt 0.248447 0.689291
vt 0.248390 0.688943
vt 0.248723 0.689128
vt 0.327474 0.658486
vt 0.327178 0.658726
vt 0.327067 0.658313
vt 0.248616 0.686512
vt 0.248906 0.686230
vt 0.248921 0.686718
vt 0.113764 0.022463
vt 0.113017 0.022502
vt 0.113495 0.021964
vt 0.247577 0.225141
vt 0.247746 0.225360
vt 0.247557 0.225536
vt 0.247905 0.225604
vt 0.248062 0.223412
vt 0.248440 0.223209
vt 0.248274 0.223800
vt 0.308927 0.958171
vt 0.308572 0.958607
vt 0.308428 0.957987
vt 0.308217 0.958405
vt 0.312075 0.954702
vt 0.311606 0.954619
vt 0.311911 0.954416
vt 0.303606 0.689204
vt 0.303002 0.689139
vt 0.303122 0.688686
vt 0.318665 0.956401
vt 0.318776 0.956846
vt 0.318394 0.956659
vt 0.118417 0.013307
vt 0.118735 0.013916
vt 0.118020 0.013638
vt 0.119478 0.012960
vt 0.120050 0.013046
vt 0.119772 0.013306
vt 0.118272 0.023547
vt 0.117968 0.023443
vt 0.118202 0.023033
vt 0.115588 0.021823
vt 0.115319 0.022325
vt 0.115188 0.021965
vt 0.186754 0.461763
vt 0.186369 0.461432
vt 0.186768 0.461140
vt 0.124630 0.020782
vt 0.124778 0.020169
vt 0.124979 0.020697
vt 0.184164 0.466034
vt 0.183836 0.466266
vt 0.183826 0.465787
vt 0.113101 0.028074
vt 0.113466 0.028301
vt 0.113061 0.028505
vt 0.121725 0.586368
vt 0.121934 0.586947
vt 0.121418 0.586833
vt 0.055104 0.194596
vt 0.055117 0.195033
vt 0.054658 0.194904
vt 0.122434 0.592915
vt 0.122005 0.593339
vt 0.121957 0.592856
vt 0.119315 0.587374
vt 0.119547 0.586927
vt 0.119789 0.587294
vt 0.118737 0.594091
vt 0.118697 0.594527
vt 0.118210 0.594176
vt 0.118215 0.592817
vt 0.118109 0.593326
vt 0.117770 0.592984
vt 0.358807 0.396791
vt 0.359219 0.396923
vt 0.358967 0.397407
vt 0.183468 0.465937
vt 0.183539 0.466503
vt 0.183171 0.466272
vt 0.116682 0.029404
vt 0.116902 0.028772
vt 0.117164 0.029264
vt 0.109248 0.029925
vt 0.109694 0.029738
vt 0.109566 0.030326
vt 0.320474 0.733560
vt 0.320744 0.733866
vt 0.320383 0.733960
vt 0.311664 0.749132
vt 0.311238 0.748782
vt 0.311717 0.748753
vt 0.245931 0.573265
vt 0.245826 0.572938
vt 0.246256 0.573020
vt 0.260834 0.934742
vt 0.261135 0.935283
vt 0.260456 0.935276
vt 0.261337 0.936431
vt 0.260919 0.936359
vt 0.261220 0.935962
vt 0.257527 0.929131
vt 0.257864 0.928672
vt 0.258030 0.929146
vt 0.247134 0.572125
vt 0.246767 0.571878
vt 0.247296 0.571687
vt 0.355272 0.852638
vt 0.355428 0.853015
vt 0.355145 0.853312
vt 0.090927 0.223145
vt 0.090472 0.223535
vt 0.090494 0.223017
vt 0.090796 0.225755
vt 0.091296 0.226029
vt 0.090751 0.226502
vt 0.093210 0.221091
vt 0.093763 0.220889
vt 0.093559 0.221389
vt 0.088726 0.223415
vt 0.089071 0.223624
vt 0.088492 0.223850
vt 0.124170 0.248639
vt 0.124723 0.248556
vt 0.091790 0.212133
vt 0.091550 0.211695
vt 0.092024 0.211737
vt 0.122935 0.245298
vt 0.123649 0.244984
vt 0.123332 0.245525
vt 0.123299 0.239996
vt 0.122826 0.240005
vt 0.122935 0.239592
vt 0.116145 0.235388
vt 0.116075 0.235820
vt 0.115602 0.235345
vt 0.212549 0.042522
vt 0.212599 0.043030
vt 0.212107 0.042674
vt 0.128740 0.235044
vt 0.129126 0.235190
vt 0.128977 0.235644
vt 0.354834 0.850966
vt 0.354565 0.851218
vt 0.354650 0.850748
vt 0.207425 0.040473
vt 0.207104 0.040131
vt 0.207519 0.040067
vt 0.206201 0.038415
vt 0.205937 0.038706
vt 0.205726 0.038286
vt 0.205474 0.037627
vt 0.205838 0.037835
vt 0.205347 0.037986
vt 0.175646 0.985196
vt 0.175689 0.984945
vt 0.176114 0.985088
vt 0.192832 0.769831
vt 0.193048 0.770085
vt 0.192599 0.770122
vt 0.192871 0.766189
vt 0.193486 0.766015
vt 0.193172 0.766656
vt 0.061200 0.229004
vt 0.061657 0.229108
vt 0.061391 0.229490
vt 0.177494 0.985297
vt 0.177884 0.985543
vt 0.177461 0.985578
vt 0.060850 0.228949
vt 0.061040 0.229312
vt 0.239076 0.675595
vt 0.239018 0.675966
vt 0.238791 0.675736
vt 0.217474 0.041193
vt 0.217978 0.041408
vt 0.217845 0.041784
vt 0.240650 0.679836
vt 0.240995 0.679353
vt 0.241177 0.679949
vt 0.247004 0.681848
vt 0.246542 0.681424
vt 0.246940 0.681329
vt 0.248650 0.676529
vt 0.248325 0.676255
vt 0.248712 0.676001
vt 0.055070 0.232949
vt 0.054747 0.232747
vt 0.055001 0.232349
vt 0.054227 0.231800
vt 0.054207 0.232154
vt 0.053822 0.232063
vt 0.245822 0.680387
vt 0.245898 0.679873
vt 0.246222 0.680255
vt 0.247837 0.681389
vt 0.247407 0.681403
vt 0.247698 0.681146
vt 0.242790 0.686305
vt 0.243273 0.686342
vt 0.242950 0.686648
vt 0.243025 0.685089
vt 0.243212 0.684644
vt 0.243493 0.684953
vt 0.347955 0.004242
vt 0.347692 0.003630
vt 0.348128 0.003626
vt 0.347899 0.003060
vt 0.347547 0.003057
vt 0.128417 0.234804
vt 0.128170 0.234952
vt 0.128066 0.234382
vt 0.247334 0.558209
vt 0.247566 0.558634
vt 0.247167 0.558372
vt 0.053351 0.233940
vt 0.053124 0.233508
vt 0.053570 0.233380
vt 0.052988 0.233983
vt 0.054766 0.233765
vt 0.055231 0.234063
vt 0.054640 0.234222
vt 0.088068 0.228954
vt 0.087668 0.229119
vt 0.087436 0.228790
vt 0.086789 0.229028
vt 0.086759 0.228561
vt 0.243225 0.578731
vt 0.242817 0.578840
vt 0.242941 0.578425
vt 0.326573 0.137070
vt 0.327554 0.136619
vt 0.327002 0.137751
vt 0.009032 0.219436
vt 0.009158 0.219936
vt 0.008582 0.219995
vt 0.009037 0.223295
vt 0.009377 0.223381
vt 0.008963 0.223719
vt 0.338476 0.920404
vt 0.338399 0.920268
vt 0.338743 0.920129
vt 0.284981 0.245132
vt 0.284455 0.245823
vt 0.284064 0.245773
vt 0.019150 0.213475
vt 0.018417 0.213517
vt 0.018852 0.213079
vt 0.018700 0.212676
vt 0.018997 0.212301
vt 0.019174 0.212674
vt 0.278193 0.671677
vt 0.278507 0.671348
vt 0.278606 0.671824
vt 0.014658 0.213454
vt 0.014338 0.213188
vt 0.014774 0.213049
vt 0.282487 0.673220
vt 0.282257 0.673650
vt 0.282053 0.673196
vt 0.506219 0.950965
vt 0.286099 0.675519
vt 0.286241 0.676734
vt 0.285412 0.676752
vt 0.348464 0.648460
vt 0.350858 0.649018
vt 0.349277 0.650070
vt 0.506096 0.950112
vt 0.506556 0.949957
vt 0.506282 0.950315
vt 0.261114 0.939145
vt 0.260362 0.938850
vt 0.261136 0.938491
vt 0.260443 0.939448
vt 0.283033 0.677097
vt 0.283863 0.676813
vt 0.283936 0.677301
vt 0.194992 0.426862
vt 0.194467 0.426979
vt 0.194670 0.426778
vt 0.194605 0.428566
vt 0.194587 0.428155
vt 0.194971 0.428534
vt 0.312144 0.749099
vt 0.190132 0.427193
vt 0.189645 0.427232
vt 0.189898 0.426821
vt 0.189443 0.426826
vt 0.191025 0.429030
vt 0.190480 0.429058
vt 0.190753 0.428819
vt 0.052321 0.201681
vt 0.052768 0.201775
vt 0.052585 0.202079
vt 0.052783 0.198196
vt 0.052310 0.198599
vt 0.052267 0.198147
vt 0.051467 0.198229
vt 0.051898 0.198447
vt 0.051493 0.198813
vt 0.053367 0.202599
vt 0.053593 0.203181
vt 0.053019 0.202974
vt 0.313355 0.462703
vt 0.313771 0.462735
vt 0.313694 0.463166
vt 0.370629 0.098594
vt 0.370414 0.099222
vt 0.369953 0.098781
vt 0.369906 0.097933
vt 0.278801 0.526654
vt 0.279095 0.526880
vt 0.278870 0.527096
vt 0.282337 0.371901
vt 0.282599 0.371591
vt 0.282955 0.371874
vt 0.281833 0.371477
vt 0.350971 0.534847
vt 0.351061 0.534542
vt 0.351570 0.534534
vt 0.298510 0.609419
vt 0.298907 0.608998
vt 0.298948 0.609526
vt 0.285681 0.153481
vt 0.285074 0.153797
vt 0.285203 0.153476
vt 0.298530 0.608887
vt 0.299189 0.609843
vt 0.299470 0.609438
vt 0.272049 0.530006
vt 0.271660 0.529206
vt 0.272989 0.529062
vt 0.320360 0.858072
vt 0.319616 0.858282
vt 0.319539 0.857862
vt 0.252953 0.239052
vt 0.253309 0.239277
vt 0.253124 0.239402
vt 0.318642 0.352011
vt 0.319222 0.352328
vt 0.319032 0.351735
vt 0.309419 0.948063
vt 0.309151 0.945833
vt 0.307010 0.946404
vt 0.285274 0.422019
vt 0.284099 0.420156
vt 0.285873 0.421354
vt 0.226865 0.989939
vt 0.221853 0.988787
vt 0.223917 0.987833
vt 0.365489 0.016365
vt 0.365758 0.016115
vt 0.366019 0.016237
vt 0.337612 0.230163
vt 0.337896 0.229692
vt 0.338366 0.229903
vt 0.124763 0.578101
vt 0.125340 0.577915
vt 0.125262 0.578197
vt 0.345347 0.364894
vt 0.345111 0.364975
vt 0.345143 0.364604
vt 0.280520 0.375679
vt 0.280628 0.376294
vt 0.279999 0.376222
vt 0.313734 0.165281
vt 0.313512 0.164952
vt 0.313985 0.164969
vt 0.121931 0.576938
vt 0.121591 0.577474
vt 0.121435 0.576940
vt 0.345296 0.365184
vt 0.345600 0.365021
vt 0.345550 0.365365
vt 0.345867 0.365173
vt 0.641952 0.950029
vt 0.641670 0.949932
vt 0.641850 0.950449
vt 0.329748 0.926547
vt 0.283400 0.374627
vt 0.283518 0.375327
vt 0.282771 0.374945
vt 0.046708 0.441974
vt 0.046447 0.441495
vt 0.046960 0.441463
vt 0.285722 0.419440
vt 0.284019 0.418394
vt 0.358729 0.922570
vt 0.359050 0.921191
vt 0.356903 0.922982
vt 0.043255 0.236661
vt 0.044274 0.236304
vt 0.044243 0.237521
vt 0.255969 0.954411
vt 0.253122 0.953823
vt 0.253719 0.955241
vt 0.048355 0.236148
vt 0.048173 0.236728
vt 0.047659 0.236181
vt 0.278677 0.534671
vt 0.279521 0.535082
vt 0.279045 0.535472
vt 0.228506 0.650581
vt 0.229781 0.650740
vt 0.229026 0.648644
vt 0.186466 0.056475
vt 0.187513 0.058678
vt 0.185870 0.056867
vt 0.225089 0.671217
vt 0.226078 0.671731
vt 0.226159 0.670997
vt 0.197189 0.058947
vt 0.198262 0.062481
vt 0.198526 0.065882
vt 0.193587 0.063949
vt 0.189729 0.060515
vt 0.193235 0.059414
vt 0.189822 0.066648
vt 0.189913 0.064393
vt 0.191265 0.067904
vt 0.194339 0.604645
vt 0.197372 0.601650
vt 0.195249 0.601024
vt 0.367793 0.544102
vt 0.366381 0.545301
vt 0.367486 0.546031
vt 0.147939 0.113220
vt 0.144918 0.113217
vt 0.146284 0.117038
vt 0.483973 0.926817
vt 0.484115 0.927760
vt 0.482975 0.927445
vt 0.047964 0.093273
vt 0.047700 0.090073
vt 0.048990 0.091814
vt 0.228772 0.669762
vt 0.229184 0.671203
vt 0.231686 0.669527
vt 0.191269 0.054660
vt 0.189738 0.054975
vt 0.189997 0.053794
vt 0.374698 0.348997
vt 0.375312 0.348141
vt 0.375314 0.349540
vt 0.341018 0.443880
vt 0.340803 0.444776
vt 0.341165 0.444614
vt 0.197822 0.437104
vt 0.197677 0.437682
vt 0.197308 0.437151
vt 0.195817 0.437545
vt 0.196178 0.436997
vt 0.196456 0.437410
vt 0.046273 0.437978
vt 0.046491 0.437216
vt 0.047048 0.437670
vt 0.047161 0.437173
vt 0.046561 0.435567
vt 0.046860 0.436251
vt 0.046114 0.436425
vt 0.047473 0.438648
vt 0.047566 0.439530
vt 0.046754 0.438890
vt 0.197224 0.439364
vt 0.197375 0.438716
vt 0.197610 0.439096
vt 0.197251 0.442786
vt 0.196896 0.442598
vt 0.197368 0.442332
vt 0.196935 0.436897
vt 0.197145 0.436656
vt 0.168903 0.006842
vt 0.168823 0.007251
vt 0.168460 0.006854
vt 0.177680 0.194420
vt 0.176207 0.194466
vt 0.176663 0.193834
vt 0.176937 0.193455
vt 0.153637 0.112229
vt 0.153381 0.112220
vt 0.153676 0.111909
vt 0.158876 0.007288
vt 0.158829 0.006759
vt 0.159078 0.007007
vt 0.289565 0.715659
vt 0.289676 0.714923
vt 0.289942 0.715362
vt 0.258956 0.729152
vt 0.259531 0.729478
vt 0.259150 0.729757
vt 0.162417 0.008571
vt 0.162467 0.008269
vt 0.162861 0.008471
vt 0.263303 0.384036
vt 0.263718 0.384512
vt 0.263497 0.384678
vt 0.343203 0.285372
vt 0.343547 0.285130
vt 0.343512 0.285512
vt 0.341924 0.333091
vt 0.342192 0.332266
vt 0.343360 0.334110
vt 0.367059 0.043488
vt 0.366507 0.043637
vt 0.366814 0.042781
vt 0.004744 0.033623
vt 0.004933 0.032749
vt 0.005619 0.033080
vt 0.114399 0.158874
vt 0.114163 0.159054
vt 0.113870 0.158682
vt 0.113807 0.159104
vt 0.312943 0.026897
vt 0.312737 0.026335
vt 0.313178 0.026334
vt 0.115938 0.160000
vt 0.115877 0.159613
vt 0.116632 0.160155
vt 0.151870 0.987717
vt 0.151702 0.987930
vt 0.151625 0.987419
vt 0.333413 0.919334
vt 0.333266 0.918924
vt 0.333591 0.919054
vt 0.117607 0.495201
vt 0.117194 0.494698
vt 0.117864 0.494983
vt 0.007205 0.035932
vt 0.007219 0.036446
vt 0.006846 0.036459
vt 0.293727 0.719870
vt 0.294035 0.720679
vt 0.293512 0.720149
vt 0.293400 0.720404
vt 0.232192 0.777513
vt 0.232199 0.777988
vt 0.231769 0.777646
vt 0.231049 0.775835
vt 0.231713 0.775872
vt 0.231345 0.776410
vt 0.343743 0.367525
vt 0.344068 0.367828
vt 0.343785 0.367911
vt 0.343861 0.365063
vt 0.344105 0.365244
vt 0.343655 0.365487
vt 0.344332 0.365615
vt 0.115356 0.572826
vt 0.115495 0.572415
vt 0.115777 0.572875
vt 0.114415 0.572538
vt 0.114935 0.572464
vt 0.114928 0.572997
vt 0.136980 0.560519
vt 0.136621 0.560803
vt 0.136597 0.560297
vt 0.096587 0.496185
vt 0.096728 0.495783
vt 0.096877 0.496078
vt 0.113641 0.571154
vt 0.113172 0.570952
vt 0.113508 0.570823
vt 0.060208 0.544580
vt 0.059891 0.544793
vt 0.059789 0.544419
vt 0.057709 0.546884
vt 0.057293 0.546573
vt 0.057692 0.546450
vt 0.300433 0.552842
vt 0.300713 0.553244
vt 0.300458 0.553338
vt 0.279214 0.154146
vt 0.278644 0.154376
vt 0.278754 0.154045
vt 0.282445 0.152401
vt 0.282095 0.152187
vt 0.282588 0.151962
vt 0.011870 0.033259
vt 0.012331 0.032766
vt 0.012206 0.033238
vt 0.012593 0.033224
vt 0.127182 0.147755
vt 0.127113 0.147451
vt 0.127417 0.147500
vt 0.282367 0.109477
vt 0.282986 0.109468
vt 0.282439 0.110253
vt 0.313048 0.464227
vt 0.312682 0.464358
vt 0.312881 0.463853
vt 0.299900 0.552335
vt 0.300165 0.552491
vt 0.299763 0.552777
vt 0.300628 0.552202
vt 0.300447 0.552415
vt 0.300231 0.552067
vt 0.300193 0.550278
vt 0.300695 0.549849
vt 0.300635 0.550396
vt 0.290123 0.625194
vt 0.289995 0.625507
vt 0.289613 0.625422
vt 0.189441 0.436769
vt 0.189594 0.437233
vt 0.189207 0.437174
vt 0.289070 0.627031
vt 0.288475 0.626963
vt 0.288774 0.626811
vt 0.300670 0.550837
vt 0.301150 0.550468
vt 0.300967 0.551155
vt 0.299519 0.552219
vt 0.187737 0.436735
vt 0.187492 0.436364
vt 0.187797 0.436285
vt 0.313011 0.462327
vt 0.312834 0.462862
vt 0.187707 0.433882
vt 0.187290 0.433982
vt 0.187407 0.433654
vt 0.028156 0.218363
vt 0.028612 0.217844
vt 0.028733 0.218723
vt 0.029242 0.218405
vt 0.141164 0.990394
vt 0.141614 0.990241
vt 0.141395 0.990633
vt 0.021295 0.221228
vt 0.021500 0.221621
vt 0.021134 0.221774
vt 0.193967 0.638541
vt 0.194339 0.638914
vt 0.193892 0.639007
vt 0.018309 0.223355
vt 0.018756 0.223643
vt 0.018113 0.223796
vt 0.022183 0.218036
vt 0.022494 0.217754
vt 0.022715 0.218041
vt 0.291145 0.762255
vt 0.291563 0.762333
vt 0.291457 0.762799
vt 0.290740 0.761631
vt 0.290815 0.762414
vt 0.290285 0.761990
vt 0.234307 0.552493
vt 0.233935 0.552319
vt 0.234117 0.552162
vt 0.291132 0.760380
vt 0.291630 0.759974
vt 0.291514 0.760558
vt 0.291874 0.760527
vt 0.291676 0.760850
vt 0.145171 0.378387
vt 0.145620 0.378021
vt 0.145614 0.378376
vt 0.171813 0.008496
vt 0.171830 0.008064
vt 0.172149 0.008252
vt 0.217696 0.212542
vt 0.217475 0.212254
vt 0.217840 0.212135
vt 0.217155 0.213278
vt 0.216723 0.213081
vt 0.216950 0.212663
vt 0.147278 0.363895
vt 0.147662 0.363992
vt 0.147348 0.364384
vt 0.217206 0.216982
vt 0.216794 0.217559
vt 0.216836 0.216926
vt 0.151298 0.365717
vt 0.151293 0.365219
vt 0.151682 0.365306
vt 0.255756 0.732769
vt 0.256336 0.732790
vt 0.256108 0.733247
vt 0.154141 0.370738
vt 0.154236 0.371180
vt 0.153938 0.371083
vt 0.153249 0.370317
vt 0.153574 0.370143
vt 0.153349 0.370652
vt 0.113254 0.498819
vt 0.151828 0.374624
vt 0.152278 0.374711
vt 0.152002 0.375163
vt 0.154839 0.370028
vt 0.155148 0.369753
vt 0.155040 0.370362
vt 0.208876 0.722826
vt 0.208902 0.722362
vt 0.209336 0.722796
vt 0.210482 0.720177
vt 0.210723 0.720587
vt 0.210258 0.720319
vt 0.211212 0.720468
vt 0.211547 0.720183
vt 0.211664 0.720598
vt 0.216276 0.716176
vt 0.216427 0.716479
vt 0.216040 0.716595
vt 0.231465 0.350993
vt 0.231183 0.350432
vt 0.231667 0.350609
vt 0.234698 0.349958
vt 0.234340 0.350240
vt 0.234334 0.349789
vt 0.226160 0.351270
vt 0.225755 0.351783
vt 0.225657 0.351165
vt 0.209869 0.722914
vt 0.210101 0.723264
vt 0.209787 0.723383
vt 0.190762 0.241364
vt 0.190047 0.241254
vt 0.190396 0.240971
vt 0.190833 0.240962
vt 0.191099 0.242723
vt 0.191262 0.242051
vt 0.191633 0.242628
vt 0.189465 0.240494
vt 0.189746 0.240172
vt 0.189858 0.240501
vt 0.140871 0.379437
vt 0.140792 0.379116
vt 0.141381 0.379229
vt 0.195990 0.244010
vt 0.195659 0.244127
vt 0.195687 0.243777
vt 0.173248 0.002827
vt 0.172781 0.002936
vt 0.172730 0.002587
vt 0.108900 0.503060
vt 0.108461 0.503625
vt 0.108505 0.502819
vt 0.227106 0.777933
vt 0.227295 0.777613
vt 0.227631 0.778051
vt 0.227449 0.354996
vt 0.227280 0.355350
vt 0.226837 0.354960
vt 0.331205 0.486413
vt 0.331501 0.486570
vt 0.331100 0.486997
vt 0.226066 0.778638
vt 0.225986 0.778163
vt 0.226338 0.778551
vt 0.331516 0.486849
vt 0.110664 0.565690
vt 0.110949 0.566085
vt 0.110404 0.566084
vt 0.113050 0.568464
vt 0.113215 0.569071
vt 0.112608 0.568570
vt 0.095875 0.499378
vt 0.095460 0.499189
vt 0.088039 0.499020
vt 0.088129 0.499557
vt 0.087782 0.499306
vt 0.088088 0.490045
vt 0.087633 0.489786
vt 0.088188 0.489610
vt 0.231879 0.780522
vt 0.231668 0.781011
vt 0.231369 0.780534
vt 0.228630 0.780650
vt 0.228948 0.780989
vt 0.228288 0.781073
vt 0.229508 0.780892
vt 0.229013 0.780514
vt 0.229333 0.780211
vt 0.141690 0.379557
vt 0.142004 0.379299
vt 0.113762 0.497672
vt 0.113096 0.497843
vt 0.113331 0.497305
vt 0.129998 0.505944
vt 0.130278 0.505998
vt 0.130187 0.506420
vt 0.223496 0.927388
vt 0.223234 0.927162
vt 0.223606 0.926866
vt 0.222998 0.927825
vt 0.223181 0.927524
vt 0.223290 0.927853
vt 0.108650 0.506457
vt 0.109221 0.507019
vt 0.108536 0.507242
vt 0.169334 0.909548
vt 0.169216 0.909964
vt 0.168873 0.909655
vt 0.229148 0.934165
vt 0.229578 0.933854
vt 0.229510 0.934223
vt 0.228609 0.938326
vt 0.228409 0.937913
vt 0.228891 0.938024
vt 0.151511 0.680767
vt 0.151498 0.680232
vt 0.151902 0.680624
vt 0.229989 0.934373
vt 0.230056 0.933698
vt 0.229922 0.931800
vt 0.230425 0.931877
vt 0.230034 0.932352
vt 0.160885 0.903531
vt 0.160449 0.903803
vt 0.160580 0.903308
vt 0.071985 0.494404
vt 0.071950 0.494029
vt 0.072276 0.493885
vt 0.173557 0.915834
vt 0.174013 0.915641
vt 0.173963 0.916062
vt 0.171170 0.910137
vt 0.170818 0.910405
vt 0.170572 0.909812
vt 0.068514 0.501333
vt 0.068446 0.500833
vt 0.068851 0.501035
vt 0.179881 0.910513
vt 0.179526 0.910522
vt 0.179678 0.910023
vt 0.085129 0.499019
vt 0.084834 0.498641
vt 0.085390 0.498806
vt 0.076081 0.496353
vt 0.075824 0.495970
vt 0.076217 0.495864
vt 0.072039 0.493638
vt 0.081258 0.494968
vt 0.081005 0.494514
vt 0.081344 0.494555
vt 0.081801 0.495132
vt 0.081634 0.494682
vt 0.082036 0.494713
vt 0.082303 0.493020
vt 0.081694 0.493039
vt 0.082034 0.492441
vt 0.073557 0.494102
vt 0.073527 0.493564
vt 0.073899 0.493755
vt 0.079639 0.491415
vt 0.079996 0.491118
vt 0.079846 0.491693
vt 0.079354 0.491614
vt 0.079421 0.492129
vt 0.072651 0.493404
vt 0.072326 0.493436
vt 0.072457 0.493012
vt 0.069468 0.492667
vt 0.069297 0.492089
vt 0.069591 0.492105
vt 0.177700 0.907502
vt 0.177436 0.906866
vt 0.177949 0.907207
vt 0.176008 0.906007
vt 0.176009 0.906406
vt 0.175700 0.906230
vt 0.069922 0.490697
vt 0.070225 0.490270
vt 0.070293 0.490516
vt 0.071351 0.489724
vt 0.070996 0.490292
vt 0.070970 0.489782
vt 0.118605 0.511861
vt 0.118821 0.511459
vt 0.119076 0.511744
vt 0.123190 0.510853
vt 0.123319 0.511206
vt 0.122859 0.511280
vt 0.198239 0.247121
vt 0.198685 0.247127
vt 0.198373 0.247794
vt 0.125450 0.506962
vt 0.125076 0.506630
vt 0.125575 0.506414
vt 0.127517 0.507476
vt 0.127474 0.507991
vt 0.127025 0.507613
vt 0.128037 0.506777
vt 0.128200 0.507295
vt 0.127796 0.507124
vt 0.232286 0.338871
vt 0.232006 0.338262
vt 0.232485 0.338259
vt 0.070660 0.418356
vt 0.071040 0.418458
vt 0.070831 0.418886
vt 0.020727 0.038138
vt 0.020911 0.038746
vt 0.020494 0.038467
vt 0.021916 0.049287
vt 0.022090 0.048836
vt 0.022498 0.049187
vt 0.191464 0.247667
vt 0.191163 0.247935
vt 0.191067 0.247437
vt 0.126320 0.507056
vt 0.126206 0.506474
vt 0.126585 0.506777
vt 0.195599 0.250929
vt 0.195588 0.250197
vt 0.196050 0.250715
vt 0.118361 0.511194
vt 0.118315 0.512382
vt 0.118759 0.512291
vt 0.119146 0.512185
vt 0.117499 0.515764
vt 0.117053 0.515227
vt 0.117527 0.515085
vt 0.187847 0.249468
vt 0.187258 0.249709
vt 0.187586 0.249105
vt 0.213137 0.219254
vt 0.212704 0.219675
vt 0.212769 0.219099
vt 0.359336 0.004425
vt 0.359404 0.004933
vt 0.359813 0.004858
vt 0.109736 0.507789
vt 0.109479 0.507474
vt 0.109974 0.507420
vt 0.109359 0.506427
vt 0.231550 0.925622
vt 0.231303 0.925347
vt 0.231820 0.925369
vt 0.229493 0.928435
vt 0.229228 0.927903
vt 0.229803 0.927879
vt 0.137179 0.372789
vt 0.136976 0.372349
vt 0.137313 0.372410
vt 0.231627 0.922276
vt 0.231930 0.922148
vt 0.232162 0.922473
vt 0.210155 0.212400
vt 0.209805 0.211652
vt 0.210377 0.211675
vt 0.212167 0.210571
vt 0.212622 0.210341
vt 0.212411 0.210896
vt 0.146770 0.364665
vt 0.146727 0.364183
vt 0.147003 0.364428
vt 0.231021 0.365802
vt 0.231323 0.366140
vt 0.230838 0.366144
vt 0.147691 0.236613
vt 0.148115 0.236425
vt 0.148255 0.236858
vt 0.227545 0.363359
vt 0.227899 0.363267
vt 0.227898 0.363786
vt 0.226846 0.364085
vt 0.226875 0.363656
vt 0.227073 0.363968
vt 0.111505 0.154121
vt 0.111744 0.153718
vt 0.111880 0.154039
vt 0.153180 0.364110
vt 0.153391 0.363961
vt 0.153501 0.364362
vt 0.317745 0.038376
vt 0.318062 0.038079
vt 0.318430 0.038701
vt 0.319892 0.035233
vt 0.319195 0.034797
vt 0.319634 0.034591
vt 0.317016 0.038594
vt 0.317090 0.038138
vt 0.317388 0.038673
vt 0.110477 0.153978
vt 0.110115 0.154273
vt 0.110052 0.153635
vt 0.298127 0.729189
vt 0.298160 0.728730
vt 0.298310 0.728987
vt 0.148456 0.236507
vt 0.107553 0.156060
vt 0.107928 0.156584
vt 0.107377 0.156220
vt 0.319209 0.034216
vt 0.318743 0.034232
vt 0.150627 0.237093
vt 0.150755 0.237372
vt 0.150394 0.237394
vt 0.109273 0.155404
vt 0.109944 0.155520
vt 0.109570 0.156208
vt 0.291153 0.718937
vt 0.291075 0.718463
vt 0.291409 0.718763
vt 0.256528 0.730912
vt 0.256729 0.730744
vt 0.256788 0.731148
vt 0.261798 0.385996
vt 0.261618 0.386155
vt 0.261383 0.385654
vt 0.290344 0.716647
vt 0.290680 0.716663
vt 0.290845 0.717144
vt 0.291547 0.717493
vt 0.291645 0.716930
vt 0.291910 0.717461
vt 0.113244 0.158189
vt 0.113881 0.158236
vt 0.261682 0.385444
vt 0.112875 0.155703
vt 0.113064 0.155470
vt 0.113265 0.155909
vt 0.120648 0.151379
vt 0.121089 0.151181
vt 0.120993 0.151881
vt 0.016038 0.031335
vt 0.016345 0.031571
vt 0.015817 0.031746
vt 0.015524 0.033492
vt 0.015484 0.033184
vt 0.015915 0.033130
vt 0.120754 0.150970
vt 0.120413 0.152702
vt 0.120427 0.152186
vt 0.120983 0.153248
vt 0.121449 0.153336
vt 0.013527 0.034781
vt 0.013711 0.034516
vt 0.014025 0.034546
vt 0.010759 0.034381
vt 0.010997 0.034590
vt 0.010489 0.034881
vt 0.011881 0.034099
vt 0.011464 0.034708
vt 0.011333 0.034295
vt 0.011944 0.034585
vt 0.053123 0.551917
vt 0.053050 0.551317
vt 0.053600 0.551440
vt 0.125123 0.151505
vt 0.124900 0.151163
vt 0.125287 0.151149
vt 0.053915 0.553088
vt 0.053718 0.553542
vt 0.053332 0.553011
vt 0.031111 0.029331
vt 0.030726 0.029012
vt 0.031060 0.028933
vt 0.160045 0.861020
vt 0.160385 0.860563
vt 0.160649 0.860943
vt 0.053744 0.554030
vt 0.053285 0.553873
vt 0.054095 0.553891
vt 0.054344 0.553476
vt 0.026694 0.045335
vt 0.026544 0.045699
vt 0.026268 0.045258
vt 0.231607 0.338752
vt 0.212941 0.711055
vt 0.213088 0.710468
vt 0.213432 0.711272
vt 0.022706 0.038661
vt 0.023188 0.038696
vt 0.022789 0.039115
vt 0.023248 0.037672
vt 0.023510 0.038170
vt 0.022990 0.038253
vt 0.027260 0.037392
vt 0.026885 0.037034
vt 0.027302 0.036905
vt 0.031879 0.039712
vt 0.025878 0.035916
vt 0.025944 0.035470
vt 0.026384 0.035790
vt 0.061745 0.556250
vt 0.061307 0.556311
vt 0.061201 0.555979
vt 0.124554 0.147241
vt 0.124252 0.147017
vt 0.124431 0.146606
vt 0.122075 0.142027
vt 0.121927 0.141566
vt 0.122456 0.141767
vt 0.117530 0.139134
vt 0.118146 0.139081
vt 0.117902 0.139588
vt 0.313067 0.619080
vt 0.313485 0.618858
vt 0.313643 0.619363
vt 0.311854 0.617284
vt 0.311521 0.616991
vt 0.312029 0.616716
vt 0.119053 0.140779
vt 0.119390 0.140697
vt 0.119241 0.141085
vt 0.310547 0.618533
vt 0.310301 0.618296
vt 0.310748 0.618137
vt 0.311207 0.759039
vt 0.311330 0.758717
vt 0.311493 0.759068
vt 0.031223 0.220739
vt 0.030710 0.220442
vt 0.031189 0.220062
vt 0.310768 0.758086
vt 0.311006 0.757792
vt 0.311247 0.758217
vt 0.154986 0.995029
vt 0.154474 0.995065
vt 0.154769 0.994535
vt 0.126314 0.147955
vt 0.126294 0.148779
vt 0.125903 0.148385
vt 0.157732 0.995820
vt 0.157532 0.995642
vt 0.157670 0.995410
vt 0.277327 0.110535
vt 0.277633 0.110155
vt 0.277699 0.110641
vt 0.151936 0.988857
vt 0.152479 0.988907
vt 0.152163 0.989279
vt 0.029333 0.229889
vt 0.028942 0.229862
vt 0.029341 0.229448
vt 0.151809 0.989983
vt 0.151418 0.989781
vt 0.151784 0.989495
vt 0.152148 0.988573
vt 0.151778 0.988394
vt 0.151556 0.989062
vt 0.151868 0.989172
vt 0.028943 0.229429
vt 0.016861 0.232357
vt 0.017456 0.232547
vt 0.017182 0.232960
vt 0.194785 0.639847
vt 0.195103 0.640348
vt 0.194719 0.640354
vt 0.106163 0.146700
vt 0.106457 0.146684
vt 0.106290 0.147039
vt 0.188440 0.648393
vt 0.188885 0.648865
vt 0.188436 0.648883
vt 0.022991 0.232573
vt 0.022564 0.232632
vt 0.022789 0.232145
vt 0.024489 0.229902
vt 0.024849 0.230196
vt 0.024439 0.230371
vt 0.183184 0.649377
vt 0.183268 0.649796
vt 0.182897 0.649600
vt 0.300355 0.726032
vt 0.300357 0.726404
vt 0.300033 0.726121
vt 0.186295 0.647987
vt 0.185931 0.647928
vt 0.186173 0.647580
vt 0.186090 0.647113
vt 0.186396 0.647311
vt 0.190704 0.639603
vt 0.190989 0.639154
vt 0.191213 0.639622
vt 0.140382 0.989315
vt 0.139893 0.989410
vt 0.139963 0.988900
vt 0.139782 0.989895
vt 0.140173 0.989698
vt 0.140848 0.989466
vt 0.141168 0.989203
vt 0.141252 0.989593
vt 0.234179 0.554729
vt 0.234461 0.555031
vt 0.234229 0.555300
vt 0.193777 0.646993
vt 0.194373 0.647063
vt 0.194064 0.647483
vt 0.194380 0.646189
vt 0.194879 0.646352
vt 0.194504 0.646621
vt 0.109880 0.144203
vt 0.109457 0.144426
vt 0.109618 0.143922
vt 0.198200 0.651272
vt 0.198153 0.651674
vt 0.197764 0.651299
vt 0.307077 0.619579
vt 0.307445 0.619202
vt 0.307449 0.619769
vt 0.233989 0.554942
vt 0.620912 0.927284
vt 0.620572 0.927287
vt 0.620758 0.927059
vt 0.236019 0.560243
vt 0.236283 0.559851
vt 0.236325 0.560512
vt 0.088505 0.698170
vt 0.089182 0.698272
vt 0.088993 0.698789
vt 0.197479 0.091308
vt 0.197267 0.090951
vt 0.197617 0.090892
vt 0.225025 0.554973
vt 0.225514 0.555211
vt 0.225189 0.555544
vt 0.053178 0.612735
vt 0.052618 0.612948
vt 0.052786 0.612220
vt 0.083679 0.695983
vt 0.083964 0.696839
vt 0.083295 0.696718
vt 0.344539 0.839440
vt 0.345065 0.839485
vt 0.344735 0.839804
vt 0.281398 0.023628
vt 0.281850 0.023122
vt 0.281844 0.023704
vt 0.342213 0.840310
vt 0.342154 0.839791
vt 0.342686 0.839996
vt 0.255797 0.281020
vt 0.255571 0.280665
vt 0.255882 0.280429
vt 0.305373 0.524111
vt 0.305347 0.523457
vt 0.305688 0.523712
vt 0.261259 0.280203
vt 0.261007 0.279817
vt 0.261446 0.279841
vt 0.260999 0.278168
vt 0.261453 0.278099
vt 0.261451 0.278631
vt 0.224492 0.555320
vt 0.223783 0.555520
vt 0.223957 0.555066
vt 0.191885 0.088523
vt 0.191890 0.088930
vt 0.191549 0.088564
vt 0.186909 0.095132
vt 0.186720 0.095548
vt 0.186450 0.095169
vt 0.196610 0.095631
vt 0.196049 0.095423
vt 0.196400 0.095072
vt 0.166757 0.432921
vt 0.166980 0.432480
vt 0.167253 0.433069
vt 0.147841 0.236126
vt 0.169292 0.435038
vt 0.169707 0.434598
vt 0.169722 0.435142
vt 0.503644 0.958590
vt 0.504159 0.958801
vt 0.503751 0.958989
vt 0.194524 0.105884
vt 0.195004 0.105739
vt 0.194796 0.106181
vt 0.193202 0.104083
vt 0.192835 0.104192
vt 0.193062 0.103717
vt 0.194330 0.098691
vt 0.194444 0.098242
vt 0.194723 0.098289
vt 0.137910 0.246298
vt 0.138003 0.246778
vt 0.137680 0.246594
vt 0.138159 0.246052
vt 0.137707 0.245726
vt 0.138314 0.245679
vt 0.229173 0.566460
vt 0.229547 0.566624
vt 0.229181 0.566996
vt 0.149348 0.248044
vt 0.149247 0.247564
vt 0.149664 0.247603
vt 0.151299 0.247355
vt 0.151029 0.247696
vt 0.150953 0.247356
vt 0.151386 0.247667
vt 0.152322 0.246192
vt 0.152698 0.246415
vt 0.152427 0.246660
vt 0.143399 0.240639
vt 0.143280 0.241083
vt 0.143059 0.240949
vt 0.230438 0.565249
vt 0.230511 0.565533
vt 0.230233 0.565547
vt 0.231417 0.565416
vt 0.231666 0.565775
vt 0.231113 0.565794
vt 0.231150 0.567161
vt 0.230752 0.567549
vt 0.230831 0.566947
vt 0.280354 0.047816
vt 0.280412 0.048188
vt 0.279960 0.048048
vt 0.366411 0.262827
vt 0.366285 0.262504
vt 0.366712 0.262093
vt 0.365642 0.262129
vt 0.364931 0.262219
vt 0.365506 0.261678
vt 0.138409 0.246536
vt 0.137922 0.242411
vt 0.137177 0.242461
vt 0.137750 0.241844
vt 0.194260 0.105599
vt 0.194590 0.105404
vt 0.281252 0.047760
vt 0.281724 0.047809
vt 0.281282 0.048104
vt 0.046659 0.109974
vt 0.045700 0.109098
vt 0.046705 0.108675
vt 0.343615 0.280039
vt 0.342987 0.279827
vt 0.343323 0.279480
vt 0.707970 0.931663
vt 0.708369 0.931656
vt 0.708102 0.931943
vt 0.234296 0.550511
vt 0.234604 0.550898
vt 0.234390 0.551049
vt 0.097112 0.696222
vt 0.096821 0.696756
vt 0.096600 0.696304
vt 0.095883 0.690546
vt 0.095439 0.690354
vt 0.095624 0.689962
vt 0.096162 0.689285
vt 0.095843 0.688765
vt 0.096088 0.688812
vt 0.268211 0.847458
vt 0.268276 0.846903
vt 0.269210 0.847091
vt 0.182474 0.227683
vt 0.182321 0.228300
vt 0.182192 0.228011
vt 0.234941 0.826811
vt 0.235235 0.826561
vt 0.235338 0.826771
vt 0.232532 0.830908
vt 0.232877 0.831289
vt 0.232404 0.831425
vt 0.236536 0.824558
vt 0.236839 0.824446
vt 0.236955 0.824730
vt 0.268141 0.848372
vt 0.268309 0.847930
vt 0.269098 0.848195
vt 0.191400 0.108665
vt 0.191447 0.108255
vt 0.191753 0.108656
vt 0.234727 0.829184
vt 0.234447 0.829446
vt 0.234215 0.829295
vt 0.225005 0.827645
vt 0.224591 0.827760
vt 0.224653 0.827362
vt 0.227753 0.823509
vt 0.227378 0.823361
vt 0.227795 0.823183
vt 0.168386 0.437927
vt 0.168115 0.437554
vt 0.168699 0.437562
vt 0.266939 0.251889
vt 0.267154 0.251769
vt 0.193126 0.105484
vt 0.193082 0.105200
vt 0.193528 0.105251
vt 0.188059 0.104797
vt 0.187719 0.105442
vt 0.187521 0.105045
vt 0.087178 0.696831
vt 0.087487 0.696429
vt 0.087866 0.696798
vt 0.292453 0.663157
vt 0.291979 0.663181
vt 0.292106 0.662845
vt 0.295519 0.663456
vt 0.295688 0.663710
vt 0.295370 0.663614
vt 0.070438 0.692067
vt 0.069938 0.692233
vt 0.070108 0.691864
vt 0.081970 0.690076
vt 0.082335 0.689643
vt 0.082617 0.689916
vt 0.079965 0.219267
vt 0.080019 0.219866
vt 0.079687 0.219588
vt 0.089406 0.686051
vt 0.089063 0.686235
vt 0.088718 0.685690
vt 0.089743 0.686893
vt 0.089468 0.686600
vt 0.089902 0.686591
vt 0.086200 0.693509
vt 0.086301 0.693052
vt 0.086881 0.693459
vt 0.083428 0.219016
vt 0.083084 0.219429
vt 0.082957 0.218910
vt 0.106084 0.236474
vt 0.105633 0.236246
vt 0.105973 0.235903
vt 0.213405 0.562761
vt 0.213582 0.563192
vt 0.213138 0.563190
vt 0.295691 0.924651
vt 0.295418 0.924825
vt 0.295479 0.924334
vt 0.213286 0.567092
vt 0.213015 0.566703
vt 0.213464 0.566564
vt 0.295317 0.922880
vt 0.295638 0.923149
vt 0.295389 0.923313
vt 0.214307 0.566512
vt 0.213840 0.566812
vt 0.213905 0.566395
vt 0.084701 0.212498
vt 0.084878 0.212937
vt 0.084482 0.212852
vt 0.083146 0.211379
vt 0.083262 0.211833
vt 0.082924 0.211710
vt 0.079523 0.219089
vt 0.079243 0.218468
vt 0.079783 0.218670
vt 0.079289 0.219532
vt 0.079205 0.220128
vt 0.078914 0.219655
vt 0.078364 0.228107
vt 0.078104 0.227694
vt 0.078690 0.227790
vt 0.250859 0.727928
vt 0.250881 0.727480
vt 0.251173 0.727788
vt 0.331475 0.041296
vt 0.332016 0.041261
vt 0.080509 0.229037
vt 0.080469 0.229483
vt 0.080026 0.229058
vt 0.250850 0.726688
vt 0.250491 0.726460
vt 0.250735 0.726357
vt 0.250541 0.727005
vt 0.245038 0.726161
vt 0.244951 0.725730
vt 0.245418 0.726144
vt 0.833517 0.940020
vt 0.834073 0.940610
vt 0.833589 0.940555
vt 0.349828 0.652912
vt 0.350510 0.652497
vt 0.350839 0.653671
vt 0.351057 0.652936
vt 0.243276 0.723947
vt 0.243620 0.723836
vt 0.243488 0.724373
vt 0.210941 0.558825
vt 0.211066 0.558322
vt 0.211421 0.558659
vt 0.143243 0.040140
vt 0.143226 0.039265
vt 0.143799 0.039596
vt 0.228951 0.736149
vt 0.228451 0.735903
vt 0.229009 0.735684
vt 0.140138 0.038511
vt 0.139804 0.038913
vt 0.139526 0.038678
vt 0.145652 0.036967
vt 0.145296 0.036642
vt 0.145740 0.036388
vt 0.190321 0.774401
vt 0.190448 0.773928
vt 0.190793 0.774279
vt 0.193114 0.779091
vt 0.192648 0.778858
vt 0.192948 0.778415
vt 0.190008 0.778858
vt 0.189568 0.778961
vt 0.189675 0.778284
vt 0.149624 0.026210
vt 0.149299 0.025795
vt 0.149706 0.025716
vt 0.150649 0.026274
vt 0.151189 0.026388
vt 0.150942 0.026754
vt 0.309271 0.932970
vt 0.308864 0.932503
vt 0.309437 0.932303
vt 0.104771 0.233888
vt 0.105117 0.234135
vt 0.104764 0.234316
vt 0.211331 0.554396
vt 0.210545 0.554886
vt 0.210770 0.554149
vt 0.310385 0.930989
vt 0.309913 0.930928
vt 0.310255 0.930562
vt 0.193607 0.779273
vt 0.193374 0.778763
vt 0.190620 0.780293
vt 0.190324 0.780012
vt 0.190699 0.779879
vt 0.245446 0.277891
vt 0.244948 0.278174
vt 0.244976 0.277591
vt 0.147328 0.310329
vt 0.147722 0.310896
vt 0.147027 0.310740
vt 0.142850 0.049748
vt 0.143015 0.049252
vt 0.143450 0.049516
vt 0.164321 0.744256
vt 0.163559 0.744130
vt 0.164081 0.743744
vt 0.145889 0.046675
vt 0.145512 0.046660
vt 0.146018 0.046171
vt 0.163928 0.744792
vt 0.164728 0.744778
vt 0.164414 0.745249
vt 0.134963 0.140067
vt 0.136282 0.139854
vt 0.135771 0.140875
vt 0.261291 0.463024
vt 0.261656 0.462825
vt 0.262178 0.462238
vt 0.261525 0.462168
vt 0.262146 0.461792
vt 0.149185 0.313681
vt 0.149122 0.313903
vt 0.148827 0.313603
vt 0.148783 0.314158
vt 0.148231 0.314260
vt 0.148279 0.313760
vt 0.145849 0.313223
vt 0.145529 0.313734
vt 0.145195 0.313378
vt 0.138733 0.314330
vt 0.138418 0.314162
vt 0.138672 0.313932
vt 0.148958 0.320085
vt 0.149143 0.319809
vt 0.149482 0.320154
vt 0.176319 0.255050
vt 0.176057 0.255839
vt 0.175900 0.255418
vt 0.149528 0.319508
vt 0.149062 0.319461
vt 0.146779 0.324012
vt 0.147209 0.323956
vt 0.147156 0.324436
vt 0.369804 0.496850
vt 0.370298 0.497096
vt 0.369991 0.497463
vt 0.143689 0.323057
vt 0.143832 0.323494
vt 0.143289 0.323461
vt 0.143151 0.325345
vt 0.142716 0.325076
vt 0.143421 0.324942
vt 0.310700 0.080851
vt 0.310193 0.081333
vt 0.309910 0.080980
vt 0.225740 0.825619
vt 0.225369 0.825823
vt 0.225408 0.825424
vt 0.252912 0.793221
vt 0.252531 0.793450
vt 0.252737 0.793045
vt 0.134355 0.138106
vt 0.137831 0.139822
vt 0.138679 0.139830
vt 0.138108 0.140328
vt 0.142215 0.144249
vt 0.142266 0.144706
vt 0.141956 0.144597
vt 0.141329 0.140571
vt 0.140774 0.140802
vt 0.141044 0.140548
vt 0.140334 0.146980
vt 0.140130 0.146578
vt 0.140548 0.146642
vt 0.254370 0.790000
vt 0.254791 0.789919
vt 0.254465 0.790283
vt 0.139914 0.141204
vt 0.140203 0.140509
vt 0.140334 0.140839
vt 0.255388 0.790315
vt 0.255495 0.790741
vt 0.255126 0.790623
vt 0.122654 0.215157
vt 0.122385 0.214769
vt 0.122825 0.214749
vt 0.327629 0.615211
vt 0.327938 0.614841
vt 0.328162 0.615379
vt 0.225433 0.826259
vt 0.224930 0.826169
vt 0.227667 0.832012
vt 0.227024 0.831995
vt 0.227351 0.831639
vt 0.224957 0.825513
vt 0.291925 0.659245
vt 0.292270 0.658778
vt 0.292439 0.659196
vt 0.292923 0.658775
vt 0.293201 0.659071
vt 0.292796 0.659091
vt 0.151782 0.135609
vt 0.151581 0.135361
vt 0.152136 0.135355
vt 0.147023 0.140971
vt 0.147076 0.141405
vt 0.146695 0.141009
vt 0.145746 0.136101
vt 0.146585 0.135945
vt 0.146010 0.136466
vt 0.147130 0.136262
vt 0.147232 0.136611
vt 0.146818 0.136557
vt 0.150917 0.142516
vt 0.151208 0.142995
vt 0.150757 0.143011
vt 0.169770 0.751408
vt 0.170483 0.751565
vt 0.170127 0.752036
vt 0.173127 0.754367
vt 0.173438 0.754734
vt 0.172855 0.754939
vt 0.172921 0.755906
vt 0.173202 0.755973
vt 0.172853 0.756142
vt 0.078773 0.682372
vt 0.079167 0.682396
vt 0.079058 0.682644
vt 0.150184 0.049744
vt 0.150016 0.049321
vt 0.150547 0.049223
vt 0.148504 0.046963
vt 0.148240 0.047196
vt 0.148188 0.046924
vt 0.289128 0.929788
vt 0.289432 0.929291
vt 0.289798 0.929718
vt 0.292076 0.925064
vt 0.292019 0.924579
vt 0.292453 0.924564
vt 0.291810 0.923878
vt 0.292140 0.924214
vt 0.291803 0.924311
vt 0.246799 0.303338
vt 0.246521 0.302590
vt 0.247033 0.302673
vt 0.299925 0.521759
vt 0.299985 0.521203
vt 0.300262 0.521547
vt 0.240813 0.237178
vt 0.241165 0.237001
vt 0.240717 0.237469
vt 0.299120 0.519081
vt 0.298902 0.519468
vt 0.298586 0.519150
vt 0.301486 0.521576
vt 0.301281 0.521114
vt 0.301596 0.521084
vt 0.268095 0.251313
vt 0.267704 0.251259
vt 0.267874 0.250772
vt 0.293580 0.873202
vt 0.294005 0.873519
vt 0.293637 0.873652
vt 0.294443 0.875915
vt 0.294198 0.875472
vt 0.294662 0.875408
vt 0.292454 0.875434
vt 0.292685 0.875038
vt 0.292958 0.875651
vt 0.166404 0.432698
vt 0.166559 0.432276
vt 0.203810 0.833656
vt 0.204278 0.833977
vt 0.203898 0.834008
vt 0.204641 0.833956
vt 0.204809 0.834362
vt 0.226866 0.814738
vt 0.227145 0.814828
vt 0.226891 0.815057
vt 0.119448 0.222996
vt 0.116448 0.220089
vt 0.116907 0.220522
vt 0.116312 0.220503
vt 0.112044 0.214818
vt 0.112015 0.214231
vt 0.112388 0.214409
vt 0.125515 0.092659
vt 0.125412 0.093084
vt 0.125086 0.092408
vt 0.121742 0.224588
vt 0.122198 0.225027
vt 0.121571 0.225091
vt 0.108132 0.086024
vt 0.108396 0.086096
vt 0.108039 0.086382
vt 0.105824 0.083848
vt 0.105336 0.083685
vt 0.105761 0.083338
vt 0.249719 0.191145
vt 0.249696 0.191911
vt 0.249020 0.191256
vt 0.146024 0.071561
vt 0.145536 0.071454
vt 0.145810 0.071110
vt 0.107602 0.086011
vt 0.107886 0.085493
vt 0.108426 0.085574
vt 0.109106 0.085234
vt 0.108643 0.085141
vt 0.109035 0.084972
vt 0.110974 0.213164
vt 0.111424 0.212992
vt 0.111344 0.213686
vt 0.111397 0.214283
vt 0.111448 0.214842
vt 0.110976 0.214249
vt 0.174335 0.249546
vt 0.174365 0.249155
vt 0.174601 0.249561
vt 0.174167 0.250876
vt 0.173977 0.251326
vt 0.173818 0.250919
vt 0.172720 0.250553
vt 0.172542 0.250923
vt 0.172280 0.250660
vt 0.173417 0.248911
vt 0.173788 0.248770
vt 0.173658 0.249022
vt 0.255208 0.794804
vt 0.254510 0.795040
vt 0.254701 0.794491
vt 0.243317 0.301218
vt 0.243015 0.301469
vt 0.242835 0.301188
vt 0.254460 0.799339
vt 0.254671 0.798763
vt 0.254910 0.799047
vt 0.254311 0.798680
vt 0.112339 0.205627
vt 0.112024 0.205457
vt 0.112307 0.204941
vt 0.243247 0.306103
vt 0.243740 0.305735
vt 0.243779 0.306238
vt 0.114048 0.204577
vt 0.113860 0.204224
vt 0.114327 0.204140
vt 0.172462 0.241949
vt 0.172165 0.242062
vt 0.171998 0.241565
vt 0.119239 0.210354
vt 0.119102 0.209804
vt 0.119660 0.209746
vt 0.115113 0.208953
vt 0.115314 0.208577
vt 0.115428 0.208948
vt 0.116417 0.209844
vt 0.116733 0.209286
vt 0.116738 0.209795
vt 0.121727 0.216441
vt 0.121386 0.216870
vt 0.121304 0.215953
vt 0.117556 0.212699
vt 0.117386 0.212260
vt 0.117817 0.212572
vt 0.122816 0.213636
vt 0.123202 0.213410
vt 0.123245 0.213887
vt 0.120698 0.215611
vt 0.121008 0.215414
vt 0.292190 0.354494
vt 0.291696 0.354660
vt 0.291885 0.354417
vt 0.114432 0.092102
vt 0.115085 0.092196
vt 0.114703 0.092576
vt 0.121073 0.097475
vt 0.121633 0.097319
vt 0.121454 0.097719
vt 0.124490 0.093586
vt 0.124106 0.093590
vt 0.124070 0.093140
vt 0.125945 0.093471
vt 0.126350 0.093272
vt 0.126420 0.093920
vt 0.222966 0.815546
vt 0.222553 0.815322
vt 0.223052 0.815050
vt 0.117264 0.091028
vt 0.116800 0.091140
vt 0.116904 0.090729
vt 0.125386 0.213901
vt 0.125838 0.213622
vt 0.125859 0.214266
vt 0.125402 0.214419
vt 0.055459 0.143807
vt 0.054940 0.143945
vt 0.055208 0.143397
vt 0.226181 0.806935
vt 0.226587 0.806709
vt 0.226518 0.807149
vt 0.291806 0.873738
vt 0.292010 0.873430
vt 0.292105 0.873817
vt 0.292100 0.872974
vt 0.292606 0.873003
vt 0.292425 0.873334
vt 0.056338 0.143342
vt 0.056070 0.143515
vt 0.056031 0.143075
vt 0.310095 0.017131
vt 0.309724 0.017757
vt 0.309327 0.017393
vt 0.166415 0.231780
vt 0.166052 0.231402
vt 0.166549 0.231262
vt 0.249024 0.318158
vt 0.249254 0.318534
vt 0.248764 0.318581
vt 0.054052 0.048627
vt 0.054316 0.048960
vt 0.053885 0.049121
vt 0.173801 0.222961
vt 0.174138 0.223277
vt 0.173698 0.223405
vt 0.174284 0.222873
vt 0.172426 0.230341
vt 0.172666 0.229632
vt 0.173323 0.230187
vt 0.356924 0.715489
vt 0.358346 0.716355
vt 0.357957 0.715372
vt 0.169602 0.232427
vt 0.169352 0.232894
vt 0.169106 0.232332
vt 0.138314 0.917081
vt 0.138606 0.916578
vt 0.138819 0.916885
vt 0.211645 0.124435
vt 0.211200 0.123976
vt 0.211799 0.123980
vt 0.173041 0.216289
vt 0.172649 0.216157
vt 0.172912 0.215869
vt 0.126160 0.104479
vt 0.125698 0.104116
vt 0.126359 0.103836
vt 0.123594 0.097813
vt 0.123358 0.097955
vt 0.123461 0.097501
vt 0.210452 0.108145
vt 0.210710 0.107658
vt 0.211009 0.108128
vt 0.117152 0.108257
vt 0.117672 0.108133
vt 0.117783 0.108656
vt 0.115362 0.108023
vt 0.114705 0.108158
vt 0.114754 0.107708
vt 0.117141 0.109781
vt 0.116815 0.109333
vt 0.117326 0.109376
vt 0.210922 0.122800
vt 0.210452 0.122843
vt 0.210580 0.122411
vt 0.210490 0.125117
vt 0.211096 0.125216
vt 0.210712 0.125520
vt 0.209474 0.126572
vt 0.209372 0.126260
vt 0.209793 0.126362
vt 0.211182 0.126797
vt 0.211584 0.127121
vt 0.211191 0.127150
vt 0.211538 0.123624
vt 0.211126 0.123540
vt 0.149551 0.077111
vt 0.149514 0.077649
vt 0.148980 0.077426
vt 0.153933 0.077497
vt 0.154279 0.078024
vt 0.153750 0.078056
vt 0.203945 0.114129
vt 0.204262 0.114613
vt 0.203731 0.114691
vt 0.250013 0.813070
vt 0.250315 0.812842
vt 0.250483 0.813432
vt 0.250157 0.813926
vt 0.250526 0.813998
vt 0.349073 0.787309
vt 0.349324 0.787538
vt 0.349008 0.787624
vt 0.226773 0.535819
vt 0.227324 0.535860
vt 0.227150 0.536368
vt 0.249962 0.815994
vt 0.249727 0.816427
vt 0.249546 0.815963
vt 0.289750 0.728299
vt 0.289810 0.728831
vt 0.289311 0.728376
vt 0.091323 0.581974
vt 0.091568 0.581707
vt 0.091646 0.582127
vt 0.096425 0.577072
vt 0.096241 0.577475
vt 0.095812 0.577226
vt 0.294044 0.731692
vt 0.294278 0.731279
vt 0.294565 0.731631
vt 0.166184 0.230887
vt 0.166614 0.230786
vt 0.289210 0.728811
vt 0.288955 0.728570
vt 0.213879 0.547525
vt 0.213586 0.547284
vt 0.214294 0.547119
vt 0.066798 0.282710
vt 0.067130 0.282271
vt 0.067403 0.282576
vt 0.358516 0.519221
vt 0.358048 0.518958
vt 0.358687 0.518648
vt 0.161787 0.332216
vt 0.161757 0.332513
vt 0.161446 0.332474
vt 0.359514 0.518703
vt 0.359418 0.518212
vt 0.360094 0.518501
vt 0.059359 0.045055
vt 0.059697 0.045222
vt 0.059368 0.045354
vt 0.053848 0.047246
vt 0.054095 0.047817
vt 0.053633 0.047642
vt 0.278577 0.496215
vt 0.278300 0.495888
vt 0.278869 0.495741
vt 0.286223 0.497742
vt 0.286315 0.498581
vt 0.285988 0.498334
vt 0.359642 0.999248
vt 0.359619 0.998633
vt 0.360044 0.998960
vt 0.365139 0.294264
vt 0.365599 0.293459
vt 0.364983 0.293304
vt 0.310801 0.499907
vt 0.311195 0.500216
vt 0.310646 0.500446
vt 0.311292 0.499714
vt 0.311820 0.499902
vt 0.173902 0.205447
vt 0.174320 0.205506
vt 0.174119 0.205883
vt 0.174245 0.205100
vt 0.283853 0.498328
vt 0.284062 0.497906
vt 0.284178 0.498258
vt 0.215467 0.888614
vt 0.214947 0.888486
vt 0.215430 0.888139
vt 0.216035 0.888323
vt 0.313534 0.498137
vt 0.313107 0.497743
vt 0.314207 0.497871
vt 0.300173 0.899465
vt 0.300879 0.898486
vt 0.299828 0.897800
vt 0.339520 0.301787
vt 0.339566 0.301065
vt 0.339944 0.301379
vt 0.304154 0.896975
vt 0.305367 0.896895
vt 0.304355 0.895917
vt 0.301148 0.894878
vt 0.302015 0.895380
vt 0.301888 0.894002
vt 0.300949 0.894220
vt 0.371320 0.989435
vt 0.371548 0.989017
vt 0.370714 0.989087
vt 0.214821 0.890417
vt 0.214745 0.890138
vt 0.215086 0.890069
vt 0.632088 0.982674
vt 0.633329 0.982611
vt 0.632989 0.982400
vt 0.215464 0.889185
vt 0.215025 0.888864
vt 0.210984 0.889440
vt 0.211778 0.889197
vt 0.211504 0.889639
vt 0.357483 0.374545
vt 0.357815 0.373600
vt 0.172531 0.333579
vt 0.172133 0.333301
vt 0.172677 0.333195
vt 0.708439 0.939924
vt 0.708537 0.940399
vt 0.707728 0.940318
vt 0.169379 0.231846
vt 0.168754 0.231818
vt 0.169179 0.231257
vt 0.167354 0.231632
vt 0.167592 0.231121
vt 0.167807 0.231642
vt 0.171522 0.235783
vt 0.171783 0.235668
vt 0.171820 0.235971
vt 0.170858 0.234857
vt 0.171423 0.234967
vt 0.170868 0.235310
vt 0.630998 0.982686
vt 0.632870 0.982114
vt 0.053728 0.747212
vt 0.052410 0.747875
vt 0.052780 0.746896
vt 0.205754 0.870324
vt 0.205930 0.870605
vt 0.205883 0.870971
vt 0.229004 0.158262
vt 0.229312 0.158517
vt 0.228930 0.158617
vt 0.175153 0.230954
vt 0.174969 0.231397
vt 0.174698 0.231076
vt 0.177027 0.236374
vt 0.177538 0.235890
vt 0.177595 0.236411
vt 0.175237 0.235436
vt 0.175239 0.236027
vt 0.175013 0.235797
vt 0.172846 0.236512
vt 0.173092 0.236103
vt 0.173232 0.236610
vt 0.397503 0.976774
vt 0.397789 0.977468
vt 0.396763 0.978095
vt 0.218555 0.886237
vt 0.218238 0.886610
vt 0.218279 0.886264
vt 0.274890 0.843849
vt 0.274334 0.843998
vt 0.274782 0.843456
vt 0.300796 0.572209
vt 0.300488 0.571769
vt 0.300938 0.571719
vt 0.299589 0.572518
vt 0.299253 0.572383
vt 0.299237 0.572687
vt 0.204328 0.834434
vt 0.203985 0.834311
vt 0.208950 0.834091
vt 0.209401 0.834230
vt 0.209216 0.834452
vt 0.213151 0.834852
vt 0.213234 0.835469
vt 0.212875 0.835174
vt 0.210140 0.835776
vt 0.210062 0.836141
vt 0.209685 0.835719
vt 0.207364 0.868732
vt 0.206846 0.868357
vt 0.207389 0.868166
vt 0.271951 0.839248
vt 0.272333 0.838997
vt 0.272230 0.839514
vt 0.217800 0.840436
vt 0.217364 0.841146
vt 0.217260 0.840616
vt 0.556465 0.908689
vt 0.556221 0.909264
vt 0.555945 0.908763
vt 0.216749 0.878571
vt 0.216607 0.877965
vt 0.217130 0.877957
vt 0.214427 0.877966
vt 0.214459 0.877492
vt 0.214815 0.877550
vt 0.211588 0.878383
vt 0.211199 0.878522
vt 0.211399 0.878036
vt 0.307986 0.560727
vt 0.308207 0.561124
vt 0.307732 0.561059
vt 0.172109 0.199868
vt 0.171927 0.200254
vt 0.171629 0.199786
vt 0.172362 0.200076
vt 0.172603 0.199574
vt 0.172860 0.200131
vt 0.223750 0.670160
vt 0.221200 0.669960
vt 0.222635 0.672519
vt 0.270758 0.372829
vt 0.270652 0.373475
vt 0.270299 0.373084
vt 0.157494 0.917336
vt 0.157133 0.918720
vt 0.156437 0.917751
vt 0.176755 0.193708
vt 0.175753 0.193370
vt 0.215923 0.190143
vt 0.215759 0.190814
vt 0.215502 0.190350
vt 0.266407 0.380895
vt 0.268222 0.380473
vt 0.268232 0.381705
vt 0.270996 0.380393
vt 0.270742 0.380576
vt 0.270832 0.380240
vt 0.169498 0.824195
vt 0.168992 0.823881
vt 0.169511 0.823745
vt 0.168944 0.824359
vt 0.176893 0.826526
vt 0.176492 0.826933
vt 0.176347 0.826643
vt 0.215117 0.190155
vt 0.215443 0.189878
vt 0.214929 0.190995
vt 0.215301 0.190730
vt 0.215337 0.191203
vt 0.153232 0.923579
vt 0.153553 0.923171
vt 0.153800 0.923374
vt 0.153763 0.923831
vt 0.154171 0.923674
vt 0.154054 0.924245
vt 0.141100 0.685027
vt 0.140991 0.684333
vt 0.141642 0.684557
vt 0.152421 0.923033
vt 0.152426 0.923481
vt 0.152168 0.923057
vt 0.178055 0.197434
vt 0.178263 0.198229
vt 0.176926 0.197798
vt 0.148946 0.917010
vt 0.148970 0.916542
vt 0.149369 0.916832
vt 0.167150 0.821873
vt 0.167193 0.822268
vt 0.166718 0.821779
vt 0.165607 0.823141
vt 0.165961 0.823281
vt 0.165450 0.823413
vt 0.149803 0.917075
vt 0.149365 0.917265
vt 0.333299 0.928746
vt 0.333556 0.928627
vt 0.333143 0.929059
vt 0.332958 0.928674
vt 0.179020 0.196904
vt 0.179224 0.197079
vt 0.179074 0.197038
vt 0.140639 0.918694
vt 0.140602 0.919424
vt 0.140161 0.919084
vt 0.139307 0.917460
vt 0.139658 0.917462
vt 0.139367 0.917816
vt 0.140471 0.922959
vt 0.140251 0.922680
vt 0.140576 0.922394
vt 0.213300 0.413815
vt 0.213548 0.414096
vt 0.212886 0.414104
vt 0.208547 0.844415
vt 0.208533 0.843863
vt 0.209013 0.844050
vt 0.173882 0.812630
vt 0.173624 0.812460
vt 0.174022 0.812339
vt 0.169170 0.815685
vt 0.168711 0.815575
vt 0.169205 0.815286
vt 0.171747 0.814697
vt 0.171889 0.815032
vt 0.171515 0.814880
vt 0.147651 0.919326
vt 0.147477 0.918884
vt 0.147945 0.918995
vt 0.163975 0.811510
vt 0.164448 0.811203
vt 0.164279 0.811788
vt 0.188880 0.230340
vt 0.189138 0.230587
vt 0.188815 0.230711
vt 0.268112 0.842084
vt 0.267711 0.842095
vt 0.267839 0.841814
vt 0.215183 0.868898
vt 0.214698 0.869140
vt 0.214788 0.868552
vt 0.243261 0.453178
vt 0.243673 0.452885
vt 0.243781 0.453346
vt 0.212591 0.867112
vt 0.212866 0.867577
vt 0.212277 0.867775
vt 0.213256 0.867257
vt 0.213034 0.866857
vt 0.283128 0.769010
vt 0.282842 0.769457
vt 0.282568 0.769029
vt 0.208740 0.841618
vt 0.209113 0.841559
vt 0.208907 0.841822
vt 0.208688 0.841974
vt 0.209550 0.842856
vt 0.209032 0.842711
vt 0.209508 0.842323
vt 0.190427 0.226923
vt 0.190739 0.226670
vt 0.190795 0.227128
vt 0.189678 0.232473
vt 0.189447 0.232815
vt 0.189191 0.232466
vt 0.214951 0.840577
vt 0.214647 0.840627
vt 0.214760 0.840313
vt 0.217196 0.843090
vt 0.217616 0.842618
vt 0.217731 0.843128
vt 0.182156 0.225093
vt 0.182205 0.224513
vt 0.182484 0.225199
vt 0.217969 0.843521
vt 0.217542 0.843952
vt 0.217543 0.843477
vt 0.161898 0.811727
vt 0.161481 0.811490
vt 0.161787 0.811237
vt 0.313079 0.037547
vt 0.313324 0.037553
vt 0.313225 0.037839
vt 0.312088 0.038910
vt 0.312243 0.038881
vt 0.312010 0.039121
vt 0.162318 0.814263
vt 0.162242 0.813810
vt 0.162520 0.813662
vt 0.272358 0.851870
vt 0.272612 0.852310
vt 0.272090 0.852429
vt 0.273874 0.852637
vt 0.273531 0.852654
vt 0.273689 0.852272
vt 0.283369 0.041175
vt 0.282896 0.041455
vt 0.282701 0.040791
vt 0.190617 0.225134
vt 0.190181 0.225174
vt 0.190480 0.224650
vt 0.194914 0.226821
vt 0.195058 0.226518
vt 0.195408 0.226822
vt 0.151433 0.682858
vt 0.151782 0.682615
vt 0.151702 0.683048
vt 0.149793 0.250117
vt 0.149402 0.250453
vt 0.149411 0.250116
vt 0.228553 0.120601
vt 0.228733 0.121049
vt 0.228219 0.121163
vt 0.229729 0.120129
vt 0.230192 0.120422
vt 0.229754 0.120569
vt 0.226757 0.125294
vt 0.226771 0.124745
vt 0.227083 0.125049
vt 0.207621 0.217333
vt 0.207530 0.216913
vt 0.207983 0.217135
vt 0.233684 0.115909
vt 0.233196 0.115564
vt 0.233608 0.115352
vt 0.139341 0.250720
vt 0.139640 0.250319
vt 0.139702 0.250827
vt 0.256952 0.394694
vt 0.256709 0.394857
vt 0.256621 0.394504
vt 0.257837 0.396037
vt 0.257723 0.396417
vt 0.257459 0.396149
vt 0.253888 0.398981
vt 0.253385 0.398965
vt 0.253529 0.398635
vt 0.258670 0.396656
vt 0.258658 0.396243
vt 0.259042 0.396420
vt 0.148366 0.924603
vt 0.148809 0.924637
vt 0.148387 0.925298
vt 0.149013 0.925117
vt 0.198315 0.232757
vt 0.197850 0.232694
vt 0.198137 0.232400
vt 0.140666 0.677034
vt 0.140540 0.677466
vt 0.138368 0.667799
vt 0.137871 0.667829
vt 0.138314 0.667380
vt 0.138845 0.667770
vt 0.139395 0.667912
vt 0.139020 0.668436
vt 0.262416 0.403320
vt 0.262579 0.402852
vt 0.262834 0.403281
vt 0.140478 0.665118
vt 0.140871 0.665416
vt 0.140340 0.665750
vt 0.147671 0.674669
vt 0.147553 0.674166
vt 0.148072 0.674177
vt 0.146445 0.685651
vt 0.146835 0.686015
vt 0.146027 0.685912
vt 0.283621 0.796463
vt 0.283753 0.796795
vt 0.283387 0.796878
vt 0.141943 0.674708
vt 0.142378 0.675187
vt 0.141867 0.675237
vt 0.174164 0.811992
vt 0.173884 0.811941
vt 0.174379 0.812210
vt 0.148846 0.925625
vt 0.141869 0.684170
vt 0.142317 0.684178
vt 0.142103 0.684443
vt 0.150469 0.669739
vt 0.150156 0.669254
vt 0.150627 0.669163
vt 0.151244 0.681726
vt 0.151805 0.682009
vt 0.151236 0.682362
vt 0.241032 0.698674
vt 0.240369 0.698829
vt 0.240579 0.698481
vt 0.148253 0.688049
vt 0.148351 0.688410
vt 0.147829 0.688339
vt 0.311477 0.838628
vt 0.311288 0.838313
vt 0.311794 0.838257
vt 0.246218 0.696201
vt 0.246924 0.696253
vt 0.246651 0.696579
vt 0.245066 0.706265
vt 0.245437 0.706532
vt 0.245095 0.706622
vt 0.245684 0.697345
vt 0.246069 0.697690
vt 0.245447 0.697811
vt 0.004571 0.155430
vt 0.004972 0.155046
vt 0.004960 0.155562
vt 0.031943 0.162781
vt 0.032373 0.162435
vt 0.032350 0.163031
vt 0.030547 0.160978
vt 0.030333 0.161260
vt 0.030188 0.160963
vt 0.028024 0.153935
vt 0.028291 0.154288
vt 0.028047 0.154368
vt 0.021216 0.154311
vt 0.021050 0.154868
vt 0.020740 0.154355
vt 0.017980 0.154450
vt 0.017552 0.154264
vt 0.017902 0.154015
vt 0.022840 0.164094
vt 0.022364 0.164084
vt 0.022635 0.163578
vt 0.020804 0.165445
vt 0.020956 0.165014
vt 0.021242 0.165248
vt 0.026021 0.151785
vt 0.025566 0.151485
vt 0.026002 0.151270
vt 0.022629 0.164510
vt 0.022179 0.164465
vt 0.173642 0.915263
vt 0.173259 0.915474
vt 0.026296 0.152788
vt 0.026688 0.153312
vt 0.026163 0.153382
vt 0.029086 0.153242
vt 0.029170 0.153873
vt 0.028760 0.153534
vt 0.021560 0.149219
vt 0.021189 0.149021
vt 0.021640 0.148840
vt 0.017782 0.149671
vt 0.017757 0.150070
vt 0.017308 0.149964
vt 0.094557 0.311176
vt 0.094641 0.311676
vt 0.094126 0.311512
vt 0.016200 0.164732
vt 0.016423 0.165221
vt 0.015893 0.165135
vt 0.015100 0.164704
vt 0.014538 0.164373
vt 0.015001 0.164113
vt 0.016913 0.166995
vt 0.016468 0.166659
vt 0.016788 0.166512
vt 0.092590 0.309375
vt 0.092423 0.308915
vt 0.093063 0.309100
vt 0.093655 0.309849
vt 0.094154 0.310285
vt 0.093739 0.310427
vt 0.188254 0.520465
vt 0.187961 0.519878
vt 0.188449 0.520030
vt 0.088153 0.599761
vt 0.087790 0.599295
vt 0.088289 0.599362
vt 0.097698 0.600730
vt 0.097297 0.601216
vt 0.097249 0.600398
vt 0.288057 0.305870
vt 0.288029 0.306417
vt 0.287747 0.306207
vt 0.294286 0.301273
vt 0.294580 0.301276
vt 0.294692 0.301694
vt 0.094526 0.307861
vt 0.094286 0.307468
vt 0.094743 0.307689
vt 0.212753 0.584798
vt 0.212968 0.584470
vt 0.213153 0.584719
vt 0.212421 0.584409
vt 0.212773 0.584154
vt 0.213821 0.584033
vt 0.213038 0.583843
vt 0.213363 0.583721
vt 0.215049 0.584541
vt 0.214646 0.584376
vt 0.214958 0.584210
vt 0.215941 0.590206
vt 0.216144 0.590090
vt 0.216250 0.590502
vt 0.218104 0.583882
vt 0.218487 0.583888
vt 0.218443 0.584107
vt 0.182488 0.520082
vt 0.182848 0.519901
vt 0.182772 0.520345
vt 0.189449 0.520930
vt 0.188766 0.520899
vt 0.189059 0.520224
vt 0.216193 0.584756
vt 0.215781 0.584647
vt 0.215912 0.584318
vt 0.241154 0.165140
vt 0.241143 0.164715
vt 0.082796 0.305008
vt 0.083335 0.304752
vt 0.083130 0.305174
vt 0.081076 0.303989
vt 0.081346 0.304139
vt 0.080952 0.304285
vt 0.191995 0.516363
vt 0.191921 0.516682
vt 0.191718 0.516483
vt 0.191084 0.525684
vt 0.190797 0.525177
vt 0.191450 0.525312
vt 0.188998 0.519672
vt 0.189476 0.519652
vt 0.083311 0.596497
vt 0.082983 0.596917
vt 0.082729 0.596401
vt 0.077249 0.312761
vt 0.077318 0.312425
vt 0.077581 0.312617
vt 0.074006 0.318839
vt 0.073955 0.319328
vt 0.073723 0.319017
vt 0.129515 0.648983
vt 0.129857 0.649109
vt 0.129629 0.649404
vt 0.129577 0.648484
vt 0.129770 0.648855
vt 0.072322 0.313044
vt 0.071869 0.313386
vt 0.071919 0.312983
vt 0.070707 0.310533
vt 0.070382 0.310696
vt 0.070568 0.310240
vt 0.070939 0.311410
vt 0.070585 0.311816
vt 0.070568 0.311437
vt 0.077850 0.312818
vt 0.077441 0.313075
vt 0.079108 0.311307
vt 0.078646 0.311726
vt 0.078710 0.311258
vt 0.079242 0.311640
vt 0.080326 0.305509
vt 0.079668 0.305468
vt 0.080138 0.305148
vt 0.080182 0.307434
vt 0.080710 0.307272
vt 0.080828 0.307552
vt 0.116588 0.428868
vt 0.117081 0.429253
vt 0.116690 0.429467
vt 0.325306 0.146683
vt 0.325224 0.147762
vt 0.326475 0.146974
vt 0.089368 0.303264
vt 0.089214 0.303006
vt 0.089766 0.303182
vt 0.119085 0.434529
vt 0.118829 0.434155
vt 0.119308 0.434202
vt 0.227405 0.025179
vt 0.227765 0.025313
vt 0.227585 0.025445
vt 0.007338 0.154222
vt 0.007551 0.154289
vt 0.007295 0.154654
vt 0.007985 0.162599
vt 0.008386 0.162414
vt 0.008094 0.162903
vt 0.008504 0.157067
vt 0.007951 0.156971
vt 0.008435 0.156574
vt 0.008394 0.162845
vt 0.245799 0.708225
vt 0.245334 0.708517
vt 0.245190 0.707879
vt 0.228850 0.029273
vt 0.228414 0.028514
vt 0.228979 0.028804
vt 0.016129 0.170422
vt 0.015688 0.170661
vt 0.015737 0.170078
vt 0.124681 0.432310
vt 0.124832 0.432061
vt 0.125105 0.432501
vt 0.024256 0.175179
vt 0.023942 0.175230
vt 0.024140 0.174849
vt 0.024612 0.174899
vt 0.024554 0.175365
vt 0.024105 0.175549
vt 0.018498 0.173915
vt 0.018909 0.173748
vt 0.018938 0.174311
vt 0.242691 0.160601
vt 0.242987 0.160718
vt 0.242348 0.160810
vt 0.352933 0.922867
vt 0.352742 0.923211
vt 0.352576 0.922953
vt 0.279141 0.646686
vt 0.279017 0.647180
vt 0.278375 0.646827
vt 0.240248 0.701698
vt 0.240209 0.701963
vt 0.239926 0.701851
vt 0.225781 0.024279
vt 0.225680 0.023971
vt 0.225886 0.024000
vt 0.225856 0.023486
vt 0.005721 0.174967
vt 0.006160 0.175931
vt 0.004778 0.175583
vt 0.008193 0.172180
vt 0.008277 0.171729
vt 0.008522 0.172130
vt 0.008298 0.176881
vt 0.007617 0.176229
vt 0.008285 0.176113
vt 0.167610 0.469466
vt 0.167949 0.468953
vt 0.167947 0.469542
vt 0.336614 0.700625
vt 0.337456 0.701065
vt 0.336837 0.699829
vt 0.006293 0.176653
vt 0.005846 0.177392
vt 0.326058 0.785441
vt 0.326480 0.785485
vt 0.326397 0.785892
vt 0.325792 0.785845
vt 0.325429 0.785834
vt 0.325460 0.785460
vt 0.207592 0.100713
vt 0.344635 0.685691
vt 0.344099 0.685768
vt 0.344350 0.685417
vt 0.343045 0.684706
vt 0.342586 0.684921
vt 0.342548 0.684582
vt 0.008954 0.176474
vt 0.323547 0.152288
vt 0.325498 0.152204
vt 0.325550 0.149532
vt 0.343291 0.684063
vt 0.343828 0.684289
vt 0.343548 0.684615
vt 0.308545 0.787189
vt 0.308951 0.787391
vt 0.308642 0.787783
vt 0.328103 0.470053
vt 0.328266 0.469855
vt 0.328492 0.470220
vt 0.121754 0.427397
vt 0.121126 0.427674
vt 0.121102 0.427092
vt 0.121911 0.426358
vt 0.121311 0.426254
vt 0.121535 0.425845
vt 0.111245 0.430492
vt 0.111434 0.430118
vt 0.111790 0.430330
vt 0.117629 0.429410
vt 0.118219 0.430056
vt 0.117555 0.430011
vt 0.338015 0.010392
vt 0.338584 0.010336
vt 0.338364 0.010661
vt 0.337723 0.012792
vt 0.338123 0.012419
vt 0.338313 0.012911
vt 0.338398 0.011955
vt 0.338668 0.012483
vt 0.314893 0.981109
vt 0.314375 0.981312
vt 0.314519 0.980925
vt 0.196288 0.527210
vt 0.195915 0.527572
vt 0.195844 0.527041
vt 0.196246 0.950337
vt 0.196329 0.950744
vt 0.195695 0.950787
vt 0.308928 0.789606
vt 0.309438 0.789465
vt 0.309449 0.790033
vt 0.314054 0.979341
vt 0.314573 0.979119
vt 0.314610 0.979507
vt 0.323932 0.148512
vt 0.323743 0.147422
vt 0.322982 0.148108
vt 0.172141 0.475555
vt 0.172635 0.476166
vt 0.172068 0.476188
vt 0.312228 0.977913
vt 0.312349 0.977251
vt 0.312572 0.978185
vt 0.312732 0.977637
vt 0.314272 0.978565
vt 0.313975 0.978831
vt 0.313770 0.978361
vt 0.327526 0.150455
vt 0.326903 0.149796
vt 0.326781 0.151455
vt 0.206529 0.080933
vt 0.205201 0.081902
vt 0.205006 0.080600
vt 0.311495 0.779193
vt 0.311687 0.779786
vt 0.311291 0.779558
vt 0.230777 0.380281
vt 0.230234 0.380722
vt 0.230920 0.380837
vt 0.338733 0.387810
vt 0.339000 0.388682
vt 0.338365 0.389020
vt 0.228551 0.383156
vt 0.229015 0.383296
vt 0.228923 0.382852
vt 0.228652 0.383651
vt 0.339462 0.389666
vt 0.339232 0.389858
vt 0.339276 0.389331
vt 0.441384 0.905100
vt 0.440784 0.904699
vt 0.440966 0.905539
vt 0.236448 0.468380
vt 0.236640 0.468529
vt 0.236713 0.467997
vt 0.230127 0.382569
vt 0.230659 0.383003
vt 0.230728 0.382491
vt 0.229454 0.383455
vt 0.229530 0.382897
vt 0.184092 0.957045
vt 0.184012 0.956623
vt 0.184386 0.956769
vt 0.327301 0.263968
vt 0.326930 0.263700
vt 0.327212 0.263596
vt 0.327494 0.263766
vt 0.304498 0.514464
vt 0.304498 0.514145
vt 0.304854 0.514159
vt 0.358381 0.098385
vt 0.356880 0.097232
vt 0.358049 0.095716
vt 0.372279 0.180837
vt 0.373084 0.180761
vt 0.372684 0.181275
vt 0.339416 0.387741
vt 0.055885 0.820718
vt 0.055828 0.821886
vt 0.312221 0.318222
vt 0.311696 0.318836
vt 0.311385 0.318411
vt 0.064598 0.098664
vt 0.064191 0.102210
vt 0.062487 0.099203
vt 0.311095 0.316765
vt 0.311600 0.317086
vt 0.310904 0.317530
vt 0.214965 0.698485
vt 0.214324 0.698539
vt 0.214477 0.698253
vt 0.213693 0.698319
vt 0.213291 0.697844
vt 0.213670 0.698048
vt 0.216967 0.702255
vt 0.216604 0.702107
vt 0.216784 0.701737
vt 0.216011 0.698166
vt 0.215924 0.697415
vt 0.216546 0.698187
vt 0.271756 0.567206
vt 0.271458 0.569042
vt 0.272822 0.569922
vt 0.208690 0.688485
vt 0.208931 0.689140
vt 0.208442 0.688970
vt 0.206546 0.688386
vt 0.207254 0.688339
vt 0.206828 0.688727
vt 0.270033 0.565329
vt 0.270371 0.566475
vt 0.267603 0.566579
vt 0.276879 0.877581
vt 0.280291 0.880839
vt 0.283702 0.884097
vt 0.286902 0.879108
vt 0.281891 0.878344
vt 0.059235 0.260335
vt 0.061771 0.264567
vt 0.057458 0.263940
vt 0.307761 0.858177
vt 0.307489 0.857859
vt 0.307964 0.857556
vt 0.265774 0.537417
vt 0.265505 0.538344
vt 0.265415 0.537713
vt 0.305097 0.630436
vt 0.305815 0.630648
vt 0.305256 0.631133
vt 0.400077 0.922264
vt 0.401752 0.923755
vt 0.402254 0.922799
vt 0.344852 0.351916
vt 0.344567 0.352438
vt 0.343986 0.352122
vt 0.349176 0.755272
vt 0.351732 0.753755
vt 0.348660 0.756718
vt 0.204313 0.083699
vt 0.204413 0.084001
vt 0.203863 0.084606
vt 0.340005 0.630800
vt 0.339785 0.630548
vt 0.340346 0.627241
vt 0.339901 0.627572
vt 0.339880 0.627005
vt 0.326147 0.787022
vt 0.325739 0.786872
vt 0.326152 0.786489
vt 0.375003 0.736163
vt 0.374486 0.736677
vt 0.374960 0.736931
vt 0.375447 0.670121
vt 0.375882 0.670752
vt 0.375373 0.670692
vt 0.376161 0.669956
vt 0.329821 0.309404
vt 0.330027 0.310772
vt 0.331411 0.309880
vt 0.375510 0.736333
vt 0.376208 0.736443
vt 0.376099 0.735614
vt 0.375518 0.737225
vt 0.284444 0.649656
vt 0.284908 0.649364
vt 0.284471 0.650018
vt 0.285906 0.650137
vt 0.316127 0.882947
vt 0.316834 0.883399
vt 0.315958 0.883732
vt 0.320134 0.882123
vt 0.318425 0.880030
vt 0.321343 0.878850
vt 0.278725 0.888573
vt 0.281346 0.887120
vt 0.277934 0.883862
vt 0.286417 0.643275
vt 0.285962 0.643655
vt 0.285376 0.643622
vt 0.059534 0.740685
vt 0.057753 0.739818
vt 0.058611 0.739039
vt 0.349482 0.403262
vt 0.351549 0.402486
vt 0.350920 0.405167
vt 0.254236 0.710473
vt 0.257518 0.708030
vt 0.254040 0.709055
vt 0.341203 0.623790
vt 0.339302 0.623326
vt 0.339501 0.621859
vt 0.344102 0.900876
vt 0.343814 0.897761
vt 0.345649 0.900501
vt 0.364943 0.603777
vt 0.364949 0.605872
vt 0.366135 0.605198
vt 0.344462 0.903006
vt 0.343683 0.904291
vt 0.343209 0.902513
vt 0.141405 0.130614
vt 0.143342 0.123399
vt 0.049574 0.505599
vt 0.044618 0.508135
vt 0.047602 0.510749
vt 0.258821 0.705138
vt 0.258997 0.705944
vt 0.259820 0.705702
vt 0.509667 0.982560
vt 0.507906 0.981516
vt 0.509634 0.981423
vt 0.127193 0.069972
vt 0.127285 0.070339
vt 0.126945 0.070095
vt 0.210470 0.080252
vt 0.209142 0.080309
vt 0.281407 0.914399
vt 0.279438 0.916186
vt 0.281606 0.917512
vt 0.327625 0.485409
vt 0.349392 0.076709
vt 0.349124 0.075997
vt 0.349674 0.076315
vt 0.348028 0.756596
vt 0.347889 0.755767
vt 0.059463 0.818611
vt 0.057246 0.818802
vt 0.049299 0.563066
vt 0.048501 0.565529
vt 0.045778 0.563505
vt 0.047698 0.562793
vt 0.317177 0.549514
vt 0.316658 0.548904
vt 0.317441 0.548717
vt 0.038447 0.162292
vt 0.038483 0.161805
vt 0.053638 0.379669
vt 0.053753 0.379108
vt 0.054035 0.379348
vt 0.161991 0.549095
vt 0.162024 0.548620
vt 0.162263 0.548880
vt 0.345966 0.416452
vt 0.345481 0.416562
vt 0.345649 0.416187
vt 0.344780 0.415677
vt 0.345081 0.415567
vt 0.345196 0.415967
vt 0.345441 0.415390
vt 0.345604 0.415047
vt 0.345957 0.415107
vt 0.154433 0.851297
vt 0.154585 0.850992
vt 0.154719 0.851313
vt 0.056042 0.377319
vt 0.056838 0.377358
vt 0.056174 0.377656
vt 0.152403 0.850344
vt 0.152787 0.849940
vt 0.152949 0.850519
vt 0.145298 0.853040
vt 0.145425 0.853436
vt 0.050789 0.381446
vt 0.050761 0.381874
vt 0.050410 0.382118
vt 0.109040 0.652375
vt 0.105272 0.656239
vt 0.105094 0.657034
vt 0.104576 0.656309
vt 0.343459 0.527631
vt 0.343469 0.527999
vt 0.343175 0.528258
vt 0.039956 0.162386
vt 0.039718 0.162899
vt 0.039564 0.162377
vt 0.762746 0.918816
vt 0.762559 0.917957
vt 0.763285 0.918348
vt 0.108578 0.653805
vt 0.108700 0.653970
vt 0.108453 0.654162
vt 0.116919 0.651931
vt 0.117497 0.651329
vt 0.117721 0.652123
vt 0.118309 0.653072
vt 0.117878 0.652820
vt 0.118496 0.652399
vt 0.368657 0.414363
vt 0.368649 0.414086
vt 0.117953 0.653546
vt 0.118597 0.653399
vt 0.118458 0.653771
vt 0.172491 0.551517
vt 0.172997 0.551198
vt 0.173032 0.551480
vt 0.050376 0.382836
vt 0.050198 0.382599
vt 0.145358 0.516712
vt 0.145914 0.516483
vt 0.145697 0.517048
vt 0.350529 0.184985
vt 0.350757 0.184565
vt 0.351042 0.184962
vt 0.146324 0.517015
vt 0.155986 0.520832
vt 0.155506 0.520610
vt 0.155976 0.520304
vt 0.319080 0.492707
vt 0.319470 0.492748
vt 0.319221 0.493046
vt 0.063203 0.378077
vt 0.062758 0.378404
vt 0.062594 0.377937
vt 0.062064 0.378044
vt 0.062324 0.378257
vt 0.061998 0.378325
vt 0.119926 0.648554
vt 0.119764 0.649247
vt 0.119231 0.649244
vt 0.068841 0.315089
vt 0.068929 0.314535
vt 0.069171 0.314553
vt 0.071867 0.307029
vt 0.071841 0.307437
vt 0.071460 0.307420
vt 0.319865 0.491641
vt 0.320319 0.491840
vt 0.319917 0.492192
vt 0.110280 0.431594
vt 0.109963 0.431590
vt 0.110306 0.431188
vt 0.153134 0.511185
vt 0.153676 0.511083
vt 0.153533 0.511528
vt 0.303033 0.978521
vt 0.302884 0.978929
vt 0.302735 0.978572
vt 0.150214 0.505513
vt 0.150126 0.504925
vt 0.150566 0.505171
vt 0.308070 0.404020
vt 0.308547 0.404058
vt 0.308163 0.404539
vt 0.140738 0.511784
vt 0.141142 0.511710
vt 0.140955 0.512086
vt 0.164900 0.465505
vt 0.164709 0.465083
vt 0.165217 0.465112
vt 0.164906 0.464804
vt 0.153309 0.929001
vt 0.153019 0.929004
vt 0.153109 0.928481
vt 0.151271 0.931583
vt 0.151451 0.931804
vt 0.151282 0.932167
vt 0.151850 0.928501
vt 0.151787 0.928958
vt 0.151570 0.928630
vt 0.166259 0.463328
vt 0.166567 0.463235
vt 0.166604 0.463419
vt 0.146887 0.926929
vt 0.146548 0.926623
vt 0.146838 0.926346
vt 0.152067 0.928075
vt 0.152203 0.928623
vt 0.147967 0.925563
vt 0.147812 0.925224
vt 0.147118 0.498833
vt 0.146513 0.498955
vt 0.146854 0.498490
vt 0.207194 0.419805
vt 0.207426 0.420146
vt 0.206842 0.420276
vt 0.206723 0.418443
vt 0.206376 0.418727
vt 0.206309 0.418385
vt 0.206283 0.423422
vt 0.206685 0.423587
vt 0.206398 0.424079
vt 0.081607 0.800657
vt 0.081460 0.800266
vt 0.081926 0.800193
vt 0.208243 0.431725
vt 0.207950 0.431304
vt 0.208306 0.431415
vt 0.208277 0.431081
vt 0.207923 0.430756
vt 0.282072 0.504504
vt 0.281942 0.504231
vt 0.282375 0.504290
vt 0.211366 0.427315
vt 0.211508 0.427822
vt 0.210906 0.427623
vt 0.082169 0.802176
vt 0.081797 0.802364
vt 0.081907 0.801773
vt 0.080423 0.805494
vt 0.080713 0.806030
vt 0.080302 0.806037
vt 0.088925 0.810709
vt 0.088411 0.810766
vt 0.088475 0.810313
vt 0.087920 0.810626
vt 0.087995 0.811147
vt 0.087530 0.811026
vt 0.086077 0.813099
vt 0.085638 0.813085
vt 0.085824 0.812767
vt 0.087987 0.811658
vt 0.087621 0.811848
vt 0.087644 0.811447
vt 0.141533 0.839059
vt 0.141750 0.839516
vt 0.141273 0.839539
vt 0.140575 0.848659
vt 0.140770 0.849339
vt 0.140074 0.849083
vt 0.142213 0.849354
vt 0.142543 0.849809
vt 0.142227 0.849705
vt 0.194145 0.791370
vt 0.193588 0.791595
vt 0.194028 0.790802
vt 0.191830 0.791422
vt 0.192245 0.791414
vt 0.192198 0.791815
vt 0.218075 0.502155
vt 0.218685 0.501821
vt 0.218597 0.502246
vt 0.213513 0.507470
vt 0.214056 0.507083
vt 0.214009 0.507591
vt 0.218513 0.503179
vt 0.218860 0.502947
vt 0.219106 0.503330
vt 0.211986 0.503648
vt 0.211960 0.503362
vt 0.212521 0.503253
vt 0.187860 0.791683
vt 0.188446 0.791305
vt 0.188443 0.791600
vt 0.199007 0.817287
vt 0.198838 0.816955
vt 0.199092 0.816849
vt 0.125951 0.069607
vt 0.125638 0.069218
vt 0.126085 0.069363
vt 0.123531 0.072266
vt 0.123718 0.071843
vt 0.123971 0.072231
vt 0.205333 0.513140
vt 0.205691 0.512974
vt 0.205552 0.513387
vt 0.355315 0.295203
vt 0.355556 0.294865
vt 0.355656 0.295328
vt 0.191687 0.824218
vt 0.191394 0.824087
vt 0.191598 0.823831
vt 0.115504 0.069260
vt 0.115886 0.068997
vt 0.115801 0.069492
vt 0.118753 0.068202
vt 0.118211 0.068451
vt 0.118330 0.067950
vt 0.111421 0.068336
vt 0.109758 0.068652
vt 0.110065 0.068424
vt 0.110281 0.068719
vt 0.207679 0.469374
vt 0.207456 0.469212
vt 0.208088 0.469173
vt 0.119795 0.065792
vt 0.120120 0.065460
vt 0.120368 0.065786
vt 0.114402 0.064475
vt 0.113952 0.064092
vt 0.114587 0.063956
vt 0.120058 0.067133
vt 0.119747 0.066438
vt 0.120579 0.066880
vt 0.077416 0.814829
vt 0.076950 0.814363
vt 0.077552 0.814409
vt 0.118762 0.064953
vt 0.119019 0.064626
vt 0.119318 0.064924
vt 0.209439 0.470242
vt 0.209332 0.470629
vt 0.208831 0.470345
vt 0.114887 0.064198
vt 0.115222 0.063850
vt 0.113395 0.062768
vt 0.113802 0.061670
vt 0.113884 0.062954
vt 0.114876 0.062338
vt 0.214520 0.468692
vt 0.214079 0.468469
vt 0.215273 0.468013
vt 0.070676 0.805869
vt 0.071490 0.805339
vt 0.071447 0.806089
vt 0.468304 0.919083
vt 0.468210 0.918330
vt 0.469045 0.918499
vt 0.344525 0.114301
vt 0.344589 0.113670
vt 0.345119 0.113827
vt 0.216604 0.463834
vt 0.216829 0.463271
vt 0.217358 0.462738
vt 0.077940 0.808446
vt 0.078097 0.809042
vt 0.077535 0.808619
vt 0.203126 0.425514
vt 0.202950 0.425862
vt 0.202687 0.425561
vt 0.152505 0.653373
vt 0.152857 0.652986
vt 0.153057 0.653436
vt 0.196968 0.150563
vt 0.196538 0.150991
vt 0.196518 0.150482
vt 0.198359 0.148135
vt 0.198358 0.148772
vt 0.197927 0.148444
vt 0.242699 0.624198
vt 0.242284 0.624405
vt 0.242352 0.624017
vt 0.242402 0.625808
vt 0.242412 0.625445
vt 0.242818 0.625560
vt 0.247542 0.630592
vt 0.247645 0.630157
vt 0.248019 0.630397
vt 0.196249 0.136453
vt 0.195822 0.136425
vt 0.195967 0.136121
vt 0.241144 0.324415
vt 0.241333 0.324665
vt 0.240979 0.324671
vt 0.193759 0.134767
vt 0.193278 0.134773
vt 0.193362 0.134486
vt 0.196128 0.154957
vt 0.195803 0.155238
vt 0.195666 0.154885
vt 0.196090 0.150919
vt 0.195775 0.151161
vt 0.195716 0.150700
vt 0.108285 0.074621
vt 0.108290 0.075039
vt 0.107990 0.074917
vt 0.188000 0.809744
vt 0.188526 0.809544
vt 0.188466 0.809952
vt 0.191321 0.810690
vt 0.191760 0.810660
vt 0.191662 0.811151
vt 0.193574 0.815965
vt 0.193103 0.815885
vt 0.193470 0.815538
vt 0.190316 0.819313
vt 0.190464 0.818908
vt 0.190849 0.819203
vt 0.193437 0.813184
vt 0.193719 0.813565
vt 0.193149 0.813514
vt 0.209409 0.464082
vt 0.209656 0.464346
vt 0.209273 0.464367
vt 0.144035 0.658071
vt 0.144330 0.657868
vt 0.144316 0.658205
vt 0.197497 0.152172
vt 0.197899 0.151791
vt 0.197990 0.152290
vt 0.146251 0.651031
vt 0.146229 0.651593
vt 0.146054 0.651316
vt 0.194575 0.809688
vt 0.195020 0.810202
vt 0.194628 0.810229
vt 0.116663 0.077095
vt 0.116429 0.077466
vt 0.116108 0.077162
vt 0.197440 0.811960
vt 0.197745 0.811708
vt 0.197964 0.812167
vt 0.211112 0.432383
vt 0.211604 0.432558
vt 0.211139 0.432781
vt 0.199969 0.816203
vt 0.199659 0.815863
vt 0.199885 0.815598
vt 0.355182 0.291470
vt 0.354785 0.291570
vt 0.354997 0.291102
vt 0.353253 0.292283
vt 0.353918 0.292249
vt 0.353553 0.292545
vt 0.144276 0.644634
vt 0.144743 0.644278
vt 0.144864 0.644946
vt 0.156287 0.648719
vt 0.155818 0.649599
vt 0.155525 0.648741
vt 0.282846 0.506447
vt 0.283018 0.506797
vt 0.282597 0.506982
vt 0.282391 0.506633
vt 0.144843 0.634387
vt 0.145392 0.634512
vt 0.145173 0.635013
vt 0.142588 0.636109
vt 0.142897 0.636533
vt 0.142297 0.636730
vt 0.143066 0.635684
vt 0.143267 0.636142
vt 0.141865 0.635698
vt 0.142128 0.635330
vt 0.142319 0.635696
vt 0.141669 0.635287
vt 0.141319 0.635338
vt 0.141362 0.635059
vt 0.270545 0.132708
vt 0.270106 0.132976
vt 0.270256 0.132486
vt 0.096730 0.795468
vt 0.096950 0.795887
vt 0.096331 0.795699
vt 0.271665 0.131915
vt 0.272197 0.131640
vt 0.271968 0.132021
vt 0.141834 0.507041
vt 0.141463 0.507284
vt 0.141339 0.506880
vt 0.271047 0.140444
vt 0.270632 0.140149
vt 0.271019 0.139892
vt 0.137065 0.926689
vt 0.136823 0.926823
vt 0.136894 0.926410
vt 0.217702 0.420683
vt 0.218132 0.420422
vt 0.218070 0.420836
vt 0.216139 0.420305
vt 0.215634 0.420426
vt 0.216007 0.420043
vt 0.093186 0.794786
vt 0.093077 0.794359
vt 0.093436 0.794523
vt 0.094274 0.795733
vt 0.094000 0.795845
vt 0.093979 0.795422
vt 0.093178 0.801014
vt 0.093542 0.801240
vt 0.093109 0.801522
vt 0.096407 0.805724
vt 0.096744 0.805382
vt 0.096834 0.805787
vt 0.099138 0.803469
vt 0.099221 0.803793
vt 0.098956 0.803995
vt 0.135815 0.513124
vt 0.136089 0.512642
vt 0.136436 0.513219
vt 0.140106 0.518849
vt 0.139568 0.518515
vt 0.140060 0.518307
vt 0.144570 0.839515
vt 0.144639 0.839012
vt 0.144943 0.839286
vt 0.135832 0.514116
vt 0.135477 0.514380
vt 0.135367 0.513860
vt 0.119031 0.649950
vt 0.118634 0.649733
vt 0.148616 0.847026
vt 0.148440 0.847539
vt 0.148078 0.847218
vt 0.124017 0.654981
vt 0.123602 0.655058
vt 0.123747 0.654649
vt 0.145618 0.538157
vt 0.295677 0.465627
vt 0.296273 0.465467
vt 0.296494 0.466306
vt 0.190371 0.825632
vt 0.190063 0.825823
vt 0.189958 0.825553
vt 0.206869 0.514821
vt 0.206517 0.515133
vt 0.206374 0.514563
vt 0.207972 0.513816
vt 0.207976 0.513373
vt 0.208413 0.513413
vt 0.207277 0.513467
vt 0.207385 0.513993
vt 0.206905 0.513929
vt 0.205688 0.514023
vt 0.205449 0.514305
vt 0.205273 0.513827
vt 0.208238 0.519419
vt 0.208176 0.519757
vt 0.207910 0.519512
vt 0.141410 0.874808
vt 0.141550 0.875146
vt 0.141189 0.875231
vt 0.069585 0.087543
vt 0.069448 0.087846
vt 0.069286 0.087391
vt 0.324949 0.550020
vt 0.324674 0.549593
vt 0.324973 0.549670
vt 0.324745 0.554531
vt 0.324887 0.554240
vt 0.325292 0.554567
vt 0.327333 0.553309
vt 0.328006 0.553452
vt 0.327373 0.553743
vt 0.537664 0.931141
vt 0.537311 0.931553
vt 0.537165 0.931008
vt 0.257880 0.859279
vt 0.258177 0.858773
vt 0.258333 0.859187
vt 0.105091 0.663226
vt 0.104962 0.662501
vt 0.105170 0.662718
vt 0.354103 0.362734
vt 0.353777 0.363086
vt 0.353784 0.362446
vt 0.105238 0.660408
vt 0.105046 0.660001
vt 0.105393 0.660026
vt 0.737968 0.940459
vt 0.738329 0.940115
vt 0.738920 0.940725
vt 0.254165 0.852987
vt 0.254015 0.853449
vt 0.253838 0.853269
vt 0.147250 0.861046
vt 0.147767 0.861200
vt 0.147363 0.861414
vt 0.193654 0.804518
vt 0.194241 0.804702
vt 0.193910 0.804884
vt 0.369790 0.414715
vt 0.369730 0.415328
vt 0.369395 0.414648
vt 0.148103 0.866127
vt 0.148575 0.866317
vt 0.148141 0.866605
vt 0.144974 0.865649
vt 0.145204 0.865846
vt 0.144800 0.866078
vt 0.147079 0.863685
vt 0.147142 0.863237
vt 0.147447 0.863441
vt 0.192657 0.805771
vt 0.192343 0.805962
vt 0.192254 0.805725
vt 0.144250 0.865956
vt 0.144335 0.866464
vt 0.143926 0.866354
vt 0.151196 0.872926
vt 0.150689 0.873348
vt 0.150759 0.872764
vt 0.136576 0.865105
vt 0.136472 0.864756
vt 0.136868 0.864691
vt 0.134532 0.868994
vt 0.134159 0.868845
vt 0.134405 0.868447
vt 0.153260 0.877944
vt 0.153052 0.878509
vt 0.152736 0.878149
vt 0.371827 0.470469
vt 0.372235 0.470072
vt 0.372228 0.470598
vt 0.148590 0.881051
vt 0.148642 0.881287
vt 0.148203 0.881316
vt 0.282839 0.556420
vt 0.282481 0.556582
vt 0.282606 0.556017
vt 0.282183 0.561047
vt 0.282040 0.560798
vt 0.282315 0.560714
vt 0.141790 0.875296
vt 0.141867 0.875635
vt 0.141520 0.875499
vt 0.140286 0.874416
vt 0.140593 0.874568
vt 0.140225 0.874768
vt 0.141623 0.874475
vt 0.141659 0.874094
vt 0.141948 0.874270
vt 0.142477 0.875097
vt 0.142870 0.875053
vt 0.142565 0.875399
vt 0.141288 0.874333
vt 0.148344 0.876134
vt 0.147905 0.876319
vt 0.148193 0.875723
vt 0.325452 0.124003
vt 0.325072 0.123504
vt 0.325507 0.123636
vt 0.348538 0.084037
vt 0.348663 0.083775
vt 0.348840 0.084157
vt 0.294048 0.478826
vt 0.293764 0.478997
vt 0.293700 0.478728
vt 0.359421 0.789070
vt 0.359991 0.789188
vt 0.359639 0.789443
vt 0.465383 0.924229
vt 0.465583 0.923746
vt 0.465883 0.923969
vt 0.907835 0.932973
vt 0.908305 0.932291
vt 0.908496 0.932524
vt 0.351503 0.295250
vt 0.350226 0.295480
vt 0.351460 0.297160
vt 0.336137 0.286235
vt 0.336139 0.285815
vt 0.336472 0.286066
vt 0.303491 0.494189
vt 0.303053 0.493687
vt 0.303725 0.493555
vt 0.302834 0.492905
vt 0.067463 0.618060
vt 0.066842 0.618793
vt 0.066726 0.617551
vt 0.372442 0.455714
vt 0.371811 0.454942
vt 0.372561 0.455243
vt 0.358962 0.785929
vt 0.358647 0.785697
vt 0.359107 0.785340
vt 0.300860 0.495411
vt 0.300341 0.495571
vt 0.300409 0.495148
vt 0.340714 0.369789
vt 0.340451 0.370446
vt 0.341056 0.370397
vt 0.298924 0.495715
vt 0.298281 0.495450
vt 0.298690 0.495146
vt 0.370353 0.600780
vt 0.370687 0.600256
vt 0.370391 0.600257
vt 0.358750 0.188258
vt 0.358312 0.188660
vt 0.358364 0.188142
vt 0.067155 0.763374
vt 0.067213 0.763082
vt 0.067529 0.763476
vt 0.691992 0.931993
vt 0.692583 0.931991
vt 0.692314 0.931711
vt 0.500645 0.914064
vt 0.500355 0.913724
vt 0.500119 0.914058
vt 0.353918 0.696587
vt 0.354064 0.696327
vt 0.354387 0.696481
vt 0.501323 0.912968
vt 0.502498 0.912454
vt 0.502104 0.911825
vt 0.049507 0.421736
vt 0.048749 0.421673
vt 0.048784 0.421121
vt 0.797346 0.940697
vt 0.798137 0.940792
vt 0.797785 0.941169
vt 0.464992 0.949580
vt 0.464665 0.949602
vt 0.464838 0.949294
vt 0.364578 0.922809
vt 0.364728 0.922193
vt 0.364221 0.922579
vt 0.373040 0.813536
vt 0.372810 0.813177
vt 0.373176 0.813137
vt 0.302947 0.787365
vt 0.302896 0.787013
vt 0.303140 0.786743
vt 0.762523 0.931979
vt 0.762151 0.931520
vt 0.762916 0.931464
vt 0.236363 0.468933
vt 0.236110 0.469707
vt 0.236475 0.469379
vt 0.528792 0.926782
vt 0.529134 0.927028
vt 0.528714 0.927032
vt 0.259055 0.859578
vt 0.258772 0.859805
vt 0.258796 0.859444
vt 0.326832 0.458409
vt 0.326860 0.457880
vt 0.327131 0.458114
vt 0.502125 0.913806
vt 0.358329 0.246341
vt 0.358063 0.246369
vt 0.358150 0.246127
vt 0.309104 0.281596
vt 0.309252 0.281230
vt 0.309561 0.281490
vt 0.267788 0.121653
vt 0.268004 0.121189
vt 0.269651 0.127674
vt 0.269918 0.127701
vt 0.269824 0.127936
vt 0.323786 0.460084
vt 0.323855 0.460564
vt 0.323378 0.460354
vt 0.269144 0.126164
vt 0.269511 0.126341
vt 0.269109 0.126462
vt 0.327272 0.458466
vt 0.326988 0.458716
vt 0.326354 0.458820
vt 0.326747 0.458734
vt 0.326809 0.459013
vt 0.117506 0.054204
vt 0.117479 0.054753
vt 0.117174 0.054466
vt 0.118780 0.053082
vt 0.118478 0.053071
vt 0.118909 0.052623
vt 0.120821 0.054072
vt 0.120576 0.053682
vt 0.120938 0.053635
vt 0.297951 0.578392
vt 0.298095 0.578790
vt 0.297648 0.578666
vt 0.118484 0.052184
vt 0.118888 0.052086
vt 0.260264 0.587399
vt 0.260490 0.587223
vt 0.260507 0.587540
vt 0.258992 0.589219
vt 0.258388 0.589304
vt 0.258697 0.589019
vt 0.258894 0.589826
vt 0.258610 0.589609
vt 0.145132 0.539178
vt 0.144637 0.539133
vt 0.145069 0.542989
vt 0.144879 0.543519
vt 0.144551 0.543010
vt 0.141005 0.541767
vt 0.141144 0.541435
vt 0.141522 0.541765
vt 0.144489 0.538451
vt 0.144584 0.538740
vt 0.259128 0.859189
vt 0.079380 0.091474
vt 0.079929 0.091825
vt 0.079371 0.091850
vt 0.079635 0.092113
vt 0.079054 0.092184
vt 0.078858 0.091652
vt 0.082451 0.089466
vt 0.083193 0.089660
vt 0.082719 0.089864
vt 0.136877 0.534661
vt 0.137007 0.535206
vt 0.136601 0.535030
vt 0.257114 0.853150
vt 0.257112 0.852916
vt 0.257530 0.853134
vt 0.257370 0.852744
vt 0.087724 0.082589
vt 0.087585 0.082942
vt 0.087155 0.082672
vt 0.086516 0.082993
vt 0.086124 0.082923
vt 0.125273 0.656845
vt 0.125133 0.656417
vt 0.125560 0.656485
vt 0.085565 0.078159
vt 0.085456 0.077731
vt 0.085789 0.077868
vt 0.122491 0.043976
vt 0.122982 0.043756
vt 0.122835 0.044240
vt 0.256341 0.852652
vt 0.256140 0.852969
vt 0.256166 0.852567
vt 0.371905 0.813442
vt 0.371789 0.813055
vt 0.372178 0.813198
vt 0.256844 0.852120
vt 0.257110 0.852234
vt 0.256816 0.852403
vt 0.121893 0.041720
vt 0.122020 0.041290
vt 0.122408 0.041684
vt 0.122460 0.044449
vt 0.121091 0.051702
vt 0.120720 0.051701
vt 0.120944 0.051311
vt 0.113920 0.045921
vt 0.113528 0.046001
vt 0.113672 0.045700
vt 0.197524 0.529546
vt 0.197851 0.529100
vt 0.197967 0.529572
vt 0.117784 0.042324
vt 0.117499 0.041913
vt 0.117800 0.042038
vt 0.190048 0.528553
vt 0.189736 0.528963
vt 0.189556 0.528591
vt 0.115624 0.037499
vt 0.115109 0.037498
vt 0.115269 0.037019
vt 0.112672 0.037196
vt 0.112939 0.037039
vt 0.112997 0.037460
vt 0.114886 0.037203
vt 0.114604 0.037172
vt 0.114803 0.036893
vt 0.116948 0.036640
vt 0.116566 0.036899
vt 0.116561 0.036441
vt 0.213620 0.599942
vt 0.213227 0.600097
vt 0.213394 0.599563
vt 0.213998 0.600676
vt 0.214331 0.600941
vt 0.214009 0.601128
vt 0.288671 0.311747
vt 0.288464 0.310959
vt 0.288775 0.311271
vt 0.289190 0.311687
vt 0.289085 0.312081
vt 0.077015 0.607701
vt 0.077204 0.608063
vt 0.076652 0.608173
vt 0.081032 0.610443
vt 0.081216 0.609962
vt 0.081504 0.610446
vt 0.086314 0.609451
vt 0.085926 0.609109
vt 0.086284 0.609029
vt 0.080940 0.610813
vt 0.081004 0.611237
vt 0.080580 0.610830
vt 0.094724 0.076549
vt 0.094721 0.076822
vt 0.094569 0.076392
vt 0.087298 0.615225
vt 0.087096 0.615814
vt 0.086563 0.615356
vt 0.223900 0.322060
vt 0.223720 0.321722
vt 0.224175 0.321724
vt 0.093977 0.612834
vt 0.093531 0.613158
vt 0.093506 0.612756
vt 0.224095 0.320949
vt 0.223565 0.320921
vt 0.223849 0.320586
vt 0.290985 0.295316
vt 0.290545 0.295371
vt 0.290598 0.294762
vt 0.085667 0.622669
vt 0.086249 0.622770
vt 0.086001 0.623071
vt 0.094647 0.087725
vt 0.094913 0.087441
vt 0.094912 0.087879
vt 0.094334 0.088725
vt 0.094814 0.088646
vt 0.094465 0.088951
vt 0.090163 0.625972
vt 0.090540 0.625685
vt 0.090697 0.626126
vt 0.089683 0.626626
vt 0.089766 0.626158
vt 0.090031 0.626346
vt 0.229419 0.328979
vt 0.229276 0.328522
vt 0.229622 0.328630
vt 0.099448 0.619709
vt 0.099541 0.620296
vt 0.098977 0.620145
vt 0.095520 0.625100
vt 0.095514 0.624593
vt 0.095986 0.624649
vt 0.258647 0.588048
vt 0.258342 0.588314
vt 0.258286 0.587976
vt 0.111451 0.046578
vt 0.111377 0.046884
vt 0.111062 0.046692
vt 0.262542 0.585249
vt 0.262220 0.585162
vt 0.262458 0.584910
vt 0.331932 0.819755
vt 0.332192 0.819620
vt 0.332016 0.820168
vt 0.107351 0.042156
vt 0.106893 0.042370
vt 0.107082 0.042100
vt 0.005165 0.011419
vt 0.004812 0.011252
vt 0.005078 0.010902
vt 0.015741 0.426505
vt 0.015668 0.426000
vt 0.016115 0.426411
vt 0.016619 0.431781
vt 0.016235 0.431389
vt 0.016770 0.431378
vt 0.025477 0.402910
vt 0.025017 0.402837
vt 0.025479 0.402613
vt 0.018972 0.423047
vt 0.019509 0.423047
vt 0.019211 0.423590
vt 0.017272 0.419676
vt 0.017855 0.419558
vt 0.017665 0.420181
vt 0.018251 0.416557
vt 0.017757 0.416727
vt 0.017827 0.416114
vt 0.017876 0.417243
vt 0.018303 0.417135
vt 0.018176 0.417650
vt 0.345064 0.276326
vt 0.344667 0.276433
vt 0.344658 0.276010
vt 0.023656 0.408404
vt 0.023514 0.408861
vt 0.023096 0.408444
vt 0.022461 0.409100
vt 0.022506 0.409471
vt 0.021966 0.409224
vt 0.141031 0.200467
vt 0.141339 0.200787
vt 0.141139 0.201062
vt 0.280478 0.834350
vt 0.280024 0.834477
vt 0.280490 0.834911
vt 0.011350 0.410843
vt 0.011430 0.410383
vt 0.011751 0.410399
vt 0.013917 0.415181
vt 0.013718 0.415870
vt 0.013502 0.415477
vt 0.011995 0.408399
vt 0.012293 0.408883
vt 0.011834 0.409099
vt 0.343929 0.595805
vt 0.344225 0.595996
vt 0.344022 0.596388
vt 0.006113 0.410855
vt 0.006648 0.410302
vt 0.006610 0.410877
vt 0.145137 0.206436
vt 0.145760 0.206295
vt 0.145324 0.206844
vt 0.280468 0.064916
vt 0.279845 0.065120
vt 0.280021 0.064637
vt 0.148469 0.205720
vt 0.148628 0.205175
vt 0.148994 0.205637
vt 0.004467 0.410997
vt 0.004396 0.411436
vt 0.003953 0.411315
vt 0.005910 0.410190
vt 0.005594 0.409936
vt 0.006167 0.409834
vt 0.270549 0.776381
vt 0.270875 0.776433
vt 0.270762 0.776641
vt 0.279375 0.064872
vt 0.249179 0.824207
vt 0.249702 0.824085
vt 0.249719 0.824569
vt 0.247207 0.825942
vt 0.247537 0.826188
vt 0.247238 0.826382
vt 0.272758 0.269447
vt 0.272354 0.269571
vt 0.272175 0.269178
vt 0.143481 0.208762
vt 0.144068 0.208854
vt 0.143560 0.209230
vt 0.003586 0.414130
vt 0.003978 0.414642
vt 0.003389 0.414689
vt 0.002466 0.412811
vt 0.002083 0.412432
vt 0.002457 0.412270
vt 0.374822 0.940379
vt 0.374742 0.938990
vt 0.373761 0.940421
vt 0.010190 0.012569
vt 0.010479 0.013107
vt 0.009891 0.012839
vt 0.008939 0.420754
vt 0.009033 0.421198
vt 0.008521 0.421135
vt 0.008298 0.422938
vt 0.008783 0.422956
vt 0.008599 0.423479
vt 0.005794 0.010612
vt 0.005418 0.010192
vt 0.005849 0.010208
vt 0.001821 0.008648
vt 0.001946 0.009414
vt 0.001627 0.009031
vt 0.004650 0.418574
vt 0.004622 0.419020
vt 0.004401 0.418687
vt 0.013739 0.014915
vt 0.013966 0.014710
vt 0.014149 0.015099
vt 0.025728 0.013010
vt 0.025520 0.013411
vt 0.025385 0.013078
vt 0.014068 0.020693
vt 0.013599 0.020265
vt 0.014162 0.020346
vt 0.017212 0.020040
vt 0.017382 0.019783
vt 0.017499 0.020235
vt 0.019278 0.020421
vt 0.019614 0.020100
vt 0.019821 0.020525
vt 0.024679 0.014874
vt 0.024533 0.015280
vt 0.024257 0.015025
vt 0.024483 0.014173
vt 0.024082 0.014349
vt 0.024299 0.013941
vt 0.018901 0.009683
vt 0.019232 0.010024
vt 0.018825 0.010160
vt 0.018796 0.012645
vt 0.018227 0.012849
vt 0.018398 0.012235
vt 0.026001 0.015847
vt 0.026257 0.015537
vt 0.026636 0.015803
vt 0.026607 0.015309
vt 0.013826 0.346473
vt 0.013328 0.346140
vt 0.013660 0.346064
vt 0.025013 0.020095
vt 0.024722 0.019753
vt 0.025147 0.019836
vt 0.013876 0.016885
vt 0.013565 0.016361
vt 0.014116 0.016592
vt 0.027379 0.428903
vt 0.027382 0.429601
vt 0.026947 0.429361
vt 0.026017 0.425854
vt 0.025562 0.426074
vt 0.025777 0.425459
vt 0.025056 0.403573
vt 0.024595 0.403618
vt 0.024794 0.403248
vt 0.028126 0.428843
vt 0.028405 0.429308
vt 0.027958 0.429526
vt 0.241666 0.536652
vt 0.241536 0.536124
vt 0.242081 0.536650
vt 0.025737 0.403161
vt 0.026258 0.403181
vt 0.025987 0.403438
vt 0.024480 0.402958
vt 0.029180 0.428121
vt 0.028885 0.428496
vt 0.028511 0.428317
vt 0.160096 0.396874
vt 0.159857 0.396555
vt 0.160287 0.397186
vt 0.028089 0.410737
vt 0.028350 0.411220
vt 0.027673 0.410985
vt 0.029913 0.408456
vt 0.029429 0.408437
vt 0.029565 0.408066
vt 0.030075 0.419931
vt 0.029918 0.420593
vt 0.029492 0.420249
vt 0.028936 0.404228
vt 0.028531 0.404235
vt 0.028424 0.403871
vt 0.257269 0.533270
vt 0.256903 0.533221
vt 0.257073 0.533012
vt 0.256575 0.535642
vt 0.256402 0.534989
vt 0.256869 0.535281
vt 0.258256 0.538388
vt 0.258189 0.538990
vt 0.257860 0.538661
vt 0.261114 0.542656
vt 0.261024 0.542271
vt 0.261338 0.542405
vt 0.256915 0.541772
vt 0.257407 0.541803
vt 0.257052 0.542186
vt 0.256668 0.542515
vt 0.256142 0.542626
vt 0.256402 0.541946
vt 0.032240 0.418000
vt 0.031881 0.417819
vt 0.032344 0.417645
vt 0.038835 0.415653
vt 0.038919 0.415401
vt 0.039088 0.415687
vt 0.271230 0.037460
vt 0.270968 0.037571
vt 0.271210 0.037237
vt 0.344788 0.203248
vt 0.345167 0.203172
vt 0.345000 0.203526
vt 0.031930 0.421147
vt 0.031389 0.421318
vt 0.031486 0.420919
vt 0.029261 0.416074
vt 0.029265 0.415459
vt 0.029819 0.415584
vt 0.028286 0.417139
vt 0.028817 0.417061
vt 0.028421 0.417563
vt 0.031853 0.422632
vt 0.031406 0.422926
vt 0.031184 0.422387
vt 0.109648 0.338185
vt 0.109594 0.337617
vt 0.110145 0.337917
vt 0.117573 0.333784
vt 0.117772 0.334298
vt 0.117054 0.334036
vt 0.110621 0.338327
vt 0.110808 0.338802
vt 0.110193 0.338592
vt 0.177595 0.391792
vt 0.177874 0.391529
vt 0.177986 0.391883
vt 0.124159 0.339925
vt 0.123609 0.339669
vt 0.124115 0.339241
vt 0.121886 0.342419
vt 0.122285 0.342505
vt 0.122008 0.342775
vt 0.114379 0.350396
vt 0.114798 0.350604
vt 0.114424 0.350726
vt 0.113008 0.350312
vt 0.113113 0.350617
vt 0.112750 0.350718
vt 0.034262 0.015240
vt 0.034007 0.015052
vt 0.034361 0.014809
vt 0.118302 0.351208
vt 0.117893 0.351074
vt 0.118288 0.350896
vt 0.016619 0.343978
vt 0.016283 0.343505
vt 0.016895 0.343508
vt 0.013449 0.345576
vt 0.017220 0.335861
vt 0.017247 0.336435
vt 0.016607 0.336182
vt 0.012697 0.330987
vt 0.012718 0.331495
vt 0.012240 0.331408
vt 0.011865 0.332369
vt 0.011790 0.332753
vt 0.011467 0.332367
vt 0.004626 0.328350
vt 0.004748 0.327694
vt 0.005116 0.328039
vt 0.124545 0.343933
vt 0.125003 0.343466
vt 0.125193 0.343936
vt 0.123628 0.347373
vt 0.123581 0.346856
vt 0.124031 0.346917
vt 0.007731 0.325544
vt 0.007392 0.325991
vt 0.007290 0.325585
vt 0.247769 0.916118
vt 0.247423 0.915685
vt 0.248194 0.915779
vt 0.246737 0.915862
vt 0.246422 0.915508
vt 0.246886 0.915560
vt 0.245085 0.912635
vt 0.245365 0.912282
vt 0.245533 0.912688
vt 0.127661 0.322517
vt 0.127299 0.322585
vt 0.127322 0.322015
vt 0.009778 0.320257
vt 0.009867 0.320533
vt 0.009377 0.320677
vt 0.009202 0.318750
vt 0.008837 0.318582
vt 0.009278 0.318219
vt 0.015468 0.315429
vt 0.015997 0.315602
vt 0.015541 0.315774
vt 0.241463 0.202225
vt 0.241842 0.202598
vt 0.241172 0.202642
vt 0.285080 0.059926
vt 0.285416 0.060131
vt 0.285006 0.060190
vt 0.003938 0.099831
vt 0.003562 0.100255
vt 0.003490 0.099650
vt 0.006348 0.098401
vt 0.006385 0.098916
vt 0.005974 0.098661
vt 0.006084 0.093856
vt 0.006397 0.093454
vt 0.006519 0.093840
vt 0.112678 0.321332
vt 0.112284 0.321111
vt 0.112583 0.320839
vt 0.118079 0.320749
vt 0.117995 0.321126
vt 0.117662 0.320990
vt 0.121249 0.334279
vt 0.121496 0.334592
vt 0.121081 0.334681
vt 0.282493 0.059137
vt 0.282638 0.058840
vt 0.283079 0.059150
vt 0.278571 0.060250
vt 0.278929 0.059805
vt 0.279033 0.060283
vt 0.283660 0.489096
vt 0.283384 0.488719
vt 0.283834 0.488525
vt 0.284767 0.488818
vt 0.284699 0.488225
vt 0.285085 0.488521
vt 0.110989 0.335163
vt 0.110287 0.335207
vt 0.110700 0.334692
vt 0.116187 0.322057
vt 0.115454 0.322000
vt 0.115922 0.321738
vt 0.281714 0.486380
vt 0.282174 0.486275
vt 0.282073 0.486680
vt 0.279219 0.490718
vt 0.278885 0.491045
vt 0.278921 0.490514
vt 0.110745 0.318987
vt 0.110396 0.319488
vt 0.110227 0.318990
vt 0.343983 0.268346
vt 0.344375 0.267945
vt 0.344546 0.268614
vt 0.273576 0.037189
vt 0.274073 0.037209
vt 0.273798 0.037751
vt 0.261234 0.539923
vt 0.261347 0.540266
vt 0.260870 0.540222
vt 0.261823 0.541303
vt 0.261633 0.541725
vt 0.261327 0.541244
vt 0.225248 0.712413
vt 0.225109 0.712033
vt 0.225466 0.712202
vt 0.254344 0.534724
vt 0.254344 0.534193
vt 0.254750 0.534392
vt 0.292603 0.541190
vt 0.293027 0.541068
vt 0.292882 0.541469
vt 0.290895 0.538810
vt 0.291353 0.538815
vt 0.291149 0.539272
vt 0.325845 0.364205
vt 0.325612 0.364068
vt 0.326065 0.363944
vt 0.279699 0.582805
vt 0.279858 0.582276
vt 0.280161 0.582648
vt 0.239056 0.112648
vt 0.239558 0.112553
vt 0.239245 0.112925
vt 0.280167 0.582003
vt 0.280586 0.581786
vt 0.280492 0.582325
vt 0.279417 0.832463
vt 0.279735 0.831893
vt 0.279193 0.831662
vt 0.225000 0.712518
vt 0.281565 0.833306
vt 0.281264 0.832891
vt 0.281156 0.833239
vt 0.225290 0.707592
vt 0.224806 0.707553
vt 0.225063 0.706990
vt 0.167606 0.047400
vt 0.167410 0.047022
vt 0.167660 0.047121
vt 0.166480 0.052678
vt 0.167029 0.052794
vt 0.166479 0.053068
vt 0.168370 0.048521
vt 0.168744 0.049135
vt 0.168029 0.049051
vt 0.172520 0.047825
vt 0.172736 0.047181
vt 0.172894 0.047595
vt 0.048013 0.185175
vt 0.047668 0.185359
vt 0.047432 0.185029
vt 0.330017 0.644576
vt 0.330739 0.644837
vt 0.330560 0.644194
vt 0.047291 0.183060
vt 0.047991 0.183170
vt 0.047283 0.183403
vt 0.244747 0.106794
vt 0.245380 0.106710
vt 0.245144 0.107165
vt 0.143548 0.102235
vt 0.143925 0.102272
vt 0.143757 0.102645
vt 0.143753 0.101770
vt 0.144126 0.101896
vt 0.145667 0.102213
vt 0.146153 0.102375
vt 0.145716 0.102496
vt 0.077880 0.936140
vt 0.077870 0.936787
vt 0.077279 0.936444
vt 0.362535 0.474159
vt 0.362321 0.473740
vt 0.362620 0.473560
vt 0.230760 0.706157
vt 0.230601 0.705712
vt 0.231024 0.705785
vt 0.231752 0.706968
vt 0.231880 0.706649
vt 0.232033 0.707195
vt 0.230891 0.704720
vt 0.231183 0.705241
vt 0.230542 0.705033
vt 0.057265 0.029098
vt 0.057737 0.029205
vt 0.057183 0.029477
vt 0.057912 0.030093
vt 0.057776 0.030471
vt 0.057457 0.030290
vt 0.295563 0.533297
vt 0.295912 0.533762
vt 0.295524 0.533723
vt 0.295720 0.534027
vt 0.076702 0.939394
vt 0.076844 0.938719
vt 0.077373 0.939072
vt 0.361213 0.797955
vt 0.361559 0.798484
vt 0.361098 0.798515
vt 0.127715 0.000848
vt 0.127390 0.001074
vt 0.127225 0.000768
vt 0.060582 0.036519
vt 0.061083 0.036606
vt 0.060784 0.036981
vt 0.082817 0.928516
vt 0.082160 0.928821
vt 0.082243 0.928254
vt 0.082114 0.932864
vt 0.082247 0.933353
vt 0.081644 0.933013
vt 0.084252 0.934677
vt 0.084363 0.935406
vt 0.083622 0.934917
vt 0.282681 0.056208
vt 0.282803 0.055956
vt 0.282982 0.056209
vt 0.051632 0.036958
vt 0.051086 0.037138
vt 0.051332 0.036568
vt 0.004978 0.093229
vt 0.004586 0.093046
vt 0.004948 0.092729
vt 0.335446 0.656513
vt 0.335144 0.656840
vt 0.334989 0.656549
vt 0.326092 0.362583
vt 0.325716 0.362584
vt 0.325990 0.362353
vt 0.326006 0.364746
vt 0.325576 0.364747
vt 0.325897 0.364453
vt 0.326369 0.364491
vt 0.081042 0.919369
vt 0.081444 0.919706
vt 0.080759 0.919721
vt 0.079722 0.925517
vt 0.079616 0.925049
vt 0.080136 0.925048
vt 0.278561 0.330305
vt 0.278252 0.330324
vt 0.278418 0.330003
vt 0.277550 0.330650
vt 0.277105 0.330337
vt 0.277561 0.329882
vt 0.303326 0.887991
vt 0.303397 0.887560
vt 0.303590 0.887754
vt 0.143787 0.090948
vt 0.144148 0.091039
vt 0.143852 0.091507
vt 0.138782 0.099095
vt 0.138580 0.098797
vt 0.152789 0.562377
vt 0.152443 0.562677
vt 0.152566 0.562037
vt 0.172887 0.045329
vt 0.172449 0.045239
vt 0.172861 0.044874
vt 0.172050 0.044222
vt 0.171749 0.043980
vt 0.172143 0.043658
vt 0.169794 0.044126
vt 0.169364 0.043765
vt 0.169963 0.043658
vt 0.141782 0.099333
vt 0.141982 0.099654
vt 0.141722 0.099795
vt 0.141062 0.090214
vt 0.141474 0.090199
vt 0.141122 0.090531
vt 0.105231 0.771593
vt 0.105669 0.771852
vt 0.233046 0.295629
vt 0.233266 0.296118
vt 0.232660 0.295814
vt 0.112402 0.765444
vt 0.111907 0.765662
vt 0.112043 0.765071
vt 0.111632 0.768263
vt 0.111663 0.767696
vt 0.112157 0.768122
vt 0.145257 0.095564
vt 0.145119 0.095007
vt 0.145398 0.095176
vt 0.083344 0.508427
vt 0.082734 0.508590
vt 0.082888 0.508168
vt 0.147514 0.096761
vt 0.147275 0.096718
vt 0.147484 0.096475
vt 0.163276 0.047938
vt 0.162673 0.047662
vt 0.163108 0.047428
vt 0.072283 0.928105
vt 0.071964 0.927958
vt 0.072410 0.927575
vt 0.071739 0.929751
vt 0.071666 0.929041
vt 0.072116 0.929121
vt 0.087810 0.504974
vt 0.087707 0.504654
vt 0.088121 0.504565
vt 0.087751 0.740652
vt 0.088027 0.740148
vt 0.088295 0.740622
vt 0.096011 0.746032
vt 0.095660 0.746590
vt 0.095554 0.746022
vt 0.095503 0.747083
vt 0.095293 0.746975
vt 0.139476 0.560981
vt 0.139390 0.561487
vt 0.139043 0.561103
vt 0.096842 0.746048
vt 0.096983 0.745529
vt 0.097189 0.745940
vt 0.214673 0.089555
vt 0.214686 0.090005
vt 0.214295 0.089839
vt 0.080927 0.745606
vt 0.080459 0.745078
vt 0.074349 0.503760
vt 0.073868 0.503935
vt 0.073832 0.503485
vt 0.084123 0.502076
vt 0.084587 0.502143
vt 0.084419 0.502594
vt 0.326693 0.891390
vt 0.326648 0.892171
vt 0.326303 0.891695
vt 0.075111 0.502883
vt 0.075224 0.503186
vt 0.074895 0.503190
vt 0.075155 0.504048
vt 0.075057 0.504581
vt 0.074760 0.504097
vt 0.075582 0.501569
vt 0.075692 0.502032
vt 0.075351 0.501968
vt 0.032729 0.161747
vt 0.033095 0.161863
vt 0.032783 0.162208
vt 0.068527 0.748825
vt 0.068683 0.748477
vt 0.068899 0.748960
vt 0.074641 0.749451
vt 0.074842 0.749016
vt 0.075217 0.749393
vt 0.080621 0.744687
vt 0.080200 0.744640
vt 0.080558 0.744274
vt 0.077534 0.509776
vt 0.077354 0.509292
vt 0.077829 0.509442
vt 0.078125 0.509642
vt 0.078043 0.509873
vt 0.079515 0.752125
vt 0.079825 0.751606
vt 0.080507 0.751959
vt 0.077490 0.753255
vt 0.077191 0.752934
vt 0.077418 0.752692
vt 0.211071 0.092118
vt 0.210824 0.092133
vt 0.211034 0.091758
vt 0.213140 0.094451
vt 0.212940 0.094215
vt 0.213274 0.094080
vt 0.209959 0.094901
vt 0.209529 0.095300
vt 0.075719 0.757605
vt 0.076190 0.757790
vt 0.075688 0.757980
vt 0.076976 0.756460
vt 0.076663 0.756937
vt 0.076354 0.756436
vt 0.077072 0.757322
vt 0.077376 0.756957
vt 0.294370 0.936201
vt 0.294318 0.935724
vt 0.294559 0.935673
vt 0.402203 0.964791
vt 0.402902 0.964694
vt 0.402468 0.965110
vt 0.187174 0.952905
vt 0.187605 0.952865
vt 0.187408 0.953232
vt 0.147911 0.191706
vt 0.148388 0.191748
vt 0.148026 0.192062
vt 0.189497 0.587025
vt 0.189842 0.587179
vt 0.189519 0.587431
vt 0.191927 0.948385
vt 0.192268 0.948568
vt 0.191977 0.948631
vt 0.148846 0.193751
vt 0.149054 0.193324
vt 0.149372 0.193710
vt 0.205209 0.145054
vt 0.204975 0.145664
vt 0.204717 0.145402
vt 0.193569 0.958365
vt 0.192948 0.958189
vt 0.193401 0.957923
vt 0.195251 0.957606
vt 0.195318 0.956977
vt 0.195769 0.957005
vt 0.204489 0.145980
vt 0.204296 0.145456
vt 0.209937 0.135813
vt 0.210094 0.136019
vt 0.209820 0.136261
vt 0.207353 0.136646
vt 0.207629 0.136108
vt 0.207751 0.136618
vt 0.194339 0.949227
vt 0.194392 0.948835
vt 0.194797 0.948994
vt 0.198799 0.945422
vt 0.198554 0.944963
vt 0.199121 0.944954
vt 0.206899 0.136294
vt 0.206868 0.135900
vt 0.207334 0.135740
vt 0.160457 0.045814
vt 0.160305 0.045208
vt 0.160685 0.045203
vt 0.213709 0.139060
vt 0.214251 0.138699
vt 0.214057 0.139379
vt 0.208615 0.145884
vt 0.209074 0.146051
vt 0.208814 0.146530
vt 0.310075 0.743500
vt 0.310264 0.743742
vt 0.309995 0.743957
vt 0.309728 0.741947
vt 0.310117 0.742164
vt 0.309776 0.742421
vt 0.204819 0.152482
vt 0.205176 0.152695
vt 0.204954 0.152988
vt 0.210138 0.154212
vt 0.210027 0.153633
vt 0.210624 0.153844
vt 0.211727 0.155865
vt 0.211175 0.155202
vt 0.211734 0.155148
vt 0.165553 0.053270
vt 0.165034 0.053276
vt 0.165308 0.052968
vt 0.160686 0.048557
vt 0.160535 0.048158
vt 0.160868 0.048224
vt 0.217928 0.138551
vt 0.217055 0.138683
vt 0.217588 0.138169
vt 0.273515 0.771250
vt 0.273799 0.770717
vt 0.274027 0.770952
vt 0.303105 0.766220
vt 0.303228 0.765862
vt 0.303610 0.766308
vt 0.300722 0.769788
vt 0.300332 0.769556
vt 0.300620 0.769315
vt 0.151229 0.199805
vt 0.150772 0.200204
vt 0.150756 0.199662
vt 0.148358 0.196876
vt 0.148835 0.196950
vt 0.148475 0.197206
vt 0.138770 0.194460
vt 0.138828 0.195040
vt 0.138362 0.194424
vt 0.144036 0.197275
vt 0.143846 0.196843
vt 0.144103 0.196901
vt 0.139199 0.194704
vt 0.292244 0.332004
vt 0.292149 0.331348
vt 0.292532 0.331268
vt 0.183357 0.953826
vt 0.183522 0.954231
vt 0.183039 0.953925
vt 0.295661 0.937962
vt 0.295661 0.938628
vt 0.295077 0.938138
vt 0.184288 0.591672
vt 0.184556 0.591409
vt 0.184808 0.591722
vt 0.184204 0.956078
vt 0.139184 0.192378
vt 0.138664 0.192744
vt 0.138652 0.192141
vt 0.139805 0.191549
vt 0.140285 0.191627
vt 0.139591 0.191904
vt 0.139922 0.190750
vt 0.140818 0.191176
vt 0.261589 0.367728
vt 0.262137 0.367525
vt 0.261890 0.368116
vt 0.147644 0.558638
vt 0.148300 0.558438
vt 0.148165 0.559082
vt 0.190037 0.589226
vt 0.190157 0.588859
vt 0.190599 0.588973
vt 0.197638 0.942488
vt 0.197684 0.942120
vt 0.198033 0.942244
vt 0.092663 0.756397
vt 0.092359 0.756254
vt 0.092969 0.755896
vt 0.184679 0.587242
vt 0.184165 0.587346
vt 0.184308 0.586928
vt 0.186133 0.586058
vt 0.186682 0.585856
vt 0.186424 0.586372
vt 0.268645 0.537863
vt 0.269237 0.537677
vt 0.269060 0.537913
vt 0.350384 0.694911
vt 0.350003 0.694558
vt 0.350567 0.694556
vt 0.307765 0.855618
vt 0.307860 0.856147
vt 0.306910 0.856754
vt 0.096079 0.753886
vt 0.051988 0.266977
vt 0.054427 0.266059
vt 0.052612 0.267707
vt 0.344188 0.852218
vt 0.345483 0.852931
vt 0.344537 0.853689
vt 0.095831 0.752999
vt 0.096088 0.754474
vt 0.091317 0.756698
vt 0.091650 0.756261
vt 0.091752 0.756684
vt 0.091912 0.757448
vt 0.092022 0.757768
vt 0.091709 0.757835
vt 0.096669 0.745644
vt 0.195666 0.581691
vt 0.195080 0.581705
vt 0.195156 0.581374
vt 0.194609 0.581514
vt 0.251763 0.958854
vt 0.253284 0.959686
vt 0.254612 0.957859
vt 0.139035 0.545979
vt 0.140314 0.547215
vt 0.139847 0.548127
vt 0.258129 0.956743
vt 0.255054 0.957250
vt 0.259627 0.957377
vt 0.139209 0.553155
vt 0.139437 0.553634
vt 0.139070 0.553675
vt 0.148246 0.554645
vt 0.147878 0.555064
vt 0.147767 0.554515
vt 0.327363 0.864292
vt 0.328133 0.863074
vt 0.328475 0.861813
vt 0.140861 0.550894
vt 0.140922 0.551399
vt 0.140459 0.551049
vt 0.146739 0.556989
vt 0.147638 0.557140
vt 0.147096 0.557503
vt 0.140513 0.557733
vt 0.140122 0.557927
vt 0.140102 0.557598
vt 0.194226 0.586982
vt 0.194864 0.586575
vt 0.194753 0.586962
vt 0.138834 0.561477
vt 0.194425 0.584835
vt 0.193935 0.584930
vt 0.193880 0.584594
vt 0.139509 0.562002
vt 0.139922 0.561714
vt 0.140746 0.565759
vt 0.140724 0.565361
vt 0.141166 0.565660
vt 0.141030 0.563763
vt 0.141135 0.564405
vt 0.140771 0.564330
vt 0.143876 0.565123
vt 0.144333 0.564765
vt 0.144381 0.565309
vt 0.163673 0.038200
vt 0.164176 0.038176
vt 0.163926 0.038537
vt 0.166876 0.038587
vt 0.167378 0.039085
vt 0.166893 0.039078
vt 0.143051 0.567484
vt 0.143020 0.567982
vt 0.142632 0.567502
vt 0.148690 0.559419
vt 0.148233 0.560083
vt 0.148018 0.559581
vt 0.105351 0.772875
vt 0.104976 0.772333
vt 0.228652 0.298935
vt 0.228175 0.298849
vt 0.228630 0.298481
vt 0.280231 0.324308
vt 0.279866 0.324673
vt 0.279840 0.324139
vt 0.121494 0.771039
vt 0.121980 0.770763
vt 0.121891 0.771243
vt 0.280396 0.325014
vt 0.280324 0.324657
vt 0.280699 0.324702
vt 0.280404 0.323901
vt 0.325936 0.492553
vt 0.325880 0.492165
vt 0.326251 0.492163
vt 0.492028 0.927227
vt 0.491801 0.926893
vt 0.492269 0.926741
vt 0.281814 0.317953
vt 0.281467 0.318654
vt 0.281144 0.318028
vt 0.435565 0.930663
vt 0.435759 0.931232
vt 0.435055 0.931257
vt 0.116071 0.777997
vt 0.116026 0.777560
vt 0.116673 0.777837
vt 0.323788 0.479756
vt 0.324116 0.480245
vt 0.323566 0.480340
vt 0.245257 0.370850
vt 0.245400 0.371300
vt 0.245116 0.371395
vt 0.359681 0.848419
vt 0.359868 0.848808
vt 0.359329 0.848617
vt 0.245767 0.371237
vt 0.245435 0.371747
vt 0.248806 0.367893
vt 0.248317 0.368023
vt 0.248484 0.367651
vt 0.247631 0.367503
vt 0.247600 0.368176
vt 0.247343 0.367774
vt 0.137098 0.092855
vt 0.137333 0.092975
vt 0.137047 0.093295
vt 0.140317 0.087177
vt 0.140769 0.086948
vt 0.140871 0.087259
vt 0.138967 0.099342
vt 0.139171 0.099149
vt 0.139309 0.099415
vt 0.120026 0.772213
vt 0.119970 0.771855
vt 0.120403 0.772136
vt 0.119987 0.773244
vt 0.120526 0.773180
vt 0.120321 0.773694
vt 0.110685 0.775542
vt 0.110683 0.776063
vt 0.110201 0.775557
vt 0.110796 0.776572
vt 0.111077 0.775955
vt 0.361781 0.632315
vt 0.362002 0.632877
vt 0.361521 0.632448
vt 0.171790 0.034983
vt 0.171505 0.035428
vt 0.171154 0.034973
vt 0.229285 0.306420
vt 0.229481 0.306029
vt 0.229924 0.306339
vt 0.224865 0.302803
vt 0.224666 0.302170
vt 0.225172 0.302284
vt 0.226488 0.303581
vt 0.226938 0.303946
vt 0.226576 0.304378
vt 0.227168 0.304328
vt 0.227348 0.303987
vt 0.227151 0.303758
vt 0.280060 0.428904
vt 0.281388 0.430510
vt 0.279599 0.430328
vt 0.248084 0.953585
vt 0.146246 0.550556
vt 0.146175 0.551396
vt 0.145728 0.550637
vt 0.153677 0.559036
vt 0.153204 0.559043
vt 0.153389 0.558269
vt 0.310605 0.505853
vt 0.312012 0.508044
vt 0.314259 0.508135
vt 0.306645 0.509815
vt 0.309387 0.505093
vt 0.061536 0.267954
vt 0.056866 0.265141
vt 0.230067 0.014106
vt 0.231255 0.014534
vt 0.230792 0.014585
vt 0.267524 0.557580
vt 0.270359 0.558663
vt 0.269536 0.559930
vt 0.150220 0.559836
vt 0.150355 0.560224
vt 0.149978 0.559994
vt 0.152773 0.562768
vt 0.152544 0.562982
vt 0.172319 0.035490
vt 0.171914 0.035575
vt 0.244162 0.356414
vt 0.246252 0.354170
vt 0.244824 0.353523
vt 0.348228 0.126339
vt 0.349357 0.126337
vt 0.348820 0.125306
vt 0.242119 0.375000
vt 0.241997 0.374565
vt 0.242297 0.374668
vt 0.309933 0.640844
vt 0.309141 0.641779
vt 0.308875 0.641056
vt 0.323156 0.830702
vt 0.323410 0.829583
vt 0.324895 0.829993
vt 0.273078 0.269373
vt 0.273283 0.269606
vt 0.270569 0.271510
vt 0.270243 0.271456
vt 0.248341 0.351925
vt 0.250982 0.348748
vt 0.248124 0.347908
vt 0.270945 0.275178
vt 0.271313 0.274914
vt 0.271323 0.275189
vt 0.267367 0.277328
vt 0.267675 0.277669
vt 0.267191 0.277852
vt 0.242405 0.826392
vt 0.242485 0.826038
vt 0.242912 0.826196
vt 0.292126 0.333598
vt 0.291917 0.333182
vt 0.292400 0.333309
vt 0.243489 0.825501
vt 0.243911 0.825545
vt 0.243743 0.825807
vt 0.267307 0.273899
vt 0.267479 0.273479
vt 0.267822 0.273892
vt 0.142285 0.209353
vt 0.142055 0.209948
vt 0.141648 0.209698
vt 0.002268 0.413857
vt 0.001886 0.413874
vt 0.002233 0.413458
vt 0.004490 0.011198
vt 0.004358 0.011436
vt 0.004106 0.010919
vt 0.004459 0.011939
vt 0.004871 0.011905
vt 0.004933 0.012331
vt 0.176111 0.051205
vt 0.175221 0.051681
vt 0.175047 0.050916
vt 0.426822 0.917512
vt 0.426349 0.917537
vt 0.426520 0.917257
vt 0.425934 0.917651
vt 0.426419 0.918055
vt 0.425909 0.918103
vt 0.645342 0.924037
vt 0.645132 0.923706
vt 0.645677 0.923799
vt 0.426132 0.917232
vt 0.139095 0.100093
vt 0.138683 0.100156
vt 0.174160 0.050568
vt 0.175122 0.050173
vt 0.293557 0.632814
vt 0.293831 0.633421
vt 0.293120 0.633426
vt 0.175655 0.050373
vt 0.175413 0.050671
vt 0.308748 0.060489
vt 0.308282 0.060806
vt 0.308559 0.060273
vt 0.268529 0.045915
vt 0.268271 0.045680
vt 0.268808 0.045766
vt 0.005150 0.015165
vt 0.005499 0.015085
vt 0.005668 0.015448
vt 0.005089 0.013564
vt 0.004624 0.013533
vt 0.004811 0.013269
vt 0.004505 0.013048
vt 0.122819 0.927897
vt 0.123273 0.928166
vt 0.122857 0.928479
vt 0.033774 0.344425
vt 0.033928 0.343900
vt 0.034412 0.344019
vt 0.027178 0.346704
vt 0.027410 0.347044
vt 0.027011 0.347063
vt 0.123579 0.919541
vt 0.123580 0.919088
vt 0.124167 0.919153
vt 0.125345 0.920442
vt 0.124658 0.920695
vt 0.124773 0.920151
vt 0.192596 0.963665
vt 0.292594 0.258152
vt 0.292986 0.258572
vt 0.292601 0.258858
vt 0.247986 0.516145
vt 0.249879 0.516418
vt 0.247263 0.515221
vt 0.174678 0.677651
vt 0.173486 0.680031
vt 0.175153 0.679717
vt 0.195582 0.742263
vt 0.195987 0.743274
vt 0.198621 0.740579
vt 0.302968 0.259523
vt 0.302906 0.260650
vt 0.302119 0.260822
vt 0.183610 0.378089
vt 0.183574 0.378497
vt 0.183308 0.378315
vt 0.057981 0.627037
vt 0.058404 0.627595
vt 0.057763 0.627667
vt 0.299762 0.645724
vt 0.300283 0.645246
vt 0.300084 0.646079
vt 0.055492 0.627339
vt 0.055073 0.627378
vt 0.055518 0.626938
vt 0.063087 0.622899
vt 0.062360 0.623397
vt 0.061900 0.622740
vt 0.113730 0.926926
vt 0.113114 0.926963
vt 0.113571 0.926642
vt 0.184312 0.753054
vt 0.184440 0.752208
vt 0.183898 0.752573
vt 0.183433 0.753510
vt 0.183571 0.752954
vt 0.183158 0.752714
vt 0.183530 0.752487
vt 0.125466 0.930525
vt 0.125298 0.930045
vt 0.125838 0.930108
vt 0.116072 0.923941
vt 0.116743 0.924262
vt 0.116112 0.924731
vt 0.188614 0.756545
vt 0.189107 0.756760
vt 0.188840 0.755981
vt 0.192451 0.755112
vt 0.191583 0.754992
vt 0.191858 0.755703
vt 0.267196 0.046611
vt 0.267292 0.046922
vt 0.267020 0.046743
vt 0.274866 0.665246
vt 0.275146 0.665002
vt 0.274623 0.664884
vt 0.275000 0.665694
vt 0.274555 0.665591
vt 0.186719 0.743570
vt 0.185484 0.742316
vt 0.185630 0.744181
vt 0.184051 0.751860
vt 0.186437 0.745763
vt 0.186765 0.744878
vt 0.185921 0.745523
vt 0.189394 0.740263
vt 0.186751 0.739438
vt 0.187911 0.742099
vt 0.293086 0.989099
vt 0.293287 0.989520
vt 0.292242 0.989296
vt 0.333598 0.035557
vt 0.333979 0.035930
vt 0.333671 0.035990
vt 0.058934 0.213203
vt 0.059664 0.217327
vt 0.057327 0.216643
vt 0.815840 0.960504
vt 0.815208 0.960335
vt 0.815602 0.960916
vt 0.349338 0.372583
vt 0.349566 0.371428
vt 0.350421 0.371906
vt 0.281674 0.433754
vt 0.280406 0.432753
vt 0.282195 0.432935
vt 0.278520 0.817843
vt 0.280778 0.819710
vt 0.269171 0.278666
vt 0.269642 0.278531
vt 0.269800 0.278954
vt 0.270727 0.278612
vt 0.271148 0.278412
vt 0.270976 0.278725
vt 0.239773 0.829283
vt 0.240381 0.829485
vt 0.240237 0.829965
vt 0.240770 0.829925
vt 0.241594 0.830359
vt 0.240762 0.830223
vt 0.638923 0.940318
vt 0.638690 0.939940
vt 0.639009 0.940058
vt 0.375850 0.515714
vt 0.375188 0.515828
vt 0.375494 0.515181
vt 0.462218 0.980331
vt 0.460645 0.981186
vt 0.459064 0.979472
vt 0.297858 0.508462
vt 0.297469 0.508097
vt 0.297886 0.507974
vt 0.358606 0.742233
vt 0.357014 0.740664
vt 0.359536 0.741766
vt 0.206330 0.693930
vt 0.206747 0.693910
vt 0.206687 0.694215
vt 0.328241 0.101556
vt 0.327391 0.102472
vt 0.327717 0.102724
vt 0.326599 0.110621
vt 0.325885 0.110571
vt 0.326021 0.110105
vt 0.299267 0.511014
vt 0.299402 0.511360
vt 0.299054 0.511420
vt 0.255730 0.362341
vt 0.256241 0.362327
vt 0.256065 0.362771
vt 0.299947 0.509411
vt 0.299332 0.509546
vt 0.299694 0.508978
vt 0.349250 0.288953
vt 0.349399 0.288436
vt 0.349994 0.288678
vt 0.286886 0.863897
vt 0.285100 0.864539
vt 0.286392 0.865144
vt 0.049488 0.322189
vt 0.048469 0.320658
vt 0.047145 0.322063
vt 0.205388 0.701249
vt 0.205707 0.701618
vt 0.205329 0.701837
vt 0.372755 0.135209
vt 0.371705 0.135560
vt 0.372463 0.135913
vt 0.255320 0.362981
vt 0.255385 0.362593
vt 0.255644 0.362809
vt 0.306686 0.598657
vt 0.307348 0.602370
vt 0.310946 0.598882
vt 0.052074 0.650469
vt 0.053777 0.651506
vt 0.052708 0.651300
vt 0.258337 0.445550
vt 0.256183 0.444875
vt 0.254967 0.443653
vt 0.264062 0.450004
vt 0.262630 0.448890
vt 0.264056 0.448585
vt 0.255906 0.443107
vt 0.258242 0.443294
vt 0.353513 0.511422
vt 0.353360 0.512424
vt 0.354803 0.512233
vt 0.326662 0.829098
vt 0.329144 0.829186
vt 0.328153 0.830811
vt 0.271214 0.723751
vt 0.268595 0.722729
vt 0.270272 0.720748
vt 0.325287 0.014397
vt 0.328034 0.018577
vt 0.324594 0.018135
vt 0.043601 0.224823
vt 0.046529 0.225450
vt 0.045806 0.222494
vt 0.333879 0.078330
vt 0.335129 0.076509
vt 0.249192 0.510498
vt 0.247075 0.510009
vt 0.245739 0.510709
vt 0.451591 0.918331
vt 0.451713 0.917961
vt 0.452029 0.917775
vt 0.324374 0.828883
vt 0.324979 0.828325
vt 0.221230 0.135881
vt 0.223392 0.135012
vt 0.222430 0.138466
vt 0.350328 0.372832
vt 0.350160 0.323769
vt 0.332058 0.662503
vt 0.330509 0.661518
vt 0.332223 0.661181
vt 0.361396 0.636074
vt 0.361130 0.635094
vt 0.361742 0.635054
vt 0.344665 0.030067
vt 0.345351 0.030388
vt 0.344796 0.030754
vt 0.362701 0.845297
vt 0.299873 0.529011
vt 0.300034 0.529657
vt 0.299039 0.529287
vt 0.300180 0.056023
vt 0.299774 0.055704
vt 0.300284 0.055687
vt 0.298734 0.054075
vt 0.298917 0.054254
vt 0.298628 0.054336
vt 0.031296 0.090983
vt 0.031527 0.091295
vt 0.031314 0.091391
vt 0.032355 0.093017
vt 0.032374 0.093549
vt 0.032046 0.093397
vt 0.227251 0.477106
vt 0.227716 0.477218
vt 0.227164 0.477802
vt 0.333853 0.800413
vt 0.333715 0.800003
vt 0.334234 0.800039
vt 0.296223 0.075486
vt 0.294691 0.076132
vt 0.295740 0.077299
vt 0.372423 0.714679
vt 0.373829 0.715137
vt 0.372478 0.715385
vt 0.092680 0.369740
vt 0.092702 0.370079
vt 0.092107 0.369981
vt 0.225947 0.476506
vt 0.225802 0.476956
vt 0.225461 0.476697
vt 0.228103 0.477818
vt 0.228170 0.478224
vt 0.227713 0.478284
vt 0.269897 0.808843
vt 0.269497 0.808554
vt 0.270071 0.808191
vt 0.083241 0.325014
vt 0.083324 0.324654
vt 0.083746 0.324634
vt 0.077868 0.327465
vt 0.078297 0.327648
vt 0.077997 0.328014
vt 0.192855 0.352332
vt 0.193063 0.351915
vt 0.193345 0.352396
vt 0.311290 0.381831
vt 0.310808 0.381374
vt 0.311332 0.381228
vt 0.311774 0.381010
vt 0.311687 0.381470
vt 0.089882 0.367096
vt 0.090095 0.367577
vt 0.089556 0.367848
vt 0.093350 0.941407
vt 0.092788 0.941663
vt 0.092986 0.941176
vt 0.300586 0.535587
vt 0.300869 0.535140
vt 0.301027 0.535708
vt 0.298878 0.534376
vt 0.299348 0.534158
vt 0.299187 0.534616
vt 0.131560 0.765930
vt 0.131685 0.765585
vt 0.132037 0.765884
vt 0.318769 0.868367
vt 0.318564 0.868017
vt 0.318982 0.868051
vt 0.046562 0.207891
vt 0.047079 0.208076
vt 0.046615 0.208412
vt 0.282594 0.325968
vt 0.282762 0.326541
vt 0.282067 0.326452
vt 0.282441 0.326943
vt 0.282853 0.327106
vt 0.282440 0.327404
vt 0.308416 0.388874
vt 0.308183 0.388595
vt 0.308622 0.388584
vt 0.088504 0.919038
vt 0.088012 0.918873
vt 0.088248 0.918643
vt 0.087964 0.922158
vt 0.087694 0.922625
vt 0.087278 0.922106
vt 0.089491 0.934521
vt 0.089064 0.934360
vt 0.089504 0.934008
vt 0.093354 0.939743
vt 0.093354 0.940356
vt 0.093004 0.940141
vt 0.089067 0.934827
vt 0.094260 0.941254
vt 0.093806 0.941075
vt 0.094280 0.940640
vt 0.091877 0.935941
vt 0.091448 0.936151
vt 0.091228 0.935800
vt 0.092321 0.935821
vt 0.092145 0.935480
vt 0.092781 0.932908
vt 0.092856 0.933410
vt 0.092398 0.933423
vt 0.076226 0.331515
vt 0.076246 0.331924
vt 0.075793 0.332044
vt 0.074075 0.333528
vt 0.073617 0.333564
vt 0.073937 0.333152
vt 0.073327 0.334025
vt 0.073620 0.334158
vt 0.073134 0.333773
vt 0.073240 0.333127
vt 0.183017 0.367856
vt 0.182762 0.368115
vt 0.182716 0.367609
vt 0.094462 0.930731
vt 0.094253 0.931274
vt 0.094255 0.930935
vt 0.396813 0.957738
vt 0.396577 0.957964
vt 0.396516 0.957629
vt 0.185365 0.363979
vt 0.185197 0.363565
vt 0.185729 0.363839
vt 0.098390 0.929873
vt 0.098015 0.929968
vt 0.097904 0.929447
vt 0.074821 0.338077
vt 0.074425 0.338206
vt 0.074490 0.337586
vt 0.083458 0.341814
vt 0.083072 0.341438
vt 0.083456 0.341408
vt 0.082942 0.339150
vt 0.082625 0.339507
vt 0.082503 0.339085
vt 0.185562 0.359625
vt 0.185775 0.359234
vt 0.186011 0.359615
vt 0.082704 0.338592
vt 0.082703 0.337873
vt 0.083172 0.338165
vt 0.082117 0.338807
vt 0.082315 0.338296
vt 0.084514 0.334386
vt 0.084691 0.334921
vt 0.084246 0.334840
vt 0.083044 0.334296
vt 0.083509 0.333924
vt 0.083497 0.334452
vt 0.083282 0.333410
vt 0.082705 0.333483
vt 0.083098 0.332950
vt 0.187114 0.371238
vt 0.186689 0.370847
vt 0.186481 0.370010
vt 0.186890 0.369782
vt 0.186800 0.370158
vt 0.185646 0.358878
vt 0.328374 0.053922
vt 0.327649 0.054024
vt 0.328142 0.053506
vt 0.181847 0.364438
vt 0.181921 0.363987
vt 0.182345 0.364349
vt 0.093305 0.942331
vt 0.093336 0.941873
vt 0.093861 0.942086
vt 0.095579 0.947166
vt 0.095985 0.946906
vt 0.095938 0.947320
vt 0.089411 0.349791
vt 0.089929 0.349391
vt 0.089911 0.350437
vt 0.023952 0.103147
vt 0.023719 0.102881
vt 0.024005 0.102510
vt 0.024410 0.101812
vt 0.024498 0.102323
vt 0.028359 0.325652
vt 0.028360 0.325023
vt 0.028881 0.325620
vt 0.023861 0.101908
vt 0.027560 0.321098
vt 0.026995 0.321148
vt 0.027310 0.320665
vt 0.021067 0.106454
vt 0.021464 0.106644
vt 0.021069 0.107011
vt 0.020157 0.317644
vt 0.020053 0.317191
vt 0.020521 0.317317
vt 0.247903 0.199159
vt 0.247175 0.198956
vt 0.247832 0.198804
vt 0.247046 0.199826
vt 0.247523 0.199790
vt 0.247260 0.200085
vt 0.017383 0.317552
vt 0.017630 0.318092
vt 0.017232 0.317905
vt 0.020076 0.328813
vt 0.020054 0.329564
vt 0.019473 0.329332
vt 0.021695 0.329427
vt 0.021800 0.329939
vt 0.021520 0.330395
vt 0.019466 0.096033
vt 0.019916 0.096327
vt 0.019345 0.096537
vt 0.019473 0.094846
vt 0.020049 0.094829
vt 0.019824 0.095334
vt 0.024150 0.091217
vt 0.023817 0.090881
vt 0.024146 0.090672
vt 0.311400 0.133456
vt 0.311762 0.133757
vt 0.311245 0.134034
vt 0.312742 0.133150
vt 0.313033 0.133602
vt 0.312520 0.133546
vt 0.311503 0.134445
vt 0.311686 0.134853
vt 0.311202 0.134927
vt 0.035813 0.332647
vt 0.036093 0.333044
vt 0.035592 0.332837
vt 0.084455 0.943079
vt 0.083655 0.943090
vt 0.084198 0.942632
vt 0.024469 0.086957
vt 0.024873 0.086861
vt 0.024772 0.087301
vt 0.023175 0.088273
vt 0.023535 0.088175
vt 0.023593 0.088697
vt 0.025643 0.090690
vt 0.026041 0.091040
vt 0.025598 0.091250
vt 0.033471 0.331402
vt 0.033939 0.331313
vt 0.033834 0.331875
vt 0.033810 0.329988
vt 0.033885 0.330506
vt 0.033558 0.330440
vt 0.028237 0.100066
vt 0.028218 0.100629
vt 0.028102 0.100014
vt 0.028592 0.099342
vt 0.029137 0.099218
vt 0.028792 0.099893
vt 0.027119 0.086949
vt 0.027342 0.087383
vt 0.026718 0.087277
vt 0.027678 0.088515
vt 0.028151 0.088641
vt 0.027972 0.089001
vt 0.085711 0.358999
vt 0.085953 0.358505
vt 0.086134 0.358976
vt 0.085095 0.357120
vt 0.084937 0.357929
vt 0.084554 0.357545
vt 0.085430 0.356273
vt 0.084706 0.356302
vt 0.084917 0.355632
vt 0.038372 0.327459
vt 0.037955 0.326848
vt 0.038249 0.326600
vt 0.032565 0.101720
vt 0.032262 0.102256
vt 0.032086 0.101769
vt 0.038024 0.331822
vt 0.038440 0.332128
vt 0.038046 0.332365
vt 0.353332 0.405600
vt 0.353658 0.405701
vt 0.353416 0.405937
vt 0.108531 0.927030
vt 0.108443 0.927419
vt 0.108116 0.927013
vt 0.107660 0.927750
vt 0.108161 0.927927
vt 0.107797 0.928501
vt 0.114431 0.674673
vt 0.113457 0.684838
vt 0.113927 0.684430
vt 0.114072 0.685154
vt 0.109438 0.680767
vt 0.109173 0.680482
vt 0.109486 0.680464
vt 0.120430 0.680417
vt 0.119928 0.680430
vt 0.120189 0.680193
vt 0.123610 0.677530
vt 0.123992 0.677518
vt 0.123963 0.677812
vt 0.115687 0.924470
vt 0.117499 0.670605
vt 0.117425 0.671177
vt 0.117001 0.670868
vt 0.124826 0.929609
vt 0.124354 0.929341
vt 0.124585 0.929127
vt 0.123748 0.931664
vt 0.124259 0.931523
vt 0.124029 0.932118
vt 0.120796 0.931646
vt 0.120366 0.931419
vt 0.120585 0.931230
vt 0.055076 0.182926
vt 0.054806 0.182593
vt 0.055444 0.182783
vt 0.056338 0.184327
vt 0.056528 0.184718
vt 0.056094 0.184678
vt 0.054076 0.178222
vt 0.054386 0.177817
vt 0.054642 0.178129
vt 0.054021 0.178993
vt 0.053905 0.178740
vt 0.054268 0.178661
vt 0.058566 0.175517
vt 0.058119 0.175508
vt 0.012600 0.017998
vt 0.012162 0.018047
vt 0.012375 0.017602
vt 0.060632 0.176318
vt 0.060498 0.176003
vt 0.060936 0.176093
vt 0.071217 0.177842
vt 0.070739 0.177965
vt 0.071027 0.177547
vt 0.063632 0.181516
vt 0.064269 0.181457
vt 0.064146 0.181755
vt 0.077995 0.173592
vt 0.075628 0.184675
vt 0.075086 0.184375
vt 0.075556 0.184063
vt 0.018032 0.021140
vt 0.018574 0.021640
vt 0.017910 0.021513
vt 0.026725 0.350993
vt 0.026236 0.351182
vt 0.026401 0.350714
vt 0.025365 0.351034
vt 0.025839 0.351019
vt 0.025529 0.351388
vt 0.027948 0.349781
vt 0.028345 0.349832
vt 0.027889 0.350060
vt 0.026556 0.347040
vt 0.025739 0.344662
vt 0.025384 0.345011
vt 0.025318 0.344502
vt 0.079386 0.185589
vt 0.079792 0.185419
vt 0.079803 0.185940
vt 0.004762 0.459491
vt 0.004719 0.459896
vt 0.004466 0.459507
vt 0.026495 0.338921
vt 0.025988 0.339168
vt 0.026122 0.338614
vt 0.025036 0.338750
vt 0.024779 0.338485
vt 0.025138 0.338204
vt 0.023232 0.336706
vt 0.022992 0.337126
vt 0.022801 0.336703
vt 0.088911 0.174436
vt 0.088952 0.174190
vt 0.089334 0.174229
vt 0.090707 0.171303
vt 0.090821 0.171016
vt 0.091159 0.171428
vt 0.090980 0.172517
vt 0.091416 0.172776
vt 0.091188 0.173025
vt 0.052041 0.635324
vt 0.051738 0.635136
vt 0.052234 0.635062
vt 0.085018 0.171976
vt 0.084789 0.171720
vt 0.085183 0.171663
vt 0.090343 0.180865
vt 0.090800 0.180924
vt 0.090415 0.181312
vt 0.089114 0.178864
vt 0.089732 0.178802
vt 0.089394 0.179159
vt 0.095289 0.183565
vt 0.095260 0.183879
vt 0.094942 0.183509
vt 0.096230 0.185610
vt 0.095951 0.185731
vt 0.096086 0.185427
vt 0.071307 0.195945
vt 0.071106 0.196165
vt 0.071057 0.195755
vt 0.313639 0.678343
vt 0.313580 0.678590
vt 0.313319 0.678511
vt 0.014514 0.468787
vt 0.014514 0.469248
vt 0.013873 0.469001
vt 0.313283 0.678756
vt 0.313625 0.678783
vt 0.313336 0.679119
vt 0.016938 0.466642
vt 0.016727 0.466432
vt 0.017126 0.466341
vt 0.003708 0.462153
vt 0.004334 0.462456
vt 0.003737 0.462839
vt 0.004329 0.463182
vt 0.083557 0.188719
vt 0.083671 0.189068
vt 0.083374 0.189110
vt 0.079154 0.183775
vt 0.078451 0.184021
vt 0.078660 0.183099
vt 0.076110 0.197325
vt 0.076669 0.197239
vt 0.076670 0.197634
vt 0.062002 0.189245
vt 0.062172 0.188755
vt 0.062511 0.189259
vt 0.071972 0.191674
vt 0.071952 0.191161
vt 0.072313 0.191366
vt 0.075524 0.186356
vt 0.075116 0.186050
vt 0.075634 0.185835
vt 0.057717 0.184592
vt 0.057847 0.184238
vt 0.058010 0.184444
vt 0.073622 0.198534
vt 0.074107 0.199131
vt 0.073546 0.199078
vt 0.077711 0.197204
vt 0.077640 0.197719
vt 0.077125 0.197372
vt 0.127113 0.698141
vt 0.127081 0.698407
vt 0.126684 0.698221
vt 0.128190 0.687775
vt 0.127886 0.687506
vt 0.128523 0.687640
vt 0.057268 0.184602
vt 0.124234 0.688456
vt 0.123591 0.688619
vt 0.123850 0.688181
vt 0.119480 0.683099
vt 0.119058 0.682772
vt 0.119539 0.682664
vt 0.114857 0.685648
vt 0.114819 0.685127
vt 0.115191 0.685661
vt 0.115431 0.685143
vt 0.115245 0.684537
vt 0.118983 0.691522
vt 0.118579 0.691633
vt 0.118636 0.691113
vt 0.122304 0.690256
vt 0.122503 0.690580
vt 0.122167 0.690612
vt 0.113402 0.685468
vt 0.126220 0.699328
vt 0.126602 0.699690
vt 0.126204 0.699723
vt 0.117747 0.692670
vt 0.118111 0.692818
vt 0.117790 0.693210
vt 0.126567 0.700603
vt 0.126072 0.700408
vt 0.126293 0.700078
vt 0.124994 0.700545
vt 0.124574 0.700784
vt 0.124518 0.700316
vt 0.125022 0.700171
vt 0.367624 0.221778
vt 0.367260 0.221547
vt 0.367597 0.221245
vt 0.465818 0.924284
vt 0.464797 0.924387
vt 0.465114 0.923945
vt 0.465123 0.924721
vt 0.107398 0.686073
vt 0.107299 0.685456
vt 0.107739 0.685737
vt 0.110549 0.687222
vt 0.110834 0.686818
vt 0.110940 0.687217
vt 0.108287 0.686593
vt 0.108202 0.687124
vt 0.107803 0.686761
vt 0.334269 0.734041
vt 0.333855 0.733827
vt 0.334368 0.733709
vt 0.299341 0.598377
vt 0.299778 0.598502
vt 0.299511 0.598918
vt 0.298910 0.598789
vt 0.298927 0.598297
vt 0.040201 0.042404
vt 0.040286 0.042986
vt 0.039704 0.042785
vt 0.337725 0.268499
vt 0.337343 0.268697
vt 0.337410 0.268396
vt 0.106390 0.690544
vt 0.106426 0.691160
vt 0.106127 0.690721
vt 0.289838 0.064747
vt 0.290211 0.064279
vt 0.290549 0.064604
vt 0.319589 0.437905
vt 0.319901 0.437845
vt 0.319607 0.438326
vt 0.036848 0.263524
vt 0.036643 0.263066
vt 0.037040 0.263039
vt 0.294494 0.060694
vt 0.295025 0.060640
vt 0.294744 0.061204
vt 0.303684 0.363970
vt 0.304221 0.363489
vt 0.304441 0.364251
vt 0.303651 0.363377
vt 0.304929 0.366550
vt 0.304854 0.366048
vt 0.305266 0.366125
vt 0.305074 0.365559
vt 0.305337 0.364981
vt 0.305550 0.365474
vt 0.290996 0.065407
vt 0.290877 0.065884
vt 0.290531 0.065547
vt 0.035979 0.264147
vt 0.036008 0.264472
vt 0.035769 0.264691
vt 0.291148 0.064649
vt 0.290990 0.064132
vt 0.338420 0.577729
vt 0.338608 0.578167
vt 0.338061 0.578166
vt 0.059013 0.090447
vt 0.059254 0.090104
vt 0.059542 0.090280
vt 0.031173 0.264011
vt 0.030848 0.263999
vt 0.031073 0.263545
vt 0.031418 0.263552
vt 0.031260 0.263125
vt 0.061654 0.695610
vt 0.061805 0.696054
vt 0.061530 0.695911
vt 0.231110 0.744481
vt 0.231518 0.744823
vt 0.231140 0.745006
vt 0.374636 0.707775
vt 0.374809 0.707547
vt 0.374850 0.708042
vt 0.020122 0.262593
vt 0.020294 0.262285
vt 0.020644 0.262485
vt 0.022813 0.258184
vt 0.022951 0.257685
vt 0.023416 0.258211
vt 0.023551 0.251628
vt 0.023471 0.252176
vt 0.023218 0.251797
vt 0.028003 0.246848
vt 0.027514 0.246243
vt 0.028107 0.246320
vt 0.014798 0.246075
vt 0.015066 0.245869
vt 0.015301 0.246353
vt 0.030576 0.257255
vt 0.030907 0.257039
vt 0.030843 0.257409
vt 0.035229 0.254608
vt 0.035180 0.254129
vt 0.035381 0.254189
vt 0.272821 0.072125
vt 0.272558 0.072365
vt 0.272437 0.072035
vt 0.271719 0.072552
vt 0.271267 0.073150
vt 0.271201 0.072444
vt 0.030266 0.257331
vt 0.030100 0.257674
vt 0.029966 0.257267
vt 0.062451 0.085757
vt 0.062681 0.085325
vt 0.062770 0.085727
vt 0.060651 0.699651
vt 0.060330 0.699976
vt 0.060063 0.699686
vt 0.318086 0.439963
vt 0.318113 0.439541
vt 0.318400 0.439893
vt 0.333005 0.936733
vt 0.333053 0.936995
vt 0.332708 0.937001
vt 0.111095 0.693179
vt 0.110726 0.693152
vt 0.110878 0.692701
vt 0.112679 0.699365
vt 0.112709 0.699882
vt 0.112194 0.699327
vt 0.057766 0.090813
vt 0.058203 0.090857
vt 0.057962 0.091126
vt 0.058246 0.090117
vt 0.058569 0.090257
vt 0.058093 0.090464
vt 0.114461 0.701031
vt 0.114742 0.700844
vt 0.114838 0.701189
vt 0.119843 0.699727
vt 0.119531 0.699301
vt 0.119885 0.699200
vt 0.053928 0.089664
vt 0.054339 0.089906
vt 0.053983 0.090105
vt 0.326367 0.903664
vt 0.326757 0.903987
vt 0.326025 0.904205
vt 0.311049 0.681560
vt 0.310730 0.681915
vt 0.310570 0.681569
vt 0.022920 0.467373
vt 0.023756 0.467536
vt 0.021371 0.468038
vt 0.021351 0.467527
vt 0.021962 0.467787
vt 0.021811 0.468389
vt 0.328553 0.901337
vt 0.328116 0.901125
vt 0.328357 0.900878
vt 0.256169 0.566714
vt 0.256691 0.566666
vt 0.256504 0.567080
vt 0.328080 0.901743
vt 0.328183 0.902291
vt 0.327682 0.902309
vt 0.056504 0.082772
vt 0.056464 0.082269
vt 0.056893 0.082465
vt 0.055359 0.083790
vt 0.055868 0.083868
vt 0.055508 0.084185
vt 0.262836 0.566458
vt 0.263020 0.565974
vt 0.263368 0.565916
vt 0.015630 0.266517
vt 0.015698 0.266376
vt 0.016032 0.266460
vt 0.019211 0.254819
vt 0.019151 0.254164
vt 0.019711 0.254247
vt 0.016197 0.267634
vt 0.015584 0.267929
vt 0.015596 0.267272
vt 0.010914 0.261499
vt 0.010737 0.260964
vt 0.011224 0.261051
vt 0.285255 0.287600
vt 0.284714 0.287624
vt 0.284951 0.287178
vt 0.177584 0.567046
vt 0.177897 0.566991
vt 0.177761 0.567356
vt 0.008999 0.270627
vt 0.008583 0.270907
vt 0.008545 0.270346
vt 0.176522 0.567275
vt 0.176371 0.566779
vt 0.176760 0.566819
vt 0.175370 0.563044
vt 0.175548 0.562602
vt 0.175692 0.562951
vt 0.285932 0.286762
vt 0.285816 0.287246
vt 0.285591 0.286837
vt 0.284418 0.287982
vt 0.284228 0.287618
vt 0.284752 0.288386
vt 0.284540 0.288264
vt 0.284842 0.288027
vt 0.285189 0.288039
vt 0.282063 0.288474
vt 0.282111 0.288116
vt 0.282468 0.288333
vt 0.032211 0.449643
vt 0.032421 0.449221
vt 0.032772 0.449857
vt 0.026710 0.454637
vt 0.026262 0.455172
vt 0.026241 0.454657
vt 0.026824 0.455190
vt 0.027266 0.455518
vt 0.026703 0.455650
vt 0.027202 0.454956
vt 0.025620 0.452214
vt 0.025313 0.452437
vt 0.024796 0.452192
vt 0.023223 0.453507
vt 0.023286 0.453061
vt 0.023757 0.453222
vt 0.017863 0.453570
vt 0.018049 0.454058
vt 0.017446 0.453868
vt 0.013936 0.456693
vt 0.014523 0.456603
vt 0.014820 0.457031
vt 0.013324 0.455782
vt 0.012942 0.456032
vt 0.013184 0.455491
vt 0.014707 0.450701
vt 0.014474 0.451370
vt 0.013937 0.451175
vt 0.027126 0.448356
vt 0.027607 0.448828
vt 0.026989 0.448855
vt 0.014306 0.439650
vt 0.013893 0.439581
vt 0.014191 0.439348
vt 0.015414 0.442436
vt 0.015018 0.442775
vt 0.014908 0.442353
vt 0.023366 0.444443
vt 0.023207 0.444915
vt 0.022935 0.444423
vt 0.012763 0.446902
vt 0.013324 0.447317
vt 0.012840 0.447445
vt 0.015404 0.443030
vt 0.192824 0.380996
vt 0.192478 0.381257
vt 0.192355 0.380872
vt 0.186067 0.380904
vt 0.185752 0.381455
vt 0.185624 0.381018
vt 0.015972 0.626200
vt 0.015333 0.625778
vt 0.015692 0.625633
vt 0.027376 0.624756
vt 0.026819 0.624955
vt 0.026885 0.624583
vt 0.027652 0.622395
vt 0.028169 0.622066
vt 0.028102 0.622566
vt 0.025751 0.617582
vt 0.025811 0.617097
vt 0.026426 0.617144
vt 0.014879 0.628159
vt 0.015082 0.628735
vt 0.014390 0.628378
vt 0.013052 0.246958
vt 0.012354 0.246878
vt 0.012932 0.246373
vt 0.035851 0.442374
vt 0.035433 0.442251
vt 0.035612 0.442020
vt 0.194119 0.380426
vt 0.193759 0.380185
vt 0.194183 0.380073
vt 0.010044 0.248294
vt 0.009861 0.247739
vt 0.010499 0.247833
vt 0.014458 0.628812
vt 0.015009 0.629235
vt 0.011700 0.247617
vt 0.011393 0.247968
vt 0.011451 0.247374
vt 0.006111 0.258277
vt 0.005530 0.258394
vt 0.005900 0.258005
vt 0.012337 0.246298
vt 0.011889 0.246622
vt 0.011836 0.246169
vt 0.028651 0.628787
vt 0.028676 0.629092
vt 0.028356 0.629009
vt 0.015406 0.254638
vt 0.015902 0.254329
vt 0.015721 0.254842
vt 0.011033 0.258699
vt 0.011455 0.258171
vt 0.011552 0.258547
vt 0.018164 0.243538
vt 0.017877 0.243404
vt 0.018263 0.243252
vt 0.309981 0.879024
vt 0.309689 0.878951
vt 0.309925 0.878713
vt 0.275409 0.764326
vt 0.275286 0.765088
vt 0.274987 0.764311
vt 0.273872 0.766052
vt 0.273433 0.765853
vt 0.273523 0.765548
vt 0.003637 0.254777
vt 0.003784 0.254170
vt 0.004185 0.254476
vt 0.036450 0.442302
vt 0.036725 0.442553
vt 0.036383 0.442557
vt 0.273879 0.765617
vt 0.308073 0.877335
vt 0.307956 0.877462
vt 0.307948 0.877251
vt 0.274347 0.766060
vt 0.274723 0.766454
vt 0.274300 0.766495
vt 0.595500 0.950704
vt 0.594988 0.950599
vt 0.595203 0.950288
vt 0.083015 0.285621
vt 0.083160 0.285203
vt 0.083612 0.285477
vt 0.090739 0.277451
vt 0.090978 0.277858
vt 0.090431 0.277816
vt 0.091709 0.278340
vt 0.091423 0.278332
vt 0.091469 0.277988
vt 0.091258 0.277454
vt 0.090906 0.277119
vt 0.091283 0.276792
vt 0.092345 0.288895
vt 0.092790 0.288732
vt 0.092695 0.289240
vt 0.091890 0.288964
vt 0.092155 0.289413
vt 0.091525 0.289313
vt 0.090823 0.287921
vt 0.091302 0.288052
vt 0.090913 0.288306
vt 0.092436 0.287542
vt 0.092102 0.287811
vt 0.091970 0.287388
vt 0.016191 0.616661
vt 0.016433 0.617100
vt 0.015863 0.616942
vt 0.018778 0.615388
vt 0.019165 0.615132
vt 0.019126 0.615699
vt 0.016029 0.613492
vt 0.016667 0.613451
vt 0.016405 0.613807
vt 0.028296 0.611706
vt 0.028867 0.611634
vt 0.028691 0.612157
vt 0.023997 0.616443
vt 0.023658 0.615748
vt 0.024370 0.615943
vt 0.029100 0.607602
vt 0.029455 0.608003
vt 0.028884 0.607925
vt 0.015426 0.603989
vt 0.015009 0.603754
vt 0.015438 0.603655
vt 0.027000 0.603725
vt 0.027134 0.603231
vt 0.027652 0.603832
vt 0.016810 0.605304
vt 0.016190 0.605343
vt 0.016476 0.604781
vt 0.257684 0.751335
vt 0.022720 0.594078
vt 0.023291 0.594166
vt 0.022926 0.594362
vt 0.255522 0.739965
vt 0.255888 0.739612
vt 0.256053 0.740021
vt 0.241810 0.150296
vt 0.241806 0.149833
vt 0.242117 0.149992
vt 0.017294 0.595054
vt 0.017308 0.595624
vt 0.016801 0.595563
vt 0.012510 0.602478
vt 0.012430 0.602080
vt 0.012765 0.602321
vt 0.013760 0.601394
vt 0.014320 0.600565
vt 0.014403 0.601289
vt 0.266518 0.344255
vt 0.266664 0.344665
vt 0.266286 0.344569
vt 0.239992 0.155373
vt 0.239717 0.155825
vt 0.239656 0.155302
vt 0.241138 0.150651
vt 0.241303 0.150141
vt 0.241497 0.150576
vt 0.193812 0.362718
vt 0.193746 0.363237
vt 0.193604 0.362933
vt 0.072099 0.387857
vt 0.072150 0.388380
vt 0.071877 0.388268
vt 0.091461 0.273451
vt 0.091730 0.273757
vt 0.091348 0.273894
vt 0.197927 0.356781
vt 0.197905 0.357269
vt 0.197529 0.356924
vt 0.361836 0.210919
vt 0.362013 0.211273
vt 0.361567 0.211464
vt 0.195837 0.357301
vt 0.196101 0.356724
vt 0.196300 0.357450
vt 0.075046 0.464781
vt 0.074704 0.464702
vt 0.075094 0.464454
vt 0.193692 0.360286
vt 0.194052 0.360617
vt 0.193624 0.360859
vt 0.076373 0.388366
vt 0.075905 0.388293
vt 0.076223 0.388075
vt 0.246802 0.145868
vt 0.247109 0.145628
vt 0.247122 0.145988
vt 0.120756 0.460939
vt 0.120461 0.460364
vt 0.120976 0.460532
vt 0.244849 0.142548
vt 0.245126 0.142830
vt 0.244602 0.142981
vt 0.090430 0.381623
vt 0.090533 0.381896
vt 0.090273 0.381934
vt 0.083081 0.381457
vt 0.083511 0.381085
vt 0.083728 0.381543
vt 0.080256 0.382527
vt 0.080073 0.383077
vt 0.079827 0.382841
vt 0.078642 0.378856
vt 0.078955 0.379089
vt 0.078492 0.379352
vt 0.081302 0.376799
vt 0.081584 0.376959
vt 0.081423 0.376927
vt 0.363443 0.208360
vt 0.363900 0.207985
vt 0.363797 0.208502
vt 0.081113 0.377253
vt 0.081359 0.377028
vt 0.098972 0.175001
vt 0.098938 0.174884
vt 0.099152 0.174826
vt 0.082997 0.467890
vt 0.082733 0.468238
vt 0.082492 0.467881
vt 0.083711 0.467477
vt 0.083479 0.467871
vt 0.083241 0.467489
vt 0.082867 0.373837
vt 0.081859 0.373832
vt 0.082591 0.373527
vt 0.431041 0.980110
vt 0.430648 0.980440
vt 0.430474 0.980124
vt 0.316905 0.335072
vt 0.316393 0.335006
vt 0.316743 0.334578
vt 0.317240 0.333789
vt 0.317583 0.333751
vt 0.317682 0.334144
vt 0.189112 0.413089
vt 0.188908 0.412655
vt 0.189410 0.412730
vt 0.189309 0.417817
vt 0.188855 0.417596
vt 0.189200 0.417160
vt 0.189440 0.413865
vt 0.189114 0.413495
vt 0.189480 0.413278
vt 0.071281 0.468282
vt 0.071804 0.468461
vt 0.071634 0.468756
vt 0.187917 0.415411
vt 0.188164 0.415722
vt 0.187715 0.415922
vt 0.086159 0.270493
vt 0.085584 0.270756
vt 0.085459 0.270023
vt 0.225302 0.793030
vt 0.225617 0.792550
vt 0.225859 0.793012
vt 0.198427 0.354952
vt 0.198162 0.354683
vt 0.198525 0.354674
vt 0.231178 0.788175
vt 0.231587 0.788090
vt 0.231469 0.788489
vt 0.234429 0.794535
vt 0.234070 0.794568
vt 0.234240 0.794173
vt 0.345701 0.321928
vt 0.345673 0.321632
vt 0.346078 0.321786
vt 0.079803 0.274499
vt 0.080213 0.274369
vt 0.080077 0.274893
vt 0.332601 0.713748
vt 0.332043 0.713664
vt 0.332597 0.713430
vt 0.080256 0.272888
vt 0.080528 0.273253
vt 0.079383 0.273039
vt 0.079764 0.272764
vt 0.079821 0.273093
vt 0.077497 0.271126
vt 0.077583 0.271349
vt 0.076941 0.271451
vt 0.333205 0.710266
vt 0.333019 0.710910
vt 0.332733 0.710587
vt 0.348226 0.515697
vt 0.348512 0.513934
vt 0.350071 0.514557
vt 0.076338 0.280033
vt 0.075746 0.280526
vt 0.075759 0.280048
vt 0.231772 0.797675
vt 0.231741 0.797265
vt 0.232046 0.797256
vt 0.357249 0.174581
vt 0.357913 0.174265
vt 0.357777 0.174891
vt 0.342784 0.321158
vt 0.343939 0.321205
vt 0.343934 0.322198
vt 0.317166 0.827825
vt 0.318422 0.827243
vt 0.318214 0.828876
vt 0.071605 0.273682
vt 0.070668 0.274749
vt 0.070546 0.273229
vt 0.421470 0.978429
vt 0.422152 0.977556
vt 0.422737 0.977999
vt 0.360238 0.228279
vt 0.359637 0.226846
vt 0.358759 0.228075
vt 0.347136 0.939955
vt 0.347302 0.939189
vt 0.232314 0.801992
vt 0.231715 0.802063
vt 0.232138 0.801542
vt 0.231111 0.801399
vt 0.231118 0.801107
vt 0.231449 0.800843
vt 0.355148 0.936904
vt 0.356012 0.938781
vt 0.354339 0.939134
vt 0.363739 0.058981
vt 0.362348 0.059019
vt 0.363462 0.058230
vt 0.324469 0.022406
vt 0.324345 0.021261
vt 0.325815 0.021284
vt 0.271865 0.732117
vt 0.266332 0.730645
vt 0.268733 0.726885
vt 0.230265 0.131342
vt 0.234907 0.126631
vt 0.231006 0.133031
vt 0.352115 0.937616
vt 0.353707 0.936375
vt 0.352870 0.938349
vt 0.346223 0.689901
vt 0.344802 0.690458
vt 0.344328 0.689315
vt 0.171475 0.936717
vt 0.176853 0.933545
vt 0.174188 0.927568
vt 0.367565 0.126911
vt 0.366418 0.126763
vt 0.366255 0.124888
vt 0.309011 0.595791
vt 0.308074 0.594342
vt 0.462101 0.983001
vt 0.459138 0.981846
vt 0.272927 0.289663
vt 0.270947 0.290906
vt 0.270692 0.288709
vt 0.356178 0.627679
vt 0.355284 0.627761
vt 0.355965 0.626901
vt 0.271508 0.727254
vt 0.238387 0.360550
vt 0.240614 0.361878
vt 0.241275 0.358482
vt 0.239158 0.354479
vt 0.238773 0.357515
vt 0.241660 0.355447
vt 0.346705 0.693957
vt 0.344966 0.692195
vt 0.270830 0.720087
vt 0.272155 0.721215
vt 0.205164 0.808414
vt 0.205216 0.809317
vt 0.204405 0.809056
vt 0.203993 0.808450
vt 0.204206 0.806316
vt 0.326595 0.019921
vt 0.324540 0.020275
vt 0.230205 0.139241
vt 0.228441 0.135264
vt 0.524308 0.931934
vt 0.338395 0.346354
vt 0.338562 0.345885
vt 0.338834 0.346351
vt 0.052120 0.411635
vt 0.052066 0.412358
vt 0.051665 0.411934
vt 0.338643 0.343417
vt 0.339194 0.343894
vt 0.338598 0.344017
vt 0.466549 0.978457
vt 0.464480 0.978926
vt 0.337750 0.344763
vt 0.267507 0.023386
vt 0.267181 0.023274
vt 0.267468 0.023078
vt 0.048641 0.084057
vt 0.048661 0.083029
vt 0.049323 0.083493
vt 0.207379 0.289177
vt 0.204894 0.287629
vt 0.204264 0.290180
vt 0.069799 0.274068
vt 0.069975 0.275009
vt 0.069540 0.274668
vt 0.270637 0.021894
vt 0.271092 0.021718
vt 0.270979 0.022142
vt 0.362318 0.801046
vt 0.361818 0.801065
vt 0.361100 0.800202
vt 0.343832 0.326639
vt 0.343259 0.326239
vt 0.343878 0.325748
vt 0.351552 0.267334
vt 0.350452 0.267187
vt 0.350621 0.266555
vt 0.171633 0.674824
vt 0.171056 0.678159
vt 0.242782 0.515689
vt 0.245406 0.516630
vt 0.243983 0.514510
vt 0.061839 0.621581
vt 0.062948 0.620492
vt 0.063188 0.621434
vt 0.064235 0.623446
vt 0.064674 0.624297
vt 0.063865 0.624683
vt 0.323698 0.003737
vt 0.325006 0.003096
vt 0.324585 0.004339
vt 0.208185 0.286597
vt 0.169967 0.677123
vt 0.170256 0.675455
vt 0.206268 0.282558
vt 0.204130 0.281553
vt 0.202759 0.285308
vt 0.367117 0.927625
vt 0.367610 0.927181
vt 0.366942 0.927017
vt 0.362470 0.240829
vt 0.362282 0.239843
vt 0.361853 0.240235
vt 0.326711 0.003412
vt 0.326799 0.002684
vt 0.327821 0.003606
vt 0.173430 0.664084
vt 0.175118 0.666083
vt 0.175828 0.664859
vt 0.434585 0.922640
vt 0.436587 0.923235
vt 0.434469 0.923735
vt 0.046002 0.364218
vt 0.046577 0.364038
vt 0.046383 0.364732
vt 0.419517 0.932025
vt 0.418479 0.930132
vt 0.416325 0.932966
vt 0.353360 0.434519
vt 0.352975 0.434871
vt 0.352974 0.434332
vt 0.357927 0.745027
vt 0.357673 0.745495
vt 0.358189 0.745236
vt 0.371696 0.864432
vt 0.371967 0.864814
vt 0.372162 0.864226
vt 0.204076 0.302755
vt 0.204327 0.302902
vt 0.204169 0.302410
vt 0.212383 0.294381
vt 0.212111 0.295201
vt 0.212709 0.294878
vt 0.210155 0.303164
vt 0.209693 0.302835
vt 0.209798 0.303188
vt 0.214907 0.287728
vt 0.215041 0.289669
vt 0.215812 0.289404
vt 0.194235 0.753536
vt 0.195611 0.752141
vt 0.194144 0.751234
vt 0.541049 0.926713
vt 0.540968 0.926909
vt 0.541265 0.926549
vt 0.198841 0.758266
vt 0.197335 0.756720
vt 0.196507 0.759143
vt 0.190403 0.374372
vt 0.189770 0.374458
vt 0.190062 0.374127
vt 0.060370 0.631507
vt 0.059913 0.631529
vt 0.060189 0.631019
vt 0.077653 0.284319
vt 0.077216 0.284372
vt 0.077583 0.283804
vt 0.077686 0.285859
vt 0.077517 0.285457
vt 0.077845 0.285289
vt 0.071594 0.290288
vt 0.071866 0.290628
vt 0.071455 0.290779
vt 0.080853 0.287177
vt 0.081343 0.286976
vt 0.081534 0.287569
vt 0.192892 0.374622
vt 0.192915 0.374862
vt 0.192435 0.374655
vt 0.192298 0.374909
vt 0.082169 0.295716
vt 0.082211 0.296238
vt 0.081823 0.296132
vt 0.004572 0.622939
vt 0.004608 0.623269
vt 0.004195 0.623033
vt 0.003887 0.621943
vt 0.003962 0.622412
vt 0.003590 0.622094
vt 0.081602 0.295382
vt 0.081309 0.295023
vt 0.081741 0.294927
vt 0.079920 0.299119
vt 0.079931 0.298595
vt 0.080381 0.298899
vt 0.059362 0.364660
vt 0.059669 0.364293
vt 0.059801 0.364737
vt 0.014222 0.624185
vt 0.014858 0.624712
vt 0.014338 0.624528
vt 0.012305 0.624907
vt 0.012651 0.625450
vt 0.012062 0.625204
vt 0.058022 0.371531
vt 0.058374 0.371635
vt 0.058046 0.371727
vt 0.331040 0.438424
vt 0.331082 0.438140
vt 0.331522 0.438232
vt 0.017489 0.240292
vt 0.017961 0.240397
vt 0.017458 0.241070
vt 0.331942 0.180707
vt 0.332642 0.180940
vt 0.332250 0.181782
vt 0.366772 0.477289
vt 0.366405 0.477480
vt 0.366555 0.476915
vt 0.266647 0.683601
vt 0.266922 0.683176
vt 0.266935 0.683543
vt 0.023459 0.241759
vt 0.022148 0.241439
vt 0.022925 0.240997
vt 0.316107 0.446702
vt 0.317306 0.447355
vt 0.316005 0.447562
vt 0.070301 0.904331
vt 0.070067 0.904229
vt 0.070281 0.903831
vt 0.037306 0.032219
vt 0.038023 0.032747
vt 0.037991 0.032064
vt 0.333265 0.323227
vt 0.333153 0.323653
vt 0.332732 0.323580
vt 0.215708 0.295175
vt 0.215279 0.294555
vt 0.214950 0.295252
vt 0.215891 0.295885
vt 0.215432 0.295803
vt 0.215622 0.296121
vt 0.212619 0.295355
vt 0.213028 0.295567
vt 0.212597 0.295694
vt 0.212791 0.296276
vt 0.216405 0.290505
vt 0.215981 0.290043
vt 0.215915 0.290454
vt 0.259866 0.770010
vt 0.259983 0.769549
vt 0.260500 0.769803
vt 0.349032 0.164361
vt 0.349923 0.163539
vt 0.350572 0.164143
vt 0.213941 0.288988
vt 0.213116 0.287243
vt 0.518181 0.965505
vt 0.518152 0.965283
vt 0.518345 0.965355
vt 0.362862 0.530574
vt 0.363225 0.531191
vt 0.362788 0.531110
vt 0.254145 0.770679
vt 0.253848 0.770535
vt 0.254009 0.770191
vt 0.345533 0.047843
vt 0.345023 0.047811
vt 0.345299 0.048741
vt 0.041771 0.377042
vt 0.041453 0.377457
vt 0.041424 0.376733
vt 0.374458 0.611130
vt 0.375495 0.614428
vt 0.375524 0.611863
vt 0.213127 0.284492
vt 0.347402 0.160467
vt 0.349632 0.160008
vt 0.348639 0.161575
vt 0.261620 0.766055
vt 0.261933 0.765666
vt 0.262086 0.766180
vt 0.259891 0.760459
vt 0.260220 0.760964
vt 0.259845 0.760974
vt 0.320480 0.904833
vt 0.320857 0.907650
vt 0.321784 0.906039
vt 0.367022 0.904646
vt 0.366394 0.905084
vt 0.366138 0.904313
vt 0.375123 0.747519
vt 0.375195 0.746519
vt 0.375899 0.747173
vt 0.359469 0.107510
vt 0.359355 0.109013
vt 0.359853 0.108731
vt 0.346318 0.048667
vt 0.369623 0.905422
vt 0.368544 0.905119
vt 0.368861 0.906305
vt 0.197401 0.266086
vt 0.195388 0.267092
vt 0.195424 0.265119
vt 0.366212 0.204216
vt 0.365572 0.204453
vt 0.365763 0.204209
vt 0.122930 0.006155
vt 0.122684 0.005680
vt 0.123848 0.005981
vt 0.194014 0.257488
vt 0.194909 0.257165
vt 0.194571 0.257449
vt 0.270556 0.176615
vt 0.269577 0.174114
vt 0.271222 0.174722
vt 0.208653 0.197776
vt 0.209741 0.196116
vt 0.207450 0.197018
vt 0.369180 0.878361
vt 0.369607 0.877480
vt 0.370050 0.877910
vt 0.370851 0.876124
vt 0.319082 0.070938
vt 0.319373 0.071244
vt 0.318738 0.071223
vt 0.188220 0.257581
vt 0.188142 0.259147
vt 0.185577 0.257136
vt 0.185859 0.259466
vt 0.288609 0.145784
vt 0.289989 0.146123
vt 0.290380 0.148740
vt 0.043406 0.085078
vt 0.042940 0.085275
vt 0.043932 0.084000
vt 0.371051 0.878084
vt 0.047150 0.642104
vt 0.049327 0.643492
vt 0.049572 0.640795
vt 0.452486 0.956963
vt 0.451334 0.958079
vt 0.450195 0.957385
vt 0.361870 0.391653
vt 0.362248 0.391192
vt 0.362449 0.391311
vt 0.318309 0.906303
vt 0.315082 0.900288
vt 0.315602 0.904766
vt 0.368630 0.877407
vt 0.359608 0.110618
vt 0.359226 0.110033
vt 0.358919 0.110924
vt 0.307460 0.370933
vt 0.307782 0.371323
vt 0.307241 0.371705
vt 0.217876 0.198226
vt 0.212433 0.195466
vt 0.215182 0.200618
vt 0.311439 0.896372
vt 0.314458 0.895324
vt 0.311212 0.893246
vt 0.198166 0.420927
vt 0.198775 0.420151
vt 0.199183 0.421032
vt 0.326034 0.749389
vt 0.328993 0.741044
vt 0.324340 0.742582
vt 0.325177 0.739422
vt 0.325843 0.737905
vt 0.171130 0.928541
vt 0.168072 0.929514
vt 0.079568 0.482168
vt 0.080051 0.483504
vt 0.079071 0.482685
vt 0.078091 0.481867
vt 0.224742 0.916772
vt 0.223456 0.916448
vt 0.223885 0.917202
vt 0.323661 0.285998
vt 0.323915 0.285572
vt 0.324006 0.286041
vt 0.177051 0.921470
vt 0.174459 0.920991
vt 0.174040 0.925883
vt 0.175822 0.927083
vt 0.180724 0.925630
vt 0.318532 0.903099
vt 0.315945 0.900991
vt 0.349120 0.520222
vt 0.349376 0.520165
vt 0.349260 0.519171
vt 0.349107 0.674128
vt 0.349661 0.673970
vt 0.349753 0.674480
vt 0.422004 0.978842
vt 0.081367 0.473807
vt 0.080945 0.474032
vt 0.080605 0.473569
vt 0.430091 0.979025
vt 0.430342 0.978858
vt 0.430366 0.979163
vt 0.309671 0.997999
vt 0.309995 0.997417
vt 0.309454 0.997252
vt 0.196269 0.415377
vt 0.196509 0.415658
vt 0.196297 0.415694
vt 0.077369 0.476997
vt 0.076420 0.476929
vt 0.067165 0.781682
vt 0.066822 0.781645
vt 0.066765 0.782003
vt 0.073019 0.469812
vt 0.072829 0.470194
vt 0.072629 0.469805
vt 0.075280 0.473551
vt 0.075604 0.473426
vt 0.075616 0.473958
vt 0.071697 0.469194
vt 0.071313 0.469329
vt 0.071190 0.468822
vt 0.369414 0.527384
vt 0.369987 0.528105
vt 0.369645 0.528323
vt 0.090691 0.470023
vt 0.091304 0.469907
vt 0.090881 0.470442
vt 0.010468 0.299093
vt 0.010914 0.299454
vt 0.010405 0.299504
vt 0.014286 0.298003
vt 0.014835 0.298270
vt 0.014321 0.298436
vt 0.227324 0.266504
vt 0.226908 0.266616
vt 0.227142 0.266275
vt 0.023520 0.296018
vt 0.023194 0.296281
vt 0.023175 0.295767
vt 0.022794 0.297249
vt 0.022558 0.297747
vt 0.022235 0.297229
vt 0.360952 0.916600
vt 0.360227 0.918055
vt 0.360371 0.917120
vt 0.027933 0.302515
vt 0.028571 0.302225
vt 0.028439 0.302769
vt 0.029500 0.302211
vt 0.333815 0.202297
vt 0.332431 0.202039
vt 0.333860 0.201005
vt 0.032412 0.302031
vt 0.032895 0.301803
vt 0.032704 0.302308
vt 0.030466 0.301772
vt 0.030518 0.302339
vt 0.030118 0.302285
vt 0.031882 0.301153
vt 0.032591 0.301005
vt 0.032054 0.301689
vt 0.287595 0.855581
vt 0.288463 0.855548
vt 0.287785 0.855969
vt 0.227914 0.265930
vt 0.227819 0.265507
vt 0.228216 0.265448
vt 0.371975 0.665498
vt 0.371657 0.665791
vt 0.371675 0.665308
vt 0.292650 0.262919
vt 0.291620 0.263637
vt 0.292271 0.264271
vt 0.055734 0.061844
vt 0.056424 0.061897
vt 0.056287 0.062255
vt 0.358629 0.581856
vt 0.358950 0.582331
vt 0.358420 0.582432
vt 0.216079 0.492839
vt 0.215799 0.492962
vt 0.215727 0.492500
vt 0.228362 0.266830
vt 0.228023 0.267113
vt 0.227869 0.266564
vt 0.354701 0.447069
vt 0.354710 0.446568
vt 0.355100 0.446845
vt 0.185095 0.963675
vt 0.185614 0.965809
vt 0.187363 0.964902
vt 0.189112 0.963995
vt 0.191876 0.257851
vt 0.191766 0.256366
vt 0.192856 0.257272
vt 0.057004 0.062271
vt 0.057294 0.061732
vt 0.057644 0.062117
vt 0.055931 0.062446
vt 0.303023 0.034034
vt 0.303626 0.029294
vt 0.302467 0.031053
vt 0.058132 0.072120
vt 0.057837 0.070709
vt 0.056429 0.071806
vt 0.181952 0.260227
vt 0.187642 0.262499
vt 0.186677 0.264962
vt 0.369797 0.906439
vt 0.376043 0.748270
vt 0.375141 0.748420
vt 0.046055 0.309559
vt 0.045407 0.309458
vt 0.045737 0.309105
vt 0.160397 0.891996
vt 0.159881 0.891690
vt 0.160517 0.891269
vt 0.366357 0.642312
vt 0.365818 0.641985
vt 0.365657 0.642473
vt 0.372536 0.777656
vt 0.372268 0.778349
vt 0.373157 0.777617
vt 0.034865 0.302202
vt 0.034889 0.302576
vt 0.034518 0.302574
vt 0.034461 0.303018
vt 0.034014 0.303020
vt 0.034318 0.302823
vt 0.035154 0.302604
vt 0.035321 0.302186
vt 0.298213 0.945674
vt 0.333387 0.203118
vt 0.332695 0.202989
vt 0.327684 0.820772
vt 0.327503 0.820071
vt 0.328139 0.820708
vt 0.225528 0.874048
vt 0.225403 0.874349
vt 0.224870 0.874294
vt 0.237551 0.912502
vt 0.233784 0.913649
vt 0.237153 0.913924
vt 0.024780 0.304475
vt 0.025386 0.303973
vt 0.025405 0.304448
vt 0.140099 0.890216
vt 0.139552 0.890134
vt 0.140108 0.889958
vt 0.053854 0.015407
vt 0.053097 0.015135
vt 0.053580 0.015044
vt 0.279783 0.653935
vt 0.280311 0.654330
vt 0.279811 0.654616
vt 0.038962 0.049436
vt 0.039421 0.049980
vt 0.039094 0.049945
vt 0.259859 0.921591
vt 0.259516 0.920945
vt 0.260658 0.921537
vt 0.407696 0.923986
vt 0.281128 0.651883
vt 0.261558 0.924323
vt 0.260703 0.923864
vt 0.262095 0.923673
vt 0.376667 0.929673
vt 0.372262 0.929103
vt 0.374138 0.931569
vt 0.007188 0.135820
vt 0.007511 0.135720
vt 0.007600 0.136222
vt 0.369878 0.954352
vt 0.370379 0.954315
vt 0.369856 0.954668
vt 0.366968 0.956000
vt 0.367416 0.956232
vt 0.366686 0.956381
vt 0.005827 0.131011
vt 0.005482 0.130918
vt 0.005604 0.130515
vt 0.062524 0.022970
vt 0.062670 0.022700
vt 0.062917 0.023151
vt 0.367779 0.955019
vt 0.367494 0.954973
vt 0.367696 0.954747
vt 0.145741 0.890606
vt 0.145165 0.890517
vt 0.145335 0.890204
vt 0.051706 0.017439
vt 0.051293 0.017136
vt 0.051969 0.017090
vt 0.284230 0.442927
vt 0.286050 0.442630
vt 0.285068 0.441518
vt 0.144122 0.889797
vt 0.144344 0.889968
vt 0.143767 0.890084
vt 0.328126 0.820116
vt 0.327595 0.819418
vt 0.225295 0.877901
vt 0.225669 0.878178
vt 0.225152 0.878425
vt 0.255350 0.612252
vt 0.254849 0.612217
vt 0.255061 0.611760
vt 0.255076 0.614691
vt 0.254838 0.615084
vt 0.254812 0.614535
vt 0.327532 0.820794
vt 0.326903 0.820100
vt 0.011414 0.308336
vt 0.011843 0.308812
vt 0.011105 0.308628
vt 0.013082 0.302256
vt 0.013533 0.302573
vt 0.012996 0.302647
vt 0.233941 0.875210
vt 0.234377 0.875371
vt 0.234011 0.875625
vt 0.268997 0.734884
vt 0.268656 0.735221
vt 0.268783 0.734685
vt 0.271591 0.736152
vt 0.272026 0.736699
vt 0.271542 0.736750
vt 0.234090 0.874863
vt 0.233908 0.874491
vt 0.234313 0.874639
vt 0.237110 0.873734
vt 0.237443 0.874012
vt 0.237129 0.874041
vt 0.015085 0.287347
vt 0.011911 0.284563
vt 0.012330 0.284550
vt 0.012152 0.285052
vt 0.011667 0.281160
vt 0.011865 0.280885
vt 0.012074 0.281007
vt 0.031596 0.290824
vt 0.031943 0.290323
vt 0.032091 0.290771
vt 0.020888 0.286974
vt 0.021260 0.287211
vt 0.020747 0.287498
vt 0.027676 0.289829
vt 0.027820 0.290365
vt 0.027225 0.290189
vt 0.031216 0.280059
vt 0.030703 0.279919
vt 0.030953 0.279621
vt 0.156038 0.895603
vt 0.156128 0.896058
vt 0.155550 0.895463
vt 0.247907 0.899830
vt 0.244010 0.903975
vt 0.247938 0.905555
vt 0.251866 0.907136
vt 0.169236 0.891478
vt 0.169213 0.891103
vt 0.169568 0.891267
vt 0.167207 0.894009
vt 0.166768 0.894056
vt 0.166973 0.893583
vt 0.168658 0.892544
vt 0.168463 0.892922
vt 0.168369 0.892544
vt 0.034900 0.286517
vt 0.034656 0.286323
vt 0.034723 0.286030
vt 0.161064 0.891277
vt 0.160973 0.890920
vt 0.038198 0.289612
vt 0.038507 0.289612
vt 0.038363 0.290119
vt 0.037913 0.291768
vt 0.037834 0.291070
vt 0.038262 0.291467
vt 0.032953 0.291224
vt 0.033192 0.291805
vt 0.032684 0.291548
vt 0.037890 0.287956
vt 0.037895 0.287313
vt 0.038097 0.287802
vt 0.293242 0.857969
vt 0.293041 0.858720
vt 0.292759 0.858340
vt 0.164129 0.885011
vt 0.163700 0.884828
vt 0.164143 0.884396
vt 0.217574 0.495910
vt 0.217386 0.495353
vt 0.217942 0.495472
vt 0.219074 0.498134
vt 0.218681 0.498244
vt 0.218998 0.497700
vt 0.216173 0.492400
vt 0.217471 0.496255
vt 0.217696 0.496471
vt 0.216126 0.493280
vt 0.216298 0.493024
vt 0.210253 0.493018
vt 0.210361 0.492632
vt 0.210791 0.493133
vt 0.209384 0.494654
vt 0.209097 0.494807
vt 0.209171 0.494516
vt 0.204125 0.496173
vt 0.204577 0.496164
vt 0.204351 0.496599
vt 0.023619 0.279729
vt 0.024040 0.280154
vt 0.023437 0.280031
vt 0.023696 0.280911
vt 0.024069 0.280693
vt 0.024224 0.281239
vt 0.320038 0.512933
vt 0.319739 0.513228
vt 0.319650 0.512925
vt 0.024803 0.279345
vt 0.024502 0.279585
vt 0.024251 0.279220
vt 0.025523 0.280072
vt 0.025258 0.279852
vt 0.025318 0.279626
vt 0.024423 0.280850
vt 0.024668 0.281045
vt 0.317009 0.516301
vt 0.316513 0.516340
vt 0.316831 0.515890
vt 0.241782 0.093032
vt 0.242043 0.093175
vt 0.241920 0.093466
vt 0.240001 0.094505
vt 0.239594 0.094687
vt 0.239692 0.094335
vt 0.239457 0.094401
vt 0.239268 0.094606
vt 0.239649 0.095146
vt 0.239296 0.094978
vt 0.007389 0.279665
vt 0.007052 0.280194
vt 0.006908 0.279893
vt 0.011032 0.286538
vt 0.010675 0.286944
vt 0.010536 0.286535
vt 0.006547 0.289010
vt 0.006158 0.289070
vt 0.006469 0.288664
vt 0.174985 0.030564
vt 0.175237 0.030206
vt 0.175488 0.030656
vt 0.177608 0.019464
vt 0.177622 0.019020
vt 0.178137 0.019127
vt 0.002850 0.286582
vt 0.002561 0.287039
vt 0.002529 0.286530
vt 0.037057 0.035902
vt 0.037716 0.035902
vt 0.037662 0.036428
vt 0.282918 0.458945
vt 0.282702 0.459189
vt 0.282465 0.458767
vt 0.282589 0.462523
vt 0.283219 0.462544
vt 0.283027 0.463148
vt 0.278043 0.460995
vt 0.277627 0.461162
vt 0.277424 0.460441
vt 0.241068 0.987814
vt 0.240119 0.988354
vt 0.241998 0.989141
vt 0.279134 0.458238
vt 0.279544 0.458285
vt 0.279633 0.458671
vt 0.325329 0.281676
vt 0.326382 0.281416
vt 0.325762 0.282265
vt 0.205516 0.752312
vt 0.205190 0.752249
vt 0.205763 0.751930
vt 0.290971 0.551243
vt 0.291501 0.551350
vt 0.291175 0.551633
vt 0.290685 0.552185
vt 0.290318 0.551956
vt 0.290777 0.552052
vt 0.280497 0.260365
vt 0.280486 0.259833
vt 0.280827 0.260111
vt 0.170413 0.021310
vt 0.170718 0.021636
vt 0.170246 0.021575
vt 0.208897 0.777672
vt 0.208381 0.778238
vt 0.208350 0.777798
vt 0.095968 0.469082
vt 0.096110 0.469361
vt 0.095881 0.469528
vt 0.208806 0.783394
vt 0.208247 0.783347
vt 0.208729 0.782904
vt 0.208494 0.782514
vt 0.208912 0.782400
vt 0.284348 0.776003
vt 0.284441 0.775494
vt 0.284961 0.775799
vt 0.369820 0.194940
vt 0.369927 0.194559
vt 0.370430 0.194869
vt 0.369254 0.194068
vt 0.369432 0.193773
vt 0.370014 0.194100
vt 0.282810 0.774346
vt 0.283200 0.774646
vt 0.282730 0.774694
vt 0.282462 0.774128
vt 0.282286 0.774594
vt 0.300632 0.233692
vt 0.301003 0.233270
vt 0.301310 0.233865
vt 0.301264 0.230193
vt 0.301761 0.230116
vt 0.301548 0.230561
vt 0.093173 0.468091
vt 0.092683 0.468414
vt 0.092822 0.467958
vt 0.108063 0.523566
vt 0.107637 0.523487
vt 0.108094 0.523242
vt 0.213087 0.784280
vt 0.212521 0.784538
vt 0.212538 0.783921
vt 0.169251 0.024612
vt 0.169266 0.024075
vt 0.169595 0.024398
vt 0.217582 0.777352
vt 0.217993 0.777551
vt 0.217552 0.777693
vt 0.217035 0.781510
vt 0.216849 0.781897
vt 0.216609 0.781461
vt 0.162686 0.019292
vt 0.163034 0.018826
vt 0.163101 0.019381
vt 0.166929 0.018428
vt 0.167024 0.017950
vt 0.167403 0.018326
vt 0.278194 0.255558
vt 0.278311 0.255341
vt 0.278547 0.255663
vt 0.093944 0.383509
vt 0.093410 0.383528
vt 0.093526 0.383041
vt 0.107404 0.538484
vt 0.107083 0.538375
vt 0.107349 0.537995
vt 0.109794 0.533633
vt 0.109745 0.533972
vt 0.109356 0.533816
vt 0.109113 0.535124
vt 0.109666 0.534871
vt 0.109645 0.535317
vt 0.110876 0.535114
vt 0.111218 0.534879
vt 0.111278 0.535324
vt 0.108914 0.529296
vt 0.109259 0.529635
vt 0.108857 0.529689
vt 0.110306 0.527568
vt 0.109926 0.527078
vt 0.110475 0.526856
vt 0.113758 0.527568
vt 0.113488 0.527870
vt 0.113130 0.527672
vt 0.110688 0.536681
vt 0.110395 0.536204
vt 0.110877 0.536155
vt 0.111319 0.536044
vt 0.111252 0.536560
vt 0.093959 0.389955
vt 0.093743 0.389519
vt 0.094199 0.389610
vt 0.090995 0.389960
vt 0.091429 0.389802
vt 0.091208 0.390411
vt 0.090914 0.390797
vt 0.090731 0.390339
vt 0.090797 0.395818
vt 0.091057 0.395811
vt 0.090926 0.396138
vt 0.092335 0.383919
vt 0.092307 0.384457
vt 0.091936 0.383952
vt 0.092757 0.384127
vt 0.093186 0.384520
vt 0.092776 0.384590
vt 0.091414 0.381322
vt 0.091438 0.381068
vt 0.091752 0.381253
vt 0.108541 0.523506
vt 0.108562 0.523202
vt 0.109032 0.523329
vt 0.342763 0.076035
vt 0.342399 0.075882
vt 0.342821 0.075621
vt 0.082358 0.707391
vt 0.082211 0.707054
vt 0.082569 0.707109
vt 0.124239 0.533256
vt 0.124176 0.533740
vt 0.123891 0.533534
vt 0.122333 0.535361
vt 0.122749 0.534966
vt 0.123124 0.535671
vt 0.122862 0.523879
vt 0.123445 0.523887
vt 0.122860 0.524364
vt 0.121606 0.532227
vt 0.121532 0.531810
vt 0.121855 0.531905
vt 0.124088 0.524630
vt 0.124285 0.525682
vt 0.123604 0.525233
vt 0.004454 0.304974
vt 0.004551 0.304702
vt 0.004870 0.305094
vt 0.129634 0.534772
vt 0.129294 0.534580
vt 0.129763 0.534317
vt 0.122375 0.536494
vt 0.122278 0.536019
vt 0.122755 0.536148
vt 0.082763 0.705623
vt 0.082234 0.705538
vt 0.082552 0.705213
vt 0.082926 0.705330
vt 0.083389 0.705389
vt 0.043698 0.130854
vt 0.043673 0.130313
vt 0.044300 0.130445
vt 0.005294 0.291052
vt 0.005653 0.291300
vt 0.005083 0.291449
vt 0.006797 0.297218
vt 0.006476 0.296868
vt 0.006968 0.296819
vt 0.319912 0.345167
vt 0.320217 0.345393
vt 0.320072 0.345523
vt 0.002587 0.301135
vt 0.002866 0.301408
vt 0.002517 0.301329
vt 0.320613 0.345698
vt 0.321027 0.346163
vt 0.320535 0.346143
vt 0.321503 0.346927
vt 0.320888 0.346655
vt 0.321313 0.346510
vt 0.320835 0.347711
vt 0.320506 0.348078
vt 0.320479 0.347426
vt 0.006785 0.297663
vt 0.006356 0.297961
vt 0.006412 0.297569
vt 0.007262 0.297857
vt 0.007634 0.297521
vt 0.007709 0.298011
vt 0.136437 0.902171
vt 0.136847 0.901754
vt 0.137006 0.902296
vt 0.135679 0.901586
vt 0.136072 0.901344
vt 0.136284 0.901693
vt 0.227312 0.456353
vt 0.227423 0.455909
vt 0.227588 0.456214
vt 0.265602 0.745777
vt 0.265268 0.745648
vt 0.265378 0.745327
vt 0.081515 0.722384
vt 0.081648 0.722787
vt 0.081161 0.722646
vt 0.224798 0.452226
vt 0.225176 0.452184
vt 0.224701 0.452486
vt 0.225690 0.881169
vt 0.225775 0.880836
vt 0.226099 0.880710
vt 0.224270 0.880934
vt 0.224983 0.881354
vt 0.224278 0.881697
vt 0.083760 0.886541
vt 0.083446 0.886912
vt 0.083100 0.886784
vt 0.306698 0.299362
vt 0.306958 0.299190
vt 0.306865 0.299727
vt 0.420333 0.974973
vt 0.419777 0.974875
vt 0.419988 0.975592
vt 0.324612 0.320483
vt 0.324333 0.320064
vt 0.324719 0.319849
vt 0.369534 0.116074
vt 0.369820 0.115521
vt 0.370222 0.116205
vt 0.324849 0.317779
vt 0.324514 0.317900
vt 0.324798 0.317306
vt 0.127279 0.543456
vt 0.127665 0.543300
vt 0.127551 0.543718
vt 0.126705 0.542779
vt 0.127059 0.542886
vt 0.126600 0.543394
vt 0.127053 0.543253
vt 0.126923 0.543584
vt 0.285128 0.100178
vt 0.285435 0.100075
vt 0.285583 0.100417
vt 0.074786 0.722156
vt 0.074232 0.722378
vt 0.074275 0.721754
vt 0.076194 0.721244
vt 0.076087 0.720687
vt 0.076574 0.720675
vt 0.260256 0.751176
vt 0.260663 0.751437
vt 0.260178 0.751729
vt 0.281612 0.104010
vt 0.281590 0.103645
vt 0.281873 0.103818
vt 0.259409 0.751274
vt 0.259564 0.750856
vt 0.259832 0.751244
vt 0.260582 0.751050
vt 0.260640 0.750700
vt 0.261024 0.751126
vt 0.098768 0.397054
vt 0.098546 0.396867
vt 0.098803 0.396732
vt 0.279993 0.100940
vt 0.280081 0.101280
vt 0.279779 0.101119
vt 0.077133 0.711908
vt 0.077732 0.711621
vt 0.077631 0.712139
vt 0.071271 0.710114
vt 0.071125 0.710587
vt 0.070827 0.710405
vt 0.070830 0.709984
vt 0.070527 0.710279
vt 0.083261 0.707054
vt 0.082936 0.707346
vt 0.082853 0.706996
vt 0.085266 0.710518
vt 0.085151 0.711113
vt 0.084675 0.710737
vt 0.090392 0.718016
vt 0.089920 0.718320
vt 0.089958 0.717835
vt 0.088935 0.718294
vt 0.088561 0.717936
vt 0.088962 0.717795
vt 0.083348 0.713884
vt 0.083095 0.713443
vt 0.083439 0.713431
vt 0.078623 0.715568
vt 0.078280 0.715493
vt 0.078679 0.715152
vt 0.077648 0.724326
vt 0.077790 0.723864
vt 0.078068 0.724142
vt 0.094157 0.724732
vt 0.093757 0.724752
vt 0.093818 0.724258
vt 0.091969 0.730748
vt 0.091292 0.730877
vt 0.091586 0.730316
vt 0.088247 0.895599
vt 0.088389 0.895310
vt 0.088669 0.895528
vt 0.073924 0.725802
vt 0.073362 0.726223
vt 0.073345 0.725586
vt 0.070895 0.726669
vt 0.070919 0.727320
vt 0.070366 0.726889
vt 0.032549 0.610244
vt 0.032009 0.610175
vt 0.032566 0.609721
vt 0.087157 0.732593
vt 0.087546 0.732419
vt 0.087516 0.732753
vt 0.033387 0.623373
vt 0.033333 0.623891
vt 0.032936 0.623739
vt 0.058459 0.363740
vt 0.058283 0.364241
vt 0.058075 0.363947
vt 0.055599 0.363788
vt 0.056087 0.363897
vt 0.055825 0.364105
vt 0.088957 0.730546
vt 0.088273 0.730662
vt 0.088635 0.730213
vt 0.096900 0.729989
vt 0.096749 0.729475
vt 0.097319 0.729482
vt 0.088667 0.894748
vt 0.088008 0.895270
vt 0.223499 0.464834
vt 0.223664 0.464441
vt 0.093172 0.889742
vt 0.093848 0.889677
vt 0.093675 0.890289
vt 0.222677 0.462968
vt 0.223037 0.462906
vt 0.222960 0.463228
vt 0.093551 0.887857
vt 0.093684 0.888277
vt 0.093343 0.888390
vt 0.325238 0.323574
vt 0.324944 0.323997
vt 0.324910 0.323584
vt 0.067526 0.729489
vt 0.067468 0.729861
vt 0.067004 0.729624
vt 0.079305 0.898705
vt 0.079180 0.898175
vt 0.079916 0.898629
vt 0.064739 0.366840
vt 0.064740 0.366486
vt 0.065084 0.366450
vt 0.326129 0.326610
vt 0.326653 0.326310
vt 0.326560 0.326877
vt 0.315809 0.776235
vt 0.315432 0.776573
vt 0.315507 0.776124
vt 0.081498 0.891283
vt 0.080906 0.891967
vt 0.080964 0.891522
vt 0.089867 0.905462
vt 0.090371 0.905474
vt 0.090154 0.905983
vt 0.108745 0.957057
vt 0.108129 0.957000
vt 0.108287 0.956720
vt 0.107450 0.956504
vt 0.107740 0.956365
vt 0.107774 0.956704
vt 0.099577 0.895626
vt 0.099695 0.896118
vt 0.099372 0.896014
vt 0.185767 0.124852
vt 0.185539 0.125221
vt 0.185281 0.124718
vt 0.229452 0.459745
vt 0.229198 0.459673
vt 0.229358 0.459385
vt 0.232564 0.460578
vt 0.232710 0.461054
vt 0.232319 0.460854
vt 0.182083 0.127233
vt 0.182555 0.126950
vt 0.182428 0.127623
vt 0.113920 0.948500
vt 0.113370 0.948510
vt 0.113065 0.948142
vt 0.112936 0.947633
vt 0.121116 0.954387
vt 0.120505 0.954635
vt 0.120625 0.954112
vt 0.125730 0.951868
vt 0.125592 0.952331
vt 0.125244 0.952104
vt 0.344376 0.543317
vt 0.344514 0.542995
vt 0.344815 0.543228
vt 0.451401 0.930816
vt 0.451688 0.931291
vt 0.451164 0.931161
vt 0.189508 0.125091
vt 0.189995 0.125297
vt 0.189582 0.125565
vt 0.116487 0.942083
vt 0.115956 0.941677
vt 0.116420 0.941563
vt 0.143892 0.902420
vt 0.143381 0.902370
vt 0.143623 0.902010
vt 0.344713 0.803093
vt 0.344550 0.803522
vt 0.344253 0.803297
vt 0.144098 0.898883
vt 0.143865 0.898386
vt 0.144390 0.898399
vt 0.195524 0.116701
vt 0.195226 0.116446
vt 0.195616 0.116256
vt 0.194852 0.116703
vt 0.194422 0.116766
vt 0.194500 0.116212
vt 0.143688 0.898833
vt 0.142448 0.896280
vt 0.141954 0.896615
vt 0.141867 0.896039
vt 0.196339 0.111863
vt 0.195915 0.111843
vt 0.196521 0.111708
vt 0.090590 0.905093
vt 0.090180 0.905116
vt 0.090430 0.904582
vt 0.265326 0.365842
vt 0.265591 0.365888
vt 0.265279 0.366163
vt 0.083781 0.907716
vt 0.084298 0.907342
vt 0.084308 0.907984
vt 0.077633 0.898201
vt 0.078177 0.898173
vt 0.077841 0.898548
vt 0.320183 0.447372
vt 0.321012 0.446368
vt 0.317831 0.448585
vt 0.318804 0.447837
vt 0.071023 0.897988
vt 0.071359 0.897210
vt 0.071586 0.897839
vt 0.073896 0.901624
vt 0.073399 0.901446
vt 0.073785 0.900802
vt 0.262646 0.325320
vt 0.263039 0.325983
vt 0.262082 0.325911
vt 0.259832 0.332176
vt 0.259531 0.331867
vt 0.259946 0.331923
vt 0.081054 0.915168
vt 0.080738 0.915203
vt 0.080607 0.914941
vt 0.262394 0.326916
vt 0.263027 0.327213
vt 0.262685 0.327397
vt 0.079209 0.903988
vt 0.079622 0.903830
vt 0.079591 0.904263
vt 0.230593 0.753134
vt 0.231136 0.753284
vt 0.230835 0.753585
vt 0.094865 0.908179
vt 0.094205 0.907937
vt 0.094706 0.907691
vt 0.099069 0.906883
vt 0.098761 0.907418
vt 0.098675 0.907049
vt 0.119510 0.958743
vt 0.119294 0.959043
vt 0.119197 0.958585
vt 0.231040 0.752912
vt 0.231336 0.752670
vt 0.231388 0.753035
vt 0.083997 0.913972
vt 0.083898 0.914170
vt 0.083580 0.913814
vt 0.260480 0.657683
vt 0.260208 0.657798
vt 0.260192 0.657177
vt 0.272445 0.365097
vt 0.272154 0.364785
vt 0.272457 0.364678
vt 0.255945 0.079660
vt 0.256362 0.079648
vt 0.256046 0.079998
vt 0.254979 0.659719
vt 0.255125 0.659269
vt 0.255415 0.659684
vt 0.261673 0.658177
vt 0.261341 0.658314
vt 0.261414 0.658007
vt 0.260969 0.657946
vt 0.261260 0.657856
vt 0.261143 0.658151
vt 0.261650 0.657544
vt 0.261153 0.657649
vt 0.260142 0.331432
vt 0.259541 0.331392
vt 0.259419 0.331045
vt 0.291917 0.229313
vt 0.292126 0.229496
vt 0.291927 0.229817
vt 0.332955 0.322424
vt 0.332473 0.322569
vt 0.332750 0.322038
vt 0.332472 0.324261
vt 0.332266 0.323878
vt 0.291934 0.223610
vt 0.291892 0.224038
vt 0.291457 0.223863
vt 0.292519 0.227102
vt 0.292671 0.226622
vt 0.293043 0.226805
vt 0.291186 0.228694
vt 0.291580 0.228987
vt 0.291098 0.229191
vt 0.451037 0.980475
vt 0.450571 0.980615
vt 0.450809 0.980204
vt 0.451145 0.979947
vt 0.451503 0.980100
vt 0.365696 0.115407
vt 0.365614 0.115789
vt 0.365299 0.115563
vt 0.366408 0.115971
vt 0.366293 0.116312
vt 0.365985 0.116044
vt 0.257072 0.655333
vt 0.257337 0.655458
vt 0.257306 0.655752
vt 0.257998 0.657432
vt 0.258326 0.657416
vt 0.258168 0.657624
vt 0.258123 0.077780
vt 0.257978 0.077340
vt 0.258486 0.077390
vt 0.258355 0.074288
vt 0.258533 0.074062
vt 0.258706 0.074309
vt 0.274123 0.497154
vt 0.273756 0.497091
vt 0.273860 0.496734
vt 0.153143 0.896517
vt 0.153483 0.896932
vt 0.153015 0.896980
vt 0.367162 0.956775
vt 0.367729 0.956504
vt 0.367821 0.956844
vt 0.156066 0.899265
vt 0.155737 0.899677
vt 0.155756 0.899284
vt 0.153305 0.897822
vt 0.152860 0.897543
vt 0.153448 0.897467
vt 0.345907 0.802637
vt 0.345576 0.803094
vt 0.345423 0.802856
vt 0.353228 0.926460
vt 0.353373 0.926826
vt 0.353026 0.926953
vt 0.269274 0.500821
vt 0.269773 0.500852
vt 0.269695 0.501117
vt 0.269643 0.498856
vt 0.269579 0.498426
vt 0.051131 0.119197
vt 0.051690 0.119179
vt 0.051469 0.119538
vt 0.346290 0.781263
vt 0.346244 0.781784
vt 0.346052 0.781255
vt 0.344957 0.784787
vt 0.345043 0.785328
vt 0.344776 0.785129
vt 0.130537 0.951608
vt 0.130212 0.951903
vt 0.130124 0.951445
vt 0.344425 0.784121
vt 0.344644 0.784545
vt 0.344206 0.784543
vt 0.344359 0.784892
vt 0.344531 0.785138
vt 0.324989 0.690098
vt 0.325514 0.690362
vt 0.325163 0.690535
vt 0.274359 0.832756
vt 0.273898 0.832854
vt 0.274064 0.832378
vt 0.274150 0.833134
vt 0.274504 0.833196
vt 0.366377 0.572547
vt 0.366236 0.572933
vt 0.366114 0.572507
vt 0.273334 0.832169
vt 0.273795 0.832098
vt 0.273630 0.832488
vt 0.365300 0.573299
vt 0.365000 0.572983
vt 0.365270 0.572874
vt 0.281950 0.569313
vt 0.281526 0.569103
vt 0.281942 0.568732
vt 0.062020 0.121945
vt 0.061610 0.121748
vt 0.061967 0.121591
vt 0.286071 0.566342
vt 0.285954 0.566668
vt 0.285653 0.566350
vt 0.226015 0.619371
vt 0.225645 0.618996
vt 0.226095 0.618945
vt 0.229423 0.610894
vt 0.229790 0.611119
vt 0.229493 0.611431
vt 0.285979 0.565560
vt 0.286097 0.565268
vt 0.286073 0.565825
vt 0.343033 0.316975
vt 0.343404 0.317369
vt 0.342916 0.317384
vt 0.235179 0.619145
vt 0.235628 0.619187
vt 0.235297 0.619624
vt 0.234900 0.614690
vt 0.235310 0.614680
vt 0.235179 0.615178
vt 0.012717 0.143408
vt 0.012783 0.143018
vt 0.013133 0.143364
vt 0.307372 0.249101
vt 0.307219 0.248593
vt 0.307732 0.248837
vt 0.624434 0.950327
vt 0.624270 0.950758
vt 0.623871 0.950376
vt 0.308202 0.249048
vt 0.307864 0.249337
vt 0.406712 0.908560
vt 0.405709 0.907763
vt 0.406641 0.910003
vt 0.469063 0.913364
vt 0.469040 0.913024
vt 0.469460 0.913272
vt 0.469469 0.913624
vt 0.228931 0.611184
vt 0.307661 0.248405
vt 0.308087 0.248588
vt 0.308147 0.247700
vt 0.307873 0.247753
vt 0.308078 0.247394
vt 0.007109 0.137877
vt 0.008011 0.137687
vt 0.007764 0.138060
vt 0.376986 0.931713
vt 0.375749 0.931711
vt 0.371063 0.956994
vt 0.370732 0.957298
vt 0.370638 0.956957
vt 0.014593 0.123717
vt 0.014459 0.124259
vt 0.013992 0.123897
vt 0.372086 0.957997
vt 0.371830 0.957553
vt 0.372200 0.957521
vt 0.311080 0.245809
vt 0.311127 0.245498
vt 0.311444 0.245640
vt 0.054439 0.114845
vt 0.054458 0.115225
vt 0.053978 0.115040
vt 0.318410 0.024031
vt 0.318085 0.024359
vt 0.317810 0.023992
vt 0.318646 0.023208
vt 0.319098 0.023375
vt 0.319064 0.023753
vt 0.223977 0.620514
vt 0.224398 0.620162
vt 0.224327 0.620607
vt 0.225051 0.619139
vt 0.225566 0.619507
vt 0.291412 0.223330
vt 0.291689 0.222988
vt 0.291995 0.223200
vt 0.344596 0.316235
vt 0.344166 0.315932
vt 0.344588 0.315866
vt 0.376092 0.932259
vt 0.375538 0.932562
vt 0.357593 0.163817
vt 0.356921 0.164146
vt 0.357721 0.164609
vt 0.343194 0.148491
vt 0.343616 0.148820
vt 0.343190 0.149188
vt 0.374506 0.728211
vt 0.374875 0.728800
vt 0.375069 0.728102
vt 0.047258 0.071289
vt 0.047294 0.070723
vt 0.047585 0.071054
vt 0.045976 0.073228
vt 0.045836 0.072666
vt 0.046402 0.072752
vt 0.354625 0.486924
vt 0.354887 0.487309
vt 0.354428 0.487646
vt 0.293040 0.850170
vt 0.292851 0.849791
vt 0.293196 0.849786
vt 0.341990 0.874068
vt 0.342114 0.873613
vt 0.342375 0.873970
vt 0.334676 0.637556
vt 0.334938 0.637377
vt 0.334945 0.637690
vt 0.336292 0.506574
vt 0.336762 0.506059
vt 0.336849 0.506761
vt 0.348997 0.707262
vt 0.349540 0.707537
vt 0.349065 0.707671
vt 0.354806 0.606446
vt 0.354390 0.606601
vt 0.354219 0.606117
vt 0.328620 0.371059
vt 0.328141 0.370757
vt 0.328635 0.370420
vt 0.324067 0.180246
vt 0.323861 0.180610
vt 0.323773 0.180285
vt 0.355180 0.605379
vt 0.354735 0.605393
vt 0.354896 0.605145
vt 0.358179 0.453868
vt 0.358499 0.453992
vt 0.358182 0.454278
vt 0.358481 0.454492
vt 0.350709 0.764799
vt 0.351215 0.765037
vt 0.350770 0.765350
vt 0.372789 0.761311
vt 0.373020 0.761755
vt 0.373316 0.761348
vt 0.324183 0.398767
vt 0.324375 0.398347
vt 0.324765 0.398514
vt 0.369610 0.149829
vt 0.370157 0.149684
vt 0.369901 0.150127
vt 0.318642 0.769521
vt 0.318451 0.769975
vt 0.317960 0.769697
vt 0.373593 0.109269
vt 0.373197 0.109629
vt 0.038162 0.157923
vt 0.037617 0.158087
vt 0.038003 0.157557
vt 0.338195 0.844361
vt 0.337900 0.844337
vt 0.338288 0.844097
vt 0.368811 0.152394
vt 0.368590 0.152490
vt 0.368653 0.152117
vt 0.338203 0.060666
vt 0.338203 0.060036
vt 0.338667 0.060096
vt 0.369840 0.225756
vt 0.370118 0.226117
vt 0.369664 0.226198
vt 0.318547 0.760834
vt 0.318449 0.760586
vt 0.318730 0.760728
vt 0.318354 0.766026
vt 0.317808 0.766032
vt 0.318065 0.765803
vt 0.319251 0.762377
vt 0.319563 0.762650
vt 0.318868 0.762819
vt 0.367655 0.579009
vt 0.367371 0.579250
vt 0.367367 0.578919
vt 0.319128 0.753986
vt 0.319643 0.753837
vt 0.319343 0.754477
vt 0.205460 0.928080
vt 0.204823 0.928230
vt 0.205017 0.927709
vt 0.253693 0.106498
vt 0.254316 0.106667
vt 0.253829 0.107005
vt 0.253993 0.107347
vt 0.254334 0.107514
vt 0.253930 0.107750
vt 0.319012 0.770101
vt 0.319196 0.769702
vt 0.319346 0.770256
vt 0.040503 0.133856
vt 0.040400 0.133961
vt 0.040222 0.133921
vt 0.323651 0.175352
vt 0.323426 0.175143
vt 0.323816 0.174932
vt 0.366283 0.732554
vt 0.366459 0.731955
vt 0.366807 0.732200
vt 0.358120 0.454740
vt 0.357856 0.454426
vt 0.354442 0.605634
vt 0.354745 0.605790
vt 0.367456 0.672919
vt 0.367146 0.672686
vt 0.367409 0.672645
vt 0.359365 0.448740
vt 0.359083 0.449010
vt 0.359016 0.448560
vt 0.326578 0.367759
vt 0.326339 0.367406
vt 0.326918 0.367314
vt 0.318994 0.452124
vt 0.319396 0.452273
vt 0.319121 0.452539
vt 0.366710 0.520821
vt 0.366239 0.521066
vt 0.366108 0.520736
vt 0.332924 0.636322
vt 0.333087 0.635922
vt 0.333357 0.636514
vt 0.311134 0.256747
vt 0.311414 0.256648
vt 0.311124 0.257306
vt 0.411060 0.924152
vt 0.411583 0.924166
vt 0.411416 0.923674
vt 0.279633 0.009591
vt 0.279199 0.009482
vt 0.279479 0.009168
vt 0.350195 0.916741
vt 0.350580 0.916679
vt 0.350535 0.917077
vt 0.246017 0.125409
vt 0.245663 0.125423
vt 0.245682 0.125167
vt 0.257354 0.003860
vt 0.257704 0.003783
vt 0.257529 0.004074
vt 0.319141 0.198961
vt 0.318851 0.198492
vt 0.319411 0.198324
vt 0.320092 0.199408
vt 0.319941 0.199005
vt 0.320369 0.199072
vt 0.243438 0.386878
vt 0.243954 0.387551
vt 0.243484 0.387780
vt 0.246398 0.389376
vt 0.246029 0.389303
vt 0.246328 0.389008
vt 0.245192 0.121787
vt 0.245282 0.122263
vt 0.245000 0.122124
vt 0.412126 0.923920
vt 0.243269 0.120038
vt 0.243438 0.119474
vt 0.243784 0.119886
vt 0.242163 0.120024
vt 0.241971 0.119710
vt 0.242310 0.119794
vt 0.193889 0.013523
vt 0.194391 0.013329
vt 0.194339 0.013871
vt 0.667801 0.918773
vt 0.668167 0.918985
vt 0.667690 0.919069
vt 0.243275 0.117630
vt 0.243735 0.117614
vt 0.243425 0.118032
vt 0.211761 0.576048
vt 0.212093 0.575661
vt 0.212407 0.576164
vt 0.328117 0.424061
vt 0.328655 0.424628
vt 0.328054 0.424435
vt 0.208218 0.926009
vt 0.207698 0.925806
vt 0.208192 0.925484
vt 0.254925 0.094202
vt 0.255063 0.093883
vt 0.255422 0.094122
vt 0.254538 0.093805
vt 0.254626 0.094098
vt 0.254090 0.094193
vt 0.801346 0.906227
vt 0.801435 0.905947
vt 0.801537 0.906474
vt 0.212510 0.918838
vt 0.212546 0.918350
vt 0.212950 0.918601
vt 0.215244 0.916007
vt 0.215613 0.916057
vt 0.215543 0.916440
vt 0.208757 0.922324
vt 0.209179 0.922337
vt 0.208649 0.922778
vt 0.301765 0.844327
vt 0.302146 0.844017
vt 0.302174 0.844407
vt 0.300509 0.844926
vt 0.300041 0.844864
vt 0.300327 0.844652
vt 0.310915 0.251880
vt 0.311144 0.252175
vt 0.310653 0.252242
vt 0.312971 0.251016
vt 0.312887 0.250773
vt 0.313183 0.250764
vt 0.363927 0.609287
vt 0.364055 0.608839
vt 0.364268 0.609367
vt 0.234023 0.447787
vt 0.234285 0.447388
vt 0.234579 0.447717
vt 0.341069 0.906057
vt 0.341309 0.906479
vt 0.340885 0.906598
vt 0.370240 0.470452
vt 0.369830 0.470673
vt 0.369899 0.470243
vt 0.207967 0.412235
vt 0.208123 0.412059
vt 0.208143 0.412453
vt 0.046088 0.285905
vt 0.046610 0.285753
vt 0.046564 0.286232
vt 0.053064 0.325598
vt 0.053432 0.325640
vt 0.053062 0.325985
vt 0.255891 0.870496
vt 0.255644 0.870061
vt 0.255946 0.869971
vt 0.217437 0.399992
vt 0.217399 0.399449
vt 0.217720 0.399690
vt 0.208843 0.412891
vt 0.208439 0.412797
vt 0.208698 0.412493
vt 0.567584 0.913083
vt 0.567497 0.913417
vt 0.567220 0.913258
vt 0.208567 0.412083
vt 0.216048 0.395773
vt 0.215576 0.395682
vt 0.215888 0.395359
vt 0.290628 0.497639
vt 0.290952 0.497996
vt 0.290346 0.498039
vt 0.339801 0.752013
vt 0.339324 0.751837
vt 0.340041 0.751377
vt 0.291885 0.500360
vt 0.291483 0.500345
vt 0.291932 0.499995
vt 0.289194 0.502355
vt 0.289396 0.502762
vt 0.289072 0.502647
vt 0.300197 0.648397
vt 0.300495 0.648638
vt 0.300034 0.648729
vt 0.299375 0.649639
vt 0.299663 0.649165
vt 0.299913 0.649831
vt 0.309458 0.730080
vt 0.309014 0.729732
vt 0.309321 0.729614
vt 0.308463 0.730976
vt 0.308730 0.731293
vt 0.308431 0.731226
vt 0.332844 0.357031
vt 0.332933 0.357579
vt 0.332746 0.357381
vt 0.208848 0.356374
vt 0.208412 0.356740
vt 0.208342 0.356413
vt 0.242254 0.023482
vt 0.241737 0.023228
vt 0.241971 0.023042
vt 0.241465 0.022744
vt 0.241280 0.022316
vt 0.241654 0.022628
vt 0.244408 0.023376
vt 0.245010 0.023665
vt 0.244721 0.023792
vt 0.247643 0.021324
vt 0.247523 0.020790
vt 0.248042 0.021034
vt 0.245124 0.016845
vt 0.245246 0.016473
vt 0.245534 0.016766
vt 0.242451 0.018441
vt 0.242050 0.018060
vt 0.242284 0.018016
vt 0.203013 0.354969
vt 0.202921 0.355270
vt 0.202618 0.355168
vt 0.145314 0.425766
vt 0.145384 0.426223
vt 0.144901 0.426140
vt 0.211040 0.341276
vt 0.210443 0.340897
vt 0.210991 0.340857
vt 0.215047 0.341981
vt 0.215096 0.341599
vt 0.215392 0.341821
vt 0.325532 0.434824
vt 0.325531 0.435383
vt 0.325204 0.435488
vt 0.326100 0.433892
vt 0.325755 0.434289
vt 0.325647 0.433894
vt 0.267914 0.911842
vt 0.267622 0.912059
vt 0.267524 0.911642
vt 0.338739 0.744756
vt 0.338249 0.744827
vt 0.338488 0.744545
vt 0.212686 0.341693
vt 0.212882 0.342080
vt 0.212438 0.342091
vt 0.268080 0.913565
vt 0.268426 0.913228
vt 0.268516 0.913490
vt 0.268322 0.913041
vt 0.268583 0.912846
vt 0.268937 0.913184
vt 0.254968 0.480807
vt 0.255105 0.481190
vt 0.254673 0.481231
vt 0.175428 0.594224
vt 0.175090 0.594322
vt 0.175253 0.593827
vt 0.150087 0.420253
vt 0.150217 0.420712
vt 0.149832 0.420592
vt 0.140711 0.418072
vt 0.141637 0.416492
vt 0.141701 0.417072
vt 0.177075 0.593710
vt 0.176788 0.593314
vt 0.177355 0.593139
vt 0.141176 0.416647
vt 0.131475 0.335150
vt 0.131616 0.335446
vt 0.131291 0.335456
vt 0.254781 0.485034
vt 0.254430 0.485151
vt 0.254723 0.484595
vt 0.273505 0.906990
vt 0.273299 0.907191
vt 0.273238 0.906961
vt 0.255354 0.485662
vt 0.254875 0.485901
vt 0.255253 0.485382
vt 0.253972 0.485382
vt 0.254249 0.485583
vt 0.254031 0.485837
vt 0.205297 0.225679
vt 0.205154 0.225276
vt 0.205698 0.225495
vt 0.275690 0.909160
vt 0.275749 0.909467
vt 0.275307 0.909277
vt 0.207909 0.223540
vt 0.208605 0.223435
vt 0.208488 0.223804
vt 0.208522 0.225618
vt 0.209008 0.225415
vt 0.209129 0.225874
vt 0.208658 0.225949
vt 0.074119 0.433234
vt 0.074412 0.433354
vt 0.073879 0.433634
vt 0.074633 0.432966
vt 0.074331 0.433003
vt 0.261295 0.483099
vt 0.260973 0.483203
vt 0.261039 0.482899
vt 0.218340 0.229519
vt 0.217774 0.229522
vt 0.217847 0.229008
vt 0.217516 0.397665
vt 0.217087 0.397734
vt 0.217070 0.397132
vt 0.075383 0.439719
vt 0.075515 0.439195
vt 0.075694 0.439600
vt 0.217901 0.396773
vt 0.217483 0.396364
vt 0.217922 0.396328
vt 0.076613 0.439871
vt 0.076164 0.440100
vt 0.076087 0.439532
vt 0.083082 0.430981
vt 0.082917 0.430656
vt 0.083363 0.430669
vt 0.224504 0.504632
vt 0.224615 0.503302
vt 0.225428 0.504365
vt 0.258474 0.477129
vt 0.257881 0.477182
vt 0.258391 0.476356
vt 0.259538 0.478917
vt 0.259206 0.479077
vt 0.259152 0.478766
vt 0.300212 0.401418
vt 0.299823 0.401648
vt 0.299923 0.401192
vt 0.232529 0.503836
vt 0.229526 0.502113
vt 0.232551 0.501417
vt 0.079841 0.425053
vt 0.080340 0.424887
vt 0.080279 0.425146
vt 0.144573 0.585443
vt 0.144274 0.585701
vt 0.144268 0.585050
vt 0.083886 0.435468
vt 0.083575 0.435010
vt 0.084200 0.434988
vt 0.084456 0.432443
vt 0.084548 0.432145
vt 0.084841 0.432401
vt 0.217407 0.381259
vt 0.217717 0.381489
vt 0.217397 0.381668
vt 0.212512 0.380385
vt 0.212413 0.380773
vt 0.212134 0.380575
vt 0.210106 0.383977
vt 0.209773 0.384350
vt 0.209545 0.383962
vt 0.206958 0.387183
vt 0.207236 0.387157
vt 0.207120 0.387578
vt 0.191544 0.664155
vt 0.191238 0.664649
vt 0.191059 0.664164
vt 0.190370 0.664532
vt 0.189988 0.664202
vt 0.190422 0.664109
vt 0.218085 0.570304
vt 0.217848 0.570588
vt 0.217761 0.570236
vt 0.192741 0.669770
vt 0.192927 0.669302
vt 0.193188 0.669624
vt 0.211443 0.630095
vt 0.211511 0.629618
vt 0.211846 0.629964
vt 0.210429 0.629080
vt 0.210326 0.629578
vt 0.209920 0.629170
vt 0.350780 0.915559
vt 0.350337 0.915508
vt 0.350587 0.915165
vt 0.213264 0.628095
vt 0.213740 0.628360
vt 0.213311 0.628498
vt 0.183478 0.819297
vt 0.182964 0.819434
vt 0.183200 0.819004
vt 0.193678 0.668987
vt 0.193352 0.668401
vt 0.193905 0.668457
vt 0.193242 0.670669
vt 0.193209 0.671084
vt 0.192800 0.670922
vt 0.048672 0.402655
vt 0.048386 0.402871
vt 0.048305 0.402468
vt 0.186121 0.826233
vt 0.185767 0.825930
vt 0.186008 0.825485
vt 0.360234 0.772951
vt 0.360437 0.773348
vt 0.359865 0.773488
vt 0.046725 0.403387
vt 0.046923 0.403129
vt 0.047061 0.403488
vt 0.183100 0.814662
vt 0.182860 0.815127
vt 0.182542 0.814829
vt 0.150337 0.590493
vt 0.150787 0.590517
vt 0.150320 0.590851
vt 0.145207 0.589494
vt 0.145450 0.588960
vt 0.145744 0.589524
vt 0.149953 0.590321
vt 0.150220 0.589912
vt 0.150610 0.590119
vt 0.213366 0.624382
vt 0.213609 0.624030
vt 0.213819 0.624456
vt 0.143245 0.591343
vt 0.143523 0.591734
vt 0.143143 0.591846
vt 0.213758 0.623591
vt 0.214103 0.624020
vt 0.214157 0.623649
vt 0.215240 0.623418
vt 0.215029 0.623029
vt 0.215355 0.623041
vt 0.213174 0.624015
vt 0.212132 0.625173
vt 0.211704 0.624949
vt 0.212051 0.624757
vt 0.210358 0.618935
vt 0.210025 0.619112
vt 0.209994 0.618764
vt 0.213607 0.620114
vt 0.213849 0.620496
vt 0.213379 0.620351
vt 0.142696 0.591738
vt 0.142777 0.592202
vt 0.203386 0.470152
vt 0.203755 0.469842
vt 0.203975 0.470264
vt 0.144156 0.594202
vt 0.144623 0.594235
vt 0.144171 0.594447
vt 0.204696 0.470251
vt 0.204921 0.469837
vt 0.205245 0.470082
vt 0.344938 0.570629
vt 0.344644 0.571071
vt 0.344656 0.570261
vt 0.106771 0.069099
vt 0.106254 0.069279
vt 0.106557 0.068894
vt 0.302110 0.473756
vt 0.301747 0.474264
vt 0.301599 0.473754
vt 0.209316 0.619031
vt 0.319600 0.897666
vt 0.320049 0.897651
vt 0.319738 0.898026
vt 0.320462 0.897802
vt 0.320586 0.898195
vt 0.095276 0.439023
vt 0.095219 0.439598
vt 0.094882 0.438911
vt 0.095841 0.439384
vt 0.095629 0.438969
vt 0.096091 0.439375
vt 0.261898 0.675174
vt 0.262096 0.674824
vt 0.262277 0.675032
vt 0.205335 0.630701
vt 0.204908 0.630656
vt 0.205139 0.630245
vt 0.044363 0.199851
vt 0.044040 0.200300
vt 0.044476 0.200430
vt 0.337589 0.837928
vt 0.337582 0.838504
vt 0.338466 0.838380
vt 0.258251 0.682004
vt 0.258131 0.681535
vt 0.258637 0.681458
vt 0.048381 0.198752
vt 0.047281 0.197817
vt 0.047076 0.199653
vt 0.193508 0.013220
vt 0.193189 0.012872
vt 0.193625 0.012889
vt 0.301330 0.474357
vt 0.301176 0.474036
vt 0.188088 0.986206
vt 0.186932 0.986071
vt 0.186537 0.986221
vt 0.318191 0.896325
vt 0.318331 0.897044
vt 0.317726 0.897332
vt 0.317181 0.899071
vt 0.318026 0.899034
vt 0.317629 0.899307
vt 0.192513 0.985382
vt 0.193849 0.986737
vt 0.195149 0.986436
vt 0.245830 0.377900
vt 0.245622 0.378054
vt 0.245722 0.377600
vt 0.242057 0.379188
vt 0.242536 0.379503
vt 0.241940 0.379884
vt 0.241076 0.117948
vt 0.241210 0.117599
vt 0.241451 0.117829
vt 0.352712 0.036742
vt 0.352808 0.036234
vt 0.353099 0.036557
vt 0.414805 0.959341
vt 0.414674 0.959687
vt 0.414490 0.959520
vt 0.353536 0.036278
vt 0.353410 0.036669
vt 0.211582 0.572466
vt 0.211294 0.572753
vt 0.211410 0.572135
vt 0.196929 0.024811
vt 0.197445 0.024547
vt 0.197200 0.025053
vt 0.292677 0.250807
vt 0.292292 0.250687
vt 0.292616 0.250478
vt 0.373217 0.157205
vt 0.373049 0.156836
vt 0.373428 0.156924
vt 0.241846 0.382950
vt 0.242336 0.383047
vt 0.241822 0.383519
vt 0.058577 0.336546
vt 0.058458 0.336132
vt 0.058780 0.336160
vt 0.363495 0.604293
vt 0.363084 0.604166
vt 0.363259 0.603890
vt 0.362735 0.603681
vt 0.188678 0.022156
vt 0.188833 0.021879
vt 0.189168 0.022189
vt 0.337575 0.478583
vt 0.337191 0.478531
vt 0.337439 0.478222
vt 0.198104 0.023164
vt 0.197832 0.023619
vt 0.197646 0.023132
vt 0.193872 0.014095
vt 0.193535 0.014333
vt 0.193547 0.013877
vt 0.193725 0.018839
vt 0.193850 0.018301
vt 0.194127 0.018786
vt 0.369577 0.542543
vt 0.369900 0.542258
vt 0.369929 0.542728
vt 0.303434 0.632160
vt 0.303745 0.632223
vt 0.303312 0.632427
vt 0.188899 0.013987
vt 0.189444 0.013915
vt 0.189255 0.014404
vt 0.185471 0.014242
vt 0.185490 0.013652
vt 0.185878 0.014108
vt 0.083673 0.429134
vt 0.083563 0.429543
vt 0.083185 0.429272
vt 0.085030 0.429609
vt 0.085404 0.429222
vt 0.085546 0.429694
vt 0.216639 0.389386
vt 0.216796 0.389903
vt 0.216452 0.389887
vt 0.218263 0.382044
vt 0.218460 0.382294
vt 0.218196 0.382370
vt 0.093825 0.438007
vt 0.093864 0.438655
vt 0.093628 0.438243
vt 0.091062 0.431523
vt 0.091204 0.431222
vt 0.091572 0.431991
vt 0.090402 0.428826
vt 0.090075 0.428950
vt 0.090110 0.428515
vt 0.183868 0.499101
vt 0.182503 0.499139
vt 0.183488 0.499393
vt 0.193069 0.010455
vt 0.192570 0.010392
vt 0.192901 0.009892
vt 0.224433 0.508040
vt 0.225938 0.507727
vt 0.225197 0.508176
vt 0.285081 0.788380
vt 0.283653 0.788565
vt 0.284539 0.789218
vt 0.292286 0.524410
vt 0.288748 0.526543
vt 0.290596 0.528635
vt 0.328519 0.814370
vt 0.327569 0.812431
vt 0.325989 0.812490
vt 0.168250 0.585113
vt 0.168153 0.585667
vt 0.167689 0.585156
vt 0.167980 0.584729
vt 0.168408 0.584519
vt 0.135116 0.422293
vt 0.134971 0.421718
vt 0.135396 0.421897
vt 0.135396 0.418215
vt 0.135139 0.418091
vt 0.135475 0.417876
vt 0.348483 0.746800
vt 0.348912 0.746352
vt 0.348920 0.746881
vt 0.059814 0.460660
vt 0.060305 0.460877
vt 0.059814 0.461226
vt 0.060189 0.461338
vt 0.163609 0.593782
vt 0.163890 0.594066
vt 0.163600 0.594236
vt 0.163946 0.593086
vt 0.164348 0.592628
vt 0.164679 0.593124
vt 0.333301 0.772809
vt 0.333529 0.773044
vt 0.333167 0.773136
vt 0.162241 0.593334
vt 0.161650 0.592751
vt 0.162109 0.592873
vt 0.162318 0.584403
vt 0.162673 0.584352
vt 0.162740 0.584673
vt 0.047172 0.621323
vt 0.047183 0.621723
vt 0.046743 0.621740
vt 0.063721 0.465027
vt 0.063650 0.465530
vt 0.063254 0.465198
vt 0.319437 0.790569
vt 0.319849 0.790248
vt 0.319362 0.790164
vt 0.143190 0.433112
vt 0.143197 0.433517
vt 0.142749 0.433409
vt 0.045809 0.614626
vt 0.045618 0.614885
vt 0.045568 0.614378
vt 0.046942 0.617824
vt 0.046577 0.617617
vt 0.046853 0.617405
vt 0.054406 0.468383
vt 0.054872 0.468545
vt 0.054475 0.468879
vt 0.212442 0.276154
vt 0.212072 0.276082
vt 0.212328 0.275657
vt 0.215656 0.274080
vt 0.216076 0.274245
vt 0.215815 0.274643
vt 0.052015 0.661082
vt 0.051769 0.660550
vt 0.052306 0.660596
vt 0.099927 0.421076
vt 0.099848 0.421283
vt 0.099790 0.421297
vt 0.059044 0.661579
vt 0.059325 0.661266
vt 0.059338 0.661669
vt 0.058841 0.660943
vt 0.058467 0.661466
vt 0.058474 0.660991
vt 0.058885 0.661986
vt 0.062879 0.662293
vt 0.062603 0.662421
vt 0.062622 0.661939
vt 0.064672 0.665327
vt 0.064223 0.665121
vt 0.064480 0.664718
vt 0.270371 0.860956
vt 0.270483 0.860566
vt 0.270797 0.860846
vt 0.319846 0.788974
vt 0.319903 0.788513
vt 0.319269 0.788971
vt 0.270903 0.860443
vt 0.353501 0.801089
vt 0.353585 0.801632
vt 0.353239 0.801491
vt 0.339828 0.542329
vt 0.340316 0.542336
vt 0.339957 0.542816
vt 0.045465 0.294229
vt 0.045411 0.294708
vt 0.045113 0.294199
vt 0.046034 0.293373
vt 0.046459 0.293436
vt 0.046369 0.293804
vt 0.045538 0.293421
vt 0.045852 0.293994
vt 0.254848 0.722232
vt 0.255240 0.722147
vt 0.254922 0.722638
vt 0.767427 0.932068
vt 0.767769 0.931725
vt 0.767854 0.932142
vt 0.240968 0.384273
vt 0.241373 0.383957
vt 0.241551 0.384526
vt 0.243595 0.384716
vt 0.243034 0.384907
vt 0.243170 0.384314
vt 0.336108 0.467438
vt 0.336315 0.468734
vt 0.337200 0.467921
vt 0.241144 0.379470
vt 0.241269 0.380163
vt 0.241827 0.380484
vt 0.255602 0.718935
vt 0.255390 0.719230
vt 0.255300 0.718887
vt 0.530951 0.909187
vt 0.530307 0.909158
vt 0.530575 0.909783
vt 0.253730 0.720851
vt 0.254012 0.720412
vt 0.254206 0.720867
vt 0.256503 0.716319
vt 0.256243 0.716618
vt 0.256093 0.716262
vt 0.202150 0.355176
vt 0.202420 0.355506
vt 0.344899 0.206186
vt 0.345945 0.207416
vt 0.346400 0.206407
vt 0.370289 0.055566
vt 0.369921 0.056043
vt 0.369771 0.054227
vt 0.343180 0.082512
vt 0.341952 0.082614
vt 0.343352 0.083536
vt 0.310630 0.589358
vt 0.310600 0.588153
vt 0.311110 0.588776
vt 0.256395 0.715851
vt 0.255895 0.715884
vt 0.424324 0.956500
vt 0.424341 0.957125
vt 0.423944 0.956736
vt 0.348554 0.523548
vt 0.348099 0.524102
vt 0.348784 0.524518
vt 0.323740 0.437598
vt 0.324058 0.437812
vt 0.323785 0.438141
vt 0.310259 0.821529
vt 0.309679 0.821587
vt 0.309928 0.821103
vt 0.343467 0.816587
vt 0.343256 0.816230
vt 0.343698 0.816227
vt 0.279706 0.031280
vt 0.282710 0.032600
vt 0.282957 0.030786
vt 0.347815 0.523843
vt 0.347600 0.524385
vt 0.056588 0.000655
vt 0.052160 0.000950
vt 0.051488 0.003144
vt 0.351419 0.524041
vt 0.349760 0.523321
vt 0.039830 0.226067
vt 0.040020 0.226707
vt 0.039516 0.226551
vt 0.347656 0.776523
vt 0.350058 0.775490
vt 0.348855 0.777518
vt 0.354917 0.571971
vt 0.354382 0.572606
vt 0.354083 0.571770
vt 0.544198 0.918388
vt 0.545572 0.919543
vt 0.546370 0.918470
vt 0.187942 0.499969
vt 0.186951 0.500579
vt 0.187307 0.501682
vt 0.195017 0.505719
vt 0.190570 0.502812
vt 0.189317 0.507187
vt 0.280478 0.036396
vt 0.280326 0.035178
vt 0.278750 0.036853
vt 0.193822 0.510873
vt 0.194718 0.507007
vt 0.191569 0.509030
vt 0.276889 0.036299
vt 0.283151 0.032950
vt 0.283142 0.034566
vt 0.284472 0.033999
vt 0.284760 0.033816
vt 0.284320 0.033466
vt 0.283591 0.033300
vt 0.258544 0.703606
vt 0.260125 0.704994
vt 0.259487 0.703946
vt 0.306689 0.592353
vt 0.306927 0.591063
vt 0.307183 0.591490
vt 0.279062 0.597298
vt 0.278628 0.596804
vt 0.278892 0.596411
vt 0.594669 0.912627
vt 0.594838 0.912894
vt 0.594460 0.913199
vt 0.373034 0.252917
vt 0.372624 0.252522
vt 0.372746 0.252959
vt 0.339345 0.613395
vt 0.339845 0.613435
vt 0.339512 0.613980
vt 0.463993 0.981494
vt 0.359566 0.598634
vt 0.358598 0.598238
vt 0.358578 0.598822
vt 0.311232 0.055512
vt 0.309179 0.054519
vt 0.310100 0.056173
vt 0.308813 0.056136
vt 0.372435 0.884803
vt 0.373864 0.885974
vt 0.372686 0.883321
vt 0.362680 0.505184
vt 0.362943 0.506315
vt 0.361922 0.506870
vt 0.110999 0.006546
vt 0.112290 0.003532
vt 0.110982 0.004016
vt 0.361093 0.230252
vt 0.363021 0.231887
vt 0.363578 0.229615
vt 0.044826 0.054858
vt 0.044793 0.054122
vt 0.045425 0.054466
vt 0.055046 0.006621
vt 0.059388 0.004892
vt 0.058424 0.007538
vt 0.325670 0.813469
vt 0.324714 0.816404
vt 0.327568 0.814878
vt 0.292799 0.510083
vt 0.291511 0.510240
vt 0.291706 0.509214
vt 0.289731 0.509988
vt 0.290722 0.508408
vt 0.331612 0.565564
vt 0.331953 0.563936
vt 0.330632 0.564088
vt 0.292492 0.507109
vt 0.293731 0.508607
vt 0.293885 0.510094
vt 0.291869 0.511198
vt 0.290937 0.511842
vt 0.064028 0.411378
vt 0.064732 0.411327
vt 0.064515 0.411721
vt 0.065117 0.412063
vt 0.064531 0.412273
vt 0.361142 0.873339
vt 0.363595 0.871962
vt 0.362980 0.873378
vt 0.364191 0.231233
vt 0.063992 0.410861
vt 0.063369 0.411114
vt 0.349223 0.146742
vt 0.349107 0.146319
vt 0.349624 0.146225
vt 0.366296 0.790060
vt 0.367037 0.790086
vt 0.366697 0.789434
vt 0.268298 0.443801
vt 0.267733 0.443942
vt 0.267953 0.443342
vt 0.356012 0.827311
vt 0.353803 0.827533
vt 0.353684 0.829871
vt 0.371926 0.067256
vt 0.373486 0.064812
vt 0.371733 0.065703
vt 0.362887 0.361777
vt 0.359513 0.737697
vt 0.359573 0.736756
vt 0.360414 0.737123
vt 0.337354 0.877911
vt 0.336653 0.876446
vt 0.337286 0.876285
vt 0.046008 0.048255
vt 0.045013 0.048649
vt 0.045041 0.047602
vt 0.348899 0.439868
vt 0.348290 0.439779
vt 0.348373 0.440443
vt 0.350028 0.440310
vt 0.349191 0.440872
vt 0.311149 0.053450
vt 0.309125 0.051329
vt 0.047586 0.167747
vt 0.046001 0.168273
vt 0.049412 0.169522
vt 0.065209 0.646075
vt 0.064643 0.647112
vt 0.062275 0.647167
vt 0.353613 0.625068
vt 0.354716 0.626005
vt 0.352326 0.627488
vt 0.338052 0.240598
vt 0.338182 0.240981
vt 0.337432 0.240939
vt 0.359045 0.600286
vt 0.359701 0.600113
vt 0.359134 0.599430
vt 0.336955 0.878560
vt 0.336381 0.877327
vt 0.340898 0.240201
vt 0.340394 0.240611
vt 0.340477 0.240127
vt 0.369583 0.892447
vt 0.369283 0.891682
vt 0.369951 0.892154
vt 0.361674 0.621483
vt 0.362268 0.622145
vt 0.361305 0.622473
vt 0.362934 0.622311
vt 0.362998 0.621333
vt 0.363582 0.621614
vt 0.316559 0.405711
vt 0.315357 0.406825
vt 0.316677 0.407921
vt 0.374593 0.673097
vt 0.375062 0.673805
vt 0.374507 0.673781
vt 0.611352 0.939389
vt 0.611035 0.939378
vt 0.611594 0.939781
vt 0.466354 0.979395
vt 0.611586 0.939393
vt 0.365971 0.345856
vt 0.366259 0.345668
vt 0.366176 0.346191
vt 0.058170 0.411747
vt 0.058498 0.412350
vt 0.057701 0.412106
vt 0.348381 0.417920
vt 0.348321 0.418638
vt 0.347744 0.418142
vt 0.057410 0.411579
vt 0.056987 0.414129
vt 0.056931 0.413665
vt 0.057387 0.413973
vt 0.354582 0.325040
vt 0.353841 0.324648
vt 0.354336 0.324501
vt 0.351259 0.418428
vt 0.350941 0.418488
vt 0.350859 0.417889
vt 0.432524 0.950404
vt 0.433273 0.950743
vt 0.432821 0.950970
vt 0.063529 0.411569
vt 0.270428 0.449644
vt 0.271180 0.449189
vt 0.270859 0.449949
vt 0.064088 0.411794
vt 0.039980 0.050110
vt 0.039767 0.049376
vt 0.040383 0.049627
vt 0.269955 0.451617
vt 0.269669 0.451290
vt 0.270267 0.450984
vt 0.271156 0.864803
vt 0.271050 0.865235
vt 0.270703 0.864840
vt 0.274900 0.863425
vt 0.275327 0.863500
vt 0.275050 0.864015
vt 0.059786 0.672789
vt 0.060223 0.672406
vt 0.060210 0.672954
vt 0.270403 0.866357
vt 0.270712 0.865979
vt 0.270958 0.866443
vt 0.269697 0.863316
vt 0.269952 0.863390
vt 0.269830 0.863752
vt 0.058575 0.674136
vt 0.058759 0.674339
vt 0.058350 0.674666
vt 0.060906 0.678365
vt 0.060640 0.678204
vt 0.060908 0.677900
vt 0.039283 0.050673
vt 0.038150 0.050921
vt 0.038622 0.050316
vt 0.350205 0.360442
vt 0.350194 0.359659
vt 0.349386 0.359752
vt 0.351537 0.361039
vt 0.350976 0.359601
vt 0.007927 0.135816
vt 0.008114 0.135292
vt 0.008517 0.135953
vt 0.225110 0.444459
vt 0.225597 0.444403
vt 0.225489 0.444644
vt 0.007568 0.135300
vt 0.299686 0.177636
vt 0.300106 0.177564
vt 0.299848 0.177908
vt 0.338822 0.851835
vt 0.338374 0.851636
vt 0.338695 0.851369
vt 0.349280 0.555501
vt 0.349099 0.555821
vt 0.349057 0.555329
vt 0.486913 0.923429
vt 0.487197 0.923350
vt 0.487060 0.923702
vt 0.338493 0.852068
vt 0.339008 0.852453
vt 0.338485 0.852469
vt 0.007144 0.135343
vt 0.004684 0.134698
vt 0.004867 0.134992
vt 0.004345 0.135120
vt 0.304829 0.038035
vt 0.302902 0.035515
vt 0.302538 0.039956
vt 0.358396 0.901218
vt 0.358322 0.899742
vt 0.357582 0.901668
vt 0.368565 0.134328
vt 0.368715 0.132816
vt 0.370781 0.133635
vt 0.369504 0.135353
vt 0.370734 0.131763
vt 0.307802 0.368500
vt 0.308395 0.366994
vt 0.307214 0.367299
vt 0.274069 0.861263
vt 0.274027 0.860901
vt 0.274453 0.861356
vt 0.273773 0.861704
vt 0.273699 0.861252
vt 0.274082 0.861560
vt 0.270091 0.860410
vt 0.270443 0.860248
vt 0.707055 0.917881
vt 0.706613 0.918174
vt 0.707035 0.918467
vt 0.270085 0.860011
vt 0.270572 0.859962
vt 0.331922 0.768379
vt 0.332527 0.768418
vt 0.332209 0.768805
vt 0.067523 0.894084
vt 0.066434 0.893558
vt 0.067316 0.895708
vt 0.342796 0.139752
vt 0.343478 0.138206
vt 0.342447 0.138494
vt 0.294268 0.515880
vt 0.294710 0.516458
vt 0.293855 0.516155
vt 0.046684 0.305300
vt 0.046993 0.301306
vt 0.042942 0.300211
vt 0.369150 0.669740
vt 0.370977 0.670926
vt 0.368478 0.671494
vt 0.317095 0.787369
vt 0.316475 0.788606
vt 0.317114 0.789084
vt 0.244908 0.980763
vt 0.244555 0.980961
vt 0.244601 0.980583
vt 0.235116 0.975506
vt 0.235348 0.975684
vt 0.235098 0.975845
vt 0.236770 0.976234
vt 0.236710 0.975589
vt 0.237343 0.975955
vt 0.226945 0.084235
vt 0.227648 0.085318
vt 0.228641 0.084126
vt 0.364092 0.737467
vt 0.364302 0.735778
vt 0.361098 0.739577
vt 0.255352 0.411018
vt 0.256222 0.409883
vt 0.255035 0.409004
vt 0.242427 0.899126
vt 0.241275 0.896309
vt 0.239015 0.897327
vt 0.340409 0.641238
vt 0.338667 0.640078
vt 0.339137 0.638154
vt 0.181277 0.256332
vt 0.341183 0.644634
vt 0.260840 0.417212
vt 0.261009 0.417837
vt 0.262416 0.416306
vt 0.257497 0.410578
vt 0.255874 0.412094
vt 0.258035 0.413752
vt 0.362030 0.574796
vt 0.362043 0.573669
vt 0.364271 0.576026
vt 0.261013 0.414576
vt 0.259363 0.412840
vt 0.340530 0.353811
vt 0.340168 0.355151
vt 0.341181 0.354771
vt 0.337569 0.356477
vt 0.338177 0.354270
vt 0.358229 0.170414
vt 0.358367 0.170880
vt 0.293411 0.260224
vt 0.293647 0.260666
vt 0.293754 0.260191
vt 0.170549 0.880763
vt 0.170227 0.880889
vt 0.170269 0.880637
vt 0.261737 0.574173
vt 0.262135 0.574349
vt 0.261853 0.574562
vt 0.354183 0.447063
vt 0.242737 0.592119
vt 0.242463 0.592416
vt 0.242378 0.592065
vt 0.244038 0.592157
vt 0.243744 0.591672
vt 0.244174 0.591816
vt 0.243771 0.583819
vt 0.243463 0.583663
vt 0.243801 0.583475
vt 0.243296 0.584041
vt 0.243644 0.584098
vt 0.243557 0.584411
vt 0.193290 0.724126
vt 0.193408 0.724580
vt 0.192986 0.724425
vt 0.332346 0.772775
vt 0.332145 0.772486
vt 0.332552 0.772547
vt 0.332316 0.772183
vt 0.332735 0.772199
vt 0.260159 0.555193
vt 0.259927 0.554812
vt 0.260489 0.554811
vt 0.192515 0.716939
vt 0.192456 0.716538
vt 0.192808 0.716632
vt 0.051452 0.465544
vt 0.051568 0.465873
vt 0.051240 0.465969
vt 0.213138 0.264837
vt 0.212714 0.264785
vt 0.212853 0.264409
vt 0.259383 0.516442
vt 0.258973 0.516440
vt 0.259025 0.516183
vt 0.223001 0.437075
vt 0.223241 0.437349
vt 0.222874 0.437472
vt 0.019175 0.123692
vt 0.019454 0.123185
vt 0.019633 0.123498
vt 0.261953 0.526017
vt 0.261910 0.525527
vt 0.262335 0.525776
vt 0.044680 0.251721
vt 0.044223 0.251585
vt 0.044549 0.251314
vt 0.224836 0.439613
vt 0.225002 0.439999
vt 0.224539 0.439758
vt 0.225476 0.442838
vt 0.225147 0.442555
vt 0.225351 0.442337
vt 0.226106 0.444077
vt 0.226440 0.443813
vt 0.226672 0.444390
vt 0.224797 0.442987
vt 0.224842 0.442532
vt 0.225111 0.442811
vt 0.338205 0.261640
vt 0.338360 0.262227
vt 0.337972 0.261931
vt 0.344866 0.741916
vt 0.344621 0.741468
vt 0.344861 0.741674
vt 0.009465 0.124299
vt 0.009815 0.123950
vt 0.009927 0.124496
vt 0.009577 0.125029
vt 0.009747 0.124742
vt 0.007569 0.123428
vt 0.007509 0.123811
vt 0.007126 0.123230
vt 0.006662 0.124203
vt 0.007070 0.124628
vt 0.006703 0.124843
vt 0.008849 0.123867
vt 0.009043 0.124672
vt 0.011441 0.132397
vt 0.011919 0.132536
vt 0.011652 0.132920
vt 0.017761 0.124511
vt 0.018161 0.124036
vt 0.018430 0.124559
vt 0.020796 0.124750
vt 0.021280 0.124796
vt 0.021102 0.125120
vt 0.011931 0.122238
vt 0.012277 0.122774
vt 0.011704 0.122700
vt 0.172389 0.893360
vt 0.172800 0.893623
vt 0.172388 0.893881
vt 0.172105 0.895456
vt 0.172632 0.895237
vt 0.172537 0.895687
vt 0.013580 0.112559
vt 0.014272 0.112380
vt 0.014048 0.112917
vt 0.291981 0.801213
vt 0.292378 0.801324
vt 0.292189 0.801589
vt 0.021935 0.112992
vt 0.022211 0.112750
vt 0.022300 0.113304
vt 0.043947 0.250829
vt 0.044337 0.251010
vt 0.044179 0.251201
vt 0.045758 0.249572
vt 0.045682 0.249800
vt 0.045551 0.249464
vt 0.337081 0.653902
vt 0.337749 0.653882
vt 0.337495 0.654462
vt 0.258197 0.516320
vt 0.258365 0.516060
vt 0.258611 0.516365
vt 0.258441 0.516685
vt 0.258232 0.516526
vt 0.258937 0.516777
vt 0.338700 0.569323
vt 0.338349 0.569672
vt 0.338275 0.569226
vt 0.291646 0.198054
vt 0.291227 0.197942
vt 0.291676 0.197674
vt 0.242734 0.592707
vt 0.242531 0.592981
vt 0.242332 0.592824
vt 0.291822 0.193582
vt 0.292352 0.193396
vt 0.292114 0.193768
vt 0.289790 0.195246
vt 0.289453 0.195422
vt 0.289494 0.195059
vt 0.274029 0.922479
vt 0.273696 0.922129
vt 0.274195 0.921982
vt 0.342516 0.628767
vt 0.342905 0.628313
vt 0.342954 0.628673
vt 0.055520 0.421642
vt 0.055479 0.421263
vt 0.055925 0.421432
vt 0.266237 0.922309
vt 0.266119 0.921895
vt 0.266530 0.922026
vt 0.123507 0.624670
vt 0.123734 0.624369
vt 0.123998 0.624508
vt 0.115273 0.621906
vt 0.115598 0.621900
vt 0.115436 0.622233
vt 0.194470 0.730123
vt 0.194185 0.729728
vt 0.194650 0.729786
vt 0.254855 0.973872
vt 0.255033 0.973305
vt 0.255246 0.973790
vt 0.125148 0.622633
vt 0.124900 0.623032
vt 0.124569 0.622649
vt 0.122075 0.622258
vt 0.121756 0.622649
vt 0.121385 0.622179
vt 0.123380 0.622778
vt 0.123249 0.623306
vt 0.122788 0.623116
vt 0.343915 0.604903
vt 0.344245 0.604939
vt 0.344005 0.605272
vt 0.125092 0.623537
vt 0.124815 0.623859
vt 0.124788 0.623452
vt 0.112266 0.617787
vt 0.112392 0.618251
vt 0.111922 0.618038
vt 0.224673 0.043310
vt 0.224954 0.043783
vt 0.224477 0.043761
vt 0.224753 0.044303
vt 0.112652 0.618604
vt 0.112335 0.618822
vt 0.226960 0.046820
vt 0.226619 0.047258
vt 0.226500 0.046714
vt 0.109238 0.383100
vt 0.109550 0.383285
vt 0.109938 0.384545
vt 0.109640 0.384929
vt 0.112089 0.375488
vt 0.112230 0.375744
vt 0.111813 0.375745
vt 0.113764 0.380806
vt 0.114147 0.380799
vt 0.113818 0.381118
vt 0.112955 0.376058
vt 0.112680 0.376268
vt 0.112424 0.376085
vt 0.106763 0.376098
vt 0.106536 0.376548
vt 0.106456 0.376118
vt 0.129589 0.607925
vt 0.129615 0.608303
vt 0.129181 0.608016
vt 0.346421 0.749416
vt 0.346165 0.749140
vt 0.346539 0.749108
vt 0.346507 0.748295
vt 0.346149 0.748084
vt 0.346603 0.747936
vt 0.111174 0.371793
vt 0.111547 0.371429
vt 0.111492 0.371815
vt 0.111645 0.372118
vt 0.111182 0.372435
vt 0.111278 0.372050
vt 0.110863 0.372932
vt 0.110686 0.372501
vt 0.145844 0.289517
vt 0.145350 0.289217
vt 0.145857 0.288791
vt 0.207870 0.008220
vt 0.208323 0.008355
vt 0.207996 0.008535
vt 0.265721 0.689706
vt 0.265926 0.689991
vt 0.265447 0.690131
vt 0.344368 0.745118
vt 0.343885 0.745200
vt 0.344109 0.744895
vt 0.129351 0.607624
vt 0.129015 0.607456
vt 0.129343 0.607174
vt 0.119418 0.608852
vt 0.119463 0.608275
vt 0.119770 0.608563
vt 0.121031 0.611724
vt 0.120935 0.612236
vt 0.120570 0.612079
vt 0.120465 0.612601
vt 0.121015 0.612720
vt 0.120573 0.613051
vt 0.122024 0.613501
vt 0.121766 0.613944
vt 0.121559 0.613412
vt 0.127194 0.613700
vt 0.127245 0.613213
vt 0.127575 0.613450
vt 0.114840 0.615084
vt 0.114320 0.614997
vt 0.114810 0.614686
vt 0.113732 0.617361
vt 0.113660 0.617027
vt 0.114152 0.617084
vt 0.113400 0.616865
vt 0.113338 0.617131
vt 0.149450 0.177919
vt 0.149235 0.177774
vt 0.149630 0.177534
vt 0.123252 0.603236
vt 0.123153 0.603032
vt 0.123566 0.603113
vt 0.123519 0.604118
vt 0.123920 0.603932
vt 0.123901 0.604341
vt 0.206429 0.002453
vt 0.206202 0.002880
vt 0.206064 0.002500
vt 0.114081 0.607955
vt 0.113782 0.607544
vt 0.114297 0.607416
vt 0.113849 0.606153
vt 0.113291 0.606542
vt 0.113442 0.606183
vt 0.254480 0.370658
vt 0.254574 0.370987
vt 0.254356 0.371048
vt 0.113801 0.618887
vt 0.113381 0.618290
vt 0.113878 0.618374
vt 0.113103 0.622438
vt 0.112791 0.621958
vt 0.113217 0.621884
vt 0.254133 0.372560
vt 0.254487 0.372701
vt 0.254054 0.372932
vt 0.151940 0.766629
vt 0.152289 0.766224
vt 0.143304 0.182471
vt 0.143234 0.182914
vt 0.143058 0.182633
vt 0.110708 0.606790
vt 0.110981 0.607322
vt 0.110444 0.607554
vt 0.210477 0.001129
vt 0.210915 0.001176
vt 0.210671 0.001447
vt 0.271646 0.877035
vt 0.271616 0.876744
vt 0.271966 0.876948
vt 0.274066 0.692356
vt 0.274135 0.692727
vt 0.273635 0.692598
vt 0.273974 0.694664
vt 0.273686 0.695012
vt 0.273502 0.694547
vt 0.121381 0.372770
vt 0.121826 0.372757
vt 0.121675 0.373105
vt 0.119381 0.376514
vt 0.119056 0.376046
vt 0.119566 0.376181
vt 0.121278 0.374454
vt 0.120929 0.374178
vt 0.121421 0.374110
vt 0.126213 0.384033
vt 0.126342 0.384519
vt 0.125905 0.384482
vt 0.120593 0.376500
vt 0.120004 0.376534
vt 0.120226 0.376284
vt 0.116574 0.377254
vt 0.116053 0.377268
vt 0.116112 0.376773
vt 0.226718 0.718033
vt 0.226785 0.717618
vt 0.227181 0.717828
vt 0.109350 0.388679
vt 0.109990 0.388964
vt 0.109614 0.389391
vt 0.228861 0.721848
vt 0.229080 0.722088
vt 0.228585 0.722050
vt 0.289043 0.697597
vt 0.289368 0.697730
vt 0.288922 0.697941
vt 0.230299 0.040371
vt 0.230787 0.040478
vt 0.230442 0.040781
vt 0.182827 0.609880
vt 0.183233 0.610258
vt 0.182370 0.610397
vt 0.183547 0.609737
vt 0.183222 0.609309
vt 0.183860 0.609385
vt 0.230091 0.041237
vt 0.230029 0.040708
vt 0.227668 0.723161
vt 0.227314 0.722859
vt 0.227747 0.722794
vt 0.230057 0.048804
vt 0.230294 0.049262
vt 0.229840 0.049204
vt 0.229424 0.049274
vt 0.229697 0.049543
vt 0.199228 0.716024
vt 0.199353 0.716281
vt 0.198919 0.716096
vt 0.258556 0.378660
vt 0.259222 0.378987
vt 0.258792 0.379076
vt 0.258675 0.376623
vt 0.258969 0.376358
vt 0.259197 0.376562
vt 0.191275 0.718564
vt 0.191565 0.718589
vt 0.191293 0.718937
vt 0.221959 0.720039
vt 0.221750 0.719715
vt 0.222245 0.719534
vt 0.261510 0.375770
vt 0.261263 0.375644
vt 0.261384 0.375435
vt 0.261261 0.376299
vt 0.261673 0.376134
vt 0.196714 0.721520
vt 0.196348 0.721094
vt 0.195765 0.721266
vt 0.195884 0.720976
vt 0.196052 0.721296
vt 0.197763 0.721492
vt 0.197812 0.721075
vt 0.198089 0.721330
vt 0.246241 0.974066
vt 0.245802 0.974434
vt 0.245778 0.973865
vt 0.150997 0.771694
vt 0.150541 0.771775
vt 0.150550 0.771260
vt 0.151790 0.765987
vt 0.152690 0.766331
vt 0.152485 0.766498
vt 0.155121 0.769775
vt 0.155576 0.769970
vt 0.155246 0.770323
vt 0.185398 0.722437
vt 0.185749 0.722656
vt 0.185433 0.722888
vt 0.187101 0.724406
vt 0.187544 0.724045
vt 0.187733 0.724441
vt 0.185979 0.725626
vt 0.186542 0.725362
vt 0.186560 0.725795
vt 0.186226 0.727885
vt 0.186416 0.727925
vt 0.186459 0.728266
vt 0.233432 0.724351
vt 0.233863 0.724373
vt 0.233679 0.724636
vt 0.234815 0.721279
vt 0.234609 0.720877
vt 0.234911 0.720936
vt 0.192691 0.831364
vt 0.192110 0.831317
vt 0.192409 0.831038
vt 0.193049 0.616256
vt 0.192881 0.616779
vt 0.192676 0.616471
vt 0.233565 0.722311
vt 0.233276 0.722284
vt 0.233320 0.721996
vt 0.190272 0.609166
vt 0.190800 0.609395
vt 0.190469 0.609616
vt 0.229772 0.715219
vt 0.229331 0.715579
vt 0.228936 0.714981
vt 0.118051 0.391032
vt 0.117870 0.390635
vt 0.118342 0.390599
vt 0.230664 0.715263
vt 0.230309 0.715360
vt 0.230222 0.715086
vt 0.318976 0.997545
vt 0.319521 0.997104
vt 0.319528 0.997477
vt 0.365747 0.140555
vt 0.365870 0.140895
vt 0.365902 0.141606
vt 0.430717 0.958601
vt 0.431216 0.958300
vt 0.431333 0.958748
vt 0.428422 0.958274
vt 0.428374 0.958052
vt 0.428789 0.958054
vt 0.429371 0.958574
vt 0.428892 0.958396
vt 0.429228 0.958219
vt 0.153466 0.769471
vt 0.153433 0.770067
vt 0.153182 0.769713
vt 0.433993 0.957803
vt 0.433544 0.957818
vt 0.433601 0.957571
vt 0.259017 0.379437
vt 0.259580 0.379378
vt 0.362798 0.776854
vt 0.362275 0.776759
vt 0.362451 0.776291
vt 0.113717 0.391712
vt 0.114143 0.392182
vt 0.113719 0.392213
vt 0.148042 0.173484
vt 0.148261 0.173177
vt 0.148489 0.173373
vt 0.147785 0.173245
vt 0.270480 0.879587
vt 0.270480 0.879858
vt 0.270372 0.879719
vt 0.155862 0.765805
vt 0.156249 0.766200
vt 0.155545 0.766253
vt 0.151235 0.286470
vt 0.151621 0.286736
vt 0.151292 0.286960
vt 0.150883 0.286786
vt 0.206548 0.476558
vt 0.206174 0.476851
vt 0.206089 0.476583
vt 0.541914 0.960069
vt 0.542636 0.959705
vt 0.542729 0.960201
vt 0.106598 0.612290
vt 0.106970 0.612713
vt 0.106326 0.612887
vt 0.127399 0.389059
vt 0.127437 0.389598
vt 0.127135 0.389257
vt 0.119123 0.391680
vt 0.118715 0.392056
vt 0.118750 0.391570
vt 0.118449 0.393539
vt 0.118950 0.393634
vt 0.118653 0.393853
vt 0.155423 0.767830
vt 0.155923 0.768253
vt 0.155407 0.768301
vt 0.032888 0.004013
vt 0.032081 0.004057
vt 0.032472 0.003627
vt 0.104473 0.821083
vt 0.104909 0.821124
vt 0.104577 0.821252
vt 0.323390 0.996158
vt 0.322942 0.996445
vt 0.322864 0.996157
vt 0.323463 0.997262
vt 0.323491 0.996842
vt 0.323920 0.997013
vt 0.268904 0.885079
vt 0.268415 0.885486
vt 0.268602 0.885094
vt 0.105670 0.820204
vt 0.105109 0.820203
vt 0.105423 0.820023
vt 0.185627 0.488113
vt 0.186089 0.488189
vt 0.185814 0.488505
vt 0.331654 0.158659
vt 0.331129 0.158528
vt 0.331537 0.158066
vt 0.272447 0.888753
vt 0.272708 0.888988
vt 0.272114 0.889335
vt 0.304506 0.131400
vt 0.299356 0.132117
vt 0.301379 0.129328
vt 0.192116 0.490133
vt 0.192228 0.490566
vt 0.191675 0.490391
vt 0.054113 0.641648
vt 0.056129 0.642158
vt 0.054521 0.642373
vt 0.339577 0.927498
vt 0.338891 0.927072
vt 0.339349 0.927044
vt 0.183011 0.480095
vt 0.183315 0.480478
vt 0.182972 0.480602
vt 0.183331 0.480975
vt 0.358056 0.938428
vt 0.361059 0.939387
vt 0.360817 0.939920
vt 0.360380 0.939632
vt 0.357416 0.937853
vt 0.356836 0.938551
vt 0.244537 0.783823
vt 0.247700 0.783799
vt 0.246734 0.779738
vt 0.262126 0.689440
vt 0.261868 0.689007
vt 0.262209 0.689110
vt 0.175214 0.190972
vt 0.174313 0.191408
vt 0.174623 0.190572
vt 0.290300 0.518686
vt 0.291257 0.522202
vt 0.287561 0.521573
vt 0.113360 0.822390
vt 0.114523 0.822522
vt 0.115685 0.822654
vt 0.114583 0.823057
vt 0.133301 0.116213
vt 0.133890 0.120691
vt 0.143709 0.113216
vt 0.138505 0.114715
vt 0.316246 0.782143
vt 0.316390 0.781958
vt 0.332619 0.784562
vt 0.332324 0.784108
vt 0.332181 0.784502
vt 0.331962 0.828267
vt 0.332984 0.828293
vt 0.333679 0.825404
vt 0.332821 0.826836
vt 0.292552 0.518821
vt 0.296566 0.522115
vt 0.293747 0.521961
vt 0.314438 0.708034
vt 0.312790 0.708466
vt 0.311974 0.706115
vt 0.301873 0.257765
vt 0.300613 0.257219
vt 0.302553 0.257221
vt 0.289737 0.561754
vt 0.288660 0.562864
vt 0.287583 0.563973
vt 0.291212 0.564798
vt 0.292199 0.560244
vt 0.293279 0.564517
vt 0.294273 0.563323
vt 0.311980 0.711008
vt 0.308801 0.707156
vt 0.258318 0.704872
vt 0.258292 0.705538
vt 0.257600 0.705652
vt 0.257840 0.705164
vt 0.586951 0.904466
vt 0.586576 0.905013
vt 0.587256 0.904816
vt 0.238036 0.989064
vt 0.236730 0.989295
vt 0.236355 0.988531
vt 0.326099 0.808434
vt 0.326064 0.807190
vt 0.325530 0.808054
vt 0.326199 0.279493
vt 0.327723 0.276467
vt 0.322877 0.278385
vt 0.127403 0.835679
vt 0.127611 0.836183
vt 0.126930 0.836024
vt 0.287650 0.508135
vt 0.288002 0.507750
vt 0.288256 0.508958
vt 0.329091 0.811630
vt 0.122734 0.836299
vt 0.122712 0.835690
vt 0.123063 0.836099
vt 0.264892 0.976528
vt 0.265277 0.974670
vt 0.266236 0.976586
vt 0.327245 0.807305
vt 0.326738 0.807886
vt 0.328514 0.278023
vt 0.119927 0.825084
vt 0.120301 0.826704
vt 0.119431 0.826384
vt 0.198560 0.832335
vt 0.197916 0.832309
vt 0.198081 0.831527
vt 0.119606 0.826905
vt 0.119784 0.827363
vt 0.290240 0.689317
vt 0.287556 0.691791
vt 0.292004 0.691342
vt 0.195748 0.835726
vt 0.195606 0.836336
vt 0.195251 0.835795
vt 0.197145 0.844556
vt 0.197610 0.844667
vt 0.197195 0.845100
vt 0.197928 0.837290
vt 0.197518 0.837654
vt 0.197475 0.837194
vt 0.186066 0.840668
vt 0.186180 0.840267
vt 0.186535 0.840891
vt 0.067500 0.709723
vt 0.067022 0.709456
vt 0.067273 0.709812
vt 0.189738 0.487483
vt 0.189393 0.487670
vt 0.189249 0.487267
vt 0.190062 0.486172
vt 0.189867 0.485687
vt 0.190336 0.485589
vt 0.290563 0.695246
vt 0.293776 0.695190
vt 0.191447 0.846072
vt 0.191148 0.845989
vt 0.191339 0.845549
vt 0.189554 0.849282
vt 0.189394 0.848748
vt 0.189802 0.848878
vt 0.184518 0.835870
vt 0.184772 0.835477
vt 0.185046 0.835875
vt 0.188836 0.840549
vt 0.188242 0.840597
vt 0.188468 0.840072
vt 0.187202 0.840275
vt 0.186979 0.840121
vt 0.187181 0.839706
vt 0.187003 0.843275
vt 0.187769 0.843172
vt 0.187331 0.843632
vt 0.188991 0.843881
vt 0.188973 0.843509
vt 0.189369 0.843609
vt 0.318069 0.045845
vt 0.318619 0.047681
vt 0.316000 0.048923
vt 0.316812 0.893942
vt 0.316525 0.892260
vt 0.318187 0.893166
vt 0.293806 0.529856
vt 0.296569 0.528745
vt 0.195396 0.491087
vt 0.194982 0.491566
vt 0.194265 0.491339
vt 0.344488 0.123392
vt 0.344088 0.123690
vt 0.344326 0.123243
vt 0.241114 0.052873
vt 0.241226 0.052367
vt 0.241561 0.052671
vt 0.275090 0.886206
vt 0.274716 0.885802
vt 0.275236 0.885731
vt 0.340668 0.775251
vt 0.341329 0.775386
vt 0.341025 0.775509
vt 0.002778 0.747090
vt 0.002388 0.747157
vt 0.002571 0.746496
vt 0.275447 0.886128
vt 0.275324 0.886468
vt 0.549180 0.924046
vt 0.549126 0.923606
vt 0.548783 0.923799
vt 0.002848 0.747646
vt 0.002629 0.747585
vt 0.003022 0.747465
vt 0.003137 0.746981
vt 0.060863 0.642701
vt 0.058409 0.642788
vt 0.058758 0.641354
vt 0.083624 0.049792
vt 0.083687 0.049475
vt 0.084147 0.049669
vt 0.347992 0.814154
vt 0.347755 0.813867
vt 0.348184 0.813872
vt 0.214786 0.480365
vt 0.214182 0.480340
vt 0.214753 0.479926
vt 0.330239 0.281723
vt 0.330346 0.281292
vt 0.330643 0.281807
vt 0.340573 0.117941
vt 0.340613 0.117369
vt 0.340986 0.117696
vt 0.009696 0.743670
vt 0.009405 0.743078
vt 0.009955 0.743235
vt 0.374874 0.160495
vt 0.374894 0.159911
vt 0.375013 0.160245
vt 0.397886 0.930814
vt 0.397539 0.930672
vt 0.397996 0.930398
vt 0.213950 0.482381
vt 0.213646 0.481965
vt 0.214001 0.482037
vt 0.057739 0.492102
vt 0.057354 0.491930
vt 0.057913 0.491607
vt 0.058710 0.488563
vt 0.058318 0.488744
vt 0.058490 0.488267
vt 0.203711 0.480723
vt 0.203639 0.481075
vt 0.203347 0.480830
vt 0.203132 0.481279
vt 0.202530 0.481133
vt 0.203000 0.480796
vt 0.124490 0.382670
vt 0.124593 0.382161
vt 0.124854 0.382488
vt 0.337658 0.117728
vt 0.337692 0.118205
vt 0.337204 0.117999
vt 0.339369 0.910842
vt 0.339814 0.910923
vt 0.339760 0.911406
vt 0.126541 0.387552
vt 0.126253 0.387527
vt 0.126367 0.387099
vt 0.126856 0.387247
vt 0.182702 0.835188
vt 0.182282 0.835775
vt 0.181941 0.835398
vt 0.258349 0.696665
vt 0.258630 0.696614
vt 0.258500 0.696999
vt 0.197823 0.618372
vt 0.198230 0.618817
vt 0.197716 0.618954
vt 0.149425 0.412997
vt 0.149668 0.412797
vt 0.149809 0.413226
vt 0.149220 0.410434
vt 0.149014 0.409940
vt 0.149536 0.410220
vt 0.152158 0.412916
vt 0.152488 0.412973
vt 0.152476 0.413317
vt 0.150804 0.412668
vt 0.151147 0.412680
vt 0.151067 0.412892
vt 0.257062 0.701997
vt 0.256755 0.702290
vt 0.256693 0.701971
vt 0.140279 0.582964
vt 0.140104 0.583459
vt 0.139757 0.583043
vt 0.025169 0.782336
vt 0.024686 0.781429
vt 0.025263 0.781720
vt 0.137176 0.585351
vt 0.136659 0.585426
vt 0.136996 0.584793
vt 0.140634 0.581869
vt 0.140860 0.582321
vt 0.140425 0.582131
vt 0.309867 0.471405
vt 0.310187 0.470967
vt 0.310279 0.471569
vt 0.043846 0.762455
vt 0.043656 0.762002
vt 0.044213 0.762215
vt 0.070063 0.576048
vt 0.069798 0.576247
vt 0.069817 0.575830
vt 0.144402 0.572983
vt 0.144671 0.572611
vt 0.144851 0.572865
vt 0.283859 0.278864
vt 0.026948 0.766529
vt 0.151339 0.749584
vt 0.150895 0.749992
vt 0.150992 0.749532
vt 0.152607 0.747126
vt 0.152167 0.746921
vt 0.152679 0.746518
vt 0.271621 0.436137
vt 0.271649 0.435643
vt 0.272059 0.436058
vt 0.152236 0.747693
vt 0.151827 0.747716
vt 0.152117 0.747348
vt 0.318374 0.430737
vt 0.318504 0.431306
vt 0.317757 0.430923
vt 0.319138 0.430258
vt 0.319547 0.430502
vt 0.319224 0.430835
vt 0.274788 0.427677
vt 0.275164 0.427674
vt 0.275161 0.428205
vt 0.362260 0.665597
vt 0.361834 0.666458
vt 0.361796 0.665873
vt 0.146566 0.580366
vt 0.146282 0.580848
vt 0.146010 0.580292
vt 0.230098 0.160600
vt 0.229044 0.432512
vt 0.228967 0.431960
vt 0.229353 0.432193
vt 0.204588 0.544507
vt 0.204894 0.543715
vt 0.205231 0.544276
vt 0.207255 0.540646
vt 0.207180 0.540988
vt 0.206718 0.540677
vt 0.206735 0.539412
vt 0.206384 0.539376
vt 0.206851 0.538990
vt 0.229358 0.434387
vt 0.229617 0.433983
vt 0.229923 0.434321
vt 0.228967 0.153985
vt 0.229155 0.154341
vt 0.228581 0.154119
vt 0.257563 0.306015
vt 0.256992 0.305604
vt 0.257019 0.306203
vt 0.230998 0.430032
vt 0.230703 0.429981
vt 0.230936 0.429792
vt 0.131401 0.069760
vt 0.131634 0.069506
vt 0.131644 0.069864
vt 0.338092 0.218703
vt 0.337870 0.218360
vt 0.337692 0.218925
vt 0.320057 0.430592
vt 0.320234 0.431204
vt 0.046327 0.161898
vt 0.047153 0.162685
vt 0.046028 0.163119
vt 0.230822 0.160281
vt 0.230458 0.160641
vt 0.204955 0.545498
vt 0.204565 0.545907
vt 0.204485 0.545437
vt 0.205066 0.546743
vt 0.204629 0.546412
vt 0.205126 0.546099
vt 0.332411 0.671635
vt 0.332809 0.671514
vt 0.212933 0.548379
vt 0.213098 0.548063
vt 0.213335 0.548365
vt 0.334993 0.671780
vt 0.335064 0.672141
vt 0.334678 0.672012
vt 0.135318 0.593304
vt 0.135834 0.593410
vt 0.135672 0.593923
vt 0.339665 0.887626
vt 0.339922 0.887071
vt 0.034336 0.771643
vt 0.034684 0.772025
vt 0.034229 0.772091
vt 0.134803 0.588804
vt 0.134965 0.588693
vt 0.135176 0.589177
vt 0.134444 0.588744
vt 0.134651 0.588167
vt 0.136290 0.588213
vt 0.136267 0.587927
vt 0.136638 0.588010
vt 0.134699 0.589202
vt 0.334052 0.298745
vt 0.334193 0.298103
vt 0.334285 0.298484
vt 0.331688 0.672961
vt 0.331423 0.672761
vt 0.331500 0.672591
vt 0.332521 0.672293
vt 0.332554 0.671973
vt 0.340545 0.887789
vt 0.340857 0.887811
vt 0.340594 0.888085
vt 0.145674 0.580303
vt 0.145544 0.580686
vt 0.147992 0.581262
vt 0.147904 0.581717
vt 0.147470 0.581568
vt 0.153996 0.577079
vt 0.153628 0.577273
vt 0.153789 0.576915
vt 0.188943 0.143760
vt 0.188640 0.143229
vt 0.189009 0.143224
vt 0.293039 0.743478
vt 0.293604 0.743374
vt 0.293452 0.743819
vt 0.162159 0.332293
vt 0.226175 0.542820
vt 0.226818 0.543119
vt 0.226443 0.543314
vt 0.225070 0.541147
vt 0.225667 0.541506
vt 0.225161 0.541621
vt 0.189279 0.143394
vt 0.189335 0.142892
vt 0.188902 0.142889
vt 0.295550 0.741026
vt 0.295647 0.741567
vt 0.295152 0.741431
vt 0.294157 0.742882
vt 0.293860 0.742736
vt 0.294087 0.742514
vt 0.085174 0.580150
vt 0.084832 0.579671
vt 0.085514 0.579618
vt 0.084504 0.579707
vt 0.084606 0.580148
vt 0.084966 0.579172
vt 0.084461 0.579341
vt 0.085336 0.592943
vt 0.085646 0.592364
vt 0.085992 0.592871
vt 0.192088 0.134475
vt 0.191684 0.134199
vt 0.192190 0.134172
vt 0.089215 0.582133
vt 0.089449 0.581683
vt 0.089770 0.582130
vt 0.346277 0.989556
vt 0.346883 0.989563
vt 0.346603 0.989909
vt 0.165961 0.334661
vt 0.166145 0.334459
vt 0.166250 0.334797
vt 0.223042 0.531055
vt 0.223377 0.530989
vt 0.223374 0.531468
vt 0.223227 0.530155
vt 0.223705 0.530044
vt 0.223494 0.530557
vt 0.224231 0.530087
vt 0.223930 0.530547
vt 0.242095 0.815005
vt 0.241788 0.815427
vt 0.241663 0.815119
vt 0.079705 0.582310
vt 0.079603 0.581794
vt 0.080265 0.581961
vt 0.076817 0.581198
vt 0.077386 0.581223
vt 0.077090 0.581646
vt 0.074748 0.574920
vt 0.074370 0.575276
vt 0.074416 0.574794
vt 0.268247 0.431381
vt 0.268822 0.431369
vt 0.268528 0.431897
vt 0.240454 0.878189
vt 0.240762 0.878303
vt 0.240483 0.878584
vt 0.070866 0.575477
vt 0.070851 0.574982
vt 0.071169 0.575005
vt 0.070435 0.585209
vt 0.070120 0.584933
vt 0.070622 0.584649
vt 0.072795 0.584964
vt 0.073138 0.584660
vt 0.073241 0.585142
vt 0.295821 0.132575
vt 0.295269 0.132706
vt 0.295588 0.132201
vt 0.349350 0.435778
vt 0.349791 0.435814
vt 0.349622 0.436161
vt 0.349120 0.435402
vt 0.349448 0.435336
vt 0.295189 0.130981
vt 0.295274 0.131399
vt 0.294776 0.131240
vt 0.291161 0.128933
vt 0.290708 0.129426
vt 0.290752 0.129011
vt 0.155539 0.575558
vt 0.155762 0.575716
vt 0.155577 0.575973
vt 0.048074 0.760758
vt 0.047685 0.760813
vt 0.047629 0.760402
vt 0.046560 0.765633
vt 0.045960 0.765701
vt 0.045953 0.765172
vt 0.045500 0.765453
vt 0.045539 0.766092
vt 0.045047 0.765632
vt 0.294921 0.136476
vt 0.294589 0.136330
vt 0.294994 0.136057
vt 0.152442 0.576150
vt 0.152222 0.576423
vt 0.152013 0.576020
vt 0.152753 0.574245
vt 0.152739 0.573859
vt 0.152997 0.574108
vt 0.036258 0.769912
vt 0.036720 0.770053
vt 0.036475 0.770539
vt 0.035432 0.771390
vt 0.034951 0.771506
vt 0.035230 0.770947
vt 0.034902 0.772489
vt 0.034357 0.772471
vt 0.036236 0.761727
vt 0.036746 0.761754
vt 0.036288 0.762238
vt 0.035104 0.756863
vt 0.034983 0.756621
vt 0.035093 0.757151
vt 0.034886 0.757604
vt 0.036739 0.758330
vt 0.037171 0.757892
vt 0.037226 0.758373
vt 0.037612 0.757865
vt 0.144685 0.755297
vt 0.144936 0.755673
vt 0.144569 0.755736
vt 0.147213 0.747739
vt 0.146792 0.747648
vt 0.147143 0.747251
vt 0.144528 0.753912
vt 0.144786 0.754152
vt 0.035706 0.761262
vt 0.035319 0.761440
vt 0.035502 0.760832
vt 0.038273 0.761053
vt 0.038265 0.760690
vt 0.038688 0.760687
vt 0.029316 0.751233
vt 0.028812 0.751194
vt 0.029291 0.750726
vt 0.145053 0.754738
vt 0.145112 0.754285
vt 0.142754 0.752888
vt 0.143405 0.752961
vt 0.142868 0.753199
vt 0.028276 0.740251
vt 0.027810 0.739907
vt 0.028101 0.739786
vt 0.136553 0.751596
vt 0.136389 0.751280
vt 0.136789 0.751298
vt 0.171329 0.323808
vt 0.170736 0.323802
vt 0.170890 0.323410
vt 0.024430 0.736772
vt 0.024833 0.736654
vt 0.024837 0.737060
vt 0.024293 0.747914
vt 0.024607 0.748268
vt 0.024015 0.748224
vt 0.026421 0.747150
vt 0.026644 0.747607
vt 0.026167 0.747715
vt 0.027564 0.749078
vt 0.027024 0.749664
vt 0.027033 0.748886
vt 0.024505 0.748690
vt 0.024622 0.748931
vt 0.024315 0.748984
vt 0.012836 0.751418
vt 0.012618 0.750933
vt 0.013207 0.750932
vt 0.019708 0.757339
vt 0.019165 0.757294
vt 0.019538 0.756825
vt 0.020362 0.758808
vt 0.019903 0.758780
vt 0.020256 0.758341
vt 0.166116 0.319639
vt 0.165933 0.320022
vt 0.165741 0.319567
vt 0.017985 0.745552
vt 0.017833 0.745134
vt 0.018378 0.745194
vt 0.016212 0.741783
vt 0.015770 0.741621
vt 0.016348 0.741252
vt 0.017429 0.742173
vt 0.017864 0.742589
vt 0.017157 0.742682
vt 0.016613 0.742691
vt 0.016903 0.742214
vt 0.246119 0.050402
vt 0.246216 0.049899
vt 0.246799 0.050206
vt 0.245301 0.058046
vt 0.244777 0.058179
vt 0.244864 0.057623
vt 0.248054 0.054544
vt 0.247747 0.054081
vt 0.248307 0.054151
vt 0.012813 0.750457
vt 0.247941 0.055749
vt 0.247569 0.055440
vt 0.247879 0.055190
vt 0.245709 0.058124
vt 0.245927 0.058526
vt 0.245541 0.058355
vt 0.187466 0.482169
vt 0.187591 0.481588
vt 0.187970 0.482038
vt 0.193947 0.483008
vt 0.194152 0.483323
vt 0.193855 0.483602
vt 0.028524 0.765711
vt 0.028546 0.766092
vt 0.028242 0.766192
vt 0.194009 0.484219
vt 0.193370 0.484096
vt 0.195442 0.487051
vt 0.195900 0.486637
vt 0.196006 0.487029
vt 0.349517 0.859271
vt 0.349802 0.859584
vt 0.349645 0.860129
vt 0.031485 0.772301
vt 0.031828 0.772429
vt 0.031444 0.772562
vt 0.028842 0.764548
vt 0.028499 0.765162
vt 0.028449 0.764561
vt 0.029121 0.764838
vt 0.242529 0.346241
vt 0.243104 0.345929
vt 0.242933 0.346239
vt 0.027282 0.757554
vt 0.027369 0.757808
vt 0.026957 0.758058
vt 0.027387 0.758097
vt 0.242655 0.345200
vt 0.242236 0.345417
vt 0.242114 0.345119
vt 0.243244 0.345124
vt 0.242930 0.345367
vt 0.350412 0.854641
vt 0.350282 0.853885
vt 0.350910 0.854008
vt 0.021062 0.759286
vt 0.021473 0.758952
vt 0.021606 0.759317
vt 0.192750 0.482442
vt 0.192589 0.481906
vt 0.192973 0.482031
vt 0.139770 0.218353
vt 0.139352 0.218417
vt 0.139437 0.218086
vt 0.137030 0.219252
vt 0.136646 0.219061
vt 0.137512 0.218505
vt 0.270001 0.431591
vt 0.269499 0.431711
vt 0.269581 0.431284
vt 0.317690 0.656848
vt 0.318106 0.657124
vt 0.317690 0.657441
vt 0.306931 0.888035
vt 0.307087 0.887682
vt 0.307304 0.887840
vt 0.148759 0.218788
vt 0.148494 0.218938
vt 0.148432 0.218614
vt 0.143468 0.227099
vt 0.143399 0.226760
vt 0.143726 0.226758
vt 0.147330 0.215767
vt 0.146847 0.215793
vt 0.147113 0.215617
vt 0.149095 0.212973
vt 0.149349 0.213327
vt 0.148854 0.213195
vt 0.311625 0.885747
vt 0.312178 0.885691
vt 0.311880 0.886040
vt 0.282456 0.757930
vt 0.282982 0.757569
vt 0.283019 0.757966
vt 0.279274 0.758068
vt 0.278953 0.757706
vt 0.279294 0.757578
vt 0.279073 0.757203
vt 0.279461 0.756477
vt 0.279876 0.756802
vt 0.286273 0.755740
vt 0.285697 0.755591
vt 0.286565 0.755314
vt 0.323949 0.875547
vt 0.323670 0.875919
vt 0.323588 0.875435
vt 0.143846 0.215046
vt 0.143491 0.214701
vt 0.143996 0.214528
vt 0.332956 0.245534
vt 0.333360 0.245640
vt 0.332992 0.246038
vt 0.332284 0.247013
vt 0.331852 0.247397
vt 0.332124 0.246801
vt 0.056017 0.493521
vt 0.056254 0.493902
vt 0.055736 0.494093
vt 0.057596 0.500869
vt 0.057926 0.500530
vt 0.057986 0.501130
vt 0.224601 0.197591
vt 0.224992 0.197318
vt 0.225117 0.197744
vt 0.224609 0.195677
vt 0.224250 0.195355
vt 0.224758 0.195340
vt 0.223779 0.197079
vt 0.223336 0.196799
vt 0.223835 0.196578
vt 0.051871 0.494793
vt 0.052352 0.494511
vt 0.052305 0.495096
vt 0.055607 0.493596
vt 0.056281 0.492959
vt 0.056463 0.493457
vt 0.164027 0.319276
vt 0.164044 0.318743
vt 0.164449 0.318776
vt 0.006663 0.736804
vt 0.006635 0.736289
vt 0.007099 0.736298
vt 0.007562 0.736854
vt 0.007516 0.736344
vt 0.008012 0.736308
vt 0.163858 0.315242
vt 0.163443 0.315416
vt 0.163717 0.314926
vt 0.135982 0.223685
vt 0.136172 0.223838
vt 0.135989 0.224150
vt 0.333341 0.245047
vt 0.333729 0.244933
vt 0.333412 0.245274
vt 0.142087 0.225569
vt 0.141916 0.225251
vt 0.142299 0.225262
vt 0.150486 0.220494
vt 0.150234 0.220703
vt 0.150301 0.220247
vt 0.168267 0.322863
vt 0.167738 0.322899
vt 0.167867 0.322335
vt 0.024554 0.736372
vt 0.024095 0.736447
vt 0.024217 0.736052
vt 0.024710 0.735992
vt 0.025031 0.736361
vt 0.024084 0.736822
vt 0.175765 0.319963
vt 0.176227 0.319788
vt 0.176161 0.320193
vt 0.135524 0.742717
vt 0.135572 0.743423
vt 0.135057 0.743355
vt 0.138480 0.742824
vt 0.138418 0.743223
vt 0.138054 0.742916
vt 0.150822 0.223833
vt 0.151124 0.223959
vt 0.150820 0.224190
vt 0.136307 0.740372
vt 0.135613 0.740223
vt 0.136050 0.739860
vt 0.144857 0.743104
vt 0.144263 0.743185
vt 0.144347 0.742730
vt 0.308328 0.889147
vt 0.308546 0.889321
vt 0.308175 0.889555
vt 0.267526 0.432250
vt 0.267860 0.431997
vt 0.267946 0.432361
vt 0.308836 0.892234
vt 0.309152 0.892181
vt 0.309114 0.892589
vt 0.144455 0.736202
vt 0.144337 0.735721
vt 0.144703 0.735867
vt 0.291144 0.354295
vt 0.290457 0.354187
vt 0.290903 0.353850
vt 0.289432 0.353560
vt 0.289918 0.353785
vt 0.289505 0.354030
vt 0.016856 0.068240
vt 0.016887 0.068650
vt 0.016591 0.068256
vt 0.291774 0.354125
vt 0.291699 0.353545
vt 0.292082 0.353791
vt 0.292014 0.350654
vt 0.291980 0.350007
vt 0.292538 0.350275
vt 0.011500 0.062031
vt 0.011682 0.061591
vt 0.012063 0.062101
vt 0.011303 0.060113
vt 0.011800 0.060090
vt 0.011829 0.060627
vt 0.020123 0.067864
vt 0.020010 0.068269
vt 0.019740 0.067861
vt 0.006915 0.061546
vt 0.006644 0.061834
vt 0.006404 0.061394
vt 0.006966 0.059884
vt 0.007021 0.060383
vt 0.006517 0.060031
vt 0.013249 0.072965
vt 0.013505 0.073525
vt 0.012955 0.073403
vt 0.013187 0.073835
vt 0.007943 0.063889
vt 0.008162 0.063609
vt 0.008342 0.064180
vt 0.007839 0.065133
vt 0.007548 0.064732
vt 0.007940 0.064634
vt 0.094316 0.036440
vt 0.094358 0.037022
vt 0.094052 0.036936
vt 0.090640 0.032510
vt 0.090166 0.032326
vt 0.090474 0.031984
vt 0.090249 0.033031
vt 0.089957 0.033392
vt 0.089919 0.032742
vt 0.004601 0.075107
vt 0.004505 0.075574
vt 0.004221 0.075347
vt 0.009492 0.076685
vt 0.008838 0.076529
vt 0.009179 0.076290
vt 0.009605 0.077717
vt 0.009443 0.077977
vt 0.009189 0.077609
vt 0.085693 0.040215
vt 0.085145 0.040112
vt 0.085461 0.039643
vt 0.088050 0.044999
vt 0.088453 0.044573
vt 0.088491 0.045307
vt 0.088416 0.034513
vt 0.088766 0.034884
vt 0.080067 0.039910
vt 0.079587 0.040060
vt 0.079744 0.039454
vt 0.080809 0.031034
vt 0.080470 0.031212
vt 0.080319 0.030786
vt 0.081813 0.032246
vt 0.081651 0.032813
vt 0.081355 0.032593
vt 0.234172 0.496211
vt 0.234416 0.495683
vt 0.234666 0.496263
vt 0.079923 0.030010
vt 0.080391 0.029988
vt 0.080245 0.030313
vt 0.079756 0.030936
vt 0.079498 0.030655
vt 0.079871 0.030504
vt 0.232855 0.498899
vt 0.232938 0.499296
vt 0.232497 0.499327
vt 0.077964 0.045649
vt 0.077881 0.046029
vt 0.077697 0.045650
vt 0.083802 0.050109
vt 0.083357 0.050030
vt 0.083186 0.049627
vt 0.082611 0.049350
vt 0.082784 0.049772
vt 0.082456 0.049847
vt 0.087465 0.047044
vt 0.087879 0.047112
vt 0.087557 0.047527
vt 0.007359 0.080750
vt 0.007723 0.081057
vt 0.007390 0.081069
vt 0.023122 0.077277
vt 0.023007 0.077679
vt 0.022581 0.077756
vt 0.046348 0.453651
vt 0.046194 0.453463
vt 0.046451 0.453310
vt 0.021494 0.077577
vt 0.021563 0.077051
vt 0.022079 0.077098
vt 0.009431 0.079938
vt 0.009905 0.079881
vt 0.009931 0.080382
vt 0.014784 0.078520
vt 0.015450 0.078019
vt 0.015325 0.078565
vt 0.013885 0.076538
vt 0.013695 0.077077
vt 0.013243 0.076674
vt 0.010798 0.078535
vt 0.010124 0.078521
vt 0.010005 0.078109
vt 0.008059 0.080393
vt 0.008591 0.080494
vt 0.008832 0.080758
vt 0.088259 0.048344
vt 0.087925 0.047897
vt 0.088320 0.047868
vt 0.007638 0.081252
vt 0.023620 0.064177
vt 0.022992 0.064204
vt 0.023263 0.063710
vt 0.022861 0.064759
vt 0.023192 0.064802
vt 0.023065 0.065219
vt 0.299706 0.296310
vt 0.300297 0.296319
vt 0.300137 0.296645
vt 0.255323 0.304364
vt 0.255342 0.305023
vt 0.255905 0.304806
vt 0.241053 0.834708
vt 0.240911 0.835035
vt 0.240639 0.834421
vt 0.241487 0.833972
vt 0.241076 0.833380
vt 0.241441 0.833370
vt 0.023360 0.073343
vt 0.023072 0.072668
vt 0.023802 0.072700
vt 0.241088 0.838061
vt 0.240925 0.837671
vt 0.241217 0.837708
vt 0.168911 0.948961
vt 0.168555 0.948799
vt 0.168884 0.948491
vt 0.227198 0.698848
vt 0.226799 0.698967
vt 0.226693 0.698514
vt 0.226240 0.698580
vt 0.225991 0.697971
vt 0.226366 0.698220
vt 0.225735 0.697057
vt 0.225848 0.696827
vt 0.225987 0.697128
vt 0.255364 0.204237
vt 0.255973 0.204031
vt 0.255909 0.204466
vt 0.242673 0.043091
vt 0.242711 0.043593
vt 0.242241 0.043348
vt 0.225859 0.692753
vt 0.225387 0.692839
vt 0.225547 0.692283
vt 0.227492 0.691586
vt 0.227279 0.691276
vt 0.227661 0.691141
vt 0.226959 0.682231
vt 0.227274 0.682274
vt 0.221655 0.688493
vt 0.221555 0.687970
vt 0.221928 0.688130
vt 0.224101 0.692745
vt 0.224387 0.692219
vt 0.224565 0.692692
vt 0.233535 0.486923
vt 0.233715 0.487144
vt 0.143788 0.273078
vt 0.143456 0.273399
vt 0.143283 0.272853
vt 0.148249 0.266175
vt 0.148365 0.266585
vt 0.147804 0.266271
vt 0.145892 0.274853
vt 0.145998 0.275291
vt 0.145688 0.275200
vt 0.088549 0.027110
vt 0.088806 0.026663
vt 0.089053 0.027052
vt 0.165238 0.955274
vt 0.165452 0.954643
vt 0.165699 0.955164
vt 0.161768 0.955186
vt 0.161872 0.954735
vt 0.162170 0.955292
vt 0.167209 0.954264
vt 0.167150 0.953752
vt 0.167599 0.954166
vt 0.162822 0.691305
vt 0.162453 0.691612
vt 0.162488 0.691218
vt 0.354223 0.756179
vt 0.354464 0.755751
vt 0.354703 0.756133
vt 0.355293 0.755556
vt 0.355374 0.755056
vt 0.355800 0.755397
vt 0.355380 0.756352
vt 0.354992 0.756529
vt 0.355067 0.756130
vt 0.013402 0.058310
vt 0.012958 0.058153
vt 0.013265 0.057822
vt 0.005119 0.055359
vt 0.005440 0.055655
vt 0.004798 0.055786
vt 0.005575 0.056017
vt 0.005156 0.056103
vt 0.009194 0.054618
vt 0.009654 0.054415
vt 0.009622 0.054775
vt 0.288878 0.349360
vt 0.288623 0.348799
vt 0.289265 0.348674
vt 0.241970 0.043810
vt 0.241427 0.043785
vt 0.241690 0.043378
vt 0.235181 0.695172
vt 0.234606 0.695058
vt 0.235041 0.694730
vt 0.239881 0.039118
vt 0.240265 0.038866
vt 0.240153 0.039197
vt 0.241831 0.041407
vt 0.241761 0.042083
vt 0.241446 0.041860
vt 0.168717 0.688441
vt 0.169203 0.688517
vt 0.168767 0.688945
vt 0.169857 0.689357
vt 0.170187 0.689714
vt 0.169732 0.689905
vt 0.303207 0.046827
vt 0.302890 0.046970
vt 0.302808 0.046619
vt 0.174726 0.695831
vt 0.174978 0.696270
vt 0.174402 0.696400
vt 0.170940 0.695071
vt 0.171329 0.695319
vt 0.171002 0.695486
vt 0.247922 0.045095
vt 0.247461 0.045122
vt 0.247742 0.044575
vt 0.148439 0.163881
vt 0.148252 0.163539
vt 0.148719 0.163430
vt 0.323415 0.795333
vt 0.323884 0.795320
vt 0.323520 0.795779
vt 0.173199 0.423838
vt 0.173586 0.423996
vt 0.173302 0.424234
vt 0.147319 0.164527
vt 0.147168 0.164320
vt 0.147553 0.164421
vt 0.142538 0.169023
vt 0.142681 0.169380
vt 0.142227 0.169237
vt 0.140952 0.164527
vt 0.140695 0.164991
vt 0.140305 0.164624
vt 0.148399 0.165516
vt 0.148250 0.166102
vt 0.147911 0.165682
vt 0.138378 0.336977
vt 0.138815 0.337077
vt 0.138387 0.337527
vt 0.150452 0.159801
vt 0.150565 0.160190
vt 0.150109 0.160105
vt 0.142025 0.334437
vt 0.141742 0.333980
vt 0.142125 0.333830
vt 0.176819 0.701351
vt 0.176568 0.701135
vt 0.176891 0.700946
vt 0.136580 0.078533
vt 0.136663 0.079044
vt 0.136321 0.078935
vt 0.144028 0.340147
vt 0.144389 0.340948
vt 0.143696 0.340675
vt 0.144969 0.343847
vt 0.145130 0.344572
vt 0.144647 0.344379
vt 0.148448 0.335943
vt 0.149007 0.335644
vt 0.148958 0.336250
vt 0.139817 0.072539
vt 0.139698 0.072939
vt 0.139413 0.072896
vt 0.166916 0.254069
vt 0.167090 0.254449
vt 0.166532 0.254546
vt 0.149011 0.347906
vt 0.149323 0.348475
vt 0.148835 0.348339
vt 0.148851 0.350436
vt 0.149308 0.350277
vt 0.149350 0.350770
vt 0.537805 0.927762
vt 0.537500 0.927395
vt 0.537889 0.927366
vt 0.138923 0.075558
vt 0.139411 0.075086
vt 0.139380 0.075512
vt 0.241786 0.809958
vt 0.242188 0.809783
vt 0.242057 0.810225
vt 0.140642 0.082515
vt 0.140725 0.081931
vt 0.140998 0.082319
vt 0.241549 0.810414
vt 0.240906 0.810396
vt 0.241399 0.809972
vt 0.141693 0.081267
vt 0.141362 0.080860
vt 0.141771 0.080795
vt 0.141914 0.076747
vt 0.142056 0.077060
vt 0.141750 0.077252
vt 0.145866 0.073514
vt 0.146099 0.073673
vt 0.145597 0.073818
vt 0.167659 0.259958
vt 0.168134 0.259889
vt 0.167844 0.260221
vt 0.145651 0.071933
vt 0.145126 0.071734
vt 0.145173 0.071345
vt 0.149888 0.336431
vt 0.149394 0.336656
vt 0.149446 0.336071
vt 0.254122 0.088977
vt 0.253624 0.089045
vt 0.253796 0.088620
vt 0.153933 0.157433
vt 0.153894 0.157810
vt 0.153532 0.157662
vt 0.257804 0.084578
vt 0.257461 0.084891
vt 0.257277 0.084626
vt 0.137220 0.317120
vt 0.137679 0.317046
vt 0.137530 0.317610
vt 0.258159 0.087189
vt 0.257895 0.086819
vt 0.258533 0.086892
vt 0.165939 0.240969
vt 0.166224 0.240906
vt 0.166129 0.241274
vt 0.165049 0.251167
vt 0.165527 0.251280
vt 0.165090 0.251723
vt 0.166307 0.250762
vt 0.165855 0.250856
vt 0.166049 0.250471
vt 0.167460 0.250990
vt 0.167728 0.251571
vt 0.167149 0.251503
vt 0.135343 0.309288
vt 0.135373 0.308724
vt 0.135805 0.308864
vt 0.168918 0.409619
vt 0.168521 0.409442
vt 0.168930 0.409050
vt 0.194907 0.576850
vt 0.194705 0.576618
vt 0.195187 0.576555
vt 0.171750 0.409726
vt 0.171194 0.410026
vt 0.171429 0.409664
vt 0.193779 0.573014
vt 0.194259 0.572694
vt 0.194348 0.573206
vt 0.196639 0.571991
vt 0.196596 0.572709
vt 0.196012 0.572108
vt 0.178505 0.309779
vt 0.178556 0.310136
vt 0.178069 0.310089
vt 0.228126 0.735263
vt 0.227612 0.735312
vt 0.227824 0.734834
vt 0.245722 0.276636
vt 0.245857 0.277362
vt 0.245423 0.276952
vt 0.169526 0.261764
vt 0.168916 0.261326
vt 0.169489 0.261153
vt 0.169781 0.260837
vt 0.169189 0.260777
vt 0.350004 0.137393
vt 0.349624 0.137676
vt 0.349783 0.137244
vt 0.146493 0.354376
vt 0.146075 0.354443
vt 0.146354 0.354105
vt 0.146328 0.354696
vt 0.145810 0.354770
vt 0.151789 0.349921
vt 0.152146 0.349435
vt 0.152377 0.349784
vt 0.291543 0.159719
vt 0.291246 0.159651
vt 0.291712 0.159332
vt 0.292732 0.159328
vt 0.292762 0.159700
vt 0.292304 0.159653
vt 0.260432 0.304083
vt 0.259504 0.303789
vt 0.259386 0.304395
vt 0.229693 0.422608
vt 0.229356 0.423193
vt 0.229390 0.422687
vt 0.141369 0.354165
vt 0.141485 0.354570
vt 0.140856 0.354266
vt 0.228739 0.423981
vt 0.228392 0.424168
vt 0.228706 0.423626
vt 0.323933 0.072669
vt 0.323977 0.072095
vt 0.324304 0.072268
vt 0.325066 0.071988
vt 0.324688 0.072098
vt 0.325094 0.071549
vt 0.324560 0.071703
vt 0.327654 0.069262
vt 0.327271 0.069623
vt 0.326816 0.069554
vt 0.324745 0.072316
vt 0.301086 0.296201
vt 0.300648 0.296429
vt 0.300674 0.296143
vt 0.255859 0.305421
vt 0.256354 0.305391
vt 0.170962 0.707532
vt 0.170522 0.707171
vt 0.171230 0.707060
vt 0.175001 0.704806
vt 0.174938 0.704407
vt 0.175419 0.704490
vt 0.323073 0.792954
vt 0.323355 0.792617
vt 0.323506 0.793252
vt 0.162039 0.409418
vt 0.162049 0.409939
vt 0.161672 0.409943
vt 0.165524 0.408350
vt 0.165993 0.408199
vt 0.165926 0.408533
vt 0.166341 0.407929
vt 0.165803 0.407798
vt 0.186084 0.570935
vt 0.186374 0.571241
vt 0.185749 0.571365
vt 0.185581 0.570097
vt 0.185372 0.569732
vt 0.185916 0.569857
vt 0.184455 0.572922
vt 0.183873 0.572997
vt 0.184284 0.572519
vt 0.182905 0.570676
vt 0.182538 0.570316
vt 0.183171 0.570298
vt 0.232123 0.682059
vt 0.232306 0.681552
vt 0.232485 0.681873
vt 0.231932 0.679726
vt 0.232222 0.679453
vt 0.232354 0.679740
vt 0.161284 0.451855
vt 0.161233 0.452482
vt 0.160832 0.452120
vt 0.162471 0.452576
vt 0.163005 0.452898
vt 0.162587 0.453188
vt 0.326426 0.652915
vt 0.325779 0.652926
vt 0.326095 0.652659
vt 0.170220 0.450054
vt 0.169620 0.449996
vt 0.169829 0.449687
vt 0.168622 0.451511
vt 0.168439 0.451942
vt 0.168125 0.451496
vt 0.170012 0.449279
vt 0.170471 0.449578
vt 0.172900 0.449724
vt 0.172719 0.449589
vt 0.173227 0.449640
vt 0.173963 0.449591
vt 0.173775 0.450053
vt 0.160368 0.447746
vt 0.160163 0.448285
vt 0.159935 0.448113
vt 0.047071 0.453526
vt 0.047035 0.453053
vt 0.047364 0.453259
vt 0.320264 0.506991
vt 0.319834 0.506656
vt 0.320213 0.506416
vt 0.172847 0.457366
vt 0.172234 0.457344
vt 0.172730 0.456776
vt 0.177425 0.797740
vt 0.177636 0.797271
vt 0.177782 0.797714
vt 0.177026 0.800511
vt 0.177420 0.800700
vt 0.176856 0.800909
vt 0.174477 0.797594
vt 0.174427 0.797108
vt 0.176980 0.801288
vt 0.176498 0.801745
vt 0.176286 0.801145
vt 0.174501 0.938632
vt 0.174918 0.939232
vt 0.174041 0.938949
vt 0.179091 0.940212
vt 0.179915 0.940093
vt 0.179795 0.940393
vt 0.173957 0.944283
vt 0.173557 0.944102
vt 0.173924 0.943700
vt 0.173946 0.947070
vt 0.174477 0.946815
vt 0.174451 0.947447
vt 0.172159 0.944731
vt 0.171568 0.944763
vt 0.171647 0.944185
vt 0.173248 0.943729
vt 0.173966 0.947766
vt 0.173917 0.947449
vt 0.309598 0.583717
vt 0.309147 0.583241
vt 0.309521 0.582826
vt 0.045477 0.451561
vt 0.045180 0.451547
vt 0.045482 0.451144
vt 0.045474 0.451995
vt 0.045036 0.452076
vt 0.026807 0.075324
vt 0.026437 0.074945
vt 0.026837 0.074542
vt 0.247555 0.841887
vt 0.248132 0.842329
vt 0.247530 0.842541
vt 0.308680 0.581015
vt 0.308897 0.580378
vt 0.309240 0.581019
vt 0.364094 0.453437
vt 0.363589 0.454031
vt 0.364140 0.453961
vt 0.176186 0.800275
vt 0.176746 0.800076
vt 0.176550 0.800647
vt 0.177362 0.800361
vt 0.177764 0.799919
vt 0.279417 0.685920
vt 0.278732 0.685614
vt 0.279274 0.685156
vt 0.166287 0.307797
vt 0.165857 0.307230
vt 0.166373 0.307388
vt 0.325785 0.649379
vt 0.326218 0.649872
vt 0.325426 0.650029
vt 0.327217 0.654301
vt 0.327218 0.654827
vt 0.326730 0.654534
vt 0.325356 0.653267
vt 0.325164 0.652841
vt 0.324489 0.652908
vt 0.324777 0.652365
vt 0.279901 0.685300
vt 0.571323 0.931872
vt 0.571941 0.931761
vt 0.571546 0.932065
vt 0.226400 0.679520
vt 0.225967 0.679760
vt 0.226263 0.679374
vt 0.279130 0.682546
vt 0.278595 0.682578
vt 0.278612 0.682084
vt 0.278774 0.684768
vt 0.279239 0.684551
vt 0.448615 0.931348
vt 0.447863 0.931666
vt 0.447995 0.931134
vt 0.561890 0.918307
vt 0.560804 0.918398
vt 0.561447 0.918774
vt 0.195185 0.003413
vt 0.195159 0.003841
vt 0.195639 0.003559
vt 0.046602 0.378580
vt 0.046987 0.378701
vt 0.046491 0.379093
vt 0.175473 0.309679
vt 0.174880 0.309514
vt 0.175292 0.309143
vt 0.165316 0.308759
vt 0.165304 0.308292
vt 0.165764 0.308581
vt 0.174476 0.309486
vt 0.174157 0.309258
vt 0.174652 0.309213
vt 0.176154 0.307933
vt 0.175929 0.308276
vt 0.177535 0.310087
vt 0.177348 0.309748
vt 0.177760 0.309624
vt 0.241935 0.280961
vt 0.242578 0.280230
vt 0.242547 0.281248
vt 0.215935 0.957734
vt 0.215693 0.957454
vt 0.216111 0.957390
vt 0.137078 0.040054
vt 0.137180 0.039488
vt 0.137389 0.039755
vt 0.220015 0.953505
vt 0.219365 0.953478
vt 0.219704 0.953035
vt 0.219225 0.952723
vt 0.219369 0.952959
vt 0.219044 0.952985
vt 0.219489 0.955107
vt 0.219368 0.954838
vt 0.219594 0.954853
vt 0.219679 0.953867
vt 0.219371 0.954086
vt 0.175587 0.305538
vt 0.175250 0.305597
vt 0.175283 0.305211
vt 0.165424 0.302958
vt 0.165881 0.303315
vt 0.165474 0.303612
vt 0.216799 0.957699
vt 0.217034 0.957380
vt 0.217325 0.957677
vt 0.166026 0.304435
vt 0.165699 0.304382
vt 0.165822 0.303994
vt 0.212223 0.959614
vt 0.211720 0.959632
vt 0.211983 0.959452
vt 0.216715 0.953117
vt 0.216305 0.953119
vt 0.216447 0.952686
vt 0.189671 0.773742
vt 0.190131 0.773762
vt 0.189996 0.774108
vt 0.214343 0.950597
vt 0.214288 0.951165
vt 0.213930 0.950800
vt 0.204216 0.948578
vt 0.204495 0.948772
vt 0.203855 0.949181
vt 0.210101 0.951320
vt 0.209508 0.951283
vt 0.209885 0.950890
vt 0.188174 0.771928
vt 0.187818 0.771514
vt 0.188424 0.771545
vt 0.206364 0.948614
vt 0.206409 0.948127
vt 0.206792 0.948438
vt 0.212792 0.950495
vt 0.212404 0.950989
vt 0.212383 0.950405
vt 0.206505 0.951651
vt 0.206814 0.951368
vt 0.206749 0.951928
vt 0.208810 0.952319
vt 0.208997 0.951902
vt 0.209284 0.952034
vt 0.203846 0.948520
vt 0.203396 0.948453
vt 0.203774 0.948073
vt 0.064833 0.439083
vt 0.064180 0.439121
vt 0.064350 0.438548
vt 0.203459 0.948860
vt 0.055911 0.237192
vt 0.056329 0.236956
vt 0.056424 0.237393
vt 0.257984 0.342927
vt 0.257471 0.342827
vt 0.257815 0.342525
vt 0.165000 0.303334
vt 0.164892 0.302733
vt 0.060043 0.245711
vt 0.059885 0.245964
vt 0.059555 0.245771
vt 0.044938 0.463167
vt 0.044394 0.462974
vt 0.044757 0.462574
vt 0.058216 0.246212
vt 0.058515 0.245888
vt 0.058670 0.246199
vt 0.057892 0.247954
vt 0.057305 0.247938
vt 0.057648 0.247722
vt 0.316073 0.688854
vt 0.316058 0.688273
vt 0.316460 0.688563
vt 0.358006 0.595118
vt 0.357857 0.595665
vt 0.357373 0.595314
vt 0.064704 0.442184
vt 0.064447 0.441693
vt 0.064876 0.441627
vt 0.063896 0.438624
vt 0.063555 0.438124
vt 0.064027 0.438081
vt 0.063683 0.437574
vt 0.259243 0.342198
vt 0.259710 0.342246
vt 0.259478 0.342886
vt 0.261043 0.337661
vt 0.261397 0.337533
vt 0.261466 0.338348
vt 0.354362 0.918707
vt 0.353732 0.918499
vt 0.353988 0.918304
vt 0.058730 0.441318
vt 0.058111 0.441258
vt 0.058464 0.440824
vt 0.300464 0.820930
vt 0.300474 0.821277
vt 0.300112 0.821154
vt 0.299409 0.820407
vt 0.299932 0.820399
vt 0.299695 0.820731
vt 0.300120 0.824178
vt 0.299741 0.824576
vt 0.299564 0.824086
vt 0.166850 0.794088
vt 0.166387 0.794157
vt 0.166416 0.793635
vt 0.299898 0.761219
vt 0.299583 0.761485
vt 0.299508 0.761101
vt 0.299743 0.758612
vt 0.299965 0.759179
vt 0.299435 0.759147
vt 0.189823 0.030850
vt 0.189739 0.030396
vt 0.190037 0.030374
vt 0.253973 0.160803
vt 0.254283 0.161156
vt 0.253674 0.161230
vt 0.255182 0.164378
vt 0.254800 0.164091
vt 0.255208 0.163989
vt 0.053730 0.438102
vt 0.053590 0.437937
vt 0.053083 0.438210
vt 0.052873 0.437814
vt 0.056462 0.430807
vt 0.056842 0.431044
vt 0.056602 0.431324
vt 0.052945 0.434347
vt 0.053662 0.434588
vt 0.052953 0.434784
vt 0.306902 0.073065
vt 0.307322 0.073259
vt 0.306915 0.073414
vt 0.307472 0.073615
vt 0.307756 0.073369
vt 0.307875 0.073782
vt 0.310784 0.071839
vt 0.310316 0.072227
vt 0.310331 0.071873
vt 0.260314 0.159291
vt 0.260573 0.159192
vt 0.260352 0.159426
vt 0.258069 0.159017
vt 0.258310 0.159177
vt 0.258065 0.159345
vt 0.187033 0.040168
vt 0.186745 0.039768
vt 0.187118 0.039682
vt 0.280269 0.850385
vt 0.279936 0.850349
vt 0.280104 0.850121
vt 0.046022 0.608666
vt 0.045784 0.608708
vt 0.045710 0.608358
vt 0.253595 0.603948
vt 0.253819 0.603585
vt 0.253871 0.604140
vt 0.232639 0.108179
vt 0.232863 0.108660
vt 0.232499 0.108616
vt 0.191446 0.044711
vt 0.191589 0.044348
vt 0.191970 0.044637
vt 0.259958 0.596136
vt 0.260240 0.596439
vt 0.259708 0.596598
vt 0.257892 0.599382
vt 0.257671 0.599204
vt 0.257732 0.598840
vt 0.187591 0.039587
vt 0.188121 0.039801
vt 0.187781 0.039983
vt 0.190959 0.036418
vt 0.190992 0.036833
vt 0.190589 0.036795
vt 0.195543 0.037494
vt 0.195129 0.037521
vt 0.195043 0.037138
vt 0.196365 0.044683
vt 0.196803 0.045034
vt 0.196144 0.045296
vt 0.192940 0.044271
vt 0.192837 0.043777
vt 0.193326 0.044114
vt 0.165996 0.793975
vt 0.166153 0.794264
vt 0.317885 0.503101
vt 0.317690 0.503667
vt 0.317496 0.503319
vt 0.316382 0.503909
vt 0.316440 0.504427
vt 0.316160 0.504462
vt 0.326446 0.947903
vt 0.325709 0.948084
vt 0.325648 0.947612
vt 0.162631 0.792666
vt 0.162270 0.793099
vt 0.162093 0.792740
vt 0.292001 0.364871
vt 0.292427 0.364857
vt 0.292260 0.365072
vt 0.293940 0.365202
vt 0.294169 0.364814
vt 0.294332 0.365211
vt 0.328630 0.948664
vt 0.329281 0.949186
vt 0.328646 0.949181
vt 0.332312 0.067520
vt 0.332475 0.067876
vt 0.331961 0.067919
vt 0.419618 0.904984
vt 0.419083 0.904808
vt 0.419370 0.904736
vt 0.143134 0.255661
vt 0.142754 0.255930
vt 0.142714 0.255530
vt 0.147821 0.257571
vt 0.148238 0.257844
vt 0.147582 0.257867
vt 0.334140 0.067077
vt 0.334366 0.067287
vt 0.334192 0.067457
vt 0.140762 0.259003
vt 0.140080 0.259268
vt 0.140271 0.258859
vt 0.145739 0.263149
vt 0.144967 0.262978
vt 0.145405 0.262607
vt 0.142623 0.262488
vt 0.142180 0.262467
vt 0.142421 0.262141
vt 0.138661 0.264224
vt 0.139096 0.263755
vt 0.139273 0.264307
vt 0.137429 0.259960
vt 0.137702 0.259435
vt 0.137842 0.259913
vt 0.229033 0.840742
vt 0.228786 0.841173
vt 0.228547 0.840831
vt 0.228810 0.839513
vt 0.229196 0.839464
vt 0.229030 0.839763
vt 0.180192 0.854568
vt 0.179603 0.854802
vt 0.179640 0.854290
vt 0.260168 0.145894
vt 0.260005 0.146499
vt 0.259572 0.146154
vt 0.300342 0.742390
vt 0.300763 0.742078
vt 0.300936 0.742907
vt 0.175419 0.854138
vt 0.175127 0.853830
vt 0.175598 0.853808
vt 0.173880 0.855150
vt 0.176519 0.850779
vt 0.176566 0.851091
vt 0.176310 0.850992
vt 0.315833 0.232874
vt 0.315553 0.232583
vt 0.316055 0.232365
vt 0.287853 0.367533
vt 0.287544 0.367801
vt 0.287632 0.367305
vt 0.338790 0.694157
vt 0.338524 0.694059
vt 0.338651 0.693710
vt 0.179296 0.849804
vt 0.178980 0.850420
vt 0.178869 0.850025
vt 0.259590 0.148326
vt 0.259630 0.147628
vt 0.260101 0.147915
vt 0.224405 0.849832
vt 0.224083 0.850170
vt 0.223983 0.849611
vt 0.143237 0.387765
vt 0.142873 0.388139
vt 0.142465 0.388276
vt 0.343149 0.392397
vt 0.342885 0.393164
vt 0.342689 0.392626
vt 0.372634 0.643582
vt 0.373051 0.643444
vt 0.372957 0.644028
vt 0.372601 0.642930
vt 0.372456 0.642279
vt 0.373063 0.642540
vt 0.373320 0.644417
vt 0.224579 0.849055
vt 0.224066 0.848956
vt 0.224535 0.848449
vt 0.320472 0.811864
vt 0.319923 0.811784
vt 0.320152 0.811347
vt 0.152482 0.401318
vt 0.153012 0.401068
vt 0.152818 0.401683
vt 0.355602 0.186101
vt 0.355692 0.185542
vt 0.356004 0.185982
vt 0.344748 0.394407
vt 0.345211 0.394226
vt 0.345279 0.394619
vt 0.140173 0.280606
vt 0.139346 0.280753
vt 0.760326 0.931496
vt 0.759704 0.931657
vt 0.760380 0.932086
vt 0.344841 0.394667
vt 0.344427 0.394818
vt 0.315481 0.811396
vt 0.315706 0.810935
vt 0.315914 0.811248
vt 0.151925 0.403942
vt 0.152158 0.404366
vt 0.151524 0.404434
vt 0.185670 0.397334
vt 0.185387 0.397742
vt 0.185300 0.397348
vt 0.151870 0.403171
vt 0.151354 0.403462
vt 0.151823 0.402374
vt 0.151998 0.402755
vt 0.144407 0.401883
vt 0.144964 0.402443
vt 0.144383 0.402384
vt 0.143626 0.402754
vt 0.344512 0.102276
vt 0.344501 0.101459
vt 0.344850 0.101866
vt 0.143967 0.402880
vt 0.144423 0.402919
vt 0.143856 0.403292
vt 0.199555 0.624139
vt 0.199602 0.624640
vt 0.199223 0.624223
vt 0.270792 0.877366
vt 0.270300 0.877146
vt 0.270753 0.877070
vt 0.272950 0.878361
vt 0.272676 0.877958
vt 0.273237 0.877814
vt 0.272734 0.877103
vt 0.272709 0.877530
vt 0.272279 0.877262
vt 0.271769 0.879427
vt 0.271334 0.879729
vt 0.271311 0.879456
vt 0.138507 0.280496
vt 0.139013 0.280290
vt 0.138785 0.280751
vt 0.141659 0.279136
vt 0.141518 0.279486
vt 0.141274 0.279256
vt 0.210784 0.000899
vt 0.078212 0.046238
vt 0.077994 0.046611
vt 0.077227 0.044450
vt 0.077809 0.044765
vt 0.077519 0.044987
vt 0.077416 0.045963
vt 0.077656 0.046369
vt 0.541332 0.959315
vt 0.541432 0.959019
vt 0.541758 0.959190
vt 0.226554 0.492395
vt 0.226645 0.492744
vt 0.226122 0.492612
vt 0.074620 0.047007
vt 0.074243 0.046727
vt 0.074282 0.046546
vt 0.198936 0.403307
vt 0.199055 0.402862
vt 0.199377 0.403078
vt 0.070269 0.039600
vt 0.070286 0.039041
vt 0.070545 0.039550
vt 0.198593 0.404510
vt 0.198736 0.404040
vt 0.199067 0.404191
vt 0.196734 0.403896
vt 0.197076 0.404115
vt 0.196506 0.404233
vt 0.194690 0.400147
vt 0.195110 0.400031
vt 0.194949 0.400559
vt 0.193705 0.403500
vt 0.193620 0.403268
vt 0.193986 0.403389
vt 0.194445 0.400591
vt 0.193324 0.403048
vt 0.193470 0.402613
vt 0.193748 0.402979
vt 0.225454 0.493588
vt 0.225650 0.493045
vt 0.225933 0.493541
vt 0.194449 0.398137
vt 0.194642 0.398428
vt 0.194113 0.398514
vt 0.071287 0.031026
vt 0.070897 0.031358
vt 0.071054 0.030851
vt 0.193253 0.396235
vt 0.192752 0.396615
vt 0.192897 0.396094
vt 0.223796 0.493775
vt 0.223399 0.493835
vt 0.223505 0.493511
vt 0.070868 0.030659
vt 0.070859 0.030259
vt 0.071189 0.030385
vt 0.230041 0.484147
vt 0.230466 0.484029
vt 0.230452 0.484414
vt 0.137843 0.261183
vt 0.136992 0.261407
vt 0.137394 0.260814
vt 0.237364 0.847126
vt 0.237028 0.847532
vt 0.236972 0.847144
vt 0.224630 0.486644
vt 0.224797 0.487025
vt 0.224412 0.487118
vt 0.192793 0.389728
vt 0.192912 0.390012
vt 0.192570 0.389993
vt 0.221706 0.493045
vt 0.221445 0.492928
vt 0.221649 0.492617
vt 0.318359 0.019685
vt 0.318882 0.019707
vt 0.318692 0.019994
vt 0.230301 0.845086
vt 0.230591 0.844687
vt 0.230604 0.845058
vt 0.226947 0.848648
vt 0.227479 0.848775
vt 0.227033 0.849121
vt 0.228588 0.847601
vt 0.229065 0.847714
vt 0.228682 0.848080
vt 0.146496 0.396363
vt 0.146949 0.396589
vt 0.146444 0.396874
vt 0.186045 0.398153
vt 0.185658 0.398169
vt 0.185778 0.397813
vt 0.228536 0.855387
vt 0.228537 0.855665
vt 0.228173 0.855436
vt 0.228380 0.855128
vt 0.228702 0.855193
vt 0.228892 0.855462
vt 0.229769 0.849566
vt 0.229608 0.849103
vt 0.230095 0.849160
vt 0.145211 0.401885
vt 0.228695 0.850125
vt 0.229073 0.849825
vt 0.229121 0.850201
vt 0.129454 0.988538
vt 0.128892 0.988855
vt 0.128853 0.988331
vt 0.192651 0.628502
vt 0.192343 0.628401
vt 0.192445 0.628076
vt 0.194498 0.632222
vt 0.195106 0.632187
vt 0.194590 0.632810
vt 0.193252 0.631292
vt 0.192732 0.631736
vt 0.192752 0.631229
vt 0.194889 0.626164
vt 0.194966 0.625760
vt 0.195323 0.626198
vt 0.199169 0.628376
vt 0.199302 0.628785
vt 0.198923 0.628766
vt 0.198543 0.626149
vt 0.199040 0.626385
vt 0.198697 0.626636
vt 0.197510 0.625676
vt 0.198073 0.625698
vt 0.197825 0.626130
vt 0.228934 0.100341
vt 0.229150 0.100659
vt 0.228542 0.100586
vt 0.229853 0.100441
vt 0.229362 0.100365
vt 0.229534 0.100069
vt 0.339818 0.313180
vt 0.339486 0.312889
vt 0.339778 0.312688
vt 0.142367 0.398408
vt 0.142879 0.398296
vt 0.142783 0.398683
vt 0.054996 0.711069
vt 0.054605 0.711282
vt 0.054563 0.710869
vt 0.060941 0.713303
vt 0.054379 0.718725
vt 0.054313 0.718260
vt 0.054709 0.718641
vt 0.056134 0.717645
vt 0.055736 0.717324
vt 0.056106 0.717135
vt 0.134503 0.394433
vt 0.134731 0.394904
vt 0.134401 0.395077
vt 0.053142 0.715778
vt 0.052821 0.715533
vt 0.053142 0.715295
vt 0.052599 0.712668
vt 0.052708 0.712268
vt 0.052930 0.712741
vt 0.050779 0.718565
vt 0.051217 0.718474
vt 0.051068 0.718949
vt 0.109121 0.979675
vt 0.109192 0.979118
vt 0.109551 0.979568
vt 0.109590 0.980914
vt 0.109005 0.981019
vt 0.113325 0.970858
vt 0.113725 0.971183
vt 0.113033 0.971386
vt 0.108256 0.970545
vt 0.108648 0.970137
vt 0.108653 0.970603
vt 0.168273 0.071265
vt 0.168239 0.070626
vt 0.168726 0.070858
vt 0.171409 0.069915
vt 0.171982 0.070219
vt 0.171584 0.070417
vt 0.173819 0.070966
vt 0.173431 0.071156
vt 0.173474 0.070581
vt 0.303298 0.429560
vt 0.303501 0.429222
vt 0.303691 0.429642
vt 0.107978 0.981660
vt 0.108456 0.981472
vt 0.108119 0.982074
vt 0.108025 0.980152
vt 0.108059 0.979629
vt 0.108453 0.980040
vt 0.106530 0.982436
vt 0.106319 0.982332
vt 0.106564 0.981944
vt 0.112100 0.977546
vt 0.111994 0.978098
vt 0.111695 0.977659
vt 0.071128 0.859104
vt 0.071103 0.858609
vt 0.117817 0.983020
vt 0.117442 0.983567
vt 0.117212 0.983038
vt 0.117879 0.983591
vt 0.120096 0.981833
vt 0.119788 0.982072
vt 0.119812 0.981584
vt 0.118795 0.980496
vt 0.119227 0.980130
vt 0.119304 0.980755
vt 0.050599 0.719082
vt 0.118265 0.993738
vt 0.118216 0.994123
vt 0.117801 0.994078
vt 0.118880 0.993210
vt 0.119380 0.993171
vt 0.119038 0.993532
vt 0.118938 0.991786
vt 0.118956 0.991335
vt 0.119333 0.991477
vt 0.183188 0.632427
vt 0.183138 0.631949
vt 0.183557 0.632064
vt 0.114521 0.990228
vt 0.114857 0.990778
vt 0.114285 0.990836
vt 0.112537 0.990383
vt 0.112495 0.989904
vt 0.112987 0.990214
vt 0.113605 0.732036
vt 0.113822 0.732261
vt 0.113453 0.732457
vt 0.235993 0.663081
vt 0.235716 0.663012
vt 0.235892 0.662679
vt 0.120715 0.729889
vt 0.120415 0.730363
vt 0.120234 0.729904
vt 0.122030 0.728401
vt 0.122381 0.728809
vt 0.121927 0.728836
vt 0.120975 0.730323
vt 0.121148 0.729858
vt 0.121504 0.730084
vt 0.122389 0.729725
vt 0.122298 0.729263
vt 0.122951 0.729512
vt 0.121009 0.728625
vt 0.121451 0.728401
vt 0.121473 0.728817
vt 0.124032 0.738305
vt 0.124505 0.738078
vt 0.124588 0.738664
vt 0.121006 0.736387
vt 0.121125 0.735975
vt 0.121584 0.736130
vt 0.116307 0.737120
vt 0.115819 0.737233
vt 0.116119 0.736694
vt 0.107185 0.736603
vt 0.107120 0.736012
vt 0.107432 0.736125
vt 0.247386 0.660618
vt 0.247725 0.660240
vt 0.248070 0.660590
vt 0.249446 0.660210
vt 0.249263 0.660272
vt 0.249144 0.659963
vt 0.242209 0.739515
vt 0.242105 0.739151
vt 0.242393 0.739254
vt 0.247718 0.660935
vt 0.248236 0.660982
vt 0.223446 0.661161
vt 0.224044 0.661418
vt 0.223776 0.661833
vt 0.241668 0.665062
vt 0.241719 0.665557
vt 0.241265 0.665369
vt 0.247617 0.661303
vt 0.247037 0.661026
vt 0.074077 0.097462
vt 0.074109 0.097081
vt 0.074332 0.097127
vt 0.166465 0.075024
vt 0.166770 0.075492
vt 0.166358 0.075326
vt 0.224970 0.657043
vt 0.224457 0.657085
vt 0.224759 0.656693
vt 0.168193 0.081925
vt 0.168080 0.081613
vt 0.168548 0.081572
vt 0.167960 0.076758
vt 0.167469 0.076850
vt 0.167700 0.076490
vt 0.268351 0.957673
vt 0.268300 0.957202
vt 0.268648 0.957159
vt 0.244884 0.736006
vt 0.244818 0.735555
vt 0.245376 0.735547
vt 0.243956 0.736398
vt 0.243479 0.735986
vt 0.244047 0.735922
vt 0.332887 0.345450
vt 0.333200 0.345334
vt 0.332517 0.345399
vt 0.332180 0.344908
vt 0.332843 0.344995
vt 0.332279 0.345873
vt 0.332729 0.345821
vt 0.431432 0.919296
vt 0.431415 0.919531
vt 0.430990 0.919215
vt 0.431503 0.919030
vt 0.430968 0.918822
vt 0.431231 0.918564
vt 0.127033 0.997326
vt 0.127273 0.997552
vt 0.126857 0.997729
vt 0.126617 0.997194
vt 0.127283 0.996781
vt 0.126375 0.996453
vt 0.126555 0.996084
vt 0.127012 0.996286
vt 0.229435 0.964065
vt 0.229809 0.964585
vt 0.229178 0.964473
vt 0.268038 0.956075
vt 0.267734 0.956433
vt 0.267478 0.956056
vt 0.405234 0.948606
vt 0.404790 0.948957
vt 0.404811 0.948338
vt 0.114457 0.999486
vt 0.114772 0.999300
vt 0.115045 0.999676
vt 0.401588 0.949963
vt 0.401845 0.949659
vt 0.402273 0.950078
vt 0.333077 0.446091
vt 0.332121 0.446114
vt 0.332768 0.445735
vt 0.332578 0.446624
vt 0.331894 0.446596
vt 0.539413 0.923801
vt 0.538596 0.923499
vt 0.539318 0.923203
vt 0.106675 0.615100
vt 0.106264 0.615665
vt 0.106058 0.615280
vt 0.105760 0.613241
vt 0.105275 0.612981
vt 0.105784 0.612517
vt 0.281487 0.958696
vt 0.280886 0.958904
vt 0.281254 0.958352
vt 0.281040 0.955912
vt 0.281370 0.956283
vt 0.280919 0.956459
vt 0.176651 0.372083
vt 0.176289 0.372096
vt 0.176505 0.371693
vt 0.173093 0.371365
vt 0.173109 0.371865
vt 0.172820 0.371547
vt 0.164085 0.367114
vt 0.163736 0.367323
vt 0.163547 0.367067
vt 0.330849 0.348061
vt 0.331274 0.348283
vt 0.330882 0.348451
vt 0.167375 0.369100
vt 0.167634 0.368609
vt 0.167781 0.368933
vt 0.165871 0.372064
vt 0.165948 0.372381
vt 0.165652 0.372362
vt 0.125787 0.733274
vt 0.125851 0.733874
vt 0.125318 0.733600
vt 0.166459 0.375961
vt 0.166895 0.375925
vt 0.166662 0.376246
vt 0.166949 0.375591
vt 0.166606 0.375541
vt 0.166955 0.375252
vt 0.170383 0.378463
vt 0.170468 0.378033
vt 0.170888 0.378366
vt 0.274473 0.330131
vt 0.274563 0.329440
vt 0.274823 0.329952
vt 0.174671 0.380267
vt 0.174824 0.380713
vt 0.174340 0.380631
vt 0.171080 0.380413
vt 0.170863 0.380201
vt 0.171122 0.380103
vt 0.171480 0.377580
vt 0.171276 0.377998
vt 0.170976 0.377619
vt 0.173333 0.379825
vt 0.173098 0.380102
vt 0.172914 0.379785
vt 0.267015 0.326176
vt 0.266538 0.326205
vt 0.266660 0.325835
vt 0.266922 0.327665
vt 0.266677 0.327289
vt 0.267005 0.327112
vt 0.093895 0.105278
vt 0.113794 0.741217
vt 0.113761 0.740639
vt 0.114232 0.740774
vt 0.109007 0.742883
vt 0.109277 0.742499
vt 0.109277 0.743186
vt 0.094417 0.103690
vt 0.094220 0.104024
vt 0.094079 0.103621
vt 0.093519 0.106206
vt 0.093400 0.105758
vt 0.088308 0.106164
vt 0.088596 0.106620
vt 0.088255 0.106851
vt 0.088766 0.108075
vt 0.088978 0.107825
vt 0.089155 0.108212
vt 0.121688 0.747125
vt 0.121649 0.746484
vt 0.122196 0.746844
vt 0.168295 0.769453
vt 0.168490 0.768993
vt 0.168812 0.769498
vt 0.168650 0.770577
vt 0.168268 0.770552
vt 0.168318 0.770005
vt 0.169856 0.769300
vt 0.170228 0.769559
vt 0.169894 0.769917
vt 0.170003 0.773780
vt 0.170429 0.773637
vt 0.105638 0.167423
vt 0.105327 0.167233
vt 0.105758 0.167081
vt 0.107507 0.170061
vt 0.107379 0.170543
vt 0.107051 0.170271
vt 0.104994 0.170208
vt 0.104995 0.169856
vt 0.105314 0.169994
vt 0.089517 0.109691
vt 0.089776 0.109946
vt 0.089402 0.110038
vt 0.105970 0.166420
vt 0.105626 0.166511
vt 0.105732 0.166159
vt 0.110915 0.168390
vt 0.110779 0.167991
vt 0.111251 0.168132
vt 0.117622 0.171315
vt 0.117420 0.171696
vt 0.117116 0.171233
vt 0.106641 0.171429
vt 0.106593 0.171854
vt 0.106242 0.171522
vt 0.118621 0.174635
vt 0.119071 0.174458
vt 0.118950 0.174979
vt 0.116880 0.174899
vt 0.116355 0.174444
vt 0.116938 0.174331
vt 0.114607 0.178615
vt 0.114245 0.178814
vt 0.114241 0.178298
vt 0.119712 0.174316
vt 0.119086 0.173948
vt 0.123624 0.172397
vt 0.123179 0.172763
vt 0.123158 0.172329
vt 0.117031 0.183936
vt 0.116678 0.183734
vt 0.117063 0.183378
vt 0.178807 0.778447
vt 0.179358 0.778033
vt 0.179192 0.778603
vt 0.176764 0.776068
vt 0.177160 0.776180
vt 0.176782 0.776403
vt 0.176206 0.776458
vt 0.177327 0.777008
vt 0.177141 0.776736
vt 0.177472 0.776569
vt 0.166306 0.483620
vt 0.166981 0.483476
vt 0.166858 0.483967
vt 0.138643 0.768163
vt 0.138238 0.768373
vt 0.138211 0.767943
vt 0.142832 0.769611
vt 0.143283 0.770008
vt 0.142814 0.770137
vt 0.144301 0.772260
vt 0.144766 0.772829
vt 0.144194 0.772846
vt 0.144656 0.768287
vt 0.144730 0.768791
vt 0.144388 0.768464
vt 0.166169 0.484544
vt 0.166653 0.484491
vt 0.166471 0.484710
vt 0.164792 0.486548
vt 0.164310 0.486425
vt 0.164777 0.485998
vt 0.123407 0.192144
vt 0.123007 0.192716
vt 0.122871 0.192105
vt 0.125202 0.189100
vt 0.124948 0.189344
vt 0.124952 0.189007
vt 0.125276 0.188754
vt 0.124911 0.188320
vt 0.125530 0.188237
vt 0.168975 0.489990
vt 0.169536 0.489509
vt 0.169588 0.490069
vt 0.119635 0.183198
vt 0.119320 0.182883
vt 0.119694 0.182638
vt 0.123936 0.184223
vt 0.123592 0.184433
vt 0.123592 0.183811
vt 0.302467 0.927552
vt 0.301404 0.926992
vt 0.301910 0.926441
vt 0.340590 0.645879
vt 0.340707 0.645393
vt 0.341062 0.645629
vt 0.318356 0.912825
vt 0.318638 0.913804
vt 0.316894 0.914051
vt 0.317264 0.912197
vt 0.649179 0.950639
vt 0.648736 0.950891
vt 0.648915 0.950593
vt 0.343924 0.626719
vt 0.345085 0.625423
vt 0.345668 0.626806
vt 0.318051 0.204163
vt 0.318417 0.204527
vt 0.317916 0.204508
vt 0.302639 0.925862
vt 0.303104 0.927042
vt 0.113792 0.188787
vt 0.113986 0.188372
vt 0.114432 0.188643
vt 0.056991 0.061378
vt 0.056985 0.060817
vt 0.057536 0.061209
vt 0.229163 0.261984
vt 0.229197 0.262347
vt 0.228877 0.262469
vt 0.052995 0.059341
vt 0.052504 0.059172
vt 0.052819 0.058994
vt 0.052792 0.059532
vt 0.052433 0.059376
vt 0.225490 0.259011
vt 0.225372 0.258723
vt 0.225786 0.258688
vt 0.124980 0.118590
vt 0.125685 0.118990
vt 0.125157 0.118882
vt 0.213764 0.491729
vt 0.213475 0.491533
vt 0.213600 0.491344
vt 0.208806 0.490055
vt 0.209254 0.489735
vt 0.209275 0.490134
vt 0.212082 0.489873
vt 0.211805 0.489532
vt 0.212343 0.489439
vt 0.213753 0.487112
vt 0.214240 0.486995
vt 0.214144 0.487440
vt 0.124048 0.121029
vt 0.123601 0.120825
vt 0.123676 0.120454
vt 0.119645 0.117834
vt 0.119537 0.117435
vt 0.120268 0.117872
vt 0.293566 0.787942
vt 0.293644 0.787520
vt 0.293923 0.788049
vt 0.075453 0.119820
vt 0.076100 0.120583
vt 0.075478 0.120471
vt 0.078973 0.118276
vt 0.078755 0.117835
vt 0.079232 0.117704
vt 0.078323 0.117963
vt 0.077715 0.116901
vt 0.077481 0.117102
vt 0.077149 0.116771
vt 0.081244 0.115049
vt 0.080988 0.114620
vt 0.081615 0.114870
vt 0.172449 0.486289
vt 0.172884 0.485931
vt 0.172860 0.486369
vt 0.075005 0.116610
vt 0.074806 0.116233
vt 0.075099 0.116212
vt 0.245265 0.665585
vt 0.245333 0.665730
vt 0.245019 0.665670
vt 0.084989 0.121253
vt 0.084895 0.120866
vt 0.085396 0.121101
vt 0.106340 0.739084
vt 0.106253 0.738602
vt 0.106449 0.738711
vt 0.106023 0.738191
vt 0.105900 0.738783
vt 0.106485 0.738044
vt 0.085577 0.121744
vt 0.085126 0.122144
vt 0.084937 0.121851
vt 0.144028 0.768333
vt 0.144372 0.768042
vt 0.087302 0.120263
vt 0.087151 0.120551
vt 0.086869 0.120242
vt 0.174031 0.480982
vt 0.173690 0.480550
vt 0.174026 0.480418
vt 0.148061 0.760278
vt 0.148614 0.760038
vt 0.148652 0.760630
vt 0.172538 0.483113
vt 0.173016 0.483220
vt 0.172412 0.483447
vt 0.174396 0.480126
vt 0.174309 0.480619
vt 0.521258 0.927131
vt 0.521118 0.926257
vt 0.521833 0.926716
vt 0.171837 0.843078
vt 0.171417 0.843168
vt 0.171591 0.842752
vt 0.149050 0.384685
vt 0.148986 0.384265
vt 0.149653 0.384643
vt 0.170493 0.846743
vt 0.170944 0.846631
vt 0.170730 0.847083
vt 0.171950 0.846668
vt 0.172533 0.846793
vt 0.172172 0.847205
vt 0.168090 0.841761
vt 0.167765 0.841289
vt 0.168312 0.841271
vt 0.167682 0.844726
vt 0.167362 0.845041
vt 0.167245 0.844610
vt 0.332738 0.586414
vt 0.333260 0.586035
vt 0.333097 0.586505
vt 0.208128 0.902416
vt 0.207673 0.902239
vt 0.208008 0.901783
vt 0.207484 0.901804
vt 0.208225 0.903910
vt 0.208704 0.903646
vt 0.208440 0.904137
vt 0.210503 0.904408
vt 0.210108 0.904294
vt 0.210368 0.903857
vt 0.218072 0.899045
vt 0.217455 0.898878
vt 0.217886 0.898635
vt 0.216690 0.898802
vt 0.216670 0.899219
vt 0.216166 0.898934
vt 0.090083 0.248727
vt 0.090396 0.248308
vt 0.090683 0.248669
vt 0.091760 0.247807
vt 0.091919 0.247376
vt 0.092132 0.247635
vt 0.084282 0.245409
vt 0.083837 0.245198
vt 0.084205 0.244955
vt 0.083830 0.245684
vt 0.081826 0.254246
vt 0.081932 0.253895
vt 0.082299 0.254217
vt 0.164720 0.059499
vt 0.164687 0.059841
vt 0.164397 0.059706
vt 0.165499 0.058747
vt 0.164998 0.059091
vt 0.165176 0.058536
vt 0.081937 0.243843
vt 0.081436 0.243968
vt 0.081446 0.243486
vt 0.083460 0.255630
vt 0.083051 0.255595
vt 0.083436 0.255229
vt 0.087223 0.256246
vt 0.087467 0.256368
vt 0.087181 0.256656
vt 0.089601 0.254443
vt 0.089898 0.254285
vt 0.089890 0.254738
vt 0.204852 0.906377
vt 0.204521 0.906487
vt 0.204476 0.905970
vt 0.096248 0.874017
vt 0.096156 0.873058
vt 0.096722 0.873355
vt 0.095247 0.861745
vt 0.095158 0.861448
vt 0.095403 0.861446
vt 0.338502 0.798503
vt 0.338895 0.797815
vt 0.339287 0.797127
vt 0.338388 0.797254
vt 0.096472 0.872264
vt 0.095911 0.872124
vt 0.096409 0.871639
vt 0.094624 0.872282
vt 0.094732 0.871626
vt 0.095146 0.871857
vt 0.095195 0.860470
vt 0.095632 0.860987
vt 0.095021 0.861053
vt 0.245735 0.753488
vt 0.246654 0.753049
vt 0.246358 0.753847
vt 0.153277 0.015186
vt 0.152979 0.015136
vt 0.153268 0.014940
vt 0.092943 0.870760
vt 0.093553 0.870811
vt 0.093192 0.871230
vt 0.303622 0.193649
vt 0.303868 0.193890
vt 0.303512 0.194097
vt 0.304069 0.193668
vt 0.304180 0.193895
vt 0.303829 0.194469
vt 0.216864 0.176814
vt 0.217205 0.176652
vt 0.217131 0.177092
vt 0.302626 0.193069
vt 0.303081 0.193133
vt 0.302668 0.193617
vt 0.249768 0.751390
vt 0.249785 0.752443
vt 0.248818 0.751330
vt 0.361961 0.289173
vt 0.361104 0.288903
vt 0.361746 0.288487
vt 0.241064 0.666300
vt 0.241461 0.665905
vt 0.241637 0.666313
vt 0.240853 0.667004
vt 0.241419 0.666761
vt 0.275433 0.115915
vt 0.274739 0.115803
vt 0.274809 0.115324
vt 0.271281 0.113798
vt 0.271842 0.113635
vt 0.271836 0.114133
vt 0.341132 0.637543
vt 0.341183 0.639565
vt 0.339746 0.637480
vt 0.426671 0.909510
vt 0.427907 0.909996
vt 0.427708 0.908786
vt 0.166163 0.075713
vt 0.165477 0.075328
vt 0.166014 0.075093
vt 0.098884 0.866546
vt 0.098685 0.867091
vt 0.343696 0.624075
vt 0.342687 0.625535
vt 0.348348 0.311233
vt 0.350008 0.310382
vt 0.347394 0.309926
vt 0.302094 0.924146
vt 0.301619 0.925464
vt 0.165569 0.069765
vt 0.165367 0.069520
vt 0.165824 0.069500
vt 0.164856 0.058414
vt 0.164680 0.058800
vt 0.164412 0.059310
vt 0.164180 0.058994
vt 0.164650 0.061490
vt 0.164588 0.061087
vt 0.164843 0.060969
vt 0.310603 0.340647
vt 0.310359 0.341390
vt 0.310111 0.340618
vt 0.095565 0.856964
vt 0.096062 0.857396
vt 0.096187 0.857756
vt 0.083674 0.260485
vt 0.083834 0.260875
vt 0.083282 0.260742
vt 0.309494 0.341618
vt 0.197485 0.310052
vt 0.199692 0.311350
vt 0.200189 0.308947
vt 0.044472 0.532294
vt 0.043300 0.533706
vt 0.044999 0.533988
vt 0.299926 0.925487
vt 0.064443 0.058140
vt 0.062488 0.058259
vt 0.064692 0.056748
vt 0.099008 0.868156
vt 0.268072 0.115987
vt 0.267163 0.115370
vt 0.267994 0.114993
vt 0.045639 0.600339
vt 0.045542 0.600787
vt 0.045262 0.600417
vt 0.046880 0.599831
vt 0.046777 0.599284
vt 0.047188 0.599632
vt 0.045503 0.599949
vt 0.079924 0.261907
vt 0.079325 0.261973
vt 0.079213 0.261548
vt 0.079782 0.262180
vt 0.193815 0.316889
vt 0.193713 0.315760
vt 0.193415 0.316812
vt 0.198576 0.312370
vt 0.197472 0.311721
vt 0.349993 0.198526
vt 0.350632 0.197946
vt 0.350817 0.198440
vt 0.048432 0.599500
vt 0.048395 0.599956
vt 0.048163 0.599524
vt 0.151214 0.385693
vt 0.150717 0.385645
vt 0.150905 0.385312
vt 0.169567 0.854156
vt 0.169440 0.854689
vt 0.168980 0.854314
vt 0.166383 0.853520
vt 0.166770 0.854193
vt 0.165987 0.853926
vt 0.212028 0.895736
vt 0.211988 0.895387
vt 0.212374 0.895571
vt 0.163909 0.851288
vt 0.163818 0.850828
vt 0.164247 0.851364
vt 0.211533 0.895730
vt 0.211927 0.896006
vt 0.211642 0.896310
vt 0.168846 0.853809
vt 0.168089 0.853936
vt 0.168018 0.853559
vt 0.165525 0.854328
vt 0.165911 0.855462
vt 0.164984 0.854760
vt 0.169544 0.855261
vt 0.170093 0.854908
vt 0.170008 0.855260
vt 0.046993 0.598301
vt 0.047326 0.598064
vt 0.047305 0.598489
vt 0.350764 0.198956
vt 0.350186 0.198633
vt 0.349490 0.198291
vt 0.349736 0.198196
vt 0.257183 0.841734
vt 0.257576 0.842229
vt 0.257081 0.842066
vt 0.259299 0.843142
vt 0.259263 0.842733
vt 0.259671 0.843124
vt 0.248398 0.773224
vt 0.246575 0.768751
vt 0.244048 0.771256
vt 0.230084 0.644152
vt 0.231008 0.643596
vt 0.231496 0.642559
vt 0.233015 0.639279
vt 0.235047 0.640351
vt 0.229809 0.641643
vt 0.330378 0.597226
vt 0.331333 0.596589
vt 0.330884 0.597492
vt 0.648131 0.923677
vt 0.647845 0.923878
vt 0.648323 0.923948
vt 0.234809 0.392702
vt 0.234222 0.395368
vt 0.232866 0.397388
vt 0.231139 0.396242
vt 0.229977 0.394648
vt 0.232240 0.392853
vt 0.299985 0.129309
vt 0.297662 0.129277
vt 0.231055 0.650899
vt 0.235574 0.647698
vt 0.231217 0.647310
vt 0.045406 0.040266
vt 0.047269 0.039808
vt 0.046096 0.041460
vt 0.047363 0.041529
vt 0.337003 0.016691
vt 0.336086 0.016718
vt 0.336819 0.015432
vt 0.313458 0.045418
vt 0.313441 0.045864
vt 0.044448 0.043716
vt 0.046067 0.043584
vt 0.045430 0.044339
vt 0.243703 0.470346
vt 0.243582 0.469828
vt 0.244063 0.470273
vt 0.268608 0.176950
vt 0.213545 0.850216
vt 0.210611 0.851921
vt 0.212040 0.847765
vt 0.328189 0.133260
vt 0.325085 0.129882
vt 0.324172 0.133149
vt 0.311777 0.393479
vt 0.306649 0.397196
vt 0.311046 0.397239
vt 0.311412 0.395359
vt 0.337318 0.015642
vt 0.361726 0.294414
vt 0.361135 0.294762
vt 0.361380 0.293948
vt 0.331001 0.407688
vt 0.332167 0.406813
vt 0.332767 0.407112
vt 0.273207 0.169757
vt 0.271770 0.173438
vt 0.265239 0.169428
vt 0.273211 0.704744
vt 0.274190 0.704063
vt 0.274161 0.705128
vt 0.308521 0.337289
vt 0.308834 0.337197
vt 0.308487 0.337704
vt 0.274031 0.175456
vt 0.272396 0.174726
vt 0.287550 0.829390
vt 0.292132 0.833927
vt 0.296715 0.838464
vt 0.296041 0.830753
vt 0.308748 0.391693
vt 0.244172 0.470950
vt 0.243892 0.470730
vt 0.357268 0.861123
vt 0.358294 0.861314
vt 0.357490 0.860187
vt 0.292633 0.826799
vt 0.289337 0.824567
vt 0.287759 0.828572
vt 0.341348 0.783564
vt 0.340404 0.783648
vt 0.340549 0.782640
vt 0.299401 0.339665
vt 0.300012 0.339624
vt 0.299545 0.339880
vt 0.153360 0.009593
vt 0.153631 0.010032
vt 0.153295 0.009863
vt 0.152997 0.014400
vt 0.152641 0.014757
vt 0.152491 0.014234
vt 0.152515 0.013638
vt 0.501963 0.923703
vt 0.501938 0.924117
vt 0.501507 0.923609
vt 0.249046 0.851216
vt 0.249122 0.852068
vt 0.247952 0.852065
vt 0.159325 0.070019
vt 0.160255 0.070202
vt 0.159862 0.071212
vt 0.242100 0.751349
vt 0.243696 0.751149
vt 0.244577 0.752602
vt 0.151749 0.014018
vt 0.152126 0.014118
vt 0.151963 0.014306
vt 0.283145 0.965074
vt 0.284735 0.964998
vt 0.284189 0.964458
vt 0.204957 0.856459
vt 0.205892 0.856864
vt 0.203863 0.859494
vt 0.083362 0.262360
vt 0.083342 0.262745
vt 0.082858 0.262645
vt 0.186041 0.005919
vt 0.186082 0.005415
vt 0.185356 0.005821
vt 0.366287 0.277686
vt 0.365831 0.277108
vt 0.366819 0.276485
vt 0.348569 0.427899
vt 0.088850 0.254148
vt 0.089873 0.253834
vt 0.089127 0.254526
vt 0.361578 0.387578
vt 0.361640 0.387066
vt 0.361999 0.387081
vt 0.370148 0.798429
vt 0.369938 0.799464
vt 0.369440 0.798499
vt 0.087637 0.238278
vt 0.087993 0.238167
vt 0.088025 0.238577
vt 0.090465 0.238945
vt 0.090130 0.239201
vt 0.089985 0.238648
vt 0.088435 0.238522
vt 0.088368 0.238163
vt 0.088667 0.238353
vt 0.200918 0.700403
vt 0.200691 0.700129
vt 0.201080 0.700183
vt 0.200009 0.699895
vt 0.200238 0.700333
vt 0.199649 0.700184
vt 0.302236 0.078725
vt 0.301922 0.078277
vt 0.302390 0.078201
vt 0.081239 0.241373
vt 0.080843 0.241340
vt 0.080874 0.240844
vt 0.279891 0.411966
vt 0.302717 0.079303
vt 0.302457 0.079005
vt 0.302650 0.078757
vt 0.325985 0.626692
vt 0.325862 0.627134
vt 0.325406 0.626926
vt 0.129467 0.849637
vt 0.129858 0.849955
vt 0.129836 0.850256
vt 0.195912 0.696892
vt 0.196229 0.696886
vt 0.196119 0.697116
vt 0.198085 0.699348
vt 0.198475 0.699855
vt 0.197896 0.699874
vt 0.312718 0.631445
vt 0.312699 0.631773
vt 0.312375 0.631534
vt 0.272407 0.937948
vt 0.271893 0.938247
vt 0.271976 0.937675
vt 0.271672 0.938019
vt 0.335752 0.998568
vt 0.335997 0.998057
vt 0.336216 0.998197
vt 0.304009 0.622331
vt 0.303916 0.622632
vt 0.303639 0.622342
vt 0.272391 0.938779
vt 0.271350 0.938726
vt 0.166478 0.527479
vt 0.166718 0.527434
vt 0.326976 0.723631
vt 0.326677 0.723219
vt 0.327108 0.723306
vt 0.328094 0.722875
vt 0.327826 0.723407
vt 0.327696 0.722897
vt 0.046281 0.593774
vt 0.046438 0.593534
vt 0.046680 0.593802
vt 0.313063 0.631568
vt 0.212183 0.314064
vt 0.212144 0.313569
vt 0.212641 0.313895
vt 0.163612 0.844221
vt 0.163514 0.843752
vt 0.163991 0.844109
vt 0.160107 0.842839
vt 0.159945 0.842493
vt 0.160206 0.842459
vt 0.164473 0.846014
vt 0.164777 0.845741
vt 0.165001 0.846093
vt 0.254672 0.836435
vt 0.254842 0.837015
vt 0.254476 0.836497
vt 0.167092 0.527485
vt 0.167549 0.527692
vt 0.167371 0.528029
vt 0.255389 0.834397
vt 0.255546 0.833894
vt 0.255715 0.834490
vt 0.225211 0.002651
vt 0.224783 0.002958
vt 0.224713 0.002225
vt 0.066662 0.410188
vt 0.066848 0.409457
vt 0.067236 0.410827
vt 0.047639 0.470563
vt 0.047775 0.471141
vt 0.330990 0.545036
vt 0.331086 0.544534
vt 0.331552 0.545050
vt 0.223333 0.004336
vt 0.223733 0.004244
vt 0.223517 0.004709
vt 0.273846 0.928234
vt 0.273837 0.928791
vt 0.273411 0.928387
vt 0.249160 0.251501
vt 0.249587 0.251777
vt 0.249126 0.251977
vt 0.320281 0.190621
vt 0.320481 0.191198
vt 0.320254 0.191016
vt 0.241499 0.245939
vt 0.241486 0.246369
vt 0.241411 0.246158
vt 0.344945 0.244130
vt 0.344608 0.244256
vt 0.344759 0.243868
vt 0.239404 0.224021
vt 0.239079 0.223667
vt 0.239528 0.223576
vt 0.317881 0.116649
vt 0.317129 0.116711
vt 0.317581 0.116224
vt 0.052959 0.245986
vt 0.053053 0.245525
vt 0.053333 0.245840
vt 0.318638 0.115905
vt 0.319413 0.115470
vt 0.319307 0.116030
vt 0.290285 0.279336
vt 0.290870 0.279645
vt 0.290400 0.279933
vt 0.291168 0.280078
vt 0.290863 0.280277
vt 0.240295 0.224963
vt 0.240488 0.224333
vt 0.240699 0.224650
vt 0.326376 0.508986
vt 0.326339 0.508754
vt 0.326702 0.508956
vt 0.327645 0.508547
vt 0.327357 0.508927
vt 0.327235 0.508607
vt 0.285266 0.364361
vt 0.285751 0.364293
vt 0.285565 0.364716
vt 0.285601 0.363914
vt 0.307196 0.959461
vt 0.306571 0.959541
vt 0.306946 0.959157
vt 0.245281 0.223248
vt 0.245008 0.223577
vt 0.245020 0.223109
vt 0.325236 0.679894
vt 0.324926 0.680109
vt 0.324666 0.679839
vt 0.325229 0.679373
vt 0.324779 0.679290
vt 0.325105 0.678961
vt 0.291429 0.278756
vt 0.291807 0.278773
vt 0.291550 0.278995
vt 0.323273 0.679315
vt 0.323715 0.679156
vt 0.323436 0.679519
vt 0.169841 0.513169
vt 0.169802 0.512686
vt 0.170070 0.512837
vt 0.170432 0.512808
vt 0.170861 0.513138
vt 0.170523 0.513150
vt 0.260018 0.154916
vt 0.260033 0.154670
vt 0.260295 0.154786
vt 0.224773 0.107614
vt 0.225100 0.107300
vt 0.225163 0.107730
vt 0.260514 0.154994
vt 0.259319 0.158044
vt 0.259303 0.157883
vt 0.259628 0.157942
vt 0.258157 0.191454
vt 0.258527 0.191119
vt 0.258586 0.191602
vt 0.231944 0.110632
vt 0.231924 0.110130
vt 0.232265 0.110365
vt 0.162392 0.834842
vt 0.162590 0.835191
vt 0.162207 0.835229
vt 0.253725 0.196449
vt 0.253914 0.196775
vt 0.253598 0.196743
vt 0.256883 0.193950
vt 0.257300 0.193817
vt 0.257166 0.194188
vt 0.170231 0.833766
vt 0.170357 0.834126
vt 0.169910 0.833959
vt 0.166464 0.840290
vt 0.166708 0.839910
vt 0.166880 0.840265
vt 0.167088 0.839529
vt 0.167506 0.839805
vt 0.167087 0.839964
vt 0.254129 0.196409
vt 0.254385 0.196869
vt 0.254196 0.197333
vt 0.254228 0.197757
vt 0.253777 0.197609
vt 0.249689 0.176047
vt 0.250074 0.176545
vt 0.249628 0.176551
vt 0.179147 0.515864
vt 0.179079 0.516475
vt 0.178760 0.516308
vt 0.171277 0.518351
vt 0.170793 0.518836
vt 0.170801 0.518333
vt 0.245274 0.176327
vt 0.245580 0.176931
vt 0.245048 0.176848
vt 0.254159 0.830808
vt 0.253828 0.830386
vt 0.254160 0.830244
vt 0.244026 0.181142
vt 0.244458 0.181178
vt 0.244132 0.181503
vt 0.245564 0.179060
vt 0.245307 0.179279
vt 0.245162 0.179001
vt 0.246388 0.179655
vt 0.246085 0.180137
vt 0.245871 0.179546
vt 0.326630 0.419161
vt 0.326989 0.419208
vt 0.326914 0.419631
vt 0.342261 0.996508
vt 0.342497 0.996652
vt 0.342168 0.996823
vt 0.342502 0.996981
vt 0.342205 0.997266
vt 0.327239 0.419420
vt 0.327440 0.419309
vt 0.327587 0.419629
vt 0.218057 0.312112
vt 0.218582 0.312508
vt 0.218009 0.312626
vt 0.336444 0.998373
vt 0.336533 0.998765
vt 0.336121 0.998752
vt 0.267126 0.936750
vt 0.267478 0.937342
vt 0.266719 0.937425
vt 0.270387 0.936086
vt 0.269885 0.936348
vt 0.269950 0.935903
vt 0.211654 0.308171
vt 0.212213 0.308346
vt 0.212022 0.308720
vt 0.299746 0.624959
vt 0.299999 0.624802
vt 0.300019 0.625150
vt 0.300460 0.624846
vt 0.300761 0.624970
vt 0.300588 0.625157
vt 0.350044 0.414071
vt 0.350543 0.414094
vt 0.350185 0.414695
vt 0.195325 0.693328
vt 0.195301 0.692978
vt 0.195750 0.693224
vt 0.370545 0.760064
vt 0.370701 0.760469
vt 0.370175 0.760375
vt 0.358714 0.678370
vt 0.358260 0.678062
vt 0.358676 0.677986
vt 0.192518 0.692094
vt 0.192147 0.691932
vt 0.192541 0.691793
vt 0.169901 0.525529
vt 0.169524 0.525235
vt 0.170007 0.525169
vt 0.211885 0.313862
vt 0.211613 0.313543
vt 0.368644 0.759127
vt 0.368916 0.759318
vt 0.368505 0.759449
vt 0.231991 0.005087
vt 0.232162 0.004672
vt 0.232484 0.005058
vt 0.233343 0.004039
vt 0.232978 0.004370
vt 0.232793 0.003805
vt 0.169217 0.523085
vt 0.168824 0.523318
vt 0.168401 0.523057
vt 0.346041 0.806849
vt 0.346075 0.807257
vt 0.345660 0.807150
vt 0.270562 0.930426
vt 0.270011 0.930829
vt 0.270096 0.930282
vt 0.271379 0.932224
vt 0.271412 0.932697
vt 0.270930 0.932535
vt 0.269352 0.936199
vt 0.269503 0.936813
vt 0.269180 0.593961
vt 0.269559 0.593835
vt 0.269642 0.594269
vt 0.274106 0.594000
vt 0.274405 0.594069
vt 0.274106 0.594275
vt 0.271410 0.594715
vt 0.271750 0.595097
vt 0.271204 0.595169
vt 0.274437 0.590998
vt 0.274745 0.591344
vt 0.274461 0.591570
vt 0.272534 0.590413
vt 0.272297 0.590084
vt 0.272604 0.590190
vt 0.268349 0.592346
vt 0.268738 0.592723
vt 0.268306 0.592766
vt 0.237350 0.901370
vt 0.237772 0.901482
vt 0.237422 0.901896
vt 0.234256 0.900253
vt 0.233718 0.900408
vt 0.233947 0.899776
vt 0.301980 0.684868
vt 0.302171 0.684413
vt 0.302295 0.684726
vt 0.234487 0.905734
vt 0.234569 0.906211
vt 0.234234 0.905864
vt 0.306625 0.956253
vt 0.306408 0.955781
vt 0.306882 0.955876
vt 0.305412 0.956659
vt 0.305065 0.956703
vt 0.305242 0.956353
vt 0.234110 0.905121
vt 0.233759 0.905077
vt 0.233784 0.904701
vt 0.261482 0.123444
vt 0.261300 0.123017
vt 0.261726 0.123090
vt 0.121547 0.475420
vt 0.121204 0.474912
vt 0.121809 0.474955
vt 0.366683 0.776189
vt 0.366361 0.775870
vt 0.366761 0.775803
vt 0.122230 0.483656
vt 0.125091 0.482682
vt 0.124651 0.483164
vt 0.124586 0.482710
vt 0.281866 0.721798
vt 0.282271 0.721987
vt 0.281793 0.722323
vt 0.283335 0.721560
vt 0.283037 0.721802
vt 0.283127 0.721323
vt 0.269986 0.928678
vt 0.270045 0.928141
vt 0.270330 0.928530
vt 0.273022 0.599369
vt 0.272790 0.598840
vt 0.273161 0.598761
vt 0.127838 0.486402
vt 0.127472 0.486565
vt 0.127780 0.486153
vt 0.125863 0.486484
vt 0.125531 0.486856
vt 0.125417 0.486531
vt 0.346363 0.807717
vt 0.345809 0.807482
vt 0.269586 0.605457
vt 0.269491 0.606083
vt 0.269247 0.605551
vt 0.345658 0.807855
vt 0.343132 0.473097
vt 0.343467 0.472618
vt 0.343518 0.473036
vt 0.123519 0.487823
vt 0.123176 0.488299
vt 0.123086 0.488063
vt 0.121786 0.483970
vt 0.263497 0.993746
vt 0.260320 0.995145
vt 0.262075 0.996713
vt 0.270275 0.705957
vt 0.270770 0.705597
vt 0.270695 0.706152
vt 0.285976 0.523890
vt 0.283983 0.521449
vt 0.285121 0.519373
vt 0.272079 0.704282
vt 0.273026 0.703899
vt 0.272376 0.704697
vt 0.281764 0.118084
vt 0.281890 0.117506
vt 0.282213 0.117718
vt 0.310524 0.260987
vt 0.310407 0.262209
vt 0.309506 0.261331
vt 0.332085 0.187557
vt 0.332269 0.187944
vt 0.331907 0.187639
vt 0.227227 0.225771
vt 0.226910 0.226396
vt 0.226604 0.225952
vt 0.244421 0.546852
vt 0.244586 0.546463
vt 0.244981 0.546730
vt 0.132167 0.855468
vt 0.132277 0.855864
vt 0.247500 0.556183
vt 0.247821 0.556017
vt 0.248017 0.556211
vt 0.302209 0.702083
vt 0.302680 0.702292
vt 0.302265 0.702494
vt 0.141808 0.980498
vt 0.140828 0.980977
vt 0.140403 0.980049
vt 0.268464 0.103768
vt 0.268301 0.104108
vt 0.267942 0.103599
vt 0.269178 0.100557
vt 0.268744 0.100356
vt 0.269043 0.100069
vt 0.268292 0.104566
vt 0.268695 0.104468
vt 0.302781 0.698704
vt 0.303108 0.699137
vt 0.302363 0.699024
vt 0.301666 0.697227
vt 0.301911 0.697463
vt 0.301640 0.697595
vt 0.303123 0.700658
vt 0.302830 0.701186
vt 0.302556 0.700645
vt 0.132112 0.855987
vt 0.375639 0.616537
vt 0.375909 0.617237
vt 0.375559 0.617287
vt 0.185028 0.004209
vt 0.185632 0.003893
vt 0.184930 0.003718
vt 0.129794 0.850914
vt 0.130248 0.851205
vt 0.129855 0.851313
vt 0.187306 0.003089
vt 0.187813 0.003520
vt 0.187755 0.002842
vt 0.131780 0.855864
vt 0.128264 0.850098
vt 0.128122 0.849862
vt 0.128417 0.849858
vt 0.062444 0.163958
vt 0.062593 0.163340
vt 0.062815 0.163922
vt 0.128910 0.850269
vt 0.128560 0.850373
vt 0.130136 0.850660
vt 0.130574 0.850924
vt 0.553818 0.904638
vt 0.554448 0.904285
vt 0.554325 0.904673
vt 0.136534 0.610183
vt 0.136398 0.610997
vt 0.136165 0.610549
vt 0.144023 0.608770
vt 0.143785 0.609310
vt 0.143646 0.608800
vt 0.139229 0.614082
vt 0.139367 0.614426
vt 0.138970 0.614053
vt 0.138349 0.612413
vt 0.138647 0.612643
vt 0.138505 0.613043
vt 0.342799 0.343877
vt 0.342990 0.343559
vt 0.343277 0.344010
vt 0.268709 0.099815
vt 0.343160 0.344738
vt 0.342837 0.344513
vt 0.343136 0.344381
vt 0.314048 0.834132
vt 0.313666 0.834409
vt 0.313671 0.833993
vt 0.266645 0.351003
vt 0.266619 0.351300
vt 0.266345 0.351104
vt 0.257125 0.883880
vt 0.257387 0.883588
vt 0.257450 0.884088
vt 0.143371 0.608531
vt 0.143772 0.608297
vt 0.143199 0.605029
vt 0.143631 0.605191
vt 0.143294 0.605448
vt 0.325053 0.168424
vt 0.325285 0.168113
vt 0.325352 0.168448
vt 0.326469 0.167245
vt 0.326316 0.166979
vt 0.326690 0.166841
vt 0.325023 0.170508
vt 0.325285 0.170875
vt 0.324861 0.171047
vt 0.271498 0.348324
vt 0.271141 0.347921
vt 0.271442 0.348044
vt 0.151252 0.978362
vt 0.151145 0.978938
vt 0.150798 0.978681
vt 0.509864 0.949788
vt 0.509844 0.950499
vt 0.509452 0.950423
vt 0.390073 0.930773
vt 0.392070 0.931012
vt 0.391219 0.931942
vt 0.294852 0.955496
vt 0.294242 0.955837
vt 0.294015 0.955395
vt 0.294939 0.955984
vt 0.294950 0.956612
vt 0.294429 0.956359
vt 0.283736 0.116851
vt 0.283185 0.117291
vt 0.283159 0.116680
vt 0.139974 0.981469
vt 0.140020 0.980667
vt 0.273637 0.106214
vt 0.274144 0.106473
vt 0.273609 0.106691
vt 0.274087 0.106786
vt 0.143327 0.975913
vt 0.143812 0.975968
vt 0.143516 0.976492
vt 0.143099 0.975037
vt 0.143573 0.975001
vt 0.143515 0.975495
vt 0.184232 0.455529
vt 0.184557 0.455872
vt 0.184242 0.456112
vt 0.184434 0.455111
vt 0.184466 0.454574
vt 0.184836 0.454960
vt 0.184989 0.455829
vt 0.185292 0.456333
vt 0.184695 0.456389
vt 0.285073 0.126205
vt 0.285123 0.126628
vt 0.284772 0.126760
vt 0.143611 0.974173
vt 0.143306 0.973920
vt 0.143590 0.973897
vt 0.072978 0.525021
vt 0.073358 0.525008
vt 0.073185 0.525444
vt 0.072080 0.519777
vt 0.072073 0.520161
vt 0.071683 0.520439
vt 0.073573 0.529927
vt 0.073975 0.529660
vt 0.074107 0.530226
vt 0.071826 0.528880
vt 0.072257 0.528947
vt 0.072216 0.529613
vt 0.068955 0.525504
vt 0.068895 0.525179
vt 0.069046 0.525212
vt 0.333567 0.185271
vt 0.333670 0.185735
vt 0.230243 0.221604
vt 0.229670 0.221641
vt 0.230149 0.221238
vt 0.092166 0.563664
vt 0.091863 0.564098
vt 0.091805 0.563554
vt 0.260473 0.889972
vt 0.260894 0.889814
vt 0.260882 0.890220
vt 0.083795 0.526166
vt 0.083534 0.525665
vt 0.083937 0.525723
vt 0.079430 0.521742
vt 0.079815 0.521415
vt 0.079988 0.521775
vt 0.082985 0.517350
vt 0.082597 0.517127
vt 0.082995 0.516884
vt 0.080652 0.519021
vt 0.080490 0.519465
vt 0.080166 0.519088
vt 0.083618 0.513607
vt 0.259120 0.297831
vt 0.259279 0.298282
vt 0.258888 0.298178
vt 0.254104 0.293861
vt 0.253703 0.294133
vt 0.253803 0.293814
vt 0.073096 0.258394
vt 0.073148 0.257811
vt 0.073493 0.258271
vt 0.253940 0.292289
vt 0.254061 0.291940
vt 0.254335 0.292278
vt 0.259585 0.292058
vt 0.260161 0.292234
vt 0.259771 0.292571
vt 0.255168 0.291202
vt 0.254976 0.290932
vt 0.255267 0.290679
vt 0.186875 0.454046
vt 0.186758 0.453385
vt 0.187174 0.453620
vt 0.260199 0.891224
vt 0.260027 0.890885
vt 0.260493 0.890837
vt 0.280819 0.124921
vt 0.280730 0.125458
vt 0.280281 0.125040
vt 0.279960 0.122785
vt 0.279736 0.123226
vt 0.279619 0.122610
vt 0.285672 0.127556
vt 0.285822 0.128113
vt 0.285322 0.127956
vt 0.074065 0.516917
vt 0.074475 0.516756
vt 0.074177 0.517229
vt 0.091492 0.554378
vt 0.091141 0.554217
vt 0.091383 0.553822
vt 0.092974 0.551846
vt 0.092924 0.552434
vt 0.092492 0.551975
vt 0.092849 0.547803
vt 0.093054 0.548224
vt 0.092804 0.548224
vt 0.094885 0.547975
vt 0.094849 0.547463
vt 0.095168 0.547927
vt 0.246150 0.551683
vt 0.246613 0.551258
vt 0.246531 0.551855
vt 0.242779 0.545807
vt 0.242856 0.545421
vt 0.243120 0.545690
vt 0.243797 0.544274
vt 0.243434 0.543949
vt 0.243949 0.543841
vt 0.088065 0.543979
vt 0.087601 0.544121
vt 0.087383 0.543586
vt 0.127817 0.865120
vt 0.128174 0.865294
vt 0.127885 0.865574
vt 0.125064 0.871486
vt 0.124737 0.871213
vt 0.125038 0.871132
vt 0.084176 0.544965
vt 0.084726 0.544882
vt 0.084726 0.545399
vt 0.084535 0.544419
vt 0.084055 0.544062
vt 0.084553 0.543895
vt 0.084155 0.550796
vt 0.083573 0.550920
vt 0.083527 0.550445
vt 0.088165 0.554627
vt 0.087958 0.555289
vt 0.087547 0.554712
vt 0.089743 0.554824
vt 0.089788 0.554409
vt 0.090061 0.554743
vt 0.092716 0.560354
vt 0.092339 0.560855
vt 0.092002 0.560579
vt 0.096346 0.560400
vt 0.096552 0.560024
vt 0.096695 0.560179
vt 0.093109 0.560990
vt 0.093095 0.561374
vt 0.092752 0.561338
vt 0.272675 0.700466
vt 0.273085 0.700038
vt 0.273217 0.700531
vt 0.273531 0.699649
vt 0.273622 0.699936
vt 0.268236 0.703687
vt 0.268570 0.703342
vt 0.268737 0.703666
vt 0.309097 0.262365
vt 0.332086 0.894925
vt 0.331940 0.894638
vt 0.332181 0.894362
vt 0.090916 0.564183
vt 0.090557 0.564159
vt 0.090780 0.563879
vt 0.088238 0.561191
vt 0.087952 0.561425
vt 0.087868 0.560995
vt 0.087574 0.561434
vt 0.087236 0.561365
vt 0.087435 0.561059
vt 0.087790 0.561936
vt 0.087561 0.562423
vt 0.087274 0.562291
vt 0.366950 0.072238
vt 0.367295 0.072399
vt 0.367089 0.072614
vt 0.366645 0.072110
vt 0.366763 0.072442
vt 0.366812 0.071830
vt 0.367113 0.072068
vt 0.061687 0.536401
vt 0.061515 0.536797
vt 0.061141 0.536482
vt 0.060725 0.536884
vt 0.060737 0.536525
vt 0.060700 0.536174
vt 0.060925 0.535744
vt 0.061002 0.536113
vt 0.060108 0.534328
vt 0.060457 0.534891
vt 0.060019 0.534840
vt 0.091733 0.776826
vt 0.092146 0.777353
vt 0.091473 0.777543
vt 0.054336 0.534479
vt 0.054058 0.534771
vt 0.053940 0.534434
vt 0.053090 0.539749
vt 0.052962 0.539994
vt 0.052826 0.539598
vt 0.053064 0.537614
vt 0.053648 0.537674
vt 0.052747 0.537988
vt 0.088401 0.777369
vt 0.088235 0.776865
vt 0.088781 0.776923
vt 0.232599 0.470510
vt 0.233010 0.470401
vt 0.232748 0.470910
vt 0.086395 0.778852
vt 0.086597 0.779087
vt 0.089041 0.777898
vt 0.088609 0.777887
vt 0.088944 0.777453
vt 0.087388 0.770384
vt 0.087784 0.770715
vt 0.087268 0.770939
vt 0.093313 0.767156
vt 0.093407 0.766680
vt 0.093749 0.767200
vt 0.093198 0.769389
vt 0.092946 0.768557
vt 0.093344 0.769008
vt 0.229393 0.230611
vt 0.229370 0.231009
vt 0.228937 0.230847
vt 0.228298 0.230163
vt 0.227861 0.229794
vt 0.228631 0.229732
vt 0.313052 0.261314
vt 0.312516 0.262515
vt 0.311861 0.260687
vt 0.094628 0.766195
vt 0.094192 0.765777
vt 0.094671 0.765704
vt 0.369159 0.404973
vt 0.369175 0.404345
vt 0.369420 0.404594
vt 0.096204 0.769015
vt 0.096047 0.769483
vt 0.095775 0.768951
vt 0.095368 0.771083
vt 0.095363 0.770455
vt 0.095699 0.770803
vt 0.094327 0.770600
vt 0.094548 0.770889
vt 0.094070 0.771062
vt 0.096029 0.774672
vt 0.096381 0.774477
vt 0.096518 0.775125
vt 0.095629 0.775706
vt 0.095452 0.776228
vt 0.095199 0.775817
vt 0.052586 0.343524
vt 0.052916 0.343830
vt 0.052506 0.344055
vt 0.336012 0.964854
vt 0.336441 0.964755
vt 0.336019 0.964439
vt 0.346197 0.650207
vt 0.345989 0.650745
vt 0.345278 0.650353
vt 0.351624 0.675723
vt 0.351470 0.676424
vt 0.350929 0.676489
vt 0.053147 0.536471
vt 0.052734 0.536497
vt 0.052989 0.536007
vt 0.093088 0.777852
vt 0.092733 0.778107
vt 0.092661 0.777644
vt 0.048357 0.013422
vt 0.048751 0.013745
vt 0.047891 0.013804
vt 0.057769 0.345628
vt 0.058006 0.345252
vt 0.058212 0.345737
vt 0.052326 0.349155
vt 0.052297 0.348566
vt 0.052669 0.348982
vt 0.047776 0.017945
vt 0.047742 0.016303
vt 0.048619 0.017061
vt 0.046880 0.018095
vt 0.046281 0.018486
vt 0.046306 0.017959
vt 0.274558 0.807299
vt 0.274842 0.805712
vt 0.275618 0.806503
vt 0.273294 0.808347
vt 0.272951 0.807775
vt 0.273594 0.807753
vt 0.067427 0.275142
vt 0.066449 0.275127
vt 0.066849 0.275756
vt 0.770719 0.913271
vt 0.771174 0.914074
vt 0.771945 0.913301
vt 0.276099 0.807691
vt 0.274873 0.808265
vt 0.275572 0.807362
vt 0.090686 0.323486
vt 0.091247 0.323546
vt 0.091003 0.323825
vt 0.058876 0.353193
vt 0.196473 0.348880
vt 0.196620 0.348587
vt 0.196973 0.348982
vt 0.091111 0.324664
vt 0.090937 0.324222
vt 0.091391 0.324448
vt 0.091637 0.324817
vt 0.196105 0.349625
vt 0.196078 0.349297
vt 0.196480 0.349642
vt 0.090340 0.326748
vt 0.090019 0.327052
vt 0.090019 0.326672
vt 0.195120 0.349314
vt 0.194790 0.349392
vt 0.194888 0.349085
vt 0.367197 0.930076
vt 0.367198 0.930443
vt 0.366819 0.930169
vt 0.319411 0.321032
vt 0.319351 0.321363
vt 0.319093 0.321180
vt 0.297999 0.159605
vt 0.298541 0.159850
vt 0.298079 0.160183
vt 0.369305 0.931636
vt 0.369268 0.932063
vt 0.368584 0.931627
vt 0.062706 0.358590
vt 0.089152 0.459411
vt 0.089272 0.459899
vt 0.073906 0.457473
vt 0.073662 0.457602
vt 0.073512 0.457288
vt 0.116732 0.468720
vt 0.116684 0.468270
vt 0.117169 0.468641
vt 0.111558 0.461682
vt 0.111575 0.461156
vt 0.111816 0.461398
vt 0.113178 0.461345
vt 0.112784 0.461291
vt 0.112949 0.460917
vt 0.112494 0.462198
vt 0.112902 0.462367
vt 0.112519 0.462780
vt 0.114082 0.459046
vt 0.114535 0.458899
vt 0.114272 0.459446
vt 0.110081 0.460353
vt 0.109811 0.460826
vt 0.109716 0.460318
vt 0.113576 0.457768
vt 0.113198 0.457888
vt 0.113170 0.457427
vt 0.058117 0.316685
vt 0.058337 0.317272
vt 0.057824 0.317246
vt 0.084375 0.448501
vt 0.084312 0.448090
vt 0.084791 0.448127
vt 0.088326 0.459651
vt 0.088491 0.460028
vt 0.079150 0.455736
vt 0.079188 0.455222
vt 0.079528 0.455251
vt 0.077627 0.457556
vt 0.077866 0.457247
vt 0.077950 0.457621
vt 0.071741 0.458513
vt 0.071658 0.459040
vt 0.071340 0.458865
vt 0.071468 0.459427
vt 0.075016 0.463520
vt 0.075304 0.463432
vt 0.074990 0.463925
vt 0.077684 0.459504
vt 0.077974 0.459279
vt 0.077928 0.459800
vt 0.362197 0.271576
vt 0.361573 0.271951
vt 0.362226 0.272292
vt 0.055818 0.321202
vt 0.055640 0.320980
vt 0.056033 0.320877
vt 0.055523 0.321341
vt 0.055793 0.321413
vt 0.055770 0.321692
vt 0.108160 0.453538
vt 0.108084 0.453108
vt 0.108467 0.453142
vt 0.108313 0.453926
vt 0.107852 0.453997
vt 0.109961 0.456475
vt 0.109996 0.456796
vt 0.109652 0.456569
vt 0.120405 0.449678
vt 0.120000 0.449786
vt 0.119958 0.449457
vt 0.213914 0.639589
vt 0.213701 0.639081
vt 0.214169 0.639185
vt 0.213693 0.638240
vt 0.214033 0.638785
vt 0.212292 0.641542
vt 0.212891 0.641735
vt 0.212524 0.642290
vt 0.319052 0.084960
vt 0.319425 0.084935
vt 0.319339 0.085227
vt 0.077087 0.537538
vt 0.076891 0.536966
vt 0.077376 0.537291
vt 0.333208 0.640767
vt 0.334222 0.641059
vt 0.333501 0.641858
vt 0.354180 0.667523
vt 0.354485 0.668092
vt 0.355132 0.667948
vt 0.362947 0.040007
vt 0.363515 0.039480
vt 0.364059 0.039515
vt 0.334318 0.639514
vt 0.335111 0.639611
vt 0.334433 0.640250
vt 0.317143 0.086042
vt 0.317666 0.085566
vt 0.317807 0.086004
vt 0.208217 0.635992
vt 0.208669 0.636075
vt 0.208363 0.636563
vt 0.073778 0.529249
vt 0.073418 0.529330
vt 0.073597 0.530483
vt 0.073266 0.530446
vt 0.079394 0.531050
vt 0.078999 0.531332
vt 0.079037 0.530937
vt 0.079499 0.532209
vt 0.079992 0.531747
vt 0.080010 0.532209
vt 0.367115 0.720405
vt 0.366613 0.720621
vt 0.366892 0.720252
vt 0.366510 0.721070
vt 0.366457 0.721506
vt 0.366128 0.721375
vt 0.213905 0.647319
vt 0.213902 0.646908
vt 0.214315 0.647243
vt 0.204926 0.647642
vt 0.205322 0.647379
vt 0.205286 0.647803
vt 0.203390 0.651056
vt 0.203803 0.650889
vt 0.203656 0.651426
vt 0.366102 0.720585
vt 0.366226 0.720965
vt 0.064769 0.537172
vt 0.064670 0.536761
vt 0.065082 0.536962
vt 0.117281 0.448081
vt 0.117051 0.447713
vt 0.117575 0.447641
vt 0.212907 0.649407
vt 0.212505 0.649640
vt 0.212382 0.649219
vt 0.213877 0.650228
vt 0.214233 0.650037
vt 0.214171 0.650426
vt 0.213128 0.650209
vt 0.212592 0.650037
vt 0.213122 0.649783
vt 0.123425 0.452453
vt 0.123781 0.452015
vt 0.123988 0.452532
vt 0.317992 0.820111
vt 0.318233 0.819857
vt 0.318361 0.820100
vt 0.109444 0.881491
vt 0.109705 0.880968
vt 0.109803 0.881391
vt 0.309685 0.152198
vt 0.310057 0.152212
vt 0.309808 0.152572
vt 0.320910 0.818104
vt 0.320752 0.817604
vt 0.321180 0.817913
vt 0.309323 0.151953
vt 0.309818 0.151896
vt 0.309047 0.151543
vt 0.309604 0.151463
vt 0.053802 0.451659
vt 0.054188 0.451521
vt 0.054081 0.451932
vt 0.053263 0.448429
vt 0.053342 0.448881
vt 0.052968 0.448796
vt 0.053917 0.450810
vt 0.054263 0.450632
vt 0.054319 0.451063
vt 0.053912 0.450365
vt 0.215961 0.648155
vt 0.215906 0.648553
vt 0.215618 0.648197
vt 0.189420 0.971745
vt 0.189891 0.971691
vt 0.189749 0.971992
vt 0.202059 0.974768
vt 0.201599 0.974840
vt 0.201700 0.974358
vt 0.058906 0.451697
vt 0.058890 0.452081
vt 0.058610 0.451864
vt 0.061875 0.454672
vt 0.061364 0.454781
vt 0.061617 0.454411
vt 0.193565 0.975742
vt 0.193441 0.975342
vt 0.193916 0.975332
vt 0.249738 0.615716
vt 0.249736 0.616058
vt 0.249526 0.616202
vt 0.202023 0.973882
vt 0.201973 0.973433
vt 0.202564 0.973856
vt 0.216926 0.764801
vt 0.217105 0.764501
vt 0.217240 0.764890
vt 0.374895 0.208771
vt 0.375301 0.209263
vt 0.375079 0.209329
vt 0.208292 0.981504
vt 0.207895 0.981426
vt 0.207911 0.980687
vt 0.206364 0.982289
vt 0.206089 0.982235
vt 0.205979 0.981775
vt 0.217435 0.763223
vt 0.217290 0.763572
vt 0.216951 0.763357
vt 0.201843 0.976641
vt 0.201687 0.976268
vt 0.202037 0.976459
vt 0.201054 0.976401
vt 0.201441 0.976482
vt 0.201194 0.976922
vt 0.214938 0.759224
vt 0.214426 0.759354
vt 0.214629 0.758984
vt 0.199087 0.977853
vt 0.198859 0.977852
vt 0.198649 0.977471
vt 0.212371 0.767253
vt 0.212289 0.767770
vt 0.211847 0.767692
vt 0.193339 0.977116
vt 0.193608 0.976902
vt 0.193823 0.977284
vt 0.195103 0.976331
vt 0.194992 0.976840
vt 0.194734 0.976409
vt 0.199598 0.977192
vt 0.199833 0.977761
vt 0.199284 0.977602
vt 0.111133 0.894626
vt 0.110882 0.894849
vt 0.110895 0.894373
vt 0.113494 0.894696
vt 0.112867 0.894659
vt 0.113316 0.894243
vt 0.110338 0.883011
vt 0.110180 0.883542
vt 0.113280 0.893668
vt 0.113379 0.893162
vt 0.113951 0.893463
vt 0.112361 0.893549
vt 0.112720 0.893459
vt 0.112540 0.893737
vt 0.216904 0.766038
vt 0.216485 0.766297
vt 0.216403 0.765891
vt 0.216707 0.766682
vt 0.214184 0.769042
vt 0.214423 0.769194
vt 0.214232 0.769438
vt 0.358581 0.064090
vt 0.359107 0.064088
vt 0.358687 0.063069
vt 0.375697 0.210073
vt 0.375257 0.209819
vt 0.286752 0.964612
vt 0.284719 0.965789
vt 0.302934 0.227561
vt 0.302627 0.227821
vt 0.302733 0.227360
vt 0.300849 0.227771
vt 0.301268 0.227608
vt 0.300990 0.227989
vt 0.302213 0.228203
vt 0.302562 0.228271
vt 0.092201 0.461454
vt 0.092224 0.460821
vt 0.092656 0.461227
vt 0.088676 0.458181
vt 0.088312 0.457711
vt 0.088780 0.457517
vt 0.090058 0.453457
vt 0.090137 0.452995
vt 0.090373 0.453461
vt 0.088352 0.450034
vt 0.088454 0.449612
vt 0.088723 0.449930
vt 0.060080 0.456047
vt 0.059858 0.455767
vt 0.060213 0.455713
vt 0.093689 0.449692
vt 0.093478 0.449598
vt 0.093558 0.449317
vt 0.091982 0.448563
vt 0.092367 0.448398
vt 0.092260 0.448864
vt 0.093019 0.451808
vt 0.093034 0.452384
vt 0.092623 0.451908
vt 0.107959 0.887517
vt 0.107529 0.887722
vt 0.107664 0.887134
vt 0.207452 0.751560
vt 0.206632 0.751524
vt 0.207251 0.751153
vt 0.206875 0.751091
vt 0.206500 0.751057
vt 0.203243 0.754827
vt 0.203609 0.754881
vt 0.203208 0.755086
vt 0.212033 0.774714
vt 0.212421 0.774831
vt 0.212096 0.775096
vt 0.119345 0.893448
vt 0.119980 0.893794
vt 0.119368 0.893916
vt 0.114694 0.892417
vt 0.114310 0.891851
vt 0.114736 0.892069
vt 0.126780 0.891360
vt 0.126785 0.890963
vt 0.127289 0.891123
vt 0.123592 0.890861
vt 0.124046 0.890647
vt 0.123912 0.890980
vt 0.206364 0.752064
vt 0.071608 0.859506
vt 0.071217 0.859898
vt 0.071218 0.859453
vt 0.247235 0.137571
vt 0.246884 0.138114
vt 0.246771 0.137611
vt 0.167291 0.012230
vt 0.167064 0.012372
vt 0.167089 0.011877
vt 0.167229 0.014953
vt 0.167430 0.015224
vt 0.166957 0.015403
vt 0.166890 0.014904
vt 0.166569 0.015260
vt 0.243156 0.085561
vt 0.243555 0.085188
vt 0.243570 0.085513
vt 0.240110 0.086253
vt 0.240060 0.086580
vt 0.239720 0.086761
vt 0.239791 0.085840
vt 0.240006 0.085950
vt 0.239755 0.086246
vt 0.244857 0.084801
vt 0.244378 0.084661
vt 0.244831 0.084388
vt 0.112086 0.128765
vt 0.112466 0.128934
vt 0.112087 0.129224
vt 0.116674 0.126341
vt 0.116349 0.125970
vt 0.116721 0.125831
vt 0.115148 0.126201
vt 0.115042 0.126745
vt 0.114687 0.126238
vt 0.114149 0.123408
vt 0.113960 0.122907
vt 0.114564 0.123043
vt 0.250005 0.084916
vt 0.250290 0.085148
vt 0.249738 0.085305
vt 0.114250 0.120623
vt 0.114553 0.121071
vt 0.114095 0.121007
vt 0.248877 0.611034
vt 0.249275 0.611422
vt 0.248654 0.611617
vt 0.104802 0.120023
vt 0.105295 0.119964
vt 0.105018 0.120328
vt 0.301438 0.443612
vt 0.301771 0.444091
vt 0.301364 0.444051
vt 0.301322 0.443177
vt 0.301063 0.443415
vt 0.301059 0.443005
vt 0.299835 0.435844
vt 0.300419 0.435951
vt 0.300061 0.436248
vt 0.128342 0.888422
vt 0.128157 0.888834
vt 0.127848 0.888750
vt 0.242329 0.759385
vt 0.242752 0.758653
vt 0.242933 0.759426
vt 0.298982 0.437044
vt 0.298661 0.436825
vt 0.299009 0.436516
vt 0.301685 0.433788
vt 0.301222 0.433719
vt 0.301736 0.433283
vt 0.245261 0.757579
vt 0.244779 0.758072
vt 0.244666 0.757566
vt 0.109926 0.115642
vt 0.114895 0.113291
vt 0.114676 0.113613
vt 0.078678 0.108012
vt 0.079240 0.107914
vt 0.079096 0.108339
vt 0.077874 0.106315
vt 0.078285 0.106407
vt 0.077942 0.106771
vt 0.072708 0.109097
vt 0.072231 0.108396
vt 0.072344 0.108741
vt 0.211661 0.768195
vt 0.212205 0.768281
vt 0.211808 0.768843
vt 0.209474 0.761542
vt 0.209131 0.761643
vt 0.209078 0.761311
vt 0.245367 0.134618
vt 0.245981 0.134629
vt 0.245582 0.135121
vt 0.244437 0.135751
vt 0.243988 0.135804
vt 0.244250 0.135348
vt 0.204837 0.759472
vt 0.204424 0.759550
vt 0.204428 0.759167
vt 0.203051 0.759640
vt 0.203006 0.759957
vt 0.202818 0.759854
vt 0.112169 0.879734
vt 0.112463 0.880187
vt 0.112051 0.880226
vt 0.238889 0.136351
vt 0.239178 0.135836
vt 0.239591 0.136256
vt 0.241570 0.135310
vt 0.242025 0.135021
vt 0.242152 0.135571
vt 0.241318 0.134141
vt 0.240900 0.134193
vt 0.240853 0.133735
vt 0.095174 0.522907
vt 0.095192 0.523400
vt 0.094921 0.523105
vt 0.186489 0.299725
vt 0.186358 0.299223
vt 0.186861 0.299479
vt 0.189425 0.302198
vt 0.188858 0.301955
vt 0.189313 0.301668
vt 0.191257 0.300629
vt 0.191182 0.301295
vt 0.190785 0.300794
vt 0.208470 0.178028
vt 0.208762 0.178310
vt 0.208560 0.178398
vt 0.090271 0.530047
vt 0.090742 0.530414
vt 0.090349 0.530494
vt 0.085273 0.527546
vt 0.085659 0.527428
vt 0.085740 0.527895
vt 0.088728 0.519789
vt 0.088465 0.519324
vt 0.089017 0.519486
vt 0.085089 0.533232
vt 0.085688 0.533544
vt 0.085146 0.533868
vt 0.086151 0.521590
vt 0.085530 0.521277
vt 0.086096 0.521022
vt 0.086520 0.529080
vt 0.085952 0.529049
vt 0.086255 0.528688
vt 0.086768 0.528579
vt 0.085196 0.524573
vt 0.084798 0.525077
vt 0.084680 0.524321
vt 0.216489 0.638806
vt 0.217135 0.638840
vt 0.216870 0.639226
vt 0.214128 0.636494
vt 0.216953 0.636633
vt 0.215645 0.637600
vt 0.216825 0.637881
vt 0.087793 0.537837
vt 0.088229 0.538247
vt 0.087610 0.538380
vt 0.090564 0.536704
vt 0.090984 0.536337
vt 0.090982 0.536908
vt 0.188273 0.971867
vt 0.187997 0.971640
vt 0.188410 0.971561
vt 0.215942 0.179329
vt 0.216263 0.179062
vt 0.216286 0.179368
vt 0.076218 0.862006
vt 0.076158 0.861631
vt 0.076538 0.861552
vt 0.213264 0.180776
vt 0.213733 0.180390
vt 0.213905 0.180830
vt 0.239245 0.608803
vt 0.239336 0.609166
vt 0.238990 0.609184
vt 0.300380 0.666087
vt 0.299898 0.665951
vt 0.300223 0.665726
vt 0.241181 0.611793
vt 0.241030 0.612090
vt 0.240831 0.611653
vt 0.242832 0.613974
vt 0.242946 0.613678
vt 0.243222 0.613967
vt 0.246884 0.614014
vt 0.246893 0.613668
vt 0.247261 0.613849
vt 0.087606 0.874734
vt 0.087319 0.874176
vt 0.087782 0.874232
vt 0.087987 0.873768
vt 0.088133 0.874180
vt 0.089110 0.880054
vt 0.088951 0.880356
vt 0.088524 0.880079
vt 0.087143 0.878608
vt 0.087127 0.878279
vt 0.087495 0.878373
vt 0.086160 0.878917
vt 0.086640 0.878752
vt 0.086651 0.879113
vt 0.088037 0.874512
vt 0.088358 0.873356
vt 0.088438 0.873888
vt 0.090391 0.864002
vt 0.089941 0.864027
vt 0.089929 0.863492
vt 0.216949 0.174831
vt 0.217184 0.175171
vt 0.216835 0.175184
vt 0.079864 0.862579
vt 0.079940 0.862078
vt 0.080357 0.862545
vt 0.080744 0.858382
vt 0.081178 0.858769
vt 0.080631 0.858887
vt 0.081116 0.858408
vt 0.081425 0.858359
vt 0.080752 0.857950
vt 0.080209 0.858025
vt 0.082377 0.865501
vt 0.082769 0.865133
vt 0.082933 0.865572
vt 0.084442 0.858754
vt 0.084435 0.859167
vt 0.084109 0.858665
vt 0.084752 0.865380
vt 0.085304 0.865253
vt 0.085097 0.865820
vt 0.091750 0.865147
vt 0.091284 0.865163
vt 0.091417 0.864723
vt 0.089725 0.862904
vt 0.090174 0.863006
vt 0.087234 0.862293
vt 0.087562 0.862170
vt 0.087555 0.862673
vt 0.087663 0.863192
vt 0.087683 0.863702
vt 0.087218 0.863425
vt 0.089272 0.858511
vt 0.089202 0.858894
vt 0.088877 0.858521
vt 0.088259 0.857134
vt 0.088148 0.856825
vt 0.088514 0.857000
vt 0.149344 0.014767
vt 0.148741 0.014401
vt 0.148729 0.013734
vt 0.149047 0.014004
vt 0.087307 0.856704
vt 0.087726 0.856436
vt 0.087842 0.857018
vt 0.083095 0.852709
vt 0.082653 0.852759
vt 0.082725 0.852351
vt 0.140663 0.018346
vt 0.141188 0.018399
vt 0.140978 0.018887
vt 0.074670 0.248220
vt 0.074444 0.248710
vt 0.074038 0.248201
vt 0.189118 0.704663
vt 0.188644 0.704472
vt 0.188916 0.704231
vt 0.188432 0.711753
vt 0.188871 0.711558
vt 0.188859 0.711904
vt 0.076446 0.252263
vt 0.076598 0.252849
vt 0.075928 0.252690
vt 0.073637 0.258028
vt 0.189798 0.704290
vt 0.189721 0.703857
vt 0.190190 0.703940
vt 0.188063 0.704532
vt 0.188523 0.704043
vt 0.188128 0.705259
vt 0.188582 0.704929
vt 0.558023 0.932008
vt 0.558020 0.932774
vt 0.559009 0.932357
vt 0.074526 0.259402
vt 0.074530 0.259798
vt 0.074041 0.259402
vt 0.157430 0.975615
vt 0.157890 0.975622
vt 0.157742 0.975967
vt 0.187207 0.700097
vt 0.186762 0.700288
vt 0.187034 0.699694
vt 0.327133 0.166466
vt 0.326585 0.166314
vt 0.326909 0.166017
vt 0.188827 0.699281
vt 0.189001 0.698958
vt 0.189028 0.699520
vt 0.189491 0.699157
vt 0.184831 0.698793
vt 0.184541 0.699027
vt 0.184537 0.698717
vt 0.509807 0.950780
vt 0.509566 0.950981
vt 0.509427 0.950724
vt 0.140957 0.009406
vt 0.140291 0.008872
vt 0.141347 0.008743
vt 0.154054 0.976543
vt 0.153852 0.976820
vt 0.153676 0.976564
vt 0.143169 0.011150
vt 0.142666 0.010704
vt 0.156029 0.966723
vt 0.156115 0.966315
vt 0.156362 0.966609
vt 0.069560 0.252078
vt 0.069795 0.251718
vt 0.069919 0.252246
vt 0.142498 0.013933
vt 0.142089 0.013720
vt 0.142535 0.013228
vt 0.142063 0.012327
vt 0.142958 0.012407
vt 0.150047 0.969839
vt 0.150541 0.969990
vt 0.150256 0.970332
vt 0.150721 0.970605
vt 0.151100 0.970161
vt 0.196218 0.448730
vt 0.196464 0.449299
vt 0.151683 0.966924
vt 0.151512 0.966523
vt 0.151972 0.966519
vt 0.261401 0.297100
vt 0.261117 0.297359
vt 0.261111 0.296824
vt 0.089848 0.514216
vt 0.090505 0.514196
vt 0.090205 0.514640
vt 0.089526 0.514527
vt 0.262400 0.294199
vt 0.262674 0.294580
vt 0.262238 0.294587
vt 0.153165 0.967269
vt 0.152683 0.967029
vt 0.153189 0.966800
vt 0.140639 0.016965
vt 0.141003 0.017312
vt 0.140447 0.017333
vt 0.140223 0.015857
vt 0.140525 0.016127
vt 0.140032 0.016406
vt 0.140706 0.015658
vt 0.140913 0.015976
vt 0.070119 0.249837
vt 0.070626 0.250212
vt 0.070285 0.250319
vt 0.157194 0.964866
vt 0.157671 0.964938
vt 0.157409 0.965360
vt 0.140968 0.020964
vt 0.140644 0.021360
vt 0.140492 0.020881
vt 0.093834 0.514277
vt 0.093634 0.513897
vt 0.094188 0.514054
vt 0.077915 0.852979
vt 0.078192 0.853316
vt 0.077676 0.853249
vt 0.077911 0.855842
vt 0.077820 0.855297
vt 0.078375 0.855448
vt 0.079110 0.852144
vt 0.078765 0.851973
vt 0.079223 0.851847
vt 0.317524 0.715535
vt 0.318740 0.715988
vt 0.317514 0.716563
vt 0.025963 0.076466
vt 0.026242 0.077230
vt 0.025606 0.077340
vt 0.044333 0.163188
vt 0.044632 0.161967
vt 0.046853 0.163906
vt 0.045728 0.164341
vt 0.047785 0.163052
vt 0.046959 0.162266
vt 0.477976 0.950375
vt 0.478349 0.949985
vt 0.477993 0.950110
vt 0.218283 0.997855
vt 0.218687 0.998340
vt 0.217448 0.998165
vt 0.290410 0.682520
vt 0.289372 0.681571
vt 0.290030 0.682126
vt 0.326939 0.876299
vt 0.327333 0.876727
vt 0.326866 0.876675
vt 0.047032 0.161975
vt 0.047663 0.162342
vt 0.224652 0.997516
vt 0.225097 0.997376
vt 0.225547 0.997518
vt 0.316288 0.717138
vt 0.315475 0.717438
vt 0.315072 0.716685
vt 0.316691 0.717891
vt 0.318730 0.717016
vt 0.317504 0.717591
vt 0.316298 0.716110
vt 0.288725 0.684521
vt 0.287581 0.684326
vt 0.287864 0.683498
vt 0.029434 0.079871
vt 0.028991 0.079764
vt 0.029188 0.079594
vt 0.229140 0.997256
vt 0.228251 0.997536
vt 0.228225 0.997243
vt 0.342596 0.462893
vt 0.342910 0.462935
vt 0.342693 0.463207
vt 0.232471 0.640486
vt 0.231181 0.641819
vt 0.246270 0.521382
vt 0.246876 0.520233
vt 0.246955 0.521551
vt 0.053137 0.752351
vt 0.052406 0.751508
vt 0.053280 0.751624
vt 0.051975 0.252651
vt 0.057540 0.252518
vt 0.055698 0.252293
vt 0.058956 0.253832
vt 0.063064 0.253195
vt 0.059381 0.252744
vt 0.045786 0.486722
vt 0.047927 0.485615
vt 0.047450 0.486323
vt 0.314079 0.361468
vt 0.313596 0.361605
vt 0.314088 0.360822
vt 0.395315 0.977753
vt 0.396361 0.977148
vt 0.395716 0.978700
vt 0.231310 0.673682
vt 0.232261 0.671666
vt 0.230315 0.672683
vt 0.058786 0.754526
vt 0.060005 0.754655
vt 0.059862 0.755383
vt 0.169128 0.191611
vt 0.167078 0.192092
vt 0.168103 0.191109
vt 0.168103 0.192593
vt 0.048032 0.486716
vt 0.049103 0.486162
vt 0.048614 0.487108
vt 0.397143 0.979019
vt 0.398169 0.978392
vt 0.244952 0.526118
vt 0.246182 0.526653
vt 0.245652 0.526964
vt 0.241880 0.527254
vt 0.242914 0.527543
vt 0.241812 0.527454
vt 0.239054 0.526682
vt 0.240156 0.526771
vt 0.240088 0.526972
vt 0.052693 0.750054
vt 0.051818 0.749938
vt 0.051961 0.749211
vt 0.061082 0.755512
vt 0.061439 0.753694
vt 0.063663 0.755043
vt 0.062372 0.755278
vt 0.401920 0.982519
vt 0.403752 0.981678
vt 0.403606 0.982340
vt 0.402691 0.982760
vt 0.051675 0.750665
vt 0.052549 0.750781
vt 0.338548 0.185413
vt 0.339541 0.184295
vt 0.339286 0.186168
vt 0.340216 0.185519
vt 0.363246 0.666923
vt 0.362544 0.666401
vt 0.362962 0.666119
vt 0.365695 0.625822
vt 0.366059 0.625957
vt 0.365676 0.626048
vt 0.430935 0.905784
vt 0.431569 0.905789
vt 0.431303 0.906450
vt 0.370385 0.840302
vt 0.370304 0.839912
vt 0.370557 0.840122
vt 0.168617 0.856610
vt 0.169172 0.856353
vt 0.169544 0.856848
vt 0.350378 0.198741
vt 0.350341 0.199269
vt 0.168800 0.855857
vt 0.169294 0.855804
vt 0.254277 0.150068
vt 0.254219 0.150619
vt 0.253960 0.150294
vt 0.378589 0.917126
vt 0.378029 0.917476
vt 0.378367 0.917824
vt 0.308588 0.338734
vt 0.308610 0.339102
vt 0.308196 0.339056
vt 0.302210 0.343045
vt 0.302444 0.342386
vt 0.302570 0.342865
vt 0.345436 0.260612
vt 0.344602 0.259739
vt 0.345154 0.259601
vt 0.320281 0.641283
vt 0.320108 0.640526
vt 0.320552 0.640726
vt 0.282464 0.516118
vt 0.279113 0.515850
vt 0.280250 0.513773
vt 0.278559 0.515263
vt 0.276899 0.513505
vt 0.283128 0.516932
vt 0.282655 0.519822
vt 0.281895 0.517156
vt 0.202154 0.855246
vt 0.203534 0.854841
vt 0.202642 0.856459
vt 0.247543 0.283280
vt 0.248785 0.282595
vt 0.249021 0.283658
vt 0.248312 0.287614
vt 0.248356 0.287150
vt 0.249641 0.286887
vt 0.244757 0.288382
vt 0.245763 0.287908
vt 0.245002 0.288569
vt 0.052211 0.482839
vt 0.056472 0.478875
vt 0.054478 0.482572
vt 0.058740 0.478608
vt 0.053304 0.484334
vt 0.055435 0.482352
vt 0.054847 0.483233
vt 0.057859 0.479930
vt 0.337367 0.781888
vt 0.336976 0.781140
vt 0.337579 0.781747
vt 0.063359 0.475636
vt 0.063957 0.476474
vt 0.062896 0.477224
vt 0.063495 0.478063
vt 0.309006 0.290807
vt 0.308424 0.292105
vt 0.309205 0.292134
vt 0.113652 0.408198
vt 0.114805 0.407649
vt 0.112777 0.406887
vt 0.290125 0.822406
vt 0.293866 0.824134
vt 0.291605 0.821880
vt 0.245490 0.851470
vt 0.246174 0.852191
vt 0.244396 0.852318
vt 0.057930 0.477821
vt 0.230007 0.950536
vt 0.233966 0.952765
vt 0.231094 0.949821
vt 0.232879 0.953480
vt 0.269424 0.115538
vt 0.269674 0.116084
vt 0.268873 0.116035
vt 0.249735 0.750322
vt 0.351461 0.712245
vt 0.351669 0.712917
vt 0.351284 0.712362
vt 0.061845 0.475805
vt 0.060519 0.477497
vt 0.060066 0.476916
vt 0.213517 0.848113
vt 0.215360 0.848788
vt 0.225018 0.948174
vt 0.228120 0.949846
vt 0.225892 0.949133
vt 0.227725 0.947680
vt 0.231504 0.949230
vt 0.229473 0.949600
vt 0.207542 0.850069
vt 0.207735 0.848190
vt 0.209135 0.846752
vt 0.295806 0.829366
vt 0.294102 0.827389
vt 0.305827 0.939852
vt 0.305761 0.937743
vt 0.303778 0.937911
vt 0.243210 0.787336
vt 0.244123 0.789323
vt 0.244718 0.787171
vt 0.250629 0.778353
vt 0.248931 0.775653
vt 0.251594 0.782414
vt 0.246007 0.773130
vt 0.243442 0.774468
vt 0.245270 0.775049
vt 0.273682 0.947605
vt 0.272377 0.946763
vt 0.272638 0.947875
vt 0.204915 0.854436
vt 0.206296 0.854032
vt 0.204490 0.856257
vt 0.206986 0.853829
vt 0.212381 0.857308
vt 0.209528 0.853886
vt 0.211629 0.854936
vt 0.208746 0.860286
vt 0.210530 0.857049
vt 0.213384 0.860471
vt 0.209106 0.849471
vt 0.207677 0.853627
vt 0.248277 0.855543
vt 0.248180 0.854618
vt 0.249349 0.854621
vt 0.243851 0.856176
vt 0.242835 0.855892
vt 0.243754 0.855251
vt 0.249725 0.856860
vt 0.250307 0.856844
vt 0.249850 0.857607
vt 0.246222 0.751936
vt 0.245616 0.752825
vt 0.338001 0.214431
vt 0.338540 0.215009
vt 0.336658 0.215273
vt 0.245814 0.897188
vt 0.244683 0.896560
vt 0.248069 0.894623
vt 0.248554 0.897540
vt 0.245167 0.899478
vt 0.307165 0.589772
vt 0.307421 0.590200
vt 0.058298 0.100776
vt 0.057677 0.102447
vt 0.057444 0.100278
vt 0.056823 0.101949
vt 0.061904 0.102176
vt 0.062056 0.103160
vt 0.060972 0.103230
vt 0.308895 0.847755
vt 0.309891 0.848457
vt 0.309596 0.846941
vt 0.308052 0.589205
vt 0.307642 0.588808
vt 0.308529 0.588241
vt 0.317016 0.545253
vt 0.316407 0.544716
vt 0.317048 0.543905
vt 0.058528 0.815523
vt 0.063485 0.792768
vt 0.062189 0.793322
vt 0.062369 0.792267
vt 0.254952 0.631805
vt 0.255593 0.630883
vt 0.255839 0.632242
vt 0.288093 0.142301
vt 0.287834 0.140559
vt 0.289013 0.142526
vt 0.055621 0.073179
vt 0.055081 0.073610
vt 0.054249 0.073017
vt 0.308879 0.718085
vt 0.310197 0.718553
vt 0.309763 0.717920
vt 0.452685 0.958128
vt 0.449044 0.958502
vt 0.447905 0.957807
vt 0.215044 0.811418
vt 0.219428 0.810267
vt 0.216331 0.810184
vt 0.216980 0.808274
vt 0.358439 0.626376
vt 0.358143 0.626700
vt 0.358103 0.625977
vt 0.210619 0.798074
vt 0.209521 0.798971
vt 0.209250 0.796661
vt 0.054429 0.078059
vt 0.052919 0.079122
vt 0.052222 0.078017
vt 0.052416 0.079476
vt 0.050208 0.079434
vt 0.063515 0.797957
vt 0.062653 0.796515
vt 0.064771 0.797043
vt 0.260481 0.446511
vt 0.261188 0.444940
vt 0.063949 0.795961
vt 0.065008 0.796225
vt 0.210912 0.811547
vt 0.212627 0.810655
vt 0.211587 0.812482
vt 0.255672 0.626864
vt 0.255165 0.626082
vt 0.255816 0.625831
vt 0.211635 0.806669
vt 0.212337 0.806982
vt 0.211948 0.807435
vt 0.350738 0.710993
vt 0.351116 0.711126
vt 0.350847 0.711129
vt 0.236838 0.955710
vt 0.239981 0.958475
vt 0.240797 0.957939
vt 0.234509 0.952408
vt 0.237924 0.954995
vt 0.236488 0.953523
vt 0.118892 0.406514
vt 0.117961 0.405575
vt 0.117380 0.406800
vt 0.254736 0.629717
vt 0.254676 0.631173
vt 0.123635 0.405281
vt 0.125093 0.403109
vt 0.124008 0.404430
vt 0.269896 0.480152
vt 0.268886 0.480281
vt 0.269938 0.479286
vt 0.120141 0.419054
vt 0.121001 0.416809
vt 0.120014 0.416363
vt 0.118533 0.415694
vt 0.117546 0.415248
vt 0.117052 0.415025
vt 0.118262 0.417912
vt 0.337152 0.274451
vt 0.337125 0.275388
vt 0.336607 0.275589
vt 0.336088 0.275789
vt 0.191455 0.314504
vt 0.189991 0.316102
vt 0.318599 0.217437
vt 0.317710 0.217758
vt 0.318057 0.216633
vt 0.264253 0.976332
vt 0.264637 0.974475
vt 0.265117 0.974621
vt 0.127258 0.407224
vt 0.127644 0.406402
vt 0.126819 0.406955
vt 0.331247 0.876410
vt 0.332047 0.877049
vt 0.330762 0.876901
vt 0.121736 0.410804
vt 0.123273 0.409993
vt 0.121656 0.409412
vt 0.120752 0.408393
vt 0.122549 0.406602
vt 0.121837 0.407072
vt 0.124163 0.402169
vt 0.123233 0.401230
vt 0.122148 0.402551
vt 0.116321 0.410037
vt 0.114582 0.409137
vt 0.114415 0.410253
vt 0.278874 0.214724
vt 0.277163 0.216306
vt 0.279073 0.216213
vt 0.044708 0.192381
vt 0.045917 0.190838
vt 0.046480 0.191732
vt 0.044285 0.191710
vt 0.312598 0.564305
vt 0.313159 0.564155
vt 0.312469 0.564806
vt 0.045590 0.193283
vt 0.348619 0.846725
vt 0.348767 0.845932
vt 0.347852 0.846490
vt 0.188467 0.054108
vt 0.190608 0.052053
vt 0.188726 0.052928
vt 0.198165 0.050500
vt 0.197698 0.051031
vt 0.196194 0.049578
vt 0.195572 0.050286
vt 0.195200 0.054563
vt 0.196740 0.054116
vt 0.197909 0.057946
vt 0.194031 0.050732
vt 0.194589 0.056303
vt 0.191880 0.052920
vt 0.327022 0.862312
vt 0.323890 0.862918
vt 0.324885 0.865334
vt 0.320847 0.877849
vt 0.318901 0.878636
vt 0.319378 0.877242
vt 0.045385 0.419224
vt 0.045137 0.418693
vt 0.046199 0.419131
vt 0.261391 0.973324
vt 0.260125 0.971091
vt 0.262656 0.972491
vt 0.128843 0.418856
vt 0.128527 0.415294
vt 0.127632 0.415548
vt 0.337952 0.950156
vt 0.338955 0.950157
vt 0.338437 0.949652
vt 0.128435 0.421162
vt 0.127171 0.419330
vt 0.126764 0.421636
vt 0.127579 0.417024
vt 0.280393 0.214222
vt 0.280850 0.215128
vt 0.281434 0.214234
vt 0.323932 0.102580
vt 0.323540 0.101917
vt 0.322921 0.102463
vt 0.061118 0.111353
vt 0.060255 0.110903
vt 0.060507 0.109920
vt 0.043822 0.192705
vt 0.044426 0.191934
vt 0.054477 0.111214
vt 0.053415 0.111188
vt 0.052916 0.110432
vt 0.327816 0.102014
vt 0.326998 0.101809
vt 0.192429 0.603595
vt 0.190866 0.603425
vt 0.191206 0.604231
vt 0.186174 0.602918
vt 0.185257 0.603395
vt 0.186515 0.603724
vt 0.192343 0.602452
vt 0.192873 0.602911
vt 0.211787 0.804227
vt 0.212413 0.805761
vt 0.211009 0.805135
vt 0.333284 0.406071
vt 0.332855 0.406023
vt 0.333217 0.405862
vt 0.298563 0.383406
vt 0.300338 0.383394
vt 0.300319 0.382490
vt 0.302076 0.381575
vt 0.299147 0.380247
vt 0.298524 0.381599
vt 0.300300 0.381587
vt 0.302543 0.380561
vt 0.211094 0.810166
vt 0.210547 0.809094
vt 0.211951 0.809720
vt 0.310472 0.715429
vt 0.310160 0.715026
vt 0.309045 0.715135
vt 0.308733 0.714733
vt 0.308218 0.715495
vt 0.080030 0.484582
vt 0.079050 0.483763
vt 0.076689 0.479757
vt 0.077160 0.479811
vt 0.077111 0.481048
vt 0.351082 0.832264
vt 0.351710 0.833377
vt 0.350413 0.833029
vt 0.311260 0.717772
vt 0.310203 0.718076
vt 0.348380 0.830456
vt 0.348904 0.830517
vt 0.348564 0.831169
vt 0.302095 0.382478
vt 0.310627 0.575834
vt 0.309881 0.574379
vt 0.309106 0.574977
vt 0.170022 0.671150
vt 0.170665 0.667822
vt 0.167900 0.671560
vt 0.203824 0.197476
vt 0.203720 0.196174
vt 0.202289 0.196451
vt 0.202186 0.195150
vt 0.205960 0.202184
vt 0.204221 0.201577
vt 0.205000 0.202665
vt 0.163017 0.672335
vt 0.162415 0.672721
vt 0.163309 0.673313
vt 0.173494 0.667276
vt 0.173558 0.670468
vt 0.175182 0.669275
vt 0.204348 0.198844
vt 0.203895 0.199666
vt 0.205055 0.200071
vt 0.257940 0.224943
vt 0.255635 0.225155
vt 0.255945 0.226487
vt 0.240613 0.989328
vt 0.241372 0.988878
vt 0.239361 0.988804
vt 0.169851 0.924225
vt 0.171256 0.923997
vt 0.169088 0.922325
vt 0.262050 0.227034
vt 0.261654 0.228370
vt 0.263855 0.229337
vt 0.257855 0.227611
vt 0.258250 0.226275
vt 0.256256 0.227819
vt 0.351587 0.998407
vt 0.352606 0.997860
vt 0.354423 0.998933
vt 0.165395 0.927588
vt 0.168453 0.926615
vt 0.165550 0.923511
vt 0.164117 0.923273
vt 0.163068 0.925065
vt 0.196705 0.595231
vt 0.195296 0.596516
vt 0.195767 0.597342
vt 0.056922 0.107576
vt 0.056175 0.108165
vt 0.055841 0.107646
vt 0.054477 0.108843
vt 0.054715 0.109581
vt 0.053628 0.109182
vt 0.228829 0.651579
vt 0.230103 0.651738
vt 0.230300 0.648802
vt 0.227877 0.648334
vt 0.226625 0.649554
vt 0.226872 0.649838
vt 0.268425 0.477378
vt 0.268677 0.478396
vt 0.267373 0.478374
vt 0.267877 0.480410
vt 0.268929 0.479415
vt 0.216438 0.858122
vt 0.215487 0.859652
vt 0.215287 0.857411
vt 0.217340 0.856031
vt 0.216239 0.855880
vt 0.217190 0.854350
vt 0.266107 0.472384
vt 0.268173 0.476360
vt 0.266869 0.476337
vt 0.270376 0.475273
vt 0.272084 0.476428
vt 0.270780 0.476405
vt 0.217790 0.861074
vt 0.216838 0.862604
vt 0.216638 0.860363
vt 0.215687 0.861893
vt 0.126150 0.828783
vt 0.127144 0.828202
vt 0.126850 0.829509
vt 0.231234 0.397049
vt 0.230704 0.396526
vt 0.227652 0.397306
vt 0.228525 0.397341
vt 0.228183 0.398130
vt 0.227842 0.398919
vt 0.312031 0.049915
vt 0.311957 0.049444
vt 0.311481 0.049763
vt 0.300482 0.627241
vt 0.300640 0.626606
vt 0.301168 0.627019
vt 0.231098 0.017842
vt 0.229270 0.017514
vt 0.230709 0.016609
vt 0.274283 0.562324
vt 0.274694 0.563133
vt 0.274057 0.563068
vt 0.312768 0.508310
vt 0.311276 0.508484
vt 0.310331 0.506788
vt 0.143808 0.123931
vt 0.145206 0.125526
vt 0.146796 0.131698
vt 0.149925 0.129112
vt 0.147367 0.126548
vt 0.058051 0.262738
vt 0.057939 0.260023
vt 0.054141 0.260347
vt 0.055779 0.259503
vt 0.056323 0.262322
vt 0.054685 0.263166
vt 0.052246 0.264084
vt 0.052504 0.261191
vt 0.453677 0.960183
vt 0.453536 0.959776
vt 0.454046 0.959851
vt 0.161985 0.673893
vt 0.161812 0.673107
vt 0.161091 0.673301
vt 0.162123 0.671743
vt 0.144274 0.124463
vt 0.146174 0.121919
vt 0.145426 0.115764
vt 0.228338 0.645616
vt 0.227970 0.646499
vt 0.228758 0.646602
vt 0.222287 0.644634
vt 0.222656 0.643173
vt 0.221475 0.643492
vt 0.226643 0.642643
vt 0.223837 0.642855
vt 0.225257 0.644019
vt 0.250885 0.849153
vt 0.251552 0.849123
vt 0.250966 0.850140
vt 0.249296 0.845940
vt 0.249645 0.846142
vt 0.249352 0.846650
vt 0.290929 0.824822
vt 0.292397 0.825412
vt 0.278517 0.244148
vt 0.277659 0.244219
vt 0.277720 0.243612
vt 0.323864 0.096248
vt 0.324307 0.096292
vt 0.324713 0.094582
vt 0.324898 0.096350
vt 0.325895 0.094699
vt 0.325304 0.094640
vt 0.298220 0.352883
vt 0.298967 0.352388
vt 0.298138 0.353826
vt 0.304337 0.354203
vt 0.304252 0.353559
vt 0.304967 0.353996
vt 0.329656 0.931142
vt 0.329725 0.932155
vt 0.329034 0.932139
vt 0.310095 0.946612
vt 0.310855 0.946180
vt 0.309911 0.945400
vt 0.304168 0.352915
vt 0.304284 0.351437
vt 0.304882 0.353352
vt 0.303864 0.349632
vt 0.303801 0.348045
vt 0.304400 0.349959
vt 0.326301 0.092989
vt 0.325710 0.092930
vt 0.324122 0.094523
vt 0.325119 0.092872
vt 0.353914 0.785716
vt 0.353138 0.785148
vt 0.353132 0.786628
vt 0.375248 0.378981
vt 0.375087 0.378232
vt 0.375475 0.378478
vt 0.286039 0.539779
vt 0.286628 0.539627
vt 0.286333 0.540451
vt 0.321249 0.356484
vt 0.321199 0.357246
vt 0.321806 0.357238
vt 0.303622 0.353765
vt 0.303538 0.353122
vt 0.338140 0.095878
vt 0.337157 0.094281
vt 0.337981 0.093792
vt 0.124769 0.824102
vt 0.123449 0.823801
vt 0.124794 0.823368
vt 0.218542 0.857657
vt 0.218954 0.859324
vt 0.218291 0.858796
vt 0.217953 0.855999
vt 0.217290 0.855471
vt 0.124520 0.824248
vt 0.123774 0.824683
vt 0.333735 0.019039
vt 0.333080 0.019115
vt 0.333296 0.018343
vt 0.288871 0.090010
vt 0.288348 0.089598
vt 0.288491 0.089229
vt 0.272251 0.822219
vt 0.271388 0.820917
vt 0.270407 0.822251
vt 0.288588 0.559883
vt 0.287780 0.560715
vt 0.289347 0.557099
vt 0.289638 0.556009
vt 0.288306 0.557082
vt 0.223634 0.010093
vt 0.226047 0.009302
vt 0.226597 0.010868
vt 0.362254 0.724215
vt 0.362985 0.724870
vt 0.361697 0.725028
vt 0.262065 0.956112
vt 0.262214 0.957234
vt 0.263334 0.956404
vt 0.363333 0.722001
vt 0.362838 0.721944
vt 0.363855 0.720602
vt 0.272371 0.561013
vt 0.271547 0.562279
vt 0.045546 0.319683
vt 0.045226 0.317402
vt 0.044482 0.319655
vt 0.046126 0.320532
vt 0.046871 0.318279
vt 0.269039 0.563190
vt 0.267727 0.563331
vt 0.268447 0.562196
vt 0.228343 0.010628
vt 0.227793 0.009062
vt 0.229540 0.008822
vt 0.192600 0.603997
vt 0.193148 0.603707
vt 0.192770 0.604400
vt 0.191547 0.605037
vt 0.193111 0.605206
vt 0.187738 0.603087
vt 0.231416 0.389288
vt 0.230239 0.390728
vt 0.230282 0.388745
vt 0.125268 0.824093
vt 0.125445 0.823764
vt 0.230269 0.396809
vt 0.230364 0.397615
vt 0.229834 0.397092
vt 0.128093 0.413500
vt 0.127948 0.414971
vt 0.128339 0.406983
vt 0.128648 0.408385
vt 0.128643 0.407437
vt 0.124426 0.406173
vt 0.125681 0.405044
vt 0.125997 0.404128
vt 0.125090 0.408514
vt 0.125249 0.409452
vt 0.125608 0.408329
vt 0.206166 0.802986
vt 0.206562 0.802580
vt 0.206410 0.803028
vt 0.268183 0.973930
vt 0.269284 0.974169
vt 0.268503 0.974569
vt 0.269604 0.974808
vt 0.270386 0.974409
vt 0.270705 0.975047
vt 0.117737 0.414749
vt 0.122217 0.414793
vt 0.121612 0.413350
vt 0.121408 0.414503
vt 0.122013 0.415946
vt 0.122343 0.415298
vt 0.122363 0.419444
vt 0.121960 0.418073
vt 0.121606 0.418253
vt 0.306759 0.571167
vt 0.307811 0.571558
vt 0.306715 0.570677
vt 0.332228 0.667729
vt 0.333387 0.668404
vt 0.332485 0.668548
vt 0.273873 0.259959
vt 0.273175 0.257423
vt 0.274862 0.259055
vt 0.366141 0.607292
vt 0.366367 0.609262
vt 0.367554 0.608588
vt 0.512008 0.981785
vt 0.510596 0.980989
vt 0.511558 0.980555
vt 0.275190 0.260487
vt 0.275519 0.261920
vt 0.274202 0.261391
vt 0.511046 0.982220
vt 0.509656 0.982181
vt 0.047644 0.561535
vt 0.049111 0.560905
vt 0.049618 0.562081
vt 0.046968 0.559967
vt 0.048266 0.558945
vt 0.048773 0.560121
vt 0.301979 0.034096
vt 0.300529 0.035215
vt 0.301313 0.035169
vt 0.283409 0.825689
vt 0.283879 0.823766
vt 0.282755 0.823168
vt 0.330218 0.198645
vt 0.331187 0.199035
vt 0.330629 0.199735
vt 0.330775 0.197944
vt 0.331745 0.198334
vt 0.188719 0.265177
vt 0.188682 0.265774
vt 0.466832 0.978580
vt 0.464569 0.979986
vt 0.196486 0.987791
vt 0.350540 0.406636
vt 0.349859 0.405779
vt 0.313260 0.848364
vt 0.311659 0.847053
vt 0.311428 0.847653
vt 0.349029 0.408089
vt 0.349479 0.407247
vt 0.350161 0.408104
vt 0.280299 0.921182
vt 0.278130 0.919856
vt 0.278792 0.921739
vt 0.061378 0.813807
vt 0.062015 0.814888
vt 0.062650 0.813364
vt 0.063287 0.814444
vt 0.279637 0.919299
vt 0.281806 0.920625
vt 0.210791 0.081983
vt 0.209463 0.082039
vt 0.051775 0.743112
vt 0.052844 0.744440
vt 0.050195 0.745354
vt 0.293301 0.326235
vt 0.294087 0.327749
vt 0.293335 0.327630
vt 0.293579 0.325567
vt 0.293873 0.324658
vt 0.294348 0.325445
vt 0.056444 0.740778
vt 0.207996 0.081486
vt 0.207675 0.079755
vt 0.283495 0.917280
vt 0.286060 0.915694
vt 0.285185 0.913934
vt 0.054663 0.739911
vt 0.053355 0.740870
vt 0.053600 0.739730
vt 0.207267 0.082223
vt 0.206957 0.083362
vt 0.206220 0.082072
vt 0.061892 0.096889
vt 0.061025 0.094865
vt 0.062554 0.094541
vt 0.063368 0.097974
vt 0.063602 0.095878
vt 0.064650 0.097216
vt 0.187392 0.987059
vt 0.189132 0.987145
vt 0.190261 0.989258
vt 0.187617 0.988950
vt 0.188538 0.989987
vt 0.059987 0.097601
vt 0.058781 0.096898
vt 0.059496 0.095190
vt 0.171897 0.921868
vt 0.171134 0.919968
vt 0.169729 0.920197
vt 0.160518 0.920802
vt 0.158852 0.920776
vt 0.159819 0.921997
vt 0.256848 0.223006
vt 0.255716 0.222431
vt 0.255696 0.223112
vt 0.173595 0.920831
vt 0.172365 0.920400
vt 0.173393 0.923616
vt 0.257293 0.220544
vt 0.256767 0.221173
vt 0.257899 0.221748
vt 0.212705 0.203564
vt 0.210700 0.203507
vt 0.211316 0.204850
vt 0.204086 0.198160
vt 0.203633 0.198982
vt 0.204539 0.197337
vt 0.211173 0.200504
vt 0.213177 0.200561
vt 0.212261 0.198844
vt 0.333568 0.704526
vt 0.333020 0.704526
vt 0.333112 0.703893
vt 0.365236 0.643173
vt 0.365514 0.643713
vt 0.365936 0.643013
vt 0.337124 0.599749
vt 0.337273 0.599245
vt 0.337524 0.599461
vt 0.339719 0.597501
vt 0.339744 0.597370
vt 0.339980 0.597512
vt 0.223749 0.086166
vt 0.223143 0.085862
vt 0.223419 0.086596
vt 0.231165 0.087803
vt 0.229978 0.087626
vt 0.231606 0.088851
vt 0.289110 0.855165
vt 0.289331 0.855515
vt 0.291241 0.264990
vt 0.291893 0.265624
vt 0.181836 0.964457
vt 0.180671 0.964523
vt 0.181427 0.965398
vt 0.258434 0.608986
vt 0.258894 0.608938
vt 0.258648 0.609203
vt 0.207940 0.801936
vt 0.208329 0.801482
vt 0.208624 0.802642
vt 0.262619 0.446053
vt 0.261194 0.446358
vt 0.054863 0.646771
vt 0.056334 0.647826
vt 0.054830 0.647609
vt 0.208152 0.797558
vt 0.289271 0.144268
vt 0.061941 0.651678
vt 0.063193 0.652822
vt 0.062038 0.652810
vt 0.063096 0.651690
vt 0.258041 0.627489
vt 0.258335 0.628892
vt 0.257341 0.628715
vt 0.257635 0.630118
vt 0.205366 0.801025
vt 0.205671 0.800128
vt 0.206266 0.801420
vt 0.261116 0.630051
vt 0.259623 0.630471
vt 0.260323 0.629245
vt 0.261096 0.635079
vt 0.261631 0.633941
vt 0.262589 0.634659
vt 0.263124 0.633521
vt 0.254852 0.635133
vt 0.256075 0.634745
vt 0.255149 0.636179
vt 0.256267 0.636854
vt 0.257193 0.635420
vt 0.257089 0.636483
vt 0.052700 0.648931
vt 0.055269 0.648487
vt 0.055708 0.649364
vt 0.057086 0.647935
vt 0.338550 0.875962
vt 0.337753 0.877261
vt 0.337602 0.876204
vt 0.054213 0.650881
vt 0.056055 0.649657
vt 0.210444 0.800431
vt 0.256179 0.627647
vt 0.256473 0.629049
vt 0.255311 0.627981
vt 0.364236 0.413826
vt 0.364225 0.414598
vt 0.363773 0.414013
vt 0.337419 0.709604
vt 0.338243 0.709923
vt 0.337982 0.710436
vt 0.309140 0.640487
vt 0.371687 0.134723
vt 0.372405 0.135326
vt 0.372129 0.134036
vt 0.372847 0.134639
vt 0.372588 0.134186
vt 0.324568 0.524555
vt 0.324386 0.525317
vt 0.323906 0.524588
vt 0.308082 0.641991
vt 0.338254 0.678475
vt 0.338102 0.679086
vt 0.337619 0.678847
vt 0.349203 0.008354
vt 0.350113 0.010098
vt 0.349309 0.010341
vt 0.245826 0.379029
vt 0.246062 0.379111
vt 0.245759 0.379298
vt 0.349978 0.010712
vt 0.349640 0.011031
vt 0.337167 0.948676
vt 0.336630 0.948608
vt 0.336773 0.948877
vt 0.225611 0.398021
vt 0.226519 0.397257
vt 0.226431 0.398458
vt 0.360794 0.938274
vt 0.361477 0.938865
vt 0.360800 0.938895
vt 0.055259 0.639237
vt 0.054347 0.639838
vt 0.053650 0.639452
vt 0.055847 0.640115
vt 0.056304 0.641441
vt 0.053841 0.641164
vt 0.225112 0.395839
vt 0.227545 0.394890
vt 0.226070 0.395630
vt 0.224550 0.395129
vt 0.225485 0.394299
vt 0.226663 0.394249
vt 0.194419 0.508296
vt 0.196644 0.510915
vt 0.269727 0.800953
vt 0.271235 0.801373
vt 0.270187 0.801866
vt 0.054699 0.820910
vt 0.054737 0.820132
vt 0.053551 0.820324
vt 0.318842 0.544609
vt 0.318297 0.543631
vt 0.318874 0.543262
vt 0.317656 0.544442
vt 0.318265 0.544979
vt 0.317624 0.545790
vt 0.273481 0.801341
vt 0.272358 0.801357
vt 0.272947 0.799950
vt 0.275076 0.798226
vt 0.275847 0.798067
vt 0.275611 0.799617
vt 0.270740 0.796460
vt 0.271788 0.795967
vt 0.271346 0.797053
vt 0.271364 0.799052
vt 0.272412 0.798558
vt 0.271823 0.799966
vt 0.270154 0.160202
vt 0.269612 0.160932
vt 0.268513 0.160407
vt 0.200280 0.507356
vt 0.198896 0.507247
vt 0.200009 0.508556
vt 0.324693 0.448163
vt 0.323518 0.444360
vt 0.322932 0.448644
vt 0.357300 0.980689
vt 0.355570 0.978128
vt 0.354918 0.981370
vt 0.300487 0.035992
vt 0.301331 0.038114
vt 0.301815 0.036354
vt 0.352832 0.978552
vt 0.294060 0.632799
vt 0.293739 0.633219
vt 0.244089 0.288989
vt 0.244377 0.288712
vt 0.244632 0.288783
vt 0.336285 0.782459
vt 0.336129 0.782255
vt 0.336308 0.782215
vt 0.318405 0.399820
vt 0.320633 0.400262
vt 0.319309 0.398114
vt 0.320624 0.404361
vt 0.318396 0.403919
vt 0.319291 0.406313
vt 0.243032 0.352845
vt 0.241438 0.353011
vt 0.242911 0.355930
vt 0.274251 0.287968
vt 0.272761 0.287332
vt 0.275576 0.286274
vt 0.246257 0.355457
vt 0.248022 0.357141
vt 0.248352 0.354500
vt 0.244744 0.359368
vt 0.245325 0.362321
vt 0.246509 0.361052
vt 0.310050 0.593654
vt 0.308699 0.595308
vt 0.303929 0.259528
vt 0.304890 0.259533
vt 0.303867 0.260654
vt 0.304981 0.263610
vt 0.304186 0.262078
vt 0.305529 0.262380
vt 0.303638 0.263308
vt 0.337668 0.359910
vt 0.337288 0.358845
vt 0.336484 0.359342
vt 0.243621 0.510220
vt 0.448552 0.917733
vt 0.447303 0.918005
vt 0.448597 0.917420
vt 0.320229 0.582593
vt 0.320315 0.583215
vt 0.320024 0.583806
vt 0.247718 0.514152
vt 0.249167 0.514654
vt 0.248955 0.513746
vt 0.243768 0.907283
vt 0.247696 0.908863
vt 0.053567 0.065601
vt 0.051901 0.067352
vt 0.053717 0.068093
vt 0.057228 0.068920
vt 0.055383 0.066342
vt 0.055534 0.068833
vt 0.107097 0.003825
vt 0.110965 0.001485
vt 0.107114 0.006356
vt 0.493167 0.959421
vt 0.493887 0.959210
vt 0.493566 0.959829
vt 0.258282 0.446289
vt 0.256969 0.446600
vt 0.388515 0.957196
vt 0.389029 0.957369
vt 0.389046 0.957168
vt 0.338226 0.564102
vt 0.338375 0.563336
vt 0.337725 0.562927
vt 0.253787 0.445038
vt 0.253387 0.444743
vt 0.254029 0.444200
vt 0.336412 0.561629
vt 0.336480 0.561995
vt 0.336827 0.561940
vt 0.250871 0.954653
vt 0.251468 0.956071
vt 0.384003 0.958926
vt 0.381712 0.960518
vt 0.384139 0.960868
vt 0.381577 0.958576
vt 0.379286 0.960167
vt 0.337276 0.194735
vt 0.336337 0.195046
vt 0.336116 0.194119
vt 0.247832 0.955839
vt 0.248700 0.955993
vt 0.387397 0.958148
vt 0.388001 0.957023
vt 0.385935 0.957004
vt 0.318372 0.459204
vt 0.317734 0.458172
vt 0.318319 0.457392
vt 0.228809 0.015174
vt 0.228049 0.015444
vt 0.228410 0.015032
vt 0.300919 0.628799
vt 0.301501 0.628523
vt 0.301418 0.629116
vt 0.327079 0.486198
vt 0.328644 0.486111
vt 0.327345 0.487265
vt 0.200372 0.787173
vt 0.200496 0.787806
vt 0.200078 0.787719
vt 0.199261 0.786940
vt 0.198862 0.786248
vt 0.199876 0.786158
vt 0.269890 0.538013
vt 0.269714 0.538618
vt 0.269180 0.538241
vt 0.280927 0.431935
vt 0.265661 0.998774
vt 0.267180 0.998937
vt 0.268165 0.998321
vt 0.266022 0.997657
vt 0.268346 0.997763
vt 0.267902 0.996704
vt 0.257144 0.996544
vt 0.258898 0.998112
vt 0.267089 0.994424
vt 0.264856 0.996436
vt 0.267549 0.995367
vt 0.266367 0.994261
vt 0.263149 0.996889
vt 0.044841 0.368969
vt 0.047177 0.370369
vt 0.046403 0.369644
vt 0.044059 0.368631
vt 0.044809 0.370521
vt 0.046388 0.370420
vt 0.047138 0.372309
vt 0.258844 0.999050
vt 0.257089 0.997483
vt 0.257034 0.998422
vt 0.280506 0.420213
vt 0.282608 0.421952
vt 0.282185 0.422286
vt 0.279356 0.421035
vt 0.278404 0.418474
vt 0.280083 0.420547
vt 0.311224 0.145216
vt 0.309353 0.144882
vt 0.310549 0.143837
vt 0.282378 0.859911
vt 0.282490 0.861312
vt 0.283979 0.861308
vt 0.313212 0.143398
vt 0.312420 0.144170
vt 0.312261 0.142996
vt 0.281002 0.858180
vt 0.281248 0.857581
vt 0.279983 0.857251
vt 0.192189 0.499840
vt 0.192826 0.498857
vt 0.191858 0.498932
vt 0.193157 0.499764
vt 0.193795 0.498781
vt 0.192130 0.498245
vt 0.193099 0.498169
vt 0.192288 0.497121
vt 0.191425 0.497515
vt 0.192403 0.497557
vt 0.191310 0.497079
vt 0.190447 0.497474
vt 0.191152 0.498203
vt 0.190288 0.498538
vt 0.190994 0.499267
vt 0.194254 0.501507
vt 0.195005 0.501642
vt 0.195524 0.501287
vt 0.259908 0.947284
vt 0.258040 0.945994
vt 0.258835 0.948252
vt 0.319755 0.443909
vt 0.233827 0.502138
vt 0.235999 0.502234
vt 0.235097 0.503666
vt 0.234730 0.500706
vt 0.236902 0.500803
vt 0.268290 0.797931
vt 0.267143 0.799295
vt 0.266626 0.798101
vt 0.265479 0.799466
vt 0.278381 0.785644
vt 0.279835 0.786924
vt 0.281340 0.785095
vt 0.283372 0.788122
vt 0.284518 0.787493
vt 0.283657 0.786934
vt 0.330523 0.876418
vt 0.330200 0.876745
vt 0.329800 0.876425
vt 0.312906 0.398637
vt 0.311499 0.398676
vt 0.311952 0.400114
vt 0.183906 0.314660
vt 0.181300 0.313659
vt 0.231266 0.670667
vt 0.288418 0.558531
vt 0.287978 0.557457
vt 0.287879 0.559086
vt 0.295624 0.092020
vt 0.295036 0.093627
vt 0.294241 0.092517
vt 0.272163 0.823374
vt 0.270666 0.822887
vt 0.270924 0.823523
vt 0.272193 0.822989
vt 0.270536 0.822569
vt 0.230799 0.397332
vt 0.231329 0.397855
vt 0.230894 0.398138
vt 0.125468 0.824565
vt 0.125094 0.824985
vt 0.124931 0.824544
vt 0.130103 0.831090
vt 0.129372 0.830414
vt 0.130462 0.829916
vt 0.118349 0.407175
vt 0.117341 0.407365
vt 0.117806 0.407835
vt 0.115016 0.405017
vt 0.116101 0.403696
vt 0.114086 0.404078
vt 0.115171 0.402757
vt 0.240253 0.958296
vt 0.242233 0.959411
vt 0.128641 0.829737
vt 0.128935 0.828430
vt 0.129731 0.829239
vt 0.188208 0.055289
vt 0.188568 0.055599
vt 0.188542 0.057891
vt 0.188972 0.056607
vt 0.188700 0.057696
vt 0.194940 0.067460
vt 0.187373 0.062915
vt 0.188145 0.063789
vt 0.186958 0.065823
vt 0.187730 0.066696
vt 0.249456 0.789501
vt 0.248532 0.788021
vt 0.247543 0.789330
vt 0.290059 0.319792
vt 0.289751 0.319034
vt 0.290481 0.319706
vt 0.289329 0.319120
vt 0.290598 0.314966
vt 0.292098 0.317218
vt 0.227258 0.389072
vt 0.226643 0.388701
vt 0.227232 0.388491
vt 0.228489 0.389814
vt 0.227874 0.389443
vt 0.228314 0.388892
vt 0.227852 0.390434
vt 0.227831 0.391426
vt 0.227215 0.391055
vt 0.226621 0.389693
vt 0.228468 0.390805
vt 0.245634 0.778352
vt 0.243069 0.779691
vt 0.244169 0.781076
vt 0.238381 0.785308
vt 0.241093 0.785246
vt 0.239379 0.783522
vt 0.238637 0.783891
vt 0.224254 0.393557
vt 0.224306 0.394348
vt 0.225432 0.393508
vt 0.103874 0.614308
vt 0.104520 0.614544
vt 0.104610 0.615270
vt 0.319714 0.597107
vt 0.319223 0.595886
vt 0.320681 0.596254
vt 0.108714 0.407287
vt 0.108937 0.405800
vt 0.106956 0.406591
vt 0.114526 0.409509
vt 0.113103 0.408286
vt 0.060056 0.480693
vt 0.061245 0.480557
vt 0.060120 0.481804
s 0
usemtl material_1001
f 341/1/1 305/2/1 278/3/1
f 358/4/2 357/5/2 478/6/2
f 900/7/3 859/8/3 182/9/3
f 700/10/4 1042/11/4 504/12/4
f 1057/13/5 473/14/5 309/15/5
f 997/16/6 1124/17/6 999/18/6
f 222/19/7 199/20/7 999/21/7
f 226/22/8 1041/23/8 1132/24/8
f 1196/25/9 1082/26/9 1091/27/9
f 1203/28/10 326/29/10 381/30/10
f 311/31/11 520/32/11 448/33/11
f 327/34/12 1131/35/12 1218/36/12
f 1219/37/13 1192/38/13 1077/39/13
f 451/40/14 102/41/14 312/42/14
f 511/43/15 1235/44/15 476/45/15
f 396/46/16 1159/47/16 1267/48/16
f 359/49/17 1262/50/17 157/51/17
f 1266/52/18 328/53/18 1287/54/18
f 152/55/19 12/56/19 1307/57/19
f 1309/58/20 1293/59/20 62/60/20
f 342/61/21 1330/62/21 1326/63/21
f 403/64/22 483/65/22 1345/66/22
f 901/67/23 1332/68/23 1347/69/23
f 1337/70/24 488/71/24 866/72/24
f 54/73/25 579/74/25 1352/75/25
f 1233/76/26 424/77/26 43/78/26
f 387/79/27 299/80/27 1199/81/27
f 487/82/28 1222/83/28 1204/84/28
f 327/85/29 1218/36/29 437/86/29
f 484/87/30 1445/88/30 1264/89/30
f 1366/90/31 465/91/31 1465/92/31
f 1399/93/32 467/94/32 529/95/32
f 631/96/33 1484/97/33 1365/98/33
f 69/99/34 246/100/34 1192/101/34
f 650/102/35 268/103/35 1580/104/35
f 686/105/36 1502/106/36 628/107/36
f 613/108/37 1601/109/37 854/110/37
f 1628/111/38 638/112/38 655/113/38
f 126/114/39 545/115/39 1486/116/39
f 746/117/40 1636/118/40 1635/119/40
f 10/120/41 626/121/41 1639/122/41
f 1643/123/42 707/124/42 522/125/42
f 1666/126/43 713/127/43 685/128/43
f 669/129/44 144/130/44 1683/131/44
f 1615/132/45 1612/133/45 635/134/45
f 784/135/46 1775/136/46 766/137/46
f 750/138/47 697/139/47 1729/140/47
f 7/141/48 656/142/48 1654/143/48
f 813/144/49 8/145/49 1795/146/49
f 486/147/50 443/148/50 4/149/50
f 1817/150/51 486/151/51 79/152/51
f 870/153/52 1844/154/52 802/155/52
f 880/156/53 1854/157/53 1802/158/53
f 830/159/54 1828/160/54 790/161/54
f 1787/162/55 800/163/55 1867/164/55
f 170/165/56 1407/166/56 1489/167/56
f 101/168/57 1887/169/57 1833/170/57
f 820/171/58 1792/172/58 822/173/58
f 1891/174/59 1909/175/59 1922/176/59
f 1953/177/60 3111/178/60 1955/179/60 3130/180/60 1954/181/60 3071/182/60
f 802/183/61 839/184/61 796/185/61
f 998/186/62 881/187/62 977/188/62
f 862/189/63 1438/190/63 874/191/63
f 1974/192/64 422/193/64 846/194/64
f 1977/195/65 812/196/65 1842/197/65
f 419/198/66 501/199/66 804/200/66
f 2013/201/67 810/202/67 44/203/67
f 957/204/68 1273/205/68 2010/206/68
f 181/207/69 2028/208/69 2016/209/69
f 30/210/70 2036/211/70 781/212/70
f 1274/213/71 2018/214/71 2044/215/71
f 1146/216/72 956/217/72 2049/218/72
f 2116/219/73 2117/220/73 2118/221/73 3096/222/73
f 2132/223/74 1998/224/74 1743/225/74
f 1692/226/75 832/227/75 2138/228/75
f 1951/229/76 2228/230/76 2106/231/76
f 1050/232/77 309/233/77 339/234/77
f 141/235/78 1043/236/78 60/237/78
f 230/238/79 223/239/79 225/240/79
f 198/241/80 1107/242/80 223/243/80
f 1051/244/81 148/245/81 1050/246/81
f 239/247/82 264/248/82 1118/249/82
f 1043/250/83 282/251/83 264/252/83
f 1126/253/84 1050/254/84 339/234/84
f 2242/255/85 1201/256/85 1158/257/85
f 316/258/86 297/259/86 51/260/86
f 16/261/87 1209/262/87 1056/263/87
f 51/264/88 297/265/88 1061/266/88
f 329/267/89 51/268/89 2238/269/89
f 597/270/90 169/271/90 259/272/90
f 266/273/91 2245/274/91 1044/275/91
f 28/276/92 1217/277/92 1060/278/92
f 259/279/93 1071/280/93 193/281/93
f 14/282/94 2252/283/94 324/284/94
f 562/285/95 1064/286/95 193/287/95
f 1557/288/96 1085/289/96 1088/290/96
f 1088/290/97 1065/291/97 1557/288/97
f 1108/292/98 167/293/98 194/294/98
f 220/295/99 223/296/99 1066/297/99
f 1066/298/100 223/299/100 1107/300/100
f 1107/301/101 2240/302/101 194/303/101
f 1073/304/102 1553/305/102 265/306/102
f 264/307/103 239/308/103 2239/309/103
f 254/310/104 1084/311/104 1065/312/104
f 1088/313/105 253/314/105 1065/315/105
f 232/316/106 254/317/106 2259/318/106
f 2197/319/107 2187/320/107 273/321/107
f 273/322/108 1021/323/108 244/324/108
f 1109/325/109 1089/326/109 1105/327/109
f 1109/328/110 1018/329/110 1105/330/110
f 2274/331/111 1108/332/111 2256/333/111
f 231/334/112 242/335/112 2274/336/112
f 242/337/113 1108/338/113 2274/339/113
f 2278/340/114 2172/341/114 280/342/114
f 1123/343/115 192/344/115 407/345/115
f 1127/346/116 997/347/116 999/348/116
f 2256/349/117 1113/350/117 2274/351/117
f 224/352/118 199/353/118 2280/354/118
f 1126/355/119 1051/356/119 1050/357/119
f 1128/358/120 284/359/120 226/360/120
f 2239/361/121 225/362/121 264/363/121
f 1041/364/122 292/365/122 1132/366/122
f 11/367/123 2283/368/123 38/369/123
f 1138/370/124 1154/371/124 1059/372/124
f 1138/373/125 1092/374/125 274/375/125
f 2287/376/126 996/377/126 1125/378/126
f 308/379/127 371/380/127 250/381/127
f 201/382/128 38/383/128 2283/384/128
f 11/385/129 201/386/129 2283/368/129
f 375/387/130 250/388/130 201/389/130
f 1135/390/131 1041/391/131 284/392/131
f 2297/393/132 348/394/132 380/395/132
f 1003/396/133 2294/397/133 1143/398/133
f 11/399/134 375/400/134 201/401/134
f 348/402/135 2302/403/135 364/404/135
f 293/405/136 1145/406/136 439/407/136
f 2301/408/137 363/409/137 1160/410/137
f 2259/411/138 2308/412/138 1090/413/138
f 1158/414/139 318/415/139 2309/416/139
f 1212/417/140 1063/418/140 221/419/140
f 1196/420/141 2320/421/141 1217/422/141
f 54/423/142 1352/424/142 435/425/142
f 2259/411/143 1090/413/143 254/426/143
f 1171/427/144 1122/428/144 318/429/144
f 205/430/145 221/431/145 1213/432/145
f 221/433/146 1063/434/146 1213/435/146
f 2305/436/147 1194/437/147 2242/438/147
f 936/439/148 372/440/148 1251/441/148
f 2332/442/149 334/443/149 1187/444/149
f 1183/445/150 64/446/150 321/447/150
f 321/448/151 1067/449/151 1183/450/151
f 316/451/152 51/452/152 229/453/152
f 1056/454/153 1205/455/153 1215/456/153
f 2338/457/154 1213/458/154 1205/459/154
f 316/460/155 329/461/155 229/462/155
f 336/463/156 408/464/156 1210/465/156
f 76/466/157 312/467/157 64/468/157
f 321/469/158 1047/470/158 320/471/158
f 1564/472/159 310/473/159 593/474/159
f 1180/475/160 1367/476/160 869/477/160
f 1546/478/161 593/479/161 1072/480/161
f 102/481/162 332/482/162 1229/483/162
f 1205/484/163 1228/485/163 1239/486/163
f 311/487/164 1229/488/164 1226/489/164
f 332/490/165 102/491/165 331/492/165
f 2346/493/166 424/494/166 330/495/166
f 1249/496/167 360/497/167 1054/498/167
f 1249/499/168 1055/500/168 360/501/168
f 1197/502/169 1158/503/169 2309/504/169
f 452/505/170 1361/506/170 2335/507/170
f 2352/508/171 1189/509/171 1190/510/171
f 344/511/172 2336/512/172 1238/513/172
f 2311/514/173 1240/515/173 1062/516/173
f 1187/517/174 1246/518/174 2350/519/174
f 1247/520/175 592/521/175 1169/522/175
f 447/523/176 1253/524/176 73/525/176
f 1255/526/177 53/527/177 1253/528/177
f 358/529/178 53/530/178 345/531/178
f 1259/532/179 1241/533/179 592/534/179
f 453/535/180 1176/536/180 372/537/180
f 2353/538/181 73/539/181 71/540/181
f 2300/541/182 50/542/182 1245/543/182
f 1156/544/183 313/545/183 386/546/183
f 1260/547/184 26/548/184 386/549/184
f 313/550/185 385/551/185 1242/552/185
f 2358/553/186 30/554/186 379/555/186
f 367/556/187 1287/557/187 1281/558/187
f 35/559/188 367/560/188 379/561/188
f 2362/562/189 1287/563/189 328/564/189
f 328/565/190 367/566/190 1287/567/190
f 377/568/191 58/569/191 1245/570/191
f 359/571/192 157/572/192 2356/573/192
f 347/574/193 416/575/193 354/576/193
f 918/577/194 945/578/194 989/579/194
f 2363/580/195 1307/581/195 906/582/195
f 1292/583/196 1165/584/196 1256/585/196
f 1313/586/197 186/587/197 402/588/197
f 1322/589/198 1291/590/198 315/591/198
f 178/592/199 218/593/199 911/594/199
f 2356/595/200 157/596/200 391/597/200
f 1291/598/201 402/599/201 186/600/201
f 884/601/202 1278/602/202 1273/603/202
f 1233/604/203 365/605/203 424/606/203
f 111/607/204 337/608/204 809/609/204
f 111/610/205 809/611/205 294/612/205
f 2363/613/206 315/614/206 1314/615/206
f 1307/616/207 2363/617/207 397/618/207
f 987/619/208 906/620/208 2373/621/208
f 84/622/209 294/623/209 809/624/209
f 84/625/210 875/626/210 294/627/210
f 875/628/211 373/629/211 2367/630/211
f 1345/631/212 176/632/212 1356/633/212
f 91/634/213 1336/635/213 483/636/213
f 176/637/214 1334/638/214 2379/639/214
f 883/640/215 373/641/215 875/642/215
f 2384/643/216 1332/644/216 901/645/216
f 432/646/217 445/647/217 1258/648/217
f 425/649/218 1336/650/218 875/651/218
f 1336/650/219 425/649/219 483/652/219
f 875/642/220 2382/653/220 883/654/220
f 1322/655/221 315/656/221 906/657/221
f 989/658/222 1340/659/222 418/660/222
f 1182/661/223 2386/662/223 2385/663/223
f 1352/664/224 1362/665/224 1350/666/224
f 72/667/225 2355/668/225 372/669/225
f 1316/670/226 1353/671/226 1174/672/226
f 1186/673/227 405/674/227 2377/675/227
f 1252/676/228 1308/677/228 1182/678/228
f 479/679/229 446/680/229 333/681/229
f 1348/682/230 1350/683/230 1362/684/230
f 1186/685/231 1348/686/231 1362/687/231
f 476/688/232 72/689/232 2348/690/232
f 1221/691/233 1359/692/233 1230/693/233
f 417/694/234 1308/695/234 2390/696/234
f 310/697/235 1225/698/235 1234/699/235
f 247/700/236 1368/701/236 437/702/236
f 1380/703/237 869/704/237 1367/705/237
f 585/706/238 520/707/238 332/708/238
f 454/709/239 83/710/239 444/711/239
f 2392/712/240 485/713/240 449/714/240
f 247/715/241 1426/716/241 437/717/241
f 455/718/242 1378/719/242 1376/720/242
f 247/721/243 530/722/243 9/723/243
f 455/724/244 1376/720/244 1372/725/244
f 1269/726/245 498/727/245 442/728/245
f 1218/729/246 1428/730/246 437/731/246
f 1131/732/247 327/733/247 325/734/247
f 247/735/248 1368/736/248 530/737/248
f 1346/738/249 2396/739/249 1379/740/249
f 1381/741/250 485/742/250 2392/712/250
f 234/743/251 471/744/251 1423/745/251
f 1379/746/252 2396/747/252 2398/748/252
f 1423/749/253 471/750/253 485/751/253
f 1561/752/254 1487/753/254 1423/754/254
f 1383/755/255 149/756/255 462/757/255
f 2408/758/256 1592/759/256 1214/760/256
f 519/761/257 774/762/257 115/763/257
f 1400/764/258 602/765/258 3090/766/258 1410/767/258
f 877/768/259 1489/769/259 1407/770/259
f 2412/771/260 1485/772/260 105/773/260
f 540/774/261 1184/775/261 2403/776/261
f 1388/777/262 2417/778/262 1412/779/262
f 1379/780/263 527/781/263 475/782/263
f 1415/783/264 2419/784/264 2400/785/264
f 866/786/265 2427/787/265 1337/788/265
f 442/789/266 335/790/266 1269/791/266
f 488/792/267 433/793/267 1417/794/267
f 70/795/268 1384/796/268 1424/797/268
f 70/798/269 1417/799/269 1424/800/269
f 491/801/270 1436/802/270 528/803/270
f 1384/804/271 1206/805/271 475/806/271
f 46/807/272 362/808/272 1356/809/272
f 1325/810/273 1419/811/273 1439/812/273
f 2434/813/274 1324/814/274 488/815/274
f 1324/814/275 2434/813/275 1337/816/275
f 1325/817/276 1439/818/276 415/819/276
f 498/820/277 130/821/277 528/822/277
f 130/823/278 491/824/278 528/803/278
f 436/825/279 484/826/279 490/827/279
f 176/637/280 2379/639/280 1348/828/280
f 1264/829/281 1442/830/281 2438/831/281
f 862/832/282 1831/833/282 1311/834/282
f 95/835/283 421/836/283 493/837/283
f 2438/838/284 411/839/284 494/840/284
f 501/841/285 1434/842/285 1447/843/285
f 1358/844/286 423/845/286 2388/846/286
f 2442/847/287 1355/848/287 1456/849/287
f 1422/850/288 2431/851/288 1456/852/288
f 433/853/289 480/854/289 2431/855/289
f 2443/856/290 774/857/290 1469/858/290
f 1855/859/291 159/860/291 1446/861/291
f 100/862/292 2446/863/292 2401/864/292
f 2445/865/293 426/866/293 100/867/293
f 519/868/294 536/869/294 2445/870/294
f 2445/871/295 536/872/295 426/873/295
f 771/874/296 505/875/296 1492/876/296
f 1480/877/297 1398/878/297 765/879/297
f 1473/880/298 1483/881/298 1395/882/298
f 777/883/299 1488/884/299 1473/885/299
f 1473/886/300 1488/887/300 1483/888/300
f 2454/889/301 1393/890/301 1399/891/301
f 2455/892/302 98/893/302 534/894/302
f 1472/895/303 98/896/303 1474/897/303
f 778/898/304 521/899/304 1467/900/304
f 2459/901/305 460/902/305 521/903/305
f 1366/904/306 528/905/306 457/906/306
f 1494/907/307 460/908/307 778/909/307
f 1373/910/308 327/911/308 455/912/308
f 2436/913/309 521/914/309 535/915/309
f 2461/916/310 1470/917/310 325/918/310
f 1377/919/311 1376/920/311 151/921/311
f 531/922/312 1397/923/312 210/924/312
f 1471/925/313 2394/926/313 151/927/313
f 686/928/314 1505/929/314 180/930/314
f 470/931/315 180/932/315 2466/933/315
f 2467/934/316 470/935/316 1504/936/316
f 1365/937/317 94/938/317 1521/939/317
f 2476/940/318 639/941/318 574/942/318
f 1531/943/319 1518/944/319 2471/945/319
f 1539/946/320 543/947/320 2486/948/320
f 1500/949/321 1549/950/321 1573/951/321
f 2474/952/322 556/953/322 399/954/322
f 97/955/323 532/956/323 89/957/323
f 261/958/324 167/959/324 2248/960/324
f 1530/961/325 622/962/325 1075/963/325
f 1010/964/326 1019/965/326 18/966/326
f 69/967/327 114/968/327 1546/969/327
f 1045/970/328 1077/971/328 246/972/328
f 1379/973/329 1385/974/329 1346/975/329
f 2485/976/330 114/977/330 1375/978/330
f 2496/979/331 1546/980/331 114/981/331
f 540/982/332 1369/983/332 2485/984/332
f 234/985/333 1423/986/333 1487/987/333
f 1554/988/334 118/989/334 2498/990/334
f 1396/991/335 2402/992/335 619/993/335
f 589/994/336 1389/995/336 1496/996/336
f 1374/997/337 1387/998/337 47/999/337
f 48/1000/338 1552/1001/338 2495/1002/338
f 461/1003/339 1391/1004/339 2378/1005/339
f 2502/1006/340 1147/1007/340 112/1008/340
f 2253/1009/341 188/1010/341 120/1011/341
f 1375/1012/342 2502/1013/342 2495/1014/342
f 2500/1015/343 1147/1016/343 1569/1017/343
f 2408/1018/344 1582/1019/344 3141/1020/344
f 594/1021/345 2325/1022/345 1569/1023/345
f 2325/1024/346 2500/1025/346 1569/1026/346
f 2493/1027/347 1147/1028/347 1375/1029/347
f 2504/1030/348 597/1031/348 1008/1032/348
f 1549/1033/349 1083/1034/349 1588/1035/349
f 568/1036/350 650/1037/350 2490/1038/350
f 1882/1039/351 2512/1040/351 2511/1041/351
f 1875/1042/352 2511/1041/352 2512/1040/352
f 2513/1043/353 18/1044/353 1019/1045/353
f 1502/1046/354 2467/1047/354 470/1048/354
f 1504/1049/355 1510/1050/355 2467/934/355
f 635/1051/356 2520/1052/356 1520/1053/356
f 1620/1054/357 1541/1055/357 1686/1056/357
f 1686/1057/358 2516/1058/358 1620/1059/358
f 2497/1060/359 1589/1061/359 2524/1062/359
f 2524/1062/360 1589/1061/360 1582/1063/360
f 1019/1064/361 1414/1065/361 1572/1066/361
f 2412/1067/362 105/1068/362 1489/1069/362
f 1587/1070/363 2543/1071/363 1562/1072/363
f 2451/1073/364 150/1074/364 3135/1075/364
f 2536/1076/365 2524/1077/365 2535/1078/365
f 34/1079/366 1583/1080/366 693/1081/366
f 459/1082/367 1566/1083/367 1097/1084/367
f 1550/1085/368 1540/1086/368 1576/1087/368
f 1574/1088/369 570/1089/369 1522/1090/369
f 622/1091/370 682/1092/370 1605/1093/370
f 623/1094/371 682/1095/371 1550/1096/371
f 598/1097/372 1611/1098/372 1027/1099/372
f 693/1100/373 1642/1101/373 627/1102/373
f 1511/1103/374 546/1104/374 2553/1105/374
f 1027/1106/375 2554/1107/375 571/1108/375
f 731/1109/376 598/1110/376 690/1111/376
f 1611/1112/377 598/1113/377 213/1114/377
f 572/1115/378 647/1116/378 539/1117/378
f 599/1118/379 555/1119/379 2480/1120/379
f 623/1121/380 1550/1122/380 1576/1123/380
f 663/1124/381 1527/1125/381 546/1126/381
f 518/1127/382 1493/1128/382 1509/1129/382
f 626/1130/383 1624/1131/383 2457/1132/383
f 1499/1133/384 2457/1134/384 238/1135/384
f 1565/1136/385 639/1137/385 1525/1138/385
f 1565/1139/386 1545/1140/386 1525/1141/386
f 94/1142/387 538/1143/387 631/1144/387
f 85/1145/388 639/1146/388 1514/1147/388
f 1526/1148/389 1565/1149/389 1525/1150/389
f 1647/1151/390 1526/1152/390 1101/1153/390
f 1493/1154/391 518/1155/391 1618/1156/391
f 648/1157/392 1635/1158/392 1644/1159/392
f 2456/1160/393 769/1161/393 500/1162/393
f 1807/1163/394 8/1164/394 1795/1165/394
f 699/1166/395 2526/1167/395 1632/1168/395
f 643/1169/396 648/1170/396 1644/1171/396
f 1654/1172/397 7/1173/397 1641/1174/397
f 1655/1175/398 1591/1176/398 1641/1177/398
f 1652/1178/399 107/1179/399 1591/1180/399
f 707/1181/400 1643/1182/400 133/1183/400
f 107/1184/401 133/1185/401 656/1186/401
f 6/1187/402 2557/1188/402 649/1189/402
f 770/1190/403 1793/1191/403 474/1192/403
f 1621/1193/404 638/1194/404 1628/111/404
f 1621/1195/405 655/1196/405 1628/1197/405
f 578/1198/406 652/1199/406 1623/1200/406
f 625/1201/407 549/1202/407 675/1203/407
f 117/1204/408 2572/1205/408 625/1206/408
f 680/1207/409 1390/1208/409 2514/1209/409
f 624/1210/410 65/1211/410 117/1212/410
f 65/1213/411 624/1214/411 1607/1215/411
f 1704/1216/412 1700/1217/412 1577/1218/412
f 2202/1219/413 710/1220/413 2579/1221/413
f 2580/1222/414 692/1223/414 1602/1224/414
f 1672/1225/415 1677/1226/415 1680/1227/415
f 2581/1228/416 675/1229/416 2514/1230/416
f 1562/1231/417 1587/1232/417 1584/1233/417
f 2540/1234/418 1875/1235/418 712/1236/418
f 2543/1237/419 1687/1238/419 1579/1239/419
f 1687/1240/420 2541/1241/420 2589/1242/420
f 712/1243/421 3114/1244/421 2594/1245/421
f 1541/1246/422 2525/1247/422 983/1248/422
f 1882/1249/423 2523/1250/423 3135/1251/423 150/1252/423
f 2572/1205/424 117/1253/424 2556/1254/424
f 1614/1255/425 1799/1256/425 2603/1257/425
f 739/1258/426 1799/1259/426 734/1260/426
f 2603/1261/427 1799/1262/427 547/1263/427
f 125/1264/428 127/1265/428 670/1266/428
f 667/1267/429 1659/1268/429 670/1269/429
f 1541/1270/430 2602/1271/430 600/1272/430
f 2594/1273/431 1685/1274/431 2602/1275/431
f 128/1276/432 2606/1277/432 1692/1278/432
f 1694/1279/433 128/1280/433 1769/1281/433
f 1687/1282/434 2590/1283/434 1584/1284/434
f 1707/1285/435 2611/1286/435 1697/1287/435
f 2607/1288/436 2586/1289/436 805/1290/436
f 665/1291/437 1014/1292/437 2618/1293/437
f 673/1294/438 1749/1295/438 1672/1296/438
f 1669/1297/439 1698/1298/439 1651/1299/439
f 136/1300/440 728/1301/440 1688/1302/440
f 31/1303/441 1724/1304/441 671/1305/441
f 155/1306/442 1736/1307/442 651/1308/442
f 1720/1309/443 2616/1310/443 763/1311/443
f 1697/1312/444 729/1313/444 2610/1314/444
f 1813/1315/445 763/1316/445 651/1317/445
f 763/1318/446 1718/1319/446 837/1320/446
f 611/1321/447 566/1322/447 207/1323/447
f 116/1324/448 738/1325/448 827/1326/448
f 1720/1327/449 134/1328/449 2633/1329/449
f 1714/1330/450 2607/1331/450 1784/1332/450
f 749/1333/451 116/1334/451 74/1335/451
f 727/1336/452 1693/1337/452 751/1338/452
f 719/1339/453 801/1340/453 559/1341/453
f 207/1342/454 1663/1343/454 1690/1344/454
f 691/1345/455 971/1346/455 171/1347/455
f 1725/1348/456 145/1349/456 754/1350/456
f 1735/1351/457 1868/1352/457 1903/1353/457
f 736/1354/458 671/1355/458 801/1356/458
f 52/1357/459 689/1358/459 964/1359/459
f 1723/1360/460 716/1361/460 723/1362/460
f 1688/1363/461 733/1364/461 717/1365/461
f 2127/1366/462 1017/1367/462 1011/1368/462
f 1699/1369/463 1029/1370/463 723/1371/463
f 720/1372/464 1763/1373/464 713/1374/464
f 611/1375/465 738/1376/465 1590/1377/465
f 216/1378/466 1761/1379/466 713/1380/466
f 116/1381/467 827/1382/467 1626/1383/467
f 2646/1384/468 741/1385/468 683/1386/468
f 1662/1387/469 683/1388/469 1757/1389/469
f 835/1390/470 743/1391/470 2575/1392/470
f 618/1393/471 679/1394/471 2569/1395/471
f 2647/1396/472 2605/1397/472 701/1398/472
f 1765/1399/473 1590/1400/473 749/1401/473
f 768/1402/474 701/1403/474 553/1404/474
f 1778/1405/475 2605/1406/475 2647/1407/475
f 2650/1408/476 1784/1409/476 2606/1410/476
f 1633/1411/477 676/1412/477 753/1413/477
f 1780/1414/478 676/1415/478 2649/1416/478
f 1764/1417/479 1730/1418/479 1785/1419/479
f 2649/1420/480 834/1421/480 1780/1422/480
f 1781/1423/481 1883/1424/481 824/1425/481
f 763/1426/482 2630/1427/482 1813/1428/482
f 1635/1429/483 1636/1430/483 137/1431/483
f 516/1432/484 630/1433/484 2661/1434/484
f 1811/1435/485 2661/1436/485 1634/1437/485
f 965/1438/486 817/1439/486 1790/1440/486
f 770/1441/487 2662/1442/487 517/1443/487
f 81/1444/488 1637/1445/488 499/1446/488
f 790/1447/489 888/1448/489 1409/1449/489
f 1824/1450/490 2660/1451/490 788/1452/490
f 1824/1453/491 788/1454/491 1797/1455/491
f 790/1456/492 1812/1457/492 888/1458/492
f 785/1459/493 888/1460/493 154/1461/493
f 790/1462/494 1828/1463/494 29/1464/494
f 101/1465/495 1887/1466/495 24/1467/495
f 886/1468/496 1987/1469/496 2678/1470/496
f 2678/1470/497 1987/1469/497 885/1471/497
f 2439/1472/498 1448/1473/498 1983/1474/498
f 1845/1475/499 894/1476/499 40/1477/499
f 509/1478/500 1452/1479/500 779/1480/500
f 123/1481/501 404/1482/501 494/1483/501
f 440/1484/502 123/1485/502 642/1486/502
f 798/1487/503 880/1488/503 1802/1489/503
f 440/1490/504 55/1491/504 792/1492/504
f 2669/1493/505 785/1494/505 1800/1495/505
f 841/1496/506 1450/1497/506 2669/1498/506
f 894/1499/507 1850/1500/507 40/1501/507
f 1942/1502/508 1851/1503/508 1317/1504/508
f 960/1505/509 2627/1506/509 2691/1507/509
f 786/1508/510 2693/1509/510 1867/1510/510
f 796/1511/511 24/1512/511 802/1513/511
f 1734/1514/512 1894/1515/512 1893/1516/512
f 2693/1517/513 1832/1518/513 829/1519/513
f 2696/1520/514 2668/1521/514 1849/1522/514
f 1415/1523/515 2407/1524/515 2419/784/515
f 2509/1525/516 1879/1526/516 2705/1527/516
f 1899/1528/517 891/1529/517 1931/1530/517
f 2509/1531/518 2707/1532/518 2518/1533/518
f 2709/1534/519 1879/1535/519 1594/1536/519
f 1821/1537/520 1678/1538/520 1880/1539/520
f 1401/1540/521 1678/1541/521 1821/1542/521
f 1596/1543/522 1508/1544/522 1579/1545/522
f 891/1546/523 1792/1547/523 590/1548/523
f 891/1549/524 1899/1550/524 1679/1551/524
f 1872/1552/525 1482/1553/525 1798/1554/525
f 1866/1555/526 826/1556/526 1815/1557/526
f 1878/1558/527 1896/1559/527 1789/1560/527
f 1735/1561/528 823/1562/528 1814/1563/528
f 606/1564/529 760/1565/529 651/1566/529
f 2693/1567/530 786/1568/530 1832/1569/530
f 2654/1570/531 1721/1571/531 2637/1572/531
f 1900/1573/532 1898/1574/532 1836/1575/532
f 1832/1576/533 1734/1577/533 1894/1578/533
f 1900/1579/534 1902/1580/534 1901/1581/534
f 1900/1582/535 2717/1583/535 1731/1584/535
f 1898/1585/536 1731/1586/536 1728/1587/536
f 1888/1588/537 1728/1589/537 1905/1590/537
f 1708/1591/538 1893/1592/538 1898/1593/538
f 1903/1594/539 1868/1595/539 1905/1596/539
f 171/1597/540 1903/1598/540 1695/1599/540
f 971/1600/541 1735/1601/541 171/1602/541
f 1820/1603/542 828/1604/542 1910/1605/542
f 1910/1606/543 828/1607/543 799/1608/543
f 1305/1609/544 845/1610/544 2719/1611/544
f 1891/1612/545 2719/1613/545 1305/1614/545
f 1909/1615/546 1891/1616/546 845/1617/546
f 904/1618/547 1925/1619/547 744/1620/547
f 953/1621/548 978/1622/548 1982/1623/548
f 972/1624/549 1741/1625/549 718/1626/549
f 958/1627/550 1890/1628/550 1834/1629/550
f 1453/1630/551 1908/1631/551 1841/1632/551
f 838/1633/552 2718/1634/552 1912/1635/552
f 2020/1636/553 2056/1637/553 2032/1638/553
f 395/1639/554 1911/1640/554 2725/1641/554
f 840/1642/555 953/1643/555 395/1644/555
f 889/1645/556 395/1646/556 850/1647/556
f 842/1648/557 1965/1649/557 1338/1650/557
f 1453/1651/558 2728/1652/558 799/1653/558
f 973/1654/559 2727/1655/559 1930/1656/559
f 973/1657/560 1453/1658/560 2727/1659/560
f 1833/1660/561 1829/1661/561 2729/1662/561
f 958/1663/562 1890/1664/562 960/1665/562
f 185/1666/563 482/1667/563 2731/1668/563
f 910/1669/564 831/1670/564 90/1671/564
f 1982/1672/565 2003/1673/565 2085/1674/565
f 2725/1675/566 1911/1676/566 1918/1677/566
f 2105/1678/567 1904/1679/567 2713/1680/567
f 2736/1681/568 849/1682/568 61/1683/568
f 1945/1684/569 61/1685/569 1959/1686/569
f 1485/1687/570 3122/1688/570 1418/1689/570
f 2749/1690/571 1927/1691/571 2531/1692/571
f 828/1693/572 1829/1694/572 1889/1695/572
f 2686/1696/573 3124/1697/573 3125/1698/573
f 3124/1699/574 2686/1700/574 2753/1701/574
f 2380/1702/575 1858/1703/575 2756/1704/575
f 855/1705/576 1339/1706/576 2676/1707/576
f 2420/1708/577 2686/1709/577 3144/1710/577
f 2678/1711/578 2740/1712/578 2758/1713/578
f 2759/1714/579 1989/1715/579 1969/1716/579
f 2681/1717/580 1940/1718/580 1913/1719/580
f 61/1720/581 2738/1721/581 1958/1722/581
f 1920/1723/582 1938/1724/582 2726/1725/582
f 1956/1726/583 1942/1727/583 1433/1728/583
f 1804/1729/584 2681/1730/584 1913/1731/584
f 862/1732/585 874/1733/585 1831/1734/585
f 413/1735/586 2774/1736/586 2771/1737/586
f 1842/197/587 1449/1738/587 1977/195/587
f 2772/1739/588 935/1740/588 2375/1741/588
f 2379/1742/589 1349/1743/589 1334/1744/589
f 2374/1745/590 493/1746/590 421/1747/590
f 1302/1748/591 853/1749/591 420/1750/591
f 2375/1751/592 853/1752/592 1311/1753/592
f 489/1754/593 2765/1755/593 2767/1756/593
f 1977/195/594 1449/1757/594 812/1758/594
f 1980/1759/595 874/1760/595 1843/1761/595
f 1843/1762/596 807/1763/596 2776/1764/596
f 1991/1765/597 168/1766/597 1964/1767/597
f 1986/1768/598 1987/1769/598 2777/1770/598
f 2778/1771/599 2757/1772/599 2678/1773/599
f 1962/1774/600 1996/1775/600 859/1776/600
f 2027/1777/601 1444/1778/601 859/1779/601
f 179/1780/602 881/1781/602 952/1782/602
f 1960/1783/603 2763/1784/603 20/1785/603
f 2763/1786/604 914/1787/604 1970/1788/604
f 1302/1789/605 1311/1790/605 853/1791/605
f 2782/1792/606 876/1793/606 915/1794/606
f 912/1795/607 915/1796/607 907/1797/607
f 927/1798/608 876/1799/608 2782/1800/608
f 902/1801/609 1283/1802/609 2764/1803/609
f 2067/1804/610 2764/1805/610 1283/1806/610
f 2067/1807/611 2071/1808/611 2789/1809/611
f 1997/1810/612 1276/1811/612 2790/1812/612
f 2790/1812/613 1276/1811/613 860/1813/613
f 810/1814/614 890/1815/614 44/1816/614
f 2781/1817/615 921/1818/615 400/1819/615
f 2366/1820/616 976/1821/616 62/1822/616
f 2036/1823/617 2795/1824/617 1274/1825/617
f 2793/1826/618 1268/1827/618 1303/1828/618
f 1268/1829/619 2793/1830/619 1286/1831/619
f 1301/1832/620 1282/1833/620 400/1834/620
f 957/1835/621 2010/1836/621 1303/1837/621
f 2019/1838/622 2010/1839/622 49/1840/622
f 49/1841/623 916/1842/623 1948/1843/623
f 2788/1844/624 924/1845/624 926/1846/624
f 75/1847/625 303/1848/625 959/1849/625
f 2016/1850/626 2034/1851/626 181/1852/626
f 1323/1853/627 1455/1854/627 863/1855/627
f 2011/1856/628 1304/1857/628 931/1858/628
f 2799/1859/629 1155/1860/629 2011/1861/629
f 2018/1862/630 1999/1863/630 2011/1864/630
f 1270/1865/631 781/1866/631 1272/1867/631
f 1153/1868/632 1270/1869/632 2801/1870/632
f 2802/1871/633 1270/1872/633 2045/1873/633
f 2041/1874/634 2292/1875/634 370/1876/634
f 981/1877/635 2151/1878/635 296/1879/635
f 279/1880/636 758/1881/636 2805/1882/636
f 2796/1883/637 2797/1884/637 709/1885/637
f 2029/1886/638 2808/1887/638 944/1888/638
f 2048/1889/639 237/1890/639 2803/1891/639
f 948/1892/640 2031/1893/640 142/1894/640
f 1290/1895/641 2046/1896/641 2160/1897/641
f 988/1898/642 303/1899/642 930/1900/642
f 899/1901/643 2020/1902/643 288/1903/643
f 2076/1904/644 389/1905/644 2051/1906/644
f 2071/1907/645 2816/1908/645 2070/1909/645
f 938/1910/646 301/1911/646 1296/1912/646
f 252/1913/647 288/1914/647 2818/1915/647
f 2063/1916/648 2811/1917/648 974/1918/648
f 2063/1919/649 2818/1920/649 1840/1921/649
f 187/1922/650 252/1923/650 1840/1924/650
f 2026/1925/651 956/1926/651 2031/1927/651
f 848/1928/652 892/1929/652 2051/1930/652
f 2063/1931/653 2818/1932/653 288/1933/653
f 1840/1934/654 2818/1935/654 2823/1936/654
f 1111/1937/655 2824/1938/655 2062/1939/655
f 202/1940/656 252/1941/656 2082/1942/656
f 950/1943/657 2062/1944/657 1111/1945/657
f 241/1946/658 2115/1947/658 41/1948/658
f 2066/1949/659 776/1950/659 241/1951/659
f 2829/1952/660 892/1953/660 2091/1954/660
f 722/1955/661 2091/1956/661 975/1957/661
f 1937/1958/662 289/1959/662 175/1960/662
f 2068/1961/663 2093/1962/663 975/1963/663
f 966/1964/664 2094/1965/664 1907/1966/664
f 2084/1967/665 2089/1968/665 794/1969/665
f 1929/1970/666 2639/1971/666 2088/1972/666
f 1929/1973/667 2088/1974/667 1032/1975/667
f 2832/1976/668 954/1977/668 1032/1978/668
f 1735/1979/669 1814/1980/669 1868/1981/669
f 2086/1982/670 2833/1983/670 1873/1984/670
f 2086/1985/671 2826/1986/671 1741/1987/671
f 1732/1988/672 2105/1989/672 2713/1990/672
f 2834/1991/673 1762/1992/673 823/1993/673
f 2836/1994/674 825/1995/674 687/1996/674
f 2098/1997/675 1712/1998/675 2102/1999/675
f 614/2000/676 1034/2001/676 836/2002/676
f 1950/2003/677 2095/2004/677 2839/2005/677
f 2227/2006/678 2222/2007/678 1755/2008/678
f 2104/2009/679 689/2010/679 1031/2011/679
f 954/2012/680 1712/2013/680 2838/2014/680
f 2093/2015/681 966/1964/681 1907/1966/681
f 1732/2016/682 2713/2017/682 2673/2018/682
f 2120/2019/683 2061/2020/683 2133/2021/683
f 214/2022/684 980/2023/684 2841/2024/684
f 992/2025/685 202/2026/685 214/2027/685
f 1020/2028/686 407/2029/686 2842/2030/686
f 235/2031/687 980/2032/687 2538/2033/687
f 191/2034/688 2119/2035/688 2538/2036/688
f 271/2037/689 175/2038/689 2119/2039/689
f 2130/2040/690 289/2041/690 2123/2042/690
f 2054/2043/691 2813/2044/691 2849/2045/691
f 2800/2046/692 2507/2047/692 2149/2048/692
f 2735/2049/693 2853/2050/693 3107/2051/693 2503/2052/693
f 947/2053/694 2851/2054/694 2854/2055/694
f 2854/2056/695 2851/2057/695 2232/2058/695
f 2702/2059/696 2857/2060/696 3087/2061/696
f 2859/2062/697 1680/2063/697 2587/2064/697
f 2865/2065/698 684/2066/698 2178/2067/698
f 2120/2068/699 2206/2069/699 147/2070/699
f 1134/2071/700 2169/2072/700 2136/2073/700
f 2039/2074/701 2158/2075/701 1137/2076/701
f 203/2077/702 2053/2078/702 2147/2079/702
f 2081/2080/703 2291/2081/703 1141/2082/703
f 237/2083/704 2047/2084/704 2153/2085/704
f 2047/2086/705 45/2087/705 2153/2088/705
f 2069/2089/706 2798/2090/706 2871/2091/706
f 2810/2092/707 2144/2093/707 991/2094/707
f 981/2095/708 296/2096/708 2114/2097/708
f 2166/2098/709 2079/2099/709 2053/2100/709
f 274/2101/710 1136/2102/710 1138/2103/710
f 2162/2104/711 1142/2105/711 1020/2106/711
f 2875/2107/712 1004/2108/712 2170/2109/712
f 2190/2110/713 1040/2111/713 1039/2112/713
f 2139/2113/714 2185/2114/714 1117/2115/714
f 217/2116/715 1002/2117/715 2876/2118/715
f 2868/2119/716 2877/2120/716 1002/2121/716
f 2142/2122/717 1148/2123/717 1116/2124/717
f 2877/2125/718 2879/2126/718 2113/2127/718
f 564/2128/719 2159/2129/719 197/2130/719
f 2185/2131/720 2181/2132/720 208/2133/720
f 197/2134/721 2229/2135/721 2078/2136/721
f 721/2137/722 1030/2138/722 2881/2139/722
f 2189/2140/723 2223/2141/723 1000/2142/723
f 2132/2143/724 1998/2144/724 2233/2145/724
f 197/2146/725 1037/2147/725 564/2148/725
f 1119/2149/726 1113/2150/726 204/2151/726
f 1087/2152/727 2884/2153/727 2182/2154/727
f 1030/2155/728 2237/2156/728 2177/2157/728
f 2547/2158/729 621/2159/729 2209/2160/729
f 795/2161/730 2265/2162/730 1104/2163/730
f 2887/2164/731 1024/2165/731 2224/2166/731
f 2197/2167/732 1103/2168/732 2266/2169/732
f 1015/2170/733 730/2171/733 2198/2172/733
f 2199/2173/734 2202/2174/734 2198/2175/734
f 616/2176/735 742/2177/735 2126/2178/735
f 1026/2179/736 27/2180/736 1095/2181/736
f 2217/2182/737 1751/2183/737 1758/2184/737
f 587/2185/738 1705/2186/738 2217/2187/738
f 1023/2188/739 272/2189/739 2141/2190/739
f 1011/2191/740 575/2192/740 2236/2193/740
f 2864/2194/741 270/2195/741 2140/2196/741
f 2128/2197/742 2208/2198/742 2126/2199/742
f 2106/2200/743 836/2201/743 2895/2202/743
f 2895/2203/744 836/2204/744 1950/2205/744
f 2897/2206/745 852/2207/745 2129/2208/745
f 2222/2209/746 1733/2210/746 2109/2211/746
f 2109/2212/747 1035/2213/747 1756/2214/747
f 2125/2215/748 1906/2216/748 2864/2217/748
f 725/2218/749 2559/2219/749 1033/2220/749
f 2108/2221/750 1742/2222/750 2892/2223/750
f 1742/2224/751 2827/2225/751 2892/2223/751
f 1025/2226/752 2132/2227/752 1038/2228/752
f 2236/2229/753 272/2189/753 1023/2188/753
f 2224/2230/754 1038/2231/754 2215/2232/754
f 1023/2233/755 2215/2234/755 2898/2235/755
f 2228/2236/756 614/2237/756 836/2238/756
f 2107/2239/757 2121/2240/757 1871/2241/757
f 2883/2242/758 2163/2243/758 1037/2244/758
f 2904/2245/759 2234/2246/759 2165/2247/759
f 2181/2248/760 2905/2249/760 1110/2250/760
f 2185/2114/761 2181/2251/761 1117/2252/761
f 2904/2253/762 2165/2254/762 1998/2255/762
f 2168/2256/763 1129/2257/763 2234/2258/763
f 309/2259/764 2244/2260/764 275/2261/764
f 223/2262/765 220/2263/765 225/2264/765
f 198/2265/766 223/2266/766 230/2267/766
f 199/2268/767 997/2269/767 999/2270/767
f 1066/2271/768 261/2272/768 1006/2273/768
f 220/2274/769 60/2275/769 225/2276/769
f 2239/2277/770 230/2278/770 225/2279/770
f 2239/309/771 239/2280/771 230/2281/771
f 224/2282/772 198/2283/772 230/2284/772
f 239/2285/773 224/2286/773 230/2287/773
f 1041/2288/774 226/2289/774 284/2290/774
f 141/2291/775 1051/2292/775 282/2293/775
f 1051/2292/776 141/2294/776 1050/2295/776
f 282/2296/777 1051/2292/777 1050/2295/777
f 282/251/778 1043/250/778 225/2297/778
f 225/2298/779 1043/250/779 264/2299/779
f 282/2300/780 1043/2301/780 141/2302/780
f 282/2303/781 60/2304/781 1043/2305/781
f 1043/2306/782 225/2307/782 60/2308/782
f 282/2309/783 33/2310/783 264/2311/783
f 2281/2312/784 339/2313/784 309/2314/784
f 264/2315/785 33/2316/785 1118/2317/785
f 2294/2318/786 1003/2319/786 1152/2320/786
f 282/2321/787 148/2322/787 33/2323/787
f 148/2324/788 282/2325/788 1051/2326/788
f 1051/2327/789 1126/2328/789 148/2329/789
f 473/2330/790 257/2331/790 2281/2332/790
f 309/2333/791 1050/2334/791 2244/2335/791
f 2244/2336/792 141/2337/792 236/2338/792
f 275/2339/793 236/2340/793 297/2341/793
f 275/2342/794 2244/2343/794 236/2344/794
f 141/2345/795 2244/2346/795 1050/2347/795
f 1057/2348/796 309/15/796 275/2349/796
f 229/2350/797 275/2351/797 316/2352/797
f 229/2353/798 1057/2354/798 275/2355/798
f 1238/2356/799 473/2357/799 1057/2358/799
f 229/2359/800 473/2360/800 1057/2361/800
f 316/2362/801 275/2363/801 297/2364/801
f 329/2365/802 316/2366/802 51/2367/802
f 329/2368/803 1058/2369/803 229/2370/803
f 266/2371/804 1061/266/804 297/265/804
f 266/2372/805 297/2373/805 2907/2374/805
f 141/2375/806 60/2376/806 2247/2377/806
f 254/2378/807 60/2379/807 1084/2380/807
f 266/2381/808 2907/2374/808 1049/2382/808
f 2245/2383/809 254/2384/809 1044/2385/809
f 254/2386/810 1049/2387/810 60/2388/810
f 141/2389/811 2247/2390/811 236/2391/811
f 60/2392/812 1049/2393/812 2247/2394/812
f 1049/2395/813 236/2396/813 2247/2397/813
f 236/2398/814 1049/2382/814 2907/2374/814
f 236/2398/815 2907/2374/815 297/2399/815
f 2245/2400/816 266/2401/816 1049/2402/816
f 1049/2403/817 254/2404/817 2245/2405/817
f 245/2406/818 1084/2407/818 220/2408/818
f 220/2409/819 1066/2410/819 245/2411/819
f 1084/2412/820 60/2413/820 220/2414/820
f 1006/2415/821 253/2416/821 1088/2417/821
f 562/2418/822 193/2419/822 1076/2420/822
f 1061/2421/823 2238/2422/823 51/2423/823
f 329/2424/824 2238/2425/824 14/2426/824
f 14/2427/825 1231/2428/825 1058/2429/825
f 14/2430/826 1058/2431/826 329/2432/826
f 1231/2433/827 1209/2434/827 16/2435/827
f 324/2436/828 1079/2437/828 14/2438/828
f 1076/2439/829 1074/2440/829 562/2441/829
f 1071/2442/830 1076/2443/830 193/2444/830
f 193/2445/831 1064/2446/831 1068/2447/831
f 1068/2448/832 1064/2449/832 613/2450/832
f 854/2451/833 1068/2452/833 613/2453/833
f 1601/2454/834 17/2455/834 567/2456/834
f 458/2457/835 2250/2458/835 1068/2459/835
f 193/2460/836 1068/2461/836 259/2462/836
f 1068/2463/837 854/2464/837 458/2465/837
f 597/2466/838 259/2467/838 2250/2468/838
f 2250/2469/839 259/2470/839 1068/2471/839
f 1048/2472/840 1080/2473/840 169/2474/840
f 1071/2475/841 259/2476/841 169/2477/841
f 169/2478/842 265/2479/842 1048/2480/842
f 458/2481/843 854/2482/843 567/2483/843
f 1080/2484/844 1071/2485/844 169/2486/844
f 1073/2487/845 265/2488/845 169/2489/845
f 265/2490/846 1553/2491/846 227/2492/846
f 1094/2493/847 2260/2494/847 227/2495/847
f 2260/2494/848 265/2496/848 227/2495/848
f 1048/2497/849 265/2498/849 1081/2499/849
f 1094/2500/850 1081/2501/850 2260/2502/850
f 1081/2503/851 28/2504/851 255/2505/851
f 28/2506/852 1060/2507/852 255/2508/852
f 2255/2509/853 324/2510/853 1060/2511/853
f 2255/2512/854 1060/2513/854 1217/2514/854
f 2251/2515/855 1076/2516/855 1071/2517/855
f 2251/2518/856 1071/2519/856 1080/2520/856
f 1080/2521/857 1048/2522/857 2251/2523/857
f 2909/2524/858 1081/2525/858 255/2526/858
f 1048/2527/859 1081/2525/859 2909/2524/859
f 1048/2528/860 2909/2529/860 2251/2530/860
f 2909/2529/861 255/2531/861 2251/2530/861
f 232/2532/862 2251/2533/862 255/2534/862
f 255/2535/863 1060/2536/863 219/2537/863
f 324/2538/864 219/2539/864 1060/2540/864
f 14/2541/865 2238/2542/865 2252/2543/865
f 219/2544/866 324/2545/866 2252/2546/866
f 2252/2547/867 2238/2548/867 1086/2549/867
f 219/2550/868 2252/2551/868 1086/2552/868
f 1061/2553/869 1086/2554/869 2238/2555/869
f 2246/2556/870 1044/2557/870 219/2558/870
f 219/2559/871 2246/2560/871 255/2561/871
f 2246/2562/872 232/2563/872 255/2564/872
f 1044/2565/873 254/2566/873 232/2567/873
f 1044/2568/874 232/2569/874 2246/2570/874
f 2246/2571/875 219/2572/875 1086/2573/875
f 2246/2574/876 1086/2575/876 1044/2576/876
f 1061/2577/877 266/2578/877 1086/2579/877
f 1044/2580/878 1086/2581/878 266/2582/878
f 1076/2583/879 2251/2584/879 232/2585/879
f 1076/2586/880 232/2587/880 1074/2588/880
f 2256/2589/881 1108/2590/881 194/2591/881
f 194/2592/882 261/2593/882 1107/2594/882
f 261/2595/883 194/2592/883 167/2596/883
f 1105/2597/884 261/2598/884 2248/2599/884
f 1107/2600/885 261/2601/885 1066/2602/885
f 1105/2603/886 253/2604/886 1006/2605/886
f 1006/2606/887 261/2607/887 1105/2608/887
f 198/2609/888 2240/2610/888 1107/2611/888
f 1066/2612/889 1006/2613/889 245/2614/889
f 1006/2615/890 1088/2616/890 245/2617/890
f 1105/2597/891 2248/2618/891 1109/2619/891
f 1090/2620/892 1065/2621/892 2258/2622/892
f 394/2623/893 2282/2624/893 1133/2625/893
f 431/2626/894 1082/2627/894 1091/2628/894
f 1084/2629/895 245/2630/895 2906/2631/895
f 2906/2632/896 1065/2633/896 1084/2634/896
f 245/2635/897 1088/2636/897 2906/2637/897
f 1088/2638/898 1065/2639/898 2906/2640/898
f 254/2641/899 2308/412/899 2259/411/899
f 2308/2642/900 254/2643/900 1065/2644/900
f 1065/2644/901 1090/2645/901 2308/2642/901
f 1557/2646/902 1085/2647/902 612/2648/902
f 1074/2649/903 612/2650/903 562/2651/903
f 1074/2652/904 2258/2653/904 1557/2654/904
f 1557/2655/905 612/2656/905 1074/2657/905
f 1085/2658/906 262/2659/906 63/2660/906
f 1085/2661/907 63/2662/907 612/2663/907
f 1557/288/908 2196/2664/908 1085/2665/908
f 1074/2666/909 232/2667/909 2258/2653/909
f 1081/2668/910 1082/2669/910 28/2670/910
f 1090/2671/911 232/2672/911 2259/2673/911
f 2258/2674/912 232/2675/912 1090/2676/912
f 1557/2677/913 2258/2678/913 1065/2679/913
f 265/2680/914 1094/2681/914 2260/2682/914
f 265/2683/915 2260/2502/915 1081/2501/915
f 1094/2684/916 1082/2685/916 1081/2686/916
f 1064/2687/917 562/2688/917 612/2689/917
f 281/2690/918 2262/2691/918 612/2692/918
f 613/108/919 17/2693/919 1601/109/919
f 854/2694/920 1601/2454/920 567/2695/920
f 17/2696/921 613/2697/921 1570/2698/921
f 1064/2699/922 2262/2700/922 281/2701/922
f 2262/2702/923 1064/2687/923 612/2689/923
f 281/2703/924 613/2704/924 1064/2705/924
f 612/2706/925 63/2707/925 281/2708/925
f 1069/2709/926 63/2710/926 244/2711/926
f 1069/2712/927 281/2713/927 63/2714/927
f 281/2715/928 15/2716/928 1069/2717/928
f 1570/2718/929 613/2697/929 281/2719/929
f 281/2720/930 1069/2721/930 1570/2722/930
f 15/2723/931 1570/2724/931 1069/2725/931
f 1570/2726/932 15/2727/932 17/2728/932
f 15/2729/933 1097/2730/933 17/2731/933
f 15/2732/934 795/2733/934 1097/2734/934
f 1069/2735/935 244/2736/935 15/2737/935
f 2263/2738/936 2265/2162/936 795/2161/936
f 1598/2739/937 795/2740/937 1001/2741/937
f 1021/2742/938 2263/2743/938 795/2744/938
f 1021/2745/939 15/2746/939 244/2747/939
f 15/2748/940 2263/2749/940 795/2750/940
f 15/2751/941 1021/2752/941 2263/2753/941
f 1583/2754/942 34/2755/942 459/2756/942
f 244/2757/943 262/2758/943 273/2759/943
f 1598/2739/944 1097/2760/944 795/2761/944
f 2910/2762/945 268/2763/945 1682/2764/945
f 244/2765/946 63/2766/946 262/2767/946
f 2196/2768/947 2911/2769/947 262/2770/947
f 1103/2771/948 273/2772/948 262/2773/948
f 273/2774/949 1103/2775/949 2197/2776/949
f 253/2777/950 2196/2778/950 1088/2779/950
f 1088/2780/951 2196/2781/951 1065/2782/951
f 1065/2783/952 2196/2664/952 1557/288/952
f 2269/2784/953 1100/2785/953 2196/2786/953
f 1100/2787/954 2911/2769/954 2196/2768/954
f 2196/2788/955 262/2789/955 1085/2790/955
f 1100/2791/956 1103/2792/956 2911/2769/956
f 1103/2792/957 262/2793/957 2911/2769/957
f 1103/2794/958 1100/2795/958 2268/2796/958
f 1103/2797/959 2268/2796/959 2266/2798/959
f 1100/2799/960 2266/2800/960 2268/2796/960
f 1089/2801/961 267/2802/961 1115/2803/961
f 1089/2804/962 253/2805/962 1105/2806/962
f 1089/2807/963 2196/2808/963 253/2809/963
f 2269/2810/964 2196/2811/964 1089/2812/964
f 1089/2813/965 1115/2814/965 2269/2815/965
f 2269/2816/966 1115/2817/966 1100/2818/966
f 2182/2819/967 231/2820/967 1112/2821/967
f 267/2822/968 1109/2823/968 1018/2824/968
f 1089/2825/969 1109/2826/969 267/2827/969
f 167/2828/970 1109/2829/970 2248/2830/970
f 167/2831/971 1018/2832/971 1109/2833/971
f 2272/2834/972 2191/2835/972 267/2836/972
f 2272/2834/973 267/2837/973 1018/2838/973
f 2272/2839/974 1098/2840/974 2191/2841/974
f 1108/2842/975 1018/2843/975 167/2844/975
f 2272/2845/976 1018/2846/976 1108/2847/976
f 2272/2848/977 242/2849/977 1098/2850/977
f 242/2851/978 2272/2852/978 1108/2853/978
f 1113/2854/979 231/2855/979 2274/2856/979
f 231/2857/980 1113/2858/980 1119/2859/980
f 231/2860/981 1119/2861/981 1112/2862/981
f 1119/2863/982 204/2864/982 287/2865/982
f 1123/2866/983 217/2867/983 287/2868/983
f 287/2869/984 192/2870/984 1123/2871/984
f 407/2872/985 192/2873/985 1120/2874/985
f 192/2875/986 996/2876/986 1120/2877/986
f 287/2878/987 204/2879/987 1124/2880/987
f 287/2881/988 1112/2882/988 1119/2883/988
f 287/2884/989 1124/17/989 997/2885/989
f 217/2886/990 1112/2887/990 287/2888/990
f 1096/2889/991 2277/2890/991 1120/2891/991
f 2172/2892/992 1133/2893/992 1121/2894/992
f 1096/2895/993 1120/2896/993 996/2897/993
f 1096/2898/994 996/2899/994 2287/376/994
f 1004/2900/995 37/2901/995 274/2902/995
f 1096/2903/996 37/2904/996 1004/2905/996
f 37/2906/997 1096/2907/997 1125/2908/997
f 1096/2909/998 2287/376/998 1125/378/998
f 192/2910/999 287/2911/999 997/2912/999
f 222/2913/1000 999/2914/1000 204/2915/1000
f 192/2916/1001 997/2917/1001 996/2918/1001
f 204/2919/1002 999/2920/1002 1124/2880/1002
f 996/2921/1003 997/2922/1003 1127/2923/1003
f 996/2924/1004 276/2925/1004 1125/2926/1004
f 1127/2927/1005 1144/2928/1005 1118/2929/1005
f 999/348/1006 199/2930/1006 1127/2931/1006
f 1130/2932/1007 222/2933/1007 1113/2934/1007
f 194/2935/1008 1130/2936/1008 2256/2937/1008
f 1130/2938/1009 194/2939/1009 2240/2940/1009
f 1130/2941/1010 2240/2942/1010 295/2943/1010
f 198/2944/1011 295/2945/1011 2240/2946/1011
f 2256/2947/1012 1130/2948/1012 1113/2949/1012
f 1144/2950/1013 1127/2951/1013 199/2952/1013
f 222/2953/1014 204/2954/1014 1113/2955/1014
f 295/2956/1015 222/2957/1015 1130/2958/1015
f 222/2959/1016 295/2960/1016 224/2961/1016
f 224/2962/1017 2280/2963/1017 222/2964/1017
f 224/2965/1018 295/2966/1018 198/2967/1018
f 1144/2968/1019 239/2969/1019 1118/2970/1019
f 2280/2971/1020 224/2972/1020 239/2973/1020
f 199/2974/1021 2280/2971/1021 239/2973/1021
f 199/2975/1022 222/2964/1022 2280/2963/1022
f 199/2976/1023 239/2977/1023 1144/2978/1023
f 1118/2979/1024 33/2980/1024 1121/2981/1024
f 280/2982/1025 226/2983/1025 276/2984/1025
f 1118/2985/1026 2172/2986/1026 1127/2987/1026
f 1118/2988/1027 1121/2989/1027 2172/2990/1027
f 2172/2991/1028 280/2992/1028 1127/2993/1028
f 2282/2994/1029 1128/2995/1029 1133/2996/1029
f 2241/2997/1030 2276/2998/1030 1121/2999/1030
f 2241/3000/1031 1121/3001/1031 269/3002/1031
f 269/3003/1032 1121/3004/1032 33/3005/1032
f 1128/3006/1033 280/3007/1033 1133/3008/1033
f 394/3009/1034 1128/3010/1034 2282/2624/1034
f 226/3011/1035 280/3012/1035 1128/3013/1035
f 1041/3014/1036 1135/3015/1036 292/3016/1036
f 1114/3017/1037 292/3016/1037 1135/3015/1037
f 135/3018/1038 1114/3019/1038 283/3020/1038
f 1114/3021/1039 135/3022/1039 292/3023/1039
f 1132/3024/1040 1125/3025/1040 276/3026/1040
f 1132/3027/1041 2279/3028/1041 1125/3029/1041
f 226/3030/1042 1132/3031/1042 276/3032/1042
f 1132/3033/1043 292/3034/1043 2279/3035/1043
f 1138/3036/1044 1136/3037/1044 135/3038/1044
f 1154/3039/1045 1138/3040/1045 135/3041/1045
f 298/3042/1046 1154/3043/1046 283/3044/1046
f 283/3045/1047 1154/3046/1047 135/3047/1047
f 1154/3048/1048 298/3049/1048 1059/3050/1048
f 1092/3051/1049 1138/3052/1049 1059/3053/1049
f 1092/3054/1050 2170/3055/1050 274/3056/1050
f 1136/3057/1051 292/3058/1051 2164/3059/1051
f 135/3060/1052 2164/3061/1052 292/3058/1052
f 1136/3062/1053 2164/3063/1053 135/3064/1053
f 37/3065/1054 1136/3066/1054 274/3067/1054
f 1004/3068/1055 274/3069/1055 2170/3070/1055
f 1120/3071/1056 2277/3072/1056 1020/3073/1056
f 280/3074/1057 2172/3075/1057 1133/3076/1057
f 2279/3077/1058 2164/3078/1058 37/3079/1058
f 2279/3080/1059 292/3081/1059 2164/3082/1059
f 1125/3083/1060 2279/3084/1060 37/3085/1060
f 37/3086/1061 2164/3078/1061 1136/3087/1061
f 2276/3088/1062 1093/3089/1062 1133/3090/1062
f 2306/3091/1063 1093/3092/1063 2322/3093/1063
f 1121/3094/1064 2276/3095/1064 2172/3096/1064
f 2172/3097/1065 2278/3098/1065 1127/3099/1065
f 1133/3100/1066 2172/3101/1066 2276/3102/1066
f 276/3103/1067 996/3104/1067 2278/3105/1067
f 276/3106/1068 2278/3107/1068 280/3108/1068
f 2278/3109/1069 996/3110/1069 1127/3111/1069
f 212/3112/1070 25/3113/1070 201/3114/1070
f 250/3115/1071 371/3116/1071 201/3117/1071
f 370/3118/1072 25/3119/1072 2041/3120/1072
f 371/3121/1073 212/3122/1073 201/3123/1073
f 1143/3124/1074 375/3125/1074 11/3126/1074
f 2285/3127/1075 2283/3128/1075 25/3129/1075
f 25/3129/1076 2283/3128/1076 201/3130/1076
f 2285/3131/1077 38/3132/1077 2283/3133/1077
f 38/3134/1078 2285/3135/1078 300/3136/1078
f 2285/3135/1079 2293/3137/1079 300/3136/1079
f 38/3138/1080 300/3139/1080 298/3140/1080
f 1059/3141/1081 298/3142/1081 300/3143/1081
f 298/3144/1082 11/3145/1082 38/3146/1082
f 298/3147/1083 937/3148/1083 11/3149/1083
f 298/3150/1084 283/3151/1084 937/3152/1084
f 1003/3153/1085 1143/3154/1085 937/3155/1085
f 937/3156/1086 1143/3157/1086 11/3158/1086
f 1114/3159/1087 1003/3160/1087 283/3161/1087
f 937/3162/1088 283/3163/1088 1003/3164/1088
f 1114/3165/1089 1135/3166/1089 1003/3167/1089
f 375/3168/1090 1143/3169/1090 293/3170/1090
f 2294/3171/1091 1152/3172/1091 1172/3173/1091
f 1135/3174/1092 284/3175/1092 1152/3176/1092
f 1152/3177/1093 318/3178/1093 1172/3179/1093
f 293/3180/1094 2294/3181/1094 1172/3182/1094
f 1172/3183/1095 318/3184/1095 1145/3185/1095
f 1172/3186/1096 1145/3187/1096 293/3188/1096
f 1145/3189/1097 318/3190/1097 2304/3191/1097
f 1003/3192/1098 1135/3193/1098 1152/3194/1098
f 293/3195/1099 1143/3196/1099 2294/3197/1099
f 250/3198/1100 375/3199/1100 293/3200/1100
f 250/3201/1101 293/3202/1101 439/3203/1101
f 1201/3204/1102 317/3205/1102 2305/3206/1102
f 291/3207/1103 278/3208/1103 363/3209/1103
f 308/3210/1104 2295/3211/1104 363/3212/1104
f 439/3213/1105 363/3214/1105 2295/3215/1105
f 2295/3216/1106 1150/3217/1106 308/3218/1106
f 363/3219/1107 278/3220/1107 2295/3221/1107
f 1150/3222/1108 2295/3223/1108 278/3224/1108
f 291/3225/1109 1163/3226/1109 57/3227/1109
f 1163/3228/1110 291/3229/1110 1149/3230/1110
f 57/3231/1111 278/3232/1111 291/3233/1111
f 57/3234/1112 1163/3235/1112 307/3236/1112
f 57/3237/1113 341/1/1113 278/3238/1113
f 57/3239/1114 26/3240/1114 341/3241/1114
f 26/3242/1115 305/3243/1115 341/3244/1115
f 305/3245/1116 26/3246/1116 1140/3247/1116
f 1140/3248/1117 26/3249/1117 1260/3250/1117
f 290/3251/1118 1140/3252/1118 1260/3253/1118
f 2243/3254/1119 1150/3255/1119 305/3256/1119
f 1150/3257/1120 278/3258/1120 305/3259/1120
f 1260/3260/1121 2298/3261/1121 290/3262/1121
f 290/3263/1122 2298/3264/1122 393/3265/1122
f 190/3266/1123 290/3267/1123 393/3268/1123
f 190/3269/1124 1166/3270/1124 366/3271/1124
f 1297/3272/1125 190/3273/1125 393/3274/1125
f 1297/3275/1126 1166/3276/1126 190/3277/1126
f 1297/3278/1127 1153/3279/1127 1271/3280/1127
f 366/3281/1128 290/3282/1128 190/3283/1128
f 1166/3284/1129 1297/3278/1129 1271/3285/1129
f 366/3286/1130 2243/3287/1130 1140/3288/1130
f 290/3289/1131 366/3290/1131 1140/3291/1131
f 2243/3292/1132 366/3293/1132 1263/3294/1132
f 371/3295/1133 1263/3296/1133 2290/3297/1133
f 2290/3298/1134 366/3299/1134 1166/3300/1134
f 1271/3301/1135 2299/3302/1135 1166/3303/1135
f 1166/3304/1136 2299/3305/1136 2290/3306/1136
f 1263/3307/1137 366/3308/1137 2290/3309/1137
f 212/3310/1138 371/3311/1138 2290/3312/1138
f 1150/3313/1139 371/3314/1139 308/3315/1139
f 1150/3316/1140 1263/3317/1140 371/3318/1140
f 439/3319/1141 2295/3320/1141 250/3321/1141
f 250/3322/1142 2295/3320/1142 308/3323/1142
f 2243/3324/1143 305/3325/1143 1140/3326/1143
f 1263/3327/1144 1150/3328/1144 2243/3329/1144
f 2292/3330/1145 2290/3331/1145 2299/3332/1145
f 212/3333/1146 2290/3331/1146 2292/3330/1146
f 2299/3334/1147 1271/3335/1147 2292/3336/1147
f 1149/3337/1148 1179/3338/1148 1163/3339/1148
f 1163/3339/1149 1179/3340/1149 307/3341/1149
f 363/3342/1150 1149/3343/1150 291/3344/1150
f 1179/3345/1151 1149/3346/1151 396/3347/1151
f 1149/3348/1152 2297/3349/1152 396/3350/1152
f 396/3351/1153 2297/3352/1153 388/3353/1153
f 388/3354/1154 2297/3355/1154 380/3356/1154
f 348/3357/1155 2297/3358/1155 1149/3359/1155
f 317/3360/1156 348/3361/1156 1160/3362/1156
f 1160/3363/1157 302/3364/1157 317/3365/1157
f 1160/3366/1158 363/3367/1158 302/3368/1158
f 348/3369/1159 1149/3370/1159 1160/3371/1159
f 1170/3372/1160 302/3373/1160 363/3374/1160
f 2301/408/1161 1160/410/1161 1149/3375/1161
f 1170/3376/1162 439/3377/1162 1145/3378/1162
f 2296/3379/1163 439/3380/1163 1170/3381/1163
f 1149/3382/1164 363/3383/1164 2301/3384/1164
f 2296/3385/1165 363/3386/1165 439/3387/1165
f 2296/3385/1166 1170/3388/1166 363/3386/1166
f 302/3389/1167 1170/3390/1167 1145/3391/1167
f 1145/3392/1168 1194/3393/1168 302/3394/1168
f 1158/3395/1169 1194/3396/1169 1145/3397/1169
f 2305/436/1170 2242/438/1170 1201/3398/1170
f 1194/3399/1171 2305/3400/1171 302/3401/1171
f 2305/3400/1172 317/3402/1172 302/3401/1172
f 1158/3403/1173 2242/3404/1173 1194/3405/1173
f 318/3406/1174 284/3407/1174 1171/3408/1174
f 284/3409/1175 1171/3410/1175 1152/3411/1175
f 1152/3412/1176 1171/3413/1176 318/3414/1176
f 284/3415/1177 1128/3416/1177 1171/3417/1177
f 2307/3418/1178 1158/3419/1178 1197/3420/1178
f 2304/3421/1179 318/3422/1179 1158/3423/1179
f 1158/3423/1180 1145/3424/1180 2304/3421/1180
f 1122/3425/1181 1128/3426/1181 394/3427/1181
f 2253/3428/1182 2320/3429/1182 594/3430/1182
f 2253/3428/1183 120/3431/1183 2320/3429/1183
f 1122/3432/1184 1171/3433/1184 1128/3434/1184
f 1243/3435/1185 148/3436/1185 2914/3437/1185
f 2914/3438/1186 1126/3439/1186 1243/3440/1186
f 148/3436/1187 1243/3435/1187 349/3441/1187
f 1126/3442/1188 2914/3437/1188 148/3443/1188
f 2322/3444/1189 2276/3445/1189 2241/3446/1189
f 269/3447/1190 33/3448/1190 148/3449/1190
f 394/3450/1191 1133/3451/1191 1093/3452/1191
f 353/3453/1192 269/3454/1192 148/3455/1192
f 2328/3456/1193 2241/3457/1193 269/3458/1193
f 1094/3459/1194 2313/3460/1194 1082/3461/1194
f 431/3462/1195 2324/3463/1195 2915/3464/1195
f 594/3465/1196 1196/3466/1196 431/3467/1196
f 2257/3468/1197 1094/3469/1197 227/3470/1197
f 1196/3471/1198 28/3472/1198 1082/3473/1198
f 2253/3474/1199 2331/3475/1199 188/3476/1199
f 2253/3477/1200 1569/3478/1200 188/3479/1200
f 148/3480/1201 349/3481/1201 353/3482/1201
f 28/3483/1202 1196/3484/1202 1217/3485/1202
f 2331/3486/1203 2253/3487/1203 2254/3488/1203
f 2253/3487/1204 1569/3489/1204 2254/3488/1204
f 2254/3490/1205 1569/3491/1205 1147/3492/1205
f 2320/421/1206 120/3493/1206 1217/422/1206
f 594/3494/1207 1569/3495/1207 2253/3496/1207
f 1195/3497/1208 355/3498/1208 1198/3499/1208
f 1082/3500/1209 2313/3460/1209 1091/3501/1209
f 2313/3502/1210 431/3503/1210 1091/3504/1210
f 2320/3505/1211 1196/3506/1211 594/3507/1211
f 2137/3508/1212 3141/3509/1212 2916/3510/1212
f 1091/3511/1213 431/3512/1213 1196/3513/1213
f 2319/3514/1214 394/3515/1214 1093/3516/1214
f 2529/3517/1215 3119/3518/1215 2414/3519/1215
f 431/3520/1216 595/3521/1216 594/3522/1216
f 1952/3523/1217 1175/3524/1217 1343/3525/1217
f 1953/3526/1218 3071/3527/1218 1344/3528/1218 3143/3529/1218 595/3530/1218 2326/3531/1218
f 2747/3532/1219 595/3533/1219 2919/3534/1219
f 1953/3535/1220 3103/3536/1220 3107/3537/1220
f 1175/3538/1221 435/3539/1221 1343/3540/1221
f 1343/3541/1222 1954/3542/1222 1344/3543/1222
f 2319/3544/1223 1093/3545/1223 1198/3546/1223
f 2735/3547/1224 2503/3548/1224 2534/3549/1224
f 1952/3550/1225 1343/3551/1225 3074/3552/1225
f 2326/3553/1226 3106/3554/1226 2917/3555/1226
f 349/3556/1227 1195/3557/1227 1198/3558/1227
f 1093/3559/1228 1237/3560/1228 1198/3561/1228
f 318/3562/1229 1122/3563/1229 1200/3564/1229
f 1197/3565/1230 2309/3566/1230 1200/3567/1230
f 355/3568/1231 1200/3569/1231 2319/3570/1231
f 394/3571/1232 2319/3570/1232 1200/3569/1232
f 1122/3572/1233 394/3573/1233 1200/3574/1233
f 2319/3575/1234 1198/3576/1234 355/3577/1234
f 1197/3578/1235 1200/3579/1235 1122/3580/1235
f 355/3581/1236 1197/3582/1236 1200/3583/1236
f 1200/3564/1237 2309/3584/1237 318/3585/1237
f 1204/3586/1238 1221/3587/1238 487/3588/1238
f 1352/3589/1239 1350/3590/1239 3073/3591/1239 435/3592/1239
f 54/3593/1240 435/3594/1240 1175/3595/1240
f 54/3596/1241 1175/3597/1241 466/3598/1241
f 1212/3599/1242 497/3600/1242 1207/3601/1242
f 563/3602/1243 497/3603/1243 1212/3604/1243
f 54/3605/1244 466/3606/1244 487/3607/1244
f 352/3608/1245 497/3609/1245 563/3610/1245
f 1251/3611/1246 350/3612/1246 936/3613/1246
f 936/3614/1247 350/3615/1247 146/3616/1247
f 497/3617/1248 352/3618/1248 1236/3619/1248
f 497/3620/1249 1236/3621/1249 1053/3622/1249
f 1190/3623/1250 1236/3624/1250 2310/3625/1250
f 1236/3624/1251 352/3626/1251 2310/3625/1251
f 146/3627/1252 350/3628/1252 1246/3629/1252
f 1236/3630/1253 1190/3631/1253 1053/3632/1253
f 1161/3633/1254 326/3634/1254 1202/3635/1254
f 205/3636/1255 1063/3637/1255 221/3638/1255
f 76/3639/1256 205/3640/1256 1213/3641/1256
f 1053/3642/1257 1207/3643/1257 497/3644/1257
f 1361/3645/1258 452/3646/1258 2334/3647/1258
f 2334/3647/1259 452/3646/1259 1063/3648/1259
f 120/3649/1260 188/3650/1260 1210/3651/1260
f 408/3652/1261 120/3653/1261 1210/3654/1261
f 1219/3655/1262 2254/3656/1262 1192/3657/1262
f 188/3658/1263 2331/3659/1263 1219/3660/1263
f 2254/3661/1264 1219/3660/1264 2331/3659/1264
f 120/3662/1265 2255/3663/1265 1217/3664/1265
f 1210/3665/1266 2255/3666/1266 120/3667/1266
f 1563/3668/1267 1554/3669/1267 1571/3670/1267
f 1077/3671/1268 188/3672/1268 1219/3673/1268
f 1210/3674/1269 408/3675/1269 2255/3676/1269
f 1126/3677/1270 339/3678/1270 1243/3679/1270
f 257/3680/1271 441/3681/1271 339/3682/1271
f 1243/3683/1272 1195/3684/1272 441/3685/1272
f 1243/3686/1273 339/3687/1273 441/3688/1273
f 1243/3689/1274 1195/3690/1274 349/3691/1274
f 1053/3692/1275 1178/3693/1275 1190/3694/1275
f 1190/3694/1276 1178/3693/1276 2351/3695/1276
f 441/3696/1277 1062/3697/1277 92/3698/1277
f 1161/3699/1278 1197/3700/1278 1240/3701/1278
f 1197/3702/1279 1161/3703/1279 2307/3704/1279
f 2321/3705/1280 1243/3706/1280 441/3707/1280
f 1195/3708/1281 1243/3709/1281 2321/3710/1281
f 92/3711/1282 355/3712/1282 2321/3713/1282
f 1197/3714/1283 355/3715/1283 1240/3716/1283
f 2242/3717/1284 2307/3718/1284 1161/3719/1284
f 355/3720/1285 92/3721/1285 1240/3722/1285
f 2321/3723/1286 355/3724/1286 1195/3725/1286
f 441/3707/1287 92/3726/1287 2321/3705/1287
f 1161/3727/1288 1202/3728/1288 2242/3729/1288
f 1158/3730/1289 2307/3418/1289 2242/3731/1289
f 2242/3732/1290 1202/3733/1290 1201/3734/1290
f 2302/3735/1291 317/3736/1291 364/3737/1291
f 364/3737/1292 317/3736/1292 1201/3738/1292
f 1203/3739/1293 326/3740/1293 334/3741/1293
f 348/3742/1294 364/3743/1294 1046/3744/1294
f 1191/3745/1295 2333/3746/1295 1247/3747/1295
f 348/3748/1296 1046/3749/1296 380/3750/1296
f 348/3751/1297 317/3752/1297 2302/3753/1297
f 1241/3754/1298 1169/3755/1298 592/3756/1298
f 1241/3757/1299 592/3758/1299 388/3759/1299
f 1259/3760/1300 73/3761/1300 2353/3762/1300
f 388/3763/1301 380/3764/1301 1241/3765/1301
f 1241/3765/1302 380/3766/1302 1169/3767/1302
f 1047/3768/1303 321/3769/1303 64/3770/1303
f 1221/3771/1304 1204/3772/1304 1359/3773/1304
f 1067/3774/1305 2349/3775/1305 338/3776/1305
f 1067/3777/1306 330/3778/1306 2349/3779/1306
f 1232/3780/1307 338/3781/1307 2349/3782/1307
f 1067/3783/1308 321/3784/1308 330/3785/1308
f 1067/3786/1309 338/3787/1309 1216/3788/1309
f 1216/3789/1310 1212/3790/1310 1063/3791/1310
f 1216/3792/1311 205/3793/1311 1183/3794/1311
f 1067/3795/1312 1216/3796/1312 1183/3797/1312
f 76/466/1313 64/468/1313 1183/3798/1313
f 1183/3799/1314 205/3800/1314 64/3801/1314
f 1216/3802/1315 1063/3803/1315 205/3804/1315
f 1213/3805/1316 1063/3806/1316 1215/3807/1316
f 452/3808/1317 1215/3809/1317 1063/3810/1317
f 1215/3811/1318 452/3812/1318 1056/3813/1318
f 344/3814/1319 1056/3815/1319 452/3816/1319
f 1079/3817/1320 1209/3818/1320 1231/3819/1320
f 14/3820/1321 1079/3821/1321 1231/3822/1321
f 1209/3823/1322 1205/3824/1322 1056/3825/1322
f 1215/3826/1323 1205/3827/1323 1213/3828/1323
f 1239/3829/1324 76/3830/1324 2338/3831/1324
f 1205/3832/1325 1239/3829/1325 2338/3831/1325
f 76/3833/1326 1205/3834/1326 1239/3835/1326
f 76/3836/1327 1213/3837/1327 2338/3838/1327
f 2330/3839/1328 3/3840/1328 320/3841/1328
f 336/3842/1329 1228/3843/1329 1205/3844/1329
f 106/3845/1330 1204/3846/1330 1047/3847/1330
f 312/3848/1331 1047/3849/1331 64/3850/1331
f 2339/3851/1332 336/3852/1332 1210/3853/1332
f 1209/3854/1333 336/3855/1333 1205/3856/1333
f 1209/3857/1334 1079/3858/1334 336/3859/1334
f 1211/3860/1335 336/3861/1335 2339/3862/1335
f 1079/3858/1336 408/3863/1336 336/3859/1336
f 1079/3864/1337 324/3865/1337 408/3866/1337
f 324/3867/1338 2255/3868/1338 408/3869/1338
f 1192/3870/1339 246/3871/1339 1077/39/1339
f 1045/3872/1340 246/3873/1340 1072/3874/1340
f 1045/3875/1341 1211/3876/1341 2339/3877/1341
f 188/3878/1342 1077/3879/1342 1210/3880/1342
f 2339/3881/1343 1077/3882/1343 1045/3883/1343
f 1077/3884/1344 2339/3885/1344 1210/3886/1344
f 2330/3887/1345 320/3841/1345 1047/3888/1345
f 76/3889/1346 64/3890/1346 205/3891/1346
f 1228/3892/1347 1211/3893/1347 1208/3894/1347
f 311/3895/1348 1204/3896/1348 106/3897/1348
f 1359/3898/1349 1204/3899/1349 311/3900/1349
f 1047/3901/1350 2921/3902/1350 106/3903/1350
f 331/3904/1351 585/3905/1351 332/3906/1351
f 311/3907/1352 1226/3908/1352 520/3909/1352
f 83/3910/1353 448/3911/1353 520/3912/1353
f 409/3913/1354 3/3914/1354 2330/3915/1354
f 520/3916/1355 1226/3908/1355 332/3917/1355
f 311/3918/1356 332/3919/1356 1226/3920/1356
f 332/3921/1357 1226/3922/1357 1229/3923/1357
f 1220/3924/1358 2341/3925/1358 2249/3926/1358
f 2337/3927/1359 87/3928/1359 1234/3929/1359
f 87/3930/1360 585/3931/1360 331/3932/1360
f 1234/3933/1361 87/3934/1361 1220/3935/1361
f 1220/3936/1362 87/3937/1362 2341/3938/1362
f 1072/3939/1363 343/3940/1363 1045/3941/1363
f 343/3942/1364 1220/3943/1364 2249/3944/1364
f 2341/3925/1365 2344/3945/1365 2249/3926/1365
f 343/3946/1366 2249/3947/1366 2345/3948/1366
f 343/3949/1367 2345/3950/1367 1045/3951/1367
f 1045/3952/1368 2345/3953/1368 1211/3954/1368
f 1220/3955/1369 1208/3956/1369 2249/3957/1369
f 1208/3958/1370 1211/3959/1370 2345/3960/1370
f 1208/3961/1371 2345/3960/1371 2249/3962/1371
f 2249/3963/1372 2344/3964/1372 1208/3965/1372
f 2341/3966/1373 584/3967/1373 2344/3968/1373
f 87/3969/1374 584/3970/1374 2341/3971/1374
f 584/3972/1375 87/3973/1375 331/3974/1375
f 584/3975/1376 1427/3976/1376 2344/3977/1376
f 1208/3978/1377 2344/3979/1377 1427/3980/1377
f 2908/3981/1378 451/3982/1378 1427/3983/1378
f 451/3984/1379 1427/3985/1379 584/3986/1379
f 1211/3987/1380 336/3988/1380 1228/3989/1380
f 1427/3990/1381 451/3991/1381 1239/3992/1381
f 2342/3993/1382 1208/3994/1382 1427/3995/1382
f 1228/3996/1383 1208/3997/1383 2342/3998/1383
f 1058/3999/1384 1238/4000/1384 229/4001/1384
f 16/4002/1385 1058/4003/1385 1231/4004/1385
f 1052/4005/1386 344/4006/1386 2335/4007/1386
f 1056/4008/1387 344/4009/1387 16/4010/1387
f 1239/4011/1388 451/4012/1388 76/4013/1388
f 1427/4014/1389 1239/4015/1389 2342/4016/1389
f 1239/4017/1390 1228/4018/1390 2342/4019/1390
f 2908/3981/1391 102/4020/1391 451/3982/1391
f 102/4021/1392 2908/3981/1392 584/4022/1392
f 584/4023/1393 2908/3981/1393 1427/3983/1393
f 331/4024/1394 102/4025/1394 584/4026/1394
f 451/4027/1395 312/4028/1395 76/4029/1395
f 321/4030/1396 320/4031/1396 330/4032/1396
f 424/4033/1397 2346/493/1397 320/4034/1397
f 2346/493/1398 330/495/1398 320/4035/1398
f 102/4036/1399 2921/4037/1399 312/4038/1399
f 2921/3902/1400 1047/3901/1400 312/4039/1400
f 1229/4040/1401 106/4041/1401 102/4042/1401
f 311/4043/1402 106/4044/1402 1229/4045/1402
f 3/4046/1403 424/4047/1403 320/4048/1403
f 106/4049/1404 2921/4050/1404 102/4051/1404
f 330/4052/1405 365/4053/1405 1173/4054/1405
f 1173/4055/1406 1232/4056/1406 330/4057/1406
f 330/4058/1407 1232/4059/1407 2349/4060/1407
f 322/4061/1408 338/4062/1408 1232/4063/1408
f 372/4064/1409 2922/4065/1409 304/4066/1409
f 1360/4067/1410 322/4068/1410 1232/4069/1410
f 1173/4070/1411 1360/4071/1411 1232/4072/1411
f 2310/4073/1412 1055/4074/1412 1249/4075/1412
f 338/4076/1413 563/4077/1413 1216/4078/1413
f 1360/4079/1414 2329/4080/1414 322/4081/1414
f 322/4082/1415 2329/4083/1415 352/4084/1415
f 304/4085/1416 2329/4086/1416 1360/4087/1416
f 1055/4088/1417 2310/4089/1417 351/4090/1417
f 146/4091/1418 1246/4092/1418 351/4093/1418
f 146/4094/1419 304/4066/1419 2922/4065/1419
f 351/4095/1420 352/4096/1420 146/4097/1420
f 352/4098/1421 2329/4083/1421 146/4099/1421
f 146/4100/1422 2329/4101/1422 304/4102/1422
f 351/4103/1423 2310/4104/1423 352/4105/1423
f 1063/4106/1424 1212/4107/1424 2334/4108/1424
f 1216/4109/1425 563/4110/1425 1212/4111/1425
f 563/4112/1426 338/4113/1426 322/4114/1426
f 1212/4115/1427 1207/4116/1427 2334/4117/1427
f 2334/4118/1428 1207/4119/1428 1361/4120/1428
f 2310/3625/1429 352/4121/1429 1190/4122/1429
f 563/4112/1430 322/4114/1430 352/4123/1430
f 2310/4124/1431 1249/4125/1431 1190/4126/1431
f 1249/4127/1432 1189/4128/1432 2352/4129/1432
f 1178/4130/1433 1052/4131/1433 2351/4132/1433
f 2335/4133/1434 2351/4134/1434 1052/4135/1434
f 1189/4128/1435 1249/4127/1435 1054/4136/1435
f 1190/4137/1436 1249/4138/1436 2352/508/1436
f 1190/4139/1437 1189/509/1437 1178/4140/1437
f 1361/4141/1438 2351/4142/1438 2335/4143/1438
f 1053/4144/1439 1190/4145/1439 1207/4146/1439
f 2351/4147/1440 1207/4148/1440 1190/4149/1440
f 1207/4148/1441 2351/4147/1441 1361/4150/1441
f 1178/4151/1442 441/4152/1442 257/4153/1442
f 1178/4154/1443 1189/4155/1443 441/4156/1443
f 257/4157/1444 1189/4158/1444 1178/4159/1444
f 473/4160/1445 2281/4161/1445 309/4162/1445
f 2281/4163/1446 257/4164/1446 339/4165/1446
f 1052/4166/1447 1178/4167/1447 1189/4158/1447
f 1052/4168/1448 1189/4158/1448 257/4169/1448
f 1238/4170/1449 16/4171/1449 344/4172/1449
f 1058/3999/1450 16/4173/1450 1238/4000/1450
f 452/4174/1451 2335/4175/1451 344/4176/1451
f 2335/4177/1452 2336/4178/1452 344/4179/1452
f 1052/4180/1453 2336/4181/1453 2335/4182/1453
f 1238/4183/1454 2336/4184/1454 473/4185/1454
f 1057/2358/1455 229/4186/1455 1238/2356/1455
f 2336/4187/1456 1052/4188/1456 473/4189/1456
f 473/4190/1457 1052/4191/1457 257/4192/1457
f 1189/4193/1458 1054/4194/1458 1062/4195/1458
f 1054/4196/1459 381/4197/1459 1062/4198/1459
f 1203/4199/1460 381/4200/1460 2347/4201/1460
f 360/4202/1461 2347/4203/1461 1054/4204/1461
f 2347/4205/1462 334/4206/1462 1203/4207/1462
f 2347/4208/1463 381/4209/1463 1054/4210/1463
f 360/4211/1464 334/4212/1464 2347/4213/1464
f 80/4214/1465 1202/4215/1465 326/4216/1465
f 80/4217/1466 364/4218/1466 1201/4219/1466
f 80/4220/1467 1201/4221/1467 1202/4222/1467
f 1062/4223/1468 381/4224/1468 2311/4225/1468
f 1062/4226/1469 441/4227/1469 1189/4228/1469
f 92/4229/1470 1062/4230/1470 1240/4231/1470
f 2311/4232/1471 1161/4233/1471 1240/4234/1471
f 2923/4235/1472 1161/4236/1472 2311/4237/1472
f 2333/4238/1473 1191/4239/1473 80/4240/1473
f 381/4241/1474 326/4242/1474 2311/4243/1474
f 1161/4244/1475 2923/4235/1475 326/4245/1475
f 2311/4243/1476 326/4246/1476 2923/4247/1476
f 80/4240/1477 1191/4239/1477 364/4248/1477
f 380/4249/1478 1046/4250/1478 1169/4251/1478
f 2333/4252/1479 334/4253/1479 1247/4254/1479
f 1187/4255/1480 1055/4256/1480 351/4257/1480
f 1247/4258/1481 1187/4259/1481 2350/4260/1481
f 1191/4261/1482 1169/4262/1482 1046/4263/1482
f 364/4264/1483 1191/4265/1483 1046/4266/1483
f 592/4267/1484 1246/4268/1484 350/4269/1484
f 1187/4270/1485 351/4271/1485 1246/4272/1485
f 1246/4273/1486 592/4274/1486 2350/4275/1486
f 592/4276/1487 1247/4277/1487 2350/4275/1487
f 1169/4278/1488 1191/4279/1488 1247/4280/1488
f 1203/4281/1489 2333/4282/1489 80/4283/1489
f 334/4284/1490 2333/4282/1490 1203/4285/1490
f 1203/4286/1491 80/4287/1491 326/4288/1491
f 2353/4289/1492 1259/4290/1492 447/4291/1492
f 1247/4292/1493 2332/4293/1493 1187/4294/1493
f 1247/4295/1494 334/4296/1494 2332/4297/1494
f 360/4298/1495 1055/4299/1495 1187/4300/1495
f 2332/4301/1496 360/4302/1496 1187/4303/1496
f 2332/4304/1497 334/4305/1497 360/4306/1497
f 447/4291/1498 73/4307/1498 2353/4289/1498
f 350/4308/1499 1259/4309/1499 592/4310/1499
f 447/4311/1500 1259/4312/1500 1251/4313/1500
f 384/4314/1501 71/4315/1501 73/4316/1501
f 1255/4317/1502 1253/4318/1502 447/4319/1502
f 384/4320/1503 73/4321/1503 1253/4322/1503
f 1248/4323/1504 358/4324/1504 391/4325/1504
f 2300/4326/1505 384/4327/1505 50/4328/1505
f 50/4329/1506 384/4330/1506 1248/4331/1506
f 157/4332/1507 50/4333/1507 391/4334/1507
f 391/4335/1508 50/4336/1508 1248/4337/1508
f 345/4338/1509 357/4339/1509 358/4340/1509
f 368/4341/1510 391/4342/1510 478/4343/1510
f 1255/4344/1511 358/4345/1511 1253/4346/1511
f 358/4347/1512 1248/4348/1512 1253/4349/1512
f 1253/4350/1513 1248/4351/1513 384/4352/1513
f 1255/4353/1514 53/4354/1514 358/4355/1514
f 53/4356/1515 59/4357/1515 345/4358/1515
f 453/4359/1516 53/4360/1516 1255/4361/1516
f 354/4362/1517 345/4363/1517 383/4364/1517
f 2922/4065/1518 372/4064/1518 146/4365/1518
f 383/4366/1519 345/4367/1519 59/4368/1519
f 383/4369/1520 59/4370/1520 347/4371/1520
f 1199/4372/1521 453/4373/1521 1176/4374/1521
f 453/4375/1522 387/4376/1522 59/4377/1522
f 59/4378/1523 53/4379/1523 453/4380/1523
f 1280/4381/1524 1235/4382/1524 299/4383/1524
f 1280/4384/1525 299/4385/1525 72/4386/1525
f 1255/4387/1526 2354/4388/1526 453/4389/1526
f 2348/4390/1527 72/4391/1527 304/4392/1527
f 1360/4393/1528 2348/4394/1528 304/4395/1528
f 2348/4394/1529 1360/4393/1529 1173/4396/1529
f 304/4397/1530 1360/4398/1530 1173/4399/1530
f 304/4400/1531 72/4401/1531 372/4402/1531
f 447/4403/1532 2354/4404/1532 1255/4405/1532
f 447/4406/1533 1251/4407/1533 2354/4408/1533
f 1251/4409/1534 453/4410/1534 2354/4411/1534
f 1251/4412/1535 1176/4413/1535 453/4414/1535
f 1280/4415/1536 2355/668/1536 72/667/1536
f 1280/4416/1537 372/4417/1537 2355/668/1537
f 1280/4418/1538 1176/4419/1538 372/4420/1538
f 1280/4381/1539 72/4421/1539 1235/4382/1539
f 1280/4422/1540 299/4423/1540 1176/4424/1540
f 299/4425/1541 453/4426/1541 1199/4372/1541
f 1251/4427/1542 372/4428/1542 1176/4429/1542
f 146/4430/1543 372/4431/1543 936/4432/1543
f 350/4433/1544 1251/4434/1544 1259/4435/1544
f 388/4436/1545 1241/4437/1545 1259/4438/1545
f 71/4439/1546 1259/4440/1546 2353/4441/1546
f 388/4442/1547 1259/4443/1547 71/4444/1547
f 388/4445/1548 71/4446/1548 1159/4447/1548
f 388/4448/1549 1159/4449/1549 396/4450/1549
f 1199/4451/1550 1176/4452/1550 299/4453/1550
f 183/4454/1551 1224/4455/1551 2385/4456/1551
f 163/4457/1552 347/4458/1552 387/4459/1552
f 163/4460/1553 1177/4461/1553 333/4462/1553
f 347/4463/1554 383/4464/1554 387/4465/1554
f 1177/4466/1555 1199/4467/1555 299/4468/1555
f 1177/4469/1556 387/4470/1556 1199/4471/1556
f 387/4472/1557 1177/4473/1557 163/4474/1557
f 163/4475/1558 1185/4476/1558 989/4477/1558
f 163/4478/1559 416/4479/1559 347/4480/1559
f 347/4481/1560 354/4482/1560 383/4483/1560
f 357/5/1561 368/4484/1561 478/4485/1561
f 299/4486/1562 387/4487/1562 453/4488/1562
f 59/4489/1563 387/4490/1563 383/4491/1563
f 384/4492/1564 2300/4493/1564 71/4494/1564
f 1262/4495/1565 359/4496/1565 1256/4497/1565
f 377/4498/1566 50/4499/1566 1262/4500/1566
f 50/4501/1567 157/4502/1567 1262/4503/1567
f 50/4504/1568 377/4505/1568 1245/4506/1568
f 1156/4507/1569 307/4508/1569 385/4509/1569
f 1159/4510/1570 1245/4511/1570 58/4512/1570
f 71/4513/1571 1245/4514/1571 1159/4515/1571
f 2300/4516/1572 1245/4517/1572 71/4518/1572
f 57/4519/1573 307/4520/1573 1156/4521/1573
f 386/4522/1574 1164/4523/1574 1260/4524/1574
f 1164/4525/1575 386/4526/1575 401/4527/1575
f 313/4528/1576 1242/4529/1576 2357/4530/1576
f 313/4531/1577 401/4532/1577 1164/4533/1577
f 401/4534/1578 313/4535/1578 2357/4536/1578
f 386/4537/1579 313/4538/1579 1164/4539/1579
f 26/4540/1580 57/4541/1580 1156/4542/1580
f 26/4543/1581 1156/4544/1581 386/4545/1581
f 385/4546/1582 313/4547/1582 1156/4548/1582
f 385/4549/1583 307/4550/1583 313/4551/1583
f 58/4552/1584 385/4553/1584 307/4554/1584
f 58/4555/1585 2913/4556/1585 1179/4557/1585
f 1159/4558/1586 1179/4559/1586 1267/48/1586
f 307/4560/1587 1179/4561/1587 2913/4562/1587
f 2913/4563/1588 385/4564/1588 307/4565/1588
f 385/4564/1589 2913/4563/1589 58/4566/1589
f 1257/4567/1590 385/4568/1590 58/4569/1590
f 2913/4570/1591 1179/4571/1591 1267/4572/1591
f 58/4573/1592 2913/4574/1592 1159/4575/1592
f 2913/4574/1593 1267/4576/1593 1159/4575/1593
f 1242/4577/1594 385/4578/1594 1257/4579/1594
f 401/4580/1595 1162/4581/1595 1164/4582/1595
f 925/4583/1596 2035/4584/1596 1162/4585/1596
f 379/4586/1597 30/4587/1597 925/4588/1597
f 2035/4589/1598 925/4590/1598 1272/4591/1598
f 1162/4592/1599 2035/4593/1599 919/4594/1599
f 2040/4595/1600 1297/4596/1600 393/4597/1600
f 2035/4598/1601 2040/4599/1601 393/4600/1601
f 2040/4601/1602 1272/4602/1602 1270/4603/1602
f 919/4604/1603 393/4605/1603 2298/4606/1603
f 2298/4607/1604 1260/4608/1604 919/4609/1604
f 1164/4610/1605 919/4611/1605 2359/4612/1605
f 2359/4613/1606 1260/4614/1606 1164/4615/1606
f 1164/4616/1607 1162/4617/1607 919/4618/1607
f 2359/4619/1608 919/4620/1608 1260/4621/1608
f 919/4622/1609 2035/4598/1609 393/4623/1609
f 2035/4624/1610 1272/4625/1610 2040/4626/1610
f 367/4627/1611 913/4628/1611 2358/4629/1611
f 913/4630/1612 367/4631/1612 905/4632/1612
f 379/4633/1613 925/4634/1613 2361/4635/1613
f 1288/4636/1614 379/4637/1614 2361/4638/1614
f 2361/4639/1615 925/4640/1615 1162/4641/1615
f 379/4642/1616 1288/4643/1616 35/4644/1616
f 1281/4645/1617 2362/4646/1617 941/4647/1617
f 367/4648/1618 1266/4649/1618 1287/54/1618
f 1266/4650/1619 367/4651/1619 35/4652/1619
f 367/4653/1620 1281/4654/1620 913/4655/1620
f 1281/4656/1621 922/4657/1621 913/4658/1621
f 913/4659/1622 922/4660/1622 905/4661/1622
f 922/4662/1623 1286/4663/1623 905/4664/1623
f 922/4665/1624 1244/4666/1624 941/4667/1624
f 369/4668/1625 1250/4669/1625 62/4670/1625
f 1244/4666/1626 1281/4671/1626 941/4667/1626
f 922/4672/1627 1281/4671/1627 1244/4666/1627
f 1244/4673/1628 941/4674/1628 382/4675/1628
f 369/4676/1629 1285/4677/1629 1250/4678/1629
f 922/4679/1630 1244/4680/1630 928/4681/1630
f 382/4682/1631 928/4683/1631 1244/4684/1631
f 340/4685/1632 186/4686/1632 1250/4687/1632
f 163/4688/1633 2924/4689/1633 416/4690/1633
f 1181/4691/1634 382/4692/1634 941/4693/1634
f 1287/563/1635 2362/562/1635 1281/4694/1635
f 2362/4695/1636 328/4696/1636 941/4697/1636
f 1289/4698/1637 319/4699/1637 2022/4700/1637
f 1289/4701/1638 2022/4702/1638 328/4703/1638
f 1181/4704/1639 941/4705/1639 2022/4706/1639
f 2022/4707/1640 319/4708/1640 1181/4709/1640
f 941/4710/1641 328/4711/1641 2022/4712/1641
f 319/4713/1642 1165/4714/1642 1181/4715/1642
f 945/4716/1643 1310/4717/1643 1461/4718/1643
f 1185/4719/1644 163/4720/1644 479/4721/1644
f 163/4722/1645 989/4723/1645 2924/4689/1645
f 333/4724/1646 479/4725/1646 163/4726/1646
f 2924/4689/1647 989/4723/1647 416/4727/1647
f 1256/4728/1648 1265/4729/1648 1262/4730/1648
f 1265/4731/1649 377/4732/1649 1262/4733/1649
f 1265/4734/1650 1257/4735/1650 58/4736/1650
f 1265/4737/1651 319/4738/1651 1289/4739/1651
f 328/4740/1652 1257/4741/1652 1289/4742/1652
f 1257/4743/1653 1265/4744/1653 1289/4745/1653
f 1265/4746/1654 1256/4747/1654 319/4748/1654
f 35/4749/1655 1242/4750/1655 1266/4751/1655
f 1242/4752/1656 1257/4753/1656 1266/4754/1656
f 1266/4755/1657 1257/4756/1657 328/4757/1657
f 1265/4758/1658 58/4759/1658 377/4760/1658
f 1288/4761/1659 2361/4762/1659 401/4763/1659
f 401/4764/1660 2361/4765/1660 1162/4766/1660
f 35/4767/1661 1288/4768/1661 1242/4769/1661
f 1242/4770/1662 1288/4771/1662 2357/4772/1662
f 401/4773/1663 2357/4774/1663 1288/4775/1663
f 1292/4776/1664 1256/4777/1664 359/4778/1664
f 178/4779/1665 2356/4780/1665 368/4781/1665
f 1292/4782/1666 178/4783/1666 911/4784/1666
f 359/4785/1667 2356/4786/1667 178/4787/1667
f 368/4788/1668 2356/4789/1668 391/4790/1668
f 358/4791/1669 478/4792/1669 391/4793/1669
f 368/4794/1670 357/4795/1670 1357/4796/1670
f 354/4797/1671 1357/4798/1671 357/4799/1671
f 512/4800/1672 1357/4801/1672 354/4802/1672
f 354/4803/1673 357/4804/1673 345/4363/1673
f 989/4805/1674 1340/4806/1674 315/4807/1674
f 989/4808/1675 1261/4809/1675 1340/4806/1675
f 512/4810/1676 354/4811/1676 416/4812/1676
f 918/577/1677 989/579/1677 418/4813/1677
f 918/4814/1678 418/4815/1678 340/4816/1678
f 340/4817/1679 1277/4818/1679 918/4819/1679
f 1340/4820/1680 1322/4821/1680 418/4822/1680
f 945/4823/1681 416/4824/1681 989/4825/1681
f 1313/4826/1682 186/4827/1682 356/4828/1682
f 1250/4829/1683 2364/4830/1683 62/4831/1683
f 340/4832/1684 418/4833/1684 186/4834/1684
f 402/4835/1685 1313/4836/1685 356/4837/1685
f 356/4838/1686 2364/4839/1686 1313/4840/1686
f 186/4841/1687 1313/4840/1687 2364/4842/1687
f 1250/4843/1688 186/4841/1688 2364/4842/1688
f 369/4844/1689 1275/4845/1689 1277/4846/1689
f 1277/4847/1690 340/4848/1690 369/4849/1690
f 976/4850/1691 382/4851/1691 369/4852/1691
f 369/4853/1692 62/4854/1692 976/4855/1692
f 976/4856/1693 62/4857/1693 121/4858/1693
f 121/4859/1694 382/4860/1694 976/4861/1694
f 1165/4862/1695 382/4863/1695 1181/4864/1695
f 1256/4865/1696 1165/4866/1696 319/4867/1696
f 369/4868/1697 1181/4869/1697 1275/4870/1697
f 382/4871/1698 1181/4869/1698 369/4868/1698
f 1275/4872/1699 1181/4873/1699 1165/4874/1699
f 1165/4875/1700 1292/4876/1700 911/4877/1700
f 1275/4878/1701 1165/4879/1701 911/4880/1701
f 382/4881/1702 121/4882/1702 928/4883/1702
f 1310/4884/1703 911/4885/1703 218/4886/1703
f 1275/4887/1704 911/4888/1704 1277/4889/1704
f 1277/4890/1705 911/4891/1705 1310/4892/1705
f 945/4893/1706 918/4894/1706 1461/4895/1706
f 918/4896/1707 1277/4897/1707 1310/4898/1707
f 1310/4899/1708 218/4900/1708 1461/4901/1708
f 1461/4895/1709 918/4902/1709 1310/4903/1709
f 196/4904/1710 161/4905/1710 2001/4906/1710
f 1291/4907/1711 492/4908/1711 402/4909/1711
f 492/4910/1712 1291/4911/1712 906/4912/1712
f 1322/4913/1713 1291/4914/1713 418/4915/1713
f 1322/4916/1714 1340/4917/1714 315/4918/1714
f 416/4919/1715 945/4920/1715 512/4921/1715
f 418/4922/1716 1291/4923/1716 186/4924/1716
f 1461/4925/1717 218/4926/1717 512/4927/1717
f 1461/4925/1718 512/4927/1718 945/4928/1718
f 1312/4929/1719 218/4930/1719 178/4931/1719
f 218/4932/1720 1312/4933/1720 512/4934/1720
f 512/4935/1721 1312/4936/1721 1357/4937/1721
f 1312/4938/1722 368/4939/1722 1357/4940/1722
f 368/4941/1723 1312/4942/1723 178/4943/1723
f 359/4944/1724 178/4945/1724 1292/4946/1724
f 2367/4947/1725 22/4948/1725 2372/4949/1725
f 294/4950/1726 1318/4951/1726 111/4952/1726
f 1336/4953/1727 1318/4954/1727 294/4955/1727
f 152/4956/1728 432/4957/1728 392/4958/1728
f 152/4956/1729 397/4959/1729 432/4957/1729
f 2371/4960/1730 392/4961/1730 432/4962/1730
f 2384/4963/1731 1451/4964/1731 2383/4965/1731
f 2371/4966/1732 2367/4967/1732 2372/4968/1732
f 46/4969/1733 1186/4970/1733 2377/4971/1733
f 392/4972/1734 1327/4973/1734 152/4974/1734
f 397/4975/1735 152/4976/1735 1307/4977/1735
f 2363/4978/1736 906/4979/1736 315/4980/1736
f 1322/4981/1737 906/4982/1737 1291/4983/1737
f 987/4984/1738 492/4985/1738 906/4986/1738
f 2373/4987/1739 906/4988/1739 1307/4989/1739
f 2373/4990/1740 12/4991/1740 987/4992/1740
f 12/4993/1741 2373/4994/1741 1307/4995/1741
f 152/4996/1742 422/4997/1742 12/4998/1742
f 422/4999/1743 392/5000/1743 1327/5001/1743
f 22/5002/1744 422/5003/1744 1327/5004/1744
f 1327/5005/1745 392/5006/1745 22/5007/1745
f 152/5008/1746 1327/4973/1746 422/5009/1746
f 402/5010/1747 987/5011/1747 1981/5012/1747
f 402/5013/1748 492/5014/1748 987/5015/1748
f 987/5016/1749 12/5017/1749 2926/5018/1749
f 1139/5019/1750 987/5020/1750 2926/5021/1750
f 1139/5022/1751 2926/5021/1751 12/5023/1751
f 1981/5024/1752 987/5025/1752 1139/5026/1752
f 846/5027/1753 422/5028/1753 22/5029/1753
f 12/5030/1754 422/5031/1754 1139/5032/1754
f 84/5033/1755 420/5034/1755 2927/5035/1755
f 1321/5036/1756 420/5037/1756 337/5038/1756
f 809/5039/1757 337/5040/1757 420/5041/1757
f 420/5042/1758 84/5043/1758 809/5044/1758
f 2372/4949/1759 22/5045/1759 392/5046/1759
f 420/5047/1760 853/5048/1760 2927/5035/1760
f 1975/5049/1761 1961/5050/1761 846/5051/1761
f 887/5052/1762 1975/5053/1762 2367/5054/1762
f 84/5055/1763 22/5056/1763 887/5057/1763
f 1975/5058/1764 853/5059/1764 2375/5060/1764
f 84/5061/1765 887/5062/1765 2367/5063/1765
f 373/5064/1766 425/5065/1766 875/5066/1766
f 875/5067/1767 1336/5068/1767 294/5069/1767
f 91/5070/1768 1318/5071/1768 1336/5072/1768
f 425/5073/1769 403/5074/1769 483/5075/1769
f 425/5076/1770 373/5077/1770 477/5078/1770
f 901/5079/1771 1347/5080/1771 1353/5081/1771
f 425/5082/1772 1345/5083/1772 483/5084/1772
f 425/5085/1773 176/5086/1773 1345/5083/1773
f 176/5087/1774 2377/5088/1774 1356/5089/1774
f 1186/5090/1775 2377/5088/1775 176/5087/1775
f 91/5091/1776 483/5092/1776 403/5093/1776
f 2928/5094/1777 883/5095/1777 390/5096/1777
f 390/5096/1778 1332/5097/1778 2928/5094/1778
f 176/5098/1779 425/5099/1779 1334/5100/1779
f 2379/5101/1780 1334/5102/1780 2381/5103/1780
f 2379/5104/1781 2381/5105/1781 1349/5106/1781
f 1334/5107/1782 425/5108/1782 477/5109/1782
f 2381/5110/1783 1334/5111/1783 477/5112/1783
f 1451/5113/1784 2381/5110/1784 477/5112/1784
f 2383/5114/1785 1451/5115/1785 477/5116/1785
f 477/5117/1786 883/5118/1786 1332/5119/1786
f 2383/5120/1787 477/5121/1787 1332/5122/1787
f 2928/5094/1788 1332/5123/1788 883/5124/1788
f 373/5125/1789 883/5126/1789 477/5127/1789
f 2384/643/1790 2383/5128/1790 1332/5129/1790
f 84/5130/1791 2367/5131/1791 875/5132/1791
f 22/5133/1792 2367/5134/1792 1975/5135/1792
f 2371/5136/1793 2372/5137/1793 392/5138/1793
f 2367/5139/1794 392/5140/1794 2372/5141/1794
f 875/5142/1795 2371/5143/1795 2382/5144/1795
f 2367/5145/1796 2371/5146/1796 875/5147/1796
f 1451/5148/1797 2383/5120/1797 1332/5149/1797
f 1952/5150/1798 1316/5151/1798 1174/5152/1798
f 397/5153/1799 445/5154/1799 432/5155/1799
f 890/5156/1800 413/5157/1800 2771/5158/1800
f 432/5159/1801 1258/5160/1801 2371/5161/1801
f 883/5162/1802 1258/5163/1802 390/5164/1802
f 1258/5165/1803 883/5166/1803 2371/5167/1803
f 2382/5168/1804 2371/5169/1804 883/5170/1804
f 1316/5171/1805 3075/5172/1805 2437/5173/1805
f 1347/5174/1806 1332/5175/1806 390/5176/1806
f 1347/5177/1807 434/5178/1807 1353/5179/1807
f 1299/5180/1808 1314/5181/1808 315/5182/1808
f 1314/615/1809 1299/5183/1809 2363/613/1809
f 2363/5184/1810 1299/5183/1810 397/5185/1810
f 1261/5186/1811 315/5187/1811 1340/4806/1811
f 989/5188/1812 1185/5189/1812 1261/5190/1812
f 479/5191/1813 446/5192/1813 1185/5193/1813
f 1185/5194/1814 446/5195/1814 1261/5196/1814
f 445/5197/1815 397/5198/1815 1299/5199/1815
f 410/5200/1816 1224/5201/1816 434/5202/1816
f 479/5203/1817 183/5204/1817 446/5205/1817
f 1224/5206/1818 1353/5207/1818 434/5208/1818
f 390/5209/1819 1341/5210/1819 434/5211/1819
f 390/5212/1820 445/5213/1820 1341/5214/1820
f 390/5215/1821 1258/5216/1821 445/5217/1821
f 434/5218/1822 1347/5219/1822 390/5220/1822
f 1362/5221/1823 176/5222/1823 1348/5223/1823
f 176/5224/1824 1362/5225/1824 1186/5226/1824
f 1952/5227/1825 1174/5228/1825 1175/5229/1825
f 1330/5230/1826 1174/5231/1826 1353/5232/1826
f 54/5233/1827 104/5234/1827 579/5235/1827
f 435/3592/1828 3073/5236/1828 1350/5237/1828
f 487/5238/1829 104/5239/1829 1221/5240/1829
f 1175/5241/1830 1174/5242/1830 466/5243/1830
f 1351/5244/1831 466/5245/1831 1174/5246/1831
f 406/5247/1832 1351/5248/1832 342/5249/1832
f 406/5247/1833 466/5250/1833 1351/5248/1833
f 487/5251/1834 466/5252/1834 406/5253/1834
f 1221/5240/1835 54/5254/1835 487/5255/1835
f 54/5256/1836 1221/5257/1836 104/5258/1836
f 2387/5259/1837 579/5260/1837 104/5261/1837
f 2387/5262/1838 104/5263/1838 503/5264/1838
f 342/5265/1839 417/5266/1839 406/5267/1839
f 579/5268/1840 2387/5269/1840 1567/5270/1840
f 1362/5271/1841 405/5272/1841 1186/5273/1841
f 1567/5274/1842 405/5275/1842 1352/5276/1842
f 342/5277/1843 1351/5278/1843 1330/5279/1843
f 1330/5280/1844 1351/5281/1844 1174/5282/1844
f 579/5283/1845 1567/5284/1845 1352/5276/1845
f 2929/5285/1846 1352/5286/1846 405/5287/1846
f 1362/5288/1847 2929/5285/1847 405/5287/1847
f 1352/5289/1848 2929/5290/1848 1362/5291/1848
f 405/5292/1849 464/5293/1849 46/5294/1849
f 2377/5295/1850 405/5296/1850 46/5297/1850
f 109/5298/1851 46/5299/1851 464/5300/1851
f 2377/5301/1852 46/5302/1852 1356/5303/1852
f 1342/5304/1853 1314/5305/1853 410/5306/1853
f 417/5307/1854 1182/5308/1854 2930/5309/1854
f 342/5310/1855 1326/5311/1855 1182/5312/1855
f 417/5313/1856 342/5314/1856 1182/5315/1856
f 464/5316/1857 405/5317/1857 1567/5318/1857
f 2386/5319/1858 1182/5320/1858 1326/5321/1858
f 183/5322/1859 1252/5323/1859 2385/5324/1859
f 434/5325/1860 1341/5326/1860 410/5327/1860
f 410/5328/1861 445/5329/1861 1342/5330/1861
f 445/5331/1862 410/5332/1862 1341/5333/1862
f 1299/5334/1863 1342/5335/1863 445/5336/1863
f 1342/5337/1864 1299/5334/1864 1314/5338/1864
f 1261/5339/1865 1314/5340/1865 315/5341/1865
f 1261/5342/1866 446/5343/1866 1342/5344/1866
f 1342/5344/1867 1314/5345/1867 1261/5342/1867
f 410/5346/1868 1342/5347/1868 446/5348/1868
f 183/5349/1869 1354/5350/1869 1252/5351/1869
f 1252/5352/1870 1182/5353/1870 2385/5354/1870
f 183/5355/1871 410/5356/1871 446/5357/1871
f 410/5358/1872 183/5359/1872 2385/5360/1872
f 479/5361/1873 333/5362/1873 183/5363/1873
f 1224/5364/1874 410/5365/1874 2385/5366/1874
f 2386/5367/1875 1224/5368/1875 2385/5369/1875
f 1224/5370/1876 2386/5371/1876 1330/5372/1876
f 1224/5373/1877 1330/5374/1877 1353/5375/1877
f 1326/5376/1878 1330/5377/1878 2386/5378/1878
f 299/5379/1879 1354/5380/1879 1177/5381/1879
f 1254/5382/1880 1354/5383/1880 299/5384/1880
f 1177/5385/1881 183/5386/1881 333/5387/1881
f 1354/5388/1882 183/5389/1882 1177/5390/1882
f 1252/5391/1883 1354/5392/1883 1188/5393/1883
f 1222/5394/1884 2330/5395/1884 1204/5396/1884
f 1173/5397/1885 476/5398/1885 2348/5399/1885
f 476/5400/1886 1233/5401/1886 511/5402/1886
f 476/5403/1887 365/5404/1887 1233/5405/1887
f 43/5406/1888 511/5407/1888 1233/5408/1888
f 424/5409/1889 365/5410/1889 330/5411/1889
f 365/5412/1890 476/5413/1890 1173/5414/1890
f 1235/5415/1891 72/5416/1891 476/5417/1891
f 1235/5418/1892 1254/5419/1892 299/5420/1892
f 1235/5421/1893 1188/5422/1893 1254/5423/1893
f 1188/5424/1894 1354/5425/1894 1254/5426/1894
f 1188/5427/1895 1235/5428/1895 511/5429/1895
f 464/5430/1896 1567/5431/1896 2389/5432/1896
f 1567/5431/1897 2387/5433/1897 2389/5432/1897
f 1308/5434/1898 1252/5435/1898 1188/5436/1898
f 417/694/1899 2390/5437/1899 409/5438/1899
f 1308/5439/1900 1188/5440/1900 2391/5441/1900
f 2391/5442/1901 43/5443/1901 1308/5444/1901
f 1188/5445/1902 511/5446/1902 2391/5447/1902
f 511/5448/1903 43/5449/1903 2391/5450/1903
f 409/5451/1904 43/5452/1904 3/5453/1904
f 409/5454/1905 1222/5455/1905 406/5456/1905
f 43/5457/1906 2390/5458/1906 1308/5459/1906
f 43/5460/1907 409/5461/1907 2390/5462/1907
f 1308/5463/1908 2930/5309/1908 1182/5464/1908
f 2930/5309/1909 1308/5463/1909 417/5465/1909
f 2387/5433/1910 1315/5466/1910 2389/5432/1910
f 417/5467/1911 409/5468/1911 406/5469/1911
f 3/5470/1912 43/5471/1912 424/5472/1912
f 409/5473/1913 2330/5474/1913 1222/5475/1913
f 1230/5476/1914 104/5477/1914 1221/5478/1914
f 1222/5479/1915 487/5480/1915 406/5481/1915
f 1204/5482/1916 2330/5483/1916 1047/5484/1916
f 1359/5485/1917 311/5486/1917 448/5487/1917
f 1230/5488/1918 1382/5489/1918 1430/5490/1918
f 1359/5491/1919 448/5492/1919 1230/5493/1919
f 1230/5494/1920 448/5495/1920 1382/5496/1920
f 869/5497/1921 1225/5498/1921 1223/5499/1921
f 1225/5500/1922 869/5501/1922 427/5502/1922
f 2337/5503/1923 1225/5504/1923 427/5505/1923
f 463/5506/1924 427/5507/1924 444/5508/1924
f 444/5509/1925 83/5510/1925 463/5511/1925
f 869/5512/1926 444/5513/1926 427/5514/1926
f 1367/5515/1927 444/5516/1927 1380/5517/1927
f 2337/5518/1928 463/5519/1928 585/5520/1928
f 869/5521/1929 1380/5522/1929 444/5513/1929
f 87/5523/1930 2337/3927/1930 585/5524/1930
f 463/5525/1931 2337/5526/1931 427/5527/1931
f 1234/5528/1932 1225/5529/1932 2337/5530/1932
f 463/5531/1933 520/5532/1933 585/5533/1933
f 520/5534/1934 463/5535/1934 83/5536/1934
f 1370/5537/1935 455/5538/1935 327/5539/1935
f 444/5540/1936 1380/5541/1936 1346/5542/1936
f 1346/5543/1937 454/5544/1937 444/5545/1937
f 1367/5546/1938 1346/5547/1938 1380/5548/1938
f 327/5549/1939 437/5550/1939 1426/5551/1939
f 1426/5552/1940 1370/5553/1940 327/5554/1940
f 151/5555/1941 449/5556/1941 581/5557/1941
f 325/5558/1942 412/5559/1942 1131/5560/1942
f 1373/5561/1943 325/5562/1943 327/5563/1943
f 455/5564/1944 1372/5565/1944 1373/5566/1944
f 455/5567/1945 1370/5568/1945 1378/5569/1945
f 1370/5570/1946 1426/5571/1946 247/5572/1946
f 1370/5573/1947 2369/5574/1947 1378/5575/1947
f 2369/5574/1948 1370/5576/1948 247/5577/1948
f 2369/5578/1949 247/5579/1949 9/5580/1949
f 1378/5581/1950 2369/5582/1950 9/5583/1950
f 1378/5584/1951 449/5585/1951 1376/5586/1951
f 9/5587/1952 2392/5588/1952 449/5589/1952
f 1376/5590/1953 449/5591/1953 151/5592/1953
f 471/5593/1954 151/5594/1954 581/5595/1954
f 449/5596/1955 1378/5597/1955 9/5598/1955
f 2392/5599/1956 9/5600/1956 1381/741/1956
f 1428/5601/1957 323/5602/1957 437/5603/1957
f 323/5604/1958 1428/5605/1958 591/5606/1958
f 485/5607/1959 471/5608/1959 449/5609/1959
f 1364/5610/1960 151/5611/1960 471/5612/1960
f 581/5595/1961 449/5613/1961 471/5614/1961
f 1131/5615/1962 412/5616/1962 542/5617/1962
f 542/5618/1963 110/5619/1963 2393/5620/1963
f 542/5621/1964 412/5622/1964 535/5623/1964
f 1435/5624/1965 542/5625/1965 535/5626/1965
f 1458/5627/1966 542/5628/1966 1435/5624/1966
f 110/5629/1967 542/5630/1967 1458/5631/1967
f 110/5632/1968 1436/5633/1968 1429/5634/1968
f 110/5635/1969 1458/5636/1969 1436/5637/1969
f 1131/5638/1970 542/5639/1970 2393/5620/1970
f 1218/5640/1971 2393/5641/1971 110/5642/1971
f 1131/5643/1972 2393/5641/1972 1218/5640/1972
f 1428/5644/1973 110/5645/1973 591/5646/1973
f 110/5647/1974 1428/5648/1974 1218/5649/1974
f 1416/5650/1975 1431/5651/1975 323/5652/1975
f 1416/5653/1976 2400/5654/1976 1431/5655/1976
f 437/5656/1977 323/5657/1977 1368/5658/1977
f 1368/5659/1978 323/5660/1978 530/5661/1978
f 1430/5662/1979 1385/5663/1979 428/5664/1979
f 448/5665/1980 83/5666/1980 1382/5667/1980
f 1382/5668/1981 454/5669/1981 1385/5670/1981
f 454/5671/1982 1382/5672/1982 83/5673/1982
f 1385/5670/1983 454/5669/1983 1346/5674/1983
f 1382/5675/1984 1385/5676/1984 1430/5677/1984
f 1379/5678/1985 428/5679/1985 1385/5680/1985
f 1367/5681/1986 149/5682/1986 1346/5683/1986
f 530/5684/1987 502/5685/1987 9/5686/1987
f 2397/5687/1988 462/5688/1988 1367/5689/1988
f 1180/5690/1989 2397/5687/1989 1367/5689/1989
f 1180/5691/1990 462/5692/1990 2397/5687/1990
f 149/5693/1991 1367/5694/1991 462/5695/1991
f 502/5696/1992 1381/5697/1992 9/5698/1992
f 1379/5699/1993 475/5700/1993 428/5701/1993
f 481/5702/1994 1415/5703/1994 527/5704/1994
f 1230/5705/1995 503/5706/1995 104/5707/1995
f 428/5708/1996 503/5709/1996 1430/5710/1996
f 503/5709/1997 1230/5711/1997 1430/5710/1997
f 1379/5712/1998 2398/5713/1998 527/5714/1998
f 2396/5715/1999 1346/5716/1999 149/5717/1999
f 1383/5718/2000 2398/5719/2000 2396/5720/2000
f 1206/5721/2001 428/5722/2001 475/5723/2001
f 2398/5724/2002 1383/5725/2002 481/5726/2002
f 2398/5727/2003 481/5728/2003 527/5714/2003
f 481/5729/2004 2343/5730/2004 2411/5731/2004
f 2411/5732/2005 1415/5733/2005 481/5734/2005
f 1184/775/2006 540/774/2006 1386/5735/2006
f 1184/5736/2007 1383/5737/2007 2403/5738/2007
f 2403/5739/2008 1383/5740/2008 462/5741/2008
f 2396/5720/2009 149/5742/2009 1383/5718/2009
f 2419/5743/2010 1555/5744/2010 2400/5745/2010
f 462/5746/2011 540/5747/2011 2403/5748/2011
f 485/5749/2012 234/5750/2012 1423/5751/2012
f 502/5752/2013 1555/5753/2013 1381/5754/2013
f 502/5755/2014 530/5756/2014 1431/5757/2014
f 502/5758/2015 1431/5759/2015 2400/5760/2015
f 1457/5761/2016 1416/5762/2016 323/5763/2016
f 1431/5764/2017 530/5765/2017 323/5766/2017
f 1381/5767/2018 1555/5768/2018 1561/5769/2018
f 485/5770/2019 1381/5771/2019 1423/5772/2019
f 1561/5773/2020 1423/5774/2020 1381/5771/2020
f 1415/5775/2021 1416/5776/2021 2399/5777/2021
f 456/5778/2022 1364/5779/2022 471/5780/2022
f 1559/5781/2023 118/5782/2023 588/5783/2023
f 471/5784/2024 234/5785/2024 456/5786/2024
f 1416/5787/2025 527/5788/2025 1415/5789/2025
f 2400/5790/2026 2399/5791/2026 1415/5792/2026
f 475/5793/2027 527/5794/2027 2399/5795/2027
f 1384/5796/2028 475/5797/2028 1416/5798/2028
f 2399/5791/2029 2400/5654/2029 1416/5653/2029
f 1416/5798/2030 475/5797/2030 2399/5799/2030
f 527/5800/2031 1416/5801/2031 2399/5802/2031
f 502/5803/2032 2400/5804/2032 1555/5805/2032
f 2418/5806/2033 2405/5807/2033 2419/5808/2033
f 1391/5809/2034 1387/5810/2034 1561/5811/2034
f 234/5812/2035 1396/5813/2035 456/5814/2035
f 1408/5815/2036 2931/5816/2036 78/5817/2036
f 580/5818/2037 2402/5819/2037 1396/5820/2037
f 2402/5819/2038 580/5818/2038 113/5821/2038
f 602/5822/2039 1490/5823/2039 2931/5824/2039
f 2931/5825/2040 78/5826/2040 1490/5827/2040
f 2931/5828/2041 580/5829/2041 78/5830/2041
f 1396/5831/2042 113/5832/2042 456/5833/2042
f 113/5834/2043 1396/5835/2043 2402/5819/2043
f 234/5836/2044 1487/5837/2044 537/5838/2044
f 1507/5839/2045 580/5840/2045 2402/5841/2045
f 2402/5841/2046 619/5842/2046 1507/5839/2046
f 1501/5843/2047 1394/5844/2047 78/5845/2047
f 602/5846/2048 1408/5847/2048 2932/5848/2048
f 1410/5849/2049 2409/5850/2049 1395/5851/2049
f 1408/5815/2050 602/5852/2050 2931/5816/2050
f 602/765/2051 2947/5853/2051 3090/5854/2051
f 1408/5855/2052 78/5856/2052 1402/5857/2052
f 2743/5858/2053 2751/5859/2053 1403/5860/2053
f 105/5861/2054 1408/5862/2054 1402/5863/2054
f 1402/5864/2055 1394/5865/2055 1489/5866/2055
f 1394/5867/2056 170/5868/2056 1489/5869/2056
f 78/5870/2057 1394/5871/2057 1402/5872/2057
f 1402/5873/2058 1489/5874/2058 105/5875/2058
f 1418/5876/2059 3122/1688/2059 1485/1687/2059 877/5877/2059
f 877/5877/2060 1485/1687/2060 2412/5878/2060
f 705/5879/2061 877/5880/2061 1407/5881/2061
f 2530/5882/2062 705/5883/2062 1407/5884/2062
f 1418/5885/2063 877/5886/2063 705/5887/2063
f 1344/5888/2064 3109/5889/2064 2942/5890/2064 2919/5891/2064 3143/5892/2064
f 2919/5893/2065 2942/5894/2065 2492/5895/2065
f 461/5896/2066 1847/5897/2066 1552/5898/2066
f 1847/5899/2067 461/5900/2067 3123/5901/2067
f 461/5902/2068 47/5903/2068 1391/5904/2068
f 2419/5905/2069 2405/5906/2069 1555/5907/2069
f 47/5908/2070 1387/5909/2070 1391/5910/2070
f 2378/5911/2071 1391/5912/2071 1408/5913/2071
f 2405/5914/2072 1391/5915/2072 1561/5916/2072
f 1387/5917/2073 1487/753/2073 1561/5918/2073
f 2405/5919/2074 1561/5920/2074 1555/5921/2074
f 2407/5922/2075 1415/5923/2075 2411/5924/2075
f 481/5925/2076 2421/5926/2076 1184/5927/2076
f 2421/5928/2077 1383/5929/2077 1184/5930/2077
f 481/5931/2078 1383/5929/2078 2421/5928/2078
f 2697/5932/2079 3091/5933/2079 1410/5934/2079
f 2421/5935/2080 1847/5936/2080 481/5937/2080
f 1184/5938/2081 1847/5936/2081 2421/5935/2081
f 2411/5939/2082 2343/5940/2082 2407/5941/2082
f 2407/5941/2083 2343/5940/2083 2404/5942/2083
f 2343/5943/2084 1388/5944/2084 2404/5945/2084
f 1388/5946/2085 2343/5947/2085 2944/5948/2085
f 2944/5949/2086 2937/5950/2086 3109/5951/2086
f 1847/5952/2087 2343/5953/2087 481/5954/2087
f 1329/5955/2088 2746/5956/2088 2685/5957/2088
f 1413/5958/2089 1858/5959/2089 2684/5960/2089
f 2380/5961/2090 2756/5962/2090 672/5963/2090
f 2744/5964/2091 2503/5965/2091 2324/5966/2091
f 2417/5967/2092 2753/5968/2092 2420/5969/2092
f 2420/5970/2093 2422/5971/2093 2943/5972/2093
f 2420/5973/2094 2943/5974/2094 2417/5975/2094
f 2753/1701/2095 2417/5976/2095 3124/5977/2095
f 2944/5978/2096 2417/5979/2096 1388/5980/2096
f 2945/5981/2097 2756/5982/2097 2420/5983/2097
f 2934/5984/2098 2407/5985/2098 2404/5986/2098
f 1324/5987/2099 1419/5988/2099 1325/5989/2099
f 2407/1524/2100 2934/5990/2100 3133/5991/2100
f 2418/5992/2101 2946/5993/2101 2378/5994/2101
f 105/773/2102 1485/772/2102 2416/5995/2102
f 1489/5996/2103 877/5997/2103 2412/5998/2103
f 2378/5911/2104 1408/5999/2104 105/6000/2104
f 602/765/2105 2932/6001/2105 2947/6002/2105
f 2939/6003/2106 2935/6004/2106 2934/6005/2106 2936/6006/2106
f 1410/6007/2107 2947/6008/2107 2697/6009/2107
f 1420/6010/2108 1337/6011/2108 2427/787/2108
f 130/6012/2109 866/6013/2109 491/6014/2109
f 498/6015/2110 1420/6016/2110 130/6017/2110
f 1416/6018/2111 70/6019/2111 2430/6020/2111
f 70/6021/2112 1424/6022/2112 2430/6023/2112
f 2430/6024/2113 1424/6025/2113 1416/6026/2113
f 866/6027/2114 1417/6028/2114 70/6029/2114
f 866/6030/2115 70/6031/2115 491/6032/2115
f 488/6033/2116 1417/6034/2116 866/6035/2116
f 2434/813/2117 488/6036/2117 1337/6037/2117
f 866/6038/2118 130/6039/2118 2427/6040/2118
f 498/6041/2119 528/905/2119 1366/904/2119
f 498/6042/2120 1366/6043/2120 442/6044/2120
f 1419/6045/2121 1420/6046/2121 498/6047/2121
f 866/6048/2122 1420/6049/2122 2427/6050/2122
f 2401/6051/2123 442/6052/2123 1366/6053/2123
f 498/6054/2124 457/6055/2124 1366/6056/2124
f 457/6057/2125 528/6058/2125 2429/6059/2125
f 2429/6060/2126 457/6061/2126 1435/6062/2126
f 100/6063/2127 519/6064/2127 2445/870/2127
f 457/6065/2128 1435/6066/2128 398/6067/2128
f 528/6068/2129 1436/6069/2129 2429/6070/2129
f 2427/6040/2130 130/6071/2130 1420/6072/2130
f 2428/6073/2131 1358/6074/2131 1417/6075/2131
f 1436/6076/2132 491/6077/2132 1429/6078/2132
f 1424/6079/2133 1417/6075/2133 1358/6074/2133
f 1416/6080/2134 1424/6081/2134 1384/6082/2134
f 70/6083/2135 1457/6084/2135 591/6085/2135
f 591/6086/2136 1429/6087/2136 70/6088/2136
f 70/6089/2137 1429/6090/2137 491/6091/2137
f 1436/6092/2138 1435/6093/2138 2429/6094/2138
f 1435/6095/2139 1436/6096/2139 1458/6097/2139
f 591/6098/2140 110/6099/2140 1429/6100/2140
f 70/6101/2141 1416/6102/2141 1457/6103/2141
f 323/6104/2142 591/6105/2142 1457/6106/2142
f 1358/6107/2143 1206/6108/2143 1384/6109/2143
f 1384/6110/2144 1424/6111/2144 1358/6112/2144
f 1358/6113/2145 2388/6114/2145 1206/6115/2145
f 109/6116/2146 1315/6117/2146 423/6118/2146
f 1422/6119/2147 1358/6120/2147 2428/6121/2147
f 1206/6122/2148 2388/6123/2148 428/6124/2148
f 2388/6123/2149 2432/6125/2149 428/6124/2149
f 503/6126/2150 2432/6127/2150 2387/6128/2150
f 1315/6129/2151 2432/6130/2151 2388/6131/2151
f 2389/6132/2152 2432/6133/2152 1315/6134/2152
f 2432/6135/2153 503/6136/2153 428/6137/2153
f 1315/6138/2154 109/6139/2154 464/6140/2154
f 2389/6132/2155 2387/6141/2155 2432/6142/2155
f 1315/6143/2156 464/6144/2156 2389/5432/2156
f 2388/6145/2157 423/6146/2157 1315/6147/2157
f 1356/6148/2158 362/6149/2158 403/6150/2158
f 1356/6151/2159 403/6152/2159 1345/6153/2159
f 403/6154/2160 362/6155/2160 515/6156/2160
f 1447/6157/2161 1434/6158/2161 515/6159/2161
f 438/6160/2162 1447/6161/2162 1425/6162/2162
f 1425/6163/2163 1447/6161/2163 515/6164/2163
f 156/6165/2164 91/6166/2164 403/6167/2164
f 362/6168/2165 1425/6169/2165 515/6170/2165
f 438/6171/2166 501/6172/2166 1447/6173/2166
f 501/6174/2167 438/6175/2167 490/6176/2167
f 480/6177/2168 2433/6178/2168 438/6179/2168
f 438/6180/2169 2433/6181/2169 490/6182/2169
f 153/6183/2170 436/6184/2170 490/6185/2170
f 2433/6186/2171 153/6187/2171 490/6188/2171
f 480/6189/2172 153/6190/2172 2433/6191/2172
f 153/6192/2173 1324/6193/2173 436/6194/2173
f 153/6195/2174 488/6196/2174 1324/6197/2174
f 498/6198/2175 2948/6199/2175 1419/6200/2175
f 1439/6201/2176 2948/6202/2176 1269/6203/2176
f 1439/6204/2177 1419/6205/2177 2948/6206/2177
f 637/6207/2178 1269/6208/2178 335/6209/2178
f 1269/6210/2179 2948/6211/2179 498/6212/2179
f 637/6213/2180 415/6214/2180 1269/6215/2180
f 415/6216/2181 1439/6217/2181 1269/6218/2181
f 510/6219/2182 1459/6220/2182 637/6221/2182
f 1325/6222/2183 436/6223/2183 1324/6224/2183
f 93/6225/2184 1325/6226/2184 415/6227/2184
f 510/6228/2185 637/6229/2185 2435/6230/2185
f 508/6231/2186 1454/6232/2186 419/6233/2186
f 767/6234/2187 642/6235/2187 510/6236/2187
f 411/6237/2188 1442/6238/2188 93/6239/2188
f 1325/6240/2189 93/6241/2189 1442/6242/2189
f 411/839/2190 2438/838/2190 1442/6243/2190
f 494/6244/2191 1264/6245/2191 2438/6246/2191
f 1264/6247/2192 1432/6248/2192 68/6249/2192
f 1442/6250/2193 2425/6251/2193 436/6252/2193
f 1442/6253/2194 1264/6254/2194 1445/6255/2194
f 1325/6256/2195 1442/6257/2195 436/6258/2195
f 2425/6259/2196 484/6260/2196 436/6261/2196
f 1442/6262/2197 484/6263/2197 2425/6264/2197
f 68/6265/2198 1421/6266/2198 1264/6267/2198
f 1442/6268/2199 1445/6255/2199 484/6269/2199
f 1264/6270/2200 1421/6271/2200 1445/6272/2200
f 1421/6271/2201 484/6273/2201 1445/6272/2201
f 1421/6274/2202 68/6275/2202 2376/6276/2202
f 1421/6277/2203 2376/6278/2203 484/6279/2203
f 484/6280/2204 2376/6281/2204 501/6282/2204
f 68/6283/2205 501/6284/2205 2376/6285/2205
f 2376/6286/2206 501/6287/2206 1434/6288/2206
f 501/6289/2207 490/6290/2207 484/6291/2207
f 515/6292/2208 1434/6293/2208 403/6294/2208
f 804/6295/2209 501/6296/2209 68/6297/2209
f 508/6298/2210 2368/6299/2210 95/6300/2210
f 493/6301/2211 508/6302/2211 95/6303/2211
f 56/6304/2212 2374/6305/2212 337/6306/2212
f 493/6307/2213 2374/6308/2213 56/6309/2213
f 493/6310/2214 56/6311/2214 508/6312/2214
f 2374/6313/2215 421/6314/2215 337/6315/2215
f 111/6316/2216 56/6317/2216 337/6318/2216
f 337/6319/2217 421/6320/2217 1321/6321/2217
f 2368/6322/2218 1432/6323/2218 495/6324/2218
f 2368/6325/2219 495/6326/2219 95/6327/2219
f 411/6328/2220 494/6329/2220 404/6330/2220
f 494/6331/2221 411/6332/2221 123/6333/2221
f 1857/6334/2222 411/6335/2222 123/6336/2222
f 510/6337/2223 123/6338/2223 1459/6339/2223
f 642/6340/2224 123/6341/2224 510/6342/2224
f 1857/6343/2225 1459/6344/2225 123/6345/2225
f 804/6346/2226 68/6347/2226 1432/6348/2226
f 2368/6349/2227 804/6350/2227 1432/6351/2227
f 2368/6352/2228 508/6353/2228 804/6354/2228
f 419/6355/2229 804/6356/2229 508/6357/2229
f 93/6358/2230 1857/6359/2230 411/6360/2230
f 93/6361/2231 1459/6362/2231 1857/6363/2231
f 1459/6364/2232 93/6365/2232 415/6366/2232
f 1425/6367/2233 480/6368/2233 438/6369/2233
f 637/6370/2234 1459/6371/2234 415/6372/2234
f 156/6373/2235 1454/6374/2235 56/6375/2235
f 56/6376/2236 1454/6377/2236 508/6378/2236
f 1454/6379/2237 156/6380/2237 419/6381/2237
f 1434/6382/2238 501/6383/2238 419/6384/2238
f 403/6385/2239 1434/6386/2239 419/6387/2239
f 419/6387/2240 156/6388/2240 403/6385/2240
f 1318/6389/2241 91/6390/2241 156/6391/2241
f 2925/6392/2242 156/6393/2242 56/6394/2242
f 1318/6395/2243 156/6396/2243 2925/6392/2243
f 56/6397/2244 1318/6398/2244 2925/6399/2244
f 1318/6400/2245 56/6401/2245 111/6402/2245
f 423/6403/2246 450/6404/2246 1355/6405/2246
f 1355/6406/2247 450/6407/2247 1456/6408/2247
f 1355/6409/2248 109/6410/2248 423/6411/2248
f 1358/6412/2249 1422/6413/2249 423/6414/2249
f 1422/6415/2250 450/6416/2250 423/6417/2250
f 109/6418/2251 1355/6419/2251 46/6420/2251
f 2442/6421/2252 46/6422/2252 1355/6423/2252
f 2442/6424/2253 362/6425/2253 46/6426/2253
f 1425/6427/2254 362/6428/2254 2442/6429/2254
f 1456/6430/2255 1425/6431/2255 2442/6432/2255
f 1425/6433/2256 1456/6434/2256 480/6435/2256
f 480/6436/2257 1456/6437/2257 2431/6438/2257
f 450/6439/2258 1422/6440/2258 1456/6441/2258
f 2431/6442/2259 1422/6443/2259 2428/6444/2259
f 1417/6445/2260 433/6446/2260 2428/6447/2260
f 153/6448/2261 480/6449/2261 433/6450/2261
f 2428/6451/2262 433/6452/2262 2431/6453/2262
f 2429/6094/2263 1435/6454/2263 528/6455/2263
f 433/6456/2264 488/6457/2264 153/6458/2264
f 535/6459/2265 398/6460/2265 1435/6461/2265
f 98/893/2266 1495/6462/2266 534/894/2266
f 1452/6463/2267 767/6464/2267 779/6465/2267
f 767/6466/2268 1452/6467/2268 642/6468/2268
f 1446/6469/2269 767/6470/2269 2435/6471/2269
f 1446/6472/2270 637/6473/2270 335/6474/2270
f 637/6475/2271 1446/6476/2271 2435/6477/2271
f 2435/6478/2272 767/6479/2272 510/6480/2272
f 1446/6481/2273 779/6482/2273 767/6483/2273
f 775/6484/2274 2444/6485/2274 771/6486/2274
f 361/6487/2275 1469/6488/2275 100/6489/2275
f 1469/6490/2276 519/6491/2276 100/6492/2276
f 2443/6493/2277 1469/6494/2277 1363/6495/2277
f 1469/6496/2278 361/6497/2278 1363/6498/2278
f 465/6499/2279 361/6500/2279 100/6501/2279
f 361/6502/2280 460/6503/2280 465/6504/2280
f 100/6505/2281 2401/6506/2281 1465/6507/2281
f 465/6508/2282 100/6509/2282 1465/6510/2282
f 1465/6511/2283 2401/6512/2283 1366/6513/2283
f 467/6514/2284 1393/6515/2284 1490/6516/2284
f 457/6517/2285 465/6518/2285 1366/6519/2285
f 442/6520/2286 2401/6521/2286 1855/6522/2286
f 335/6523/2287 442/6524/2287 1855/6525/2287
f 536/6526/2288 100/6527/2288 2445/6528/2288
f 2446/6529/2289 100/6530/2289 426/6531/2289
f 1855/6532/2290 2446/6533/2290 426/6534/2290
f 2446/6535/2291 1855/6536/2291 2401/6537/2291
f 1855/6538/2292 1446/6539/2292 335/6540/2292
f 1855/6541/2293 426/6542/2293 159/6543/2293
f 536/6544/2294 777/6545/2294 426/6546/2294
f 159/6547/2295 779/6548/2295 1446/6549/2295
f 159/6550/2296 775/6551/2296 779/6552/2296
f 536/6553/2297 1488/6554/2297 777/6555/2297
f 115/6556/2298 2453/6557/2298 519/6558/2298
f 777/6559/2299 1473/6560/2299 505/6561/2299
f 775/6562/2300 509/6563/2300 779/6564/2300
f 771/6565/2301 509/6566/2301 775/6567/2301
f 2444/6568/2302 505/6569/2302 771/6570/2302
f 159/6571/2303 775/6572/2303 771/6573/2303
f 2444/6574/2304 159/6575/2304 426/6576/2304
f 2444/6577/2305 426/6578/2305 505/6579/2305
f 2444/6574/2306 775/6484/2306 159/6580/2306
f 777/6581/2307 505/6582/2307 426/6583/2307
f 1462/6584/2308 2448/6585/2308 1474/6586/2308
f 1516/6587/2309 765/6588/2309 500/6589/2309
f 2450/6590/2310 765/6591/2310 1466/6592/2310
f 1480/6593/2311 765/6594/2311 2450/6595/2311
f 2951/6596/2312 500/6597/2312 2456/6598/2312
f 1466/6599/2313 2665/6600/2313 1491/6601/2313
f 1480/6602/2314 1466/6603/2314 765/6604/2314
f 314/6605/2315 1483/6606/2315 1473/6607/2315
f 1395/6608/2316 2527/6609/2316 1410/6610/2316
f 1410/6610/2317 2527/6609/2317 1400/6611/2317
f 1466/6612/2318 2450/6613/2318 1491/6614/2318
f 1480/6615/2319 2450/6616/2319 1466/6617/2319
f 1480/6618/2320 1491/6619/2320 2450/6620/2320
f 2527/6621/2321 1488/6622/2321 1400/6623/2321
f 2527/6624/2322 1395/6625/2322 1488/6626/2322
f 1488/6627/2323 536/6628/2323 1400/6629/2323
f 1483/6630/2324 1488/6631/2324 1395/6632/2324
f 526/6633/2325 772/6634/2325 1491/6635/2325
f 467/6636/2326 2452/6637/2326 526/6638/2326
f 774/6639/2327 526/6640/2327 2452/6641/2327
f 2452/6642/2328 115/6643/2328 774/6644/2328
f 526/6645/2329 774/6646/2329 467/6647/2329
f 115/6648/2330 467/6649/2330 1490/6650/2330
f 536/6651/2331 2453/6652/2331 1400/6653/2331
f 2453/6654/2332 536/6655/2332 519/6656/2332
f 2453/6657/2333 115/6658/2333 1400/6659/2333
f 1490/6660/2334 602/6661/2334 115/6662/2334
f 1393/6663/2335 2454/6664/2335 580/6665/2335
f 2454/6666/2336 113/6667/2336 580/6668/2336
f 1393/6669/2337 580/6670/2337 1490/6671/2337
f 2931/6672/2338 1490/6673/2338 580/6674/2338
f 1490/6675/2339 115/6676/2339 1393/6677/2339
f 1494/6678/2340 361/6679/2340 465/6680/2340
f 2448/6681/2341 529/6682/2341 774/6683/2341
f 467/6649/2342 115/6648/2342 2452/6684/2342
f 529/6685/2343 467/6686/2343 774/6687/2343
f 1399/6688/2344 1393/6689/2344 467/6690/2344
f 1469/858/2345 774/6691/2345 519/6692/2345
f 2448/6693/2346 1363/6694/2346 1474/6695/2346
f 529/6696/2347 2448/6697/2347 1462/6698/2347
f 2443/6699/2348 1363/6700/2348 2448/6701/2348
f 774/6702/2349 2443/6703/2349 2448/6681/2349
f 529/6704/2350 2448/6705/2350 2443/6706/2350
f 1460/6707/2351 1462/6708/2351 534/6709/2351
f 1462/6710/2352 1460/6711/2352 1479/6712/2352
f 529/6713/2353 1462/6714/2353 1479/6715/2353
f 1399/6716/2354 529/6717/2354 1479/6718/2354
f 1460/6719/2355 23/6720/2355 1479/6712/2355
f 2458/6721/2356 1464/6722/2356 1460/6723/2356
f 1460/6724/2357 1495/6725/2357 2458/6726/2357
f 534/6727/2358 1495/6728/2358 1460/6724/2358
f 534/6729/2359 1474/6730/2359 2455/892/2359
f 534/6731/2360 1462/6732/2360 1474/6733/2360
f 1363/6734/2361 1472/6735/2361 1474/6736/2361
f 98/6737/2362 2455/892/2362 1474/6738/2362
f 465/6680/2363 460/6739/2363 1494/6678/2363
f 361/6740/2364 1472/6741/2364 1494/6742/2364
f 1472/6743/2365 1363/6744/2365 1494/6742/2365
f 1363/6744/2366 361/6745/2366 1494/6742/2366
f 1494/6746/2367 778/6747/2367 1472/6748/2367
f 98/6749/2368 1472/6750/2368 778/6751/2368
f 465/6752/2369 2460/6753/2369 460/6754/2369
f 2460/6753/2370 398/6755/2370 460/6754/2370
f 521/6756/2371 778/6757/2371 2459/6758/2371
f 778/6759/2372 460/6760/2372 2459/901/2372
f 398/6761/2373 535/6762/2373 521/6763/2373
f 460/6764/2374 398/6765/2374 521/6766/2374
f 1471/6767/2375 113/6768/2375 1399/6769/2375
f 2460/6770/2376 465/6771/2376 457/6772/2376
f 1399/6773/2377 113/6774/2377 2454/6775/2377
f 457/6776/2378 398/6777/2378 2460/6778/2378
f 1471/6779/2379 1364/6780/2379 113/6781/2379
f 23/6782/2380 1471/6767/2380 1399/6769/2380
f 1399/6783/2381 1479/6784/2381 23/6785/2381
f 23/6786/2382 1460/6787/2382 1463/6788/2382
f 1364/6789/2383 456/6790/2383 113/6791/2383
f 23/6792/2384 1463/6793/2384 1471/6794/2384
f 1364/6795/2385 2394/6796/2385 151/6797/2385
f 1471/6798/2386 1463/6799/2386 2394/6800/2386
f 1377/6801/2387 151/6802/2387 1463/6803/2387
f 2394/6804/2388 1463/6805/2388 151/6806/2388
f 1364/6807/2389 1471/6808/2389 2394/6809/2389
f 1376/6810/2390 82/6811/2390 1372/6812/2390
f 1376/6813/2391 1377/6814/2391 82/6815/2391
f 1411/6816/2392 1373/6817/2392 1372/6818/2392
f 1372/6819/2393 82/6820/2393 1411/6816/2393
f 412/6821/2394 2436/6822/2394 535/6823/2394
f 2436/6824/2395 412/6825/2395 1470/6826/2395
f 1470/6827/2396 412/6828/2396 325/6829/2396
f 1470/6830/2397 1467/6831/2397 2436/6832/2397
f 2436/6833/2398 1467/6834/2398 521/6835/2398
f 1470/6836/2399 561/6837/2399 1467/6838/2399
f 561/6839/2400 2461/6840/2400 1411/6841/2400
f 2461/6842/2401 561/6843/2401 1470/6844/2401
f 1411/6845/2402 2461/6846/2402 325/6847/2402
f 1373/6848/2403 1411/6849/2403 325/6850/2403
f 1467/6851/2404 561/6852/2404 1497/6853/2404
f 778/6854/2405 1467/6855/2405 1497/6856/2405
f 778/6857/2406 1497/6858/2406 98/6859/2406
f 1497/6860/2407 561/6861/2407 1495/6862/2407
f 98/6863/2408 1497/6864/2408 1495/6865/2408
f 1464/6866/2409 1411/6867/2409 82/6868/2409
f 1411/6869/2410 1464/6870/2410 561/6871/2410
f 1495/6872/2411 561/6873/2411 1464/6874/2411
f 2458/6875/2412 1495/6876/2412 1464/6877/2412
f 1463/6878/2413 1460/6879/2413 2458/6880/2413
f 2458/6881/2414 1464/6882/2414 1463/6883/2414
f 82/6884/2415 1377/6885/2415 1463/6886/2415
f 1463/6887/2416 1464/6888/2416 82/6889/2416
f 525/6890/2417 2952/6891/2417 550/6892/2417
f 1/6893/2418 210/6894/2418 66/6895/2418
f 139/6896/2419 1/6897/2419 66/6898/2419
f 2473/6899/2420 1558/6900/2420 586/6901/2420
f 210/6902/2421 1371/6903/2421 66/6904/2421
f 1397/6905/2422 1371/6906/2422 210/6907/2422
f 544/6908/2423 1397/6909/2423 532/6910/2423
f 1397/6911/2424 544/6912/2424 1371/6913/2424
f 557/6914/2425 94/6915/2425 1521/6916/2425
f 1534/6917/2426 544/6918/2426 97/6919/2426
f 544/6920/2427 532/6921/2427 97/6922/2427
f 619/6923/2428 617/6924/2428 523/6925/2428
f 2487/6926/2429 97/6927/2429 89/6928/2429
f 531/6929/2430 2953/6930/2430 532/6931/2430
f 532/6932/2431 1397/6933/2431 531/6934/2431
f 89/6935/2432 532/6936/2432 2953/6937/2432
f 89/6938/2433 2953/6939/2433 531/6940/2433
f 1506/6941/2434 89/6942/2434 531/6943/2434
f 523/6944/2435 617/6945/2435 1502/6946/2435
f 180/6947/2436 470/6948/2436 1505/6949/2436
f 1502/6950/2437 617/6951/2437 628/6952/2437
f 686/6953/2438 1506/6954/2438 1505/6955/2438
f 1506/6956/2439 686/6957/2439 89/6958/2439
f 628/6959/2440 89/6960/2440 686/6961/2440
f 470/6948/2441 686/6962/2441 1505/6949/2441
f 1507/6963/2442 619/6964/2442 523/6965/2442
f 1507/6966/2443 523/6967/2443 162/6968/2443
f 2467/6969/2444 1502/6970/2444 686/6971/2444
f 523/6972/2445 1502/6973/2445 1510/6974/2445
f 1506/6975/2446 531/6976/2446 629/6977/2446
f 1506/6978/2447 180/6979/2447 1505/6980/2447
f 1486/6981/2448 126/6982/2448 430/6983/2448
f 1/6984/2449 139/6985/2449 525/6986/2449
f 531/6987/2450 210/6988/2450 550/6989/2450
f 550/6990/2451 210/6991/2451 1/6992/2451
f 525/6993/2452 550/6994/2452 1/6995/2452
f 550/6996/2453 1498/6997/2453 629/6998/2453
f 531/6999/2454 550/7000/2454 629/7001/2454
f 525/7002/2455 139/7003/2455 641/7004/2455
f 94/7005/2456 1524/7006/2456 538/7007/2456
f 1545/7008/2457 10/7009/2457 2463/7010/2457
f 2463/7011/2458 641/7012/2458 1512/7013/2458
f 1512/7014/2459 641/7015/2459 119/7016/2459
f 1524/7017/2460 1512/7018/2460 641/7019/2460
f 1524/7020/2461 641/7021/2461 538/7022/2461
f 66/7023/2462 538/7024/2462 139/7025/2462
f 538/7026/2463 641/7027/2463 139/7028/2463
f 1512/7029/2464 1524/7030/2464 248/7031/2464
f 248/7031/2465 1524/7030/2465 94/7032/2465
f 119/7033/2466 248/7034/2466 240/7035/2466
f 119/7036/2467 1512/7037/2467 248/7038/2467
f 2463/7039/2468 525/7040/2468 641/7041/2468
f 2462/7042/2469 538/7043/2469 66/7044/2469
f 2462/7045/2470 66/7046/2470 1371/7047/2470
f 1534/7048/2471 97/7049/2471 2473/7050/2471
f 2462/7051/2472 631/7052/2472 538/7053/2472
f 1484/7054/2473 640/7055/2473 1365/7056/2473
f 2473/7057/2474 586/7058/2474 1534/7059/2474
f 97/7060/2475 1558/6900/2475 2473/7050/2475
f 1484/7061/2476 631/7062/2476 2462/7063/2476
f 631/7064/2477 1365/7065/2477 1521/939/2477
f 631/7064/2478 1521/939/2478 94/7066/2478
f 1534/7067/2479 1070/7068/2479 544/7069/2479
f 1070/7070/2480 1534/7071/2480 1517/7072/2480
f 2464/7073/2481 2462/7074/2481 1371/7075/2481
f 1517/7076/2482 1534/7077/2482 586/7078/2482
f 556/7079/2483 2472/7080/2483 399/7081/2483
f 1517/7082/2484 2472/7083/2484 556/7084/2484
f 556/7085/2485 2470/7086/2485 1517/7087/2485
f 1503/7088/2486 2470/7089/2486 1531/7090/2486
f 1517/7091/2487 2470/7092/2487 1503/7093/2487
f 1503/7094/2488 1070/7095/2488 1517/7096/2488
f 640/7097/2489 2464/7098/2489 1070/7099/2489
f 640/7100/2490 1070/7101/2490 1503/7102/2490
f 1365/7103/2491 640/7104/2491 1503/7105/2491
f 1503/7106/2492 1531/7107/2492 2471/7108/2492
f 640/7109/2493 2462/7110/2493 2464/7111/2493
f 2464/7112/2494 544/7113/2494 1070/7114/2494
f 544/7115/2495 2464/7116/2495 1371/7117/2495
f 640/7118/2496 1484/7119/2496 2462/7120/2496
f 1521/7121/2497 2471/7122/2497 1523/7123/2497
f 548/7124/2498 1523/7125/2498 1518/7126/2498
f 1523/7127/2499 557/7128/2499 1521/7129/2499
f 557/7130/2500 1523/7131/2500 2469/7132/2500
f 2475/7133/2501 1523/7134/2501 124/7135/2501
f 1523/7136/2502 2475/7137/2502 2469/7138/2502
f 557/7139/2503 2469/7140/2503 248/7141/2503
f 557/7142/2504 2469/7143/2504 94/7144/2504
f 248/7145/2505 94/7146/2505 2469/7147/2505
f 233/7148/2506 248/7149/2506 2469/7150/2506
f 119/7151/2507 233/7152/2507 240/7153/2507
f 240/7035/2508 248/7034/2508 233/7154/2508
f 1511/7155/2509 240/7156/2509 233/7157/2509
f 663/7158/2510 1511/7159/2510 1609/7160/2510
f 1511/7161/2511 233/7162/2511 1609/7163/2511
f 2475/7164/2512 124/7165/2512 1609/7166/2512
f 2469/7167/2513 2475/7168/2513 1609/7169/2513
f 233/7170/2514 2469/7171/2514 1609/7172/2514
f 663/7173/2515 1609/7174/2515 124/7175/2515
f 124/7176/2516 2479/7177/2516 552/7178/2516
f 124/7179/2517 548/7180/2517 2479/7181/2517
f 548/7182/2518 615/7183/2518 2479/7184/2518
f 552/7185/2519 2479/7186/2519 615/7187/2519
f 1527/7188/2520 663/7189/2520 124/7190/2520
f 1527/7191/2521 124/7192/2521 552/7193/2521
f 552/7194/2522 2480/7195/2522 1527/7196/2522
f 599/7197/2523 2480/7198/2523 552/7199/2523
f 2481/7200/2524 1608/7201/2524 615/7202/2524
f 1608/7203/2525 552/7204/2525 615/7205/2525
f 599/7206/2526 552/7207/2526 1608/7208/2526
f 1608/7209/2527 632/7210/2527 599/7211/2527
f 1518/7212/2528 1531/7213/2528 1532/7214/2528
f 615/7215/2529 548/7216/2529 1532/7217/2529
f 548/7218/2530 124/7219/2530 1523/7220/2530
f 615/7221/2531 1528/7222/2531 2481/7223/2531
f 2474/7224/2532 1528/7225/2532 615/7226/2532
f 1532/7227/2533 1533/7228/2533 2474/7229/2533
f 1532/7230/2534 2474/7231/2534 615/7232/2534
f 1523/7233/2535 2471/7234/2535 1518/7235/2535
f 548/7236/2536 1518/7237/2536 1532/7238/2536
f 556/7239/2537 2474/7240/2537 1533/7241/2537
f 1533/7242/2538 1531/7243/2538 556/7244/2538
f 1532/7245/2539 1531/7246/2539 1533/7247/2539
f 1365/7248/2540 2471/7249/2540 1521/7250/2540
f 1503/7251/2541 2471/7252/2541 1365/7253/2541
f 556/7254/2542 1533/7255/2542 2470/7256/2542
f 1533/7257/2543 1531/7258/2543 2470/7259/2543
f 1558/7260/2544 1535/7261/2544 573/7262/2544
f 1517/7263/2545 586/7264/2545 2472/7265/2545
f 586/7266/2546 399/7267/2546 2472/7268/2546
f 5/7269/2547 399/7270/2547 586/7271/2547
f 2482/7272/2548 399/7273/2548 583/7274/2548
f 1558/7275/2549 573/7276/2549 586/7277/2549
f 5/7278/2550 609/7279/2550 399/7280/2550
f 573/7281/2551 5/7282/2551 586/7283/2551
f 97/7284/2552 2487/7285/2552 1558/7286/2552
f 1558/7260/2553 2487/7287/2553 1535/7261/2553
f 89/7288/2554 1535/7289/2554 2487/7290/2554
f 573/7291/2555 1535/7292/2555 596/7293/2555
f 1539/7294/2556 533/7295/2556 1536/7296/2556
f 1539/7297/2557 596/7298/2557 1535/7299/2557
f 1536/7300/2558 596/7301/2558 1539/7302/2558
f 596/7303/2559 1536/7304/2559 18/7305/2559
f 2488/7306/2560 573/7307/2560 596/7308/2560
f 596/7309/2561 2489/7310/2561 2488/7311/2561
f 2488/7312/2562 608/7313/2562 596/7314/2562
f 608/7315/2563 1542/7316/2563 541/7317/2563
f 1547/7318/2564 1542/7319/2564 608/7320/2564
f 1542/7319/2565 1547/7321/2565 1537/7322/2565
f 1537/7323/2566 569/7324/2566 1542/7325/2566
f 1075/7326/2567 1522/7327/2567 569/7328/2567
f 541/7329/2568 609/7330/2568 608/7331/2568
f 573/7332/2569 2488/7333/2569 609/7334/2569
f 573/7335/2570 609/7336/2570 5/7337/2570
f 608/7338/2571 609/7339/2571 2488/7340/2571
f 541/7341/2572 570/7342/2572 583/7343/2572
f 570/7344/2573 632/7345/2573 583/7346/2573
f 541/7347/2574 2482/7348/2574 609/7349/2574
f 2482/7348/2575 399/7350/2575 609/7349/2575
f 570/7351/2576 569/7352/2576 1522/7353/2576
f 569/7354/2577 570/7355/2577 1542/7356/2577
f 570/7357/2578 541/7358/2578 1542/7359/2578
f 632/7360/2579 1544/7361/2579 599/7362/2579
f 622/7363/2580 1075/7364/2580 2484/7365/2580
f 2484/7366/2581 1522/7367/2581 1075/7368/2581
f 2484/7369/2582 1574/7370/2582 1522/7371/2582
f 1528/7372/2583 583/7373/2583 632/7374/2583
f 632/7375/2584 2481/7376/2584 1528/7377/2584
f 1608/7378/2585 2481/7379/2585 632/7380/2585
f 1528/7381/2586 2474/7382/2586 399/7383/2586
f 583/7384/2587 2482/7385/2587 541/7386/2587
f 1528/7387/2588 399/7388/2588 2482/7389/2588
f 583/7390/2589 1528/7387/2589 2482/7389/2589
f 1540/7391/2590 1530/7392/2590 708/7393/2590
f 1075/7394/2591 708/7395/2591 1530/7396/2591
f 1540/7397/2592 708/7398/2592 1573/7399/2592
f 708/7400/2593 1500/7401/2593 1573/7402/2593
f 1549/7403/2594 122/7404/2594 1573/7405/2594
f 1549/7406/2595 1500/7407/2595 1010/7408/2595
f 2513/7409/2596 1019/1045/2596 1010/7410/2596
f 1572/7411/2597 2497/7412/2597 2491/7413/2597
f 18/7414/2598 1536/7415/2598 1019/7416/2598
f 1536/7417/2599 1414/7418/2599 1019/7419/2599
f 1536/7420/2600 533/7421/2600 1414/7422/2600
f 1010/7423/2601 1537/7424/2601 1547/7425/2601
f 1083/7426/2602 1549/7427/2602 1010/7428/2602
f 1073/7429/2603 597/7430/2603 2504/1030/2603
f 169/7431/2604 597/7432/2604 1073/7433/2604
f 458/7434/2605 597/7435/2605 2250/7436/2605
f 568/7437/2606 597/7438/2606 458/7439/2606
f 1537/7440/2607 1010/7441/2607 1500/7442/2607
f 1546/7443/2608 1564/7444/2608 593/7445/2608
f 569/7446/2609 1537/7447/2609 1500/7448/2609
f 1539/7449/2610 2486/7450/2610 533/7451/2610
f 1075/7452/2611 1500/7453/2611 708/7454/2611
f 569/7455/2612 1500/7456/2612 1075/7457/2612
f 1546/7458/2613 1072/7459/2613 246/7460/2613
f 1546/7461/2614 246/7462/2614 69/7463/2614
f 1192/7464/2615 2493/7465/2615 69/7466/2615
f 1375/7467/2616 69/7468/2616 2493/7465/2616
f 1078/7469/2617 2510/7470/2617 1563/7471/2617
f 2493/7472/2618 2254/7473/2618 1147/7474/2618
f 69/7475/2619 1375/7476/2619 114/7477/2619
f 114/7478/2620 1227/7479/2620 2496/979/2620
f 2494/7480/2621 310/7481/2621 1220/7482/2621
f 343/7483/2622 1072/7484/2622 593/7485/2622
f 1220/7486/2623 310/7487/2623 1234/7488/2623
f 1220/7489/2624 593/7490/2624 2494/7491/2624
f 593/7492/2625 310/7493/2625 2494/7494/2625
f 343/7495/2626 593/7496/2626 1220/7497/2626
f 1225/7498/2627 310/7499/2627 1223/7500/2627
f 869/7501/2628 1223/7502/2628 1180/7503/2628
f 1180/7504/2629 1223/7505/2629 1227/7506/2629
f 2496/7507/2630 1564/7508/2630 1546/7509/2630
f 1227/7479/2631 1564/7508/2631 2496/7507/2631
f 1223/7510/2632 310/7511/2632 1564/7512/2632
f 1564/7513/2633 1227/7514/2633 1223/7510/2633
f 1369/7515/2634 1227/7516/2634 114/7517/2634
f 1369/7518/2635 1180/7519/2635 1227/7520/2635
f 2485/7521/2636 1369/7522/2636 114/7523/2636
f 1386/7524/2637 2485/7525/2637 1375/7526/2637
f 2485/984/2638 1386/7527/2638 540/7528/2638
f 2397/7529/2639 540/7530/2639 462/7531/2639
f 1369/7532/2640 2397/7533/2640 1180/7534/2640
f 540/7535/2641 2397/7533/2641 1369/7536/2641
f 1387/7537/2642 1374/7538/2642 589/7539/2642
f 589/7540/2643 588/7541/2643 2406/7542/2643
f 2406/7543/2644 588/7544/2644 537/7545/2644
f 537/7546/2645 1560/7547/2645 1392/7548/2645
f 48/7549/2646 1389/7550/2646 1374/7551/2646
f 589/7552/2647 1496/7553/2647 588/7554/2647
f 1392/7555/2648 1560/7556/2648 1556/7557/2648
f 118/7558/2649 604/7559/2649 1559/7560/2649
f 1560/7561/2650 537/7562/2650 588/7563/2650
f 1560/7564/2651 588/7565/2651 604/7566/2651
f 1559/7560/2652 604/7567/2652 588/7568/2652
f 1554/7569/2653 42/7570/2653 118/7571/2653
f 1559/7572/2654 2498/7573/2654 118/7574/2654
f 588/7575/2655 1496/7576/2655 1559/7577/2655
f 2498/7578/2656 1496/7579/2656 1554/7580/2656
f 1559/7581/2657 1496/7582/2657 2498/7583/2657
f 2486/7584/2658 42/7585/2658 533/7586/2658
f 118/7587/2659 42/7588/2659 603/7589/2659
f 118/7590/2660 603/7591/2660 604/7592/2660
f 604/7593/2661 543/7594/2661 1406/7595/2661
f 603/7596/2662 543/7597/2662 604/7598/2662
f 1560/7599/2663 604/7600/2663 1556/7601/2663
f 1556/7602/2664 604/7603/2664 1406/7604/2664
f 628/7605/2665 1556/7606/2665 1406/7607/2665
f 1535/7608/2666 543/7609/2666 1539/7610/2666
f 543/7611/2667 603/7612/2667 2486/7613/2667
f 2486/7614/2668 603/7615/2668 42/7616/2668
f 89/7617/2669 1406/7618/2669 1535/7619/2669
f 1406/7620/2670 543/7621/2670 1535/7622/2670
f 89/7623/2671 628/7624/2671 1406/7625/2671
f 628/7626/2672 617/7627/2672 1556/7628/2672
f 1392/7629/2673 1556/7630/2673 617/7631/2673
f 2402/992/2674 2954/7632/2674 619/7633/2674
f 1396/7634/2675 2954/7632/2675 2402/992/2675
f 617/7635/2676 619/7636/2676 1392/7637/2676
f 619/7633/2677 2954/7632/2677 1392/7638/2677
f 1507/7639/2678 78/7640/2678 580/7641/2678
f 2406/7642/2679 1487/7643/2679 1387/7644/2679
f 589/7645/2680 2406/7646/2680 1387/7647/2680
f 47/7648/2681 1374/7649/2681 589/7650/2681
f 1487/5837/2682 2406/7651/2682 537/5838/2682
f 2954/7652/2683 1396/7653/2683 234/7654/2683
f 234/7655/2684 1392/7656/2684 2954/7657/2684
f 1392/7656/2685 234/7658/2685 537/7659/2685
f 814/7660/2686 1501/7661/2686 2395/7662/2686
f 1078/7663/2687 1589/7664/2687 2491/7665/2687
f 589/7666/2688 1374/7667/2688 1389/7668/2688
f 1496/7669/2689 1571/7670/2689 1554/7671/2689
f 2495/7672/2690 1375/7673/2690 48/7674/2690
f 1374/7675/2691 47/7676/2691 1552/7677/2691
f 1552/7678/2692 48/7679/2692 1374/7680/2692
f 461/7681/2693 1552/7682/2693 3123/7683/2693
f 1184/7684/2694 1386/7685/2694 1552/7686/2694
f 1184/7687/2695 1552/7688/2695 1847/7689/2695
f 2502/1013/2696 112/7690/2696 2495/1014/2696
f 1147/7691/2697 2492/7692/2697 2955/7693/2697
f 1147/7694/2698 2955/7695/2698 112/7696/2698
f 1375/7697/2699 1147/1007/2699 2502/1006/2699
f 2495/1014/2700 112/7690/2700 48/7698/2700
f 1386/7699/2701 1375/7700/2701 2495/7701/2701
f 2495/7702/2702 1552/7703/2702 1386/7704/2702
f 2493/7472/2703 1192/7705/2703 2254/7473/2703
f 1563/7706/2704 1571/7707/2704 112/7708/2704
f 1571/7707/2705 48/7709/2705 112/7708/2705
f 2318/7710/2706 2955/7711/2706 2916/7712/2706
f 2955/7713/2707 2318/7714/2707 112/7715/2707
f 2137/7716/2708 2916/7717/2708 2918/7718/2708
f 112/7719/2709 1551/7720/2709 1563/7721/2709
f 1582/7722/2710 1589/7723/2710 1551/7724/2710
f 1847/7725/2711 2937/7726/2711 2508/7727/2711
f 2318/7728/2712 1551/7729/2712 112/7730/2712
f 1551/7731/2713 1589/7732/2713 1078/7733/2713
f 1078/7734/2714 1563/7735/2714 1551/7736/2714
f 1389/7737/2715 1571/7738/2715 1496/7739/2715
f 1563/7471/2716 2510/7470/2716 1554/7740/2716
f 1571/7741/2717 1389/7742/2717 48/7743/2717
f 1554/7744/2718 2510/7470/2718 1078/7745/2718
f 42/7746/2719 1554/7747/2719 2340/7748/2719
f 1078/7749/2720 2340/7750/2720 1554/7751/2720
f 2340/7752/2721 1078/7753/2721 1519/7754/2721
f 2340/7755/2722 1519/7756/2722 533/7757/2722
f 1519/7758/2723 1414/7759/2723 533/7760/2723
f 2340/7761/2724 533/7762/2724 42/7763/2724
f 2491/7764/2725 1519/7765/2725 1078/7766/2725
f 1008/7767/2726 1073/7768/2726 2504/1030/2726
f 1008/7769/2727 1553/7770/2727 1073/7771/2727
f 2505/7772/2728 1573/7773/2728 122/7774/2728
f 458/7775/2729 567/7776/2729 1578/7777/2729
f 1573/7778/2730 2505/7779/2730 607/7780/2730
f 122/7774/2731 607/7781/2731 2505/7772/2731
f 122/7782/2732 1538/7783/2732 1578/7784/2732
f 122/7785/2733 1578/7786/2733 607/7787/2733
f 1566/7788/2734 607/7789/2734 1578/7790/2734
f 567/7791/2735 1566/7792/2735 1578/7793/2735
f 650/7794/2736 568/7795/2736 1538/7796/2736
f 650/7797/2737 1538/7798/2737 268/7799/2737
f 268/7800/2738 2956/7801/2738 1083/7802/2738
f 268/7803/2739 1083/7804/2739 1572/7805/2739
f 2956/7801/2740 268/7800/2740 1588/7806/2740
f 1588/7806/2741 1083/7807/2741 2956/7801/2741
f 122/7808/2742 1588/7809/2742 1538/7810/2742
f 1538/7811/2743 1588/7812/2743 268/7813/2743
f 1083/7814/2744 1010/7815/2744 1019/7816/2744
f 1588/7817/2745 122/7818/2745 1549/7819/2745
f 2513/7820/2746 1010/7821/2746 1547/7822/2746
f 568/7823/2747 458/7824/2747 1578/7825/2747
f 568/7826/2748 1578/7827/2748 1538/7828/2748
f 568/7829/2749 1008/7830/2749 597/7831/2749
f 2490/1038/2750 650/7832/2750 1008/7830/2750
f 1008/7830/2751 568/7833/2751 2490/1038/2751
f 650/7834/2752 2314/7835/2752 2501/7836/2752
f 2491/7837/2753 1414/7838/2753 1519/7839/2753
f 2501/7840/2754 1008/7841/2754 650/7842/2754
f 1193/7843/2755 227/7844/2755 1553/7845/2755
f 1553/7846/2756 2957/7847/2756 1193/7848/2756
f 2957/7847/2757 2501/7849/2757 1193/7848/2757
f 1008/7850/2758 2501/7849/2758 2957/7847/2758
f 1553/7851/2759 1008/7850/2759 2957/7847/2759
f 2257/7852/2760 227/7853/2760 1214/7854/2760
f 2408/1018/2761 1193/7855/2761 1582/1019/2761
f 1582/7856/2762 1551/7857/2762 2318/7858/2762
f 2497/7859/2763 2491/7860/2763 1589/7861/2763
f 2492/7862/2764 2918/7863/2764 2916/7864/2764
f 2937/7865/2765 2918/7863/2765 2492/7866/2765
f 2942/5894/2766 2937/7867/2766 2492/7868/2766
f 2508/7869/2767 1847/7870/2767 3123/7871/2767
f 2941/7872/2768 2508/7873/2768 2940/7874/2768
f 1589/7875/2769 1519/7876/2769 2491/7877/2769
f 2497/7412/2770 1572/7878/2770 1414/7879/2770
f 2491/7837/2771 2497/7880/2771 1414/7881/2771
f 2537/7882/2772 1581/7883/2772 2536/7884/2772
f 2489/7885/2773 2506/7886/2773 18/7887/2773
f 1019/7888/2774 1572/7889/2774 1083/7890/2774
f 2523/7891/2775 1579/7892/2775 2958/7893/2775
f 1572/7894/2776 2497/7895/2776 1682/7896/2776
f 2467/6969/2777 686/7897/2777 470/7898/2777
f 2467/7899/2778 1510/1050/2778 1502/7900/2778
f 1581/7901/2779 1682/7902/2779 2536/7903/2779
f 1504/7904/2780 470/7905/2780 263/7906/2780
f 162/7907/2781 1504/7908/2781 2410/7909/2781
f 2395/7910/2782 1501/7911/2782 162/7912/2782
f 1501/7913/2783 78/7914/2783 1507/7915/2783
f 1501/7916/2784 1507/7917/2784 162/7918/2784
f 162/7919/2785 1510/7920/2785 1504/7921/2785
f 523/7922/2786 1510/7923/2786 162/7924/2786
f 629/7925/2787 180/7926/2787 1506/7927/2787
f 2952/7928/2788 1498/7929/2788 550/7930/2788
f 1498/7931/2789 2952/7932/2789 525/7933/2789
f 2506/7934/2790 596/7935/2790 2546/7936/2790
f 608/7937/2791 2489/7938/2791 1547/7939/2791
f 18/7940/2792 608/7941/2792 2489/7942/2792
f 2488/7943/2793 2489/7944/2793 608/7945/2793
f 2489/7938/2794 18/7946/2794 1547/7939/2794
f 1547/7947/2795 18/7948/2795 2513/1043/2795
f 596/7949/2796 18/7950/2796 2546/7936/2796
f 2546/7951/2797 2489/7952/2797 596/7953/2797
f 18/7954/2798 2506/7934/2798 2546/7955/2798
f 629/7956/2799 1620/7957/2799 180/7958/2799
f 1498/7959/2800 1620/7960/2800 629/7961/2800
f 554/7962/2801 525/7963/2801 10/7964/2801
f 525/7965/2802 554/7966/2802 2952/7967/2802
f 554/7966/2803 1498/7968/2803 2952/7967/2803
f 514/7969/2804 554/7970/2804 1619/7971/2804
f 639/7972/2805 85/7973/2805 574/7974/2805
f 1514/7975/2806 639/7976/2806 2519/7977/2806
f 514/7978/2807 1593/7979/2807 1498/7980/2807
f 554/7981/2808 514/7982/2808 1498/7983/2808
f 1620/1059/2809 2516/1058/2809 150/7984/2809
f 635/7985/2810 1520/7986/2810 1595/7987/2810
f 600/7988/2811 1520/7989/2811 1686/7990/2811
f 2961/7991/2812 1541/7992/2812 2525/7993/2812
f 2525/7994/2813 983/7995/2813 2961/7996/2813
f 1597/7997/2814 3139/7998/2814 1600/7999/2814
f 547/8000/2815 1513/8001/2815 558/8002/2815
f 1520/8003/2816 1614/8004/2816 558/8005/2816
f 574/8006/2817 1595/8007/2817 558/8008/2817
f 558/8009/2818 1595/8010/2818 1520/8011/2818
f 2596/8012/2819 1614/8013/2819 1520/8014/2819
f 1619/8015/2820 1509/8016/2820 577/8017/2820
f 577/8018/2821 228/8019/2821 2960/8020/2821
f 577/8021/2822 2960/8022/2822 514/8023/2822
f 1593/8024/2823 514/8023/2823 2960/8022/2823
f 1639/8025/2824 2468/8026/2824 554/8027/2824
f 2960/8028/2825 514/8029/2825 1619/8030/2825
f 577/8031/2826 77/8032/2826 228/8033/2826
f 2449/8034/2827 228/8035/2827 77/8036/2827
f 1620/8037/2828 1498/8038/2828 1593/8039/2828
f 2962/8040/2829 150/8041/2829 180/8042/2829
f 150/8041/2830 2962/8040/2830 1620/8043/2830
f 1620/8043/2831 2962/8040/2831 180/8044/2831
f 2525/8045/2832 1620/8046/2832 1593/8047/2832
f 228/8019/2833 1593/8048/2833 2960/8020/2833
f 228/8049/2834 2525/8050/2834 1593/8051/2834
f 1541/8052/2835 1620/8053/2835 2525/8054/2835
f 2525/8055/2836 228/8056/2836 983/8057/2836
f 144/8058/2837 1579/8059/2837 1508/8060/2837
f 1882/8061/2838 2516/8062/2838 2512/8063/2838
f 263/8064/2839 669/8065/2839 1568/8066/2839
f 470/8067/2840 2466/8068/2840 2451/8069/2840
f 1193/8070/2841 2408/8071/2841 227/8072/2841
f 2963/8073/2842 2524/1077/2842 2536/8074/2842
f 2410/8075/2843 1504/8076/2843 1568/8077/2843
f 1504/8078/2844 263/8079/2844 1568/8080/2844
f 814/8081/2845 2395/8082/2845 2410/8083/2845
f 2395/8084/2846 162/8085/2846 2410/8086/2846
f 1568/8087/2847 814/8088/2847 2410/8089/2847
f 814/8090/2848 1568/8091/2848 669/8092/2848
f 2710/8093/2849 1482/8094/2849 1401/8095/2849
f 2517/8096/2850 1016/8097/2850 170/8098/2850
f 2544/8099/2851 2539/8100/2851 2964/8101/2851
f 1016/8102/2852 1407/8103/2852 170/8104/2852
f 2531/8105/2853 2707/8106/2853 1881/8107/2853
f 1501/8108/2854 814/8109/2854 1394/8110/2854
f 2517/8111/2855 1394/8112/2855 814/8113/2855
f 1683/8114/2856 2517/8115/2856 814/8116/2856
f 1394/8117/2857 2517/8118/2857 170/8119/2857
f 263/8120/2858 2451/8121/2858 1568/8122/2858
f 2959/8123/2859 1682/8124/2859 1581/8125/2859
f 2532/8126/2860 2856/8127/2860 2941/8128/2860
f 1016/8129/2861 2517/8130/2861 1683/8131/2861
f 2451/8132/2862 669/8133/2862 1568/8134/2862
f 669/8135/2863 1683/8136/2863 814/8137/2863
f 144/8138/2864 2541/8139/2864 1562/8140/2864
f 2536/8141/2865 2969/8142/2865 3134/8143/2865
f 2862/8144/2866 2524/8145/2866 2314/8146/2866
f 2970/8147/2867 2535/8148/2867 2622/8149/2867
f 2862/8144/2868 2314/8150/2868 2515/8151/2868
f 268/8152/2869 1572/8153/2869 1682/8154/2869
f 2963/8155/2870 2536/8156/2870 1682/8157/2870
f 1581/8158/2871 2587/8159/2871 2621/8160/2871
f 2859/8161/2872 1335/8162/2872 2585/8163/2872
f 2511/8164/2873 1875/8165/2873 1335/8166/2873
f 1882/1249/2874 150/8167/2874 2516/8168/2874
f 2520/8169/2875 2521/8170/2875 1686/8171/2875
f 2466/8172/2876 3135/8173/2876 2451/8174/2876
f 1682/7896/2877 2497/8175/2877 2963/8176/2877
f 2511/8177/2878 1335/8178/2878 1882/8179/2878
f 470/8067/2879 2451/8069/2879 263/8180/2879
f 2963/8181/2880 2497/1060/2880 2524/1062/2880
f 2314/8182/2881 650/8183/2881 1580/8184/2881
f 2501/8185/2882 1193/8186/2882 2314/8187/2882
f 1193/8188/2883 2501/8189/2883 1582/8190/2883
f 2910/2762/2884 1580/8191/2884 268/2763/2884
f 1566/8192/2885 459/8193/2885 607/8194/2885
f 1566/8195/2886 567/8196/2886 459/8197/2886
f 1097/8198/2887 1566/8199/2887 567/8200/2887
f 1543/8201/2888 1600/8202/2888 1612/8203/2888
f 1600/8204/2889 635/8205/2889 1612/8206/2889
f 1598/8207/2890 1001/8208/2890 459/8209/2890
f 1597/8210/2891 1543/8211/2891 698/8212/2891
f 1597/8213/2892 1875/8214/2892 2512/8215/2892
f 1543/8216/2893 1597/8217/2893 1600/8218/2893
f 712/8219/2894 1875/8220/2894 1597/8221/2894
f 1598/8222/2895 459/8223/2895 1097/8224/2895
f 1001/8225/2896 108/8226/2896 459/8227/2896
f 1583/8228/2897 459/8229/2897 108/8230/2897
f 627/8231/2898 34/8232/2898 693/8233/2898
f 34/8234/2899 627/8235/2899 623/8236/2899
f 571/8237/2900 1642/8238/2900 1670/8239/2900
f 623/8240/2901 1576/8241/2901 2261/8242/2901
f 2261/8242/2902 34/8243/2902 623/8244/2902
f 698/8245/2903 712/8246/2903 1597/8247/2903
f 1610/8248/2904 572/8249/2904 1574/8250/2904
f 2261/8251/2905 459/8252/2905 34/8253/2905
f 607/8254/2906 459/8255/2906 2261/8256/2906
f 567/8257/2907 17/8258/2907 1097/8259/2907
f 1576/8260/2908 607/8261/2908 2261/8262/2908
f 570/8263/2909 572/8264/2909 1544/8265/2909
f 607/8266/2910 1576/8267/2910 1573/8268/2910
f 1573/8269/2911 1576/8270/2911 1540/8271/2911
f 1530/8272/2912 1540/8273/2912 1550/8274/2912
f 682/8275/2913 1530/8276/2913 1550/8277/2913
f 682/8278/2914 622/8279/2914 1530/8280/2914
f 2548/8281/2915 2484/8282/2915 622/8283/2915
f 1548/8284/2916 1610/8285/2916 1574/8286/2916
f 1574/8287/2917 2484/8282/2917 2548/8281/2917
f 647/8288/2918 1610/8289/2918 1548/8290/2918
f 1610/8291/2919 1574/8292/2919 2548/8293/2919
f 1548/8294/2920 1610/8291/2920 2548/8295/2920
f 622/8296/2921 1548/8297/2921 2548/8298/2921
f 623/8299/2922 627/8300/2922 1603/8301/2922
f 1603/8302/2923 2273/8303/2923 623/8304/2923
f 682/8305/2924 2273/8303/2924 1603/8306/2924
f 2273/8303/2925 682/8307/2925 623/8308/2925
f 1611/8309/2926 647/8310/2926 1548/8311/2926
f 1605/8312/2927 1548/8313/2927 622/8314/2927
f 1099/8315/2928 1605/8316/2928 682/8317/2928
f 1611/8318/2929 2552/8319/2929 1027/8320/2929
f 1099/8321/2930 1548/8322/2930 1605/8323/2930
f 1099/8324/2931 682/8325/2931 1603/8326/2931
f 2554/8327/2932 1099/8328/2932 571/8329/2932
f 571/8330/2933 1099/8331/2933 2551/8332/2933
f 1099/8333/2934 2552/8334/2934 1027/8335/2934
f 2551/8336/2935 1603/8337/2935 571/8338/2935
f 2551/8336/2936 1099/8339/2936 1603/8340/2936
f 1642/8341/2937 571/8342/2937 2551/8343/2937
f 1603/8344/2938 1642/8345/2938 2551/8346/2938
f 1642/8347/2939 1603/8348/2939 627/8349/2939
f 1611/1112/2940 213/8350/2940 647/8351/2940
f 647/8352/2941 598/8353/2941 1611/8354/2941
f 2552/8334/2942 1099/8355/2942 2554/1107/2942
f 1027/1106/2943 2552/8334/2943 2554/1107/2943
f 2552/8356/2944 1548/8357/2944 1099/8358/2944
f 1548/8359/2945 2552/8360/2945 1611/8361/2945
f 572/8362/2946 1610/8363/2946 647/8364/2946
f 539/8365/2947 647/8366/2947 213/8367/2947
f 213/8368/2948 731/8369/2948 740/8370/2948
f 661/8371/2949 555/8372/2949 2555/8373/2949
f 2555/8373/2950 524/8374/2950 661/8375/2950
f 132/8376/2951 546/8377/2951 661/8378/2951
f 555/8379/2952 524/8374/2952 2555/8373/2952
f 661/8380/2953 546/8381/2953 2555/8382/2953
f 555/8383/2954 2555/8384/2954 546/8385/2954
f 546/8386/2955 2480/8387/2955 555/8388/2955
f 2483/8389/2956 599/8390/2956 1544/8391/2956
f 599/8392/2957 2483/8393/2957 555/8394/2957
f 2480/8395/2958 546/8396/2958 1527/8397/2958
f 546/8398/2959 1511/8399/2959 663/8400/2959
f 2553/1105/2960 546/8401/2960 132/8402/2960
f 132/8402/2961 1511/8403/2961 2553/1105/2961
f 2483/8404/2962 524/8405/2962 555/8406/2962
f 1544/8407/2963 524/8408/2963 2483/8409/2963
f 524/8410/2964 1544/8411/2964 2478/8412/2964
f 570/8413/2965 2549/8414/2965 632/8415/2965
f 570/8416/2966 1544/8417/2966 2549/8418/2966
f 2549/8419/2967 1544/8420/2967 632/8421/2967
f 2477/8422/2968 574/8423/2968 85/8424/2968
f 572/8425/2969 570/8426/2969 1574/8427/2969
f 572/8428/2970 539/8429/2970 2478/8430/2970
f 572/8431/2971 2478/8432/2971 1544/8433/2971
f 2478/8434/2972 1612/8435/2972 524/8436/2972
f 132/8437/2973 2477/8438/2973 85/8439/2973
f 661/8440/2974 2477/8441/2974 132/8442/2974
f 1615/8443/2975 661/8444/2975 524/8445/2975
f 524/8446/2976 1612/8447/2976 1615/8448/2976
f 539/8449/2977 1543/8450/2977 2478/8451/2977
f 2478/8452/2978 1543/8453/2978 1612/8454/2978
f 1543/8455/2979 740/8456/2979 698/8457/2979
f 740/8458/2980 1543/8459/2980 539/8460/2980
f 740/8461/2981 539/8462/2981 213/8463/2981
f 2477/8464/2982 661/8465/2982 1615/8466/2982
f 635/8467/2983 2477/8468/2983 1615/8469/2983
f 2477/8470/2984 1595/8471/2984 574/8472/2984
f 2477/8473/2985 635/8474/2985 1595/8475/2985
f 577/8476/2986 1509/8477/2986 77/8478/2986
f 77/8479/2987 1509/8480/2987 1493/8481/2987
f 1509/1129/2988 129/8482/2988 518/1127/2988
f 1618/8483/2989 518/8484/2989 2561/8485/2989
f 1618/8486/2990 137/8487/2990 1493/8488/2990
f 238/8489/2991 518/8490/2991 129/8491/2991
f 129/8492/2992 1499/8493/2992 238/8494/2992
f 1619/8030/2993 577/8495/2993 2960/8028/2993
f 1619/8496/2994 129/8497/2994 1509/8498/2994
f 2468/8499/2995 1619/8500/2995 554/8501/2995
f 1619/8502/2996 2468/8503/2996 1499/8504/2996
f 1499/8505/2997 129/8506/2997 1619/8507/2997
f 2457/8508/2998 1499/8509/2998 626/8510/2998
f 2457/8511/2999 1515/8512/2999 238/8513/2999
f 2468/8514/3000 1639/8515/3000 626/8516/3000
f 1499/8517/3001 2468/8518/3001 626/8519/3001
f 10/8520/3002 1639/122/3002 554/8521/3002
f 2463/8522/3003 10/8523/3003 525/8524/3003
f 626/8525/3004 10/8526/3004 1545/8527/3004
f 1565/8528/3005 626/8529/3005 1545/8530/3005
f 626/8531/3006 1565/8532/3006 1624/8533/3006
f 1565/1136/3007 1545/8534/3007 639/1137/3007
f 1649/8535/3008 1624/8536/3008 1565/8537/3008
f 1512/8538/3009 119/8539/3009 2463/8540/3009
f 1545/8541/3010 2463/8542/3010 2519/8543/3010
f 119/8544/3011 2519/8545/3011 2463/8546/3011
f 2519/8547/3012 639/8548/3012 1545/8549/3012
f 2519/7977/3013 119/8550/3013 1514/7975/3013
f 1514/8551/3014 119/8552/3014 240/8553/3014
f 1649/8554/3015 1526/8555/3015 507/8556/3015
f 1101/8557/3016 658/8558/3016 1647/8559/3016
f 85/8560/3017 1514/8561/3017 132/8562/3017
f 1514/8563/3018 240/8564/3018 132/8565/3018
f 132/8566/3019 240/8567/3019 1511/8568/3019
f 1525/8569/3020 2476/8570/3020 1616/8571/3020
f 2476/8572/3021 558/8573/3021 1513/8574/3021
f 2476/8575/3022 1513/8576/3022 1616/8577/3022
f 2476/8578/3023 574/8579/3023 558/8580/3023
f 1525/8581/3024 639/8582/3024 2476/8583/3024
f 1526/8584/3025 1616/8585/3025 1101/8586/3025
f 1525/8587/3026 1616/8588/3026 1526/8589/3026
f 1616/8590/3027 2558/8591/3027 1101/8592/3027
f 1622/8593/3028 1101/8594/3028 2558/8595/3028
f 1627/8596/3029 243/8597/3029 1515/8598/3029
f 99/8599/3030 1625/8600/3030 36/8601/3030
f 658/8602/3031 1625/8603/3031 99/8604/3031
f 36/8605/3032 1625/8606/3032 655/8607/3032
f 1625/8608/3033 658/8609/3033 138/8610/3033
f 1647/8611/3034 658/8612/3034 507/8613/3034
f 507/8613/3035 658/8612/3035 99/8614/3035
f 1526/8615/3036 1647/8616/3036 507/8617/3036
f 1526/8618/3037 1649/8619/3037 1565/8620/3037
f 1627/8621/3038 507/8622/3038 36/8623/3038
f 1515/8624/3039 1624/8625/3039 1627/8626/3039
f 1627/8627/3040 1624/8628/3040 507/8629/3040
f 507/8630/3041 1624/8631/3041 1649/8632/3041
f 1515/8633/3042 626/8634/3042 1624/8635/3042
f 1627/8636/3043 36/8637/3043 243/8638/3043
f 99/8639/3044 36/8640/3044 507/8641/3044
f 243/8642/3045 36/8643/3045 633/8644/3045
f 243/8645/3046 238/8646/3046 1515/8647/3046
f 2457/1132/3047 1624/1131/3047 1515/8648/3047
f 243/8649/3048 636/8650/3048 238/8651/3048
f 636/8652/3049 518/8653/3049 238/8654/3049
f 643/8655/3050 2561/8656/3050 636/8657/3050
f 636/8658/3051 2561/8656/3051 518/8659/3051
f 633/8660/3052 643/8661/3052 636/8662/3052
f 636/8663/3053 243/8664/3053 633/8665/3053
f 2561/8485/3054 643/8666/3054 1618/8483/3054
f 633/8667/3055 36/8668/3055 2560/8669/3055
f 643/8670/3056 633/8671/3056 6/8672/3056
f 36/8673/3057 1629/8674/3057 2560/8675/3057
f 1629/8676/3058 764/8677/3058 633/8678/3058
f 1629/8676/3059 633/8678/3059 2560/8679/3059
f 2465/8680/3060 2456/8681/3060 769/8682/3060
f 2456/6598/3061 2465/8683/3061 2951/6596/3061
f 769/8684/3062 500/8685/3062 2951/6596/3062
f 769/8684/3063 2951/6596/3063 2465/8686/3063
f 1635/8687/3064 137/8688/3064 1618/8689/3064
f 1644/8690/3065 1618/8691/3065 643/8692/3065
f 1618/8693/3066 1644/8694/3066 1635/8695/3066
f 1493/8696/3067 2562/8697/3067 77/8698/3067
f 2562/8699/3068 1493/8700/3068 137/8701/3068
f 137/8702/3069 1796/8703/3069 2562/8699/3069
f 2562/8704/3070 1796/8705/3070 1632/8706/3070
f 137/8707/3071 1636/8708/3071 1796/8709/3071
f 1635/8710/3072 648/8711/3072 746/8712/3072
f 656/8713/3073 19/8714/3073 1691/8715/3073
f 88/8716/3074 746/8717/3074 648/8718/3074
f 746/8719/3075 656/8720/3075 1691/8721/3075
f 19/8722/3076 2564/8723/3076 1636/8724/3076
f 19/8725/3077 1632/8726/3077 2564/8727/3077
f 522/8728/3078 1632/8726/3078 19/8725/3078
f 1636/8729/3079 2564/8730/3079 1796/8731/3079
f 2564/8732/3080 1632/8733/3080 1796/8734/3080
f 1636/8735/3081 746/8736/3081 1691/8737/3081
f 656/8738/3082 746/8739/3082 88/8740/3082
f 1636/8741/3083 1691/8715/3083 19/8742/3083
f 88/8743/3084 21/8744/3084 7/8745/3084
f 2557/8746/3085 657/8747/3085 649/8748/3085
f 88/8749/3086 7/8750/3086 1654/8751/3086
f 88/8752/3087 1654/8751/3087 656/8753/3087
f 7/8754/3088 21/8755/3088 644/8756/3088
f 757/8757/3089 1774/8758/3089 1640/8759/3089
f 659/8760/3090 644/8761/3090 657/8762/3090
f 644/8763/3091 1606/8764/3091 7/8765/3091
f 1606/8766/3092 1641/8767/3092 7/8768/3092
f 107/8769/3093 1641/8770/3093 1591/8771/3093
f 107/8772/3094 1652/8773/3094 133/8774/3094
f 1655/8775/3095 1659/8776/3095 1591/8777/3095
f 1654/8778/3096 107/8779/3096 656/8780/3096
f 656/8781/3097 133/8782/3097 19/8783/3097
f 522/8784/3098 19/8785/3098 1643/8786/3098
f 1643/8787/3099 19/8788/3099 133/8789/3099
f 1654/8790/3100 1641/8791/3100 107/8792/3100
f 649/8793/3101 657/8794/3101 21/8795/3101
f 21/8796/3102 657/8797/3102 644/8798/3102
f 649/8799/3103 88/8800/3103 648/8801/3103
f 88/8802/3104 649/8803/3104 21/8804/3104
f 6/8805/3105 648/8806/3105 643/8807/3105
f 6/8808/3106 649/8809/3106 648/8810/3106
f 1646/8811/3107 2557/8812/3107 764/8813/3107
f 657/8814/3108 2557/8815/3108 1646/8816/3108
f 2557/8817/3109 6/8818/3109 764/8819/3109
f 764/8820/3110 6/8821/3110 633/8822/3110
f 1629/8823/3111 1646/8824/3111 764/8825/3111
f 655/8826/3112 1646/8827/3112 1629/8828/3112
f 655/8829/3113 1629/8830/3113 36/8831/3113
f 138/8832/3114 1621/8833/3114 1628/1197/3114
f 1625/8834/3115 138/8835/3115 1628/8836/3115
f 655/8837/3116 1625/8834/3116 1628/8836/3116
f 2566/8838/3117 655/8839/3117 1628/8840/3117
f 1628/8841/3118 638/8842/3118 2566/8843/3118
f 2566/8844/3119 1646/8845/3119 655/8846/3119
f 2566/8847/3120 638/8848/3120 657/8849/3120
f 2566/8850/3121 657/8851/3121 1646/8852/3121
f 657/8853/3122 638/8854/3122 659/8855/3122
f 662/8856/3123 1606/8857/3123 644/8858/3123
f 1606/8859/3124 1655/8860/3124 1641/8861/3124
f 644/8862/3125 659/8863/3125 662/8864/3125
f 662/8865/3126 2563/8866/3126 1606/8867/3126
f 2563/8868/3127 2972/8869/3127 678/8870/3127
f 1648/8871/3128 662/8872/3128 638/8873/3128
f 659/8874/3129 638/8875/3129 662/8876/3129
f 638/8877/3130 1621/8878/3130 1648/8879/3130
f 1621/8880/3131 1102/8881/3131 1648/8882/3131
f 2563/8883/3132 662/8884/3132 678/8885/3132
f 1648/8886/3133 678/8887/3133 2972/8869/3133
f 662/8888/3134 1648/8889/3134 2972/8890/3134
f 2563/8868/3135 662/8891/3135 2972/8890/3135
f 1102/8892/3136 678/8893/3136 1648/8894/3136
f 1102/8895/3137 578/8896/3137 678/8897/3137
f 1102/8898/3138 138/8899/3138 2567/8900/3138
f 2567/8901/3139 1621/8902/3139 138/8903/3139
f 1621/8902/3140 2567/8901/3140 1102/8904/3140
f 1102/8905/3141 2567/8906/3141 674/8907/3141
f 138/8908/3142 674/8909/3142 2567/8910/3142
f 674/8911/3143 138/8912/3143 1622/8913/3143
f 658/8914/3144 1622/8915/3144 138/8916/3144
f 1622/8917/3145 658/8918/3145 1101/8919/3145
f 674/8920/3146 1622/8921/3146 1101/8922/3146
f 578/8923/3147 1102/8924/3147 674/8925/3147
f 652/8926/3148 1616/8927/3148 1513/8928/3148
f 652/8929/3149 2558/8930/3149 1616/8931/3149
f 578/8932/3150 674/8933/3150 652/8934/3150
f 2558/8935/3151 674/8936/3151 1622/8937/3151
f 2558/8930/3152 652/8929/3152 674/8938/3152
f 1623/8939/3153 652/8940/3153 547/8941/3153
f 547/8942/3154 652/8943/3154 1513/8944/3154
f 125/8945/3155 1656/8946/3155 634/8947/3155
f 1650/8948/3156 125/8949/3156 634/8950/3156
f 634/8951/3157 743/8952/3157 1650/8953/3157
f 634/8954/3158 1617/8955/3158 743/8956/3158
f 1656/8957/3159 125/8958/3159 734/8959/3159
f 1655/8960/3160 2570/8961/3160 1659/8962/3160
f 678/8963/3161 578/8964/3161 1623/8965/3161
f 1623/8966/3162 547/8967/3162 739/8968/3162
f 664/8969/3163 670/8970/3163 2570/8971/3163
f 734/8972/3164 125/8958/3164 670/8973/3164
f 1655/8974/3165 664/8975/3165 2570/8976/3165
f 2563/8977/3166 678/8978/3166 664/8979/3166
f 1659/8980/3167 2570/8981/3167 670/8982/3167
f 1650/8983/3168 127/8984/3168 125/8985/3168
f 664/8986/3169 1655/8987/3169 1606/8988/3169
f 2563/8989/3170 664/8990/3170 1606/8991/3170
f 1591/8992/3171 1659/8993/3171 1694/8994/3171
f 664/8995/3172 1653/8996/3172 670/8997/3172
f 2571/8998/3173 1653/8999/3173 734/9000/3173
f 1623/9001/3174 739/9002/3174 734/9003/3174
f 678/9004/3175 1653/9005/3175 664/9006/3175
f 1623/9007/3176 1653/9008/3176 678/9009/3176
f 734/9003/3177 2571/9010/3177 1623/9001/3177
f 670/9011/3178 1653/9012/3178 2571/9013/3178
f 2571/9014/3179 1653/9015/3179 1623/9016/3179
f 670/9017/3180 2571/9018/3180 734/9019/3180
f 2556/9020/3181 549/9021/3181 625/9022/3181
f 2556/9020/3182 625/9022/3182 2572/1205/3182
f 675/9023/3183 2573/9024/3183 625/9025/3183
f 660/9026/3184 625/9027/3184 2573/9028/3184
f 2573/9029/3185 675/9030/3185 660/9031/3185
f 1657/9032/3186 13/9033/3186 624/9034/3186
f 1657/9035/3187 624/9036/3187 117/9037/3187
f 625/9038/3188 1657/9039/3188 117/9040/3188
f 13/9041/3189 1657/9042/3189 625/9043/3189
f 1607/9044/3190 634/9045/3190 65/9046/3190
f 1607/9047/3191 1529/9048/3191 634/9049/3191
f 624/9050/3192 1529/9051/3192 1607/9052/3192
f 1529/9053/3193 1617/9054/3193 743/9055/3193
f 634/9056/3194 1529/9057/3194 1617/9058/3194
f 1658/9059/3195 1617/9060/3195 1529/9061/3195
f 2576/9062/3196 624/9063/3196 741/9064/3196
f 1529/9065/3197 741/9066/3197 1658/9067/3197
f 1529/9068/3198 624/9069/3198 741/9070/3198
f 741/1385/3199 2646/1384/3199 1658/9071/3199
f 666/9072/3200 683/9073/3200 741/9074/3200
f 666/9075/3201 1661/9076/3201 683/9077/3201
f 666/9078/3202 1664/9079/3202 1661/9080/3202
f 666/9081/3203 741/9082/3203 13/9083/3203
f 624/9084/3204 13/9085/3204 2576/9086/3204
f 2576/9087/3205 13/9088/3205 741/9089/3205
f 660/9090/3206 13/9091/3206 625/9092/3206
f 666/9093/3207 13/9094/3207 660/9095/3207
f 660/9096/3208 1664/9097/3208 666/9098/3208
f 690/9099/3209 598/9100/3209 1027/9101/3209
f 692/9102/3210 660/9103/3210 711/9104/3210
f 711/9105/3211 660/9106/3211 675/9107/3211
f 1575/9108/3212 690/9109/3212 1670/9110/3212
f 1602/9111/3213 692/9112/3213 711/9113/3213
f 571/9114/3214 1670/9115/3214 690/9116/3214
f 710/9117/3215 2202/9118/3215 742/9119/3215
f 571/9120/3216 690/9121/3216 1027/9122/3216
f 1664/9123/3217 660/9124/3217 692/9125/3217
f 1664/9126/3218 1674/9127/3218 1661/9128/3218
f 2195/9129/3219 587/9130/3219 1747/9131/3219
f 2203/9132/3220 1674/9133/3220 1664/9134/3220
f 1673/9135/3221 2642/9136/3221 1674/9137/3221
f 2203/9138/3222 1673/9139/3222 1674/9140/3222
f 2203/9141/3223 1664/9142/3223 692/9143/3223
f 1676/9144/3224 2203/9145/3224 692/9146/3224
f 1676/9147/3225 1673/9148/3225 2577/9149/3225
f 2580/9150/3226 1676/9151/3226 692/9152/3226
f 2203/9153/3227 1676/9147/3227 2577/9154/3227
f 2203/9155/3228 2577/9156/3228 1673/9157/3228
f 742/9158/3229 728/9159/3229 710/9160/3229
f 616/9161/3230 728/9162/3230 742/9163/3230
f 2577/9164/3231 1676/9165/3231 1704/9166/3231
f 1577/9167/3232 1673/9168/3232 2577/9169/3232
f 2580/9170/3233 1602/9171/3233 1669/9172/3233
f 1669/9173/3234 1676/9174/3234 2580/9175/3234
f 1575/9176/3235 688/9177/3235 673/9178/3235
f 702/9179/3236 690/9180/3236 864/9181/3236
f 864/9182/3237 1575/9183/3237 673/9184/3237
f 688/9185/3238 2202/9186/3238 2579/9187/3238
f 1575/9188/3239 864/9189/3239 690/9190/3239
f 711/9191/3240 675/9192/3240 1602/9193/3240
f 213/9194/3241 598/9195/3241 731/9196/3241
f 1575/9197/3242 1670/9198/3242 688/9199/3242
f 731/9200/3243 690/9201/3243 702/9202/3243
f 1599/9203/3244 731/9204/3244 702/9205/3244
f 2581/9206/3245 1599/9207/3245 1602/9208/3245
f 2514/9209/3246 675/9210/3246 549/9211/3246
f 1599/9212/3247 702/9213/3247 1651/9214/3247
f 2581/1228/3248 1602/9215/3248 675/9216/3248
f 2514/9217/3249 1602/9218/3249 2581/9219/3249
f 1599/9220/3250 2581/9221/3250 2514/9222/3250
f 864/9223/3251 1651/9224/3251 702/9225/3251
f 1613/9226/3252 983/9227/3252 773/9228/3252
f 549/9229/3253 680/9230/3253 2514/9231/3253
f 740/9232/3254 731/9233/3254 1599/9234/3254
f 698/9235/3255 1698/9236/3255 712/9237/3255
f 1698/9238/3256 1599/9239/3256 2514/9240/3256
f 1599/9241/3257 1651/9242/3257 1698/9243/3257
f 2514/9244/3258 1390/9245/3258 1698/9246/3258
f 1669/9247/3259 2623/9248/3259 1704/9249/3259
f 1698/9250/3260 1669/9251/3260 1599/9252/3260
f 2578/9253/3261 1672/9254/3261 1680/1227/3261
f 1698/9255/3262 698/9256/3262 1599/9257/3262
f 698/9258/3263 740/9259/3263 1599/9260/3263
f 1753/9261/3264 2587/9262/3264 1680/9263/3264
f 2585/9264/3265 1680/9265/3265 2859/9266/3265
f 1875/9267/3266 2540/9268/3266 1335/9269/3266
f 2545/9270/3267 2859/9271/3267 2587/9272/3267
f 1335/9273/3268 2859/9274/3268 2545/9275/3268
f 1677/9276/3269 1753/9277/3269 1680/9278/3269
f 2542/9279/3270 1882/9280/3270 1335/9281/3270
f 2973/9282/3271 2612/9283/3271 1703/9284/3271
f 2539/9285/3272 1696/9286/3272 2964/9287/3272
f 1562/9288/3273 2614/9289/3273 144/8138/3273
f 2541/9290/3274 2710/8093/3274 1401/9291/3274
f 1562/9292/3275 2523/9293/3275 2542/9294/3275
f 1407/9295/3276 2539/9296/3276 2530/9297/3276
f 2545/9270/3277 2587/9272/3277 1581/9298/3277
f 2588/9299/3278 2542/9300/3278 2537/9301/3278
f 2969/9302/3279 2588/9303/3279 2537/9304/3279
f 2542/9279/3280 2523/9305/3280 1882/9306/3280
f 1581/8158/3281 2621/9307/3281 2959/9308/3281
f 1667/9309/3282 1710/9310/3282 1879/9311/3282
f 1667/9309/3283 1879/9312/3283 1668/9313/3283
f 2585/8163/3284 1335/9314/3284 2540/9315/3284
f 2542/9316/3285 1335/9317/3285 2545/9275/3285
f 2523/9318/3286 1562/1072/3286 2543/1071/3286
f 2589/9319/3287 2541/9320/3287 1579/9321/3287
f 2541/9322/3288 1596/9323/3288 1579/9324/3288
f 1562/9325/3289 2541/9326/3289 1587/9327/3289
f 144/9328/3290 3132/9329/3290 2710/8093/3290
f 2541/1241/3291 1687/1240/3291 1587/9330/3291
f 1687/9331/3292 2589/9332/3292 1579/9333/3292
f 1687/9334/3293 1584/9335/3293 1587/9336/3293
f 1613/9337/3294 2961/9338/3294 983/9339/3294
f 1698/9340/3295 1390/9341/3295 3113/9342/3295
f 1579/9343/3296 668/9344/3296 2543/9345/3296
f 1587/9346/3297 1687/9347/3297 2543/9348/3297
f 668/9349/3298 1579/9350/3298 2523/9351/3298
f 2543/9352/3299 668/9353/3299 2523/9354/3299
f 2961/7991/3300 2599/9355/3300 1541/9356/3300
f 1541/9357/3301 600/9358/3301 1686/9359/3301
f 1520/9360/3302 600/9361/3302 2596/9362/3302
f 2596/9363/3303 1799/9364/3303 1614/9365/3303
f 600/9366/3304 1685/9367/3304 2596/9368/3304
f 2565/9369/3305 2961/9338/3305 1613/9337/3305
f 1541/9370/3306 2599/9355/3306 2602/9371/3306
f 2565/9372/3307 2599/9373/3307 2961/9374/3307
f 1799/9375/3308 1685/9376/3308 680/9377/3308
f 1685/9378/3309 1390/9379/3309 680/9380/3309
f 2596/9381/3310 1685/9382/3310 1799/9383/3310
f 2598/9384/3311 2590/9385/3311 1584/9386/3311
f 2590/9387/3312 2599/9388/3312 1681/9389/3312
f 1613/9390/3313 773/9391/3313 699/9392/3313
f 1681/9393/3314 2599/9394/3314 2565/9395/3314
f 983/9396/3315 2526/9397/3315 773/9398/3315
f 773/9399/3316 2526/9400/3316 699/9401/3316
f 77/9402/3317 2562/9403/3317 2526/9404/3317
f 2562/9405/3318 1632/9406/3318 2526/9407/3318
f 1613/9408/3319 699/9409/3319 2597/9410/3319
f 522/9411/3320 699/9412/3320 1632/9413/3320
f 2595/9414/3321 2597/9415/3321 1768/9416/3321
f 2449/9417/3322 983/9418/3322 228/9419/3322
f 983/9420/3323 2449/9421/3323 2526/9422/3323
f 2526/9423/3324 2449/9424/3324 77/9425/3324
f 2603/9426/3325 547/9427/3325 1614/9428/3325
f 547/9429/3326 558/9430/3326 1614/9431/3326
f 2556/9432/3327 680/9433/3327 549/9434/3327
f 1665/9435/3328 680/9436/3328 2556/9437/3328
f 680/9438/3329 1665/9439/3329 1799/9440/3329
f 1665/9441/3330 2556/9442/3330 117/9443/3330
f 1799/9444/3331 739/9445/3331 2603/9446/3331
f 739/9445/3332 547/9447/3332 2603/9446/3332
f 117/9448/3333 65/9449/3333 2604/9450/3333
f 2604/9451/3334 734/9452/3334 1799/9453/3334
f 2604/9454/3335 1799/9455/3335 1665/9456/3335
f 2604/9457/3336 1665/9458/3336 117/9459/3336
f 734/9460/3337 2604/9461/3337 65/9462/3337
f 127/9463/3338 1776/9464/3338 667/9465/3338
f 65/9466/3339 634/9467/3339 1656/9468/3339
f 65/9469/3340 1656/9470/3340 734/9471/3340
f 127/9472/3341 667/9473/3341 670/9474/3341
f 1659/9475/3342 667/9476/3342 128/9477/3342
f 128/9478/3343 1694/9479/3343 1659/9480/3343
f 1694/9481/3344 1652/9482/3344 1591/9483/3344
f 2595/9484/3345 1769/9485/3345 2138/9486/3345
f 1652/9487/3346 707/9488/3346 133/9489/3346
f 1652/9490/3347 1694/9491/3347 1768/9492/3347
f 1784/9493/3348 2650/9494/3348 755/9495/3348
f 654/9496/3349 755/9497/3349 1779/9498/3349
f 2975/9499/3350 797/9500/3350 1781/9501/3350
f 755/9502/3351 654/9503/3351 2608/9504/3351
f 707/9505/3352 2597/9506/3352 2601/9507/3352
f 707/9508/3353 2601/9509/3353 522/9510/3353
f 699/9511/3354 2601/9512/3354 2597/9410/3354
f 2601/9512/3355 699/9513/3355 522/9514/3355
f 707/9515/3356 1768/9516/3356 2597/9517/3356
f 128/9518/3357 1692/9519/3357 1769/9520/3357
f 1652/9521/3358 1768/9522/3358 707/9523/3358
f 2597/9524/3359 2595/9414/3359 2565/9525/3359
f 1694/9526/3360 1769/9527/3360 1768/9528/3360
f 832/9529/3361 1692/9530/3361 2606/9531/3361
f 128/9532/3362 694/9533/3362 2606/9534/3362
f 2975/9535/3363 1784/9536/3363 755/9537/3363
f 2595/9538/3364 2138/9539/3364 1681/9540/3364
f 1681/9541/3365 1769/9542/3365 2595/9543/3365
f 2565/9525/3366 2595/9414/3366 1681/9544/3366
f 1769/9545/3367 2595/9546/3367 1768/9547/3367
f 1692/9548/3368 2138/9549/3368 1769/9550/3368
f 805/9551/3369 2138/9552/3369 832/9553/3369
f 726/9554/3370 805/9555/3370 2586/9556/3370
f 1613/9557/3371 2597/9558/3371 2565/9559/3371
f 2977/9560/3372 1697/9561/3372 677/9562/3372
f 2612/9563/3373 2615/9564/3373 805/9565/3373
f 797/9566/3374 2975/9535/3374 755/9537/3374
f 729/9567/3375 1697/9568/3375 2977/9569/3375
f 2619/9570/3376 677/9571/3376 1697/9572/3376
f 797/9573/3377 824/9574/3377 1781/9575/3377
f 2212/9576/3378 136/9577/3378 1737/9578/3378
f 2610/9579/3379 1707/9580/3379 1697/9581/3379
f 2025/9582/3380 2593/9583/3380 2983/9584/3380
f 2594/9585/3381 2973/9586/3381 3114/9587/3381
f 1681/9588/3382 2615/9589/3382 2590/9590/3382
f 2590/9590/3383 2615/9589/3383 2598/9591/3383
f 2590/9592/3384 1687/9593/3384 1681/9594/3384
f 947/9595/3385 729/9596/3385 2982/9597/3385
f 2698/9598/3386 2982/9597/3386 729/9596/3386
f 2981/9599/3387 2974/9600/3387 2611/9601/3387
f 2590/9602/3388 1681/9603/3388 1584/9604/3388
f 2598/9591/3389 1681/9605/3389 2590/9590/3389
f 1584/9606/3390 1681/9607/3390 2598/9608/3390
f 2974/9609/3391 2619/9610/3391 2611/9611/3391
f 3118/9612/3392 1022/9613/3392 2620/9614/3392
f 2978/9615/3393 1703/9616/3393 2612/9617/3393
f 1681/9588/3394 2612/9618/3394 2615/9589/3394
f 2612/9618/3395 2598/9591/3395 2615/9589/3395
f 2138/9619/3396 2615/9620/3396 1681/9621/3396
f 805/9622/3397 2615/9623/3397 2138/9624/3397
f 2612/9625/3398 2973/9626/3398 2598/9627/3398
f 805/9628/3399 2978/9629/3399 2612/9630/3399
f 1651/9631/3400 1672/9632/3400 2578/9633/3400
f 2973/9634/3401 2617/9635/3401 2585/9636/3401
f 2585/9637/3402 2617/9635/3402 1680/9638/3402
f 1703/9284/3403 3117/9639/3403 2617/9640/3403 2973/9282/3403
f 1706/9641/3404 2212/9642/3404 3093/9643/3404 1677/9644/3404
f 805/9555/3405 726/9554/3405 2978/9615/3405
f 2607/9645/3406 805/9646/3406 832/9647/3406
f 1022/9648/3407 1737/9649/3407 2620/9650/3407
f 2631/9651/3408 1022/9652/3408 1703/9653/3408
f 2631/9651/3409 1703/9654/3409 726/9655/3409
f 2978/9615/3410 726/9656/3410 1703/9657/3410
f 1706/9658/3411 728/9659/3411 136/9660/3411
f 864/9661/3412 1672/9662/3412 1651/9663/3412
f 1704/9249/3413 1676/9664/3413 1669/9247/3413
f 728/9665/3414 1749/9666/3414 710/9667/3414
f 2577/9668/3415 1704/9669/3415 1577/9670/3415
f 1701/9671/3416 1700/9672/3416 1704/9673/3416
f 673/9674/3417 1672/9675/3417 864/9676/3417
f 1749/1295/3418 1706/9677/3418 1672/9678/3418
f 1706/9679/3419 1749/9680/3419 728/9681/3419
f 710/9682/3420 673/9683/3420 2579/9684/3420
f 673/9685/3421 710/9686/3421 1749/9687/3421
f 2579/9688/3422 673/9689/3422 688/9690/3422
f 1599/9691/3423 1669/9692/3423 1602/9693/3423
f 616/9694/3424 1688/9695/3424 728/9696/3424
f 31/9697/3425 1663/9698/3425 566/9699/3425
f 31/9700/3426 671/9701/3426 1663/9702/3426
f 2100/9703/3427 155/9704/3427 783/9705/3427
f 736/9706/3428 1690/9707/3428 671/9708/3428
f 1690/9709/3429 1663/9710/3429 671/9711/3429
f 2586/9712/3430 677/9713/3430 726/9714/3430
f 1690/9715/3431 736/9716/3431 1720/9717/3431
f 1720/1309/3432 736/9718/3432 2616/1310/3432
f 2586/9719/3433 2984/9720/3433 677/9721/3433
f 2616/9722/3434 576/9723/3434 763/9724/3434
f 736/9725/3435 763/9726/3435 2616/9727/3435
f 736/9728/3436 576/9729/3436 2616/9730/3436
f 2624/9731/3437 2626/9732/3437 155/9733/3437
f 2100/9734/3438 783/9735/3438 2624/9736/3438
f 651/9737/3439 576/9738/3439 1736/9739/3439
f 1762/9740/3440 2626/9741/3440 2834/9742/3440
f 687/9743/3441 2706/9744/3441 2103/9745/3441
f 155/9746/3442 691/9747/3442 1736/9748/3442
f 2985/9749/3443 1725/9750/3443 2102/9751/3443
f 2624/9752/3444 155/9753/3444 2100/9754/3444
f 843/9755/3445 1863/9756/3445 821/9757/3445
f 1762/9758/3446 2634/9759/3446 2629/9760/3446 2099/9761/3446
f 729/9762/3447 947/9763/3447 2610/9764/3447
f 2103/9765/3448 2706/9766/3448 1877/9767/3448
f 2624/9768/3449 687/9743/3449 2103/9745/3449
f 1771/9769/3450 1772/9770/3450 1770/9771/3450
f 590/9772/3451 1895/9773/3451 2986/9774/3451
f 2698/9775/3452 729/9776/3452 1772/9777/3452
f 729/9567/3453 2977/9569/3453 1770/9778/3453
f 2977/9560/3454 677/9779/3454 1770/9780/3454
f 606/9781/3455 651/9782/3455 576/9783/3455
f 606/9784/3456 651/9785/3456 1736/9786/3456
f 2632/9787/3457 2712/9788/3457 1813/9789/3457
f 651/9790/3458 760/9791/3458 1813/9792/3458
f 576/9793/3459 2987/9794/3459 2616/9795/3459
f 2987/9796/3460 763/9797/3460 2616/9798/3460
f 651/9799/3461 2987/9794/3461 576/9800/3461
f 651/1317/3462 763/1316/3462 2987/9801/3462
f 2984/9720/3463 2586/9802/3463 1714/9803/3463
f 1711/9804/3464 2988/9805/3464 611/9806/3464
f 611/9807/3465 1711/9808/3465 1590/9809/3465
f 1590/9810/3466 1714/9811/3466 1711/9812/3466
f 207/9813/3467 1690/9814/3467 1720/9815/3467
f 1693/9816/3468 207/9817/3468 1720/9818/3468
f 134/9819/3469 1720/9820/3469 763/9821/3469
f 763/9822/3470 837/9823/3470 134/9824/3470
f 1791/9825/3471 2711/9826/3471 1899/9827/3471
f 1718/9828/3472 1813/9829/3472 760/9830/3472
f 2630/1427/3473 1718/9831/3473 1813/1428/3473
f 1718/1319/3474 763/1318/3474 1813/9832/3474
f 837/9833/3475 1718/9834/3475 760/9835/3475
f 1810/9836/3476 2975/9837/3476 1781/9838/3476
f 1718/9839/3477 2635/9840/3477 1775/9841/3477
f 837/9842/3478 1718/9843/3478 2635/9844/3478
f 1786/9845/3479 2635/9846/3479 1764/9847/3479
f 1715/9848/3480 837/9849/3480 760/9850/3480
f 1786/9851/3481 837/9852/3481 1764/9853/3481
f 2635/9854/3482 1786/9855/3482 837/9856/3482
f 134/9857/3483 653/9858/3483 2633/9859/3483
f 653/9860/3484 1693/9861/3484 2633/9862/3484
f 2607/9863/3485 1714/9864/3485 2586/9865/3485
f 1720/9866/3486 2633/9867/3486 1693/9868/3486
f 611/9869/3487 2988/9805/3487 165/9870/3487
f 1590/9871/3488 738/9872/3488 1765/9873/3488
f 1590/9874/3489 681/9875/3489 165/9876/3489
f 1590/9877/3490 1765/9878/3490 681/9879/3490
f 2988/9805/3491 1711/9880/3491 165/9881/3491
f 566/9882/3492 611/9883/3492 165/9884/3492
f 1663/9885/3493 207/9886/3493 566/9887/3493
f 611/9888/3494 1722/9889/3494 738/9890/3494
f 1722/9891/3495 727/9892/3495 738/9893/3495
f 1722/9894/3496 1693/9895/3496 727/9896/3496
f 611/9897/3497 207/9898/3497 1722/9899/3497
f 207/9900/3498 1693/9901/3498 1722/9902/3498
f 559/9903/3499 671/1305/3499 1724/1304/3499
f 732/9904/3500 559/9905/3500 1724/9906/3500
f 732/9907/3501 52/9908/3501 559/9909/3501
f 736/9910/3502 719/9911/3502 1716/9912/3502
f 559/9913/3503 801/9914/3503 671/9915/3503
f 719/9916/3504 736/9917/3504 801/9918/3504
f 145/9919/3505 719/9920/3505 754/9921/3505
f 837/9922/3506 1786/9923/3506 134/9924/3506
f 2122/9925/3507 1713/9926/3507 3140/9927/3507 2692/9928/3507
f 2638/9929/3508 691/9930/3508 171/9931/3508
f 1727/9932/3509 606/9933/3509 691/9934/3509
f 2638/9935/3510 1727/9936/3510 691/9937/3510
f 1716/9938/3511 719/9939/3511 145/9940/3511
f 606/9941/3512 1736/9786/3512 691/9942/3512
f 1716/9943/3513 155/9944/3513 1736/9945/3513
f 576/9946/3514 1716/9947/3514 1736/9948/3514
f 1716/9949/3515 576/9950/3515 736/9951/3515
f 1716/9952/3516 145/9953/3516 155/9954/3516
f 823/9955/3517 971/9956/3517 155/9957/3517
f 691/9958/3518 155/9959/3518 971/9960/3518
f 2100/9961/3519 1725/9962/3519 783/9963/3519
f 155/9964/3520 145/9965/3520 2100/9966/3520
f 2102/9751/3521 783/9967/3521 2985/9749/3521
f 1725/9968/3522 2100/9961/3522 145/9969/3522
f 1725/9970/3523 2985/9749/3523 783/9971/3523
f 1740/9972/3524 2641/9973/3524 1725/9974/3524
f 1725/9975/3525 754/9976/3525 1740/9977/3525
f 689/9978/3526 1740/9979/3526 754/9980/3526
f 964/9981/3527 2640/9982/3527 559/9983/3527
f 559/9984/3528 2640/9985/3528 801/9986/3528
f 754/9987/3529 964/9988/3529 689/9989/3529
f 754/9990/3530 2640/9991/3530 964/9992/3530
f 719/9993/3531 2640/9994/3531 754/9995/3531
f 801/9986/3532 2640/9996/3532 719/9997/3532
f 559/9998/3533 52/9999/3533 964/10000/3533
f 1031/10001/3534 689/10002/3534 52/10003/3534
f 52/10004/3535 2990/10005/3535 1031/10006/3535
f 1031/10007/3536 2990/10005/3536 703/10008/3536
f 52/10009/3537 703/10010/3537 2990/10005/3537
f 52/10011/3538 732/10012/3538 703/10013/3538
f 1724/10014/3539 31/10015/3539 732/10016/3539
f 31/10017/3540 1723/10018/3540 732/10019/3540
f 723/10020/3541 703/10021/3541 732/10022/3541
f 703/10023/3542 620/10024/3542 1031/10025/3542
f 732/10026/3543 1723/10027/3543 723/10028/3543
f 1763/10029/3544 1014/10030/3544 1760/10031/3544
f 1014/10032/3545 2574/10033/3545 717/10034/3545
f 2574/10035/3546 1014/10036/3546 1763/10037/3546
f 2574/10038/3547 2620/10039/3547 1737/10040/3547
f 2574/10041/3548 1700/10042/3548 2620/10043/3548
f 1737/10044/3549 717/10045/3549 2574/10046/3549
f 136/10047/3550 717/10048/3550 1737/10049/3550
f 963/10050/3551 985/10051/3551 1756/10052/3551
f 1014/10053/3552 1029/10054/3552 1699/10055/3552
f 1760/10056/3553 1014/10057/3553 1699/10058/3553
f 1699/10059/3554 723/10060/3554 716/10061/3554
f 620/10062/3555 703/10063/3555 1746/10064/3555
f 665/10065/3556 717/10066/3556 733/10067/3556
f 852/10068/3557 2124/10069/3557 1688/10070/3557
f 1014/10071/3558 717/10072/3558 2618/10073/3558
f 2618/10073/3559 717/10074/3559 665/10075/3559
f 720/10076/3560 2643/10077/3560 1763/10078/3560
f 2643/10079/3561 2574/10080/3561 1763/10081/3561
f 2643/10082/3562 1700/10083/3562 2574/10084/3562
f 1700/10085/3563 2643/10086/3563 720/10087/3563
f 1577/10088/3564 1700/10085/3564 720/10089/3564
f 1688/10090/3565 717/10091/3565 136/10092/3565
f 2124/10093/3566 733/10094/3566 1688/10095/3566
f 852/10096/3567 1688/10097/3567 616/10098/3567
f 1759/10099/3568 1673/10100/3568 1577/10101/3568
f 1029/10102/3569 1014/10103/3569 665/10104/3569
f 723/10105/3570 1746/10106/3570 703/10107/3570
f 2218/10108/3571 1746/10109/3571 665/10110/3571
f 1746/10111/3572 1029/10112/3572 665/10113/3572
f 665/10114/3573 963/10115/3573 2218/10116/3573
f 1746/10117/3574 2218/10118/3574 620/10119/3574
f 1029/10120/3575 1746/10121/3575 723/10122/3575
f 704/10123/3576 2642/10124/3576 1759/10125/3576
f 714/10126/3577 1660/10127/3577 704/10128/3577
f 1666/10129/3578 1744/10130/3578 704/10131/3578
f 704/10132/3579 1744/10133/3579 1660/10134/3579
f 1744/10135/3580 1666/10136/3580 685/10137/3580
f 1759/10138/3581 1666/10139/3581 704/10140/3581
f 1666/10141/3582 1759/10142/3582 720/10143/3582
f 713/10144/3583 1666/10145/3583 720/10146/3583
f 714/10147/3584 1660/10148/3584 1744/10149/3584
f 685/10150/3585 714/10151/3585 1744/10149/3585
f 1745/10152/3586 1750/10153/3586 704/10154/3586
f 1674/10155/3587 1750/10156/3587 1745/10157/3587
f 1661/10158/3588 1674/10159/3588 1745/10157/3588
f 1661/10160/3589 1745/10161/3589 683/10162/3589
f 2642/10163/3590 1750/10164/3590 1674/10165/3590
f 2642/10166/3591 704/10167/3591 1750/10168/3591
f 2642/10169/3592 1673/10170/3592 1759/10171/3592
f 1759/10172/3593 1577/10173/3593 720/10174/3593
f 1660/10175/3594 1745/10176/3594 704/10177/3594
f 1767/10178/3595 714/10179/3595 2645/10180/3595
f 216/10181/3596 681/10182/3596 1761/10183/3596
f 685/10184/3597 1761/10185/3597 681/10186/3597
f 1763/10187/3598 1760/10188/3598 713/10189/3598
f 685/10190/3599 713/10191/3599 1761/10192/3599
f 1760/10193/3600 216/10194/3600 713/10195/3600
f 216/10196/3601 566/10197/3601 165/10198/3601
f 681/10199/3602 216/10200/3602 165/10201/3602
f 737/10202/3603 685/10203/3603 681/10204/3603
f 2645/10205/3604 714/10206/3604 685/10207/3604
f 685/10208/3605 737/10209/3605 2645/10205/3605
f 216/10210/3606 1760/10211/3606 1699/10212/3606
f 1723/10213/3607 31/10214/3607 716/10215/3607
f 2644/10216/3608 716/10217/3608 31/10218/3608
f 1699/10219/3609 716/10220/3609 1760/10221/3609
f 716/10222/3610 566/10223/3610 2991/10224/3610
f 716/10225/3611 2991/10226/3611 1760/10227/3611
f 566/10228/3612 1760/10229/3612 2991/10230/3612
f 566/10231/3613 216/10232/3613 1760/10233/3613
f 2644/10234/3614 566/10235/3614 716/10236/3614
f 2644/10237/3615 31/10238/3615 566/10239/3615
f 506/10240/3616 751/10241/3616 745/10242/3616
f 506/10243/3617 727/10244/3617 751/10245/3617
f 1626/10246/3618 827/10247/3618 506/10248/3618
f 506/10249/3619 827/10250/3619 727/10251/3619
f 1028/10252/3620 618/10253/3620 835/10254/3620
f 738/10255/3621 727/10256/3621 827/10257/3621
f 116/10258/3622 1765/10259/3622 738/10260/3622
f 1765/10261/3623 116/10262/3623 749/10263/3623
f 74/10264/3624 701/10265/3624 749/10266/3624
f 701/10267/3625 74/10268/3625 116/10269/3625
f 749/10270/3626 694/10271/3626 768/10272/3626
f 768/10273/3627 679/10274/3627 749/10275/3627
f 74/10276/3628 1765/10277/3628 749/10278/3628
f 749/10279/3629 679/10280/3629 74/10281/3629
f 1689/10282/3630 1765/10283/3630 74/10284/3630
f 681/10285/3631 1765/10286/3631 737/10287/3631
f 737/10287/3632 1765/10288/3632 1689/10289/3632
f 1757/10290/3633 1660/10291/3633 560/10292/3633
f 2575/10293/3634 1662/10294/3634 560/10295/3634
f 2575/10296/3635 560/10297/3635 1028/10298/3635
f 2646/10299/3636 1662/10300/3636 1658/10301/3636
f 1662/10302/3637 1757/10303/3637 560/10304/3637
f 1658/10305/3638 683/10306/3638 2646/10307/3638
f 2646/10308/3639 683/10309/3639 1662/10310/3639
f 1757/10311/3640 1745/10312/3640 1660/10313/3640
f 1745/10314/3641 1757/10315/3641 683/10316/3641
f 560/10317/3642 714/10318/3642 1767/10319/3642
f 714/10320/3643 560/10321/3643 1757/10322/3643
f 714/10323/3644 1757/10322/3644 1660/10324/3644
f 737/10325/3645 1767/10326/3645 2645/10327/3645
f 737/10328/3646 1689/10329/3646 1767/10330/3646
f 74/10331/3647 618/10332/3647 1689/10333/3647
f 618/10334/3648 1028/10335/3648 1689/10336/3648
f 1028/10337/3649 1767/10338/3649 1689/10339/3649
f 1028/10340/3650 560/10341/3650 1767/10342/3650
f 2575/10343/3651 1028/10344/3651 835/10345/3651
f 679/10346/3652 618/10347/3652 74/10348/3652
f 1776/10349/3653 2569/10350/3653 679/10351/3653
f 553/10352/3654 2605/10353/3654 757/10354/3654
f 2575/10355/3655 743/10356/3655 1662/10357/3655
f 1662/10358/3656 743/10359/3656 1658/10360/3656
f 743/10361/3657 1617/10362/3657 1658/10363/3657
f 835/10364/3658 2569/10365/3658 1650/10366/3658
f 743/10367/3659 835/10368/3659 1650/10369/3659
f 1776/10370/3660 127/10371/3660 2569/10372/3660
f 1650/10373/3661 2569/10374/3661 127/10375/3661
f 2569/10376/3662 835/10377/3662 618/10378/3662
f 1776/10379/3663 679/10380/3663 768/10381/3663
f 2605/10353/3664 701/10382/3664 757/10354/3664
f 553/10383/3665 701/10382/3665 2605/10353/3665
f 757/10384/3666 2605/1406/3666 1778/10385/3666
f 701/10386/3667 1626/10387/3667 2647/10388/3667
f 2647/10389/3668 1626/10390/3668 1778/10391/3668
f 116/10392/3669 1626/10393/3669 701/10394/3669
f 694/10395/3670 1776/10396/3670 768/10397/3670
f 694/10398/3671 667/10399/3671 1776/10400/3671
f 1783/10401/3672 768/10402/3672 553/10403/3672
f 128/10404/3673 667/10405/3673 2976/10406/3673
f 667/10407/3674 694/10408/3674 2976/10409/3674
f 128/10410/3675 2976/10411/3675 694/10412/3675
f 701/10413/3676 768/10414/3676 749/10415/3676
f 553/10416/3677 1774/10417/3677 1640/10418/3677
f 747/10419/3678 1774/10420/3678 1729/10421/3678
f 757/10422/3679 1729/10423/3679 1774/10424/3679
f 1778/10425/3680 1729/10426/3680 757/10427/3680
f 745/10428/3681 750/10429/3681 506/10430/3681
f 1778/10431/3682 1626/10432/3682 506/10433/3682
f 506/10434/3683 750/10435/3683 1778/10436/3683
f 1778/10437/3684 750/10438/3684 1729/10439/3684
f 697/10440/3685 747/10441/3685 1729/140/3685
f 1729/140/3686 747/10442/3686 750/10443/3686
f 1638/10444/3687 747/10445/3687 697/10446/3687
f 756/10447/3688 676/10448/3688 697/10449/3688
f 1638/10450/3689 697/10451/3689 676/10452/3689
f 748/10453/3690 756/10454/3690 697/10455/3690
f 745/10456/3691 748/10457/3691 750/10458/3691
f 697/10459/3692 750/10460/3692 748/10461/3692
f 2648/10462/3693 745/10463/3693 751/10464/3693
f 1785/10465/3694 756/10466/3694 748/10467/3694
f 2648/10468/3695 1693/10469/3695 653/10470/3695
f 748/10471/3696 2648/10472/3696 1717/10473/3696
f 748/10474/3697 745/10475/3697 2648/10476/3697
f 1693/10469/3698 2648/10468/3698 751/10477/3698
f 653/10478/3699 751/10479/3699 1693/10480/3699
f 1717/10481/3700 2648/10482/3700 653/10483/3700
f 757/10484/3701 1774/10485/3701 553/10486/3701
f 1638/10487/3702 676/10488/3702 1633/10489/3702
f 1777/10490/3703 553/10491/3703 1640/10492/3703
f 694/10493/3704 768/10494/3704 1783/10495/3704
f 1779/10496/3705 2650/1408/3705 2606/10497/3705
f 755/10498/3706 2650/9494/3706 1779/10499/3706
f 1779/10500/3707 2606/10501/3707 694/10502/3707
f 1783/10503/3708 1779/10504/3708 694/10505/3708
f 1779/10506/3709 1783/10507/3709 654/10508/3709
f 2651/10509/3710 1782/10510/3710 1777/10511/3710
f 645/10512/3711 2651/10513/3711 1777/10514/3711
f 654/10515/3712 1783/10516/3712 1777/10517/3712
f 1783/10518/3713 553/10519/3713 1777/10520/3713
f 1640/10521/3714 753/10522/3714 645/10523/3714
f 1633/10524/3715 1640/10525/3715 1774/10526/3715
f 747/10527/3716 1633/10528/3716 1774/10529/3716
f 1638/10530/3717 1633/10531/3717 747/10532/3717
f 1640/10533/3718 1633/10534/3718 753/10535/3718
f 1640/10536/3719 645/10537/3719 1777/10538/3719
f 2652/10539/3720 645/10540/3720 1675/10541/3720
f 753/10542/3721 676/10543/3721 1780/10544/3721
f 1780/10545/3722 1788/10546/3722 753/10547/3722
f 753/10548/3723 1788/10549/3723 645/10550/3723
f 1782/10551/3724 645/10552/3724 2651/10553/3724
f 2652/10554/3725 2651/10555/3725 645/10556/3725
f 1782/10551/3726 2651/10553/3726 1675/10557/3726
f 2652/10554/3727 1675/10558/3727 2651/10555/3727
f 1777/10559/3728 1782/10560/3728 654/10561/3728
f 2608/10562/3729 1782/10563/3729 1675/10564/3729
f 755/10565/3730 2608/10566/3730 797/10567/3730
f 654/10568/3731 1782/10569/3731 2608/9504/3731
f 797/10570/3732 2609/10571/3732 1883/10572/3732
f 2608/10573/3733 2609/10574/3733 797/10575/3733
f 2609/10576/3734 2608/10577/3734 1675/10578/3734
f 2993/10579/3735 1780/10580/3735 818/10581/3735
f 818/10582/3736 735/10583/3736 2993/10579/3736
f 140/10584/3737 2652/10585/3737 735/10586/3737
f 140/10587/3738 1675/10588/3738 2652/10589/3738
f 735/10590/3739 2652/10591/3739 1788/10592/3739
f 1788/10593/3740 2652/10594/3740 645/10595/3740
f 1788/10596/3741 1780/10597/3741 735/10598/3741
f 1780/10599/3742 2993/10600/3742 735/10601/3742
f 762/10602/3743 1730/10603/3743 1764/10604/3743
f 134/10605/3744 1786/10606/3744 653/10607/3744
f 1764/10608/3745 2635/10609/3745 762/10610/3745
f 1764/10611/3746 1717/10612/3746 1786/10613/3746
f 1717/10614/3747 653/10615/3747 1786/10616/3747
f 834/10617/3748 756/10618/3748 1785/10619/3748
f 1717/10620/3749 1785/10621/3749 748/10622/3749
f 1785/10623/3750 1730/10624/3750 834/10625/3750
f 1764/1417/3751 1785/10626/3751 1717/10627/3751
f 834/10628/3752 818/10629/3752 2655/10630/3752
f 1730/10631/3753 818/10632/3753 834/10633/3753
f 2655/10634/3754 818/10635/3754 1780/10636/3754
f 2649/10637/3755 676/10638/3755 756/10639/3755
f 834/10640/3756 2655/10641/3756 2649/10642/3756
f 2649/10643/3757 2655/10641/3757 1780/10644/3757
f 756/10645/3758 834/10646/3758 2649/10647/3758
f 2609/10648/3759 2992/10649/3759 1883/10650/3759
f 2992/10651/3760 2609/10648/3760 1675/10652/3760
f 2992/10653/3761 1675/10654/3761 1475/10655/3761
f 1475/10656/3762 1883/10657/3762 2992/10658/3762
f 1675/10659/3763 140/10660/3763 1475/10661/3763
f 140/10662/3764 735/10663/3764 1719/10664/3764
f 735/10665/3765 818/10666/3765 1719/10667/3765
f 1475/10668/3766 140/10669/3766 1719/10670/3766
f 1719/10671/3767 784/10672/3767 706/10673/3767
f 2658/10674/3768 696/10675/3768 706/10676/3768
f 1719/10677/3769 706/10678/3769 1475/10679/3769
f 158/10680/3770 1883/10681/3770 1475/10682/3770
f 706/10683/3771 158/10684/3771 1475/10685/3771
f 696/10686/3772 158/10687/3772 706/10688/3772
f 784/10689/3773 766/10690/3773 1637/10691/3773
f 2657/10692/3774 1775/10693/3774 2658/10694/3774
f 1775/10695/3775 2657/10696/3775 696/10697/3775
f 1637/10698/3776 2657/10699/3776 2658/10694/3776
f 1679/10700/3777 1899/10701/3777 822/10702/3777
f 784/10703/3778 1775/10704/3778 696/10705/3778
f 696/10705/3779 2658/10706/3779 784/10703/3779
f 784/10707/3780 2658/10674/3780 706/10676/3780
f 2658/10694/3781 1775/10708/3781 1637/10709/3781
f 1637/10710/3782 1775/10711/3782 784/10712/3782
f 1718/10713/3783 766/10714/3783 1775/10715/3783
f 2653/10716/3784 1810/9836/3784 1781/10717/3784
f 1775/10718/3785 762/10719/3785 2635/10720/3785
f 1709/10721/3786 1721/10722/3786 2637/10723/3786
f 762/10724/3787 1775/10725/3787 784/10726/3787
f 1637/10727/3788 766/10728/3788 499/10729/3788
f 762/10730/3789 818/10731/3789 1730/10732/3789
f 2656/10733/3790 818/10734/3790 762/10735/3790
f 762/10736/3791 784/10737/3791 2656/10738/3791
f 818/10739/3792 2656/10740/3792 1719/10741/3792
f 2656/10742/3793 784/10672/3793 1719/10743/3793
f 1883/10744/3794 1781/10745/3794 797/10746/3794
f 1883/10747/3795 158/10748/3795 824/10749/3795
f 2653/10750/3796 1781/10717/3796 824/10751/3796
f 2653/10752/3797 824/10753/3797 158/10754/3797
f 822/10755/3798 2653/10756/3798 158/10757/3798
f 822/10758/3799 158/10759/3799 696/10760/3799
f 1478/10761/3800 96/10762/3800 513/10763/3800
f 517/10764/3801 96/10765/3801 1478/10766/3801
f 1794/10767/3802 517/10768/3802 1477/10769/3802
f 1793/10770/3803 646/10771/3803 474/10772/3803
f 646/10773/3804 770/10774/3804 474/10775/3804
f 2663/10776/3805 646/10777/3805 1793/10778/3805
f 1477/10779/3806 517/10780/3806 2662/10781/3806
f 96/10782/3807 517/10783/3807 1794/10784/3807
f 1790/10785/3808 817/10786/3808 1468/10787/3808
f 2664/10788/3809 1468/10789/3809 1795/10790/3809
f 630/10791/3810 96/10792/3810 1634/10793/3810
f 1790/10794/3811 2664/10795/3811 1795/10796/3811
f 817/10797/3812 2600/10798/3812 1631/10799/3812
f 1631/10799/3813 2600/10798/3813 516/10800/3813
f 1798/10801/3814 813/10802/3814 1795/10803/3814
f 1790/10804/3815 2600/10805/3815 817/10806/3815
f 96/10807/3816 630/10808/3816 513/10809/3816
f 1478/10810/3817 96/10811/3817 1794/10812/3817
f 1634/10813/3818 1478/10814/3818 513/10815/3818
f 1476/10816/3819 1793/10817/3819 770/1190/3819
f 2663/10818/3820 1793/10819/3820 1476/10820/3820
f 1476/10821/3821 770/10822/3821 1477/10823/3821
f 1794/10824/3822 517/10825/3822 1478/10826/3822
f 770/10827/3823 517/10828/3823 1477/10829/3823
f 516/10830/3824 1811/10831/3824 630/10832/3824
f 1811/10833/3825 516/10834/3825 1631/10835/3825
f 1634/10836/3826 513/10837/3826 630/10838/3826
f 1811/10839/3827 1634/10840/3827 630/10841/3827
f 2994/10842/3828 2600/10843/3828 1790/10844/3828
f 2600/10845/3829 2994/10846/3829 1631/10847/3829
f 965/10848/3830 1790/10849/3830 1795/10850/3830
f 1790/10851/3831 817/10852/3831 2994/10853/3831
f 2994/10854/3832 817/10855/3832 1631/10856/3832
f 1478/10857/3833 1634/10858/3833 96/10859/3833
f 2661/10860/3834 1811/10861/3834 1631/10862/3834
f 2661/10863/3835 1631/10864/3835 516/10865/3835
f 1634/10866/3836 2661/10867/3836 630/10868/3836
f 516/10869/3837 817/10870/3837 1631/10799/3837
f 1468/10871/3838 2664/10795/3838 1790/10872/3838
f 1795/10873/3839 8/10874/3839 1798/10875/3839
f 813/10876/3840 1798/10877/3840 1482/10878/3840
f 1468/10879/3841 1807/10880/3841 1795/10881/3841
f 1395/10882/3842 2628/10883/3842 1473/10884/3842
f 1468/10885/3843 817/10886/3843 965/10887/3843
f 1476/10888/3844 646/10889/3844 2663/10890/3844
f 1476/10891/3845 1477/10892/3845 646/10893/3845
f 1468/10894/3846 965/10895/3846 1807/10896/3846
f 771/10897/3847 1331/10898/3847 509/10899/3847
f 1684/10900/3848 1452/10901/3848 509/10902/3848
f 771/10903/3849 1492/10904/3849 1331/10905/3849
f 505/10906/3850 1473/10907/3850 1492/10908/3850
f 1331/10909/3851 819/10910/3851 1684/10911/3851
f 1331/10912/3852 1684/10913/3852 509/10914/3852
f 2628/10915/3853 880/10916/3853 1473/10917/3853
f 1492/10918/3854 1473/10919/3854 880/10920/3854
f 819/10921/3855 1331/10922/3855 1492/10923/3855
f 965/10895/3856 8/10924/3856 1807/10896/3856
f 1492/10925/3857 1861/10926/3857 819/10927/3857
f 1492/10928/3858 880/10929/3858 1861/10930/3858
f 2690/10931/3859 496/10932/3859 1853/10933/3859
f 878/10934/3860 1684/10935/3860 819/10936/3860
f 798/10937/3861 819/10938/3861 1861/10939/3861
f 798/10940/3862 878/10941/3862 819/10942/3862
f 8/10943/3863 1805/10944/3863 1795/10945/3863
f 965/10946/3864 1795/10947/3864 1805/10948/3864
f 965/10949/3865 780/10950/3865 8/10951/3865
f 780/10952/3866 965/10953/3866 1805/10954/3866
f 2995/10955/3867 1679/10956/3867 788/10957/3867
f 780/10958/3868 1797/10959/3868 2660/10960/3868
f 1797/10961/3869 788/10962/3869 2660/10963/3869
f 8/10964/3870 780/10965/3870 1805/10966/3870
f 2657/10967/3871 820/10968/3871 822/10969/3871
f 822/10970/3872 696/10971/3872 2657/10972/3872
f 1637/10973/3873 820/10974/3873 2657/10975/3873
f 820/10976/3874 1637/10977/3874 81/10978/3874
f 695/10979/3875 174/10980/3875 1823/10981/3875
f 499/10982/3876 2659/10983/3876 81/10984/3876
f 1789/10985/3877 2659/10986/3877 499/10987/3877
f 1824/10988/3878 174/10989/3878 788/10990/3878
f 154/10991/3879 4/10992/3879 2997/10993/3879
f 1824/10994/3880 1797/10995/3880 2660/10996/3880
f 443/10997/3881 40/10998/3881 1800/10999/3881
f 1800/11000/3882 4/11001/3882 443/11002/3882
f 443/11003/3883 486/11004/3883 1845/11005/3883
f 785/11006/3884 2997/11007/3884 1800/11008/3884
f 2997/11009/3885 785/11010/3885 154/11011/3885
f 2997/10993/3886 4/11012/3886 1800/11008/3886
f 1976/11013/3887 486/11014/3887 1817/11015/3887
f 79/11016/3888 486/11017/3888 791/11018/3888
f 791/11019/3889 414/11020/3889 79/11021/3889
f 4/11022/3890 791/11023/3890 486/11024/3890
f 791/11025/3891 4/11026/3891 154/11027/3891
f 791/11028/3892 154/11029/3892 1812/11030/3892
f 888/11031/3893 1812/11032/3893 154/11033/3893
f 791/11034/3894 29/11035/3894 414/11036/3894
f 29/11037/3895 791/11038/3895 1812/11039/3895
f 29/11040/3896 1812/11041/3896 790/11042/3896
f 888/11043/3897 782/11044/3897 1409/11045/3897
f 761/11046/3898 2667/11047/3898 1825/11048/3898
f 2667/11049/3899 782/11050/3899 1825/11051/3899
f 1825/11052/3900 1450/11053/3900 761/11054/3900
f 1450/11055/3901 1825/11056/3901 785/11057/3901
f 1825/11058/3902 888/11059/3902 785/11060/3902
f 1825/11061/3903 782/11062/3903 888/11063/3903
f 1409/11064/3904 782/11065/3904 2695/11066/3904
f 24/11067/3905 796/11068/3905 867/11069/3905
f 1828/11070/3906 1838/11071/3906 796/11072/3906
f 29/11073/3907 1838/11074/3907 414/11075/3907
f 1838/11076/3908 1828/11077/3908 2671/11078/3908
f 796/11079/3909 1838/11080/3909 2671/11081/3909
f 839/11082/3910 1838/11083/3910 796/11084/3910
f 79/11085/3911 414/11086/3911 839/11087/3911
f 1838/11088/3912 29/11089/3912 1828/11090/3912
f 1838/11091/3913 2998/11092/3913 414/11093/3913
f 1838/11094/3914 839/11095/3914 2998/11092/3914
f 839/11095/3915 414/11096/3915 2998/11092/3915
f 1319/11097/3916 934/11098/3916 802/11099/3916
f 867/11100/3917 829/11101/3917 1833/11102/3917
f 870/11103/3918 802/11104/3918 24/11105/3918
f 1833/170/3919 1887/169/3919 24/11106/3919
f 1887/1466/3920 472/11107/3920 24/11108/3920
f 867/11109/3921 1833/11110/3921 24/11111/3921
f 101/11112/3922 472/11107/3922 1887/1466/3922
f 472/11113/3923 870/11114/3923 24/11115/3923
f 2680/11116/3924 802/11117/3924 934/11118/3924
f 177/11119/3925 839/11120/3925 2680/11121/3925
f 177/11122/3926 2680/11123/3926 934/11124/3926
f 802/11125/3927 2680/11126/3927 839/11127/3927
f 79/11128/3928 839/11129/3928 1957/11130/3928
f 177/11131/3929 1957/11132/3929 839/11133/3929
f 1957/11134/3930 177/11135/3930 1826/11136/3930
f 1957/11137/3931 1826/11138/3931 1817/11139/3931
f 1957/11137/3932 1817/11139/3932 79/11140/3932
f 177/11141/3933 1819/11142/3933 1826/11143/3933
f 844/11144/3934 1819/11142/3934 177/11145/3934
f 844/11146/3935 177/11147/3935 934/11148/3935
f 1976/11149/3936 1817/11150/3936 1826/11151/3936
f 1845/11152/3937 486/11153/3937 1976/11154/3937
f 1826/11155/3938 1819/11156/3938 1976/11157/3938
f 1845/11158/3939 1976/11159/3939 787/11160/3939
f 787/11161/3940 1976/11162/3940 1819/11163/3940
f 1819/11164/3941 844/11165/3941 1956/11166/3941
f 1846/11167/3942 1988/11168/3942 1979/11169/3942
f 1988/11170/3943 1319/11171/3943 2676/11172/3943
f 1988/11173/3944 934/11174/3944 1319/11175/3944
f 1988/11176/3945 844/11177/3945 934/11178/3945
f 2675/11179/3946 1979/11180/3946 2999/11181/3946
f 1988/11182/3947 1846/11183/3947 844/11184/3947
f 811/11185/3948 895/11186/3948 1443/11187/3948
f 787/11188/3949 1819/11189/3949 1433/11190/3949
f 1819/11191/3950 1956/11192/3950 1433/11193/3950
f 1433/11194/3951 1848/11195/3951 894/11196/3951
f 1433/11197/3952 894/11198/3952 787/11199/3952
f 894/11200/3953 1845/11201/3953 787/11202/3953
f 443/11203/3954 1845/11204/3954 40/11205/3954
f 55/11206/3955 1808/11207/3955 792/11208/3955
f 1808/11209/3956 496/11210/3956 792/11211/3956
f 1808/11212/3957 878/11213/3957 496/11214/3957
f 878/11215/3958 1808/11216/3958 1852/11217/3958
f 792/11218/3959 1803/11219/3959 440/11220/3959
f 1803/11221/3960 792/11222/3960 469/11223/3960
f 1452/11224/3961 1684/11225/3961 2683/11226/3961
f 1803/11227/3962 404/11228/3962 440/11229/3962
f 642/11230/3963 55/11231/3963 440/11232/3963
f 1852/11233/3964 1808/11234/3964 55/11235/3964
f 1852/11236/3965 1684/11237/3965 878/11238/3965
f 642/11239/3966 2683/11240/3966 55/11241/3966
f 1452/11242/3967 2683/11243/3967 642/11244/3967
f 1852/11245/3968 2683/11246/3968 1684/11247/3968
f 1852/11248/3969 55/11249/3969 2683/11250/3969
f 123/11251/3970 440/11252/3970 404/11253/3970
f 1973/11254/3971 495/11255/3971 1432/11256/3971
f 895/11257/3972 811/11258/3972 1973/11259/3972
f 1973/11260/3973 811/11261/3973 495/11262/3973
f 1803/11263/3974 2949/11264/3974 404/11265/3974
f 895/11266/3975 1973/11267/3975 2439/11268/3975
f 2949/11264/3976 1441/11269/3976 404/11270/3976
f 404/11270/3977 1441/11269/3977 2682/11271/3977
f 404/11272/3978 2682/11273/3978 494/11274/3978
f 1803/11263/3979 1441/11275/3979 2949/11264/3979
f 1803/11276/3980 469/11277/3980 1441/11278/3980
f 1264/11279/3981 1441/11280/3981 3000/11281/3981
f 1264/11282/3982 2682/11283/3982 1441/11284/3982
f 895/11285/3983 2439/11268/3983 1983/11286/3983
f 1973/11287/3984 1432/11288/3984 2439/11289/3984
f 1448/11290/3985 2439/11291/3985 1264/11292/3985
f 2439/11293/3986 1432/11294/3986 1264/11295/3986
f 2438/11296/3987 2682/11297/3987 1264/11298/3987
f 494/11299/3988 2682/11300/3988 2438/11301/3988
f 1441/11302/3989 469/11303/3989 1856/11304/3989
f 1874/11305/3990 3000/11281/3990 1441/11280/3990
f 1448/11306/3991 1264/11307/3991 1874/11308/3991
f 1874/11308/3992 1264/11309/3992 3000/11310/3992
f 1317/11311/3993 1816/11312/3993 1848/11313/3993
f 1816/11314/3994 1317/11315/3994 469/11316/3994
f 496/11317/3995 1816/11318/3995 792/11319/3995
f 792/11320/3996 1816/11321/3996 469/11322/3996
f 2440/11323/3997 1983/11324/3997 1448/11325/3997
f 2413/11326/3998 2687/11327/3998 2697/11328/3998
f 798/11329/3999 1853/11330/3999 496/11331/3999
f 2685/11332/4000 2440/11333/4000 1448/11334/4000
f 2690/11335/4001 1850/11336/4001 496/11337/4001
f 469/11338/4002 1317/11339/4002 1856/11304/4002
f 1329/11340/4003 1874/11341/4003 1856/11342/4003
f 1329/11343/4004 1448/11344/4004 1874/11345/4004
f 1856/11346/4005 1874/11347/4005 1441/11348/4005
f 1329/11349/4006 1405/11350/4006 2426/11351/4006
f 1849/11352/4007 1854/11353/4007 2447/11354/4007
f 2447/11355/4008 1854/11356/4008 2688/11357/4008
f 880/11358/4009 798/11359/4009 1861/11360/4009
f 841/11361/4010 798/11362/4010 1853/11363/4010
f 1802/11364/4011 841/11365/4011 1853/11366/4011
f 798/11367/4012 1802/11368/4012 1853/11363/4012
f 878/11369/4013 798/11370/4013 496/11371/4013
f 841/11372/4014 1849/11373/4014 1860/11374/4014
f 1450/11375/4015 1860/11376/4015 761/11377/4015
f 1450/11378/4016 841/11379/4016 1860/11380/4016
f 2409/11381/4017 1854/11382/4017 2628/11383/4017
f 1450/11384/4018 785/11385/4018 2669/11386/4018
f 1859/11387/4019 2669/11388/4019 2670/11389/4019
f 2670/11389/4020 2669/11388/4020 1800/11390/4020
f 2669/11391/4021 1859/11392/4021 841/11393/4021
f 2668/11394/4022 1860/11395/4022 1849/11396/4022
f 1802/11397/4023 1849/11398/4023 841/11399/4023
f 1853/11400/4024 1859/11401/4024 2690/11402/4024
f 841/11403/4025 1859/11404/4025 1853/11405/4025
f 2670/11406/4026 40/11407/4026 1850/11408/4026
f 1850/11409/4027 2690/11410/4027 1859/11411/4027
f 2670/11412/4028 1850/11413/4028 1859/11414/4028
f 1800/11415/4029 40/11416/4029 2670/11417/4029
f 1846/11418/4030 1956/11419/4030 844/11420/4030
f 1956/11421/4031 1846/11422/4031 1942/11423/4031
f 894/11424/4032 1816/11425/4032 1850/11426/4032
f 1848/11427/4033 1816/11428/4033 894/11429/4033
f 1317/11430/4034 1848/11431/4034 1433/11432/4034
f 1433/11433/4035 1942/11434/4035 1317/11435/4035
f 1851/11436/4036 1942/11437/4036 1846/11438/4036
f 857/11439/4037 2118/11440/4037 3002/11441/4037
f 496/11442/4038 1850/11443/4038 1816/11444/4038
f 1846/11445/4039 1979/11446/4039 1851/11447/4039
f 1317/11448/4040 2741/11449/4040 1856/11450/4040
f 2740/11451/4041 885/11452/4041 1940/11453/4041
f 2999/11454/4042 2730/11455/4042 2739/11456/4042
f 2729/11457/4043 1829/11458/4043 1820/11459/4043
f 2729/11457/4044 1820/11460/4044 101/11461/4044
f 829/11462/4045 1829/11463/4045 1833/11464/4045
f 1833/11465/4046 2729/11466/4046 101/11467/4046
f 867/11468/4047 796/11469/4047 2671/11470/4047
f 1889/11471/4048 3003/11472/4048 1832/11473/4048
f 1832/11473/4049 3003/11472/4049 829/11474/4049
f 1889/11475/4050 829/11476/4050 3003/11477/4050
f 1889/11478/4051 1829/11479/4051 829/11480/4051
f 1889/11481/4052 1832/11482/4052 1894/11483/4052
f 1832/11484/4053 1829/11485/4053 1889/11486/4053
f 828/11487/4054 1820/11488/4054 1829/11489/4054
f 2674/11490/4055 2672/11491/4055 2692/11492/4055
f 816/11493/4056 2693/11494/4056 829/11495/4056
f 1787/11496/4057 2693/11497/4057 2694/11498/4057
f 867/11499/4058 2671/11500/4058 2674/11501/4058
f 867/11502/4059 816/11503/4059 829/11504/4059
f 2674/11505/4060 816/11506/4060 867/11507/4060
f 1832/11508/4061 786/11509/4061 1892/11510/4061
f 1897/11511/4062 1836/11512/4062 1892/11513/4062
f 1892/11514/4063 786/11515/4063 1897/11516/4063
f 1896/11517/4064 1836/11518/4064 1897/11519/4064
f 1897/11520/4065 800/11521/4065 1896/11522/4065
f 3004/11523/4066 786/11524/4066 800/11525/4066
f 786/11526/4067 1897/11527/4067 3004/11528/4067
f 800/11529/4068 1897/11527/4068 3004/11523/4068
f 1867/11530/4069 800/11531/4069 786/11532/4069
f 826/11533/4070 800/11534/4070 1787/11535/4070
f 826/11536/4071 3005/11537/4071 1830/11538/4071
f 2693/11539/4072 816/11540/4072 2694/11541/4072
f 3005/11537/4073 1864/11542/4073 1830/11538/4073
f 2693/11543/4074 1787/11544/4074 1867/11545/4074
f 761/11546/4075 1860/11547/4075 1870/11548/4075
f 1870/11549/4076 761/11550/4076 1865/11551/4076
f 2689/11552/4077 2667/11553/4077 761/11554/4077
f 1865/11555/4078 2689/11552/4078 761/11556/4078
f 2689/11557/4079 782/11558/4079 2667/11559/4079
f 1860/11560/4080 2668/11561/4080 1870/11562/4080
f 1395/11563/4081 2409/11564/4081 2628/11565/4081
f 880/11566/4082 2628/11567/4082 1854/11568/4082
f 2933/11569/4083 2409/11570/4083 1410/11571/4083
f 2409/11572/4084 2447/11355/4084 2688/11357/4084
f 2409/11573/4085 2688/11357/4085 1854/11574/4085
f 782/11575/4086 2689/11576/4086 1801/11577/4086
f 2668/11578/4087 2625/11579/4087 1870/11580/4087
f 1865/11581/4088 1801/11582/4088 2689/11583/4088
f 2695/11584/4089 2689/11585/4089 1801/11586/4089
f 2689/11587/4090 2695/11066/4090 782/11588/4090
f 2751/11589/4091 2447/11590/4091 2687/11591/4091
f 2696/11592/4092 1849/11593/4092 2447/11594/4092
f 2933/11595/4093 2447/11596/4093 2409/11597/4093
f 2933/11598/4094 2687/11599/4094 2447/11600/4094
f 2695/11601/4095 1801/11586/4095 830/11602/4095
f 2060/11603/4096 2668/11604/4096 2696/11605/4096
f 2672/11606/4097 3008/11607/4097 2671/11608/4097
f 2671/11609/4098 1828/11610/4098 830/11611/4098
f 1409/11612/4099 2695/11613/4099 830/11614/4099
f 1409/11615/4100 830/11616/4100 790/11617/4100
f 3009/11618/4101 2745/11619/4101 2752/11620/4101
f 3008/11607/4102 2674/11621/4102 2671/11622/4102
f 2672/11606/4103 2674/11621/4103 3008/11607/4103
f 2708/11623/4104 2672/11624/4104 2699/11625/4104
f 2699/11626/4105 2672/11627/4105 2671/11608/4105
f 2692/11628/4106 816/11629/4106 2674/11630/4106
f 2699/11631/4107 2671/11632/4107 830/11633/4107
f 830/11634/4108 1801/11635/4108 2699/11636/4108
f 2699/11637/4109 1801/11638/4109 2745/11639/4109
f 857/11640/4110 3002/11641/4110 1884/11642/4110
f 1885/11643/4111 1884/11644/4111 2708/11645/4111
f 2625/11646/4112 2745/11647/4112 1865/11648/4112
f 2752/11649/4113 1885/11650/4113 2708/11645/4113 3009/11651/4113
f 1865/11648/4114 2745/11647/4114 1801/11652/4114
f 2745/11653/4115 2625/11654/4115 2060/11655/4115
f 2060/11656/4116 2752/11657/4116 2745/11658/4116
f 2531/11659/4117 2420/11660/4117 2938/11661/4117
f 2945/5981/4118 2420/5983/4118 2531/11659/4118
f 1410/11662/4119 3091/11663/4119 2933/11664/4119
f 1870/11665/4120 2625/11666/4120 1865/11667/4120
f 2060/11668/4121 2625/11669/4121 2668/11670/4121
f 1872/11671/4122 1401/11672/4122 3010/11673/4122
f 1401/11674/4123 1821/11675/4123 1872/11676/4123
f 2710/8093/4124 1508/11677/4124 1482/8094/4124
f 1880/11678/4125 2539/11679/4125 2544/11680/4125
f 1876/11681/4126 3011/11682/4126 1880/11683/4126
f 3011/11682/4127 2539/11684/4127 1880/11683/4127
f 2530/11685/4128 3011/11686/4128 2518/11687/4128
f 1594/11688/4129 2964/11689/4129 2544/11690/4129
f 1895/11691/4130 2692/11692/4130 3142/11693/4130
f 1931/11694/4131 891/11695/4131 2986/11696/4131
f 1678/11697/4132 1594/11698/4132 1880/11699/4132
f 2699/11700/4133 3009/11701/4133 2708/11623/4133
f 2745/11702/4134 3009/11701/4134 2699/11700/4134
f 2739/11703/4135 3007/11704/4135 2999/11705/4135
f 2700/11706/4136 3012/11707/4136 3002/11708/4136
f 3012/11707/4137 2708/11709/4137 3002/11710/4137
f 2672/11711/4138 2708/11712/4138 2700/11713/4138
f 3002/11714/4139 2117/11715/4139 2700/11716/4139
f 2700/11717/4140 2708/11718/4140 3012/11707/4140
f 3014/11719/4141 1872/11720/4141 1886/11721/4141
f 1872/11722/4142 813/11723/4142 1886/11721/4142
f 2518/11724/4143 705/11725/4143 2530/11726/4143
f 2986/11696/4144 891/11695/4144 590/11727/4144
f 1872/11728/4145 3014/11719/4145 2710/11729/4145
f 1880/11730/4146 1594/11731/4146 1876/11732/4146
f 1791/11733/4147 1899/11734/4147 1931/11735/4147
f 590/11736/4148 1830/11737/4148 2996/11738/4148
f 2980/11739/4149 947/11740/4149 2982/11741/4149
f 3002/11742/4150 2118/11743/4150 2117/11744/4150
f 3015/11745/4151 2509/1525/4151 2705/1527/4151
f 1594/11746/4152 1879/11747/4152 2509/11748/4152
f 1696/11749/4153 1668/11750/4153 3094/11751/4153
f 1876/11752/4154 1594/11753/4154 2509/11754/4154
f 2964/11755/4155 1594/11756/4155 1678/11757/4155
f 2544/11758/4156 2964/11755/4156 1678/11759/4156
f 1876/11760/4157 2518/11761/4157 3011/11682/4157
f 2709/11762/4158 1594/11763/4158 2964/11764/4158
f 1879/11765/4159 2709/11766/4159 1668/11767/4159
f 3011/11768/4160 2530/11769/4160 2539/11770/4160
f 2539/11771/4161 1016/11772/4161 1696/11773/4161
f 2544/11774/4162 1821/11775/4162 1880/11776/4162
f 1668/11750/4163 1696/11777/4163 2969/11778/4163
f 1407/11779/4164 1016/11780/4164 2539/11781/4164
f 144/11782/4165 2614/11783/4165 1683/11784/4165
f 1696/11785/4166 1683/11786/4166 2614/11787/4166
f 1683/11788/4167 1696/11789/4167 1016/11790/4167
f 1696/11791/4168 2614/11792/4168 144/11793/4168
f 2544/11794/4169 1678/11795/4169 1821/11796/4169
f 3010/11797/4170 1401/11798/4170 1482/11799/4170
f 2710/8093/4171 2541/9290/4171 144/11800/4171
f 1872/11801/4172 3010/11797/4172 1482/11799/4172
f 1482/11802/4173 2710/11803/4173 813/11804/4173
f 2710/11805/4174 1482/11806/4174 1596/11807/4174
f 1886/11808/4175 8/11809/4175 813/11810/4175
f 2541/11811/4176 2710/11805/4176 1596/11807/4176
f 1508/11812/4177 1596/11813/4177 1482/11814/4177
f 1798/11815/4178 1886/11816/4178 1872/11817/4178
f 1798/11818/4179 8/11819/4179 1886/11820/4179
f 1401/11821/4180 1872/11822/4180 2710/11823/4180
f 813/11824/4181 2710/11729/4181 3014/11719/4181
f 1792/11825/4182 891/11826/4182 1679/11827/4182
f 1886/11721/4183 813/11828/4183 3014/11719/4183
f 2711/11829/4184 1791/11830/4184 1810/11831/4184
f 822/11832/4185 1792/11833/4185 1679/11834/4185
f 1830/11835/4186 1792/11836/4186 1815/11837/4186
f 1830/11838/4187 590/11839/4187 1792/11840/4187
f 1866/11841/4188 800/11842/4188 826/11843/4188
f 1815/11844/4189 1792/11845/4189 820/11846/4189
f 826/11847/4190 1830/11848/4190 1815/11849/4190
f 1866/11850/4191 1815/11851/4191 81/11852/4191
f 820/11853/4192 81/11854/4192 1815/11855/4192
f 2711/11856/4193 822/11857/4193 1899/11858/4193
f 2653/11859/4194 2711/11860/4194 1810/11861/4194
f 2653/11859/4195 822/11862/4195 2711/11863/4195
f 1775/11864/4196 1715/11865/4196 766/11866/4196
f 2654/11867/4197 2716/11868/4197 499/11869/4197
f 2635/9840/4198 1715/11870/4198 1775/11864/4198
f 2659/11871/4199 1866/11872/4199 81/11873/4199
f 1866/11874/4200 1789/11875/4200 1896/11876/4200
f 800/11877/4201 1866/11878/4201 1896/11879/4201
f 1789/11880/4202 1896/11881/4202 2659/11882/4202
f 1896/11883/4203 1866/11884/4203 2659/11885/4203
f 1718/9839/4204 1715/11886/4204 2635/9840/4204
f 837/11887/4205 1715/11888/4205 1718/11889/4205
f 1791/11890/4206 1771/11891/4206 1810/11892/4206
f 1791/11893/4207 1931/11894/4207 1771/11895/4207
f 1931/11896/4208 2989/11897/4208 1772/11898/4208
f 1772/11898/4209 1771/11899/4209 1931/11896/4209
f 1772/11898/4210 2989/11897/4210 2698/11900/4210
f 590/11901/4211 1864/11902/4211 1895/11903/4211
f 2996/11904/4212 1864/11905/4212 590/11906/4212
f 1830/11907/4213 1864/11908/4213 2996/11909/4213
f 3005/11537/4214 826/11910/4214 1864/11911/4214
f 2694/11912/4215 1864/11913/4215 1787/11914/4215
f 1864/11911/4216 826/11915/4216 1787/11916/4216
f 821/11917/4217 1889/11918/4217 843/11919/4217
f 2694/11920/4218 2692/11921/4218 1864/11922/4218
f 1863/11923/4219 821/11924/4219 1762/11925/4219
f 2700/11926/4220 2692/11927/4220 2672/11928/4220
f 2692/11929/4221 2700/11930/4221 2122/11931/4221
f 2692/11932/4222 1895/11933/4222 1864/11934/4222
f 816/11935/4223 2692/11936/4223 2694/11937/4223
f 828/11938/4224 1889/11939/4224 821/11940/4224
f 789/11941/4225 2629/11942/4225 2099/11943/4225
f 2629/11944/4226 789/11945/4226 821/11946/4226
f 2626/11947/4227 2103/11948/4227 2634/11949/4227
f 2714/11950/4228 2103/11951/4228 2698/11952/4228
f 2698/11953/4229 1713/11954/4229 2714/11955/4229
f 1713/11956/4230 2634/11957/4230 2714/11958/4230
f 2980/11959/4231 2714/11960/4231 1877/11961/4231
f 2698/9775/4232 2714/11962/4232 2982/9597/4232
f 2982/11963/4233 2714/11960/4233 2980/11959/4233
f 2989/11964/4234 1931/11965/4234 3006/11966/4234
f 1713/11967/4235 2698/11968/4235 2989/11969/4235
f 2103/11970/4236 1877/11971/4236 2714/11972/4236
f 2989/11969/4237 3006/11973/4237 1713/11974/4237
f 1863/11975/4238 2629/11976/4238 821/11977/4238
f 2099/11978/4239 2629/11976/4239 1863/11975/4239
f 2099/11978/4240 1863/11975/4240 1762/11979/4240
f 2626/11980/4241 2834/1991/4241 823/11981/4241
f 823/11982/4242 1762/11983/4242 1814/11984/4242
f 1735/11985/4243 971/11986/4243 823/11987/4243
f 1814/11988/4244 67/11989/4244 1868/11990/4244
f 1863/9756/4245 843/9755/4245 67/11991/4245
f 1734/11992/4246 1888/11993/4246 67/11994/4246
f 1734/11995/4247 67/11996/4247 843/11997/4247
f 1863/11998/4248 1814/11999/4248 1762/12000/4248
f 1814/12001/4249 1863/12002/4249 67/12003/4249
f 1453/12004/4250 799/12005/4250 851/12006/4250
f 1734/12007/4251 843/12008/4251 1894/12009/4251
f 843/12010/4252 1889/12011/4252 1894/12009/4252
f 1893/12012/4253 1708/12013/4253 1734/12014/4253
f 1908/12015/4254 973/12016/4254 1841/12017/4254
f 1893/12018/4255 1894/12019/4255 1892/12020/4255
f 1832/12021/4256 1892/12022/4256 1894/12023/4256
f 1892/12024/4257 3017/12025/4257 1893/12026/4257
f 1900/12027/4258 1878/12028/4258 1902/12029/4258
f 2654/12030/4259 1709/12031/4259 1901/12032/4259
f 1878/12033/4260 1836/12034/4260 1896/12035/4260
f 1900/12036/4261 1901/12037/4261 2717/12038/4261
f 1878/12039/4262 1789/12040/4262 1902/12041/4262
f 2716/12042/4263 1902/12043/4263 1789/12044/4263
f 2716/12045/4264 1789/12046/4264 499/12047/4264
f 2654/12048/4265 1902/12049/4265 2716/12050/4265
f 2654/12051/4266 499/12052/4266 766/12053/4266
f 766/12054/4267 1721/12055/4267 2654/12056/4267
f 2637/12057/4268 1727/12058/4268 1721/12059/4268
f 1715/12060/4269 2637/12057/4269 1721/12061/4269
f 1727/12062/4270 1715/12063/4270 606/12064/4270
f 606/12065/4271 1715/12066/4271 760/12067/4271
f 1727/12068/4272 2637/12057/4272 1715/12069/4272
f 1715/12070/4273 1721/12071/4273 766/12072/4273
f 2637/12073/4274 1709/12074/4274 2654/12075/4274
f 2654/12076/4275 1901/12077/4275 1902/12078/4275
f 1709/12079/4276 2637/12080/4276 1727/12081/4276
f 171/12082/4277 1695/12083/4277 2638/12084/4277
f 1727/12085/4278 2638/12086/4278 1709/12087/4278
f 2638/12088/4279 1695/12089/4279 1709/12090/4279
f 1695/12091/4280 1901/12092/4280 1709/12093/4280
f 1901/12094/4281 1695/12095/4281 1731/12096/4281
f 1731/12097/4282 2717/12098/4282 1901/12099/4282
f 1898/12100/4283 1900/12101/4283 1731/12102/4283
f 1900/12103/4284 1836/12104/4284 1878/12105/4284
f 1898/12106/4285 1893/12107/4285 3017/12108/4285
f 1836/12109/4286 1898/12110/4286 3017/12108/4286
f 1892/12024/4287 1836/12111/4287 3017/12025/4287
f 1708/12112/4288 1898/12113/4288 1728/12114/4288
f 1708/12115/4289 1728/12116/4289 1888/12117/4289
f 1734/12118/4290 1708/12119/4290 1888/12120/4290
f 1868/12121/4291 67/12122/4291 1888/12123/4291
f 1888/12124/4292 1905/12125/4292 1868/12126/4292
f 1728/12127/4293 1903/12128/4293 1905/12129/4293
f 1695/12130/4294 1728/12131/4294 1731/12132/4294
f 1695/12133/4295 1903/12134/4295 1728/12135/4295
f 171/12136/4296 1735/12137/4296 1903/12138/4296
f 872/12139/4297 2723/12140/4297 1305/12141/4297
f 1933/12142/4298 847/12143/4298 872/12144/4298
f 828/12145/4299 851/12146/4299 799/12147/4299
f 1910/12148/4300 799/12149/4300 1820/12150/4300
f 845/12151/4301 2723/12152/4301 904/12153/4301
f 904/12154/4302 872/12155/4302 847/12156/4302
f 904/12157/4303 2723/12158/4303 872/12159/4303
f 904/12160/4304 979/12161/4304 845/12162/4304
f 845/12163/4305 1305/12164/4305 2723/12165/4305
f 838/12166/4306 2080/12167/4306 958/12168/4306
f 164/12169/4307 1916/12170/4307 799/12171/4307
f 1910/12172/4308 799/12171/4308 1916/12170/4308
f 1933/12173/4309 958/12174/4309 2080/12167/4309
f 1916/12175/4310 1820/12176/4310 1910/12177/4310
f 845/12178/4311 1891/12179/4311 2719/1611/4311
f 90/12180/4312 2719/1613/4312 1891/1612/4312
f 1305/1614/4313 2719/1613/4313 90/12181/4313
f 909/12182/4314 1922/12183/4314 1909/12184/4314
f 1891/12185/4315 910/12186/4315 90/12187/4315
f 909/12188/4316 1891/12189/4316 1922/12190/4316
f 1909/12191/4317 845/12192/4317 979/12193/4317
f 2721/12194/4318 979/12195/4318 744/12196/4318
f 1909/12197/4319 979/12198/4319 2720/12199/4319
f 2720/12200/4320 979/12201/4320 840/12202/4320
f 2720/12203/4321 840/12204/4321 909/12205/4321
f 909/12206/4322 1922/12207/4322 2720/12208/4322
f 1909/12209/4323 2720/12210/4323 1922/12207/4323
f 395/12211/4324 953/12212/4324 1911/12213/4324
f 978/12214/4325 953/12215/4325 2721/12216/4325
f 953/12217/4326 840/12218/4326 2721/12219/4326
f 840/12220/4327 979/12221/4327 2721/12222/4327
f 2721/12223/4328 744/12224/4328 978/12225/4328
f 1912/12226/4329 970/12227/4329 744/12228/4329
f 744/12229/4330 1925/12230/4330 1912/12231/4330
f 1912/12232/4331 1925/12233/4331 847/12234/4331
f 904/12235/4332 847/12236/4332 1925/12237/4332
f 904/12238/4333 744/12239/4333 979/12240/4333
f 847/12241/4334 838/12242/4334 1912/12243/4334
f 2080/12244/4335 1912/12245/4335 847/12246/4335
f 838/12247/4336 1912/12245/4336 2080/12248/4336
f 970/12249/4337 215/12250/4337 103/12251/4337
f 970/12252/4338 103/12253/4338 978/12254/4338
f 970/12255/4339 978/12256/4339 744/12257/4339
f 1982/12258/4340 978/12259/4340 103/12260/4340
f 1912/12261/4341 2718/12262/4341 970/12263/4341
f 970/12264/4342 2718/12265/4342 215/12266/4342
f 1933/12267/4343 872/12268/4343 1890/12269/4343
f 1933/12270/4344 2080/12271/4344 847/12272/4344
f 1890/12273/4345 958/12274/4345 1933/12275/4345
f 1890/12276/4346 872/12277/4346 960/12278/4346
f 2691/1507/4347 2627/12279/4347 1890/12280/4347
f 2718/12281/4348 838/12282/4348 722/12283/4348
f 215/12284/4349 2718/12285/4349 722/12286/4349
f 1982/12287/4350 1911/12288/4350 953/12289/4350
f 2722/12290/4351 939/12291/4351 974/12292/4351
f 395/12293/4352 889/12294/4352 840/12295/4352
f 889/12296/4353 909/12297/4353 840/12298/4353
f 909/12299/4354 889/12300/4354 1920/12301/4354
f 910/12302/4355 909/12303/4355 2726/12304/4355
f 2726/12305/4356 909/12306/4356 1920/12307/4356
f 1938/12308/4357 185/12309/4357 831/12310/4357
f 1938/12311/4358 910/12312/4358 2726/12313/4358
f 910/12314/4359 1891/12315/4359 909/12316/4359
f 1839/12317/4360 172/12318/4360 856/12319/4360
f 1305/12320/4361 90/12321/4361 172/12322/4361
f 856/12323/4362 1914/12324/4362 1839/12325/4362
f 468/12326/4363 472/12327/4363 101/12328/4363
f 164/12329/4364 1914/12330/4364 3018/12331/4364
f 3018/12332/4365 468/12333/4365 1916/12334/4365
f 468/12335/4366 3018/12336/4366 1914/12337/4366
f 1916/12338/4367 164/12339/4367 3018/12331/4367
f 1914/12340/4368 164/12341/4368 1839/12342/4368
f 468/12343/4369 101/12344/4369 1916/12345/4369
f 1820/12346/4370 1916/12345/4370 101/12347/4370
f 172/12348/4371 1839/12349/4371 1841/12350/4371
f 960/12351/4372 1827/12352/4372 1946/12353/4372
f 960/12354/4373 872/12355/4373 1827/12356/4373
f 973/12357/4374 1908/12358/4374 1453/12359/4374
f 164/12360/4375 1841/12361/4375 1839/12362/4375
f 1305/12363/4376 1827/12364/4376 872/12365/4376
f 1827/12366/4377 1305/12363/4377 172/12367/4377
f 799/12368/4378 2728/1652/4378 1841/12369/4378
f 1453/12370/4379 1841/12371/4379 2728/12372/4379
f 799/12373/4380 1841/12374/4380 164/12375/4380
f 828/12376/4381 821/12377/4381 851/12378/4381
f 973/12379/4382 1930/12380/4382 2627/12381/4382
f 1890/12280/4383 2627/12279/4383 1834/12382/4383
f 960/12383/4384 2691/1507/4384 1890/12384/4384
f 2691/12385/4385 2732/12386/4385 973/12387/4385
f 1732/12388/4386 2727/12389/4386 789/12390/4386
f 2727/12391/4387 1453/12392/4387 851/12393/4387
f 789/12394/4388 2727/12395/4388 851/12396/4388
f 789/12397/4389 851/12398/4389 821/12399/4389
f 1914/12400/4390 897/12401/4390 1837/12402/4390
f 897/12403/4391 856/12404/4391 896/12405/4391
f 1440/12406/4392 1338/12407/4392 1965/12408/4392
f 1837/12409/4393 472/12410/4393 468/12411/4393
f 897/12412/4394 1914/12413/4394 856/12414/4394
f 1914/12415/4395 1837/12416/4395 468/12417/4395
f 1924/12418/4396 856/12419/4396 172/12420/4396
f 1924/12421/4397 90/12422/4397 831/12423/4397
f 1915/12424/4398 856/12425/4398 1924/12426/4398
f 856/12427/4399 1915/12428/4399 896/12429/4399
f 2732/12430/4400 2715/12431/4400 973/12432/4400
f 1908/12433/4401 1946/12434/4401 1841/12435/4401
f 973/12436/4402 2715/12437/4402 1946/12438/4402
f 1908/12439/4403 973/12440/4403 1946/12441/4403
f 2691/12442/4404 973/12443/4404 2627/12444/4404
f 172/12445/4405 1841/12446/4405 1946/12447/4405
f 1946/12448/4406 1827/12352/4406 172/12449/4406
f 2715/12450/4407 2732/12451/4407 960/12452/4407
f 90/12453/4408 1924/12454/4408 172/12455/4408
f 215/12456/4409 2003/12457/4409 103/12458/4409
f 2003/12457/4410 215/12456/4410 861/12459/4410
f 2722/12460/4411 215/12461/4411 848/12462/4411
f 1890/12463/4412 2732/12464/4412 960/12465/4412
f 1993/12466/4413 1918/12467/4413 2725/12468/4413
f 1993/12466/4414 2725/12468/4414 1911/12469/4414
f 982/12470/4415 1918/12471/4415 1993/12472/4415
f 1911/12473/4416 1993/12474/4416 982/12475/4416
f 722/12476/4417 838/12477/4417 2724/12478/4417
f 185/12479/4418 160/12480/4418 482/12481/4418
f 482/12482/4419 1924/12483/4419 831/12484/4419
f 1924/12485/4420 482/12486/4420 1915/12487/4420
f 960/12488/4421 2732/12489/4421 2691/12490/4421
f 1946/12491/4422 2715/12492/4422 960/12493/4422
f 482/12494/4423 378/12495/4423 1915/12496/4423
f 378/12497/4424 896/12498/4424 1915/12499/4424
f 842/12500/4425 896/12501/4425 378/12502/4425
f 849/12503/4426 378/12504/4426 160/12505/4426
f 378/12506/4427 482/12507/4427 160/12508/4427
f 61/12509/4428 1958/12510/4428 1959/12511/4428
f 2736/12512/4429 378/12513/4429 849/12514/4429
f 849/12515/4430 2738/12516/4430 61/12517/4430
f 1927/12518/4431 1881/12519/4431 2748/12520/4431
f 1862/12521/4432 2757/12522/4432 1959/12523/4432
f 2737/12524/4433 2758/12525/4433 3137/12526/4433
f 2027/12527/4434 1962/12528/4434 1996/12529/4434
f 2760/12530/4435 2759/12531/4435 2738/12532/4435
f 2759/12531/4436 1958/12533/4436 2738/12532/4436
f 1943/12534/4437 2757/1772/4437 2778/1771/4437
f 1945/12535/4438 1959/12536/4438 2757/12537/4438
f 1943/12538/4439 2778/1771/4439 2678/12539/4439
f 2424/12540/4440 2423/12541/4440 3085/12542/4440
f 842/12543/4441 378/12544/4441 1965/12545/4441
f 435/12546/4442 1350/12547/4442 2920/12548/4442
f 2686/12549/4443 2420/12550/4443 2753/12551/4443
f 378/12552/4444 2736/12553/4444 61/12554/4444 1965/12555/4444
f 1955/12556/4445 3084/12557/4445 2686/1696/4445 3125/1698/4445 1954/12558/4445 3130/12559/4445
f 2531/12560/4446 1927/1691/4446 672/12561/4446
f 2739/12562/4447 2415/12563/4447 2677/12564/4447
f 2740/12565/4448 1858/12566/4448 2424/12567/4448 2758/12568/4448
f 2686/12569/4449 2756/12570/4449 2420/12571/4449
f 2420/12572/4450 2756/12573/4450 2938/12574/4450
f 2749/12575/4451 1881/12576/4451 1927/12577/4451
f 2748/12578/4452 3128/12579/4452 2938/12580/4452 672/12581/4452
f 2748/12582/4453 672/12583/4453 1927/12584/4453
f 2938/12574/4454 2756/12585/4454 672/12586/4454
f 2945/5981/4455 2531/12587/4455 2756/12588/4455
f 672/12589/4456 2756/12588/4456 2531/12590/4456
f 2749/12591/4457 2531/12592/4457 1881/12593/4457
f 1949/12594/4458 3023/12595/4458 1927/12596/4458
f 2730/12597/4459 2415/12598/4459 2739/12599/4459
f 1979/12600/4460 2676/12601/4460 2999/12602/4460
f 1949/12603/4461 857/12604/4461 2677/12605/4461
f 1884/12606/4462 3002/12607/4462 2708/12608/4462
f 2999/11454/4463 2676/12609/4463 2730/11455/4463
f 2676/12610/4464 1339/12611/4464 2730/12612/4464
f 857/12613/4465 2968/12614/4465 2118/12615/4465
f 1339/12616/4466 2415/12598/4466 2730/12617/4466
f 1988/12618/4467 2676/12601/4467 1979/12600/4467
f 61/12619/4468 2415/12620/4468 1965/12621/4468
f 1339/12622/4469 1440/12623/4469 1965/12624/4469
f 1965/12625/4470 2415/12620/4470 1339/12626/4470
f 1858/12627/4471 2740/12628/4471 2684/12629/4471
f 1440/12630/4472 855/12631/4472 1338/12632/4472
f 855/12633/4473 2676/12634/4473 1319/12635/4473
f 1339/12636/4474 855/12637/4474 1440/12638/4474
f 1926/12639/4475 2734/12640/4475 2754/12641/4475
f 886/12642/4476 2757/12643/4476 1862/12644/4476
f 1862/12645/4477 1959/12646/4477 1958/12647/4477
f 1862/12648/4478 1958/12649/4478 1969/12650/4478
f 2440/12651/4479 2685/12652/4479 2684/12629/4479
f 1319/12653/4480 1844/12654/4480 855/12655/4480
f 802/12656/4481 1844/12657/4481 1319/12658/4481
f 2734/12659/4482 842/12660/4482 1338/12661/4482
f 855/12662/4483 2754/12663/4483 1338/12664/4483
f 2754/12665/4484 2734/12666/4484 1338/12667/4484
f 1926/12668/4485 2754/12669/4485 1844/12670/4485
f 1844/12671/4486 2754/12672/4486 855/12673/4486
f 2678/12674/4487 885/12675/4487 2740/12676/4487
f 1329/12677/4488 2685/12678/4488 1448/12679/4488
f 2440/12651/4489 2684/12629/4489 2740/12628/4489
f 2740/11451/4490 1940/12680/4490 2440/12681/4490
f 886/12682/4491 2678/12683/4491 2757/12684/4491
f 1913/12685/4492 885/12686/4492 1987/12687/4492
f 849/12688/4493 160/12689/4493 1333/12690/4493
f 2760/12691/4494 849/12692/4494 1333/12693/4494
f 849/12694/4495 2760/12695/4495 2738/12696/4495
f 1923/12697/4496 849/12698/4496 131/12699/4496
f 2760/12691/4497 1333/12700/4497 2759/12701/4497
f 160/12702/4498 1923/12703/4498 849/12704/4498
f 1333/12705/4499 849/12706/4499 1923/12697/4499
f 1333/12707/4500 1923/12697/4500 131/12708/4500
f 2678/12709/4501 2758/12710/4501 1943/12711/4501
f 2784/12712/4502 898/12713/4502 1996/12714/4502
f 803/12715/4503 1992/12716/4503 1444/12717/4503
f 1962/12718/4504 1918/12719/4504 982/12720/4504
f 1992/12721/4505 1962/12722/4505 1444/12723/4505
f 160/12724/4506 131/12725/4506 1923/12726/4506
f 1964/12727/4507 131/12728/4507 873/12729/4507
f 131/12730/4508 803/12731/4508 2761/12732/4508
f 131/12733/4509 185/12734/4509 803/12735/4509
f 1992/12736/4510 1918/12737/4510 1962/12738/4510
f 803/12739/4511 850/12740/4511 1992/12741/4511
f 1992/12742/4512 850/12743/4512 1918/12744/4512
f 1918/12745/4513 850/12746/4513 2725/12747/4513
f 850/12748/4514 395/12749/4514 2725/12750/4514
f 831/12751/4515 910/12752/4515 1938/12753/4515
f 131/12754/4516 160/12755/4516 185/12756/4516
f 897/12757/4517 2734/12758/4517 1926/12759/4517
f 2731/12760/4518 482/1667/4518 831/12761/4518
f 831/12762/4519 185/12763/4519 2731/12760/4519
f 842/12764/4520 2734/12765/4520 897/12766/4520
f 896/12767/4521 842/12768/4521 897/12769/4521
f 1837/12770/4522 2766/12771/4522 472/12772/4522
f 472/12773/4523 2766/12774/4523 870/12775/4523
f 2766/12776/4524 1837/12777/4524 1926/12778/4524
f 1926/12779/4525 1844/12780/4525 870/12781/4525
f 2766/12782/4526 1926/12783/4526 870/12784/4526
f 1926/12785/4527 1837/12786/4527 897/12787/4527
f 1443/12788/4528 895/12789/4528 1804/12790/4528
f 1940/12791/4529 885/12792/4529 1913/12793/4529
f 895/12794/4530 2681/12795/4530 1804/12796/4530
f 812/12797/4531 1443/12798/4531 1804/12799/4531
f 1438/12800/4532 862/12801/4532 759/12802/4532
f 1818/12803/4533 759/12804/4533 2765/12805/4533
f 1984/12806/4534 1438/12807/4534 862/12808/4534
f 812/12809/4535 1818/12810/4535 1842/12811/4535
f 1913/1731/4536 1986/12812/4536 1804/1729/4536
f 2777/1770/4537 1987/1769/4537 1806/12813/4537
f 1831/12814/4538 874/12815/4538 1990/12816/4538
f 1831/12817/4539 1919/12818/4539 879/12819/4539
f 1919/12820/4540 917/12821/4540 879/12822/4540
f 1831/12823/4541 1990/12824/4541 1919/12825/4541
f 1455/12826/4542 1323/12827/4542 2770/12828/4542
f 2770/12829/4543 1282/12830/4543 1455/12831/4543
f 868/12832/4544 1323/12833/4544 917/12834/4544
f 1978/12835/4545 2768/12836/4545 879/12837/4545
f 1449/12838/4546 1443/12839/4546 1977/12840/4546
f 2774/1736/4547 1961/12841/4547 2771/1737/4547
f 2023/12842/4548 863/12843/4548 890/12844/4548
f 879/12845/4549 917/12846/4549 1961/12847/4549
f 2771/12848/4550 1961/12849/4550 917/12850/4550
f 2771/12851/4551 917/12852/4551 890/12853/4551
f 917/12854/4552 2023/12855/4552 890/12856/4552
f 810/12857/4553 413/12858/4553 890/12859/4553
f 1972/12860/4554 2030/12861/4554 3026/12862/4554
f 890/12863/4555 863/12864/4555 44/12865/4555
f 1323/12866/4556 2023/12867/4556 917/12868/4556
f 1323/12869/4557 863/12870/4557 2023/12871/4557
f 1282/12872/4558 863/12873/4558 1455/1854/4558
f 1971/12874/4559 3068/12875/4559 3067/12876/4559
f 413/12877/4560 846/12878/4560 2774/1736/4560
f 2774/1736/4561 846/12878/4561 1961/12841/4561
f 1961/12879/4562 1978/12880/4562 879/12881/4562
f 935/12882/4563 1978/12883/4563 1961/12884/4563
f 2768/12885/4564 935/12886/4564 2772/1739/4564
f 935/12887/4565 1961/12888/4565 1975/12889/4565
f 935/12890/4566 1975/12891/4566 2375/12892/4566
f 1940/12893/4567 1983/12894/4567 2440/12895/4567
f 1311/12896/4568 1831/833/4568 2772/12897/4568
f 346/12898/4569 3027/12899/4569 1804/12900/4569
f 3028/12901/4570 2681/12902/4570 1983/12903/4570
f 1940/12904/4571 2681/12905/4571 3028/12901/4571
f 1983/12906/4572 2681/12907/4572 895/12908/4572
f 3028/12901/4573 1983/12903/4573 1940/12909/4573
f 1831/12910/4574 879/12911/4574 2768/12912/4574
f 2772/12913/4575 1831/12914/4575 2768/12915/4575
f 2375/1741/4576 2772/12916/4576 2768/12917/4576
f 2772/12918/4577 2375/12919/4577 1311/12920/4577
f 812/12921/4578 1977/12840/4578 1443/12922/4578
f 1449/12923/4579 811/12924/4579 1443/12925/4579
f 1967/12926/4580 1449/12927/4580 2441/12928/4580
f 95/12929/4581 1328/12930/4581 1967/12931/4581
f 811/12932/4582 1449/12933/4582 495/12934/4582
f 853/5059/4583 1975/5058/4583 887/12935/4583
f 887/12936/4584 22/12937/4584 1975/12938/4584
f 846/12939/4585 22/12940/4585 1975/12941/4585
f 95/12942/4586 1967/12931/4586 421/12943/4586
f 1967/12931/4587 1328/12930/4587 421/12944/4587
f 95/12945/4588 495/12946/4588 1967/12947/4588
f 495/12948/4589 1449/12949/4589 1967/12950/4589
f 173/12951/4590 2950/12952/4590 420/12953/4590
f 1302/12954/4591 2950/12952/4591 173/12955/4591
f 420/12956/4592 2950/12952/4592 1302/12957/4592
f 1328/12958/4593 173/12959/4593 421/12960/4593
f 421/12961/4594 173/12962/4594 1321/12963/4594
f 173/12964/4595 420/12965/4595 1321/12966/4595
f 853/12967/4596 84/12968/4596 2927/12969/4596
f 853/12970/4597 887/12971/4597 84/12972/4597
f 413/12973/4598 1974/12974/4598 846/12975/4598
f 413/12976/4599 1139/12977/4599 1974/12978/4599
f 1139/12977/4600 422/12979/4600 1974/12980/4600
f 1139/12981/4601 413/12982/4601 810/12983/4601
f 2370/12984/4602 1302/12985/4602 173/12986/4602
f 1984/12987/4603 1302/12988/4603 2370/12989/4603
f 1302/12990/4604 1984/12991/4604 1311/12992/4604
f 2780/12993/4605 868/12994/4605 1919/12995/4605
f 1438/12996/4606 1984/12997/4606 759/12998/4606
f 1984/12999/4607 862/13000/4607 1311/13001/4607
f 2767/13002/4608 759/13003/4608 1984/13004/4608
f 2767/13005/4609 1984/13006/4609 2370/13007/4609
f 1328/13008/4610 489/13009/4610 3029/13010/4610
f 3029/13011/4611 173/13012/4611 1328/13013/4611
f 2370/13014/4612 173/13015/4612 3029/13011/4612
f 2370/13016/4613 3029/13017/4613 489/13018/4613
f 2370/13019/4614 489/13020/4614 2767/13021/4614
f 2441/13022/4615 1328/13023/4615 1967/13024/4615
f 2767/13025/4616 2765/13026/4616 759/13027/4616
f 489/13028/4617 1842/13029/4617 2765/13030/4617
f 2765/13031/4618 1842/13032/4618 1818/13033/4618
f 2441/13034/4619 489/13035/4619 1328/13036/4619
f 2441/13037/4620 1449/13038/4620 1842/13039/4620
f 1842/13040/4621 489/13041/4621 2441/13042/4621
f 346/13043/4622 1818/13044/4622 812/13045/4622
f 812/13046/4623 3027/13047/4623 346/13048/4623
f 812/13049/4624 1804/13050/4624 3027/12899/4624
f 2775/13051/4625 1818/13052/4625 346/13053/4625
f 1438/13054/4626 1843/1761/4626 874/13055/4626
f 1843/1761/4627 1438/13056/4627 1980/13057/4627
f 1980/13058/4628 1438/13059/4628 2775/13060/4628
f 1438/13059/4629 759/13061/4629 2775/13060/4629
f 1843/13062/4630 874/13063/4630 807/13064/4630
f 1990/13065/4631 20/13066/4631 1919/13067/4631
f 1990/13068/4632 2776/1764/4632 807/1763/4632
f 1843/1762/4633 2776/1764/4633 1990/13069/4633
f 2775/13070/4634 346/13071/4634 1980/13072/4634
f 1818/13073/4635 2775/13074/4635 759/13075/4635
f 1843/13076/4636 1947/13077/4636 807/13078/4636
f 874/13079/4637 1843/1762/4637 1990/13080/4637
f 20/13081/4638 1990/13082/4638 807/13083/4638
f 807/13084/4639 871/13085/4639 1960/13086/4639
f 807/13087/4640 1960/13088/4640 20/13089/4640
f 871/13090/4641 1968/13091/4641 998/13092/4641
f 3030/13093/4642 1960/13094/4642 871/13095/4642
f 871/13096/4643 2755/13097/4643 168/13098/4643
f 871/13099/4644 807/13100/4644 2755/13101/4644
f 807/13102/4645 1947/13103/4645 2755/13104/4645
f 2755/13105/4646 1947/13106/4646 168/13107/4646
f 1989/13108/4647 2733/13109/4647 168/13110/4647
f 1947/13111/4648 1989/13112/4648 168/13113/4648
f 2773/13114/4649 1989/13115/4649 1947/13116/4649
f 998/13117/4650 873/13118/4650 1985/13119/4650
f 168/13120/4651 1991/13121/4651 871/13122/4651
f 1964/13123/4652 873/13124/4652 1968/13125/4652
f 1968/13126/4653 871/13127/4653 1991/13128/4653
f 1991/13128/4654 1964/13129/4654 1968/13130/4654
f 1333/13131/4655 131/13132/4655 1964/13133/4655
f 2733/13134/4656 2759/13135/4656 1333/13136/4656
f 2733/13137/4657 1333/13138/4657 1964/13139/4657
f 168/13110/4658 2733/13109/4658 1964/13140/4658
f 1989/13141/4659 1333/13142/4659 2733/13143/4659
f 2733/13144/4660 1989/13145/4660 2759/13146/4660
f 1958/13147/4661 2759/13148/4661 1969/13149/4661
f 2773/13150/4662 1806/13151/4662 1969/13152/4662
f 2777/13153/4663 346/13154/4663 1986/13155/4663
f 1806/13156/4664 1862/13157/4664 1969/13152/4664
f 1862/13158/4665 1806/13159/4665 886/13160/4665
f 1987/13161/4666 1986/13162/4666 1913/13163/4666
f 346/13164/4667 1804/13165/4667 1986/13166/4667
f 1980/13167/4668 2777/13168/4668 1806/13169/4668
f 1980/13167/4669 346/13170/4669 2777/13168/4669
f 1947/13171/4670 1980/13172/4670 3031/13173/4670
f 1947/13174/4671 3031/13175/4671 1806/13176/4671
f 3031/13175/4672 1980/13177/4672 1806/13176/4672
f 3031/13178/4673 1947/13179/4673 1843/13180/4673
f 3031/13178/4674 1843/13181/4674 1980/13182/4674
f 1987/13183/4675 886/13184/4675 1806/13185/4675
f 2773/13186/4676 1947/13187/4676 1806/13188/4676
f 1969/13189/4677 1989/13190/4677 2773/13191/4677
f 179/13192/4678 952/13193/4678 859/13194/4678
f 2027/1777/4679 952/13195/4679 1444/13196/4679
f 952/13197/4680 2027/1777/4680 859/1779/4680
f 917/13198/4681 1919/13199/4681 868/13200/4681
f 1455/13201/4682 1323/13202/4682 868/13203/4682
f 914/13204/4683 929/13205/4683 1963/13206/4683
f 929/13207/4684 881/13208/4684 179/13209/4684
f 998/13210/4685 1985/13211/4685 881/13212/4685
f 929/13213/4686 179/13214/4686 900/13215/4686
f 1963/13216/4687 929/13217/4687 900/13218/4687
f 1963/13219/4688 1455/13220/4688 868/13221/4688
f 1963/13222/4689 2004/13223/4689 1455/13224/4689
f 1963/13225/4690 900/13226/4690 2004/13227/4690
f 900/13228/4691 182/13229/4691 2004/13230/4691
f 1455/13231/4692 2004/13232/4692 2009/13233/4692
f 2769/13234/4693 1455/13235/4693 2009/13236/4693
f 179/13237/4694 859/13238/4694 900/13239/4694
f 1444/13240/4695 3032/13241/4695 1966/13242/4695
f 1966/13243/4696 803/13244/4696 1444/13245/4696
f 3033/13246/4697 803/13247/4697 1920/13248/4697
f 2762/13249/4698 803/13250/4698 185/13251/4698
f 1938/13252/4699 2762/13253/4699 185/13254/4699
f 2762/13255/4700 1920/13256/4700 803/13257/4700
f 1938/13258/4701 1920/13259/4701 2762/13260/4701
f 889/13261/4702 850/13262/4702 1920/13263/4702
f 1920/13248/4703 850/13264/4703 3033/13246/4703
f 850/13265/4704 803/13266/4704 3033/13246/4704
f 873/13267/4705 1966/13268/4705 1985/13269/4705
f 131/13270/4706 803/13271/4706 1966/13272/4706
f 131/13273/4707 1966/13274/4707 873/13275/4707
f 1985/13276/4708 1966/13277/4708 952/13278/4708
f 3032/13279/4709 952/13280/4709 1966/13281/4709
f 1444/13282/4710 952/13283/4710 3032/13284/4710
f 1985/13285/4711 952/13286/4711 881/13287/4711
f 914/13288/4712 881/13289/4712 929/13290/4712
f 1968/13291/4713 873/13292/4713 998/13293/4713
f 3030/13294/4714 1968/13295/4714 998/13296/4714
f 998/13297/4715 1960/13298/4715 3030/13294/4715
f 871/13299/4716 1968/13295/4716 3030/13093/4716
f 998/13300/4717 977/13301/4717 1960/13302/4717
f 2763/13303/4718 1960/13304/4718 977/13305/4718
f 1970/13306/4719 20/13307/4719 2763/13308/4719
f 881/13309/4720 914/13310/4720 977/13311/4720
f 2763/13312/4721 977/13313/4721 914/13314/4721
f 1919/13315/4722 20/13316/4722 1970/13317/4722
f 1963/13318/4723 868/13319/4723 914/13320/4723
f 1970/13321/4724 2780/13322/4724 1919/13323/4724
f 914/13324/4725 868/13325/4725 2780/13326/4725
f 1970/13327/4726 914/13328/4726 2780/13329/4726
f 2001/13330/4727 161/13331/4727 2021/13332/4727
f 32/13333/4728 2021/13334/4728 161/13335/4728
f 32/13336/4729 2/13337/4729 903/13338/4729
f 2001/13339/4730 2021/13340/4730 196/13341/4730
f 2021/13342/4731 860/13343/4731 196/13344/4731
f 903/13345/4732 2000/13346/4732 32/13347/4732
f 1995/13348/4733 2000/13349/4733 32/13350/4733
f 2785/13351/4734 2/13352/4734 32/13353/4734
f 2000/13354/4735 927/13355/4735 306/13356/4735
f 1995/13357/4736 2000/13358/4736 306/13359/4736
f 903/13360/4737 2/13361/4737 374/13362/4737
f 2/13361/4738 2779/13363/4738 374/13362/4738
f 927/13364/4739 2000/13365/4739 903/13366/4739
f 374/13367/4740 927/13368/4740 903/13369/4740
f 927/13370/4741 374/13371/4741 876/13372/4741
f 927/13373/4742 915/13374/4742 306/13375/4742
f 927/13376/4743 2782/13377/4743 915/13378/4743
f 374/13379/4744 2008/13380/4744 876/13381/4744
f 2779/13382/4745 2008/13383/4745 374/13384/4745
f 2779/13385/4746 2783/13386/4746 2008/13387/4746
f 876/13388/4747 898/13389/4747 902/13390/4747
f 898/13391/4748 876/13392/4748 2008/13393/4748
f 902/13394/4749 915/1794/4749 876/13395/4749
f 898/13396/4750 1283/13397/4750 902/13398/4750
f 915/13399/4751 2764/13400/4751 2006/13401/4751
f 915/13402/4752 902/13403/4752 2764/13404/4752
f 2067/13405/4753 1296/13406/4753 2764/13407/4753
f 1296/13408/4754 915/13409/4754 2006/13410/4754
f 2764/13411/4755 1296/13412/4755 2006/13413/4755
f 2067/13414/4756 1283/13415/4756 1921/13416/4756
f 898/13417/4757 3036/13418/4757 1921/13419/4757
f 1996/12714/4758 1962/13420/4758 2784/12712/4758
f 1962/13421/4759 898/13422/4759 2784/12712/4759
f 898/13423/4760 1962/13424/4760 982/13425/4760
f 898/13426/4761 2008/13427/4761 2784/13428/4761
f 2008/13429/4762 2783/13430/4762 1996/13431/4762
f 2786/13432/4763 2009/13433/4763 182/13434/4763
f 984/13435/4764 2034/13436/4764 2787/13437/4764
f 182/13438/4765 2/13439/4765 2786/13440/4765
f 2783/13441/4766 900/13442/4766 859/13443/4766
f 900/13444/4767 2/13445/4767 182/13446/4767
f 2/13447/4768 900/13448/4768 2779/13449/4768
f 900/13450/4769 2783/13451/4769 2779/13452/4769
f 2008/13453/4770 2783/13454/4770 859/13455/4770
f 1996/13456/4771 2784/13457/4771 2008/13458/4771
f 1996/13431/4772 2783/13430/4772 859/13459/4772
f 161/13460/4773 2785/13461/4773 2021/13462/4773
f 2785/13463/4774 1279/13464/4774 161/13465/4774
f 161/13466/4775 3026/13467/4775 1972/13468/4775
f 1279/13469/4776 161/13470/4776 2030/13471/4776
f 161/13472/4777 2785/13473/4777 32/13474/4777
f 2785/13475/4778 32/13476/4778 2021/13477/4778
f 2786/13478/4779 2/13479/4779 1279/13480/4779
f 2/13481/4780 2785/13482/4780 1279/13483/4780
f 184/13484/4781 893/13485/4781 930/13486/4781
f 884/13487/4782 808/13488/4782 1278/13489/4782
f 808/13490/4783 184/13491/4783 1278/13492/4783
f 184/13493/4784 984/13494/4784 1278/13495/4784
f 1809/13496/4785 184/13497/4785 808/13498/4785
f 957/13499/4786 1997/13500/4786 2792/13501/4786
f 1273/13502/4787 1278/13503/4787 916/13504/4787
f 1273/13505/4788 916/13506/4788 49/13507/4788
f 916/1842/4789 1304/13508/4789 1948/13509/4789
f 2787/13510/4790 1304/13511/4790 916/13512/4790
f 984/13513/4791 916/13514/4791 1278/13515/4791
f 1296/1912/4792 301/13516/4792 2006/13517/4792
f 907/13518/4793 2006/13519/4793 301/13520/4793
f 893/13521/4794 907/13522/4794 301/13523/4794
f 907/13524/4795 915/13525/4795 2006/13526/4795
f 915/13527/4796 912/13528/4796 306/13529/4796
f 912/13530/4797 893/13531/4797 1809/13532/4797
f 907/13533/4798 893/13534/4798 912/13535/4798
f 1809/13536/4799 893/13537/4799 184/13538/4799
f 860/13539/4800 808/13540/4800 884/13541/4800
f 32/13542/4801 808/13543/4801 3035/13544/4801
f 3035/13545/4802 808/13546/4802 860/13547/4802
f 2021/13548/4803 32/13549/4803 3035/13550/4803
f 32/13551/4804 1995/13552/4804 808/13553/4804
f 912/13554/4805 1809/13555/4805 306/13556/4805
f 1809/13555/4806 1995/13557/4806 306/13558/4806
f 1809/13559/4807 808/13560/4807 1995/13561/4807
f 2021/13562/4808 3035/13563/4808 860/13564/4808
f 1997/13565/4809 1273/13566/4809 2792/13567/4809
f 1997/13568/4810 884/13569/4810 1273/13570/4810
f 49/13571/4811 2010/13572/4811 1273/13573/4811
f 957/13574/4812 2792/13575/4812 1273/13576/4812
f 884/13577/4813 1997/13578/4813 860/13579/4813
f 1997/13580/4814 2790/13581/4814 860/13582/4814
f 2015/13583/4815 1276/13584/4815 1997/13585/4815
f 1276/13586/4816 908/13587/4816 196/13588/4816
f 860/13589/4817 1276/13590/4817 196/13591/4817
f 143/13592/4818 1997/13593/4818 957/13594/4818
f 2365/13595/4819 143/13596/4819 1320/13597/4819
f 957/13598/4820 1268/13599/4820 143/13600/4820
f 1268/13601/4821 1286/13602/4821 1294/13603/4821
f 2015/13604/4822 143/13605/4822 2365/13606/4822
f 2015/13607/4823 908/13608/4823 1276/13609/4823
f 143/13610/4824 2015/13611/4824 1997/13612/4824
f 2365/13613/4825 1300/13614/4825 2015/13615/4825
f 2015/13616/4826 1300/13617/4826 908/13618/4826
f 1268/13619/4827 1320/13620/4827 143/13621/4827
f 1300/13622/4828 2365/13623/4828 1320/13624/4828
f 921/13625/4829 196/13626/4829 908/13627/4829
f 1301/13628/4830 2013/13629/4830 44/13630/4830
f 1300/13631/4831 1293/13632/4831 908/13633/4831
f 1293/13634/4832 921/13635/4832 908/13636/4832
f 1300/13637/4833 1320/13638/4833 1293/13639/4833
f 356/13640/4834 1994/13641/4834 1301/13642/4834
f 2366/13643/4835 62/13644/4835 1293/13645/4835
f 1293/13646/4836 1309/13647/4836 921/13648/4836
f 921/13649/4837 1309/13650/4837 1284/13651/4837
f 1301/13652/4838 1284/13653/4838 356/13654/4838
f 1301/13655/4839 1994/13656/4839 2013/13657/4839
f 2794/13658/4840 1981/13659/4840 1139/13660/4840
f 810/13661/4841 2013/13662/4841 2794/13663/4841
f 1139/13664/4842 810/13665/4842 2794/13666/4842
f 2794/13667/4843 2013/13668/4843 1981/13669/4843
f 1994/13670/4844 1981/13671/4844 2013/13672/4844
f 1994/13673/4845 402/13674/4845 1981/13675/4845
f 1309/13676/4846 62/13677/4846 356/13678/4846
f 1313/4836/4847 402/4835/4847 1994/13679/4847
f 1994/13680/4848 356/13681/4848 1313/4836/4848
f 582/13682/4849 1293/13683/4849 1320/13684/4849
f 582/13685/4850 1320/13686/4850 1294/13687/4850
f 1294/13688/4851 1320/13689/4851 1268/13690/4851
f 928/13691/4852 1294/13692/4852 1286/13693/4852
f 1286/13694/4853 922/13695/4853 928/13696/4853
f 582/13697/4854 1294/13698/4854 928/13699/4854
f 582/13700/4855 928/13701/4855 121/13702/4855
f 582/13703/4856 2366/13704/4856 1293/13705/4856
f 2366/13706/4857 582/13707/4857 121/13708/4857
f 121/13709/4858 976/13710/4858 2366/13711/4858
f 1286/13712/4859 2017/13713/4859 905/13714/4859
f 2017/13715/4860 1303/13716/4860 429/13717/4860
f 905/13718/4861 429/13719/4861 913/13720/4861
f 905/13721/4862 2017/13722/4862 429/13723/4862
f 429/13724/4863 1999/13725/4863 913/13726/4863
f 2360/13727/4864 913/13728/4864 1999/13729/4864
f 30/13730/4865 2358/13731/4865 2360/13732/4865
f 925/13733/4866 30/13734/4866 781/13735/4866
f 379/13736/4867 367/13737/4867 2358/13738/4867
f 1284/13739/4868 356/13740/4868 2364/13741/4868
f 62/13742/4869 2364/13741/4869 1309/13743/4869
f 2364/13741/4870 356/13740/4870 1309/13743/4870
f 1284/13744/4871 1301/13745/4871 400/13746/4871
f 1284/13747/4872 2781/13748/4872 921/13749/4872
f 1284/13750/4873 400/13751/4873 2781/13748/4873
f 1284/13752/4874 1309/13753/4874 356/13754/4874
f 2793/13755/4875 1303/13756/4875 2017/13757/4875
f 2017/13758/4876 1286/13759/4876 2793/13760/4876
f 1971/13761/4877 2030/13762/4877 1972/13763/4877
f 1301/13764/4878 44/13765/4878 1282/13766/4878
f 921/13767/4879 400/13768/4879 2001/13769/4879
f 44/13770/4880 863/13771/4880 1282/13772/4880
f 2770/13773/4881 1971/13774/4881 3037/13775/4881
f 1282/13776/4882 3037/13777/4882 1972/13778/4882
f 3037/13775/4883 1971/13774/4883 1972/13779/4883
f 400/13780/4884 1282/13781/4884 1972/13782/4884
f 2770/13783/4885 3037/13777/4885 1282/13776/4885
f 400/13784/4886 1972/13785/4886 161/13786/4886
f 2030/13471/4887 161/13787/4887 3026/13788/4887
f 400/13789/4888 161/13790/4888 2001/13791/4888
f 2001/13792/4889 196/13793/4889 921/13794/4889
f 957/13795/4890 1303/13796/4890 1268/13797/4890
f 2019/13798/4891 1303/13799/4891 2010/13800/4891
f 2019/13801/4892 2017/13802/4892 1303/13803/4892
f 429/13804/4893 2017/13802/4893 2019/13805/4893
f 1999/13806/4894 429/13807/4894 2024/13808/4894
f 2024/13809/4895 2011/13810/4895 1999/13811/4895
f 429/13812/4896 2019/13813/4896 2024/13814/4896
f 2024/13815/4897 1948/13816/4897 2011/13817/4897
f 49/13818/4898 1948/13819/4898 2019/13820/4898
f 1948/13821/4899 2024/13822/4899 2019/13823/4899
f 2037/13824/4900 924/13825/4900 2002/13826/4900
f 2037/13827/4901 926/13828/4901 924/13829/4901
f 195/13830/4902 2323/13831/4902 2303/13832/4902
f 946/13833/4903 2037/13834/4903 709/13835/4903
f 946/13836/4904 926/13837/4904 2037/13838/4904
f 946/13833/4905 709/13839/4905 2797/13840/4905
f 946/13841/4906 2797/13842/4906 2796/13843/4906
f 2303/13844/4907 946/13845/4907 2796/13843/4907
f 2038/13846/4908 2037/13847/4908 2002/13848/4908
f 984/13849/4909 2787/13850/4909 916/13851/4909
f 75/13852/4910 959/13853/4910 924/13854/4910
f 931/13855/4911 926/13856/4911 946/13857/4911
f 2788/13858/4912 926/13859/4912 931/13860/4912
f 2788/13861/4913 2016/13862/4913 2028/13863/4913
f 75/13864/4914 924/13865/4914 2788/1844/4914
f 2016/13866/4915 2028/13867/4915 75/13868/4915
f 75/13869/4916 920/13870/4916 303/13871/4916
f 920/13872/4917 2028/13873/4917 181/13874/4917
f 2034/13875/4918 2791/13876/4918 920/13877/4918
f 2791/13878/4919 2034/13879/4919 984/13880/4919
f 2791/13881/4920 930/13882/4920 303/13883/4920
f 2791/13876/4921 303/13884/4921 920/13877/4921
f 184/13885/4922 930/13886/4922 984/13880/4922
f 984/13880/4923 930/13886/4923 2791/13878/4923
f 984/13887/4924 2034/13888/4924 181/13889/4924
f 2787/13890/4925 2016/13891/4925 1304/13892/4925
f 2016/13891/4926 2787/13893/4926 2034/13894/4926
f 2814/13895/4927 2786/13896/4927 1279/13897/4927
f 1279/13898/4928 2030/13899/4928 2814/13900/4928
f 2034/13901/4929 920/13902/4929 181/13903/4929
f 931/13904/4930 1304/13905/4930 2016/13906/4930
f 75/13907/4931 2788/13908/4931 2028/13909/4931
f 2016/13862/4932 2788/13910/4932 931/13911/4932
f 931/13912/4933 1155/13913/4933 2323/13914/4933
f 2044/13915/4934 940/13916/4934 1274/13917/4934
f 2303/13918/4935 195/13919/4935 946/13920/4935
f 195/13921/4936 1155/13922/4936 2323/13923/4936
f 2323/13831/4937 931/13924/4937 2303/13925/4937
f 2303/13925/4938 931/13926/4938 946/13927/4938
f 2011/13928/4939 931/13912/4939 2323/13914/4939
f 1155/13929/4940 2018/13930/4940 2799/13931/4940
f 1948/13932/4941 1304/13933/4941 2011/13934/4941
f 2011/13935/4942 2799/13936/4942 2018/13937/4942
f 2323/13914/4943 1155/13938/4943 2011/13939/4943
f 367/13940/4944 2360/13941/4944 2358/13942/4944
f 2360/13943/4945 367/13944/4945 913/13945/4945
f 2018/13946/4946 1155/13947/4946 195/13948/4946
f 2044/13949/4947 2018/13950/4947 195/13951/4947
f 1999/13952/4948 2018/13953/4948 2795/13954/4948
f 195/13955/4949 940/13956/4949 2044/13957/4949
f 2018/13958/4950 1274/13959/4950 2795/13960/4950
f 2036/1823/4951 30/13961/4951 2795/13962/4951
f 1999/13963/4952 2795/13964/4952 30/13965/4952
f 2360/13732/4953 1999/13963/4953 30/13965/4953
f 1999/13966/4954 2358/13967/4954 2360/13968/4954
f 1274/13969/4955 994/13970/4955 2045/13971/4955
f 781/13972/4956 1272/13973/4956 925/13974/4956
f 781/13975/4957 2802/13976/4957 1272/13977/4957
f 1270/13978/4958 1272/13979/4958 2802/13980/4958
f 2036/13981/4959 2045/13982/4959 781/13983/4959
f 781/13984/4960 2045/13985/4960 2802/13976/4960
f 30/13986/4961 1274/13987/4961 2036/13988/4961
f 994/13989/4962 2804/13990/4962 940/13991/4962
f 1274/13992/4963 2045/13993/4963 2036/13994/4963
f 1274/13995/4964 940/13996/4964 2804/13997/4964
f 1274/13998/4965 2804/13999/4965 994/14000/4965
f 2045/14001/4966 994/14002/4966 1270/14003/4966
f 1270/14004/4967 1297/14005/4967 2040/14006/4967
f 1270/14007/4968 994/14008/4968 2801/14009/4968
f 1271/14010/4969 2042/14011/4969 279/14012/4969
f 994/14013/4970 2042/14014/4970 1153/14015/4970
f 1270/14016/4971 1153/14017/4971 1297/14018/4971
f 2042/14019/4972 1271/14020/4972 1153/14021/4972
f 2801/14022/4973 994/14023/4973 1153/14024/4973
f 279/14025/4974 2042/14026/4974 758/14027/4974
f 758/14028/4975 2042/14029/4975 994/14030/4975
f 2042/14031/4976 370/14032/4976 1271/14033/4976
f 758/14034/4977 2796/14035/4977 2805/14036/4977
f 370/14037/4978 2042/14031/4978 279/14012/4978
f 2292/14038/4979 1271/14039/4979 370/14040/4979
f 758/14041/4980 2805/14042/4980 1168/14043/4980
f 940/14044/4981 758/14045/4981 994/13989/4981
f 279/14046/4982 2151/14047/4982 370/14048/4982
f 296/14049/4983 2151/14050/4983 279/14051/4983
f 2041/14052/4984 370/14053/4984 2151/14054/4984
f 2151/14055/4985 981/14056/4985 2041/14057/4985
f 2303/14058/4986 2796/14059/4986 940/14060/4986
f 940/14061/4987 195/14062/4987 2303/14063/4987
f 940/14064/4988 2796/14065/4988 758/14066/4988
f 2796/14067/4989 2029/14068/4989 2805/14069/4989
f 1168/14070/4990 2805/14069/4990 2029/14068/4990
f 1168/14071/4991 279/14072/4991 2805/14073/4991
f 1168/14074/4992 296/14075/4992 279/14076/4992
f 296/14077/4993 1168/14078/4993 949/14079/4993
f 2796/14080/4994 709/14081/4994 2029/14082/4994
f 944/14083/4995 2038/14084/4995 2046/14085/4995
f 932/14086/4996 944/14087/4996 2046/14088/4996
f 2038/14089/4997 2002/14090/4997 2046/14091/4997
f 924/14092/4998 3038/14093/4998 2002/14094/4998
f 709/14095/4999 2037/14096/4999 2038/14097/4999
f 944/14098/5000 709/14099/5000 2038/14100/5000
f 923/14101/5001 2033/14102/5001 932/14103/5001
f 2033/14104/5002 2048/14105/5002 932/14106/5002
f 944/14107/5003 932/14108/5003 2048/14109/5003
f 2029/1886/5004 709/14110/5004 2808/14111/5004
f 709/14112/5005 944/14113/5005 2808/1887/5005
f 2048/14114/5006 2803/14115/5006 2029/14116/5006
f 2048/14117/5007 2029/14118/5007 944/14119/5007
f 2029/14120/5008 2803/14121/5008 1168/14122/5008
f 1168/14123/5009 2803/14124/5009 949/14125/5009
f 237/14126/5010 949/14127/5010 2803/14128/5010
f 2807/14129/5011 237/14130/5011 2048/14131/5011
f 2033/14132/5012 2807/14133/5012 2048/14134/5012
f 948/14135/5013 610/14136/5013 923/14137/5013
f 948/14138/5014 142/14139/5014 610/14140/5014
f 882/14141/5015 956/14142/5015 2026/14143/5015
f 2161/14144/5016 2031/14145/5016 1167/14146/5016
f 2033/14147/5017 951/14148/5017 2047/14149/5017
f 948/14150/5018 1290/14151/5018 2026/14152/5018
f 948/14153/5019 2026/14154/5019 2031/14155/5019
f 956/14156/5020 1167/14157/5020 2031/14158/5020
f 923/14159/5021 1290/14160/5021 948/14161/5021
f 932/14162/5022 1290/14163/5022 923/14164/5022
f 2046/14165/5023 1290/14166/5023 932/14167/5023
f 2046/14168/5024 2002/14169/5024 2160/14170/5024
f 2026/14171/5025 1290/14172/5025 2160/14173/5025
f 2160/14174/5026 3038/14093/5026 959/14175/5026
f 2002/14094/5027 3038/14093/5027 2160/14174/5027
f 924/14176/5028 959/14177/5028 3038/14178/5028
f 2160/14179/5029 959/14180/5029 882/14181/5029
f 959/14182/5030 2043/14183/5030 882/14184/5030
f 2160/14185/5031 882/14186/5031 2026/14187/5031
f 956/14188/5032 882/14189/5032 2049/14190/5032
f 2049/14191/5033 882/14192/5033 2043/14193/5033
f 959/14194/5034 303/14195/5034 2043/14196/5034
f 2043/14197/5035 1773/14198/5035 1146/14199/5035
f 2043/14200/5036 1146/14201/5036 2049/14202/5036
f 303/14203/5037 988/14204/5037 1773/14205/5037
f 930/14206/5038 893/14207/5038 988/14208/5038
f 2043/14209/5039 303/14210/5039 1773/14211/5039
f 988/14212/5040 2073/14213/5040 1773/14214/5040
f 893/14215/5041 301/14216/5041 988/14217/5041
f 301/14218/5042 2073/14219/5042 988/14220/5042
f 2007/14221/5043 2073/14222/5043 301/14223/5043
f 2012/14224/5044 1773/14225/5044 2073/14226/5044
f 2012/14227/5045 1934/14228/5045 1146/14229/5045
f 1146/14230/5046 1773/14231/5046 2012/14232/5046
f 1146/14233/5047 251/14234/5047 2813/14235/5047
f 1146/14236/5048 1934/14237/5048 251/14238/5048
f 2056/14239/5049 2849/14240/5049 251/14241/5049
f 251/14242/5050 2054/14243/5050 2813/14244/5050
f 251/14245/5051 2849/2045/5051 2813/2044/5051
f 1167/14246/5052 2813/14247/5052 2054/14248/5052
f 2020/14249/5053 899/14250/5053 2056/14251/5053
f 1146/14252/5054 2813/14253/5054 2049/14254/5054
f 2049/14255/5055 1167/14256/5055 956/14257/5055
f 2049/14258/5056 2813/14259/5056 1167/14260/5056
f 2032/14261/5057 251/14262/5057 1934/14263/5057
f 2065/14264/5058 2020/14265/5058 2032/14266/5058
f 899/14267/5059 288/14268/5059 202/14269/5059
f 2085/14270/5060 2005/14271/5060 2812/14272/5060
f 2063/14273/5061 2065/14274/5061 2815/14275/5061
f 2063/14276/5062 2020/14277/5062 2065/14278/5062
f 2815/14275/5063 2065/14274/5063 2050/14279/5063
f 2065/14280/5064 2032/14281/5064 1934/14282/5064
f 2812/14283/5065 2005/14284/5065 2050/14285/5065
f 2063/14286/5066 2815/14287/5066 2050/14288/5066
f 2050/14289/5067 2070/14290/5067 955/14291/5067
f 2005/14292/5060 2085/14293/5060 2003/14294/5060
f 858/14295/5068 1982/14296/5068 2085/1674/5068
f 955/14297/5069 2085/14298/5069 2812/14299/5069
f 2005/14292/5070 2003/14300/5070 861/14301/5070
f 861/14302/5071 974/14303/5071 2005/14304/5071
f 2050/14305/5072 2005/14306/5072 974/14307/5072
f 2811/14308/5073 2050/14309/5073 2065/14310/5073
f 2050/14311/5074 974/14312/5074 2811/1917/5074
f 2063/14313/5075 2050/14314/5075 2811/1917/5075
f 2818/14315/5076 974/14316/5076 2823/14317/5076
f 939/14318/5077 1840/1934/5077 2823/1936/5077
f 2003/14319/5078 955/14320/5078 2085/14321/5078
f 2823/14322/5079 974/14323/5079 939/14324/5079
f 1840/14325/5080 939/14326/5080 187/14327/5080
f 2722/14328/5081 848/14329/5081 939/14330/5081
f 861/14331/5082 2722/14332/5082 2005/14333/5082
f 974/14334/5083 2005/14335/5083 2722/14336/5083
f 861/14337/5084 215/14338/5084 2722/14339/5084
f 103/14340/5085 2003/14341/5085 1982/14342/5085
f 955/14343/5086 858/14344/5086 2085/14345/5086
f 858/14346/5087 1911/12288/5087 1982/12287/5087
f 898/14347/5088 982/14348/5088 3036/13418/5088
f 1283/14349/5089 898/14350/5089 1921/14351/5089
f 1921/14352/5090 3036/13418/5090 982/14353/5090
f 1911/14354/5091 858/14355/5091 1993/14356/5091
f 938/14357/5092 2789/14358/5092 2064/14359/5092
f 982/14360/5093 1993/14361/5093 1921/14362/5093
f 2074/14363/5094 2071/14364/5094 1921/14365/5094
f 2071/14366/5095 2067/14367/5095 1921/14368/5095
f 1993/14369/5096 2074/14370/5096 1921/14371/5096
f 2074/14372/5097 1993/14373/5097 858/14374/5097
f 2816/14375/5098 2071/14376/5098 2074/14377/5098
f 858/14378/5099 955/14379/5099 2074/14380/5099
f 2070/14381/5100 2816/14375/5100 2074/14377/5100
f 955/14382/5101 2070/14383/5101 2074/14384/5101
f 2071/14385/5102 2064/14386/5102 2789/14387/5102
f 2152/14388/5103 2071/14389/5103 2070/14390/5103
f 1296/14391/5104 2067/14392/5104 2789/14393/5104
f 2152/14394/5105 2070/14395/5105 2075/14396/5105
f 2071/14397/5106 2152/14398/5106 2064/14399/5106
f 2789/14400/5107 938/14401/5107 1296/14402/5107
f 2007/14403/5108 301/14404/5108 938/14405/5108
f 2073/14406/5109 2007/14407/5109 2012/14408/5109
f 2007/14409/5110 2064/14410/5110 2058/14411/5110
f 2007/14412/5111 938/14413/5111 2064/14414/5111
f 2058/14415/5112 2064/14416/5112 2075/14417/5112
f 2152/14418/5113 2075/14419/5113 2064/14420/5113
f 2012/14421/5114 2007/14422/5114 2058/14423/5114
f 1934/14424/5115 2012/14425/5115 2058/14426/5115
f 1934/14427/5116 2817/14428/5116 2065/14429/5116
f 1934/14430/5117 2058/14431/5117 2817/14432/5117
f 288/14433/5118 2020/14434/5118 2063/14435/5118
f 2070/14436/5119 2050/14437/5119 2811/14438/5119
f 2811/14439/5120 2070/14440/5120 2065/14441/5120
f 2811/14439/5121 2065/14442/5121 2075/14443/5121
f 2811/14439/5122 2075/14444/5122 2070/14440/5122
f 2075/14445/5123 2817/14446/5123 2058/14447/5123
f 2818/14315/5124 2063/14448/5124 974/14316/5124
f 2065/14449/5125 2817/14450/5125 2075/14451/5125
f 892/14452/5126 806/14453/5126 2076/14454/5126
f 2076/14455/5127 933/14456/5127 389/14457/5127
f 2076/14458/5128 2051/14459/5128 892/14460/5128
f 2076/14461/5129 806/14462/5129 933/14463/5129
f 389/14464/5130 187/14465/5130 2051/14466/5130
f 939/14467/5131 848/14468/5131 2051/14469/5131
f 1840/14470/5132 939/14471/5132 2051/14472/5132
f 187/14473/5133 1840/14474/5133 2051/14475/5133
f 848/14476/5134 969/14477/5134 892/14478/5134
f 215/14479/5135 969/14480/5135 848/14481/5135
f 215/14482/5136 722/14483/5136 969/14484/5136
f 252/14485/5137 2818/14486/5137 1840/14487/5137
f 202/14488/5138 2082/14489/5138 214/14490/5138
f 288/14491/5139 252/1941/5139 202/1940/5139
f 389/14492/5140 2083/14493/5140 187/14494/5140
f 187/14495/5141 2083/14496/5141 2082/14497/5141
f 2082/14498/5142 252/14499/5142 187/14500/5142
f 2083/14501/5143 943/14502/5143 2082/14503/5143
f 943/14504/5144 214/14505/5144 2082/14506/5144
f 943/14507/5145 2083/14508/5145 389/14509/5145
f 2824/14510/5146 191/14511/5146 950/14512/5146
f 950/14513/5147 2062/1939/5147 2824/14514/5147
f 214/14515/5148 943/14516/5148 191/14517/5148
f 980/14518/5149 214/14519/5149 191/14520/5149
f 1937/14521/5150 271/14522/5150 2115/14523/5150
f 271/14524/5151 1111/14525/5151 2115/14526/5151
f 41/14527/5152 2115/14528/5152 1111/14529/5152
f 2538/14530/5153 980/14531/5153 191/14532/5153
f 2119/14533/5154 2824/14534/5154 1111/14535/5154
f 2119/14536/5155 191/14537/5155 2824/14538/5155
f 1111/14539/5156 271/14540/5156 2119/14541/5156
f 943/14542/5157 950/14543/5157 191/14544/5157
f 2216/14545/5158 2132/2143/5158 2233/14546/5158
f 2821/14547/5159 2062/14548/5159 950/14549/5159
f 2821/14547/5160 933/14550/5160 2062/14548/5160
f 389/14551/5161 933/14552/5161 2821/14553/5161
f 950/14554/5162 389/14555/5162 2821/14556/5162
f 950/14557/5163 943/14507/5163 389/14509/5163
f 2820/14558/5164 1935/14559/5164 41/14560/5164
f 2820/14561/5165 806/14562/5165 1935/14563/5165
f 2820/14564/5166 933/14565/5166 806/14566/5166
f 2820/14567/5167 2062/14568/5167 933/14569/5167
f 2062/14570/5168 2820/14571/5168 41/14572/5168
f 41/14573/5169 1111/14574/5169 2062/14575/5169
f 1752/14576/5170 1939/14577/5170 865/14578/5170
f 865/14579/5171 815/14580/5171 1752/14581/5171
f 2828/14582/5172 1939/14583/5172 1752/14584/5172
f 211/14585/5173 1295/14586/5173 2828/14587/5173
f 1939/14588/5174 2828/14589/5174 2089/14590/5174
f 2089/14591/5175 2828/14592/5175 1295/14593/5175
f 1752/14594/5176 211/14595/5176 2828/14596/5176
f 968/14597/5177 2089/14598/5177 2084/14599/5177
f 968/14600/5178 1939/14601/5178 2089/14602/5178
f 968/14603/5179 865/14604/5179 1939/14605/5179
f 865/14606/5180 614/14607/5180 815/14608/5180
f 1951/14609/5181 776/14610/5181 815/14611/5181
f 815/14612/5182 614/14613/5182 776/14614/5182
f 815/14615/5183 776/14616/5183 1752/14617/5183
f 3040/14618/5184 815/14611/5184 614/14619/5184
f 1917/14620/5185 776/14621/5185 1951/14622/5185
f 1951/14623/5186 2228/14624/5186 2125/14625/5186
f 815/14611/5187 3040/14618/5187 1951/14609/5187
f 3040/14618/5188 614/14626/5188 1951/14627/5188
f 2228/14628/5189 1951/14629/5189 614/14630/5189
f 1937/14631/5190 2115/14632/5190 2130/14633/5190
f 776/14634/5191 1917/14635/5191 241/14636/5191
f 1917/14637/5192 2130/14638/5192 241/14639/5192
f 241/14640/5193 2130/14641/5193 2115/14642/5193
f 2819/14643/5194 2066/14644/5194 1935/14645/5194
f 1752/14646/5195 2066/14647/5195 211/14648/5195
f 1752/14649/5196 776/14650/5196 2066/14651/5196
f 2093/1962/5197 3041/14652/5197 975/14653/5197
f 3041/14654/5198 962/14655/5198 975/14656/5198
f 962/14657/5199 3041/14654/5199 2093/14658/5199
f 962/14659/5200 211/14660/5200 2066/14661/5200
f 962/14662/5201 2066/14663/5201 2819/14664/5201
f 2829/14665/5202 2091/14666/5202 1935/14667/5202
f 2829/14665/5203 1935/14668/5203 892/14669/5203
f 1935/14670/5204 806/14671/5204 892/14672/5204
f 2819/14673/5205 975/14674/5205 962/14675/5205
f 1935/14676/5206 2066/14677/5206 41/14678/5206
f 2091/14679/5207 975/14680/5207 1935/14681/5207
f 241/14682/5208 41/14683/5208 2066/14684/5208
f 2819/14685/5209 1935/14686/5209 975/14687/5209
f 2101/14688/5210 2091/14689/5210 722/14690/5210
f 2101/14691/5211 975/14692/5211 2091/14689/5211
f 958/14693/5212 2068/14694/5212 838/14695/5212
f 838/14696/5213 2068/14697/5213 2724/14698/5213
f 2724/14699/5214 2101/14700/5214 722/14701/5214
f 722/14702/5215 2091/14703/5215 969/14704/5215
f 892/14705/5216 969/14706/5216 2091/14707/5216
f 958/14708/5217 966/14709/5217 2068/14710/5217
f 2068/14711/5218 966/14712/5218 2093/14713/5218
f 962/14714/5219 1295/14715/5219 211/14716/5219
f 962/14717/5220 2093/14718/5220 1907/14719/5220
f 1295/14720/5221 962/14721/5221 1907/14722/5221
f 1295/14723/5222 1907/14724/5222 794/14725/5222
f 1295/14726/5223 794/14727/5223 2089/14728/5223
f 794/14729/5224 2094/14730/5224 718/14731/5224
f 2094/14732/5225 794/14733/5225 1907/14734/5225
f 718/14735/5226 2094/14736/5226 2830/14737/5226
f 972/14738/5227 718/14739/5227 1835/14740/5227
f 966/14741/5228 1834/14742/5228 1835/14743/5228
f 1835/14744/5229 718/14745/5229 2830/14746/5229
f 966/14747/5230 2830/14748/5230 2094/14749/5230
f 966/14750/5231 1835/14751/5231 2830/14752/5231
f 718/14753/5232 2084/14754/5232 794/14755/5232
f 1741/14756/5233 2084/14757/5233 718/14758/5233
f 2090/14759/5234 2088/1972/5234 2639/1971/5234
f 2090/14760/5235 865/14761/5235 968/14762/5235
f 1034/14763/5236 865/14764/5236 2090/14765/5236
f 968/14766/5237 2088/14767/5237 2090/14768/5237
f 1929/14769/5238 2090/14770/5238 2639/1971/5238
f 1034/14771/5239 2090/14772/5239 1306/14773/5239
f 1306/14774/5240 2090/14775/5240 2639/14776/5240
f 2088/14777/5241 968/14778/5241 2084/14779/5241
f 2088/14780/5242 2084/14781/5242 2826/14782/5242
f 2826/14783/5243 1032/14784/5243 2088/14785/5243
f 2084/14786/5244 1741/14787/5244 2826/14788/5244
f 2086/1985/5245 1032/14789/5245 2826/14790/5245
f 2112/14791/5246 1306/14792/5246 1929/14793/5246
f 1929/14794/5247 954/14795/5247 2112/14796/5247
f 2095/14797/5248 1306/14798/5248 2112/14799/5248
f 2639/14800/5249 2112/14801/5249 1306/14802/5249
f 1929/14803/5250 2112/14804/5250 2639/14805/5250
f 954/14806/5251 1929/14807/5251 1032/14808/5251
f 2086/14809/5252 2832/14810/5252 1032/14811/5252
f 2112/14812/5253 954/14813/5253 2095/14814/5253
f 2092/14815/5254 2832/14816/5254 1726/14817/5254
f 2092/14818/5255 954/14819/5255 2832/14820/5255
f 2092/14821/5256 1712/14822/5256 954/14823/5256
f 1726/14824/5257 2832/14816/5257 2086/14825/5257
f 1873/14826/5258 1726/14827/5258 2086/14828/5258
f 825/14829/5259 1712/14830/5259 2092/14831/5259
f 1873/14832/5260 972/14833/5260 967/14834/5260
f 1741/14835/5261 972/14836/5261 2833/14837/5261
f 2833/1983/5262 2086/1982/5262 1741/14838/5262
f 1873/14839/5263 2833/14840/5263 972/14841/5263
f 1873/14842/5264 967/14843/5264 2673/14844/5264
f 1835/14845/5265 967/14846/5265 972/14847/5265
f 1835/14848/5266 2831/14849/5266 967/14850/5266
f 2831/14851/5267 2627/14852/5267 967/14853/5267
f 1834/14854/5268 2627/14855/5268 2831/14856/5268
f 1873/14857/5269 2673/14858/5269 1904/14859/5269
f 1904/14860/5270 1726/14861/5270 1873/14862/5270
f 2105/14863/5271 687/14864/5271 825/14865/5271
f 2713/14866/5272 2105/14867/5272 825/14868/5272
f 2713/14869/5273 825/14870/5273 1904/14871/5273
f 1904/14872/5274 2673/14873/5274 2713/14874/5274
f 825/14875/5275 2092/14876/5275 1726/14877/5275
f 1904/14878/5276 825/14879/5276 1726/14880/5276
f 2099/14881/5277 2122/14882/5277 3042/14883/5277
f 2105/14884/5278 1732/14885/5278 789/14886/5278
f 789/14887/5279 2847/14888/5279 2679/14889/5279
f 2105/14890/5280 789/14887/5280 2679/14889/5280
f 2679/14891/5281 687/14892/5281 2105/14893/5281
f 1877/14894/5282 2679/14895/5282 2835/14896/5282
f 2847/14897/5283 789/14898/5283 2099/14899/5283
f 2847/14900/5284 2099/14901/5284 3042/14883/5284
f 2836/14902/5285 1712/14903/5285 825/14904/5285
f 2706/14905/5286 687/14906/5286 1877/14907/5286
f 687/14908/5287 2624/14909/5287 783/14910/5287
f 687/14911/5288 2836/14912/5288 2706/14913/5288
f 2836/14912/5289 687/14914/5289 783/14915/5289
f 783/14916/5290 2102/14917/5290 2836/14918/5290
f 2098/14919/5291 2102/14920/5291 3043/14921/5291
f 1725/14922/5292 2641/14923/5292 2102/14924/5292
f 1740/14925/5293 715/14926/5293 2641/14927/5293
f 2641/14928/5294 715/14929/5294 2102/14930/5294
f 715/14931/5295 1712/14932/5295 2102/14933/5295
f 2102/14934/5296 715/14935/5296 2098/14936/5296
f 715/14937/5297 1012/14938/5297 2098/14939/5297
f 2102/14940/5298 1712/14941/5298 2836/14942/5298
f 2227/14943/5299 1012/14944/5299 2098/14945/5299
f 2098/14946/5300 2839/14947/5300 2095/14948/5300
f 2227/14949/5301 2839/14947/5301 2098/14946/5301
f 2839/14950/5302 2227/14951/5302 1950/14952/5302
f 2095/14953/5303 1950/14954/5303 1306/14955/5303
f 2673/14956/5304 1930/14957/5304 1732/14958/5304
f 2227/14959/5305 601/14960/5305 1950/14961/5305
f 2228/14962/5306 836/14963/5306 2106/14964/5306
f 2098/14965/5307 2095/14966/5307 2838/14967/5307
f 1034/14968/5308 2840/14969/5308 865/14970/5308
f 614/14971/5309 2840/14969/5309 1034/14972/5309
f 2840/14969/5310 614/14971/5310 865/14973/5310
f 2838/14974/5311 1712/14975/5311 2098/14976/5311
f 1835/14977/5312 1834/14978/5312 2831/14856/5312
f 954/14979/5313 2838/14980/5313 2095/14981/5313
f 1930/14982/5314 967/14983/5314 2831/14984/5314
f 966/14985/5315 958/14986/5315 1834/14987/5315
f 967/14988/5316 1930/14989/5316 2673/14990/5316
f 2831/14984/5317 2627/14991/5317 1930/14992/5317
f 1732/14993/5318 1930/14994/5318 2727/14995/5318
f 2031/14996/5319 2161/14997/5319 142/14998/5319
f 899/14999/5320 2077/15000/5320 2134/15001/5320
f 2059/15002/5321 2161/15003/5321 2054/15004/5321
f 2161/15005/5322 1167/15006/5322 2054/15007/5322
f 2161/15008/5323 2822/15009/5323 142/15010/5323
f 2161/15011/5324 2059/15012/5324 2822/15013/5324
f 1941/15014/5325 2149/15015/5325 992/15016/5325
f 2841/15017/5326 2133/15018/5326 992/15019/5326
f 992/15019/5327 2133/15018/5327 1941/15020/5327
f 2133/15021/5328 2841/15022/5328 980/15023/5328
f 214/15024/5329 2841/15025/5329 992/15026/5329
f 202/15027/5330 2077/15028/5330 899/15029/5330
f 2077/15030/5331 202/15031/5331 992/15032/5331
f 286/15033/5332 605/15034/5332 2061/15035/5332
f 2061/15036/5333 605/15037/5333 1137/15038/5333
f 286/15039/5334 2825/15040/5334 605/15041/5334
f 286/15039/5335 277/15042/5335 2825/15040/5335
f 147/15043/5336 277/15044/5336 286/15045/5336
f 2848/15046/5337 2119/15047/5337 1298/15048/5337
f 2119/15049/5338 2848/15050/5338 2538/15051/5338
f 2825/15052/5339 277/15053/5339 1928/15054/5339
f 2120/15055/5340 147/15056/5340 286/15057/5340
f 2120/15058/5341 235/15059/5341 2110/15060/5341
f 2120/15061/5342 2061/15062/5342 235/15063/5342
f 980/15064/5343 235/15065/5343 2133/15066/5343
f 2125/15067/5344 3039/15068/5344 2123/15069/5344
f 39/15070/5345 2096/15071/5345 289/15072/5345
f 2125/15073/5346 3039/15074/5346 2123/15075/5346 1951/15076/5346
f 2123/15077/5347 3039/15078/5347 39/15079/5347
f 2125/15080/5348 39/15081/5348 3039/15082/5348
f 961/15083/5349 289/15084/5349 2096/15085/5349
f 86/15086/5350 2846/15087/5350 1755/15088/5350
f 961/15089/5351 2107/15090/5351 2230/15091/5351
f 2131/15092/5352 39/15093/5352 2125/15094/5352
f 2106/15095/5353 2845/15096/5353 2111/15097/5353
f 2106/15098/5354 601/15099/5354 2845/15096/5354
f 601/15100/5355 2111/15097/5355 2845/15096/5355
f 1005/15101/5356 1007/15102/5356 2087/15103/5356
f 1906/15104/5357 2106/15105/5357 2111/15106/5357
f 3044/15107/5358 1755/15108/5358 2846/15109/5358
f 2111/15110/5359 2613/15111/5359 1906/15112/5359
f 2125/15113/5360 2228/15114/5360 2106/15115/5360
f 1906/15116/5361 2125/15113/5361 2106/15117/5361
f 2227/15118/5362 1755/15119/5362 601/15120/5362
f 2111/15121/5363 601/15122/5363 1755/15123/5363
f 2850/15124/5364 2980/15125/5364 1877/15126/5364
f 1951/15127/5365 2123/15128/5365 1917/15129/5365
f 2130/15130/5366 289/15131/5366 1937/15132/5366
f 289/15133/5367 2130/2040/5367 39/15134/5367
f 687/15135/5368 2679/14895/5368 1877/15136/5368
f 2847/15137/5369 2835/15138/5369 2679/15139/5369
f 2835/15140/5370 2847/14900/5370 3042/15141/5370
f 1937/15142/5371 175/15143/5371 271/15144/5371
f 235/15145/5372 2538/15051/5372 2848/15146/5372
f 1298/15147/5373 235/15148/5373 2848/15146/5373
f 175/15149/5374 1298/15150/5374 2119/15151/5374
f 175/15152/5375 2230/15153/5375 1298/15154/5375
f 961/15155/5376 2230/15156/5376 289/15157/5376
f 2120/15158/5377 2110/15159/5377 2206/15160/5377
f 2230/15153/5378 2312/15161/5378 1298/15154/5378
f 2522/15162/5379 3045/15163/5379 2835/15164/5379
f 3045/15165/5380 2850/15166/5380 1877/15167/5380
f 2116/15168/5381 2835/15140/5381 3042/15141/5381
f 2122/14882/5382 2116/15168/5382 3042/14883/5382
f 3045/15169/5383 1877/15170/5383 2835/15171/5383
f 2123/15172/5384 39/15134/5384 2130/2040/5384
f 3044/15173/5385 2180/15174/5385 2111/15175/5385
f 2146/15176/5386 1941/15177/5386 2061/15178/5386
f 1941/15179/5387 1137/15180/5387 2146/15181/5387
f 2061/15178/5388 1137/15182/5388 2146/15176/5388
f 2206/15183/5389 2181/15184/5389 147/15185/5389
f 2181/15184/5390 2206/15183/5390 1871/15186/5390
f 2980/15187/5391 2850/15188/5391 947/15189/5391
f 3045/15190/5392 2522/15162/5392 2850/15191/5392
f 2870/15192/5393 551/15193/5393 2800/15194/5393
f 551/15195/5394 1941/15196/5394 2146/15197/5394
f 2056/15198/5395 899/15199/5395 2134/15200/5395
f 2054/15201/5396 2507/15202/5396 2134/15203/5396
f 2059/15204/5397 2134/15205/5397 2507/15206/5397
f 2149/15207/5398 2134/15208/5398 2077/15209/5398
f 2507/15210/5399 986/15211/5399 2059/15212/5399
f 2149/15213/5400 2077/15214/5400 992/15215/5400
f 2054/15216/5401 2134/15217/5401 2059/15218/5401
f 2507/15219/5402 2134/15220/5402 2149/15221/5402
f 2507/15222/5403 2054/15223/5403 2849/15224/5403
f 1137/15225/5404 551/15226/5404 2146/15227/5404
f 2149/15228/5405 2870/15229/5405 2800/15194/5405
f 2870/15192/5406 1941/15230/5406 551/15231/5406
f 551/15232/5407 986/15233/5407 2800/15234/5407
f 2800/15235/5408 986/15236/5408 2507/15237/5408
f 1955/15238/5409 3078/15239/5409 2701/15240/5409
f 1586/15241/5410 2414/15242/5410 3072/15243/5410
f 2735/15244/5411 2317/15245/5411 1586/15246/5411
f 2851/15247/5412 2593/15248/5412 2232/15249/5412
f 3051/15250/5413 2855/15251/5413 2582/15252/5413
f 2857/15253/5414 3110/15254/5414 3022/15255/5414 3120/15256/5414 1944/15257/5414 3087/15258/5414
f 2748/15259/5415 1881/12519/5415 3001/15260/5415
f 1869/15261/5416 3025/15262/5416 2414/15263/5416
f 3016/15264/5417 3001/15265/5417 3015/15266/5417
f 3015/15266/5418 3001/15265/5418 1881/15267/5418
f 2851/15268/5419 2522/15269/5419 3052/15270/5419
f 1881/15271/5420 2707/1532/5420 2509/15272/5420
f 3015/15273/5421 1881/15274/5421 2509/15275/5421
f 2582/15276/5422 2025/15277/5422 2705/15278/5422
f 2593/9583/5423 2025/9582/5423 2232/15279/5423
f 2703/15280/5424 3050/15281/5424 2317/15282/5424
f 2583/15283/5425 2582/15284/5425 1710/15285/5425
f 2855/15286/5426 2583/15287/5426 1710/15288/5426 2854/15289/5426
f 2851/15268/5427 3052/15270/5427 2593/15290/5427
f 2851/15291/5428 2850/15292/5428 2522/15293/5428
f 2232/15294/5429 2025/15295/5429 2855/15296/5429
f 3053/15297/5430 2983/15298/5430 2593/9583/5430
f 2593/9583/5431 2592/15299/5431 3053/15297/5431
f 2176/15300/5432 504/15301/5432 1042/15302/5432
f 2110/15303/5433 1298/15304/5433 2843/15305/5433
f 3053/15297/5434 2025/15306/5434 2983/15307/5434
f 3055/15308/5435 3088/15309/5435 3053/15310/5435 2592/15311/5435
f 2583/15287/5436 2855/15286/5436 2582/15312/5436
f 1879/15313/5437 2582/15314/5437 2705/15278/5437
f 1879/15315/5438 1710/15316/5438 2582/15317/5438
f 2592/15311/5439 3086/15318/5439 2231/15319/5439 3055/15320/5439
f 3049/15321/5440 2214/15322/5440 2858/15323/5440
f 2206/15324/5441 2110/15325/5441 206/15326/5441
f 206/15327/5442 2312/15328/5442 1871/15329/5442
f 2230/15330/5443 2107/15331/5443 2312/15332/5443
f 2312/15332/5444 1871/15333/5444 2230/15330/5444
f 235/15334/5445 1298/15335/5445 2110/15336/5445
f 2231/15337/5446 2180/15338/5446 2179/15339/5446
f 2230/15340/5447 175/15341/5447 289/15342/5447
f 2213/15343/5448 2178/15344/5448 86/15345/5448
f 1871/15346/5449 2312/15347/5449 2107/15348/5449
f 684/15349/5450 2865/15350/5450 2213/15351/5450
f 3056/15352/5451 3088/15353/5451 3055/15354/5451
f 2206/15355/5452 206/15356/5452 1871/15357/5452
f 1002/15358/5453 2868/15359/5453 2154/15360/5453
f 2154/15361/5454 407/15362/5454 1142/15363/5454
f 2120/2019/5455 2133/2021/5455 235/15364/5455
f 286/15365/5456 2061/15366/5456 2120/15367/5456
f 2133/15368/5457 2061/15369/5457 1941/15370/5457
f 2842/15371/5458 407/15372/5458 1120/15373/5458
f 2825/15374/5459 3057/15375/5459 605/15376/5459
f 1137/15377/5460 605/15378/5460 2158/15379/5460
f 605/15380/5461 3057/15381/5461 2158/15382/5461
f 3057/15383/5462 2039/15384/5462 2158/15385/5462
f 2039/15386/5463 3057/15387/5463 2825/15388/5463
f 1020/15389/5464 993/15390/5464 1148/15391/5464
f 2825/15392/5465 1928/15393/5465 200/15394/5465
f 1142/15395/5466 407/2029/5466 1020/2028/5466
f 2162/15396/5467 1020/15397/5467 1148/15398/5467
f 1020/15399/5468 2842/15400/5468 1120/15401/5468
f 407/15402/5469 2868/15403/5469 2878/15404/5469
f 2014/15405/5470 2039/15406/5470 200/15407/5470
f 2039/15408/5471 2825/15409/5471 200/15410/5471
f 2052/15411/5472 2158/15412/5472 2039/15413/5472
f 2136/15414/5473 3058/15415/5473 2166/15416/5473
f 3058/15415/5474 2055/15417/5474 2166/15416/5474
f 2055/15418/5475 2136/15419/5475 2863/15420/5475
f 2150/15421/5476 1116/15422/5476 1157/15423/5476
f 3058/15415/5477 2136/15424/5477 2055/15425/5477
f 2136/15426/5478 2169/2072/5478 2863/15427/5478
f 551/15428/5479 2158/15429/5479 2852/15430/5479
f 2155/15431/5480 551/15432/5480 2852/15433/5480
f 1137/15434/5481 2158/15435/5481 551/15436/5481
f 2052/15411/5482 2852/15437/5482 2158/15412/5482
f 2874/15438/5483 2150/15439/5483 2052/15440/5483
f 986/15441/5484 2069/15442/5484 2822/15443/5484
f 986/15444/5485 2798/15445/5485 2069/15446/5485
f 986/15447/5486 2822/15448/5486 2059/15449/5486
f 986/15450/5487 551/15451/5487 2155/15452/5487
f 2169/15453/5488 2155/15454/5488 2863/15455/5488
f 2155/15456/5489 2798/15457/5489 986/15458/5489
f 991/15459/5490 1134/15460/5490 2053/15461/5490
f 2114/15462/5491 995/15463/5491 981/15464/5491
f 296/15465/5492 995/15466/5492 2114/2097/5492
f 2136/15467/5493 2166/15468/5493 1134/15469/5493
f 2053/15470/5494 1134/15471/5494 2166/15472/5494
f 995/15473/5495 2053/15474/5495 2079/15475/5495
f 203/15476/5496 2810/15477/5496 991/15478/5496
f 203/15479/5497 991/15480/5497 2053/15481/5497
f 2147/15482/5498 2053/15483/5498 995/15484/5498
f 2147/15485/5499 995/15486/5499 296/15487/5499
f 2806/15488/5500 995/15489/5500 1141/15490/5500
f 981/15491/5501 995/15492/5501 2806/15493/5501
f 981/15494/5502 25/15495/5502 2041/15496/5502
f 2806/15497/5503 25/15498/5503 981/15499/5503
f 949/15500/5504 2809/15501/5504 296/15502/5504
f 2147/15503/5505 296/15504/5505 2809/15501/5505
f 2806/15505/5506 1141/15506/5506 25/15507/5506
f 2079/15508/5507 2081/15509/5507 995/15510/5507
f 1141/15511/5508 995/15512/5508 2081/15513/5508
f 212/15514/5509 2041/15515/5509 25/15516/5509
f 2041/15515/5510 212/15514/5510 2292/15517/5510
f 2285/15518/5511 1141/15519/5511 2293/15520/5511
f 2285/15521/5512 25/15522/5512 1141/15523/5512
f 237/15524/5513 203/15525/5513 2809/15526/5513
f 237/15527/5514 2809/15528/5514 949/15529/5514
f 949/15530/5515 2147/15531/5515 2809/15532/5515
f 2147/15533/5516 2809/15534/5516 203/15535/5516
f 2810/15536/5517 203/15537/5517 2153/15538/5517
f 2153/15539/5518 45/15540/5518 2810/15541/5518
f 2033/15542/5519 2047/15543/5519 2153/15544/5519
f 203/15545/5520 237/15546/5520 2153/15547/5520
f 237/15548/5521 2033/15542/5521 2153/15544/5521
f 2807/15549/5522 2033/15550/5522 237/15551/5522
f 951/15552/5523 2033/15553/5523 923/15554/5523
f 45/15555/5524 2047/15556/5524 951/15557/5524
f 2157/15558/5525 1151/15559/5525 2069/15560/5525
f 951/15561/5526 2869/15562/5526 1151/15563/5526
f 951/15564/5527 923/15565/5527 610/15566/5527
f 610/15567/5528 142/15568/5528 1151/15569/5528
f 2069/15570/5529 1151/15571/5529 2822/15572/5529
f 1151/15573/5530 142/15574/5530 2822/15575/5530
f 951/15576/5531 610/15577/5531 2869/15562/5531
f 2869/15578/5532 610/15579/5532 1151/15580/5532
f 951/15581/5533 1151/15582/5533 2157/15583/5533
f 951/15584/5534 2157/15585/5534 45/15586/5534
f 45/15587/5535 2144/15588/5535 2810/15589/5535
f 45/15590/5536 2157/15591/5536 2144/15592/5536
f 2155/15593/5537 2144/15594/5537 2798/15595/5537
f 2144/15596/5538 2871/15597/5538 2798/15598/5538
f 2157/15599/5539 2871/15600/5539 2144/15601/5539
f 2157/15602/5540 2069/15603/5540 2871/15604/5540
f 2052/15605/5541 2873/15606/5541 2852/15607/5541
f 2155/15608/5542 2873/15609/5542 2863/15610/5542
f 2873/15611/5543 2150/15612/5543 2863/15610/5543
f 2852/15613/5544 2873/15614/5544 2155/15615/5544
f 2150/15616/5545 2873/15617/5545 2052/15618/5545
f 2863/15619/5546 2150/15620/5546 2055/15621/5546
f 2148/15622/5547 2055/15623/5547 1157/15624/5547
f 2166/15625/5548 3058/15626/5548 2148/15627/5548
f 1157/15628/5549 2055/15629/5549 2150/15630/5549
f 993/15631/5550 1157/15632/5550 1148/15633/5550
f 1157/15634/5551 1116/15635/5551 1148/15636/5551
f 1116/15637/5552 942/15638/5552 2142/15639/5552
f 2014/15640/5553 2052/15641/5553 2039/15642/5553
f 2052/15643/5554 2874/15644/5554 942/15645/5554
f 2014/15646/5555 2874/15647/5555 2052/15648/5555
f 2014/15649/5556 942/15650/5556 2874/15651/5556
f 2155/15652/5557 2169/15653/5557 2144/15654/5557
f 2874/15655/5558 1116/15656/5558 2150/15439/5558
f 1116/15657/5559 2874/15658/5559 942/15659/5559
f 1134/15660/5560 991/15661/5560 2169/15662/5560
f 2144/15663/5561 2169/15664/5561 991/15665/5561
f 2144/15666/5562 2169/15667/5562 1134/15668/5562
f 2148/15669/5563 3059/15670/5563 2167/15671/5563
f 2079/15672/5564 2148/15673/5564 2156/15674/5564
f 2079/15675/5565 2166/15676/5565 2148/15677/5565
f 2148/15678/5566 3058/15626/5566 2055/15679/5566
f 990/15680/5567 2289/15681/5567 2143/15682/5567
f 2289/15683/5568 2081/15684/5568 2156/15685/5568
f 2289/15686/5569 2156/15687/5569 2143/15688/5569
f 2291/15689/5570 2081/15690/5570 2289/15691/5570
f 2289/15692/5571 2286/15693/5571 2291/15694/5571
f 2284/15695/5572 2289/15696/5572 990/15697/5572
f 2286/15698/5573 2289/15699/5573 2284/15700/5573
f 2284/15701/5574 1059/15702/5574 2286/15703/5574
f 300/15704/5575 2286/15705/5575 1059/15706/5575
f 2284/15707/5576 990/15708/5576 1092/15709/5576
f 2293/15710/5577 2286/15711/5577 300/15712/5577
f 2293/15713/5578 2291/15714/5578 2286/15715/5578
f 2284/15716/5579 1092/15717/5579 1059/15718/5579
f 1141/15719/5580 2291/15720/5580 2293/15721/5580
f 2170/15722/5581 1092/15723/5581 990/15724/5581
f 2277/15725/5582 1004/15726/5582 2288/15727/5582
f 2288/15728/5583 2875/2107/5583 2170/2109/5583
f 2167/15729/5584 2288/15730/5584 2170/15731/5584
f 990/15732/5585 2167/15733/5585 2170/15734/5585
f 2143/15735/5586 2167/15736/5586 990/15737/5586
f 2156/15738/5587 2081/15739/5587 2079/15740/5587
f 2148/15741/5588 2143/15742/5588 2156/15743/5588
f 993/15744/5589 1020/15745/5589 2167/15746/5589
f 2167/15747/5590 1020/15748/5590 2288/15749/5590
f 3059/15670/5591 1157/15750/5591 2167/15751/5591
f 2148/15752/5592 1157/15753/5592 3059/15754/5592
f 2167/15751/5593 1157/15750/5593 993/15755/5593
f 2167/15756/5594 2143/15757/5594 2148/15758/5594
f 2288/15759/5595 1020/15760/5595 2277/15761/5595
f 2288/15728/5596 1004/15762/5596 2875/2107/5596
f 2324/15763/5597 2915/15764/5597 2912/15765/5597
f 1100/15766/5598 2173/15767/5598 2176/15768/5598
f 2317/15769/5599 3082/15770/5599 3081/15771/5599
f 2173/15772/5600 504/15773/5600 2176/15774/5600
f 285/15775/5601 1936/15776/5601 1106/15777/5601
f 2176/15778/5602 700/15779/5602 1100/15780/5602
f 2237/15781/5603 260/15782/5603 504/15783/5603
f 260/15784/5604 700/15785/5604 504/15786/5604
f 256/15787/5605 2275/15788/5605 376/15789/5605
f 1002/15790/5606 376/15791/5606 2876/2118/5606
f 1039/15792/5607 1040/15793/5607 285/15794/5607
f 1040/15795/5608 1936/15796/5608 285/15797/5608
f 208/15798/5609 2235/15799/5609 2267/15800/5609
f 166/15801/5610 2866/15802/5610 376/15803/5610
f 166/15804/5611 376/15805/5611 2113/15806/5611
f 2267/15807/5612 2866/15802/5612 166/15808/5612
f 2866/15809/5613 2267/15810/5613 1040/15811/5613
f 376/15812/5614 2866/15813/5614 1040/15814/5614
f 2267/15815/5615 1936/15816/5615 1040/15817/5615
f 2876/2118/5616 376/15791/5616 2275/15818/5616
f 1142/15819/5617 2868/15820/5617 2154/15821/5617
f 2154/15822/5618 2868/15823/5618 407/15824/5618
f 2878/15825/5619 2876/15826/5619 217/15827/5619
f 2868/15828/5620 1002/15829/5620 2876/15830/5620
f 2876/2118/5621 2275/15818/5621 217/15831/5621
f 217/15832/5622 1123/15833/5622 407/15834/5622
f 1096/15835/5623 1004/15836/5623 2277/15837/5623
f 407/15834/5624 2878/15838/5624 217/15839/5624
f 2878/15840/5625 2868/15841/5625 2876/15826/5625
f 1142/15842/5626 2877/15843/5626 2868/15844/5626
f 2162/15845/5627 2877/15846/5627 1142/15847/5627
f 2142/15848/5628 189/15849/5628 2183/15850/5628
f 2183/15851/5629 2879/15852/5629 2877/15853/5629
f 2162/15854/5630 2183/15855/5630 2877/15856/5630
f 2879/15857/5631 2183/15858/5631 2184/15859/5631
f 376/15805/5632 1002/15860/5632 2113/15806/5632
f 2113/15861/5633 2879/15862/5633 2184/15863/5633
f 2113/15864/5634 1002/15865/5634 2877/15866/5634
f 189/15867/5635 564/15868/5635 2184/15869/5635
f 2183/15870/5636 189/15871/5636 2184/15872/5636
f 2162/15873/5637 2142/15874/5637 2183/15850/5637
f 1148/15875/5638 2142/15876/5638 2162/15877/5638
f 2142/15878/5639 942/15879/5639 2159/15880/5639
f 2159/15881/5640 942/15882/5640 2171/15883/5640
f 2142/15884/5641 2159/15885/5641 189/15886/5641
f 564/15887/5642 189/15888/5642 2159/15889/5642
f 1117/15890/5643 2185/15891/5643 208/15892/5643
f 208/15893/5644 2185/15894/5644 1013/15895/5644
f 1936/15896/5645 208/15897/5645 2235/15898/5645
f 208/15899/5646 1106/15900/5646 2235/15901/5646
f 208/15902/5647 1013/15903/5647 1106/15904/5647
f 2235/15905/5648 1106/15906/5648 1936/15907/5648
f 1936/15908/5649 2267/15909/5649 2235/15799/5649
f 166/15910/5650 2844/15911/5650 2267/15912/5650
f 2844/15911/5651 208/15913/5651 2267/15912/5651
f 2844/15914/5652 1117/15915/5652 208/15916/5652
f 166/15917/5653 1117/15918/5653 2844/15919/5653
f 2113/15920/5654 2186/15921/5654 166/15922/5654
f 2113/15923/5655 2184/15924/5655 2186/15925/5655
f 2186/15926/5656 2163/15927/5656 166/15928/5656
f 1106/15929/5657 2882/15930/5657 2177/15931/5657
f 1117/15932/5658 166/15933/5658 2163/15934/5658
f 1030/15935/5659 249/15936/5659 1000/15937/5659
f 2177/15938/5660 249/15939/5660 1030/15940/5660
f 2881/15941/5661 1000/15942/5661 2174/15943/5661
f 260/15944/5662 1030/15945/5662 721/15946/5662
f 260/15947/5663 2237/15948/5663 1030/15949/5663
f 2135/15950/5664 2177/2157/5664 2237/15951/5664
f 2237/15952/5665 504/15953/5665 2135/15954/5665
f 2271/15955/5666 2173/15956/5666 2270/15957/5666
f 2184/15958/5667 564/15959/5667 1037/15960/5667
f 2223/15961/5668 2189/15962/5668 2226/15963/5668
f 249/15964/5669 2189/15965/5669 1000/15966/5669
f 2189/15967/5670 2168/15968/5670 2225/15969/5670
f 2168/15970/5671 2189/15971/5671 249/15972/5671
f 2225/15973/5672 2168/2256/5672 2234/2258/5672
f 1129/15974/5673 2225/15975/5673 2234/15976/5673
f 1129/15977/5674 2168/15978/5674 2882/15979/5674
f 2139/15980/5675 833/15981/5675 2901/15982/5675
f 2882/15983/5676 1106/15984/5676 1129/15985/5676
f 1013/15986/5677 1110/15987/5677 1129/15988/5677
f 1129/15989/5678 1106/15990/5678 1013/15991/5678
f 2163/15992/5679 2186/15993/5679 1037/15994/5679
f 2186/15995/5680 2184/15996/5680 1037/15997/5680
f 1106/15998/5681 2177/15999/5681 2135/16000/5681
f 1106/16001/5682 2135/16002/5682 285/16003/5682
f 2882/16004/5683 2168/16005/5683 2177/16006/5683
f 2177/16007/5684 2168/16008/5684 249/16009/5684
f 1039/16010/5685 2264/16011/5685 1087/16012/5685
f 2190/16013/5686 1039/16014/5686 1087/16015/5686
f 256/16016/5687 2190/16017/5687 1087/16018/5687
f 2190/16019/5688 256/16020/5688 1040/16021/5688
f 256/16022/5689 376/16023/5689 1040/16024/5689
f 256/16025/5690 1112/16026/5690 2275/16027/5690
f 2275/16028/5691 1112/16029/5691 217/16030/5691
f 256/16031/5692 1087/16032/5692 2182/16033/5692
f 1112/16034/5693 256/16035/5693 2182/16036/5693
f 242/16037/5694 231/16038/5694 2884/16039/5694
f 242/16040/5695 2884/16041/5695 1087/16042/5695
f 2884/16043/5696 231/16044/5696 2182/16045/5696
f 1087/16046/5697 1098/16047/5697 242/16048/5697
f 1087/16049/5698 2191/16050/5698 1098/16051/5698
f 2191/16052/5699 1087/16053/5699 2264/16054/5699
f 1039/16055/5700 2270/16056/5700 2264/16057/5700
f 2135/16058/5701 1039/16059/5701 285/16060/5701
f 1039/16061/5702 2271/16062/5702 2270/16063/5702
f 2173/16064/5703 2271/16065/5703 504/16066/5703
f 2271/16065/5704 2135/16067/5704 504/16068/5704
f 1100/16069/5705 1115/16070/5705 2173/16071/5705
f 700/15779/5706 2266/16072/5706 1100/15780/5706
f 2135/16073/5707 2271/16074/5707 1039/16075/5707
f 2173/16076/5708 1115/16077/5708 2270/16078/5708
f 2264/16079/5709 2270/16080/5709 2191/16081/5709
f 2270/16082/5710 267/16083/5710 2191/16084/5710
f 2270/16085/5711 1115/16086/5711 267/16087/5711
f 2547/16088/5712 258/16089/5712 730/16090/5712
f 621/16091/5713 2547/16088/5713 730/16092/5713
f 2547/16088/5714 621/16093/5714 258/16094/5714
f 2188/16095/5715 258/16096/5715 2971/16097/5715
f 2971/16097/5716 258/16098/5716 621/16099/5716
f 621/16100/5717 2188/16101/5717 2971/16102/5717
f 27/16103/5718 2188/16104/5718 621/16105/5718
f 2187/16106/5719 2194/16107/5719 1104/16108/5719
f 27/16109/5720 621/16110/5720 2145/16111/5720
f 2547/16112/5721 1015/16113/5721 2209/16114/5721
f 1104/16115/5722 621/16116/5722 2547/2158/5722
f 1104/16117/5723 2547/2158/5723 2209/2160/5723
f 2265/16118/5724 1021/16119/5724 2187/16120/5724
f 795/16121/5725 1104/16122/5725 1001/16123/5725
f 1021/16124/5726 2265/16125/5726 2263/2738/5726
f 1104/16126/5727 2265/16127/5727 2187/16128/5727
f 273/16129/5728 2187/16130/5728 1021/16131/5728
f 2197/16132/5729 2266/16133/5729 2880/16134/5729
f 2187/16135/5730 2197/16136/5730 2880/16137/5730
f 260/16138/5731 721/16139/5731 2175/16140/5731
f 2175/16141/5732 700/16142/5732 260/16143/5732
f 1042/16144/5733 700/16145/5733 2176/16146/5733
f 2880/16147/5734 2266/16148/5734 700/16149/5734
f 2880/16150/5735 700/16151/5735 2175/16152/5735
f 2175/16153/5736 2192/16154/5736 2880/16155/5736
f 2194/16156/5737 2880/16157/5737 2192/16158/5737
f 2880/16159/5738 2194/16160/5738 2187/16161/5738
f 2194/16162/5739 2192/16163/5739 2193/16164/5739
f 2193/16165/5740 2145/16166/5740 2194/16167/5740
f 1104/16168/5741 2145/16169/5741 2209/16170/5741
f 2193/16171/5742 2145/16172/5742 2192/16173/5742
f 1095/16174/5743 27/16175/5743 2193/16176/5743
f 2193/16177/5744 27/16178/5744 2145/16179/5744
f 621/16180/5745 1104/16181/5745 2145/16182/5745
f 2145/16183/5746 1104/16184/5746 2194/16185/5746
f 1104/16186/5747 2209/16187/5747 1001/16188/5747
f 1015/16189/5748 2547/16190/5748 730/16191/5748
f 2861/16192/5749 2209/16193/5749 1015/16194/5749
f 2861/16195/5750 1001/16196/5750 2209/16197/5750
f 2861/16198/5751 108/16199/5751 1001/16200/5751
f 3060/16201/5752 108/16202/5752 2861/16203/5752
f 1583/16204/5753 108/16205/5753 3060/16206/5753
f 1645/16207/5754 1583/16208/5754 3060/16209/5754
f 1015/16210/5755 3060/16211/5755 2861/16212/5755
f 1015/16213/5756 1645/16214/5756 3060/16215/5756
f 693/16216/5757 1583/16217/5757 1645/16218/5757
f 1645/16219/5758 1015/2170/5758 2198/2172/5758
f 2550/16220/5759 2198/16221/5759 688/16222/5759
f 2550/16223/5760 693/16224/5760 1645/16225/5760
f 1645/16225/5761 2198/16226/5761 2550/16223/5761
f 1670/16227/5762 2550/16228/5762 688/16229/5762
f 2550/16230/5763 1642/16231/5763 693/16232/5763
f 1670/16233/5764 1642/16234/5764 2550/16235/5764
f 1604/16236/5765 2199/16237/5765 730/16238/5765
f 258/16239/5766 1604/16240/5766 730/16241/5766
f 730/16242/5767 2199/16243/5767 2198/16244/5767
f 1604/16245/5768 565/16246/5768 2199/16247/5768
f 2198/2175/5769 2202/2174/5769 688/16248/5769
f 2208/2198/5770 2128/16249/5770 616/16250/5770
f 2200/16251/5771 2201/16252/5771 565/16253/5771
f 2200/16254/5772 2195/16255/5772 1671/16256/5772
f 565/16257/5773 2207/16258/5773 2200/16259/5773
f 2195/16260/5774 2200/16261/5774 2207/16262/5774
f 2200/16263/5775 2195/16264/5775 565/16265/5775
f 2207/16266/5776 587/16267/5776 2195/16268/5776
f 2207/16269/5777 565/16270/5777 1604/16271/5777
f 587/16272/5778 2207/16273/5778 1705/16274/5778
f 1009/16275/5779 1705/16276/5779 2886/16277/5779
f 1671/16278/5780 2195/16279/5780 1747/16280/5780
f 2126/16281/5781 2208/2198/5781 616/16282/5781
f 2126/16283/5782 2200/16284/5782 1671/16285/5782
f 2201/16286/5783 2200/16287/5783 2126/16288/5783
f 565/16289/5784 2201/16290/5784 2199/16291/5784
f 2202/16292/5785 2199/16291/5785 2201/16290/5785
f 2201/16293/5786 742/16294/5786 2202/16295/5786
f 2201/16296/5787 2126/16297/5787 742/16298/5787
f 270/16299/5788 2214/16300/5788 793/16301/5788
f 2888/16302/5789 258/16303/5789 2886/16304/5789
f 258/16305/5790 2888/16306/5790 1604/16307/5790
f 2888/16308/5791 2886/16309/5791 1705/16310/5791
f 2888/16308/5792 1705/16311/5792 1604/16312/5792
f 1705/16313/5793 2207/16314/5793 1604/16315/5793
f 1758/16316/5794 587/16317/5794 2217/16318/5794
f 575/16319/5795 1026/16320/5795 2887/16321/5795
f 1024/16322/5796 2887/16323/5796 1026/16320/5796
f 1026/16324/5797 575/16325/5797 209/16326/5797
f 721/16327/5798 2174/16328/5798 1095/16329/5798
f 1095/16330/5799 2174/16331/5799 1024/16332/5799
f 2175/16333/5800 2205/16334/5800 2192/16335/5800
f 1095/16336/5801 2193/16337/5801 2205/16338/5801
f 2193/16339/5802 2192/16340/5802 2205/16341/5802
f 2175/16342/5803 721/16343/5803 2205/16344/5803
f 2205/16345/5804 721/16346/5804 1095/16347/5804
f 1095/16348/5805 1024/16349/5805 1026/16350/5805
f 1000/16351/5806 2881/15941/5806 1030/16352/5806
f 2881/15941/5807 2174/16353/5807 721/16354/5807
f 2223/16355/5808 2174/16356/5808 1000/16357/5808
f 2174/16358/5809 2223/16359/5809 1024/16360/5809
f 1026/16361/5810 2890/16362/5810 27/16363/5810
f 1026/16364/5811 209/16365/5811 2188/16366/5811
f 2889/16367/5812 209/16368/5812 575/16369/5812
f 2188/16370/5813 209/16371/5813 1009/16372/5813
f 2188/16373/5814 1009/16374/5814 2886/16375/5814
f 27/16376/5815 2890/16362/5815 2188/16377/5815
f 2188/16377/5816 2890/16362/5816 1026/16364/5816
f 258/16378/5817 2188/16379/5817 2886/16380/5817
f 1705/16381/5818 1009/16382/5818 2217/16383/5818
f 2889/16384/5819 1009/16385/5819 209/16386/5819
f 2217/16387/5820 2889/16388/5820 1751/16389/5820
f 2217/16390/5821 1009/16391/5821 2889/16392/5821
f 587/16393/5822 1758/16394/5822 1747/16395/5822
f 1747/16396/5823 1758/16397/5823 1742/16398/5823
f 1742/16399/5824 1017/16400/5824 2827/16401/5824
f 3061/16402/5825 1017/16403/5825 1742/16404/5825
f 1742/16405/5826 1758/16406/5826 3061/16407/5826
f 1758/16408/5827 1017/16409/5827 3061/16402/5827
f 1758/16408/5828 1751/16410/5828 1017/16411/5828
f 1751/16412/5829 2127/16413/5829 1017/16414/5829
f 575/16415/5830 1011/16416/5830 1751/16417/5830
f 1751/16418/5831 1011/16419/5831 2127/16420/5831
f 3062/16421/5832 1011/16419/5832 1751/16418/5832
f 575/16422/5833 1751/16423/5833 2889/16424/5833
f 2236/16425/5834 2141/16426/5834 272/16427/5834
f 793/16428/5835 1023/16429/5835 2140/16430/5835
f 272/16431/5836 2127/16432/5836 1011/16433/5836
f 2219/16434/5837 2127/16435/5837 272/16436/5837
f 2899/16437/5838 272/16438/5838 1023/16439/5838
f 2864/16440/5839 2057/16441/5839 270/16442/5839
f 793/16443/5840 2140/16444/5840 270/16445/5840
f 752/16446/5841 2891/16447/5841 2213/16448/5841
f 793/16449/5842 2214/16450/5842 2894/16451/5842
f 2894/16452/5843 2213/16453/5843 793/16454/5843
f 2213/16455/5844 2891/16456/5844 793/16457/5844
f 793/16458/5845 2891/16459/5845 752/16460/5845
f 2893/16461/5846 2140/16462/5846 793/16463/5846
f 1023/16464/5847 2140/16465/5847 2893/16466/5847
f 793/16467/5848 752/16468/5848 2893/16469/5848
f 752/16470/5849 1033/16471/5849 1023/16472/5849
f 752/16473/5850 2221/16474/5850 725/16475/5850
f 272/16476/5851 2899/16477/5851 1033/16478/5851
f 1023/16479/5852 1033/16480/5852 2899/16481/5852
f 1023/16482/5853 752/16483/5853 2893/16484/5853
f 2129/16485/5854 852/16486/5854 2128/16487/5854
f 1748/16488/5855 852/16489/5855 2897/16490/5855
f 2827/16491/5856 2108/16492/5856 2892/2223/5856
f 2897/16493/5857 2108/16494/5857 1748/16495/5857
f 2129/16496/5858 2108/16497/5858 2897/16498/5858
f 2213/16499/5859 2221/16500/5859 752/16501/5859
f 86/16502/5860 2221/16500/5860 2213/16499/5860
f 2221/16503/5861 86/16504/5861 1756/16505/5861
f 684/16506/5862 2213/16507/5862 2894/16508/5862
f 2214/16450/5863 684/16509/5863 2894/16510/5863
f 2213/16511/5864 2865/15350/5864 2178/16512/5864
f 733/16513/5865 1748/16514/5865 985/16515/5865
f 852/16516/5866 1748/16517/5866 2124/16518/5866
f 2124/16519/5866 1748/16514/5866 733/16520/5866
f 616/16521/5867 2128/16522/5867 852/16523/5867
f 2126/16524/5868 1671/16525/5868 2128/16526/5868
f 1671/16527/5869 2204/16528/5869 2128/16529/5869
f 1671/16530/5870 1747/16531/5870 2204/16532/5870
f 2219/16533/5871 1017/16534/5871 2127/16535/5871
f 2129/16536/5872 2204/16537/5872 1742/16538/5872
f 1747/16539/5873 1742/16540/5873 2204/16541/5873
f 2129/16542/5874 2128/16543/5874 2204/16544/5874
f 2108/16545/5875 2129/16546/5875 1742/16547/5875
f 963/16548/5876 3063/16549/5876 1035/16550/5876
f 1035/16551/5877 3063/16549/5877 1756/16552/5877
f 985/16553/5878 963/16554/5878 733/16555/5878
f 733/16556/5879 963/16557/5879 665/16558/5879
f 1738/16559/5880 985/16560/5880 1748/16561/5880
f 1748/16562/5881 2108/16563/5881 1738/16564/5881
f 985/16565/5882 1932/16566/5882 1756/16567/5882
f 1738/16568/5883 1932/16569/5883 985/16570/5883
f 3063/16549/5884 963/16571/5884 1756/10052/5884
f 2216/16572/5885 1743/16573/5885 2132/16574/5885
f 725/16575/5886 1738/16576/5886 1932/16577/5886
f 1739/16578/5887 963/16579/5887 1035/16580/5887
f 1739/16581/5888 620/16582/5888 2218/16583/5888
f 1739/16584/5889 2218/16583/5889 963/16585/5889
f 1031/16586/5890 2220/16587/5890 2104/16588/5890
f 2220/16589/5891 1031/16590/5891 620/16591/5891
f 1739/16592/5892 2220/16593/5892 620/16594/5892
f 2104/16595/5893 2220/16596/5893 1733/16597/5893
f 2104/16598/5894 1740/16599/5894 689/16600/5894
f 1740/16601/5895 2896/16602/5895 715/16603/5895
f 2896/16604/5896 1740/16605/5896 2104/16606/5896
f 2896/16607/5897 1733/16608/5897 715/16609/5897
f 1733/16610/5898 2896/16611/5898 2104/16612/5898
f 1012/16613/5899 715/16614/5899 1733/16615/5899
f 2900/16616/5900 2864/16617/5900 1036/16618/5900
f 2109/16619/5901 1733/16620/5901 2220/16621/5901
f 2109/16622/5902 2220/16623/5902 1739/16624/5902
f 2109/16625/5903 1739/16626/5903 1035/16627/5903
f 2837/16628/5904 2222/16629/5904 2109/16630/5904
f 725/16631/5905 1756/16632/5905 1932/16633/5905
f 1756/16634/5906 86/16635/5906 2837/16636/5906
f 2109/16637/5907 1756/16638/5907 2837/16639/5907
f 2222/16640/5908 2837/16641/5908 1755/16642/5908
f 1755/16643/5909 2837/16644/5909 86/16645/5909
f 2222/2209/5910 1012/16646/5910 1733/2210/5910
f 2227/16647/5911 1012/16648/5911 2222/2007/5911
f 1950/16649/5912 1034/16650/5912 1306/16651/5912
f 836/16652/5913 1034/16653/5913 1950/16654/5913
f 2895/2203/5914 1950/2205/5914 601/16655/5914
f 2106/16656/5915 2895/2202/5915 601/16657/5915
f 725/16658/5916 2221/16659/5916 1756/16660/5916
f 752/16661/5917 725/16662/5917 1033/16663/5917
f 2559/16664/5918 725/16665/5918 1932/16666/5918
f 1932/16667/5919 1738/16668/5919 2559/16669/5919
f 1033/16670/5920 2559/16671/5920 272/16672/5920
f 272/16673/5921 2559/16674/5921 2219/16675/5921
f 1017/16676/5922 2219/16677/5922 2827/16678/5922
f 2108/16679/5923 2827/16680/5923 1738/16681/5923
f 2827/16682/5924 2559/16683/5924 1738/16684/5924
f 2559/16685/5925 2827/16686/5925 2219/16687/5925
f 1998/16688/5926 2132/16689/5926 1025/16690/5926
f 1038/16691/5927 2132/16692/5927 1743/16693/5927
f 1005/16694/5928 1038/16695/5928 1743/16696/5928
f 724/16697/5929 1005/16698/5929 1743/16699/5929
f 1038/16700/5930 1005/16701/5930 2215/16702/5930
f 1025/16703/5931 1038/16704/5931 2224/16705/5931
f 2223/16706/5932 1025/16707/5932 2226/16708/5932
f 1025/16709/5933 2225/16710/5933 1998/16711/5933
f 2223/16712/5934 2224/16713/5934 1024/16714/5934
f 1025/16715/5935 2189/16716/5935 2225/16717/5935
f 2224/16718/5936 2223/16719/5936 2226/16720/5936
f 2224/16718/5937 2226/16720/5937 1025/16721/5937
f 1025/16722/5938 2226/16723/5938 2189/16724/5938
f 2887/16725/5939 2236/16726/5939 575/16727/5939
f 1024/16728/5940 2141/16729/5940 2887/16730/5940
f 2141/16729/5941 2236/16731/5941 2887/16730/5941
f 2224/16732/5942 2141/16733/5942 2887/16734/5942
f 2224/16735/5943 2215/16736/5943 2141/16737/5943
f 272/16738/5944 1011/16739/5944 2236/16740/5944
f 1005/16741/5945 2087/16742/5945 1036/16743/5945
f 724/16744/5946 1743/16745/5946 2216/16746/5946
f 2898/16747/5947 1005/16748/5947 1036/16749/5947
f 1005/16750/5948 2898/16751/5948 2215/16752/5948
f 1023/16753/5949 2141/16754/5949 2215/16755/5949
f 1036/16756/5950 1023/16757/5950 2898/16758/5950
f 1023/16759/5951 1036/16760/5951 2140/16761/5951
f 2140/16762/5952 1036/16763/5952 2864/16764/5952
f 2087/16765/5953 1007/16766/5953 3064/16767/5953
f 3064/16767/5954 1007/16768/5954 2125/16769/5954
f 2125/16770/5955 2864/16771/5955 2900/16772/5955
f 2900/16773/5956 2087/16774/5956 2125/16775/5956
f 1036/16776/5957 2087/16777/5957 2900/16778/5957
f 2125/16779/5958 2087/16765/5958 3064/16767/5958
f 1007/16768/5959 2131/16780/5959 2125/16781/5959
f 2096/16782/5960 2131/16783/5960 3065/16784/5960
f 724/16785/5961 1007/16786/5961 1005/16787/5961
f 724/16788/5962 2216/16789/5962 2568/16790/5962
f 3066/16791/5963 2568/16792/5963 2216/16793/5963
f 2568/16792/5964 3066/16794/5964 2210/16795/5964
f 2210/16796/5965 3066/16791/5965 2216/16797/5965
f 724/16798/5966 2568/16799/5966 1007/16800/5966
f 2885/16801/5967 2568/16802/5967 2210/16803/5967
f 2568/16804/5968 2131/16805/5968 1007/16806/5968
f 39/16807/5969 2131/16808/5969 2096/16809/5969
f 3065/16784/5970 2885/16810/5970 2096/16811/5970
f 2568/16812/5971 2885/16813/5971 3065/16814/5971
f 3065/16815/5972 2131/16816/5972 2568/16817/5972
f 961/16818/5973 2096/16819/5973 2885/16820/5973
f 2885/16821/5974 2107/16822/5974 961/16823/5974
f 2107/16824/5975 2097/16825/5975 2121/2240/5975
f 1871/16826/5976 2121/16827/5976 2097/16825/5976
f 2210/16828/5977 2107/16829/5977 2885/16830/5977
f 2107/16831/5978 2210/16832/5978 2097/16833/5978
f 2165/16834/5979 2097/16835/5979 2872/16836/5979
f 277/16837/5980 833/16838/5980 1928/16839/5980
f 1928/16840/5981 2229/16841/5981 2211/16842/5981
f 2229/16843/5982 1928/16844/5982 833/16845/5982
f 277/16846/5983 147/16847/5983 833/16848/5983
f 833/15981/5984 147/16849/5984 2901/15982/5984
f 1928/16850/5985 2211/16851/5985 200/16852/5985
f 197/16853/5986 2211/16854/5986 2229/16841/5986
f 2229/16855/5987 197/16853/5987 1928/16856/5987
f 2121/16857/5988 2181/16858/5988 1871/16859/5988
f 147/16860/5989 2181/16861/5989 2901/16862/5989
f 2139/16863/5990 2901/16864/5990 2181/16865/5990
f 2211/16866/5991 197/16867/5991 2171/16868/5991
f 2171/16869/5992 942/16870/5992 2014/16871/5992
f 2171/16872/5993 2014/16873/5993 2211/16874/5993
f 2211/16874/5994 2014/16873/5994 200/16875/5994
f 2171/16876/5995 197/16877/5995 2159/16878/5995
f 2185/16879/5996 1110/16880/5996 1013/16881/5996
f 1110/16882/5997 2185/16883/5997 2181/16884/5997
f 2139/16885/5998 2181/16886/5998 2185/16887/5998
f 2121/16888/5999 2905/2249/5999 2181/16889/5999
f 2139/16890/6000 2078/16891/6000 2903/16892/6000
f 2139/16893/6001 2903/16894/6001 833/16895/6001
f 2097/16896/6002 1110/16897/6002 2121/16898/6002
f 1110/16899/6003 2905/2249/6003 2121/16900/6003
f 2163/16901/6004 2883/16902/6004 1117/16903/6004
f 1117/16904/6005 2883/16902/6005 2139/16905/6005
f 197/16906/6006 2078/16907/6006 1037/2147/6006
f 2883/16908/6007 1037/16909/6007 2078/16910/6007
f 2165/16911/6008 2234/16912/6008 1129/16913/6008
f 2234/16914/6009 2904/16915/6009 1998/16916/6009
f 2225/16917/6010 2234/16914/6010 1998/16916/6010
f 1110/16918/6011 2165/16919/6011 1129/16920/6011
f 2139/16921/6012 2883/16922/6012 2078/16923/6012
f 2902/16924/6013 2097/16925/6013 2165/16926/6013
f 1110/16927/6014 2902/16928/6014 2165/16929/6014
f 2902/16928/6015 1110/16930/6015 2097/16931/6015
f 2229/16932/6016 833/16933/6016 2903/16934/6016
f 2078/16935/6017 2229/16936/6017 2903/16937/6017
f 2872/16938/6018 2233/16939/6018 2165/16940/6018
f 1998/16941/6019 2165/16942/6019 2233/16943/6019
f 2872/16944/6020 2210/16945/6020 2233/16946/6020
f 2216/16947/6021 2233/16948/6021 2210/16949/6021
f 2210/16950/6022 2872/16951/6022 2097/16952/6022
f 2030/16953/6023 1971/16954/6023 3070/16955/6023
f 2786/16956/6024 2814/16957/6024 2009/16958/6024
f 2072/16959/6025 1971/16960/6025 3067/12876/6025
f 3067/12876/6026 3068/16961/6026 2072/16962/6026
f 2770/16963/6027 3068/12875/6027 3069/16964/6027
f 3068/12875/6028 1971/12874/6028 3069/16964/6028
f 1323/16965/6029 2769/16966/6029 2770/16967/6029
f 2009/16968/6030 2004/16969/6030 182/16970/6030
f 3068/16971/6031 2769/16972/6031 3034/16973/6031
f 2769/16974/6032 1323/16975/6032 1455/16976/6032
f 3069/16964/6033 1971/16977/6033 2770/16978/6033
f 2009/16979/6034 2769/16980/6034 3034/16981/6034
f 3070/16982/6035 3034/16983/6035 2814/16984/6035
f 3070/16982/6036 3067/16985/6036 3034/16983/6036
f 3070/16955/6037 1971/16986/6037 3067/16987/6037
f 2030/16988/6038 3070/16982/6038 2814/16984/6038
f 3068/16989/6039 2770/16990/6039 2769/16991/6039
f 3034/16992/6040 2009/16993/6040 2814/16994/6040
f 3067/16995/6041 3068/16996/6041 3034/16997/6041
f 369/16998/6042 340/16999/6042 1250/17000/6042
f 3072/15243/6043 2735/17001/6043 1586/17002/6043
f 901/17003/6044 1353/17004/6044 1316/17005/6044
f 1954/17006/6045 2920/17007/6045 1952/17008/6045
f 2912/17009/6046 1586/17010/6046 3077/17011/6046
f 1586/17012/6047 2317/17013/6047 3076/17014/6047
f 1451/17015/6048 2384/17016/6048 2381/17017/6048
f 1348/17018/6049 2379/17019/6049 1349/17020/6049
f 2437/17021/6050 1316/17022/6050 1350/17023/6050
f 1344/17024/6051 3071/17025/6051 1343/17026/6051
f 1952/17027/6052 3074/17028/6052 1954/17029/6052
f 1350/17030/6053 1349/17031/6053 2437/17032/6053
f 1350/17030/6054 1348/17033/6054 1349/17031/6054
f 2381/17034/6055 2384/17035/6055 1349/17036/6055
f 2437/5173/6056 3075/5172/6056 1350/17037/6056
f 3075/5172/6057 2920/17038/6057 1350/17037/6057
f 901/17039/6058 1316/17040/6058 2437/17041/6058
f 901/17042/6059 2437/17043/6059 1349/17044/6059
f 2384/17045/6060 901/17046/6060 1349/17047/6060
f 1952/17048/6061 3075/17049/6061 1316/17050/6061
f 1954/17029/6062 3074/17028/6062 3071/17051/6062
f 3074/17052/6063 1953/17053/6063 3071/17054/6063
f 2920/17055/6064 1954/17056/6064 1343/17057/6064 435/17058/6064
f 2920/17007/6065 3075/17059/6065 1952/17060/6065
f 2853/17061/6066 2735/17062/6066 2414/17063/6066
f 2735/17062/6067 3072/17064/6067 2414/17063/6067
f 935/17065/6068 2768/17066/6068 1978/17067/6068
f 1996/17068/6069 859/17069/6069 2027/17070/6069
f 1962/17071/6070 2027/17072/6070 1444/17073/6070
f 2812/17074/6071 2050/17075/6071 955/17076/6071
f 2134/17077/6072 2849/17078/6072 2056/17079/6072
f 2870/17080/6073 2149/15228/6073 1941/17081/6073
f 2849/17078/6074 2134/17082/6074 2507/17083/6074
f 251/17084/6075 2032/17085/6075 2056/17086/6075
f 75/17087/6076 2028/17088/6076 920/17089/6076
f 1298/17090/6077 2312/17091/6077 2843/17092/6077
f 206/17093/6078 2110/17094/6078 2843/17095/6078
f 2312/17096/6079 206/17097/6079 2843/17098/6079
f 1917/17099/6080 2123/17100/6080 2130/17101/6080
f 2316/17102/6081 3056/17103/6081 3046/17104/6081
f 3056/17105/6082 2858/17106/6082 3046/17104/6082
f 3081/15771/6083 3082/15770/6083 2316/17107/6083
f 3082/15770/6084 2315/17108/6084 2316/17109/6084
f 3056/17110/6085 2316/17111/6085 3055/17112/6085
f 3049/17113/6086 3056/17114/6086 3055/17115/6086
f 2179/17116/6087 3049/17117/6087 3055/17118/6087
f 2214/17119/6088 3049/17120/6088 2179/17121/6088
f 3046/17122/6089 2858/17123/6089 3079/17124/6089
f 2858/17123/6090 2867/17125/6090 3079/17124/6090
f 3046/17126/6091 3047/17127/6091 3079/17128/6091
f 3079/17124/6092 2867/17125/6092 3047/17129/6092
f 2214/17130/6093 2057/17131/6093 2858/17132/6093
f 2864/17133/6094 1906/17134/6094 2867/17135/6094
f 1906/17134/6095 2613/17136/6095 2867/17135/6095
f 2613/17137/6096 2111/17138/6096 2180/17139/6096
f 3048/17140/6097 3083/17141/6097 3046/17142/6097
f 2231/17143/6098 3048/17144/6098 3047/17145/6098
f 2231/17146/6099 2179/17147/6099 3055/17148/6099
f 2057/17149/6100 2867/17125/6100 2858/17123/6100
f 2317/17150/6101 3102/17151/6101 2533/17152/6101
f 2317/17150/6102 3082/17153/6102 3102/17151/6102
f 2111/17154/6103 1755/17155/6103 3044/17156/6103
f 2846/15109/6104 2180/17157/6104 3044/15107/6104
f 2704/17158/6105 2702/17159/6105 2703/17160/6105
f 2864/17161/6106 2867/17162/6106 2057/17163/6106
f 2317/17164/6107 2533/17165/6107 2703/15280/6107
f 2534/17166/6108 2317/17167/6108 2735/17168/6108
f 2534/17169/6109 2533/17170/6109 2317/17171/6109
f 2315/17172/6110 3082/17173/6110 2317/17174/6110
f 3086/15318/6111 2592/17175/6111 3048/17176/6111
f 2701/17177/6112 2966/17178/6112 2702/17179/6112
f 2424/17180/6113 1858/17181/6113 2423/17182/6113
f 3085/12542/6114 3084/17183/6114 1955/17184/6114
f 3085/12542/6115 2423/12541/6115 3084/17183/6115
f 2423/12541/6116 2686/17185/6116 3084/17183/6116
f 1955/17186/6117 2701/17187/6117 3085/17188/6117
f 2858/17189/6118 3056/17190/6118 3049/17191/6118
f 2316/17192/6119 2315/17193/6119 3056/17194/6119
f 2315/17195/6120 3088/15353/6120 3056/15352/6120
f 3053/17196/6121 2315/17197/6121 3050/17198/6121
f 3088/17199/6122 2315/17200/6122 3053/17201/6122
f 2317/15282/6123 3050/15281/6123 3082/17202/6123
f 3050/15281/6124 2315/17203/6124 3082/17202/6124
f 2178/17204/6125 2179/17205/6125 2180/17206/6125
f 2178/17207/6126 684/17208/6126 2179/17209/6126
f 2178/17210/6127 2180/17211/6127 2846/17212/6127
f 2178/17213/6128 2846/17214/6128 86/15345/6128
f 2099/17215/6129 2629/17216/6129 2634/17217/6129
f 3089/17218/6130 2634/17219/6130 1713/11956/6130
f 3089/17218/6131 2099/17220/6131 2634/17219/6131
f 2099/17221/6132 1713/17222/6132 2122/9925/6132
f 2099/17221/6133 3089/17218/6133 1713/17222/6133
f 3091/11663/6134 2697/17223/6134 2933/17224/6134
f 1403/17225/6135 2687/17226/6135 1404/17227/6135
f 2687/17226/6136 2413/17228/6136 1404/17227/6136
f 1403/17229/6137 2751/17230/6137 2687/17231/6137
f 1404/17232/6138 2413/17233/6138 2426/17234/6138
f 2933/17235/6139 2697/17236/6139 2687/17237/6139
f 2947/17238/6140 2935/17239/6140 2939/17240/6140
f 2947/6002/6141 2932/6001/6141 2935/17241/6141
f 2622/17242/6142 2621/17243/6142 3054/17244/6142
f 2981/17245/6143 3095/17246/6143 1754/17247/6143
f 2981/17248/6144 2979/17249/6144 2860/17250/6144
f 2979/17251/6145 1022/17252/6145 2860/17253/6145
f 2212/17254/6146 1022/17255/6146 3093/17256/6146
f 2631/17257/6147 2619/9610/6147 2974/9609/6147
f 2611/9611/6148 2619/17258/6148 1697/17259/6148
f 2583/17260/6149 2611/1286/6149 1707/1285/6149
f 2611/17261/6150 2583/17262/6150 2981/17263/6150
f 726/17264/6151 677/17265/6151 2619/17266/6151
f 3054/17267/6152 3092/17268/6152 2622/17269/6152
f 1022/17270/6153 2631/17271/6153 2860/17272/6153
f 2631/17273/6154 2974/17274/6154 2860/17272/6154
f 2959/17275/6155 2621/17276/6155 2515/17277/6155
f 2535/17278/6156 2862/8144/6156 2515/17279/6156
f 2621/17276/6157 2622/17280/6157 2515/17281/6157
f 1710/17282/6158 2583/17283/6158 1707/17284/6158
f 2583/17285/6159 2582/17286/6159 2584/17287/6159
f 1667/17288/6160 2582/17289/6160 2583/17290/6160
f 2533/17291/6161 2704/17292/6161 2703/17293/6161
f 3081/17294/6162 2316/17295/6162 3098/17296/6162
f 3102/17151/6163 3082/17153/6163 3081/17294/6163
f 3102/17297/6164 3081/17298/6164 3080/17299/6164
f 3080/17300/6165 3081/17301/6165 3083/17302/6165
f 2583/17303/6166 3095/17246/6166 2981/17304/6166
f 3021/17305/6167 2533/17306/6167 3080/17307/6167
f 3015/17308/6168 2705/17309/6168 3016/17310/6168
f 3097/17311/6169 3099/17312/6169 3108/17313/6169 2591/17314/6169 3136/17315/6169 2592/17316/6169 2593/17317/6169
f 2116/17318/6170 3096/17319/6170 3052/17320/6170 2522/17321/6170
f 2850/17322/6171 2851/2054/6171 947/17323/6171
f 2522/17324/6172 2835/17325/6172 2116/17326/6172
f 857/17327/6173 1949/17328/6173 2968/17329/6173
f 2857/17330/6174 2704/17331/6174 3021/17332/6174
f 2854/17333/6175 1707/17334/6175 2610/17335/6175
f 2591/17336/6176 2967/17337/6176 3021/17338/6176
f 2591/17339/6177 3021/17340/6177 3080/17341/6177
f 2533/17342/6178 3102/17343/6178 3080/17344/6178
f 2591/17345/6179 3083/17346/6179 2592/17347/6179
f 2856/17348/6180 2532/17349/6180 2965/17350/6180
f 3104/17351/6181 2532/17352/6181 705/17353/6181
f 3104/17351/6182 2707/17354/6182 2532/17352/6182
f 2938/17355/6183 2965/17356/6183 2531/17357/6183
f 2518/17358/6184 3104/17351/6184 705/17353/6184
f 2915/17359/6185 2324/17360/6185 2917/17361/6185
f 2917/3555/6186 3106/3554/6186 431/17362/6186
f 2915/17363/6187 2917/3555/6187 431/17364/6187
f 2503/17365/6188 3103/17366/6188 2324/17367/6188
f 3103/17366/6189 2917/17368/6189 2324/17367/6189
f 2326/17369/6190 3103/17370/6190 1953/17371/6190
f 2326/17369/6191 2917/17372/6191 3103/17370/6191
f 2326/17369/6192 1953/17373/6192 2917/17374/6192
f 2937/17375/6193 2944/17376/6193 1847/17377/6193
f 2937/5950/6194 2942/5890/6194 3109/5889/6194
f 2944/17378/6195 2343/17379/6195 1847/17380/6195
f 115/17381/6196 602/17382/6196 1400/17383/6196
f 1949/17384/6197 3022/17385/6197 2968/17386/6197
f 3022/17387/6198 3110/17388/6198 2967/17389/6198
f 3052/17390/6199 3096/17391/6199 3097/17392/6199
f 3022/17393/6200 3099/17394/6200 2968/17395/6200
f 3022/17387/6201 2967/17396/6201 3099/17394/6201
f 2856/17397/6202 2965/17398/6202 2938/17399/6202
f 2707/17400/6203 2965/17401/6203 2532/17402/6203
f 2414/17403/6204 3025/17404/6204 2853/17405/6204
f 2518/17406/6205 2707/17407/6205 3104/17351/6205
f 3025/17408/6206 2966/17409/6206 2701/17410/6206
f 2707/8106/6207 2531/17411/6207 2965/17412/6207
f 3112/17413/6208 2853/17414/6208 3111/17415/6208
f 3078/17416/6209 1955/17417/6209 3111/17418/6209
f 2853/17419/6210 3112/17413/6210 3107/17420/6210
f 2584/17421/6211 2582/17422/6211 1667/17423/6211
f 2855/17424/6212 2025/17425/6212 2582/17426/6212
f 712/17427/6213 3114/17428/6213 3116/17429/6213
f 2973/17430/6214 2540/17431/6214 712/17432/6214 3116/17433/6214
f 2973/17430/6215 2585/17434/6215 2540/17431/6215
f 1710/17435/6216 1667/17436/6216 2583/17437/6216
f 2979/17438/6217 1753/17439/6217 3093/17440/6217
f 3093/17440/6218 1753/17441/6218 1677/17442/6218
f 3093/17443/6219 1677/17444/6219 2212/9642/6219
f 1672/17445/6220 1706/17446/6220 1677/17447/6220
f 1737/17448/6221 1022/17449/6221 2212/17450/6221
f 1022/17255/6222 2979/17451/6222 3093/17452/6222
f 1706/17453/6223 136/17454/6223 2212/17455/6223
f 3116/17429/6224 3114/17428/6224 2973/17456/6224
f 2700/17457/6225 2117/17458/6225 2122/17459/6225
f 2599/17460/6226 2598/17461/6226 2602/17462/6226
f 3113/17463/6227 712/17464/6227 1390/17465/6227
f 712/17464/6228 1698/17466/6228 1390/17465/6228
f 2594/17467/6229 1390/17468/6229 1685/17469/6229
f 2602/17470/6230 3115/17471/6230 600/17472/6230
f 2598/17473/6231 2599/17474/6231 2590/17475/6231
f 3114/17476/6232 1390/17477/6232 2594/17478/6232
f 1702/17479/6233 1669/17480/6233 1651/17481/6233
f 1701/17482/6234 2620/17483/6234 1700/17484/6234
f 3118/17485/6235 1703/17486/6235 1701/17487/6235
f 1702/17488/6236 2578/17489/6236 2617/17490/6236
f 2578/17491/6237 1702/17492/6237 1651/17493/6237
f 2578/17494/6238 1680/17495/6238 2617/17496/6238
f 3117/9639/6239 1702/17497/6239 2617/9640/6239
f 3118/17485/6240 3117/17498/6240 1703/9284/6240
f 3118/17485/6241 1701/17499/6241 3117/17498/6241
f 1701/17500/6242 1702/17501/6242 3117/17498/6242
f 2503/17502/6243 3107/17503/6243 3103/17504/6243
f 2853/17505/6244 3025/17506/6244 3078/17507/6244
f 3078/17508/6245 3025/17509/6245 2701/17510/6245
f 2499/17511/6246 3119/3518/6246 2529/3517/6246
f 2499/17511/6247 1869/17512/6247 3119/3518/6247
f 3119/3518/6248 1869/15261/6248 2414/17513/6248
f 2414/17514/6249 1585/17515/6249 2529/17516/6249
f 3100/17517/6250 3016/17518/6250 2025/17519/6250
f 2705/17309/6251 2025/17520/6251 3016/17521/6251
f 3101/17522/6252 3053/17523/6252 3050/17524/6252
f 3101/17525/6253 3050/17526/6253 2703/17527/6253
f 3053/17528/6254 3100/17529/6254 2025/17530/6254
f 3100/17531/6255 3001/17532/6255 3016/17533/6255
f 3001/17534/6256 3100/17535/6256 3101/17536/6256
f 3100/17535/6257 3053/17537/6257 3101/17536/6257
f 2415/17538/6258 3019/17539/6258 2677/17540/6258
f 3120/15256/6259 3022/17541/6259 1944/17542/6259
f 3121/17543/6260 1944/17544/6260 3019/17545/6260 1945/17546/6260
f 1876/17547/6261 2509/17548/6261 2518/17549/6261
f 2416/17550/6262 1485/17551/6262 461/17552/6262
f 461/17553/6263 1485/17554/6263 3123/17555/6263
f 2508/17556/6264 1485/17557/6264 1418/17558/6264
f 2916/17559/6265 2955/17560/6265 2492/17561/6265
f 3124/17562/6266 2417/5976/6266 3109/17563/6266
f 2417/17564/6267 2944/17565/6267 3109/17566/6267
f 2492/17567/6268 2747/17568/6268 2919/5893/6268
f 2325/17569/6269 2747/17570/6269 2492/17571/6269
f 2492/17572/6270 2500/17573/6270 2325/17574/6270
f 2492/7692/6271 1147/7691/6271 2500/17573/6271
f 726/17575/6272 2619/17576/6272 2631/17577/6272
f 600/17578/6273 3115/17579/6273 1685/17580/6273
f 2602/1275/6274 1685/1274/6274 3115/17581/6274
f 3124/17582/6275 3109/17563/6275 1344/17583/6275
f 3125/1698/6276 1344/17584/6276 1954/12558/6276
f 3125/1698/6277 3124/1697/6277 1344/17584/6277
f 1586/17585/6278 1585/17586/6278 2414/17587/6278
f 1585/17588/6279 2912/17589/6279 2257/17590/6279
f 1586/17591/6280 2912/17592/6280 1585/17593/6280
f 2231/17594/6281 2613/17595/6281 2180/17596/6281
f 3047/17597/6282 2613/17598/6282 2231/17599/6282
f 2231/17600/6283 3086/15318/6283 3048/17601/6283
f 396/17602/6284 1267/17603/6284 1179/17604/6284
f 2322/17605/6285 3126/17606/6285 3127/17607/6285
f 3126/17608/6286 1237/17609/6286 3127/17610/6286
f 1198/17611/6287 2327/17612/6287 353/17613/6287
f 353/17614/6288 3126/17615/6288 2328/17616/6288
f 1198/17617/6289 353/17618/6289 349/17619/6289
f 2328/17620/6290 2322/17621/6290 2241/17622/6290
f 3126/17623/6291 2327/17624/6291 2328/17625/6291
f 2327/17626/6292 1237/17627/6292 3126/17628/6292
f 3127/17610/6293 1237/17629/6293 2306/17630/6293
f 2322/17631/6294 3127/17607/6294 2306/17632/6294
f 2306/17633/6295 1237/17634/6295 1093/17635/6295
f 2327/17636/6296 1198/17637/6296 1237/17638/6296
f 1093/17639/6297 2276/17640/6297 2322/17641/6297
f 269/17642/6298 353/17643/6298 2328/17644/6298
f 3126/17615/6299 353/17645/6299 2327/17646/6299
f 2328/17647/6300 3126/17648/6300 2322/17649/6300
f 3129/17650/6301 61/17651/6301 1945/17652/6301
f 2966/17653/6302 3001/17654/6302 3101/17655/6302
f 2703/17527/6303 2966/17656/6303 3101/17657/6303
f 3129/17658/6304 2415/17659/6304 61/17651/6304
f 2748/17660/6305 3001/17661/6305 2966/17662/6305
f 2966/17663/6306 2703/17664/6306 2702/17665/6306
f 3020/17666/6307 3025/17667/6307 1869/17668/6307
f 3128/12579/6308 2748/17669/6308 2938/17670/6308
f 2748/17671/6309 2966/17672/6309 3020/17673/6309
f 2941/17674/6310 2918/17675/6310 2508/17676/6310
f 2532/17677/6311 2940/17678/6311 705/17679/6311
f 2137/17680/6312 2918/17681/6312 2941/17682/6312
f 2940/17683/6313 2532/17684/6313 2941/17685/6313
f 2940/7874/6314 2508/17686/6314 1418/17687/6314
f 2941/17688/6315 1869/17689/6315 2137/17690/6315
f 2856/17691/6316 1869/17692/6316 2941/17688/6316
f 1418/17693/6317 705/17694/6317 2940/17695/6317
f 2508/17696/6318 2918/17697/6318 2937/17698/6318
f 3107/17420/6319 3112/17699/6319 1953/17700/6319
f 3112/17701/6320 3111/17702/6320 1953/17703/6320
f 2853/17704/6321 3078/17416/6321 3111/17418/6321
f 2702/17705/6322 3087/17706/6322 2701/17707/6322
f 3019/17708/6323 3129/17650/6323 1945/17709/6323
f 1944/17710/6324 3019/17711/6324 3120/17712/6324
f 3110/17388/6325 2857/17713/6325 2967/17714/6325
f 2704/17715/6326 2857/17716/6326 2702/17717/6326
f 3021/17718/6327 2704/17719/6327 2533/17720/6327
f 3021/17721/6328 2967/17722/6328 2857/17723/6328
f 1668/17724/6329 3092/17725/6329 1667/17726/6329
f 2968/17727/6330 3097/17728/6330 2118/17729/6330
f 2118/17730/6331 3097/17731/6331 3096/17732/6331
f 2591/17733/6332 2592/17316/6332 3136/17315/6332
f 2967/17734/6333 2591/17735/6333 3108/17736/6333
f 3099/17737/6334 2967/17738/6334 3108/17736/6334
f 2968/17739/6335 3099/17740/6335 3097/17741/6335
f 2122/17742/6336 2117/17743/6336 2116/17744/6336
f 1388/17745/6337 1412/17746/6337 2404/17747/6337
f 1412/17748/6338 2417/17749/6338 2943/17750/6338
f 2422/17751/6339 1437/17752/6339 2943/17753/6339
f 2936/17754/6340 2404/17755/6340 1412/17756/6340
f 2943/17757/6341 1437/17758/6341 1412/17759/6341
f 2936/17760/6342 2934/17761/6342 2404/5986/6342
f 2936/17762/6343 1437/17763/6343 2939/17764/6343
f 2936/17765/6344 1412/17766/6344 1437/17767/6344
f 1770/17768/6345 2636/17769/6345 1771/17770/6345
f 1714/17771/6346 2636/17772/6346 2984/17773/6346
f 1770/17774/6347 2984/17775/6347 2636/17776/6347
f 1770/17777/6348 677/17778/6348 2984/17775/6348
f 729/17779/6349 1770/17780/6349 1772/9777/6349
f 144/17781/6350 1508/17782/6350 3132/9329/6350
f 1508/17782/6351 2710/8093/6351 3132/9329/6351
f 2426/11351/6352 1405/11350/6352 1404/17783/6352
f 2685/17784/6353 1413/17785/6353 2684/5960/6353
f 2939/17786/6354 2426/17787/6354 2413/17788/6354
f 2746/17789/6355 1413/17790/6355 2685/17791/6355
f 1408/17792/6356 2946/17793/6356 2932/17794/6356
f 2935/17795/6357 2932/17796/6357 2934/17797/6357
f 2932/17796/6358 2946/17798/6358 2934/17797/6358
f 2378/5994/6359 2946/17799/6359 1408/17800/6359
f 3133/5991/6360 2946/17801/6360 2418/17802/6360
f 3133/5991/6361 2934/5990/6361 2946/17801/6361
f 1437/17803/6362 2426/17804/6362 2939/17805/6362
f 2422/17806/6363 2746/17807/6363 1437/17808/6363
f 2422/17809/6364 1413/17810/6364 2746/17811/6364
f 2426/17812/6365 2746/5956/6365 1329/5955/6365
f 2418/17813/6366 2419/17814/6366 3133/5991/6366
f 2419/17814/6367 2407/1524/6367 3133/5991/6367
f 2378/17815/6368 1391/17816/6368 2418/17817/6368
f 2426/17818/6369 1437/17819/6369 2746/17820/6369
f 2418/17821/6370 1391/17822/6370 2405/17823/6370
f 1403/17824/6371 1405/17825/6371 2741/17826/6371
f 1403/17827/6372 2741/17828/6372 2743/17829/6372
f 1329/11340/6373 1856/17830/6373 1405/17831/6373
f 1405/17832/6374 1856/17833/6374 2741/17834/6374
f 1403/17835/6375 1404/17836/6375 1405/17837/6375
f 3118/17838/6376 2620/17839/6376 1701/17840/6376
f 1701/17841/6377 1704/17842/6377 1702/17843/6377
f 1702/17844/6378 2623/17845/6378 1669/17846/6378
f 1022/17847/6379 3118/17848/6379 1703/17849/6379
f 1704/17850/6380 2623/17851/6380 1702/17852/6380
f 2598/17853/6381 2594/17854/6381 2602/17855/6381
f 3113/17856/6382 1390/17857/6382 3114/17476/6382
f 712/17858/6383 3113/17856/6383 3114/1244/6383
f 2594/17859/6384 2598/17860/6384 2973/17861/6384
f 2632/17862/6385 2630/17863/6385 2712/17864/6385
f 1813/17865/6386 2630/17866/6386 2632/17867/6386
f 2630/17868/6387 1813/17869/6387 2712/17870/6387
f 2712/17871/6388 651/17872/6388 1813/17873/6388
f 2103/17874/6389 2626/17875/6389 2624/17876/6389
f 2634/17877/6390 2103/17878/6390 2714/17879/6390
f 823/17880/6391 155/17881/6391 2626/9732/6391
f 2834/9742/6392 2626/17882/6392 2634/17883/6392
f 1762/17884/6393 2834/17885/6393 2634/17886/6393
f 165/17887/6394 1711/17888/6394 1590/17889/6394
f 3092/17890/6395 2584/17891/6395 1667/17892/6395
f 2622/17893/6396 2535/17894/6396 2515/17279/6396
f 2970/17895/6397 1668/17896/6397 2535/17897/6397
f 2622/17269/6398 3092/17268/6398 2970/17898/6398
f 2974/17899/6399 2981/17248/6399 2860/17250/6399
f 1668/17900/6400 2964/17901/6400 3094/17902/6400
f 1668/17900/6401 2709/17903/6401 2964/17901/6401
f 2584/17904/6402 3054/17905/6402 3095/17906/6402
f 3054/17905/6403 1754/17907/6403 3095/17906/6403
f 1668/17908/6404 2970/17909/6404 3092/17910/6404
f 2621/17911/6405 1754/17912/6405 3054/17913/6405
f 1753/17914/6406 1754/17915/6406 2587/17916/6406
f 1754/17915/6407 2621/17917/6407 2587/17916/6407
f 2981/17918/6408 1754/17919/6408 2979/17920/6408
f 2979/17921/6409 1754/17922/6409 1753/17923/6409
f 2535/17924/6410 3134/17925/6410 1668/17926/6410 2536/8141/6410
f 2535/17897/6411 1668/17927/6411 3134/17925/6411
f 2964/17928/6412 1696/17929/6412 3094/17930/6412
f 2969/17931/6413 2536/8141/6413 1668/17932/6413
f 2584/17933/6414 3092/17268/6414 3054/17267/6414
f 2584/17934/6415 3095/17935/6415 2583/17936/6415
f 180/17937/6416 150/17938/6416 2466/17939/6416
f 3135/17940/6417 2466/17941/6417 150/17942/6417
f 2451/17943/6418 2523/7891/6418 2958/7893/6418
f 2958/17944/6419 669/8133/6419 2451/17945/6419
f 144/17946/6420 2451/17947/6420 2958/17948/6420
f 144/17949/6421 669/17950/6421 2958/17951/6421
f 2958/7893/6422 1579/7892/6422 144/17952/6422
f 2451/17953/6423 3135/17954/6423 2523/17955/6423
f 2751/17956/6424 2060/17957/6424 2447/17958/6424
f 1849/17959/6425 1802/17960/6425 1854/17961/6425
f 2060/17962/6426 2696/17963/6426 2447/17958/6426
f 3097/17964/6427 2593/17965/6427 3052/17966/6427
f 1943/17967/6428 3121/17968/6428 1945/17969/6428
f 1943/17970/6429 1945/17971/6429 2757/17972/6429
f 1943/17973/6430 3137/17974/6430 2737/17975/6430
f 1943/17976/6431 2758/17977/6431 2737/17978/6431
f 1943/17979/6432 1944/17980/6432 3121/17981/6432
f 1943/17982/6433 3145/17983/6433 1944/17984/6433
f 1885/17985/6434 2752/11649/6434 2750/17986/6434
f 2741/17987/6435 2743/17988/6435 2742/17989/6435
f 3090/17990/6436 2947/17991/6436 1410/17992/6436
f 2697/17993/6437 2939/17994/6437 2413/17995/6437
f 3138/17996/6438 2947/17238/6438 2939/17240/6438
f 2697/17997/6439 3138/17996/6439 2939/17994/6439
f 2697/17998/6440 2947/17238/6440 3138/17996/6440
f 2751/17999/6441 2743/18000/6441 2750/18001/6441
f 2750/18002/6442 2752/18003/6442 2751/18004/6442
f 2675/18005/6443 2750/18006/6443 2742/18007/6443
f 2742/18008/6444 2750/18009/6444 2743/18010/6444
f 2752/18011/6445 2060/18012/6445 2751/18013/6445
f 2675/18014/6446 1885/18015/6446 2750/18016/6446
f 1810/18017/6447 2636/18018/6447 2975/18019/6447
f 2975/18020/6448 2636/18021/6448 1784/18022/6448
f 2636/18023/6449 1810/18024/6449 1771/18025/6449
f 1714/18026/6450 1784/18022/6450 2636/18021/6450
f 2506/18027/6451 2489/18028/6451 2546/7951/6451
f 684/18029/6452 2214/18030/6452 2179/18031/6452
f 2214/18032/6453 270/18033/6453 2057/18034/6453
f 1696/18035/6454 2588/18036/6454 2969/18037/6454
f 2588/18038/6455 1696/18039/6455 2614/18040/6455
f 2536/18041/6456 2969/18042/6456 2537/18043/6456
f 1562/18044/6457 2542/18045/6457 2588/18046/6457
f 2537/18047/6458 2545/18048/6458 1581/18049/6458
f 2537/18050/6459 2542/18051/6459 2545/18052/6459
f 2588/18053/6460 2614/9289/6460 1562/18054/6460
f 1597/18055/6461 2512/18056/6461 3139/18057/6461
f 2521/18058/6462 3139/18059/6462 2512/18060/6462
f 2521/18058/6463 1600/18061/6463 3139/18059/6463
f 2521/18062/6464 2512/18063/6464 2516/18064/6464
f 1686/8171/6465 2521/8170/6465 2516/18065/6465
f 2520/18066/6466 635/18067/6466 1600/18068/6466
f 1600/18069/6467 2521/18070/6467 2520/18071/6467
f 1686/18072/6468 1520/18073/6468 2520/18074/6468
f 1713/18075/6469 3006/18076/6469 3140/9927/6469
f 3006/18076/6470 2692/9928/6470 3140/9927/6470
f 3006/18077/6471 1931/18078/6471 2986/18079/6471
f 1895/18080/6472 3006/18081/6472 2986/18082/6472
f 3006/18083/6473 3142/11693/6473 2692/18084/6473
f 3006/18083/6474 1895/18085/6474 3142/11693/6474
f 1582/18086/6475 2501/18087/6475 2524/18088/6475
f 2862/8144/6476 2535/18089/6476 2524/18090/6476
f 2137/18091/6477 1869/18092/6477 2499/18093/6477
f 1592/18094/6478 2499/18095/6478 2529/18096/6478
f 2524/18097/6479 2501/18098/6479 2314/18099/6479
f 1585/18100/6480 1214/18101/6480 2529/18102/6480
f 2916/3510/6481 3141/18103/6481 2318/18104/6481
f 1592/18105/6482 3141/18106/6482 2137/18107/6482
f 1592/18108/6483 2408/18109/6483 3141/18106/6483
f 1214/18110/6484 1592/18111/6484 2529/18112/6484
f 3141/1020/6485 1582/18113/6485 2318/18114/6485
f 2137/18115/6486 2499/18116/6486 1592/18117/6486
f 1214/18118/6487 1585/18119/6487 2257/18120/6487
f 3123/18121/6488 1485/18122/6488 2508/18123/6488
f 2416/18124/6489 461/18125/6489 2378/18126/6489
f 2416/18127/6490 2378/18128/6490 105/18129/6490
f 1337/18130/6491 1420/18131/6491 1419/18132/6491
f 1419/18133/6492 1324/18134/6492 1337/18135/6492
f 1552/18136/6493 47/18137/6493 461/18138/6493 3123/7683/6493
f 1214/7854/6494 227/7853/6494 2408/18139/6494
f 3077/18140/6495 1586/18141/6495 3076/18142/6495
f 3077/18143/6496 3076/18144/6496 2744/18145/6496
f 2915/15764/6497 431/18146/6497 2912/18147/6497
f 2324/18148/6498 3077/18149/6498 2744/18150/6498
f 2324/18151/6499 2912/18152/6499 3077/18149/6499
f 2317/18153/6500 2744/18154/6500 3076/18155/6500
f 2317/18156/6501 2534/18157/6501 2744/18158/6501
f 2534/18157/6502 2503/18159/6502 2744/18158/6502
f 2912/18160/6503 431/18161/6503 2313/18162/6503
f 2313/18163/6504 1094/18164/6504 2257/18165/6504
f 2257/18166/6505 2912/18167/6505 2313/18168/6505
f 2910/18169/6506 2959/18170/6506 2515/18171/6506
f 2910/18172/6507 1682/18173/6507 2959/18174/6507
f 2314/18175/6508 2910/18176/6508 2515/18177/6508
f 2910/18178/6509 2314/18179/6509 1580/18180/6509
f 1884/18181/6510 3007/18182/6510 3024/18183/6510
f 1884/18184/6511 2739/18185/6511 3007/18182/6511
f 3024/18186/6512 3007/18182/6512 2739/18187/6512
f 2677/18188/6513 3024/18189/6513 2739/18190/6513
f 2677/18191/6514 857/18192/6514 3024/18189/6514
f 3024/18193/6515 857/18194/6515 1884/18195/6515
f 1884/18196/6516 1885/18197/6516 3007/18198/6516
f 1784/18199/6517 2607/18200/6517 832/18201/6517
f 2606/1410/6518 1784/1409/6518 832/18202/6518
f 2999/18203/6519 1885/18204/6519 2675/18205/6519
f 2999/18206/6520 3007/18207/6520 1885/18204/6520
f 2675/18208/6521 2742/18209/6521 1979/18210/6521
f 2742/18209/6522 1851/18211/6522 1979/18210/6522
f 2742/18212/6523 2741/18213/6523 1851/18214/6523
f 2741/18215/6524 1317/18216/6524 1851/18217/6524
f 2854/18218/6525 2610/18219/6525 947/18220/6525
f 2854/18221/6526 1710/18222/6526 1707/18223/6526
f 2854/18224/6527 2232/2058/6527 2855/18225/6527
f 1343/17026/6528 3071/17025/6528 3074/18226/6528
f 2748/18227/6529 3020/18228/6529 2938/18229/6529
f 3025/18230/6530 3020/18231/6530 2966/18232/6530
f 2938/18233/6531 1869/18234/6531 2856/18235/6531
f 2938/18236/6532 3020/17666/6532 1869/18237/6532
f 3120/18238/6533 3022/18239/6533 3019/18240/6533
f 3019/18241/6534 2415/18242/6534 3129/18243/6534
f 1949/18244/6535 2677/18245/6535 3022/18246/6535
f 3080/18247/6536 3083/18248/6536 2591/18249/6536
f 3083/18250/6537 3081/18251/6537 3046/18252/6537
f 3081/18251/6538 3098/18253/6538 3046/18252/6538
f 2316/18254/6539 3046/18255/6539 3098/17296/6539
f 2677/18256/6540 3019/18257/6540 3022/18258/6540
f 431/18259/6541 3106/18260/6541 595/18261/6541
f 3106/18260/6542 2326/18262/6542 595/18263/6542
f 595/3533/6543 3143/18264/6543 2919/3534/6543
f 594/18265/6544 595/18266/6544 2325/18267/6544
f 595/18266/6545 2747/18268/6545 2325/18267/6545
f 1413/18269/6546 2423/18270/6546 1858/18271/6546
f 2422/18272/6547 3144/18273/6547 1413/18274/6547
f 2422/18272/6548 2420/18275/6548 3144/18273/6548
f 3144/1710/6549 2423/18276/6549 1413/18277/6549
f 3144/1710/6550 2686/1709/6550 2423/18276/6550
f 3131/18278/6551 3085/18279/6551 2701/18280/6551
f 3087/18281/6552 3131/18282/6552 2701/18283/6552
f 3131/18284/6553 1944/18285/6553 2737/18286/6553
f 3131/18278/6554 2737/18287/6554 3085/18279/6554
f 3087/18288/6555 1944/18285/6555 3131/18284/6555
f 3085/18289/6556 2737/18290/6556 2424/18291/6556
f 2758/18292/6557 2424/18293/6557 2737/18294/6557 3137/18295/6557
f 2737/18296/6558 3145/17983/6558 1943/18297/6558
f 2737/18298/6559 1944/17984/6559 3145/17983/6559
f 2101/18299/6560 2724/18300/6560 2068/18301/6560
f 2068/18302/6561 975/18303/6561 2101/18304/6561
f 3048/18305/6562 3046/18306/6562 3047/18307/6562
f 2592/17347/6563 3083/18308/6563 3048/18309/6563
f 2867/18310/6564 2613/18311/6564 3047/18312/6564
l 824 1766
l 2666 788
l 1797 1766
l 1822 788
l 1481 1870
l 3013 2666
l 773 1596
l 474 1630
l 1466 314
l 668 150
l 1481 1824
l 1468 765
l 430 1398
l 3105 1869
l 1797 2528
