# Blender 4.4.3
# www.blender.org
mtllib 3.mtl
o texturedMesh
v 0.096216 0.220704 -0.084335
v -0.078784 -0.130658 0.149095
v 0.166238 -0.066916 0.093296
v -0.102625 0.147011 0.150715
v 0.122705 0.136172 -0.124161
v 0.006259 0.305321 -0.061266
v -0.054111 0.280240 -0.076188
v -0.023282 0.191084 0.018752
v 0.166148 0.105227 0.051738
v 0.063311 0.234861 -0.101778
v 0.050307 -0.294283 -0.008066
v 0.032710 -0.092964 0.223299
v -0.049188 0.185556 -0.202712
v 0.159749 -0.070475 -0.056622
v 0.045141 -0.024463 -0.165041
v 0.175450 -0.092702 -0.027452
v 0.064836 -0.003170 -0.156031
v 0.072319 0.106768 -0.100727
v -0.039250 0.246114 -0.039785
v -0.075666 -0.050203 0.200296
v -0.034163 0.299761 -0.067404
v 0.021928 -0.053287 0.208754
v 0.131718 0.191585 0.040614
v -0.152403 0.084639 0.105854
v 0.014091 -0.284041 0.016330
v 0.082682 -0.304881 0.085313
v -0.030568 -0.026452 -0.165080
v 0.095715 -0.045177 -0.054185
v -0.131210 0.124840 0.114845
v 0.002305 -0.277865 0.127958
v -0.179182 0.129661 -0.116266
v -0.076604 -0.163232 0.156081
v 0.086172 -0.158939 -0.060815
v 0.037516 0.037715 -0.181801
v 0.034521 -0.264058 0.138202
v 0.025811 0.312793 -0.105819
v 0.046346 -0.256002 -0.086600
v 0.023640 -0.302014 -0.016928
v -0.134106 -0.080920 -0.076925
v -0.068510 0.140590 0.160404
v -0.172420 -0.099851 -0.038075
v 0.119455 0.087152 -0.063114
v 0.160781 -0.079410 0.120743
v -0.023105 -0.115854 0.192060
v -0.086210 -0.275018 -0.006656
v 0.108176 0.004614 0.159597
v 0.106571 0.078646 0.016329
v 0.110300 0.053606 -0.013129
v -0.059642 -0.236278 0.147194
v 0.115020 -0.231770 0.148119
v 0.157281 -0.100683 -0.076454
v -0.195176 0.088124 -0.119413
v 0.139229 -0.172339 0.145882
v 0.109288 -0.018567 0.086446
v -0.008448 0.148492 0.175463
v 0.041511 0.023662 0.221097
v 0.093386 -0.276829 0.082169
v 0.086515 -0.241465 0.118039
v 0.102710 -0.125906 -0.090314
v -0.094048 -0.003954 0.104984
v 0.015776 -0.169851 0.180302
v 0.060877 -0.059232 -0.149244
v 0.156074 -0.060494 0.055553
v -0.044460 0.218886 -0.168615
v 0.122477 0.225561 -0.100820
v -0.208451 0.081225 0.030467
v 0.032490 0.060366 0.166832
v 0.141988 0.030151 -0.027069
v 0.129044 0.092604 0.120953
v 0.118746 -0.222946 0.112240
v 0.152896 -0.134210 0.108863
v 0.136517 -0.204948 0.123348
v -0.127448 0.196385 -0.124087
v -0.086161 -0.222825 0.096204
v 0.163105 -0.059185 0.022779
v 0.021655 0.227450 -0.035650
v 0.070317 0.144109 0.026382
v -0.121700 0.112943 0.149157
v 0.148715 -0.230369 0.029814
v -0.157739 0.176454 0.034978
v 0.175400 0.175463 0.061671
v 0.185814 0.017947 0.074405
v 0.027489 -0.024958 0.218352
v 0.048694 0.227301 -0.152320
v -0.118724 0.024576 -0.107258
v 0.207498 -0.000340 0.028821
v 0.101693 0.155702 -0.074914
v -0.183367 -0.020027 0.108363
v 0.057376 0.004486 0.191996
v 0.139289 -0.185076 -0.015019
v 0.047028 0.106389 0.174313
v 0.122292 0.238672 -0.139403
v 0.014925 0.052221 0.219209
v -0.020970 0.301825 0.004887
v 0.130085 0.162877 -0.094846
v 0.140741 0.204811 0.095261
v 0.073747 0.178064 0.111644
v -0.180642 0.068415 0.099387
v 0.190315 -0.039187 0.051318
v -0.185111 -0.102966 0.066476
v 0.133938 0.000424 0.097113
v 0.056736 0.109906 0.037005
v 0.168655 -0.035031 0.076425
v -0.060679 0.246711 -0.071437
v 0.018812 0.018314 -0.149946
v 0.132646 0.015418 0.143283
v 0.158374 0.119551 0.126597
v 0.115747 0.163663 0.023423
v 0.157503 0.048174 -0.010772
v 0.068891 0.167331 0.064377
v -0.027890 0.196750 -0.178326
v 0.130783 0.108362 -0.044054
v 0.081249 0.244384 -0.140716
v 0.121478 -0.035441 -0.031313
v 0.016049 -0.203645 0.188252
v 0.075176 0.048427 -0.132300
v 0.018465 0.128228 0.187964
v 0.110854 0.206541 -0.190042
v -0.070655 0.230799 -0.145921
v 0.080997 0.198377 -0.004406
v -0.086016 0.226041 -0.123761
v -0.070906 0.215180 -0.097072
v 0.045857 0.256019 -0.055198
v 0.106888 0.122932 0.135810
v -0.130803 -0.038870 0.139920
v -0.183498 0.166680 -0.056246
v 0.061146 -0.285822 -0.057323
v -0.081088 0.079266 -0.146369
v 0.004744 0.261087 -0.030464
v -0.004317 0.301519 -0.139143
v -0.130065 0.227262 -0.014588
v 0.129399 -0.142550 -0.076788
v -0.126924 -0.245989 0.023576
v -0.036624 -0.214962 0.192977
v 0.010177 0.142662 -0.029178
v -0.197242 0.090532 -0.058347
v 0.137097 -0.152986 0.072442
v -0.111586 -0.166919 -0.092097
v 0.151479 0.058408 0.052807
v 0.038313 0.161362 -0.072357
v 0.164892 0.156106 0.033888
v 0.056073 -0.078539 0.214608
v 0.090481 0.086177 0.156763
v -0.182502 0.095942 -0.032737
v -0.115685 0.195518 -0.006084
v 0.048161 0.184294 0.141641
v -0.133078 -0.018486 0.117909
v -0.048131 -0.147793 0.151984
v 0.071994 0.164925 -0.010010
v 0.098083 -0.134718 0.156012
v -0.191151 0.027251 0.085417
v -0.131367 0.147956 -0.116555
v -0.042822 -0.174498 -0.117590
v 0.059051 -0.141570 -0.160989
v -0.103767 -0.009260 0.169185
v 0.099688 -0.008494 -0.092055
v 0.028804 0.123014 0.018002
v -0.222423 0.110845 -0.013074
v -0.177970 -0.006000 0.079319
v -0.003547 0.012600 0.234972
v -0.080628 0.200282 0.036132
v -0.132760 -0.123689 -0.065232
v 0.069416 -0.006971 0.151019
v -0.106415 0.080556 0.147611
v 0.100057 -0.203505 0.187978
v -0.105206 -0.091531 0.165504
v 0.068711 0.170268 -0.065704
v -0.065997 -0.206657 0.102114
v -0.078012 -0.107837 0.140443
v 0.097124 -0.102089 0.142309
v -0.089630 -0.199677 0.139500
v 0.039589 -0.150565 0.185452
v -0.180378 -0.153360 0.005454
v -0.054477 -0.226307 -0.110218
v 0.032121 -0.328475 0.071647
v -0.158941 -0.156801 -0.045654
v 0.032255 -0.212388 -0.101176
v 0.099729 -0.027458 -0.121511
v 0.072776 -0.165136 -0.152160
v -0.027662 -0.250302 0.086661
v -0.050897 -0.167109 0.181744
v -0.091729 -0.215752 -0.113565
v 0.093167 -0.164054 -0.127460
v 0.073716 -0.199210 -0.111613
v -0.106862 -0.225370 -0.083825
v -0.150208 -0.183119 -0.005077
v -0.053902 -0.284323 0.002641
v 0.045632 -0.198833 -0.138811
v 0.138788 -0.079563 0.030048
v -0.098425 -0.139562 -0.072576
v -0.163091 0.152067 -0.090959
v -0.066496 -0.148983 -0.113362
v -0.060312 -0.030383 -0.186533
v -0.192152 -0.071839 -0.035749
v 0.032362 -0.300714 0.031337
v 0.021603 0.131667 -0.180615
v -0.148391 -0.177340 -0.030773
v -0.172950 -0.097046 0.037462
v 0.002783 -0.198149 -0.118640
v 0.080790 -0.183105 0.193988
v 0.127931 -0.060191 -0.071585
v 0.094253 -0.129145 -0.118053
v 0.098312 -0.155971 -0.094979
v 0.080240 -0.235176 -0.067058
v 0.068367 0.001677 -0.051362
v 0.033615 0.206314 -0.058828
v 0.172862 -0.116650 -0.051296
v 0.024406 -0.175553 -0.157764
v 0.093294 -0.068085 -0.088459
v 0.096986 0.236965 -0.169086
v 0.119752 0.128299 0.015981
v -0.123189 -0.162387 -0.056812
v 0.143371 -0.121980 -0.083664
v -0.065180 -0.298395 0.025994
v 0.048587 0.282959 -0.074067
v 0.090919 -0.179126 -0.094895
v -0.151480 -0.082012 -0.048676
v 0.037029 0.302823 -0.082496
v 0.029927 -0.054511 -0.157721
v 0.153995 0.004573 -0.034569
v -0.053007 -0.101620 -0.156332
v 0.060106 -0.270682 0.022141
v -0.111468 -0.184616 0.048018
v 0.063050 -0.098306 -0.131906
v 0.091789 -0.098568 -0.091761
v -0.008585 -0.170689 -0.139029
v 0.147640 -0.154755 -0.022092
v -0.026966 -0.002680 -0.196799
v -0.028815 -0.077034 -0.139068
v 0.078251 -0.125958 -0.144920
v 0.038597 -0.078094 -0.139665
v 0.045672 0.159113 -0.039300
v 0.087479 -0.007640 -0.063231
v 0.126866 -0.092130 -0.090935
v 0.022254 -0.118820 -0.155732
v 0.056404 0.047241 -0.101832
v -0.093931 -0.018959 -0.100215
v -0.160600 -0.122953 -0.055870
v -0.112193 -0.017700 -0.161716
v 0.019671 -0.273612 -0.080957
v 0.157476 -0.139357 -0.062505
v -0.120254 -0.194289 -0.087460
v 0.085068 -0.281112 0.052830
v -0.017587 -0.286633 0.052302
v 0.067580 -0.202019 -0.066955
v 0.079255 -0.034617 -0.150878
v 0.091531 -0.244816 -0.041781
v -0.026529 -0.131311 -0.121850
v 0.023424 -0.203094 -0.132772
v -0.151767 -0.172834 0.025606
v -0.129443 -0.095099 -0.059873
v 0.075687 -0.264808 -0.066962
v 0.079126 -0.260309 0.001637
v 0.044301 -0.009012 0.215499
v -0.025200 -0.277351 0.025219
v 0.039186 -0.301739 -0.040148
v 0.127314 -0.130477 0.132516
v -0.143044 -0.195686 0.128191
v 0.100509 -0.247396 0.030070
v -0.118714 -0.168518 0.159670
v 0.089560 -0.260603 0.098636
v 0.145967 -0.154448 -0.051894
v 0.196694 0.028655 0.005175
v 0.176724 -0.012445 0.083081
v 0.178350 -0.053588 0.039618
v 0.076704 -0.284462 0.119427
v 0.018011 0.195220 0.069910
v 0.073378 -0.117975 0.194249
v 0.093135 -0.234755 -0.014440
v 0.066517 -0.229096 0.164534
v 0.169090 -0.081145 0.062530
v 0.155818 -0.128970 0.061410
v 0.159324 0.095884 0.094489
v 0.180841 0.159839 0.101718
v 0.183983 0.129761 0.090994
v 0.049781 -0.236678 0.133890
v 0.174884 -0.099966 0.073681
v 0.203537 -0.017598 0.046459
v 0.163538 -0.200729 0.041964
v 0.066124 0.156686 0.158395
v 0.158483 -0.047149 -0.016518
v 0.023658 0.005339 0.233699
v 0.119531 -0.048768 0.117976
v 0.185881 0.001141 -0.019014
v 0.171342 -0.114513 -0.006294
v -0.055979 0.022951 0.182471
v 0.114475 -0.241666 0.061141
v 0.102173 -0.164213 -0.029954
v 0.127549 -0.178477 0.091046
v 0.154605 -0.166728 0.056774
v 0.132858 -0.138644 0.043149
v 0.068634 -0.154507 -0.029898
v 0.111217 -0.157392 0.178036
v 0.108622 -0.195491 -0.022831
v 0.000777 -0.146127 0.190507
v 0.127119 -0.185083 0.175258
v 0.135769 -0.203358 0.157299
v 0.112342 -0.220772 0.171112
v 0.162430 -0.171779 0.027976
v 0.103206 0.196662 0.113750
v 0.086484 -0.250053 0.058613
v 0.063595 -0.152958 0.180705
v 0.085595 0.021808 0.174792
v 0.137911 -0.237951 0.051761
v 0.173924 -0.107739 0.099882
v 0.051116 -0.318569 0.049402
v 0.012870 -0.243488 0.139968
v 0.038841 -0.182834 0.168206
v 0.125789 -0.151911 0.104309
v 0.044149 -0.035458 0.178670
v -0.108107 -0.135398 0.160939
v -0.020700 -0.176615 -0.110626
v -0.130077 -0.000717 0.106301
v 0.126367 -0.223708 0.078618
v 0.157949 -0.203653 0.005253
v 0.126017 -0.148744 0.150954
v 0.067966 -0.053300 0.164384
v 0.080706 -0.204109 -0.030088
v -0.182044 -0.092015 0.120159
v 0.093032 -0.224327 0.085737
v 0.073472 -0.085699 0.201097
v 0.124585 0.166658 0.139661
v 0.070573 -0.185634 -0.142156
v -0.023786 -0.140486 0.167332
v 0.054182 -0.300234 0.126756
v 0.028365 -0.132509 0.212424
v -0.003859 0.110162 0.177658
v 0.105755 -0.011906 0.130722
v 0.074016 -0.276559 0.037712
v 0.006403 -0.206409 -0.082990
v 0.145680 -0.051158 0.107901
v 0.086187 -0.088089 0.160744
v 0.166707 0.155307 0.126281
v -0.008136 -0.086474 0.212203
v 0.083242 -0.147504 0.180075
v 0.051916 0.041433 0.185750
v 0.004295 -0.016749 0.231613
v 0.006580 0.035368 0.232901
v 0.082727 -0.121265 0.135826
v 0.135145 0.044977 0.152591
v 0.051214 -0.014955 0.165876
v 0.196705 0.035901 0.042738
v 0.141432 0.035665 0.094715
v -0.018457 -0.252865 0.146625
v 0.074426 -0.047159 -0.027118
v 0.081564 -0.069144 0.138111
v 0.059869 0.085320 0.153476
v 0.176083 0.111266 0.090627
v 0.078258 0.059614 0.175553
v 0.079394 -0.073515 0.183134
v 0.135316 -0.182978 0.112961
v 0.164256 0.127615 0.033734
v 0.141271 -0.023404 -0.034418
v 0.157843 -0.096018 0.011461
v 0.133527 -0.158775 0.123746
v 0.186138 0.141503 0.064430
v 0.100138 0.152429 0.138063
v 0.082957 0.011292 -0.126379
v 0.045411 0.019652 -0.153674
v 0.151376 0.063580 0.024423
v 0.116460 -0.038809 0.091165
v 0.087809 0.188680 0.051621
v -0.178236 0.043141 0.112162
v -0.027963 0.110579 0.154827
v 0.142735 0.146203 0.020902
v -0.156687 0.061380 0.122982
v 0.169842 -0.136382 -0.032586
v -0.011692 0.361559 -0.004950
v 0.108637 0.056294 0.061444
v -0.097842 0.121380 0.166462
v -0.034329 0.026989 0.222874
v 0.065198 0.013704 0.168071
v 0.078875 0.137193 0.140191
v -0.033323 0.145935 0.146895
v 0.128550 -0.122098 0.028802
v -0.182613 0.176743 0.014412
v 0.029500 0.235819 0.010345
v 0.052233 0.057777 0.165029
v 0.144837 0.087801 0.058766
v -0.013027 -0.100983 -0.122669
v 0.025996 0.192006 0.115639
v -0.178622 0.204774 -0.103030
v 0.045327 0.290956 -0.121545
v 0.034663 0.053462 0.203991
v 0.015299 0.184213 0.156518
v 0.041660 0.150036 0.181858
v 0.155475 -0.106642 0.129381
v -0.027344 0.280336 0.001909
v 0.053069 0.221744 -0.073463
v 0.048938 0.181430 0.103008
v -0.021158 0.255281 0.007433
v -0.021531 0.331563 0.006933
v -0.029569 0.219692 -0.039473
v 0.049831 0.170619 -0.175942
v 0.054549 0.194319 0.049658
v 0.125301 0.062546 0.081984
v 0.122598 0.075520 0.152405
v 0.100873 0.189894 -0.073609
v 0.100962 0.095991 -0.084101
v 0.128269 0.208497 0.066161
v 0.149751 0.155779 0.137955
v 0.126137 0.122126 -0.011393
v 0.097952 0.128387 -0.150660
v 0.115767 0.126608 -0.070014
v 0.136824 0.193213 -0.096181
v 0.144172 0.187692 0.123115
v 0.069377 0.209586 -0.185805
v -0.007299 0.233591 -0.152667
v 0.132927 0.191967 -0.180722
v -0.019517 0.168908 -0.175257
v -0.097791 -0.209639 -0.020655
v 0.094641 0.180450 -0.195799
v -0.123701 0.235512 -0.096660
v 0.068681 0.177828 -0.190525
v 0.143530 0.160497 -0.152909
v 0.129642 0.224145 -0.167039
v 0.021271 0.221913 -0.144985
v -0.200772 0.109581 -0.097770
v -0.119381 0.195715 -0.183469
v 0.167433 0.188898 0.094633
v 0.088823 -0.057553 -0.125623
v 0.148096 -0.109926 0.035459
v -0.065167 -0.201671 -0.126616
v -0.037446 0.035321 -0.207269
v -0.154267 0.137711 -0.126350
v 0.063205 0.022043 -0.143294
v 0.087815 0.101758 -0.148436
v 0.073517 0.130531 -0.166069
v 0.009417 0.081523 -0.202111
v 0.054111 0.133312 -0.175710
v 0.105740 0.134444 -0.100942
v -0.087937 -0.031060 -0.178131
v -0.179823 0.126712 -0.050404
v -0.025309 0.267870 -0.152245
v 0.091512 0.154777 0.020102
v 0.098535 0.158400 -0.012016
v -0.067784 0.009540 -0.215630
v 0.179598 0.114574 0.065703
v 0.125011 0.089246 -0.009341
v -0.114158 0.145207 0.035100
v 0.142594 -0.201051 0.079667
v 0.090305 -0.020722 -0.020190
v 0.089683 0.124652 -0.093279
v 0.083751 0.018382 -0.096620
v 0.006965 0.111755 -0.194611
v 0.086389 0.155233 -0.187247
v -0.001408 0.188743 -0.112125
v -0.151832 -0.000123 -0.084814
v 0.022783 0.279963 -0.045473
v 0.064605 0.141601 0.057554
v 0.125909 0.133611 -0.040140
v -0.118098 -0.206157 -0.056584
v -0.198154 0.137398 -0.028852
v 0.084068 0.120612 -0.122658
v -0.118395 -0.274249 0.033005
v 0.046261 0.201123 0.012896
v -0.176298 -0.044382 -0.081697
v 0.122645 0.162301 -0.182815
v -0.082855 0.067863 -0.185711
v -0.116424 0.214682 -0.148811
v -0.169963 0.064862 -0.139359
v -0.011277 -0.003659 -0.169062
v 0.072686 0.094312 -0.189220
v 0.056926 0.055278 -0.191461
v 0.060180 0.262786 -0.096257
v 0.024278 0.056887 -0.198492
v 0.133282 0.228082 -0.118995
v 0.105526 0.154272 -0.043469
v 0.070178 0.199695 -0.072468
v 0.100516 0.143444 -0.176742
v 0.029250 0.183024 -0.148582
v 0.062360 0.131520 0.173180
v -0.030677 0.308574 -0.113277
v 0.149644 0.205659 -0.129350
v 0.095340 0.242521 -0.113600
v -0.127631 0.250473 -0.051912
v -0.013763 0.290254 -0.045058
v 0.065205 0.028587 -0.085864
v 0.004278 0.262540 -0.158945
v -0.096261 0.227558 -0.059137
v -0.001679 0.319032 -0.107379
v -0.042041 0.270838 -0.049169
v -0.022047 0.313882 -0.083674
v 0.023038 0.298767 -0.137862
v 0.096830 0.204138 0.073204
v -0.049346 0.156284 -0.204210
v 0.041942 0.200860 -0.168311
v -0.049949 0.287783 -0.116970
v -0.056551 0.257757 -0.120506
v -0.130906 0.079586 -0.149912
v -0.078140 0.175237 -0.211763
v 0.014013 0.150339 -0.054857
v 0.031293 0.150106 -0.008689
v -0.017144 0.035426 0.058531
v 0.044859 0.115624 -0.197014
v -0.027678 0.075650 -0.168082
v 0.005227 0.281577 -0.154025
v -0.170731 0.246773 -0.051887
v -0.081422 0.125417 -0.066443
v -0.040899 0.277887 -0.139911
v -0.012333 0.181139 -0.146808
v -0.134663 0.165038 -0.138286
v 0.058333 0.075602 -0.200037
v -0.095155 0.189097 -0.205153
v -0.083061 0.011960 -0.084498
v -0.132285 0.154811 -0.166109
v -0.168765 0.052253 -0.026336
v -0.014047 0.057212 -0.183893
v -0.015175 0.097789 -0.182856
v -0.202745 0.106596 -0.028066
v -0.054354 0.133447 -0.195254
v 0.007625 0.039893 -0.179333
v -0.102012 0.210749 -0.096427
v -0.091464 0.223640 0.025387
v -0.138713 0.181734 0.000505
v -0.187590 0.231974 -0.076053
v 0.007872 0.140920 -0.147469
v -0.009666 0.206891 -0.036458
v -0.007069 -0.067530 -0.127382
v 0.050779 0.240943 -0.130090
v -0.019326 0.112417 -0.165813
v -0.173862 0.096241 -0.142603
v -0.113269 0.152122 -0.194542
v 0.022230 0.075841 0.020742
v -0.152953 0.203027 -0.006529
v -0.049922 0.218006 -0.061328
v 0.087696 0.070913 -0.161388
v -0.067188 -0.282637 0.081404
v -0.051550 0.071781 -0.182420
v 0.000582 0.137514 -0.121062
v -0.122451 0.128000 -0.152161
v -0.130977 0.176542 -0.175964
v -0.186025 0.041406 -0.077319
v -0.157989 0.120058 -0.141138
v -0.188827 0.131159 -0.085275
v -0.104521 0.082222 -0.142895
v -0.223372 -0.028654 -0.003594
v -0.201211 0.108931 -0.076462
v -0.155614 0.099718 -0.149442
v -0.134405 -0.076162 -0.130995
v -0.124971 0.013909 -0.142150
v -0.167574 0.179336 -0.104695
v -0.087432 0.100088 -0.036212
v -0.011997 0.021737 -0.183027
v -0.005193 0.129675 -0.168566
v -0.185198 0.110214 -0.130204
v -0.037116 0.225320 -0.139648
v -0.144108 0.175904 -0.108132
v -0.071113 0.208649 -0.198374
v -0.094458 0.223236 -0.172230
v -0.206854 -0.075536 0.072430
v -0.148975 0.213562 -0.114675
v -0.024216 0.273474 -0.037502
v -0.163136 0.245380 -0.088196
v -0.198223 0.207346 -0.071824
v -0.111235 -0.002956 -0.121006
v -0.148236 0.253491 -0.054201
v -0.205198 0.076547 -0.085633
v -0.086449 0.198530 -0.042812
v -0.047079 -0.001260 0.209876
v -0.071881 0.168272 0.088804
v -0.181123 0.198757 -0.023897
v -0.160307 0.145439 -0.054921
v 0.012963 0.206897 0.029874
v 0.038291 0.202293 0.043360
v -0.005336 0.184096 -0.033957
v 0.076049 0.188859 0.084064
v -0.168427 -0.066351 -0.063804
v -0.055214 0.190830 0.028355
v 0.003878 -0.303586 0.117329
v -0.105738 0.157611 0.092533
v -0.182404 0.058183 -0.048593
v -0.088363 0.167767 0.127119
v -0.173339 0.126618 0.067662
v -0.077120 0.105441 0.168189
v -0.079787 0.177642 0.031913
v -0.172462 0.042746 0.023789
v -0.122056 0.144878 0.130639
v -0.220021 -0.048672 -0.025239
v 0.019038 -0.010027 -0.161531
v -0.128822 0.093060 0.105914
v -0.028772 0.164127 0.122787
v -0.162798 0.154504 0.059286
v -0.141953 -0.065666 0.140180
v -0.064317 0.162834 -0.080752
v -0.188116 -0.110094 -0.007493
v -0.085099 -0.022941 0.192325
v -0.013408 0.065913 0.197201
v -0.042719 0.049183 0.194150
v -0.015374 0.168693 0.003467
v 0.043468 0.151552 0.005099
v -0.114176 0.157426 0.119540
v -0.147566 0.100647 0.065046
v -0.018406 0.227147 0.014548
v -0.167853 0.228589 -0.022381
v -0.008331 0.181718 0.140219
v -0.183453 0.064952 0.044311
v -0.195193 0.081681 -0.012818
v -0.090156 0.190894 -0.008632
v -0.193761 0.039737 -0.024679
v -0.190308 0.066001 0.065572
v -0.196152 0.185492 -0.066882
v -0.115413 0.128461 0.080237
v -0.163682 -0.024302 0.125400
v -0.075505 0.185842 -0.080316
v -0.193061 0.218092 -0.043007
v -0.164182 -0.023179 -0.088838
v -0.184539 -0.060773 0.033139
v -0.127849 0.091946 0.130317
v -0.201293 -0.074411 0.108315
v -0.055374 0.168381 0.116415
v -0.132239 0.016761 0.120952
v -0.205162 -0.038915 0.088042
v 0.000180 -0.065341 0.207989
v -0.201664 -0.046027 0.055955
v -0.182508 -0.121663 0.024238
v -0.193259 0.036858 0.057750
v -0.160158 -0.083327 0.134621
v -0.108343 0.056013 -0.176836
v -0.008163 -0.032002 0.218223
v -0.107794 0.042002 0.120556
v -0.165770 0.009869 0.108007
v -0.077901 0.044986 0.052729
v -0.164435 -0.118615 0.093637
v -0.109528 -0.101675 0.136963
v -0.069936 -0.191278 0.170988
v -0.038145 -0.029458 0.199539
v -0.205613 -0.042518 -0.068323
v 0.096805 0.099727 0.126436
v -0.137217 0.099571 0.082245
v -0.052112 -0.088459 0.180518
v 0.016180 0.067507 0.189980
v 0.180724 0.054238 0.026322
v -0.132038 0.064602 0.124252
v -0.112473 -0.036183 0.183879
v -0.188200 -0.023685 0.056232
v -0.125172 -0.044500 0.168465
v -0.133459 -0.132774 0.152841
v 0.031753 0.095746 0.028949
v -0.031954 -0.057043 0.182230
v -0.008186 0.175929 0.100899
v -0.115609 -0.236026 0.075309
v -0.001720 -0.220625 0.193300
v -0.069352 -0.213863 0.167213
v -0.043495 0.034133 0.139395
v -0.054399 0.006948 0.142060
v -0.161236 -0.043285 0.137165
v 0.035555 0.078888 0.152704
v -0.117524 -0.205599 0.132769
v -0.050814 0.117171 0.160058
v -0.024378 0.064941 0.165771
v -0.154774 0.031276 0.124932
v -0.144897 -0.120219 0.134762
v -0.124322 -0.182831 0.017232
v 0.053908 -0.049108 0.124686
v 0.002034 -0.244546 0.168092
v 0.052417 -0.119418 0.214232
v -0.032472 -0.178488 0.197354
v -0.190483 -0.052427 0.123386
v -0.082505 -0.083311 0.189627
v -0.147835 -0.163634 0.145194
v 0.075434 0.036191 0.177700
v 0.041275 -0.322557 0.104327
v 0.021999 -0.227721 0.167161
v -0.086342 -0.255799 0.094870
v -0.070344 -0.217199 0.128682
v -0.077967 -0.102980 0.167521
v -0.050724 -0.238168 0.100779
v -0.095811 -0.290562 0.054748
v -0.027424 -0.282950 0.078145
v -0.008109 -0.047522 0.189118
v -0.164252 -0.177180 0.111863
v 0.036697 -0.214972 0.152441
v -0.069775 -0.242085 -0.081297
v -0.097183 0.073439 -0.024654
v -0.124414 -0.257138 0.056813
v -0.044928 -0.295463 0.040923
v -0.180015 -0.143099 -0.030114
v -0.105578 -0.278521 0.010468
v -0.194685 -0.100370 0.092874
v -0.208160 0.018907 -0.057417
v -0.147925 -0.126815 0.069788
v -0.124941 -0.221845 0.051628
v -0.048143 -0.234180 0.175185
v -0.184826 -0.034535 0.030940
v -0.168652 -0.010101 0.045671
v -0.129531 -0.112972 -0.092074
v -0.185500 -0.073659 -0.007944
v -0.122382 0.145388 0.103973
v -0.136833 0.051442 -0.141957
v -0.020807 0.210426 0.013144
v -0.203870 -0.039925 0.016632
v -0.210866 0.009232 0.008009
v -0.223132 -0.030039 -0.050718
v -0.178292 0.011775 0.037783
v -0.160188 -0.138009 0.043961
v -0.168808 -0.075002 0.009002
v -0.107450 -0.064551 0.187110
v -0.209685 -0.060676 0.092036
v -0.006040 -0.263353 0.024876
v -0.143395 -0.104072 0.120176
v 0.007073 0.193378 -0.056836
v 0.016553 -0.114545 0.221101
v -0.007189 -0.281303 -0.062585
v -0.054541 -0.259306 -0.016088
v -0.120982 -0.185319 -0.016150
v -0.023504 -0.236047 -0.066357
v -0.020754 -0.272071 -0.003340
v 0.050914 -0.220901 -0.087372
v -0.018857 -0.157552 0.188393
v 0.078492 -0.280500 -0.025413
v -0.069962 -0.076842 -0.164995
v -0.120748 -0.053004 -0.138285
v -0.138644 -0.064378 -0.104879
v 0.083424 0.080934 -0.119079
v -0.168002 0.025999 -0.089253
v -0.120171 0.109727 -0.146251
v -0.109053 -0.003472 -0.192581
v 0.010240 -0.042125 -0.158548
v -0.070918 0.096620 -0.107723
v -0.103351 -0.030300 -0.131968
v -0.064953 -0.049474 -0.154319
v -0.099049 -0.082438 -0.162823
v -0.189011 0.055842 -0.116389
v -0.225648 -0.000741 -0.044741
v -0.122320 0.044087 -0.146674
v -0.195514 -0.013570 -0.082905
v -0.153134 0.036557 -0.124350
v -0.122332 -0.038018 -0.108727
v -0.104435 -0.058627 -0.154714
v -0.008823 -0.131959 -0.142568
v -0.026390 -0.155234 -0.113429
v 0.113324 -0.075960 -0.086945
v 0.168531 -0.018211 -0.027978
v 0.106751 -0.155654 -0.065765
v 0.053361 -0.209852 -0.113662
v 0.159339 -0.137247 -0.002881
v 0.139059 -0.141766 0.014382
v 0.163060 -0.073086 -0.007053
v 0.016566 -0.299256 -0.052072
v 0.085181 -0.176389 -0.075143
v 0.142401 -0.090536 0.024638
v 0.070412 -0.088423 -0.104658
v 0.196063 -0.036524 0.017379
v 0.150951 0.177318 -0.123055
v 0.172642 -0.089413 -0.053119
v 0.089962 -0.010931 -0.138328
v 0.101510 -0.044140 -0.098051
v 0.096895 0.056891 -0.061789
v 0.140948 -0.049773 -0.045098
v 0.100083 -0.035918 -0.080214
v 0.048192 -0.206811 0.176751
v 0.072312 -0.075290 -0.125472
v 0.005440 -0.148628 -0.158075
v 0.042310 -0.105171 -0.147905
v 0.084284 -0.109704 -0.121082
v 0.104083 -0.057634 -0.072106
v 0.064258 -0.183404 -0.024558
v 0.071184 -0.026730 -0.043218
v -0.042181 -0.040081 -0.139383
v 0.018400 -0.238165 -0.088519
v 0.038629 0.092915 -0.206502
v 0.084100 -0.015285 -0.147471
v 0.019122 -0.089419 -0.128861
v -0.120821 -0.180941 -0.061495
v 0.029384 0.276452 -0.148148
v -0.059004 0.056783 -0.204428
v -0.050239 -0.127318 -0.134057
v -0.090221 -0.135563 -0.129826
v 0.012253 -0.192905 -0.141960
v 0.041826 -0.161213 -0.164406
v 0.029936 -0.139699 -0.165397
v 0.034052 -0.289024 -0.068821
v 0.069424 -0.180738 -0.061615
v 0.124732 -0.162354 -0.046400
v 0.064746 -0.240191 -0.083756
v 0.072633 -0.197690 -0.086356
v -0.074195 -0.124820 -0.149014
v 0.122106 0.142764 -0.165024
v 0.086588 -0.269192 -0.043240
v -0.044454 -0.239454 -0.073996
v 0.069669 -0.209033 0.186326
v 0.069307 -0.317092 0.065694
v -0.003395 -0.293498 -0.012860
v -0.014450 -0.210134 -0.086515
v 0.041216 -0.285233 0.014367
v -0.123043 -0.203235 0.072913
v 0.106929 0.022681 -0.023431
v 0.066353 -0.300117 0.039675
v -0.112699 -0.249409 -0.003116
v 0.090649 -0.260918 -0.024763
v -0.001361 -0.315883 0.073584
v 0.040899 -0.296633 -0.054682
v -0.023485 -0.240178 0.105523
v 0.125639 -0.244724 0.017512
v 0.134756 -0.221665 -0.008089
v 0.086397 -0.240647 0.087915
v 0.012716 -0.314044 0.046377
v -0.054335 -0.262730 0.093355
v 0.028180 -0.307700 0.125909
v 0.110502 -0.240117 0.002987
v 0.057910 -0.325998 0.084909
v 0.066517 -0.281068 0.002000
v 0.071925 -0.243248 0.027954
v 0.125655 -0.162411 -0.018732
v 0.080588 -0.050837 0.107499
v 0.057807 -0.188537 -0.051970
v 0.104534 -0.127534 0.131049
v 0.152608 -0.215352 0.063857
v 0.119181 -0.073050 0.139538
v 0.115816 0.059135 0.022797
v 0.162418 -0.100577 0.049351
v 0.136606 -0.093118 0.140955
v 0.152046 -0.165132 0.005249
v 0.108305 -0.010758 0.112270
v 0.112706 -0.219625 -0.016450
v 0.080331 -0.171505 -0.015582
v 0.133540 -0.236490 0.005179
v 0.143435 -0.036411 0.085193
v 0.143997 0.053351 0.121122
v 0.189991 -0.029133 -0.004023
v 0.197125 -0.010240 0.066789
v 0.146259 -0.063222 0.005685
v 0.039738 -0.003497 -0.019304
v 0.156755 -0.086434 0.043211
v 0.085984 0.036620 -0.039054
v 0.119863 -0.045013 -0.051449
v 0.202988 -0.003712 0.003039
v 0.141611 -0.065067 0.130670
v 0.163928 -0.064687 -0.031401
v 0.122100 0.003398 -0.034786
v 0.175078 0.046375 0.062313
v 0.202869 0.006883 0.057536
v 0.205030 0.014947 0.049591
v 0.175572 0.047647 -0.001623
v 0.094427 -0.169706 0.191276
v 0.159194 0.007602 0.090935
v 0.149614 -0.151361 0.029962
v 0.108634 -0.008562 -0.031128
v 0.166184 -0.129414 0.084047
v 0.110101 -0.159616 0.088927
v 0.062951 -0.263895 0.132189
v 0.081750 -0.119297 0.168334
v 0.158687 -0.186863 0.064346
v 0.078954 -0.228427 0.098049
v 0.135831 -0.213315 0.145165
v 0.171548 -0.117542 0.071651
v 0.115658 -0.191237 0.185501
v 0.067926 -0.313499 0.104730
v 0.116982 -0.203975 0.092986
v 0.007981 0.082134 0.162455
v 0.084501 -0.240275 0.147280
v 0.012325 -0.322241 0.097598
v -0.003527 -0.310467 0.100096
v -0.018101 -0.275116 0.104605
v 0.028618 -0.290166 0.136065
v -0.031828 -0.112421 0.158790
v 0.056537 -0.055584 0.198231
v 0.027043 -0.161194 0.160322
v -0.012182 -0.238279 0.183689
v 0.054377 -0.138263 0.198972
v -0.007797 -0.182691 0.199844
v 0.065954 -0.172328 0.189772
v -0.209831 -0.059828 -0.028181
v -0.112868 -0.187007 0.152870
v 0.056509 -0.183936 0.186615
v 0.122249 -0.202776 0.177301
v -0.022701 -0.011295 0.227634
v -0.030699 -0.246013 0.170474
v -0.042838 0.090522 0.143345
v -0.104091 0.065301 0.123523
v -0.017598 -0.199960 0.202782
v 0.004444 -0.105337 0.220231
v -0.038124 -0.092781 0.159046
v 0.022976 0.098299 0.177831
v 0.001004 0.079470 0.128541
v 0.090048 -0.059438 0.124922
v 0.049311 -0.021867 0.193009
v -0.114172 -0.010479 0.139474
v 0.014355 0.125304 -0.085980
v 0.078206 0.106105 0.123528
v 0.034072 -0.030591 0.141650
v -0.086969 0.031865 0.101897
v 0.079200 -0.032195 0.074359
v 0.065965 -0.006019 0.049365
v 0.066999 -0.057375 0.111474
v 0.064486 -0.021498 0.119979
v 0.122083 -0.101023 0.144185
v 0.116475 0.031762 0.171380
v 0.138343 0.068938 0.133252
v 0.150964 -0.017311 0.091454
v 0.153300 -0.125660 0.012359
v 0.141672 0.021402 0.123307
v 0.107551 0.208423 0.092651
v 0.106630 0.061940 0.173112
v 0.114866 0.146359 -0.019275
v 0.129176 0.050640 -0.006947
v 0.140864 0.108154 0.030273
v 0.146066 0.172628 0.030240
v 0.154951 0.042930 0.075696
v 0.127272 0.061727 0.045174
v 0.176268 0.026530 -0.021193
v 0.133731 0.072974 0.102305
v 0.136523 0.059417 0.005536
v 0.070344 0.064653 0.052866
v 0.047064 0.137351 0.023580
v 0.015964 0.167736 0.080296
v 0.045331 0.162067 0.080929
v -0.017541 0.136495 0.011052
v -0.015294 0.107377 0.094533
v 0.076642 0.165208 -0.041218
v 0.076785 0.164329 0.129993
v 0.030563 0.182151 0.090832
v 0.079728 0.114734 0.050651
v 0.028890 0.132454 0.071403
v 0.042983 0.069710 0.074680
v 0.019242 0.046363 0.092790
v 0.075859 0.077344 -0.087422
v 0.052798 0.061134 0.032988
v 0.108241 0.092750 0.140982
v 0.072358 0.113715 0.149021
v 0.080922 -0.019691 0.108272
v 0.134349 0.082836 0.084885
v 0.131768 0.005542 0.117955
v 0.134376 0.119660 0.139134
v 0.116075 0.103392 0.024910
v -0.062556 0.086614 0.158163
v 0.038973 0.171916 0.170680
v 0.133620 0.135636 0.143980
v 0.032613 0.076095 0.085969
v 0.013682 0.164232 0.178735
v 0.068075 0.120260 0.164926
v -0.122790 -0.084018 0.129498
v 0.025830 -0.038018 0.130143
v 0.109074 0.047160 0.175266
v 0.125838 0.057329 0.163513
v 0.115141 0.188973 0.125883
v 0.155838 0.188937 0.048358
v 0.094184 0.174441 0.129289
v 0.156210 0.199313 0.068179
v 0.020560 0.190028 0.044617
v 0.040675 0.251885 -0.000341
v 0.010658 0.186037 0.099728
v 0.006125 0.317799 -0.083631
v -0.020418 0.357969 0.012996
v -0.065695 0.176221 0.060906
v -0.019165 0.275658 0.012429
v 0.106464 0.186930 0.035928
v 0.003470 0.192150 0.123661
v 0.117829 0.202730 -0.081844
v 0.038162 0.235035 -0.044562
v 0.111046 0.201517 0.048360
v 0.076767 0.162403 0.043378
v -0.039744 0.246033 -0.143435
v 0.125146 0.076817 -0.033047
v 0.090202 0.223705 -0.185141
v 0.068036 0.039281 -0.163735
v 0.181198 0.142760 0.048320
v 0.087577 0.163520 -0.040021
v 0.065549 0.156209 0.010945
v -0.004174 0.162196 -0.020409
v 0.069580 0.232712 -0.169136
v 0.021955 0.251178 -0.155340
v 0.101793 0.246877 -0.141422
v 0.143938 0.219310 -0.148188
v 0.012812 0.204253 -0.133174
v 0.044197 0.260616 -0.138771
v 0.082332 0.233264 -0.095503
v 0.142940 0.156741 -0.121229
v -0.069760 0.219289 -0.186268
v 0.147624 0.189062 -0.162704
v 0.153392 0.187933 -0.145563
v 0.062291 0.030196 -0.119943
v 0.017753 0.187306 -0.083793
v 0.034710 0.149831 -0.153278
v 0.166435 0.025918 -0.026523
v 0.076669 0.056847 -0.176952
v 0.076191 0.016539 -0.072387
v 0.091163 -0.031196 -0.140920
v 0.132404 0.107338 -0.023921
v 0.027517 0.250289 -0.034985
v -0.012351 0.151108 -0.048190
v 0.092810 -0.000686 -0.022746
v 0.113708 0.059967 -0.042505
v 0.058988 0.067059 -0.084037
v 0.079911 0.049835 -0.160484
v -0.095526 0.117955 -0.174606
v 0.016487 0.077934 -0.079299
v 0.061737 0.037299 -0.057989
v -0.026449 0.156130 -0.064064
v 0.038164 -0.017846 -0.008475
v 0.021959 -0.038933 -0.003688
v 0.095296 0.195634 -0.012893
v -0.121712 0.164225 -0.098080
v -0.062354 0.242012 -0.097907
v 0.031327 0.191133 0.027945
v -0.023249 0.088525 0.008243
v 0.071271 0.057200 -0.073917
v 0.072466 0.216136 -0.080473
v -0.003680 0.024384 -0.162097
v -0.029180 0.139432 -0.177733
v 0.058058 0.109200 -0.195556
v -0.061118 0.272396 -0.097385
v 0.078752 0.109640 -0.174079
v -0.049596 0.208253 -0.192297
v -0.028633 0.294942 -0.139656
v 0.033138 0.205251 -0.151192
v 0.029835 0.295189 -0.060303
v 0.056117 0.269096 -0.117529
v 0.045737 0.195346 -0.079378
v 0.054273 0.286826 -0.096070
v -0.012676 0.242148 -0.026381
v -0.137131 0.224889 -0.109607
v -0.133940 0.251626 -0.078799
v -0.054251 0.227759 -0.118117
v -0.104532 0.217100 -0.119948
v -0.006574 0.320132 -0.088645
v -0.046621 0.299362 -0.092434
v -0.098751 0.227473 -0.144726
v -0.068293 0.228870 -0.170037
v -0.030588 0.169373 -0.192764
v -0.085807 0.149209 -0.207794
v -0.020876 0.204102 -0.150547
v -0.045087 -0.069331 -0.154113
v -0.029329 0.068794 -0.028539
v -0.000335 0.075505 -0.028152
v -0.044179 0.117537 -0.164796
v -0.077687 0.041629 -0.211395
v -0.084534 0.127615 -0.194305
v 0.004585 0.058662 -0.194729
v -0.029660 0.095617 -0.142106
v -0.104691 0.227817 -0.029423
v -0.063591 0.115089 -0.175791
v -0.039453 0.080500 -0.134438
v -0.016719 0.112365 0.011994
v -0.113330 0.172235 0.017372
v -0.023658 0.096288 -0.112407
v -0.039167 0.176549 -0.077445
v 0.028771 0.054570 -0.088469
v -0.029001 0.197045 -0.055556
v -0.152157 0.238403 -0.102295
v -0.173314 0.172215 -0.015777
v -0.184315 0.172484 -0.085634
v 0.006660 0.108318 -0.006767
v -0.015004 0.131252 -0.151313
v -0.073394 0.109989 -0.138256
v -0.047783 0.113022 -0.141195
v -0.057218 0.129409 -0.094250
v -0.070818 0.109332 -0.157933
v -0.059146 0.082158 -0.150842
v -0.179750 0.137817 -0.073861
v -0.061891 0.086582 -0.033703
v -0.222665 0.108643 0.043986
v -0.219063 0.146417 -0.005321
v -0.042540 0.065859 -0.012973
v -0.186496 0.038162 -0.051398
v -0.097904 0.005922 -0.101018
v -0.134367 0.095998 -0.004458
v -0.107664 0.158530 -0.079214
v -0.189609 0.160966 -0.021434
v -0.135679 0.153757 -0.092335
v -0.159968 0.153674 -0.031129
v -0.131276 0.172406 0.032149
v -0.197883 0.095608 0.057964
v -0.213069 0.025586 -0.021276
v -0.233373 0.115032 0.018321
v -0.163461 -0.079827 0.024134
v -0.200107 0.062301 -0.098446
v -0.216658 0.084551 0.001711
v -0.204033 0.166382 0.005514
v -0.124299 0.028529 -0.173593
v -0.198248 0.062943 -0.069885
v -0.229207 -0.007013 -0.020513
v -0.102909 0.019723 -0.204152
v -0.142160 0.109318 -0.149214
v -0.083958 0.075600 -0.163666
v -0.082070 -0.014771 -0.204302
v -0.033211 0.075344 -0.098964
v -0.035939 0.065222 -0.072673
v -0.137941 0.020844 -0.089437
v -0.098120 0.209239 -0.193408
v -0.133027 0.190894 -0.156030
v -0.114429 0.131591 -0.180220
v -0.137176 0.177325 -0.151490
v -0.188084 0.071456 0.008887
v -0.170180 0.227091 -0.103268
v -0.101948 0.139029 -0.042309
v -0.123531 -0.211133 0.098424
v -0.106941 0.238073 -0.076726
v -0.196158 0.194369 -0.043986
v -0.148599 0.243235 -0.027284
v -0.088989 0.206054 -0.072293
v -0.153837 0.183958 0.010873
v -0.138027 0.137093 0.058355
v -0.195815 0.164498 0.040513
v -0.112494 0.148348 -0.008677
v -0.016633 0.337816 0.022917
v 0.029978 0.188831 0.018546
v -0.066906 0.180674 0.013377
v -0.088611 0.144133 0.067243
v -0.026943 0.373586 -0.001011
v -0.010124 0.091095 0.153714
v -0.070881 0.002940 0.162036
v -0.107312 0.168754 -0.018767
v -0.075911 0.179206 0.007402
v -0.036815 0.125006 0.145451
v -0.077093 0.074222 0.149682
v -0.087751 0.157048 0.040347
v -0.084013 0.173365 0.108746
v -0.175250 0.089927 0.069383
v -0.134485 0.160079 0.049115
v -0.163985 0.092703 0.084557
v -0.198582 -0.011692 0.026592
v -0.216101 -0.014485 0.013194
v -0.198014 0.113957 0.064495
v -0.207728 0.140418 0.053838
v -0.101733 0.098215 0.163773
v -0.186315 0.013243 0.061371
v -0.061443 -0.012595 0.184660
v -0.123362 -0.069456 0.165789
v -0.009337 0.169678 0.162208
v 0.010177 0.093973 0.097752
v 0.082462 0.054744 0.030209
v 0.083709 0.124039 0.124009
v -0.034002 0.150826 0.091914
v -0.054983 0.073541 0.129958
v 0.069933 0.082887 0.038996
v -0.020589 0.093530 0.127998
v -0.007056 0.025866 0.095414
v -0.071943 0.160718 0.144980
v -0.055616 0.158850 0.140056
v 0.031578 0.012257 0.011985
v -0.066200 0.148053 0.065764
v -0.014820 0.156914 0.019693
v -0.126067 0.120997 0.047569
v 0.022934 0.142463 -0.117892
v 0.011084 0.098248 0.010952
v -0.142339 0.067985 -0.024073
v -0.018283 0.050320 0.028015
v -0.076325 0.069661 0.067000
v -0.071745 0.101394 -0.056159
v -0.231898 0.133850 0.010942
v -0.226259 0.138351 0.034081
v -0.159978 0.131949 -0.036542
v -0.221009 0.152304 0.022040
v -0.212083 0.159979 0.028276
v -0.187197 0.150991 0.059848
v -0.223802 0.011309 -0.016829
v -0.129161 -0.032222 -0.082210
v -0.193320 0.054931 0.084837
v -0.172417 -0.055229 0.136817
v -0.163774 -0.136929 0.120983
v -0.181687 -0.038254 0.127630
v -0.196163 -0.080661 0.050067
v -0.139711 0.044360 0.128873
v -0.197328 -0.037655 0.112642
v -0.188518 0.020862 0.020989
v -0.150095 -0.114021 0.054369
v -0.024031 0.058265 0.142866
v -0.110577 -0.183688 -0.030420
v -0.043254 -0.007725 0.104648
v -0.041436 -0.009848 0.069302
v -0.067750 0.000413 0.093730
v -0.109283 -0.015935 0.113490
v -0.057905 0.029086 0.056195
v -0.105769 0.014957 0.112652
v -0.181384 0.003456 -0.084807
v -0.141796 -0.053750 -0.075885
v 0.050328 -0.045256 0.033075
v 0.065448 -0.033673 0.078611
v 0.013854 -0.021608 0.060111
v -0.072894 0.004981 0.124710
v -0.124040 -0.103765 0.132920
v -0.165566 -0.155279 0.032723
v -0.095053 0.002413 0.135822
v -0.051298 0.027108 0.206799
v -0.022714 -0.127292 0.128818
v -0.025141 -0.081104 0.191733
v -0.007881 0.066013 0.148743
v -0.069784 0.066218 0.114123
v -0.005615 -0.119957 0.211336
v -0.030829 -0.001329 0.226800
v -0.053867 -0.045726 0.196993
v -0.163731 -0.154966 0.128197
v -0.140213 -0.086604 0.133194
v -0.109359 -0.048785 0.188425
v -0.056853 -0.199323 0.188318
v -0.124039 -0.074590 0.151070
v -0.108408 -0.106056 -0.153535
v -0.119831 -0.211727 0.112043
v -0.151778 -0.196051 0.092610
v -0.093330 -0.210589 0.114624
v 0.041800 0.123162 0.185432
v -0.046228 -0.242675 0.125116
v -0.093803 -0.175476 0.158284
v -0.137788 -0.165301 0.049377
v -0.054867 0.043820 -0.013030
v -0.079216 -0.181954 0.147938
v -0.060264 -0.103985 0.156453
v -0.105034 -0.269492 0.078439
v -0.013709 -0.250509 0.121050
v -0.054874 -0.295219 0.059288
v -0.044797 -0.137145 0.123826
v -0.090197 -0.295076 0.026570
v -0.039457 -0.250683 0.142192
v 0.017234 -0.316768 0.113295
v -0.096186 -0.234712 -0.055320
v -0.072724 -0.300438 0.048622
v 0.001813 -0.296299 0.039689
v -0.015608 -0.298359 0.095477
v -0.189487 -0.133854 -0.009350
v -0.142692 -0.139564 0.058466
v -0.118233 -0.207108 0.025662
v -0.041619 -0.236613 -0.037915
v -0.107933 -0.180979 0.021751
v -0.154210 -0.181854 0.076139
v -0.142474 -0.178535 0.061165
v -0.045950 0.129459 0.070889
v -0.180220 -0.140502 0.026179
v -0.169246 -0.151308 0.096918
v -0.155996 -0.157832 0.068375
v -0.021663 -0.099971 0.118084
v -0.165271 -0.159876 0.082509
v -0.172060 -0.167455 -0.014372
v -0.182019 -0.123045 -0.036190
v -0.124161 -0.223893 0.019078
v -0.200522 -0.058512 0.004402
v -0.211692 -0.008685 -0.071493
v -0.201173 -0.060673 -0.053792
v -0.180079 -0.093185 0.011044
v -0.108916 -0.210652 0.003562
v -0.193730 0.009237 -0.077578
v -0.117026 -0.128727 -0.113226
v -0.227190 0.092022 0.013095
v -0.147136 0.065824 0.020736
v -0.162124 0.080346 -0.018538
v -0.178625 0.040411 0.001168
v -0.181271 0.042386 -0.110249
v -0.123171 0.001300 -0.072227
v -0.150146 0.028070 -0.110313
v -0.196324 0.031736 0.001045
v -0.168666 -0.172883 0.001948
v -0.117874 0.044064 0.009030
v -0.109915 0.061805 0.026683
v -0.128689 -0.069216 -0.052911
v -0.133085 -0.051556 -0.091635
v -0.107486 0.038750 -0.196661
v -0.110212 -0.232472 -0.005413
v -0.048103 -0.234021 -0.020289
v 0.049498 0.024383 -0.001217
v -0.091504 -0.172377 -0.117397
v -0.109368 -0.128039 -0.080676
v -0.104688 -0.184945 0.000790
v -0.086482 -0.246913 -0.019296
v -0.008852 -0.018791 -0.149220
v -0.027196 -0.263193 -0.041060
v -0.070326 -0.240241 -0.047285
v -0.101942 -0.212647 0.083205
v -0.122140 -0.183039 -0.044482
v 0.061326 -0.296026 -0.034469
v -0.084370 -0.231093 -0.026226
v -0.018564 -0.283745 -0.028216
v -0.031366 -0.253515 -0.015556
v -0.084316 -0.234787 -0.097356
v -0.107404 -0.218243 -0.041044
v -0.029246 -0.221561 -0.098972
v -0.068122 -0.181569 -0.126817
v -0.105905 -0.122928 -0.143218
v -0.009364 -0.255883 -0.075621
v 0.002598 -0.240112 -0.083298
v -0.022006 -0.048505 -0.132536
v -0.109192 -0.198611 -0.109822
v -0.032868 -0.107794 -0.138799
v -0.105887 0.015044 -0.073506
v -0.090012 -0.147081 -0.099022
v -0.023493 -0.199394 -0.105832
v -0.079970 -0.243047 -0.063101
v -0.039807 -0.203490 -0.118775
v -0.120855 -0.005832 -0.147996
v -0.092601 -0.042327 -0.150653
v -0.079918 -0.109297 -0.161706
v 0.003525 -0.107334 -0.138870
v 0.007449 -0.062755 -0.146871
v -0.007000 -0.039673 -0.148552
v 0.016872 0.029264 -0.164835
v -0.031226 0.053233 -0.193385
v -0.134072 -0.107988 -0.118942
v -0.052792 -0.012508 -0.207165
v -0.126871 -0.104436 -0.138715
v -0.073837 -0.010237 -0.080290
v -0.088381 0.027344 -0.212711
v -0.105389 -0.005042 -0.060605
v -0.092905 -0.192763 -0.122562
v 0.090178 -0.142297 -0.138625
v 0.086786 -0.185481 -0.124356
v 0.086300 -0.218445 -0.048881
v 0.052536 -0.297823 0.031089
v 0.144884 -0.076665 -0.079738
v 0.161547 -0.180006 0.008432
v 0.104721 -0.030611 -0.098613
v 0.083193 -0.072838 -0.112133
v 0.047297 -0.086385 -0.120043
v 0.048986 -0.033781 -0.030396
v 0.041176 0.003593 -0.160846
v 0.082947 0.053100 -0.151677
v 0.000236 0.003966 -0.151642
v 0.020432 -0.150400 -0.164897
v -0.000147 -0.089804 -0.105713
v 0.054725 -0.119672 -0.157427
v 0.049708 -0.181968 -0.154790
v 0.047794 -0.277624 -0.076407
v -0.015171 -0.287488 -0.041559
v 0.002288 -0.262475 -0.082001
v 0.000470 -0.300161 -0.031614
v 0.053272 -0.174976 -0.006438
v 0.033629 0.037365 -0.080485
v -0.009283 0.079309 0.016547
v -0.037648 -0.024871 -0.031361
v -0.006967 -0.044601 -0.002233
v 0.052062 -0.162711 -0.033286
v 0.041195 -0.072769 -0.001568
v 0.068670 -0.044601 0.004059
v 0.052911 -0.148906 -0.035889
v 0.206410 0.022504 0.025221
v 0.160879 -0.057582 0.001361
v 0.178778 -0.051215 0.010019
v 0.203958 -0.018522 0.011874
v 0.160092 0.060102 0.009206
v 0.177788 -0.119087 -0.029885
v 0.151163 -0.142853 0.084307
v 0.137782 -0.046566 -0.021038
v 0.143490 -0.191873 0.134823
v 0.090140 -0.229748 0.171983
v 0.129638 -0.159024 0.162221
v 0.104856 -0.238918 0.130586
v 0.027245 -0.226617 0.131414
v 0.070702 -0.134845 0.177379
v 0.000773 -0.128719 0.209693
v -0.151106 -0.141383 0.144848
v 0.055206 0.025416 0.203196
v 0.021901 -0.074104 0.222169
v 0.085264 -0.098068 0.182892
v 0.124452 -0.002855 0.125562
v 0.053501 -0.044637 0.145726
v 0.088847 -0.007657 0.153613
v 0.132703 -0.039475 0.097788
v 0.076234 -0.069385 0.123392
v 0.165409 0.031873 0.081285
v 0.174038 0.003042 0.087397
v 0.169941 0.059358 0.040580
v 0.166581 0.095173 0.074235
v 0.175562 0.131432 0.116015
v 0.184303 0.166183 0.079951
v 0.164202 0.180276 0.116669
v 0.182146 0.155314 0.052089
v 0.161788 0.138712 0.133364
v 0.119271 0.092128 0.042979
v 0.096655 0.074679 0.069226
v 0.108413 0.145853 0.003848
v 0.017268 0.111464 0.078612
v 0.081929 0.076852 0.033309
v 0.092879 0.098846 0.046223
v 0.017668 0.034341 0.065699
v 0.028447 0.062295 0.143870
v 0.072718 0.085934 0.073457
v -0.009089 -0.002670 0.093155
v 0.063368 0.170053 0.089841
v -0.017504 0.049522 0.221277
v -0.000787 0.072128 0.176151
v 0.015749 0.193577 0.136621
v 0.021449 0.107357 0.184904
v -0.020950 0.129109 0.170606
v 0.081921 0.195847 0.095229
v -0.013201 0.142938 0.083735
v 0.139262 0.212479 -0.105069
v 0.123410 0.203061 0.111612
v 0.143273 0.167498 -0.107845
v 0.083560 0.159514 -0.062204
v 0.058766 0.245939 -0.075599
v 0.058345 0.249360 -0.118185
v 0.145576 0.208630 -0.159727
v 0.130898 0.151984 -0.167882
v 0.109062 0.227391 -0.180901
v 0.128070 0.138796 -0.147681
v 0.089782 0.072627 -0.137389
v -0.018338 0.037717 -0.189784
v 0.073569 0.062412 -0.111332
v 0.077396 0.016135 -0.005007
v 0.056910 0.025759 -0.031576
v 0.085115 0.041333 -0.052960
v 0.067824 0.046000 0.025578
v -0.019741 0.064752 0.011176
v 0.027194 0.140659 -0.088349
v 0.060312 0.127416 -0.101458
v -0.013301 0.152806 -0.153858
v 0.013019 0.042309 -0.070533
v 0.001501 0.057904 0.017005
v 0.048420 0.164276 -0.018531
v 0.026942 0.170691 -0.108639
v 0.025835 0.166390 -0.121564
v 0.033603 0.048336 -0.055857
v 0.032740 0.004141 -0.005147
v 0.022697 0.044386 0.011705
v -0.024535 -0.032917 0.013761
v 0.009723 -0.055725 0.011353
v 0.010263 0.133885 -0.059728
v 0.013390 0.053699 -0.047604
v 0.008779 0.095996 -0.052270
v 0.015592 0.127761 -0.002094
v 0.027356 0.149951 -0.124868
v -0.012044 0.166099 -0.122333
v 0.067249 0.116423 -0.184065
v 0.029272 0.108919 -0.203707
v -0.040815 0.009233 -0.212815
v 0.066656 0.151809 -0.180347
v 0.002015 0.281663 -0.037578
v 0.021930 0.263043 -0.155767
v 0.001558 0.233563 -0.026456
v -0.131529 0.244341 -0.030260
v -0.010768 0.205717 -0.135798
v -0.052969 0.202662 -0.084997
v -0.112795 0.175266 -0.199946
v -0.073893 0.137139 -0.204876
v -0.048038 0.050980 -0.037631
v -0.020271 0.128531 -0.106484
v -0.088747 0.143799 -0.082529
v -0.007795 0.062811 -0.085839
v -0.018866 0.174953 -0.067674
v 0.002451 0.112184 -0.040634
v -0.066914 -0.009206 0.000368
v -0.081174 -0.003303 -0.019526
v -0.015878 0.162436 -0.107155
v -0.011966 0.175023 -0.088059
v -0.055497 0.188304 -0.082374
v -0.092803 0.174626 -0.043979
v -0.097194 0.214135 -0.022386
v -0.036963 0.059118 -0.001725
v -0.055865 0.078525 -0.058134
v -0.035926 0.057910 -0.052663
v -0.094032 0.103290 -0.131076
v -0.069899 0.105216 -0.081908
v -0.143617 0.143230 -0.035262
v -0.100584 0.152206 -0.054474
v -0.135739 0.131953 -0.134843
v -0.110036 0.061464 -0.155115
v -0.094185 0.112042 -0.143844
v -0.154743 0.079548 -0.151160
v -0.115197 0.214392 -0.168708
v -0.187749 0.179391 -0.036550
v -0.194150 0.192599 -0.087159
v -0.015473 0.196206 0.004129
v -0.114686 0.092522 0.055103
v -0.052176 0.158784 0.076382
v -0.115895 0.156620 0.111162
v -0.002577 0.150705 0.077771
v -0.087191 0.059687 0.121928
v -0.075694 0.033638 0.075684
v -0.164057 0.047110 0.123621
v -0.047167 0.044816 0.160839
v -0.053245 0.027049 0.154523
v 0.010390 0.057460 0.115006
v 0.019365 0.015159 0.079688
v 0.004676 0.124973 0.075837
v -0.169752 0.102627 0.064204
v -0.108697 0.149769 0.011496
v -0.122548 0.093791 0.041419
v -0.126459 0.114680 0.091635
v -0.127569 0.104180 -0.022180
v -0.117170 0.100040 0.077061
v -0.004030 -0.021440 0.047297
v -0.028392 -0.022269 0.025561
v -0.016021 -0.004978 0.015603
v -0.117770 0.078462 0.030081
v -0.074346 0.159492 0.045389
v -0.172893 0.168561 0.049172
v -0.117218 0.120977 -0.007099
v -0.203908 0.074562 0.008429
v -0.098167 0.073173 0.040090
v -0.203400 0.123460 0.062735
v -0.213297 0.161630 0.014692
v -0.186986 0.029294 0.044535
v -0.166435 -0.107240 0.115071
v -0.121452 -0.019926 0.159658
v -0.150876 -0.006212 0.105635
v -0.016976 -0.014807 0.083979
v -0.079515 0.053677 0.092650
v -0.025225 0.009466 0.116580
v -0.046589 0.085323 0.098098
v 0.019791 0.067652 0.104796
v 0.077705 -0.006702 0.004226
v -0.012725 0.014149 0.029374
v -0.058522 0.106335 0.064101
v -0.050572 0.093699 0.080428
v -0.088232 0.005469 0.148466
v -0.020306 0.034274 0.120261
v -0.047365 -0.104131 0.130845
v -0.056146 -0.067422 0.196735
v -0.056010 -0.187114 0.189311
v -0.015280 -0.039534 0.204079
v -0.083588 -0.003897 0.177534
v -0.118840 -0.053874 0.181434
v -0.076885 0.007494 0.137638
v -0.054728 -0.003414 0.174764
v -0.113764 -0.116084 0.150563
v -0.145026 -0.181291 0.140954
v -0.154696 -0.175963 0.135045
v -0.054539 -0.120327 0.124445
v -0.068726 -0.212519 0.118003
v -0.110285 -0.278018 0.063277
v -0.090200 -0.281287 0.080205
v -0.021037 -0.230696 0.190346
v -0.013014 -0.134930 0.192047
v -0.042410 -0.271013 0.083576
v -0.108857 -0.144983 -0.061894
v -0.164256 -0.144027 0.082872
v -0.121663 -0.083803 -0.150765
v -0.140985 -0.091519 -0.104038
v -0.124641 0.006038 -0.172069
v -0.216421 -0.052535 -0.040322
v -0.148222 -0.102179 -0.058388
v -0.169718 -0.082272 -0.022162
v -0.139120 0.045088 -0.005942
v -0.084794 -0.237020 -0.042817
v -0.090229 0.034168 -0.005658
v -0.111052 0.041796 -0.012890
v 0.020120 -0.029579 0.028004
v 0.034992 -0.059772 0.018156
v -0.075690 0.060293 -0.024052
v -0.083577 -0.025055 -0.067507
v -0.003237 0.016173 -0.143162
v -0.107731 -0.121539 -0.062416
v -0.108817 -0.028839 -0.086645
v -0.113870 -0.199727 -0.039898
v -0.078393 -0.290862 0.005717
v -0.103436 -0.242954 -0.012683
v -0.111412 -0.183492 -0.108404
v -0.063971 -0.245910 -0.022456
v -0.004741 -0.296057 -0.046020
v -0.036035 -0.151290 -0.101594
v -0.043244 -0.135107 -0.104233
v -0.011811 -0.048494 -0.139866
v -0.030718 -0.030484 -0.130390
v -0.084664 -0.061495 -0.163013
v 0.002784 -0.130317 -0.153915
v -0.057522 0.030523 -0.217219
v -0.039515 -0.057617 -0.144558
v -0.094665 0.052295 -0.199354
v -0.121177 0.029600 -0.125170
v -0.169195 0.038102 -0.118958
v -0.120007 -0.121637 -0.132660
v 0.088333 -0.109766 -0.106204
v 0.074503 -0.043527 -0.044544
v 0.013076 -0.075499 -0.138006
v 0.042589 -0.048537 -0.021442
v 0.020802 -0.100785 -0.142951
v 0.121326 -0.234218 -0.004944
v 0.084338 -0.238091 0.005411
v 0.074475 -0.024976 0.096250
v 0.080459 -0.260152 0.118368
v 0.047244 -0.281681 0.137620
v 0.025031 -0.216727 0.176482
v 0.038878 -0.046387 0.196528
v 0.122615 0.083196 0.099999
v 0.045602 0.116178 0.075919
v 0.069376 0.110859 0.069192
v 0.055979 0.092245 0.080457
v 0.008087 0.032544 0.033253
v 0.072285 0.019649 0.034028
v 0.067407 0.030238 0.048872
v 0.034823 0.058741 0.188527
v 0.153106 0.195122 0.110263
v 0.125603 0.135576 -0.026107
v 0.025172 0.143599 -0.045512
v -0.057292 -0.007546 0.025896
v -0.078635 0.021098 0.024462
v -0.000981 0.212551 -0.142898
v -0.041562 0.144138 -0.089160
v -0.052308 0.082800 -0.105335
v -0.081867 0.018272 0.002345
v -0.050125 0.083620 -0.121794
v -0.116395 0.118786 0.013565
v -0.151001 0.132016 -0.036911
v -0.215659 0.128737 -0.022597
v -0.111985 0.212364 -0.122460
v -0.154417 0.226679 -0.110866
v -0.020599 0.218863 0.002663
v -0.085426 0.128921 0.168500
v -0.093628 0.114482 0.063833
v -0.027804 0.023881 0.010181
v -0.061726 0.073210 0.087976
v -0.078917 0.093838 0.064258
v -0.036290 0.032860 0.053161
v -0.071980 0.010519 0.078659
v 0.007054 -0.009922 0.026435
v -0.125695 0.030200 0.127372
v -0.015227 -0.065160 0.195605
v -0.039370 -0.109868 0.119657
v -0.084786 -0.271285 0.090788
v -0.093249 -0.194198 -0.007264
v -0.144982 -0.145535 -0.060217
v -0.184716 -0.062276 0.011838
v -0.229564 -0.028529 -0.032184
v -0.065976 -0.024958 -0.041599
v -0.098719 -0.021194 -0.056444
v -0.036704 0.000307 -0.010497
v -0.071145 -0.004384 -0.059983
v -0.052840 -0.121362 -0.145870
v -0.036928 -0.023854 -0.188212
v -0.025858 0.015849 -0.204521
v 0.063003 -0.036815 0.103225
v 0.039566 -0.028404 0.125592
v 0.071910 -0.045369 0.082873
v 0.067939 -0.043401 0.057459
v -0.046672 -0.028467 -0.000727
v 0.008255 -0.008868 0.079039
v -0.088835 -0.006026 -0.043172
v -0.056158 0.000346 -0.032109
v -0.086372 0.004900 -0.064317
v -0.008939 0.049357 -0.066559
v -0.008206 0.052029 -0.045417
v -0.089107 0.026684 0.012982
v -0.115533 0.061483 -0.020283
v -0.097854 0.036881 0.018251
v 0.056837 -0.063877 0.001129
v 0.001505 0.043281 0.031152
v 0.028026 -0.018034 0.010867
v -0.061185 -0.024854 -0.020229
v -0.057965 0.005888 0.055293
v 0.037508 -0.032589 0.048445
v -0.110328 0.081431 0.035921
v -0.061124 0.005403 0.068014
v -0.034162 0.041914 0.004957
v 0.053795 0.011727 0.057048
v 0.044138 0.033192 0.061383
v 0.043038 -0.007535 0.073425
v 0.063080 -0.164382 -0.015309
v -0.044116 -0.025252 0.020813
v 0.027993 0.052607 0.076454
v -0.023119 0.158677 -0.088041
v -0.162585 0.076926 -0.000883
v 0.015593 0.076024 -0.047212
v -0.055559 0.080894 -0.073020
v 0.027718 0.156017 -0.105014
v -0.122912 0.106135 0.022305
v 0.048274 0.017783 -0.044390
v 0.015764 -0.057787 -0.006625
v -0.092917 0.173666 -0.063027
v 0.071450 -0.019221 0.025286
vn -0.1093 -0.6946 -0.7111
vn -0.6577 0.4412 -0.6106
vn -0.3516 -0.7341 0.5810
vn 0.5652 -0.5315 -0.6309
vn -0.0984 0.9469 0.3061
vn 0.9499 -0.3036 -0.0749
vn 0.6408 0.3295 -0.6935
vn 0.0670 -0.9438 -0.3236
vn 0.9405 0.2974 -0.1646
vn 0.7166 0.6618 0.2203
vn 0.8987 0.1330 0.4180
vn 0.7351 0.1145 0.6682
vn 0.9523 -0.3004 -0.0542
vn 0.9070 -0.3689 -0.2033
vn -0.7485 0.4461 0.4906
vn -0.8882 0.3426 -0.3060
vn 0.3221 -0.6643 0.6745
vn -0.1850 0.7449 0.6410
vn 0.1224 0.6056 -0.7863
vn 0.9775 0.1993 -0.0685
vn 0.7047 0.4953 -0.5080
vn 0.2562 -0.0307 0.9661
vn 0.4557 0.8900 -0.0151
vn -0.1472 0.3733 -0.9160
vn 0.6645 0.0223 -0.7469
vn -0.4136 0.8962 -0.1607
vn -0.7291 0.5860 0.3536
vn 0.6790 -0.5840 -0.4449
vn -0.7944 0.5893 0.1472
vn -0.3978 0.1408 -0.9066
vn -0.7527 0.1339 0.6447
vn 0.6031 0.3351 0.7238
vn 0.6625 0.5041 0.5541
vn 0.3548 0.8866 -0.2968
vn 0.0667 0.3614 0.9300
vn -0.6731 0.2049 0.7106
vn 0.6194 0.0547 0.7832
vn -0.8782 -0.1473 0.4550
vn 0.4365 0.1005 -0.8941
vn -0.6840 -0.6245 -0.3770
vn -0.8555 -0.3854 0.3460
vn 0.8408 -0.2424 -0.4841
vn 0.1089 -0.7940 -0.5981
vn 0.1859 -0.4228 -0.8870
vn 0.6004 0.2749 0.7510
vn 0.0310 -0.0405 -0.9987
vn 0.8568 0.4732 -0.2050
vn 0.9261 0.1572 0.3429
vn 0.6503 0.4338 -0.6236
vn -0.0004 -0.0463 -0.9989
vn 0.4631 0.7283 -0.5051
vn -0.1623 -0.3990 0.9025
vn 0.3195 -0.5504 -0.7713
vn 0.0503 -0.0285 -0.9983
vn 0.0609 -0.9072 -0.4162
vn 0.2790 -0.6951 -0.6625
vn 0.2757 -0.6193 0.7352
vn 0.3296 -0.7555 -0.5662
vn 0.3265 -0.7639 -0.5566
vn 0.6295 0.2426 -0.7382
vn 0.2395 -0.3501 -0.9056
vn 0.4038 -0.7798 0.4783
vn 0.2313 -0.9623 0.1434
vn 0.3278 -0.7931 0.5133
vn 0.6476 -0.6387 -0.4156
vn 0.8383 -0.4675 -0.2805
vn 0.7599 -0.4306 0.4871
vn -0.1155 -0.9478 -0.2973
vn -0.1306 -0.9792 -0.1553
vn -0.0066 -0.6370 -0.7708
vn 0.1854 0.8115 -0.5542
vn -0.1237 -0.0523 -0.9909
vn -0.0675 0.8684 0.4913
vn 0.0608 0.8086 -0.5852
vn -0.6598 -0.5947 0.4594
vn 0.6325 0.7255 -0.2713
vn 0.2747 0.4333 0.8583
vn 0.9198 -0.3480 0.1813
vn 0.6568 -0.2611 -0.7074
vn 0.9717 0.1056 -0.2115
vn 0.6883 -0.4132 -0.5962
vn -0.4768 0.3174 0.8197
vn 0.8404 0.4850 -0.2421
vn 0.2522 -0.8905 -0.3786
vn 0.1673 -0.5253 -0.8343
vn 0.8584 -0.5019 0.1060
vn 0.8629 -0.4116 0.2931
vn 0.7356 -0.6716 -0.0888
vn 0.9222 0.3222 -0.2137
vn 0.4612 -0.8661 0.1929
vn 0.8579 0.5137 0.0106
vn 0.4898 0.7167 0.4965
vn 0.1999 0.8614 -0.4670
vn 0.1944 -0.7489 0.6335
vn 0.6350 -0.7415 0.2168
vn 0.6089 0.5427 0.5785
vn 0.2885 -0.1427 0.9468
vn 0.6186 -0.7399 -0.2643
vn 0.3921 -0.4847 0.7818
vn 0.3074 0.7486 0.5874
vn -0.6831 0.2846 0.6726
vn -0.5957 0.2799 0.7529
vn 0.6050 -0.4348 0.6670
vn 0.8758 -0.0079 0.4827
vn 0.6575 0.4287 0.6196
vn -0.6502 -0.4109 -0.6390
vn 0.9889 -0.1467 -0.0249
vn 0.2177 -0.2644 -0.9395
vn 0.7898 -0.1295 0.5995
vn 0.6374 0.2946 0.7120
vn -0.1943 0.9733 -0.1226
vn 0.3463 -0.8696 0.3520
vn 0.5133 -0.8158 0.2663
vn 0.8413 0.5195 0.1499
vn 0.5093 -0.8220 0.2549
vn 0.3277 0.8821 0.3385
vn -0.4169 0.4583 0.7849
vn 0.0922 -0.3804 0.9202
vn 0.7913 -0.5189 0.3235
vn 0.6718 0.5727 0.4699
vn 0.7658 -0.0460 0.6414
vn 0.0678 0.9816 0.1786
vn 0.8703 -0.0822 0.4856
vn 0.5614 0.1785 0.8081
vn 0.6790 -0.5680 0.4651
vn 0.2410 -0.9630 0.1202
vn 0.2086 0.8245 0.5260
vn 0.6705 0.6959 0.2572
vn -0.0924 0.9710 -0.2206
vn 0.3777 -0.2389 -0.8946
vn -0.9658 0.2035 -0.1606
vn -0.5925 0.2972 -0.7488
vn 0.5642 0.5079 0.6510
vn 0.5405 -0.7403 -0.3998
vn 0.8318 0.5545 0.0253
vn 0.8811 0.1100 0.4600
vn 0.0343 -0.3159 0.9482
vn 0.0658 0.8831 0.4646
vn -0.2828 0.2028 0.9375
vn 0.4723 0.1186 0.8734
vn 0.7794 0.4369 0.4491
vn 0.4795 0.7262 0.4927
vn 0.1377 0.4640 0.8751
vn -0.8507 0.5097 0.1285
vn -0.4816 0.7037 0.5225
vn 0.1579 0.9850 -0.0698
vn 0.0179 0.9303 -0.3663
vn 0.7310 -0.2882 -0.6185
vn 0.5559 -0.7721 0.3079
vn -0.1791 0.9624 -0.2040
vn 0.3031 0.8129 -0.4973
vn 0.2502 0.4439 0.8604
vn 0.4266 0.8193 0.3831
vn 0.4610 0.3230 0.8266
vn 0.5902 0.8069 -0.0244
vn 0.2471 0.9554 0.1618
vn 0.0727 0.9791 -0.1900
vn 0.4713 0.8758 0.1045
vn 0.3763 0.8606 0.3431
vn -0.0034 -0.2468 -0.9691
vn -0.2366 0.4863 0.8411
vn 0.5587 0.3722 -0.7412
vn 0.1238 0.4073 -0.9048
vn 0.5581 0.3729 -0.7413
vn 0.9237 0.0578 0.3787
vn 0.1565 0.5129 0.8440
vn 0.3734 -0.0274 -0.9273
vn 0.6514 0.3522 -0.6720
vn 0.9406 0.1451 -0.3070
vn 0.7046 -0.7048 0.0821
vn 0.6886 0.6183 -0.3787
vn 0.9204 0.3179 -0.2276
vn 0.8017 -0.3883 0.4545
vn -0.7161 0.6946 0.0690
vn 0.8467 -0.0821 -0.5257
vn 0.8294 -0.2463 0.5014
vn 0.9554 -0.2887 -0.0624
vn 0.5999 -0.2686 -0.7537
vn -0.3706 0.3453 0.8622
vn 0.5245 -0.8509 0.0289
vn 0.3393 0.6303 -0.6983
vn 0.9037 0.2304 -0.3608
vn 0.3999 -0.7185 -0.5690
vn 0.0058 0.9756 -0.2196
vn 0.3757 -0.7295 -0.5715
vn -0.5443 0.5276 -0.6522
vn 0.1919 -0.5763 -0.7944
vn 0.4556 0.7635 0.4577
vn 0.1713 0.9637 -0.2050
vn -0.8974 0.2684 0.3503
vn 0.1373 -0.7992 0.5852
vn 0.5542 0.8324 0.0007
vn 0.3766 -0.7278 -0.5731
vn 0.6316 0.3199 -0.7062
vn 0.3793 0.6243 -0.6830
vn -0.0738 -0.1883 -0.9793
vn -0.1193 0.8265 -0.5502
vn -0.2273 0.2170 -0.9493
vn -0.6201 0.0360 -0.7837
vn -0.2637 0.8330 -0.4864
vn -0.5697 0.5269 -0.6307
vn 0.4517 0.4158 -0.7893
vn 0.9181 0.3715 -0.1383
vn -0.2940 0.9506 0.1001
vn 0.1621 -0.0703 0.9843
vn 0.9256 0.1496 0.3476
vn 0.0592 0.7568 0.6509
vn -0.2526 0.8585 -0.4464
vn 0.1851 0.9823 -0.0287
vn -0.1078 0.7685 0.6307
vn 0.6244 0.6497 0.4336
vn -0.1663 -0.2841 0.9443
vn -0.9478 0.2186 0.2324
vn -0.8211 0.1192 0.5582
vn -0.8551 0.2331 0.4631
vn 0.3434 0.3612 0.8670
vn 0.4240 0.8884 0.1758
vn -0.2226 0.8589 -0.4611
vn 0.6228 0.6543 -0.4289
vn 0.1246 -0.7506 -0.6489
vn 0.2332 0.6714 -0.7035
vn -0.0462 0.8327 -0.5518
vn -0.6313 0.5058 -0.5879
vn -0.1350 0.9181 0.3726
vn 0.8996 0.3885 -0.1997
vn -0.0660 -0.9975 -0.0258
vn 0.2030 0.9437 -0.2611
vn -0.2016 0.9746 -0.0977
vn -0.9428 -0.3128 0.1152
vn 0.5072 0.6731 0.5382
vn -0.5914 -0.4382 -0.6769
vn 0.8210 -0.5669 -0.0677
vn -0.4549 -0.5611 -0.6915
vn -0.9918 0.1268 -0.0165
vn 0.1510 -0.9010 -0.4068
vn -0.3157 0.7679 -0.5574
vn 0.1318 0.0731 -0.9886
vn -0.1384 0.6530 -0.7446
vn -0.7951 0.2483 -0.5532
vn -0.8289 0.4492 -0.3333
vn -0.1108 0.9847 0.1346
vn 0.7208 -0.6623 -0.2044
vn 0.0967 0.9297 0.3555
vn -0.8123 0.4132 0.4116
vn -0.1027 0.2990 0.9487
vn -0.3590 0.8476 0.3908
vn -0.4600 0.8174 -0.3469
vn -0.4856 0.8514 -0.1982
vn -0.1826 0.9826 0.0338
vn 0.3669 0.9298 -0.0285
vn -0.5778 -0.2391 -0.7804
vn -0.9150 0.4031 0.0189
vn -0.9211 0.0182 0.3888
vn 0.9019 -0.1796 0.3929
vn 0.0310 -0.2210 0.9748
vn -0.9439 -0.1532 0.2926
vn -0.4819 0.5754 0.6608
vn -0.6941 -0.3574 0.6249
vn -0.7231 0.3443 0.5988
vn -0.5426 -0.8278 0.1424
vn -0.5509 0.6379 -0.5382
vn 0.2403 0.8760 -0.4181
vn 0.3690 -0.1981 0.9080
vn 0.7554 -0.1697 0.6330
vn 0.5732 0.7458 0.3396
vn -0.2100 0.6196 -0.7563
vn 0.7989 -0.5995 0.0494
vn -0.4952 0.4447 -0.7464
vn 0.2270 0.4358 0.8709
vn 0.4514 0.2560 -0.8548
vn -0.8798 0.3196 0.3518
vn 0.6323 0.2436 0.7354
vn 0.9551 0.1414 0.2603
vn 0.1162 0.5067 -0.8543
vn 0.2090 -0.6835 -0.6994
vn 0.1003 0.7280 0.6782
vn -0.1042 -0.6432 -0.7586
vn 0.5574 0.7508 -0.3544
vn 0.1654 -0.7133 0.6810
vn -0.1895 0.4178 0.8885
vn -0.5791 -0.5461 -0.6054
vn -0.7399 0.4675 0.4838
vn -0.7020 0.6967 0.1474
vn -0.8861 0.4450 0.1294
vn -0.8215 -0.5298 0.2108
vn -0.9356 -0.1828 -0.3019
vn -0.9315 -0.3291 0.1547
vn -0.9737 0.1757 -0.1451
vn -0.7336 -0.4755 0.4855
vn -0.5249 -0.1569 0.8366
vn -0.5704 -0.3088 0.7611
vn -0.6038 -0.2818 -0.7457
vn -0.8474 0.2772 -0.4528
vn -0.8760 0.0483 -0.4798
vn 0.3276 0.0977 -0.9397
vn -0.5387 -0.3505 -0.7661
vn 0.0201 0.2153 0.9764
vn -0.6876 -0.0236 0.7257
vn -0.1635 0.9846 0.0627
vn -0.3276 0.0899 0.9405
vn -0.6506 -0.4344 0.6229
vn -0.0128 0.6140 0.7892
vn -0.2335 -0.1096 0.9662
vn -0.6319 0.5130 0.5809
vn -0.8870 0.1630 0.4320
vn -0.6840 -0.4084 0.6044
vn -0.4745 0.5350 0.6991
vn -0.1652 0.7150 0.6793
vn 0.5923 -0.4176 0.6891
vn 0.6210 0.7307 -0.2834
vn -0.8931 0.3741 0.2499
vn -0.7800 0.0327 0.6249
vn -0.0821 -0.2903 0.9534
vn -0.2402 0.4039 0.8827
vn -0.0482 -0.3581 0.9324
vn -0.3944 -0.0437 0.9179
vn -0.7090 0.2604 0.6554
vn -0.9809 0.0701 0.1812
vn -0.7538 -0.1133 0.6472
vn 0.2859 0.6119 0.7374
vn 0.3983 -0.4120 0.8195
vn -0.8947 -0.4424 0.0614
vn -0.7463 -0.0733 0.6615
vn -0.6734 0.2158 0.7071
vn -0.0806 -0.9911 -0.1062
vn 0.2991 -0.7482 0.5922
vn -0.2618 -0.8714 -0.4149
vn -0.9443 -0.1532 0.2913
vn -0.7001 -0.5066 0.5031
vn -0.6125 -0.6582 -0.4377
vn 0.2481 -0.9575 0.1471
vn -0.6882 -0.4276 -0.5861
vn -0.5151 -0.8448 -0.1447
vn -0.2278 -0.8390 0.4941
vn 0.1671 -0.9854 -0.0333
vn -0.9467 -0.1959 0.2557
vn -0.0296 -0.8827 0.4690
vn -0.4181 -0.5172 -0.7468
vn -0.9089 0.3978 -0.1251
vn -0.9654 0.2327 -0.1174
vn -0.6403 -0.0628 0.7656
vn 0.6585 -0.7378 -0.1485
vn -0.7531 0.4782 0.4518
vn -0.9907 -0.1124 0.0773
vn 0.3632 -0.0518 -0.9303
vn -0.9189 -0.3764 -0.1180
vn -0.8440 -0.5130 -0.1566
vn -0.3349 -0.1588 -0.9288
vn -0.6612 0.2152 -0.7186
vn -0.7389 -0.6739 -0.0037
vn -0.8841 0.0194 -0.4670
vn -0.9860 -0.0524 -0.1584
vn -0.8068 -0.2027 0.5550
vn -0.4743 0.1206 -0.8721
vn 0.0193 0.1618 -0.9866
vn -0.6140 0.5668 0.5493
vn -0.8055 0.5704 0.1606
vn -0.6745 0.7340 0.0796
vn -0.6650 0.4079 0.6256
vn -0.4870 -0.4658 -0.7388
vn -0.9944 -0.1014 0.0304
vn -0.9879 -0.1246 -0.0920
vn 0.6038 0.7418 -0.2918
vn -0.5100 0.6752 0.5330
vn 0.2982 0.4255 -0.8544
vn 0.8794 -0.4344 0.1950
vn -0.8020 -0.3116 0.5096
vn 0.5883 -0.8066 -0.0576
vn 0.4697 -0.8120 -0.3464
vn -0.8332 -0.3878 -0.3943
vn -0.3568 -0.9289 -0.0991
vn 0.4079 0.9119 0.0451
vn 0.6322 -0.3741 -0.6785
vn 0.6472 -0.1069 -0.7547
vn -0.1591 -0.0480 -0.9861
vn 0.3090 -0.5311 -0.7889
vn -0.5806 0.5679 -0.5834
vn -0.7617 0.0477 -0.6461
vn -0.6875 -0.5944 -0.4172
vn -0.4456 -0.8175 -0.3648
vn -0.5002 -0.3614 -0.7869
vn 0.3320 -0.4910 -0.8054
vn 0.4896 -0.3644 0.7921
vn -0.2638 0.6353 -0.7258
vn -0.2998 0.4853 -0.8213
vn -0.5257 -0.4338 -0.7318
vn 0.6108 0.3416 -0.7143
vn 0.4102 -0.8093 -0.4205
vn 0.6073 0.3084 -0.7322
vn -0.8038 -0.1095 0.5847
vn -0.8111 0.4233 -0.4036
vn -0.2940 -0.5783 -0.7610
vn -0.5074 -0.8050 -0.3076
vn -0.6703 0.1677 -0.7229
vn -0.0081 0.8126 0.5828
vn -0.7007 0.3853 -0.6005
vn -0.6109 -0.7753 0.1601
vn -0.5091 0.2441 -0.8253
vn -0.1244 -0.6709 -0.7310
vn -0.2739 0.2538 -0.9276
vn -0.6494 0.2284 -0.7254
vn 0.6556 0.6835 -0.3211
vn 0.9552 -0.0963 -0.2799
vn 0.9871 0.0122 -0.1594
vn 0.9773 0.0263 -0.2104
vn 0.5950 0.5860 -0.5501
vn 0.8008 0.4199 -0.4271
vn 0.8220 0.3517 -0.4479
vn 0.7421 -0.6691 0.0403
vn 0.9532 -0.2940 -0.0703
vn 0.7058 -0.3030 -0.6403
vn 0.1499 -0.9882 -0.0326
vn 0.9565 -0.0972 -0.2752
vn 0.9079 -0.2888 0.3037
vn 0.7229 -0.6608 -0.2016
vn 0.1023 -0.9704 -0.2189
vn -0.0977 -0.9651 -0.2431
vn 0.8478 -0.5280 0.0501
vn 0.2346 -0.8305 -0.5052
vn 0.3422 -0.9392 -0.0289
vn 0.1775 -0.8367 -0.5181
vn 0.6953 -0.6845 -0.2193
vn 0.3823 -0.7086 -0.5931
vn 0.4305 -0.5354 -0.7267
vn 0.8512 -0.4239 -0.3096
vn 0.7628 -0.2160 -0.6095
vn 0.7075 -0.2366 -0.6659
vn 0.9941 0.0008 -0.1087
vn 0.8281 0.5603 -0.0188
vn 0.8413 -0.0293 -0.5397
vn 0.8767 0.2395 0.4171
vn 0.4346 0.0210 -0.9004
vn -0.0184 0.2250 -0.9742
vn 0.1731 -0.1417 -0.9747
vn 0.5849 0.6989 -0.4115
vn 0.8789 0.4137 -0.2374
vn 0.8883 0.3384 -0.3103
vn 0.4697 0.7294 -0.4973
vn 0.6926 0.3555 -0.6276
vn 0.9204 0.3294 -0.2108
vn 0.9146 -0.2934 -0.2781
vn 0.6496 -0.4239 -0.6311
vn 0.8973 -0.2784 -0.3424
vn 0.6459 -0.0274 -0.7629
vn 0.8082 0.1216 -0.5762
vn 0.9018 0.1070 -0.4186
vn -0.9129 -0.3748 0.1618
vn 0.9299 0.3515 -0.1086
vn 0.9313 0.2647 0.2504
vn 0.3197 0.8456 -0.4276
vn 0.3284 0.8128 -0.4811
vn 0.0428 0.9010 -0.4317
vn 0.9428 -0.2337 -0.2377
vn 0.9511 0.1339 0.2784
vn 0.9590 -0.2203 0.1782
vn 0.9487 0.2664 -0.1702
vn 0.9082 0.1769 0.3794
vn 0.0412 0.8293 -0.5572
vn 0.9706 -0.2260 0.0825
vn 0.1016 0.8385 -0.5354
vn 0.3344 0.4801 -0.8109
vn 0.4730 0.7156 -0.5139
vn 0.7584 0.3133 -0.5716
vn 0.0993 0.8074 -0.5815
vn 0.5378 0.0645 -0.8406
vn 0.1145 0.1014 -0.9882
vn 0.8926 -0.3940 -0.2190
vn 0.9494 -0.2493 0.1909
vn 0.2698 0.5319 -0.8027
vn 0.0891 0.5139 -0.8532
vn 0.4528 0.1128 -0.8844
vn 0.8652 -0.4116 -0.2865
vn 0.8664 -0.4694 -0.1703
vn 0.5045 0.2348 -0.8309
vn -0.6000 0.0115 -0.7999
vn 0.7263 -0.3629 -0.5837
vn 0.6113 0.0604 -0.7891
vn 0.5465 0.0777 -0.8338
vn 0.7581 -0.2122 -0.6166
vn 0.6252 0.5372 -0.5662
vn 0.6912 -0.5483 0.4707
vn 0.2416 -0.7448 0.6220
vn 0.5821 0.6995 -0.4146
vn 0.9642 0.0405 -0.2622
vn 0.1632 0.5195 0.8388
vn 0.9319 -0.3390 -0.1289
vn 0.6187 -0.6887 -0.3781
vn 0.6607 -0.6186 -0.4252
vn 0.3245 -0.7041 -0.6317
vn 0.3784 0.1048 -0.9197
vn -0.2880 0.1945 0.9377
vn 0.7197 -0.6727 -0.1720
vn 0.5719 0.3086 0.7601
vn 0.4144 0.0101 0.9100
vn 0.7120 0.3528 -0.6072
vn 0.5702 0.3995 -0.7178
vn 0.4319 0.0505 -0.9005
vn 0.5833 -0.4790 -0.6560
vn 0.3904 0.0282 -0.9202
vn -0.0824 -0.1963 -0.9771
vn -0.2497 0.4490 -0.8579
vn 0.1446 -0.1861 -0.9718
vn 0.0618 0.3399 -0.9384
vn 0.2028 -0.3275 -0.9228
vn 0.6647 -0.6321 -0.3983
vn -0.2481 -0.4515 -0.8571
vn 0.2779 0.3297 -0.9023
vn 0.2954 -0.2812 -0.9131
vn 0.1348 -0.5706 -0.8101
vn -0.1355 -0.6332 -0.7620
vn 0.3416 0.8502 -0.4006
vn 0.2692 -0.8386 -0.4737
vn 0.2588 -0.8274 -0.4984
vn 0.1127 0.7718 -0.6258
vn -0.5526 0.1724 -0.8154
vn 0.2375 -0.8526 -0.4656
vn -0.9399 -0.2936 0.1744
vn -0.1125 -0.6004 -0.7917
vn -0.1114 -0.5790 -0.8077
vn -0.9920 0.0091 -0.1256
vn 0.5127 0.3135 -0.7992
vn -0.1593 0.6567 -0.7371
vn 0.3835 0.5574 -0.7364
vn 0.0540 0.4358 -0.8984
vn -0.2014 0.1892 -0.9611
vn -0.3687 0.2861 -0.8845
vn -0.4240 -0.3085 -0.8515
vn -0.3611 0.2791 -0.8898
vn 0.1520 0.0385 -0.9876
vn 0.3482 -0.1442 -0.9263
vn -0.1242 -0.2888 -0.9493
vn -0.0579 -0.7028 -0.7090
vn -0.0452 -0.6552 -0.7541
vn -0.4289 -0.1354 -0.8931
vn -0.3417 -0.9232 -0.1761
vn 0.0862 -0.4201 -0.9034
vn -0.5752 -0.6552 -0.4897
vn -0.2833 -0.2098 -0.9358
vn -0.0674 -0.2105 -0.9753
vn -0.0445 -0.9617 -0.2705
vn 0.4455 -0.7616 -0.4706
vn -0.1238 -0.9106 -0.3942
vn 0.4651 -0.8307 -0.3059
vn 0.1915 -0.0465 -0.9804
vn 0.7267 -0.6831 0.0723
vn -0.0848 -0.6744 -0.7334
vn 0.0001 -0.4203 -0.9074
vn 0.2801 -0.4452 -0.8505
vn 0.4784 -0.2130 -0.8519
vn 0.3838 -0.8285 -0.4078
vn 0.7270 -0.6828 0.0723
vn 0.4480 -0.7989 -0.4012
vn 0.9655 -0.1389 0.2204
vn 0.6369 -0.5105 0.5777
vn 0.6027 -0.6197 0.5028
vn 0.7450 -0.5963 0.2990
vn 0.7289 -0.6836 0.0373
vn 0.6743 0.7109 -0.1998
vn 0.7111 0.6416 -0.2875
vn 0.7859 0.3017 -0.5398
vn 0.7597 0.6060 -0.2361
vn 0.9211 0.0801 -0.3809
vn 0.8839 -0.1372 -0.4472
vn 0.8868 -0.1537 -0.4359
vn 0.6127 -0.7631 -0.2058
vn 0.7453 -0.1166 -0.6565
vn 0.4400 -0.3644 -0.8208
vn 0.4296 -0.8666 -0.2538
vn 0.4919 -0.6205 -0.6107
vn 0.0415 -0.8713 -0.4890
vn 0.0459 -0.5912 -0.8052
vn 0.4428 -0.3579 -0.8221
vn -0.5859 -0.0810 -0.8063
vn 0.7082 -0.2289 0.6679
vn 0.1669 0.9651 0.2019
vn -0.0817 -0.7147 -0.6946
vn 0.6562 -0.6957 -0.2923
vn -0.2950 -0.4904 -0.8201
vn 0.1011 -0.7607 -0.6412
vn 0.5936 -0.3965 -0.7003
vn 0.4386 -0.3894 -0.8099
vn 0.1238 -0.9018 0.4140
vn -0.0043 -0.8803 0.4744
vn -0.2158 -0.8836 0.4155
vn -0.0346 -0.9969 -0.0713
vn -0.0761 -0.9951 -0.0628
vn 0.8058 -0.4835 0.3420
vn 0.7061 -0.1579 -0.6903
vn 0.7565 -0.4512 0.4735
vn 0.6636 -0.2739 -0.6962
vn 0.2103 -0.9658 0.1515
vn 0.3223 -0.8634 -0.3881
vn 0.5565 -0.7808 0.2838
vn 0.7214 -0.6302 -0.2871
vn 0.5381 -0.8425 -0.0262
vn 0.5330 -0.8182 0.2158
vn 0.9733 -0.1897 -0.1290
vn 0.9961 -0.0838 -0.0276
vn 0.8878 -0.2395 0.3930
vn 0.7887 -0.5014 0.3558
vn 0.8945 -0.0730 -0.4410
vn 0.1590 -0.9812 0.1095
vn 0.8152 0.0699 -0.5749
vn 0.9618 0.0071 -0.2737
vn 0.9900 0.1352 -0.0404
vn 0.9706 0.2403 -0.0113
vn 0.7293 -0.2889 -0.6202
vn 0.7759 -0.4844 -0.4041
vn 0.6398 -0.7534 0.1518
vn -0.2376 0.9274 0.2889
vn 0.2985 -0.9211 -0.2498
vn 0.2139 -0.9471 -0.2391
vn 0.0034 -0.9842 0.1773
vn -0.3537 -0.9030 -0.2440
vn -0.3540 -0.9342 -0.0456
vn -0.0689 -0.8882 -0.4543
vn -0.0316 -0.7271 -0.6858
vn 0.0858 -0.6626 -0.7440
vn 0.3273 -0.6378 -0.6972
vn 0.5123 -0.6915 -0.5093
vn 0.9253 -0.3604 0.1185
vn 0.1608 -0.7352 0.6585
vn 0.1537 -0.7395 0.6553
vn 0.3412 -0.7618 0.5507
vn 0.2826 -0.9580 0.0497
vn -0.0330 -0.9621 -0.2707
vn 0.1800 -0.8909 -0.4170
vn -0.0994 -0.9567 -0.2736
vn 0.2008 -0.3797 -0.9031
vn 0.4334 -0.6443 -0.6301
vn 0.8963 -0.2700 0.3518
vn 0.8676 -0.2740 0.4150
vn -0.0945 -0.9741 -0.2056
vn 0.0787 -0.9969 -0.0047
vn 0.9676 0.2235 0.1175
vn 0.9807 0.1903 0.0440
vn 0.2323 0.6245 0.7456
vn 0.3045 0.6982 0.6479
vn 0.6989 0.2603 0.6662
vn 0.5290 -0.1447 0.8362
vn -0.4079 -0.1888 -0.8933
vn -0.4155 0.1962 -0.8882
vn -0.3781 0.2020 -0.9035
vn -0.4870 -0.0504 -0.8720
vn -0.6808 0.5389 -0.4960
vn -0.2960 -0.9482 -0.1152
vn -0.4582 -0.2861 -0.8415
vn 0.2031 0.4000 -0.8937
vn 0.1109 0.4051 -0.9075
vn -0.1374 0.3351 -0.9321
vn -0.8297 -0.2188 -0.5135
vn 0.8692 -0.0808 0.4878
vn -0.7925 0.4454 -0.4166
vn -0.9121 -0.1710 -0.3725
vn 0.3509 -0.7762 0.5239
vn -0.2266 0.8745 -0.4289
vn -0.1336 -0.7189 -0.6821
vn -0.1456 0.9219 0.3591
vn -0.8055 -0.0768 0.5876
vn 0.1307 0.0701 -0.9889
vn -0.0773 -0.2063 -0.9754
vn -0.2065 -0.7095 -0.6738
vn 0.1104 0.6265 0.7716
vn 0.3028 -0.1954 -0.9328
vn 0.3184 -0.9369 0.1446
vn 0.3841 0.4461 0.8084
vn 0.2586 -0.9219 0.2886
vn -0.3995 0.0715 0.9139
vn 0.4355 -0.1136 -0.8930
vn 0.6140 -0.6702 -0.4170
vn 0.9142 0.3738 0.1565
vn 0.6292 0.7756 0.0515
vn 0.6738 -0.5312 0.5136
vn -0.1765 0.5077 0.8432
vn 0.0071 -0.0086 -0.9999
vn -0.1555 -0.1246 -0.9799
vn -0.3518 0.3551 -0.8661
vn 0.2495 -0.0085 -0.9683
vn 0.3271 -0.9449 -0.0129
vn -0.5894 -0.5565 0.5856
vn 0.9225 0.1234 0.3657
vn 0.2019 -0.6854 -0.6997
vn 0.3288 -0.2149 -0.9196
vn 0.3038 -0.1952 -0.9325
vn 0.4278 -0.6220 -0.6558
vn 0.1807 -0.8675 -0.4634
vn -0.6609 0.5913 -0.4621
vn 0.5815 -0.7977 -0.1600
vn -0.8149 0.4222 0.3971
vn 0.2020 -0.9720 0.1198
vn 0.5212 -0.6407 0.5638
vn 0.8585 0.4912 -0.1476
vn 0.7110 0.6198 0.3322
vn 0.8899 0.0038 -0.4561
vn 0.8278 0.0912 -0.5535
vn 0.6174 0.5638 -0.5485
vn 0.7854 0.0465 -0.6173
vn 0.7373 -0.1510 -0.6585
vn 0.6280 0.5006 -0.5959
vn 0.7172 0.2298 -0.6579
vn 0.6576 -0.7451 0.1113
vn 0.6760 0.3636 0.6409
vn 0.9030 0.3952 0.1685
vn 0.9717 0.2106 0.1073
vn 0.9864 0.1598 -0.0389
vn 0.9111 0.3424 -0.2296
vn 0.3971 -0.3940 0.8289
vn 0.6873 0.3460 0.6386
vn -0.1723 0.8405 0.5136
vn 0.5383 -0.7669 -0.3494
vn 0.2848 -0.4368 -0.8533
vn 0.8263 0.2027 -0.5256
vn 0.2497 -0.1187 -0.9610
vn 0.4402 0.0212 -0.8977
vn 0.3308 -0.9379 -0.1046
vn 0.2719 -0.6868 0.6740
vn 0.2542 -0.0639 0.9650
vn 0.9310 -0.2233 -0.2887
vn 0.4922 -0.7215 -0.4870
vn 0.3792 -0.9190 -0.1082
vn 0.3154 -0.9485 0.0298
vn 0.5567 -0.6736 0.4862
vn 0.6211 0.0377 0.7828
vn 0.5767 -0.4865 0.6563
vn 0.8172 -0.4092 0.4059
vn 0.9353 0.3288 -0.1309
vn 0.9315 -0.1286 0.3403
vn 0.9839 -0.0507 0.1714
vn 0.7954 0.1926 -0.5747
vn 0.7499 -0.2090 -0.6277
vn 0.9571 -0.2829 -0.0619
vn 0.8051 -0.2641 -0.5311
vn 0.7951 -0.4670 -0.3869
vn 0.9852 -0.0355 -0.1677
vn 0.5432 -0.4654 -0.6988
vn 0.5694 -0.6271 -0.5315
vn 0.4083 -0.9104 -0.0671
vn 0.6862 -0.6052 -0.4037
vn 0.6592 -0.7503 -0.0506
vn 0.7375 -0.6714 0.0722
vn 0.4277 -0.7568 0.4942
vn 0.9611 0.2737 -0.0375
vn 0.8852 -0.1160 -0.4506
vn 0.6520 -0.4191 0.6319
vn 0.9545 -0.2061 0.2157
vn 0.6854 -0.6508 -0.3267
vn 0.7593 -0.3959 -0.5164
vn 0.6324 -0.7127 -0.3036
vn 0.6995 -0.6652 -0.2611
vn 0.6539 -0.7269 0.2097
vn 0.6583 -0.5000 -0.5628
vn 0.5328 -0.4710 -0.7031
vn 0.0716 -0.5646 0.8222
vn 0.7027 0.6658 0.2508
vn 0.8448 0.5168 0.1389
vn 0.6569 0.5053 0.5596
vn 0.9428 -0.1353 0.3045
vn 0.7430 -0.0938 0.6627
vn 0.8171 0.5340 -0.2171
vn 0.8137 0.5382 -0.2198
vn 0.6285 -0.4787 0.6130
vn 0.6399 0.0561 0.7664
vn 0.9106 -0.3159 -0.2666
vn 0.9118 -0.3131 -0.2658
vn 0.8944 -0.3722 -0.2481
vn 0.9658 0.0623 0.2518
vn 0.7693 -0.3235 0.5508
vn 0.6816 -0.6976 0.2207
vn 0.8428 -0.4364 0.3149
vn 0.6248 -0.7796 -0.0431
vn 0.7828 0.1199 -0.6107
vn 0.9880 -0.1530 0.0198
vn 0.4024 0.0615 -0.9134
vn 0.9884 -0.0336 -0.1478
vn 0.9060 -0.4100 -0.1053
vn 0.6091 -0.2198 -0.7620
vn 0.6912 -0.5126 -0.5094
vn 0.7587 -0.5632 -0.3274
vn 0.5428 -0.4224 0.7259
vn 0.7442 0.1704 0.6459
vn 0.7353 0.1977 0.6483
vn 0.4284 0.3928 0.8137
vn 0.7795 -0.6012 0.1760
vn 0.8694 -0.4810 0.1128
vn 0.7545 -0.1719 0.6334
vn 0.9235 -0.2026 0.3257
vn 0.9833 0.1082 0.1461
vn 0.9404 0.2690 0.2083
vn 0.4979 -0.8285 0.2564
vn 0.9082 -0.1373 -0.3954
vn 0.9429 0.0173 0.3327
vn 0.6412 -0.6605 0.3906
vn 0.6882 -0.5591 0.4623
vn 0.9168 0.0438 0.3970
vn 0.9995 -0.0219 0.0231
vn 0.9156 -0.3842 -0.1185
vn 0.9491 -0.2412 0.2028
vn 0.8765 0.4609 0.1389
vn 0.4606 0.7412 0.4884
vn 0.8968 0.1255 0.4242
vn 0.9661 0.1462 0.2128
vn 0.8766 0.4766 0.0663
vn 0.3934 -0.7421 0.5426
vn 0.9323 0.2025 -0.2997
vn 0.9760 0.1447 -0.1627
vn 0.9349 0.2062 -0.2890
vn 0.9210 0.2847 -0.2661
vn 0.8450 -0.3789 -0.3773
vn 0.4691 -0.1279 0.8739
vn 0.4617 -0.3681 0.8070
vn 0.7510 -0.4347 -0.4971
vn 0.8196 -0.2077 -0.5340
vn 0.6232 -0.5278 -0.5771
vn 0.1878 -0.5182 0.8344
vn 0.5299 0.4066 -0.7442
vn -0.1132 -0.4294 0.8960
vn 0.4701 0.8085 0.3541
vn 0.0461 0.7080 0.7047
vn 0.4317 0.6254 0.6500
vn 0.7365 0.2928 0.6098
vn 0.3518 -0.8278 0.4369
vn 0.2447 -0.9109 0.3323
vn -0.1508 0.0663 0.9863
vn 0.2550 -0.9381 0.2346
vn 0.1053 -0.9933 0.0477
vn 0.9191 -0.1987 0.3403
vn 0.4154 -0.8356 -0.3595
vn 0.6873 -0.7187 -0.1054
vn 0.3966 -0.8197 -0.4133
vn 0.9876 0.1568 0.0004
vn 0.9123 -0.1651 0.3746
vn 0.6481 -0.7609 0.0318
vn 0.7966 -0.4468 0.4071
vn 0.5648 -0.5022 0.6549
vn 0.4466 -0.2368 0.8629
vn 0.8915 -0.3024 0.3372
vn -0.1792 -0.8537 -0.4891
vn 0.5496 -0.3261 -0.7692
vn 0.6767 -0.1799 0.7139
vn 0.6330 -0.1919 0.7500
vn 0.6266 -0.0630 0.7768
vn 0.2471 -0.7542 0.6084
vn 0.4077 0.1409 0.9022
vn 0.0772 0.3978 0.9142
vn -0.3563 -0.5842 0.7292
vn -0.5268 -0.6869 0.5006
vn -0.0556 -0.9796 0.1930
vn 0.2892 -0.8689 0.4017
vn 0.0169 -0.8187 0.5739
vn -0.0923 -0.9309 0.3534
vn -0.4975 -0.7589 0.4202
vn -0.4265 -0.3676 0.8264
vn -0.3638 -0.4601 0.8099
vn 0.1156 -0.5000 0.8583
vn 0.1491 0.0722 0.9862
vn -0.2989 -0.0105 0.9542
vn -0.3857 -0.7227 0.5736
vn 0.7272 -0.6710 0.1449
vn 0.7644 -0.6446 0.0134
vn 0.6272 -0.7787 0.0163
vn 0.6321 -0.7739 -0.0391
vn -0.8671 -0.1715 0.4676
vn -0.5258 -0.7132 0.4636
vn -0.5271 -0.6987 0.4838
vn -0.2290 -0.9084 0.3498
vn -0.1154 -0.9928 0.0325
vn -0.1562 -0.8953 0.4172
vn 0.2066 0.0389 0.9777
vn -0.7164 -0.5321 0.4512
vn 0.5594 -0.2530 0.7893
vn 0.2049 0.1158 0.9719
vn -0.2326 -0.6985 0.6767
vn 0.0512 -0.5338 0.8440
vn 0.2619 -0.5725 0.7769
vn 0.4144 -0.3580 0.8368
vn -0.6226 0.7410 -0.2514
vn 0.8156 -0.1603 0.5559
vn 0.6943 -0.1090 0.7114
vn 0.6878 -0.5440 0.4807
vn 0.5074 0.2075 0.8364
vn 0.0208 -0.1884 -0.9819
vn 0.9262 -0.3298 0.1829
vn 0.4433 -0.5674 0.6939
vn -0.6299 -0.4969 0.5969
vn 0.5400 0.1969 0.8183
vn 0.3413 0.4308 0.8354
vn 0.2765 -0.6647 0.6941
vn 0.0408 -0.6527 0.7565
vn 0.2300 -0.5589 0.7967
vn -0.3621 -0.6591 0.6592
vn -0.7221 -0.0354 0.6909
vn -0.4160 -0.2283 0.8802
vn -0.2897 -0.0246 0.9568
vn -0.2819 -0.1587 0.9462
vn -0.0006 -0.2831 0.9591
vn -0.0756 0.2712 0.9595
vn 0.5614 0.1938 0.8045
vn -0.0240 -0.8353 0.5492
vn 0.1272 -0.7989 0.5878
vn 0.2639 -0.5903 0.7628
vn 0.0505 -0.7656 0.6414
vn 0.6335 -0.4461 0.6322
vn 0.6203 -0.4280 0.6573
vn -0.0860 0.4139 0.9063
vn -0.0858 0.4138 0.9063
vn 0.2473 0.5329 0.8092
vn 0.5965 -0.0607 0.8003
vn 0.2452 -0.0536 0.9680
vn 0.5329 0.3149 0.7854
vn 0.2034 -0.0614 0.9772
vn 0.5696 0.8204 0.0510
vn 0.0370 0.8475 0.5295
vn 0.2755 0.5546 0.7852
vn 0.6874 -0.1527 0.7100
vn 0.3709 -0.0417 0.9277
vn 0.2483 0.5245 0.8144
vn 0.2357 0.1922 0.9526
vn -0.2010 0.2670 0.9425
vn 0.1555 -0.2146 0.9642
vn 0.1276 -0.3621 0.9233
vn -0.3133 0.5147 0.7981
vn -0.4731 0.2114 0.8553
vn -0.1071 -0.0018 0.9942
vn 0.0174 -0.1091 0.9939
vn 0.6278 -0.0791 0.7744
vn 0.4702 -0.3508 0.8099
vn 0.3503 -0.3876 0.8527
vn 0.9561 -0.2929 -0.0075
vn 0.5951 -0.6792 0.4296
vn 0.6445 -0.5931 0.4826
vn 0.9414 -0.3367 -0.0197
vn 0.8994 -0.2618 0.3500
vn 0.6792 -0.3795 0.6282
vn 0.8886 -0.4428 0.1199
vn 0.5136 -0.8393 0.1782
vn -0.6413 -0.7529 0.1476
vn 0.8352 -0.4680 -0.2889
vn 0.5791 0.8137 -0.0507
vn 0.8431 -0.3135 0.4369
vn 0.3388 0.7547 0.5618
vn 0.2625 0.6380 0.7239
vn 0.5999 0.7849 -0.1552
vn 0.1804 0.7625 -0.6214
vn 0.6246 0.7683 -0.1401
vn 0.5959 0.7978 -0.0916
vn 0.4518 -0.4831 0.7500
vn 0.6766 0.6833 0.2745
vn 0.9399 0.1724 0.2948
vn 0.6766 0.7360 -0.0242
vn 0.9906 -0.1317 0.0378
vn 0.9629 0.2288 0.1432
vn 0.8776 0.3537 -0.3236
vn -0.5870 0.7845 0.1998
vn -0.2366 0.8141 0.5304
vn 0.7106 0.4510 0.5401
vn 0.8270 0.5544 0.0937
vn 0.0013 0.6364 -0.7713
vn 0.7003 0.6563 0.2807
vn 0.3122 -0.9499 -0.0160
vn -0.3734 0.0831 0.9240
vn 0.0422 -0.9785 -0.2020
vn 0.2828 0.7878 0.5472
vn -0.4152 0.0282 0.9093
vn 0.3430 0.8029 0.4875
vn 0.4367 -0.8996 0.0044
vn 0.5926 -0.7595 -0.2683
vn 0.8177 -0.5454 0.1843
vn 0.4848 -0.7112 0.5092
vn -0.0643 0.6631 0.7457
vn -0.1826 0.8386 0.5132
vn 0.5708 -0.7324 0.3712
vn 0.8017 -0.5657 0.1928
vn 0.0107 -0.6543 0.7562
vn -0.1234 -0.6463 0.7531
vn 0.0604 -0.5128 0.8564
vn 0.3831 -0.8152 0.4343
vn -0.0541 -0.9882 0.1435
vn 0.0342 -0.9553 0.2935
vn 0.0582 0.7858 0.6157
vn 0.9436 0.3219 0.0767
vn -0.0806 0.1552 0.9846
vn -0.0504 -0.4164 0.9078
vn 0.1220 0.1749 0.9770
vn 0.8792 0.2060 0.4296
vn 0.8843 -0.3547 0.3038
vn 0.6178 -0.4050 0.6740
vn 0.0560 0.7712 0.6341
vn 0.3551 -0.2891 0.8890
vn -0.1085 -0.3827 0.9175
vn 0.7562 -0.4348 0.4891
vn 0.8479 0.0030 0.5302
vn 0.9322 0.2217 0.2862
vn 0.9754 0.1989 0.0948
vn 0.5285 -0.5381 0.6566
vn 0.3427 -0.2873 0.8944
vn 0.5619 0.1946 0.8040
vn 0.5879 0.1383 0.7970
vn 0.0596 0.6623 0.7468
vn 0.2604 0.2911 0.9206
vn 0.2795 0.7963 0.5364
vn 0.7195 0.5669 0.4011
vn -0.1075 0.9279 0.3570
vn -0.0061 -0.3093 0.9509
vn 0.3228 -0.0870 0.9425
vn 0.3512 -0.4137 0.8399
vn 0.3229 -0.3718 0.8703
vn 0.7626 -0.0126 0.6467
vn 0.1546 -0.2403 0.9583
vn -0.4477 -0.2290 -0.8643
vn 0.3039 0.2838 0.9094
vn 0.4909 0.3188 0.8107
vn 0.8929 0.4132 0.1787
vn 0.8963 -0.0271 -0.4427
vn 0.9954 0.0592 0.0747
vn 0.7116 0.6898 -0.1333
vn 0.3055 0.9512 -0.0424
vn 0.7974 0.5925 -0.1145
vn 0.6900 0.6657 -0.2842
vn 0.2546 0.8555 0.4509
vn 0.9800 -0.0857 0.1795
vn 0.7293 0.4564 0.5096
vn 0.7635 0.3377 0.5504
vn 0.6010 0.7560 0.2594
vn 0.7040 0.4861 0.5177
vn 0.8696 -0.3778 0.3179
vn 0.9296 0.2165 0.2984
vn 0.9919 0.0647 0.1091
vn 0.9883 -0.0214 0.1510
vn 0.9711 -0.2371 -0.0260
vn 0.9163 -0.3929 0.0771
vn 0.7807 -0.3502 -0.5175
vn 0.7729 -0.3643 -0.5195
vn 0.9231 -0.2385 -0.3017
vn 0.6578 -0.0106 -0.7531
vn 0.9563 0.0155 -0.2920
vn 0.9522 0.3037 0.0318
vn 0.7209 0.1488 -0.6769
vn 0.6555 -0.5985 0.4606
vn 0.5230 -0.5069 -0.6852
vn 0.5079 -0.0067 -0.8614
vn 0.3351 -0.2408 -0.9109
vn 0.9637 -0.2233 0.1460
vn -0.0899 -0.3174 0.9440
vn 0.5024 -0.1475 0.8520
vn 0.5829 -0.1288 0.8023
vn 0.4584 -0.8886 0.0152
vn 0.8388 -0.5424 0.0463
vn 0.6842 -0.6779 0.2689
vn 0.5239 -0.6782 0.5154
vn 0.2331 0.0166 0.9723
vn 0.4311 0.6972 0.5727
vn 0.5612 0.4943 0.6639
vn 0.3355 0.6581 0.6741
vn 0.5028 0.2051 0.8397
vn 0.5178 -0.7773 -0.3574
vn 0.7307 -0.6179 -0.2902
vn 0.3078 0.9454 -0.1067
vn 0.5252 0.6007 0.6028
vn 0.5629 0.7218 0.4027
vn 0.9354 0.2449 -0.2549
vn 0.8323 0.2703 -0.4840
vn -0.1215 0.9912 -0.0526
vn 0.0220 0.9404 0.3393
vn -0.2618 0.9649 0.0223
vn 0.0782 0.9808 0.1784
vn -0.0407 -0.9785 -0.2023
vn 0.6110 -0.4637 0.6416
vn 0.6366 0.7464 0.1940
vn 0.0450 0.2106 -0.9765
vn 0.2628 -0.3597 -0.8953
vn 0.3237 -0.8924 -0.3144
vn -0.9853 -0.1314 -0.1094
vn 0.3912 -0.0430 -0.9193
vn 0.6488 0.5998 -0.4683
vn 0.5649 0.7094 0.4216
vn 0.9074 -0.3787 -0.1821
vn 0.2309 -0.7762 -0.5867
vn 0.2702 -0.7949 -0.5433
vn -0.8752 -0.4423 -0.1960
vn -0.5253 0.4356 0.7310
vn -0.8918 0.4338 -0.1285
vn 0.0561 0.2117 -0.9757
vn -0.4596 0.2543 0.8509
vn -0.2156 0.3667 0.9050
vn -0.4399 0.2932 0.8488
vn -0.6225 0.2327 0.7472
vn -0.6565 0.0031 0.7543
vn -0.2706 -0.0524 0.9613
vn -0.1455 -0.6670 0.7307
vn -0.9638 0.0867 -0.2520
vn -0.9903 -0.0635 -0.1240
vn 0.5695 -0.1007 0.8158
vn 0.6119 0.3029 0.7306
vn -0.4707 -0.6057 -0.6415
vn 0.1893 0.6718 -0.7161
vn 0.2938 0.5286 -0.7964
vn 0.5236 0.5981 -0.6068
vn -0.1193 0.9916 0.0507
vn -0.8490 0.1318 -0.5117
vn 0.2620 0.9278 -0.2656
vn -0.0452 -0.9966 0.0685
vn -0.7833 0.0227 -0.6213
vn -0.1542 0.1285 -0.9797
vn -0.6008 0.1426 -0.7866
vn -0.4322 -0.1592 0.8876
vn -0.2738 -0.0630 0.9597
vn -0.4432 -0.2086 -0.8718
vn -0.2583 -0.6869 -0.6793
vn -0.7393 0.0688 -0.6698
vn -0.3223 -0.3094 -0.8946
vn -0.0785 -0.2185 -0.9727
vn -0.7360 -0.2089 -0.6439
vn 0.0675 -0.3987 0.9146
vn 0.3493 -0.8902 0.2925
vn -0.1636 -0.5278 0.8334
vn 0.2495 0.9349 0.2523
vn -0.8083 -0.3699 0.4581
vn -0.1101 0.2012 0.9733
vn 0.3178 0.6935 0.6465
vn 0.0301 0.9102 0.4130
vn -0.9350 0.2995 0.1898
vn 0.1065 0.8696 0.4821
vn 0.2848 0.9322 0.2233
vn -0.1481 0.0189 0.9888
vn -0.4540 -0.1570 0.8771
vn -0.3128 -0.7806 0.5411
vn 0.9216 -0.1166 0.3701
vn 0.8754 0.1408 0.4625
vn 0.1317 -0.0455 0.9902
vn -0.1491 -0.2935 0.9443
vn 0.7404 0.5152 0.4316
vn 0.9426 0.3190 -0.0989
vn 0.9138 0.3972 -0.0844
vn 0.4487 -0.2399 0.8609
vn 0.3796 -0.5664 0.7315
vn 0.9482 0.1130 0.2968
vn 0.9649 -0.0526 0.2574
vn 0.9961 -0.0757 -0.0461
vn 0.8581 -0.4566 -0.2350
vn 0.6525 0.3205 0.6867
vn 0.3219 -0.9112 0.2573
vn 0.9148 -0.1896 0.3566
vn -0.1812 -0.3163 0.9312
vn 0.3327 0.0462 0.9419
vn -0.1017 0.6053 0.7895
vn 0.9392 -0.1434 0.3119
vn 0.5455 -0.2975 0.7835
vn 0.7205 -0.2134 0.6598
vn 0.6227 -0.6503 0.4352
vn 0.5774 -0.3184 0.7518
vn 0.1495 0.5839 0.7979
vn 0.1413 -0.7480 0.6485
vn 0.1478 -0.6484 0.7468
vn -0.3627 0.4442 0.8193
vn -0.1309 -0.3524 -0.9267
vn -0.1384 0.4155 0.8990
vn -0.2916 0.7532 0.5896
vn 0.8846 -0.4519 0.1151
vn 0.7094 0.7044 -0.0235
vn -0.2439 -0.5400 0.8056
vn 0.5031 0.5143 0.6945
vn 0.4252 0.8552 0.2963
vn 0.4163 0.4402 0.7955
vn 0.0633 0.0625 0.9960
vn 0.3822 0.2411 0.8921
vn 0.2961 0.8411 0.4526
vn 0.9899 0.1357 0.0400
vn -0.2787 -0.6198 0.7336
vn -0.2891 -0.1792 0.9404
vn 0.0191 0.2507 0.9679
vn 0.0315 0.5591 -0.8285
vn 0.2801 -0.4683 0.8380
vn 0.7103 0.6639 0.2339
vn 0.4268 0.9041 0.0218
vn 0.1351 0.1313 0.9821
vn 0.5657 0.6578 0.4972
vn 0.1575 0.7742 0.6130
vn 0.9888 0.1356 -0.0619
vn 0.3578 0.2068 0.9106
vn 0.7840 -0.2278 0.5775
vn 0.6364 -0.1831 0.7493
vn 0.2413 0.5367 0.8085
vn 0.8708 0.3597 0.3352
vn 0.7824 0.3246 0.5316
vn 0.6240 -0.4637 0.6289
vn 0.7691 -0.2502 0.5882
vn 0.1109 -0.1211 0.9864
vn 0.2394 -0.4472 0.8618
vn 0.1615 -0.1678 0.9725
vn 0.0720 0.1555 0.9852
vn 0.0440 0.0859 0.9953
vn 0.6569 0.1283 0.7430
vn 0.7001 0.2150 0.6809
vn 0.3128 0.6655 0.6777
vn 0.0239 0.5700 0.8213
vn -0.1236 0.1014 0.9871
vn -0.2341 -0.1272 0.9638
vn 0.1426 0.1771 0.9738
vn -0.0133 0.7439 0.6681
vn 0.5612 0.4301 0.7071
vn 0.5839 0.6637 0.4676
vn 0.0904 0.9756 0.2003
vn -0.4446 0.8456 -0.2954
vn -0.3732 0.8409 0.3919
vn -0.5470 0.8286 0.1190
vn -0.3190 0.6267 0.7110
vn -0.4420 0.6276 0.6409
vn -0.3866 0.7065 0.5928
vn -0.0895 0.3478 0.9333
vn -0.1539 0.3297 0.9315
vn -0.0465 0.4585 -0.8875
vn -0.1490 0.3378 0.9293
vn 0.8933 0.2168 0.3936
vn 0.6281 0.6594 0.4132
vn 0.2701 0.8550 -0.4428
vn -0.7941 0.5855 0.1629
vn 0.6282 0.6692 0.3969
vn 0.3048 0.8601 -0.4091
vn 0.1721 0.5345 -0.8274
vn 0.1953 0.8784 0.4362
vn 0.2467 0.9154 -0.3182
vn 0.3281 0.8770 0.3510
vn -0.7237 -0.6180 -0.3072
vn 0.1887 0.8869 0.4217
vn 0.2665 0.9621 0.0581
vn 0.3903 0.9187 -0.0603
vn 0.9097 0.4153 0.0064
vn 0.3175 -0.5390 -0.7802
vn -0.9692 -0.0205 -0.2453
vn 0.4663 0.4501 0.7615
vn -0.0320 -0.4916 -0.8702
vn -0.8379 0.4930 -0.2344
vn -0.3273 0.9294 -0.1703
vn -0.5006 0.6773 -0.5391
vn -0.8854 0.2512 -0.3911
vn -0.6720 0.4635 -0.5775
vn -0.7909 0.4592 -0.4044
vn -0.6535 0.7176 -0.2408
vn -0.7957 0.5310 -0.2914
vn -0.5026 0.5585 -0.6598
vn 0.0698 0.4937 -0.8668
vn -0.4481 0.6572 -0.6060
vn 0.2029 0.8289 -0.5213
vn -0.4890 0.7929 -0.3635
vn 0.2399 0.8582 -0.4538
vn -0.1637 0.9785 -0.1253
vn 0.1014 0.9914 0.0821
vn -0.2291 0.8695 0.4375
vn 0.0993 0.6788 0.7276
vn 0.3503 0.8166 0.4587
vn -0.1693 0.7487 0.6410
vn -0.2944 0.4088 0.8638
vn 0.1032 0.5538 0.8262
vn -0.5350 0.1768 -0.8261
vn 0.0231 0.6442 -0.7645
vn 0.0381 0.8534 0.5198
vn 0.1176 0.3176 -0.9409
vn 0.3989 0.2604 -0.8792
vn 0.0444 0.5052 -0.8618
vn 0.3003 0.6227 -0.7225
vn 0.5401 0.4597 -0.7050
vn 0.6925 0.4422 -0.5700
vn 0.7807 0.6216 -0.0647
vn 0.6417 0.4939 -0.5868
vn 0.9132 0.2635 -0.3110
vn 0.8088 0.2802 0.5171
vn 0.5192 0.4333 0.7366
vn 0.8354 0.4591 0.3021
vn 0.4046 0.3636 0.8391
vn 0.8483 0.4567 0.2680
vn 0.8113 0.4405 -0.3842
vn 0.4803 0.7906 0.3798
vn 0.4384 0.6118 0.6584
vn 0.7669 0.6374 -0.0744
vn 0.5105 0.8516 0.1187
vn 0.3131 0.9496 -0.0139
vn 0.6811 0.6434 -0.3496
vn -0.0621 0.9060 0.4188
vn 0.3755 0.8898 0.2595
vn 0.6162 0.6426 0.4554
vn 0.1833 0.3478 0.9195
vn 0.6712 0.3882 0.6315
vn 0.3695 0.5483 0.7502
vn 0.5706 -0.0908 0.8162
vn 0.6015 0.7984 0.0289
vn 0.5070 -0.1224 0.8532
vn 0.5774 -0.0173 0.8163
vn 0.5704 0.8180 -0.0736
vn 0.1492 0.9883 0.0312
vn 0.1801 0.6309 -0.7546
vn 0.4624 0.7773 0.4266
vn 0.2438 0.9664 0.0813
vn 0.0638 0.4297 0.9007
vn 0.1446 0.3447 0.9275
vn 0.2182 0.7855 0.5791
vn -0.1250 0.9407 -0.3153
vn 0.3433 0.9125 0.2225
vn -0.1151 0.9851 0.1275
vn 0.3764 0.8495 -0.3698
vn 0.6716 0.7406 0.0226
vn 0.2440 0.7810 0.5749
vn 0.8335 0.5097 0.2132
vn 0.8296 0.5405 0.1404
vn 0.6611 -0.5928 0.4600
vn 0.5879 0.7699 -0.2483
vn 0.9073 0.1306 0.3997
vn 0.7187 -0.1296 0.6831
vn 0.8887 0.0150 0.4583
vn 0.9107 -0.3328 0.2448
vn 0.9272 -0.3674 -0.0727
vn 0.9427 -0.3330 -0.0219
vn -0.9441 0.3256 0.0512
vn 0.9866 0.0774 0.1435
vn 0.9514 0.2916 -0.0989
vn 0.9604 0.2588 -0.1033
vn 0.7260 0.5530 -0.4088
vn 0.3625 0.8699 -0.3345
vn 0.3606 0.8617 -0.3570
vn -0.1215 0.7899 -0.6011
vn -0.3487 0.5500 -0.7589
vn -0.0083 0.7727 -0.6347
vn 0.3832 -0.0678 -0.9212
vn 0.1833 -0.3690 -0.9112
vn -0.0873 0.1750 -0.9807
vn -0.1221 0.2256 -0.9665
vn -0.1658 -0.2676 -0.9492
vn -0.0345 0.2358 -0.9712
vn 0.8004 -0.1850 -0.5702
vn 0.7767 0.1734 -0.6056
vn 0.7404 -0.2116 -0.6380
vn 0.7729 -0.3021 -0.5580
vn 0.9147 -0.2421 -0.3237
vn 0.6047 -0.6587 0.4478
vn 0.6422 -0.6402 0.4216
vn 0.5558 -0.5994 0.5760
vn 0.6459 0.1878 -0.7400
vn 0.6098 -0.5648 0.5561
vn 0.0645 -0.9693 -0.2372
vn -0.4989 0.2590 0.8271
vn 0.8731 0.0297 0.4865
vn 0.3701 -0.9261 -0.0737
vn 0.5263 -0.8502 0.0163
vn 0.3725 -0.9051 0.2048
vn 0.2282 -0.8528 -0.4698
vn 0.9893 -0.0029 0.1459
vn 0.2221 -0.8537 -0.4710
vn 0.2012 -0.5062 -0.8386
vn 0.3529 -0.6353 -0.6870
vn 0.6847 -0.7073 -0.1755
vn 0.4293 -0.6145 -0.6619
vn 0.7459 -0.6007 -0.2878
vn 0.6122 -0.6986 -0.3704
vn 0.8070 -0.5881 -0.0547
vn 0.3292 -0.9438 -0.0302
vn 0.3376 -0.8857 -0.3187
vn 0.9007 0.0674 -0.4291
vn -0.6677 0.6284 0.3990
vn 0.9470 0.1212 -0.2974
vn 0.6302 -0.5360 -0.5618
vn 0.9187 -0.3474 -0.1879
vn 0.9311 -0.0514 0.3610
vn 0.6551 -0.7536 0.0536
vn 0.6445 -0.7609 0.0750
vn 0.8845 -0.3404 -0.3191
vn 0.8885 -0.3474 0.2998
vn 0.5705 0.7862 0.2378
vn 0.9412 0.2266 0.2506
vn 0.6279 0.7532 -0.1962
vn 0.8539 -0.4670 0.2298
vn 0.2700 -0.1956 -0.9428
vn 0.4538 -0.4768 -0.7528
vn 0.9527 0.1619 0.2573
vn 0.9955 0.0335 -0.0889
vn 0.8035 0.4984 0.3256
vn 0.0753 0.3130 -0.9468
vn -0.0038 0.2797 -0.9601
vn 0.3619 0.6400 -0.6778
vn 0.4732 0.0557 -0.8792
vn 0.4446 0.0919 -0.8910
vn 0.9605 0.1996 -0.1941
vn 0.6504 0.5278 -0.5464
vn 0.7591 0.2353 -0.6070
vn -0.0380 0.6880 -0.7247
vn 0.2859 0.8060 -0.5183
vn -0.0060 0.8197 -0.5728
vn 0.0557 0.8541 -0.5171
vn 0.4726 0.8343 -0.2839
vn -0.1174 0.9852 -0.1248
vn 0.8931 -0.0025 0.4498
vn 0.7620 0.4916 0.4217
vn 0.4877 -0.3191 -0.8126
vn 0.9515 -0.2702 0.1472
vn 0.9458 0.3042 0.1140
vn 0.9747 -0.2052 -0.0889
vn 0.9291 -0.2584 -0.2647
vn 0.6776 0.7302 -0.0875
vn 0.9984 0.0550 0.0141
vn 0.7149 0.6976 -0.0478
vn 0.8633 -0.0076 -0.5047
vn 0.7392 -0.0484 -0.6717
vn 0.9024 0.4212 -0.0908
vn 0.8457 0.4735 0.2464
vn 0.6122 0.7596 0.2196
vn 0.6703 0.6632 0.3329
vn 0.8041 -0.4453 0.3937
vn 0.9693 -0.0574 0.2390
vn 0.9657 -0.0169 0.2589
vn 0.8183 0.5714 0.0620
vn 0.8955 -0.3920 0.2107
vn 0.8179 -0.3832 0.4293
vn 0.9097 0.3661 -0.1960
vn 0.6599 0.1717 -0.7315
vn -0.1237 0.9835 -0.1324
vn 0.3235 0.6739 -0.6642
vn -0.2099 0.6151 -0.7600
vn 0.3375 0.2642 -0.9035
vn -0.1772 0.3921 -0.9027
vn 0.8331 -0.5526 -0.0230
vn 0.2283 -0.9176 -0.3253
vn 0.2658 -0.6201 -0.7381
vn 0.6869 -0.6741 -0.2714
vn 0.5681 -0.7306 -0.3788
vn 0.6346 -0.7673 -0.0925
vn 0.6797 -0.5290 -0.5082
vn 0.8588 -0.4122 -0.3042
vn 0.5661 -0.4522 -0.6892
vn 0.8009 0.5241 0.2897
vn 0.9211 -0.3764 -0.0997
vn 0.6139 0.7524 -0.2387
vn 0.8587 -0.4724 0.1986
vn 0.4103 0.4322 -0.8030
vn 0.9218 0.3829 -0.0607
vn 0.7202 -0.5504 0.4223
vn 0.7161 -0.5157 0.4704
vn 0.8382 -0.2415 0.4889
vn 0.4821 0.8761 0.0001
vn 0.7855 0.6117 -0.0934
vn 0.8383 0.2465 0.4862
vn -0.6072 0.5853 0.5374
vn 0.2477 -0.9036 -0.3495
vn 0.3069 -0.6800 -0.6659
vn 0.6192 0.5139 0.5937
vn -0.9629 -0.2152 -0.1629
vn -0.1241 -0.7291 0.6731
vn -0.9737 -0.2000 -0.1095
vn -0.2906 -0.6378 0.7133
vn 0.1712 -0.6705 0.7219
vn 0.3441 -0.5757 -0.7417
vn -0.7475 0.6478 0.1473
vn -0.4975 0.6146 -0.6122
vn 0.2087 0.7122 0.6702
vn 0.1056 0.2177 0.9703
vn -0.1943 0.9807 -0.0200
vn -0.1718 0.9522 0.2524
vn -0.2717 0.9153 0.2972
vn -0.0767 0.9287 0.3627
vn -0.1688 0.7033 0.6906
vn -0.0052 0.6613 0.7501
vn 0.4066 0.3536 0.8424
vn 0.7259 -0.6864 -0.0443
vn -0.2772 -0.1275 0.9523
vn -0.3022 0.2278 0.9256
vn 0.8719 -0.0744 0.4840
vn 0.4025 0.7664 0.5006
vn -0.2831 0.1512 -0.9471
vn -0.2449 -0.1468 0.9584
vn -0.5363 -0.7798 0.3231
vn 0.4834 0.0182 0.8752
vn -0.9466 -0.2729 0.1719
vn -0.9674 -0.0392 -0.2502
vn -0.6639 0.0284 -0.7473
vn -0.3033 0.3236 -0.8963
vn 0.6461 -0.2680 -0.7146
vn -0.6468 -0.1850 -0.7399
vn 0.5743 -0.4353 0.6933
vn 0.7312 -0.3928 0.5578
vn 0.9872 0.0838 0.1359
vn -0.2768 0.2520 0.9273
vn 0.7217 -0.3361 0.6051
vn 0.1544 -0.8309 0.5345
vn -0.3052 0.9431 0.1321
vn 0.9168 0.1716 0.3606
vn -0.1820 0.8812 0.4363
vn -0.9170 0.3983 0.0223
vn -0.2799 0.9486 0.1476
vn 0.0632 0.9665 -0.2486
vn -0.3173 0.6963 0.6438
vn -0.2871 0.7317 0.6182
vn -0.6124 0.5648 0.5532
vn 0.7708 -0.6233 -0.1315
vn -0.4765 0.7868 -0.3923
vn -0.4001 0.9129 0.0807
vn 0.1301 -0.9701 -0.2047
vn -0.6473 0.5643 0.5124
vn -0.7332 0.6161 -0.2879
vn -0.6467 0.3483 -0.6786
vn -0.8810 -0.3303 -0.3387
vn -0.3052 -0.9427 -0.1350
vn -0.7528 0.5820 -0.3076
vn -0.7656 0.0868 -0.6374
vn -0.6569 0.5974 0.4600
vn -0.9949 0.0986 -0.0218
vn 0.0119 -0.3599 0.9329
vn -0.0174 -0.3732 0.9276
vn 0.0293 0.8269 0.5615
vn -0.6285 0.7539 0.1912
vn 0.9992 -0.0271 -0.0284
vn -0.9951 -0.0292 0.0949
vn 0.9454 0.0812 -0.3156
vn -0.2243 0.9724 0.0635
vn 0.3127 -0.4622 -0.8298
vn 0.2157 0.9393 -0.2667
vn -0.2660 -0.5215 -0.8108
vn -0.9171 0.3192 -0.2387
vn -0.9703 -0.1308 -0.2032
vn -0.0548 -0.8216 -0.5674
vn 0.0994 -0.7712 -0.6288
vn -0.0418 -0.8075 -0.5884
vn -0.1046 -0.8499 -0.5164
vn 0.0603 0.7550 -0.6530
vn 0.1416 -0.5926 -0.7930
vn 0.6688 0.6747 -0.3121
vn 0.4089 -0.7430 -0.5299
vn 0.7216 0.3205 -0.6136
vn 0.3775 -0.8229 -0.4247
vn 0.7117 -0.1491 -0.6864
vn 0.5723 -0.3521 -0.7406
vn 0.0367 -0.2663 -0.9632
vn 0.3676 0.6262 -0.6876
vn 0.4496 0.0625 -0.8910
vn 0.4402 0.1719 -0.8813
vn 0.1751 -0.3930 -0.9027
vn 0.2534 0.3129 -0.9154
vn 0.2554 0.3177 -0.9131
vn 0.2562 0.3097 -0.9157
vn 0.0947 -0.2518 -0.9631
vn -0.1995 -0.6406 -0.7415
vn -0.1128 0.6256 -0.7720
vn -0.3837 -0.0634 -0.9213
vn -0.2944 -0.0397 -0.9549
vn -0.5627 0.1336 -0.8158
vn -0.3195 -0.0643 -0.9454
vn -0.2112 0.1482 -0.9661
vn -0.1088 -0.7309 -0.6738
vn -0.4315 -0.4515 -0.7810
vn 0.1642 -0.8093 -0.5639
vn -0.6262 0.4595 -0.6299
vn -0.7862 -0.0940 -0.6108
vn -0.7216 0.4838 -0.4952
vn -0.8114 -0.0651 -0.5808
vn -0.8089 -0.0502 -0.5858
vn 0.0440 0.8222 -0.5675
vn -0.3650 0.8465 -0.3875
vn -0.8747 0.0973 -0.4748
vn 0.6448 0.3441 0.6826
vn 0.7270 0.0791 0.6821
vn 0.5246 -0.1590 0.8364
vn 0.3579 0.3472 0.8668
vn 0.9473 -0.2010 0.2495
vn 0.8046 -0.1385 0.5775
vn 0.8569 0.3692 0.3598
vn 0.8323 0.0343 -0.5533
vn 0.8833 -0.1849 -0.4307
vn 0.9752 0.1428 -0.1690
vn 0.9814 0.1159 -0.1531
vn 0.8466 0.1129 -0.5201
vn -0.5780 -0.6903 -0.4351
vn -0.3966 0.8949 -0.2047
vn -0.1445 0.9348 -0.3246
vn 0.7829 0.2848 -0.5531
vn 0.9497 0.2191 -0.2235
vn 0.3014 0.4685 -0.8304
vn 0.6046 -0.0273 -0.7961
vn 0.2755 0.2277 -0.9340
vn 0.1487 0.4247 -0.8930
vn 0.1781 -0.0349 -0.9834
vn 0.6106 0.1065 -0.7848
vn 0.5395 0.7532 -0.3764
vn 0.2241 0.8855 -0.4070
vn 0.7434 0.3627 -0.5619
vn 0.6231 0.4666 -0.6278
vn 0.7571 0.2639 -0.5976
vn 0.6341 0.7670 -0.0983
vn 0.8861 0.3919 -0.2476
vn 0.9646 0.2379 -0.1137
vn 0.7245 0.6870 -0.0548
vn 0.3473 0.8464 0.4037
vn 0.7647 0.5714 0.2980
vn 0.9325 0.2270 0.2809
vn 0.6870 0.3181 0.6533
vn 0.6660 0.3815 0.6410
vn 0.6923 0.5831 0.4250
vn 0.3761 0.8101 0.4497
vn 0.2358 0.6198 0.7485
vn 0.2453 0.8524 0.4617
vn -0.2826 0.2797 0.9175
vn 0.1781 0.6012 0.7790
vn 0.0859 0.1338 0.9873
vn 0.4515 0.7443 0.4920
vn 0.4348 0.0803 0.8970
vn -0.3205 -0.2855 0.9032
vn -0.0359 0.4288 0.9027
vn -0.4255 0.1595 0.8908
vn -0.4635 -0.1595 0.8716
vn -0.6993 -0.2483 0.6704
vn -0.5563 0.2393 0.7958
vn -0.7098 0.5038 0.4924
vn -0.8833 0.4519 0.1247
vn -0.8665 0.4864 -0.1120
vn 0.7883 -0.6144 -0.0332
vn -0.5589 0.7856 0.2657
vn -0.9976 0.0396 0.0561
vn -0.8238 -0.1131 0.5556
vn -0.4584 0.5863 0.6679
vn -0.5119 0.5536 0.6569
vn -0.2166 0.8114 0.5429
vn -0.1212 0.8665 0.4842
vn -0.1800 0.8214 0.5412
vn 0.1844 0.9828 -0.0095
vn 0.2225 0.9747 -0.0225
vn -0.2179 0.8622 -0.4573
vn -0.3249 0.9428 -0.0743
vn -0.6934 0.6834 -0.2284
vn -0.5069 0.8620 -0.0068
vn -0.9123 0.2397 -0.3320
vn -0.9745 0.0434 -0.2200
vn -0.7009 0.5115 -0.4971
vn -0.6391 0.6620 -0.3916
vn -0.2262 0.3878 -0.8936
vn -0.1318 0.5516 -0.8236
vn -0.4446 0.3322 -0.8318
vn 0.1100 0.8665 -0.4869
vn 0.0992 0.6252 -0.7742
vn -0.1697 0.2545 -0.9521
vn 0.0289 -0.7398 -0.6722
vn 0.1152 -0.3338 -0.9356
vn 0.0499 -0.2307 -0.9717
vn -0.2389 -0.1136 -0.9644
vn -0.1433 0.8579 -0.4934
vn 0.3879 0.9210 -0.0357
vn -0.3415 -0.2108 -0.9160
vn -0.3265 -0.1601 -0.9316
vn -0.8263 0.2476 -0.5059
vn -0.9456 -0.0972 -0.3105
vn -0.7768 -0.2073 -0.5947
vn -0.8272 -0.1073 -0.5515
vn -0.8624 0.2420 -0.4446
vn -0.7966 0.0379 -0.6033
vn -0.5921 0.0674 -0.8031
vn 0.8316 0.1927 -0.5208
vn 0.6426 0.3069 -0.7021
vn -0.7121 -0.5506 0.4357
vn 0.4991 0.0416 -0.8655
vn 0.6456 -0.3182 -0.6942
vn 0.8208 -0.2250 -0.5250
vn 0.6288 0.3336 -0.7023
vn 0.3239 0.8349 -0.4451
vn 0.3601 0.7888 -0.4981
vn -0.1642 0.8357 -0.5240
vn 0.2552 0.4070 -0.8770
vn 0.1996 0.7248 -0.6594
vn 0.1701 0.3355 -0.9266
vn -0.0489 0.3804 -0.9235
vn -0.1483 0.4818 -0.8637
vn -0.3820 -0.0284 -0.9237
vn 0.2826 0.0475 -0.9581
vn 0.1320 -0.1873 -0.9734
vn 0.5853 -0.4040 -0.7030
vn -0.5402 0.1611 -0.8260
vn -0.6152 0.0031 -0.7883
vn -0.2039 -0.2615 -0.9434
vn -0.3270 -0.5145 -0.7927
vn 0.1649 -0.3912 -0.9054
vn 0.1363 -0.8003 -0.5839
vn 0.4655 0.2545 -0.8477
vn -0.0774 0.6897 -0.7200
vn 0.3331 0.7229 -0.6054
vn -0.0961 -0.8715 -0.4810
vn 0.3928 -0.7547 -0.5255
vn 0.5248 -0.6699 -0.5252
vn 0.2596 0.7321 -0.6298
vn -0.7600 -0.0045 -0.6499
vn -0.3373 0.6946 -0.6354
vn -0.3173 -0.5921 -0.7408
vn 0.5469 -0.6707 -0.5011
vn -0.8839 0.2261 -0.4093
vn -0.1826 -0.7629 -0.6202
vn 0.8649 -0.2468 -0.4370
vn 0.8572 -0.1266 -0.4992
vn -0.7222 0.5183 -0.4581
vn -0.2237 0.9108 -0.3469
vn 0.9659 0.0310 -0.2572
vn -0.3352 0.9017 -0.2731
vn 0.3908 -0.9204 -0.0108
vn 0.0898 0.5945 -0.7990
vn -0.9074 0.1662 -0.3859
vn -0.3617 0.2162 0.9069
vn -0.2520 0.8790 0.4049
vn -0.4895 0.1754 0.8542
vn -0.2231 0.3231 -0.9197
vn -0.3259 0.1176 0.9381
vn -0.6308 -0.3721 -0.6809
vn 0.1033 0.9486 0.2991
vn 0.6169 0.6514 -0.4416
vn -0.0186 -0.4874 0.8730
vn -0.3913 -0.5741 0.7193
vn -0.3898 0.3225 0.8626
vn 0.2181 -0.1314 -0.9671
vn 0.4228 0.8766 0.2298
vn 0.0823 -0.3993 -0.9131
vn 0.4307 -0.8287 0.3573
vn 0.1820 -0.6054 -0.7748
vn 0.3205 -0.8890 0.3272
vn 0.5211 -0.8357 0.1735
vn 0.9176 -0.3337 -0.2159
vn 0.7970 0.2039 -0.5685
vn 0.0150 -0.8098 -0.5865
vn -0.6884 -0.0514 0.7235
vn -0.1065 -0.8999 -0.4229
vn 0.2624 -0.4337 0.8620
vn -0.6322 -0.4591 0.6242
vn 0.5711 0.6762 -0.4654
vn 0.8197 0.2140 0.5314
vn 0.3756 -0.6000 0.7064
vn 0.3456 -0.5977 0.7234
vn -0.2776 -0.4719 -0.8368
vn 0.9126 0.2378 -0.3327
vn 0.9076 0.2879 -0.3054
vn -0.2350 -0.4817 -0.8442
vn 0.6734 0.6547 -0.3433
vn 0.6666 0.6739 -0.3187
vn -0.0809 0.9845 0.1553
vn 0.1586 0.9872 0.0144
vn -0.1254 0.8921 0.4340
vn -0.2919 0.8168 0.4976
vn -0.9619 -0.1557 0.2248
vn -0.4631 0.1746 0.8689
vn -0.4475 -0.5252 0.7238
vn 0.9473 0.3203 0.0001
vn -0.6900 -0.5636 0.4542
vn -0.0536 0.5015 0.8635
vn -0.2067 0.5095 0.8353
vn -0.0951 -0.0651 0.9933
vn 0.0807 0.1654 0.9829
vn -0.1463 0.2027 0.9682
vn 0.0394 0.4325 0.9008
vn -0.7747 -0.2403 0.5848
vn -0.0420 -0.0393 0.9983
vn 0.8021 0.5541 0.2227
vn 0.1917 -0.3322 0.9235
vn 0.9002 0.4167 0.1264
vn 0.1017 0.3643 0.9257
vn 0.9300 0.3493 0.1142
vn 0.3422 0.2657 0.9013
vn 0.8188 0.5564 0.1413
vn -0.3181 0.3731 0.8716
vn -0.3816 -0.7233 0.5755
vn 0.6190 -0.7854 0.0025
vn 0.0425 -0.3663 0.9295
vn 0.2520 -0.5443 0.8001
vn -0.8566 0.3754 -0.3539
vn 0.3034 -0.2029 0.9310
vn 0.1669 0.9808 -0.1012
vn 0.6168 0.7753 0.1360
vn 0.7573 -0.0655 0.6498
vn 0.0294 0.9517 -0.3057
vn -0.0966 -0.9352 -0.3406
vn -0.1642 0.9702 -0.1784
vn 0.1556 0.9839 -0.0874
vn -0.9413 0.2291 -0.2480
vn 0.2382 -0.9484 -0.2093
vn -0.0791 0.9412 -0.3283
vn -0.0824 0.9391 -0.3337
vn -0.4622 0.7191 -0.5188
vn -0.4303 0.7940 -0.4294
vn -0.6099 0.7170 0.3375
vn -0.6436 0.7282 -0.2355
vn -0.6245 0.7799 0.0416
vn 0.6704 0.7372 0.0838
vn -0.5156 0.8347 0.1934
vn -0.0624 0.5118 -0.8568
vn -0.6848 -0.2836 0.6713
vn -0.8452 0.0522 0.5319
vn 0.7690 0.3685 0.5224
vn 0.9577 -0.2261 0.1779
vn 0.0884 -0.2858 0.9542
vn 0.0471 0.9103 -0.4113
vn -0.1589 0.2388 -0.9580
vn -0.2083 0.3615 -0.9088
vn -0.8495 0.3163 0.4222
vn 0.8001 0.3719 0.4707
vn -0.7037 -0.7005 -0.1188
vn -0.4598 -0.8371 0.2963
vn -0.1208 0.5801 -0.8056
vn -0.1239 -0.9372 0.3261
vn -0.6496 -0.7238 -0.2328
vn 0.8631 -0.2509 0.4383
vn -0.4161 0.1518 0.8966
vn -0.8004 -0.5919 -0.0946
vn 0.1068 -0.0858 0.9906
vn 0.0792 -0.5587 -0.8256
vn -0.9300 0.2070 0.3038
vn -0.0050 -0.5819 -0.8132
vn -0.9484 0.0792 0.3071
vn -0.2188 0.8840 -0.4131
vn -0.1946 -0.4666 -0.8628
vn -0.7857 0.5601 0.2627
vn -0.7790 0.5520 0.2975
vn -0.7690 0.5806 -0.2674
vn -0.8741 0.4857 -0.0032
vn 0.8804 0.4270 -0.2063
vn 0.5952 -0.0683 0.8006
vn -0.2208 0.0080 -0.9753
vn -0.8274 0.2932 0.4790
vn -0.7952 -0.2484 -0.5532
vn -0.8244 -0.2210 0.5212
vn -0.9397 -0.1022 0.3264
vn -0.9651 0.0458 0.2579
vn -0.9609 0.0275 -0.2757
vn -0.8576 -0.5099 0.0673
vn -0.9183 -0.3898 0.0685
vn -0.8636 -0.2080 -0.4592
vn -0.9503 -0.0658 -0.3045
vn -0.8858 0.1942 -0.4215
vn -0.7367 0.0024 -0.6762
vn -0.7823 0.5042 -0.3658
vn -0.4755 0.6049 -0.6387
vn -0.4459 0.2932 -0.8457
vn -0.3876 0.4157 -0.8228
vn -0.6986 -0.1589 -0.6977
vn -0.7144 -0.1993 -0.6707
vn 0.0705 -0.8224 -0.5646
vn 0.3849 -0.3100 0.8694
vn 0.5283 0.1999 -0.8252
vn 0.1249 -0.8177 -0.5620
vn 0.2593 -0.0254 -0.9655
vn -0.5229 0.8162 -0.2456
vn 0.1331 -0.2899 -0.9478
vn 0.2544 0.0268 -0.9667
vn 0.1047 -0.9758 -0.1921
vn 0.0898 0.9712 -0.2208
vn -0.2170 -0.9603 -0.1751
vn -0.5102 0.5329 -0.6750
vn -0.4875 0.8159 -0.3107
vn -0.6744 -0.3021 -0.6738
vn 0.0506 -0.2815 -0.9582
vn -0.2458 -0.4395 -0.8639
vn -0.0001 -0.0235 0.9997
vn -0.6351 0.0383 -0.7715
vn -0.3246 -0.1371 -0.9359
vn 0.0519 0.0870 -0.9949
vn -0.2305 0.3446 -0.9100
vn -0.7394 -0.5037 -0.4469
vn -0.5157 -0.8188 -0.2522
vn -0.9457 -0.1484 -0.2893
vn -0.8240 -0.1921 -0.5330
vn -0.7940 -0.1228 -0.5954
vn -0.7691 0.2321 -0.5955
vn -0.2814 -0.0024 -0.9596
vn -0.4430 -0.1952 -0.8750
vn -0.4191 -0.4987 -0.7587
vn -0.4223 -0.5024 -0.7545
vn -0.3650 -0.7391 -0.5661
vn -0.9552 -0.2852 -0.0793
vn -0.3314 0.2043 -0.9211
vn -0.9445 -0.3261 0.0391
vn -0.9781 -0.2078 -0.0072
vn -0.9685 -0.0522 -0.2437
vn -0.0618 0.7584 -0.6489
vn -0.3236 0.8379 -0.4395
vn -0.4578 0.6257 -0.6316
vn -0.9468 0.2070 -0.2465
vn -0.3417 -0.0872 -0.9358
vn -0.1694 -0.1899 -0.9671
vn -0.5281 -0.2112 -0.8225
vn 0.0233 -0.6261 -0.7794
vn -0.4758 -0.5214 0.7083
vn -0.6730 0.6927 0.2592
vn -0.9573 0.0969 0.2724
vn -0.9399 0.3237 0.1085
vn -0.3819 0.6242 -0.6815
vn -0.1031 0.7528 -0.6501
vn -0.5700 0.3496 -0.7435
vn -0.5412 0.4150 -0.7313
vn 0.7530 -0.4040 -0.5193
vn -0.8543 0.3762 -0.3588
vn -0.7504 0.6047 -0.2669
vn -0.8258 0.5619 0.0476
vn -0.8102 0.5832 -0.0585
vn -0.3974 0.9168 -0.0379
vn 0.5215 -0.4296 -0.7372
vn -0.6758 0.7037 0.2195
vn -0.6146 0.7028 -0.3583
vn -0.1230 0.9778 -0.1698
vn -0.3687 0.8849 0.2845
vn -0.6038 0.7756 0.1838
vn -0.5409 0.8144 -0.2099
vn -0.0392 0.4419 -0.8962
vn -0.1302 0.9536 0.2715
vn 0.4576 0.3934 -0.7974
vn 0.2116 0.6365 -0.7417
vn 0.1967 0.7814 -0.5922
vn -0.0386 0.8833 -0.4672
vn -0.3867 0.6706 -0.6330
vn -0.4311 0.0820 -0.8986
vn 0.1014 0.3160 -0.9433
vn 0.1183 0.5711 -0.8123
vn -0.3356 0.5973 -0.7285
vn -0.7976 0.2961 -0.5254
vn -0.5936 0.6355 -0.4938
vn -0.8648 -0.4410 -0.2400
vn -0.6809 -0.2507 -0.6881
vn -0.5405 -0.3232 -0.7768
vn -0.9821 -0.1249 -0.1407
vn -0.7885 0.3251 -0.5221
vn 0.4517 0.8896 -0.0679
vn -0.5294 0.8363 -0.1428
vn 0.4265 0.7795 -0.4588
vn 0.6133 0.5317 -0.5840
vn 0.8069 0.4819 -0.3416
vn 0.7425 0.6074 -0.2825
vn 0.8417 0.5361 0.0643
vn 0.8743 0.3777 -0.3051
vn 0.6024 0.7909 0.1071
vn 0.1440 0.9895 0.0087
vn -0.1555 0.9741 -0.1642
vn -0.2940 0.9508 -0.0980
vn 0.3756 0.6439 0.6666
vn -0.2362 0.9091 0.3432
vn 0.2861 0.8052 0.5194
vn 0.6063 0.7779 0.1652
vn 0.9010 0.3995 0.1688
vn 0.9648 -0.2588 0.0468
vn 0.9053 0.3829 0.1837
vn -0.0153 0.9628 0.2699
vn -0.4390 0.7452 0.5020
vn 0.0835 0.6776 0.7307
vn -0.6315 0.6311 0.4505
vn 0.4898 0.8117 0.3181
vn -0.7792 -0.1335 0.6124
vn -0.8606 -0.4749 0.1839
vn -0.9613 0.2261 0.1573
vn -0.8878 -0.4495 0.0985
vn -0.9824 -0.0489 -0.1805
vn -0.9838 0.1231 0.1303
vn -0.9957 -0.0868 0.0334
vn -0.8064 0.0811 0.5858
vn -0.6743 0.2649 0.6893
vn -0.7595 0.6350 0.1410
vn -0.9170 0.3986 0.0156
vn -0.1588 0.4948 0.8544
vn 0.3569 0.3892 0.8492
vn 0.4005 0.5830 0.7069
vn -0.1654 0.4483 0.8784
vn -0.5331 0.1001 0.8401
vn -0.2627 0.9390 -0.2218
vn 0.0591 0.3485 0.9354
vn 0.0444 0.2772 0.9598
vn 0.4284 -0.0119 -0.9035
vn -0.5360 0.1967 0.8210
vn 0.1799 0.5408 0.8217
vn 0.7057 -0.6622 0.2519
vn 0.8833 -0.0081 0.4688
vn -0.8779 -0.0263 -0.4780
vn -0.9870 0.1343 0.0885
vn 0.8020 0.0671 -0.5936
vn -0.9016 0.1326 -0.4119
vn 0.9598 0.2416 0.1426
vn 0.4448 0.0113 -0.8955
vn -0.9524 -0.0295 0.3034
vn 0.3976 -0.3021 -0.8664
vn -0.3916 0.8783 0.2743
vn -0.0244 0.9960 -0.0865
vn -0.3759 0.6212 -0.6876
vn -0.2813 0.7236 0.6303
vn -0.3830 0.8175 0.4301
vn -0.0907 0.9580 -0.2719
vn -0.7350 0.6705 -0.1014
vn -0.5868 0.8008 -0.1201
vn 0.9713 -0.1591 0.1771
vn 0.2011 0.9514 0.2332
vn 0.5225 0.5614 0.6417
vn 0.2815 0.9363 0.2098
vn -0.2045 0.9435 0.2606
vn 0.1765 0.9314 0.3185
vn -0.8958 -0.1134 0.4298
vn 0.2300 -0.1700 0.9582
vn -0.2537 0.7972 0.5479
vn -0.1152 0.5917 0.7979
vn -0.1491 0.4973 0.8547
vn 0.3625 0.1160 0.9247
vn -0.1273 -0.0581 0.9902
vn -0.5290 0.8417 0.1080
vn -0.6278 0.3190 0.7100
vn -0.4415 0.7890 0.4272
vn -0.6898 0.3574 0.6297
vn -0.9317 0.1744 0.3187
vn -0.5331 0.7232 0.4391
vn -0.8939 0.4250 0.1425
vn -0.8383 0.5448 0.0207
vn -0.1951 0.9793 -0.0542
vn -0.6984 0.6257 -0.3475
vn -0.3147 0.8560 -0.4101
vn 0.2025 0.9713 -0.1249
vn 0.0824 0.9477 0.3082
vn -0.6267 0.7743 0.0875
vn -0.2455 0.5522 -0.7967
vn -0.3442 0.9334 -0.1012
vn -0.9246 0.2412 -0.2949
vn -0.8393 0.2949 -0.4567
vn -0.5942 0.6850 -0.4215
vn -0.9957 -0.0849 0.0358
vn -0.6481 -0.6701 0.3619
vn -0.1973 0.5467 0.8138
vn -0.9889 0.1413 0.0459
vn -0.3153 0.8805 0.3540
vn -0.1882 0.8802 0.4357
vn -0.8427 0.4976 0.2054
vn -0.1195 0.6029 0.7888
vn -0.0291 0.1308 -0.9910
vn -0.9602 0.0323 0.2774
vn -0.1932 0.1433 0.9706
vn -0.5883 0.0050 0.8086
vn -0.7098 -0.3638 0.6031
vn -0.2260 -0.8267 0.5152
vn -0.2160 -0.8342 0.5074
vn -0.1505 -0.0890 0.9846
vn -0.0046 -0.5099 0.8602
vn -0.1900 -0.6349 0.7488
vn -0.0669 -0.5088 0.8583
vn 0.6115 -0.2809 0.7397
vn 0.2270 0.1573 0.9611
vn -0.7289 0.3182 0.6062
vn 0.3187 0.2273 0.9202
vn -0.6513 -0.3338 0.6815
vn -0.8964 -0.0368 0.4417
vn -0.4203 0.0016 0.9074
vn -0.3734 0.0084 0.9276
vn -0.4424 0.4623 0.7685
vn -0.5018 0.8521 0.1488
vn -0.5747 -0.5603 0.5965
vn -0.4619 0.7928 -0.3977
vn -0.3240 0.9423 0.0839
vn 0.0204 0.9555 0.2943
vn -0.4109 0.8412 0.3515
vn -0.1796 0.8455 0.5028
vn 0.6277 0.7492 0.2112
vn -0.5684 -0.5647 0.5984
vn -0.3356 0.9030 -0.2683
vn 0.0447 -0.5211 0.8523
vn 0.3428 0.6507 0.6776
vn -0.2823 -0.3103 0.9077
vn 0.0541 -0.9918 -0.1159
vn -0.6762 0.0622 0.7341
vn -0.9365 -0.2452 -0.2507
vn -0.7516 0.6515 0.1034
vn -0.5018 -0.8481 0.1699
vn -0.0117 0.7047 -0.7094
vn -0.6436 0.7364 -0.2083
vn -0.7601 0.5840 0.2850
vn -0.7558 0.5834 0.2975
vn 0.2468 0.7506 0.6130
vn 0.0585 0.9257 0.3738
vn 0.4217 0.8700 -0.2555
vn 0.1038 0.9221 0.3728
vn 0.1755 0.9601 0.2176
vn 0.1722 0.6764 0.7161
vn 0.2916 0.6126 0.7346
vn 0.3964 -0.7877 0.4715
vn 0.4983 -0.7278 0.4711
vn 0.4455 -0.8494 0.2828
vn 0.1971 -0.9470 0.2537
vn 0.6302 -0.7763 -0.0134
vn 0.0490 -0.1338 0.9898
vn -0.6512 0.6673 0.3614
vn 0.2073 0.9762 -0.0637
vn 0.2431 0.9687 -0.0498
vn -0.2277 0.9537 0.1967
vn -0.3478 0.9335 0.0874
vn -0.0014 0.3781 0.9258
vn -0.0509 -0.1499 0.9874
vn -0.0499 -0.1498 0.9875
vn 0.1387 0.3219 0.9366
vn -0.2281 -0.9728 0.0408
vn -0.4924 0.5951 0.6351
vn 0.2195 0.1203 0.9682
vn -0.5822 0.5948 0.5543
vn 0.1882 0.2166 0.9579
vn -0.1788 0.8129 -0.5543
vn 0.4200 0.9071 -0.0267
vn -0.2890 0.6831 -0.6707
vn -0.9748 -0.0208 -0.2221
vn -0.4185 0.5615 -0.7139
vn 0.6484 -0.7352 0.1976
vn 0.6631 -0.1387 -0.7355
vn -0.6587 0.4236 -0.6218
vn -0.5635 -0.2095 -0.7991
vn -0.0694 0.2198 -0.9731
vn -0.1603 0.4746 -0.8655
vn 0.6912 0.2722 -0.6694
vn -0.7801 0.1169 -0.6146
vn -0.1080 0.9367 -0.3330
vn -0.7071 0.4609 -0.5363
vn -0.5925 0.4720 -0.6528
vn 0.2500 -0.0826 -0.9647
vn -0.9875 0.0765 -0.1379
vn -0.0705 0.0268 -0.9972
vn 0.2399 0.1512 -0.9589
vn -0.5135 0.1833 -0.8383
vn 0.0328 0.1087 -0.9935
vn -0.1864 0.0213 -0.9822
vn 0.4724 -0.2950 -0.8306
vn -0.4940 0.0343 0.8688
vn 0.6719 0.1587 -0.7234
vn 0.3479 -0.7512 -0.5609
vn -0.8015 0.4180 0.4276
vn 0.9596 0.1331 0.2477
vn -0.7840 0.4349 0.4429
vn -0.5091 0.0040 0.8607
vn 0.0034 -0.0181 -0.9998
vn -0.9910 0.0900 0.0992
vn 0.5317 -0.8459 -0.0405
vn -0.7889 0.2250 0.5718
vn 0.9694 -0.1771 -0.1700
vn 0.8925 -0.1779 -0.4144
vn 0.4477 -0.8455 0.2909
vn 0.3670 0.8065 0.4636
vn -0.7275 -0.0228 0.6858
vn -0.6180 0.5004 0.6064
vn -0.0835 0.3639 0.9277
vn -0.6013 0.5802 0.5493
vn -0.6564 -0.0129 0.7543
vn -0.5506 0.7701 -0.3221
vn -0.5715 0.2780 -0.7721
vn -0.5014 0.6925 0.5187
vn -0.9709 0.1925 0.1427
vn 0.9085 0.0369 0.4162
vn -0.1486 -0.9570 -0.2491
vn -0.8597 0.5084 0.0501
vn 0.7623 0.3034 0.5717
vn 0.0134 -0.4248 0.9052
vn -0.3844 0.4733 0.7926
vn 0.9490 0.2470 -0.1960
vn 0.5744 0.4366 0.6924
vn 0.4153 -0.2802 0.8654
vn 0.1833 0.7785 0.6003
vn -0.2440 0.9196 0.3080
vn 0.2761 0.6840 0.6752
vn -0.2580 0.9347 0.2443
vn -0.3845 0.3410 0.8578
vn 0.6921 0.0310 0.7212
vn -0.9025 -0.1250 0.4122
vn 0.9326 -0.1418 0.3317
vn 0.7089 0.5001 0.4974
vn 0.6495 0.1953 0.7348
vn 0.6472 -0.0295 0.7618
vn 0.2625 0.3248 0.9086
vn -0.1005 0.7941 0.5995
vn 0.7617 0.2872 -0.5808
vn 0.6729 -0.0792 0.7355
vn 0.1807 0.2777 -0.9435
vn 0.9087 -0.3799 0.1732
vn 0.0201 -0.0604 0.9980
vn 0.8162 -0.5702 -0.0930
vn 0.8259 -0.5609 0.0579
vn 0.9675 -0.2447 -0.0645
vn 0.6022 -0.6462 -0.4688
vn -0.1041 -0.9130 -0.3945
vn -0.1110 -0.5487 0.8287
vn 0.8313 -0.5343 -0.1534
vn -0.0861 -0.9818 -0.1690
vn -0.3301 -0.8910 -0.3117
vn -0.1935 -0.9495 0.2472
vn -0.5301 -0.5009 -0.6842
vn -0.6449 -0.7582 0.0963
vn -0.5074 -0.8569 -0.0910
vn -0.6097 -0.5816 0.5385
vn -0.4954 -0.8607 -0.1172
vn -0.4223 0.1227 0.8981
vn -0.8098 0.5544 0.1919
vn -0.4884 -0.2957 0.8210
vn -0.1699 0.0855 0.9817
vn -0.3317 0.1117 0.9367
vn -0.6475 -0.4770 -0.5943
vn -0.5785 -0.2772 0.7671
vn -0.7463 0.1498 0.6485
vn -0.6014 -0.1975 0.7741
vn -0.0204 0.2947 0.9554
vn -0.3357 0.9310 0.1432
vn -0.4828 0.8610 0.1597
vn -0.3397 0.9091 -0.2410
vn -0.4265 0.8151 -0.3921
vn -0.5874 0.4290 -0.6863
vn -0.5807 0.6800 -0.4475
vn -0.7131 0.0381 -0.7001
vn -0.3573 0.9244 0.1337
vn -0.7955 0.5783 -0.1810
vn -0.7308 0.6548 -0.1929
vn -0.9229 0.1632 -0.3488
vn -0.7269 0.0910 -0.6807
vn 0.7457 0.5335 -0.3991
vn -0.6202 -0.1728 -0.7651
vn -0.9451 -0.0525 -0.3226
vn -0.8369 0.1909 -0.5130
vn -0.5911 0.6428 0.4872
vn -0.7297 0.1352 0.6703
vn -0.9662 0.1561 0.2051
vn -0.7370 -0.3318 0.5888
vn -0.7863 -0.4247 -0.4487
vn -0.5368 -0.8419 0.0558
vn -0.8374 0.5072 -0.2037
vn -0.9340 0.1778 -0.3099
vn -0.7808 0.6125 -0.1232
vn -0.9889 0.1227 -0.0841
vn -0.9958 -0.0770 0.0491
vn -0.7345 0.6544 0.1796
vn -0.8846 -0.0596 0.4626
vn -0.9290 -0.2076 0.3065
vn -0.7428 0.6378 0.2039
vn -0.5510 0.5817 0.5983
vn -0.8590 0.0753 0.5064
vn -0.9137 -0.3764 0.1534
vn -0.8523 0.2604 0.4536
vn -0.8190 0.3794 0.4304
vn -0.9794 0.0656 -0.1911
vn -0.9062 -0.0731 -0.4165
vn -0.8082 -0.0284 -0.5883
vn -0.7850 -0.5691 -0.2449
vn -0.6638 -0.6279 -0.4064
vn -0.7864 -0.5737 -0.2288
vn -0.4695 -0.7596 0.4501
vn -0.5119 -0.8530 -0.1018
vn -0.8159 -0.0571 -0.5754
vn -0.8100 0.4921 -0.3191
vn -0.6566 0.6575 -0.3696
vn -0.7465 0.5106 0.4266
vn -0.6380 -0.1967 0.7445
vn -0.4936 -0.1747 0.8520
vn -0.5970 -0.3180 0.7366
vn -0.5805 0.1190 0.8055
vn -0.4175 0.6416 0.6434
vn -0.2701 0.4818 0.8336
vn -0.6019 -0.7273 0.3298
vn -0.7467 -0.3943 0.5356
vn -0.1368 -0.4374 0.8888
vn -0.6211 0.3057 0.7217
vn -0.7451 -0.3501 0.5678
vn -0.8214 0.1931 0.5367
vn -0.8461 -0.4661 -0.2588
vn -0.6428 0.7185 -0.2656
vn -0.9272 -0.3732 0.0309
vn -0.7178 0.3276 0.6143
vn -0.8979 -0.3360 -0.2845
vn -0.9580 -0.2857 -0.0262
vn -0.9155 -0.3088 -0.2578
vn -0.8402 0.0799 -0.5364
vn -0.7855 0.5971 -0.1627
vn -0.8806 0.0843 -0.4662
vn -0.5389 0.0654 0.8399
vn -0.8319 -0.5031 0.2343
vn -0.8373 -0.5202 -0.1684
vn -0.2040 -0.5406 0.8162
vn 0.0055 -0.1409 0.9900
vn -0.2652 -0.3766 0.8876
vn 0.1407 -0.6257 0.7673
vn -0.2083 -0.6666 0.7157
vn -0.7011 -0.1066 0.7051
vn -0.5778 -0.2761 -0.7681
vn 0.0172 -0.8825 0.4700
vn 0.2254 0.9731 -0.0469
vn 0.0294 0.7278 0.6852
vn 0.5529 0.4046 0.7285
vn -0.5704 0.3446 0.7456
vn -0.8582 0.5062 0.0850
vn -0.1737 0.5590 0.8108
vn 0.2619 0.8417 -0.4722
vn 0.0990 0.5325 0.8406
vn -0.5732 0.7735 -0.2703
vn -0.1458 0.9623 -0.2295
vn 0.3463 0.9347 -0.0803
vn 0.1905 0.9319 -0.3087
vn 0.5152 -0.0280 0.8566
vn -0.2356 0.9550 -0.1799
vn -0.6550 0.1911 -0.7311
vn 0.1973 -0.6153 0.7632
vn 0.0001 -0.3757 0.9267
vn 0.2807 0.2851 -0.9165
vn 0.4865 -0.6690 0.5619
vn -0.8067 -0.1021 0.5820
vn 0.2450 0.8749 0.4179
vn 0.5532 0.7667 0.3258
vn 0.9119 -0.1496 0.3821
vn 0.9861 0.0551 0.1570
vn 0.9951 -0.0064 -0.0989
vn 0.9372 -0.1988 0.2865
vn -0.0549 -0.8105 0.5831
vn -0.2380 0.8693 0.4332
vn -0.7563 -0.1402 -0.6390
vn -0.2914 0.7994 0.5255
vn 0.7896 -0.1039 0.6048
vn -0.2308 -0.3256 0.9169
vn 0.6059 -0.1810 0.7746
vn 0.2740 -0.2508 0.9284
vn 0.4068 -0.5316 0.7429
vn -0.2131 0.9554 -0.2042
vn -0.4506 0.7773 -0.4391
vn -0.5414 0.5305 -0.6522
vn -0.4754 0.6381 -0.6057
vn -0.6125 0.2078 -0.7627
vn 0.2599 0.1562 0.9529
vn 0.2378 -0.1598 0.9581
vn 0.5913 -0.5636 0.5769
vn -0.0096 -0.2782 0.9605
vn -0.7542 0.3845 -0.5323
vn -0.6196 0.2340 -0.7492
vn -0.8206 0.2397 -0.5188
vn -0.5014 0.8054 0.3160
vn -0.4375 0.8478 -0.2998
vn -0.1817 0.9737 -0.1373
vn -0.7496 0.3793 -0.5424
vn 0.8321 0.2604 0.4897
vn -0.6664 0.7256 -0.1715
vn -0.8195 -0.4895 0.2981
vn -0.4361 0.6252 0.6473
vn 0.1826 0.1566 0.9706
vn 0.2395 -0.2893 0.9268
vn -0.0973 0.0501 0.9940
vn -0.4815 -0.4656 0.7425
vn -0.0397 -0.5924 0.8047
vn 0.5432 -0.1766 -0.8208
vn 0.0161 -0.3153 0.9489
vn -0.3431 0.2952 0.8917
vn 0.1040 0.5336 0.8393
vn -0.3960 0.1850 0.8994
vn -0.2087 -0.8150 0.5405
vn -0.6450 0.3633 0.6723
vn -0.0826 0.2514 0.9644
vn -0.6607 0.7506 -0.0102
vn -0.6769 0.6060 -0.4178
vn -0.6160 0.7537 -0.2290
vn -0.5656 0.5644 0.6013
vn -0.8415 0.4121 -0.3494
vn 0.3288 -0.4479 0.8314
vn -0.6863 -0.4319 0.5851
vn 0.3730 -0.8321 0.4105
vn -0.6115 -0.7517 -0.2471
vn 0.4197 -0.6502 0.6333
vn -0.9297 -0.3008 0.2127
vn 0.6914 -0.4734 0.5457
vn -0.9117 -0.1009 0.3982
vn -0.1411 0.9487 -0.2829
vn -0.7737 -0.0394 0.6324
vn -0.3807 -0.0136 0.9246
vn -0.3386 0.6907 0.6390
vn -0.6566 0.3874 0.6471
vn -0.0013 -0.8824 0.4705
vn -0.3603 0.2527 0.8980
vn -0.8410 0.4499 0.3006
vn -0.6131 0.1953 0.7655
vn -0.5481 0.4745 0.6888
vn -0.3559 0.5964 0.7195
vn -0.0296 -0.5360 0.8437
vn -0.4318 -0.8652 0.2550
vn -0.4218 -0.6950 0.5823
vn -0.4799 0.7611 0.4365
vn -0.3637 -0.8829 0.2971
vn -0.3468 -0.7442 0.5708
vn -0.0333 0.8288 0.5586
vn -0.0031 0.6315 0.7754
vn 0.0620 -0.3312 0.9415
vn 0.1388 -0.7149 0.6853
vn -0.0947 -0.0304 0.9950
vn -0.1752 -0.1580 0.9718
vn -0.2276 -0.5308 0.8164
vn -0.4547 -0.6129 0.6462
vn -0.6229 -0.4548 0.6365
vn -0.7213 0.0069 0.6926
vn -0.2494 0.2525 0.9349
vn -0.3139 0.2236 0.9227
vn -0.9706 -0.1219 0.2076
vn -0.9055 0.4115 0.1039
vn -0.6573 -0.2400 0.7144
vn -0.3927 0.2406 0.8876
vn 0.1587 0.3273 0.9315
vn -0.3120 0.2532 0.9157
vn -0.4387 0.5727 0.6925
vn 0.1675 0.8439 0.5096
vn -0.7885 0.4709 0.3956
vn -0.5988 0.3490 0.7209
vn -0.5739 0.8015 0.1681
vn -0.8312 0.4910 0.2608
vn -0.9441 0.0251 -0.3288
vn -0.5324 0.8327 0.1523
vn 0.5662 0.8242 0.0145
vn -0.0003 0.9830 0.1836
vn -0.8592 0.3043 -0.4112
vn -0.8059 0.5920 0.0080
vn -0.9406 0.3369 -0.0426
vn -0.9019 0.4272 0.0644
vn -0.3135 0.9367 0.1562
vn -0.8648 0.1027 -0.4915
vn -0.1711 0.7774 0.6052
vn -0.5895 0.7980 0.1252
vn -0.4519 -0.7803 0.4324
vn -0.2239 0.8658 0.4476
vn -0.2170 -0.9090 0.3559
vn 0.0764 -0.7371 0.6715
vn -0.6229 -0.5199 0.5845
vn -0.8117 -0.1202 0.5715
vn -0.4938 -0.5682 0.6583
vn -0.5659 -0.7670 0.3025
vn 0.2433 -0.8505 0.4663
vn 0.2486 0.5139 0.8210
vn -0.3925 -0.9052 0.1630
vn 0.0544 -0.9828 0.1762
vn -0.5637 -0.7715 0.2950
vn -0.0906 0.0559 0.9943
vn -0.1575 -0.1451 0.9768
vn -0.7489 -0.6190 0.2366
vn -0.6734 0.4028 0.6199
vn 0.9529 0.1380 -0.2703
vn -0.5402 -0.1347 0.8307
vn -0.9217 -0.1068 0.3728
vn -0.3558 0.1468 0.9230
vn -0.3344 -0.1185 0.9350
vn -0.2763 -0.2426 0.9300
vn 0.5338 -0.0661 0.8430
vn 0.1554 -0.0281 0.9875
vn 0.1393 -0.5877 0.7970
vn -0.3625 0.7968 0.4835
vn -0.0756 -0.0727 -0.9945
vn 0.1384 -0.0162 0.9902
vn 0.3348 0.2190 0.9165
vn -0.0337 0.3553 0.9341
vn 0.4865 0.5198 0.7023
vn -0.2982 0.0590 0.9527
vn -0.4469 -0.0135 0.8945
vn -0.3765 -0.2725 0.8854
vn 0.0411 -0.0514 0.9978
vn -0.7517 -0.1004 0.6518
vn -0.5461 0.4855 0.6827
vn -0.8569 0.4040 0.3201
vn -0.7584 -0.4878 0.4323
vn -0.2833 0.7010 0.6545
vn 0.3352 0.7049 0.6251
vn 0.6336 0.2554 0.7303
vn 0.9276 0.2694 0.2587
vn -0.4252 0.5949 0.6821
vn -0.4216 0.6096 0.6712
vn -0.4426 0.8548 0.2709
vn -0.4432 0.8518 0.2794
vn 0.8356 0.4738 0.2781
vn 0.0260 0.2113 0.9771
vn -0.8456 0.2808 0.4540
vn 0.1334 -0.5932 0.7939
vn -0.0781 -0.7043 0.7056
vn -0.6444 -0.7602 0.0824
vn -0.6993 -0.6097 -0.3732
vn 0.9858 0.1646 -0.0326
vn -0.5897 -0.7565 0.2828
vn -0.6072 -0.2755 0.7452
vn -0.8883 -0.2584 0.3798
vn -0.4586 -0.4308 0.7772
vn -0.3636 -0.6456 0.6716
vn -0.3691 -0.6381 0.6757
vn -0.0084 -0.7331 0.6800
vn -0.8285 -0.1131 0.5484
vn 0.3067 -0.5501 0.7768
vn -0.8178 -0.1154 0.5638
vn -0.6358 -0.4062 0.6563
vn -0.7141 -0.6123 0.3393
vn -0.9312 -0.0282 0.3635
vn -0.7968 0.0059 0.6043
vn -0.4264 0.4133 0.8046
vn -0.3043 -0.0563 0.9509
vn -0.7743 0.3872 0.5005
vn -0.4947 -0.4119 0.7652
vn -0.0424 -0.2055 0.9777
vn 0.1564 -0.5421 0.8256
vn 0.0715 -0.9013 0.4273
vn -0.4676 -0.5755 0.6709
vn -0.1513 -0.7460 0.6486
vn -0.2837 -0.0824 0.9554
vn -0.0841 -0.4682 0.8796
vn -0.0641 0.2026 0.9772
vn -0.4188 -0.0611 0.9060
vn -0.6716 -0.3557 0.6499
vn -0.0159 -0.1554 0.9877
vn -0.1990 -0.1060 0.9743
vn -0.0230 0.4060 0.9136
vn 0.0815 -0.3499 0.9332
vn 0.1901 0.0998 0.9767
vn -0.2716 0.2974 0.9153
vn -0.4658 -0.6554 0.5946
vn -0.6636 -0.5739 0.4799
vn -0.6053 -0.0661 0.7932
vn -0.2655 -0.3612 0.8939
vn -0.3260 -0.3454 0.8800
vn -0.1538 -0.5100 0.8463
vn -0.1659 -0.7303 0.6626
vn 0.4243 -0.0875 0.9013
vn 0.3609 -0.1021 0.9270
vn 0.4951 -0.5503 0.6724
vn 0.3015 -0.9501 0.0804
vn -0.5552 -0.1171 0.8235
vn 0.2794 -0.9595 -0.0365
vn -0.1830 -0.2737 0.9443
vn 0.4881 -0.6224 0.6119
vn -0.9521 -0.2032 0.2287
vn 0.4418 -0.6436 -0.6249
vn -0.9839 -0.1125 0.1391
vn -0.1974 -0.5997 0.7755
vn -0.9414 -0.3101 -0.1324
vn -0.4309 0.8598 0.2741
vn -0.6694 -0.7262 0.1568
vn -0.5004 0.7467 0.4382
vn -0.3227 0.5420 0.7760
vn -0.4916 -0.8298 0.2642
vn -0.5069 -0.8114 0.2909
vn 0.0049 0.9061 0.4230
vn -0.1438 -0.9683 0.2044
vn 0.0649 -0.9498 0.3062
vn -0.5974 -0.7907 -0.1339
vn -0.4185 -0.4045 0.8132
vn -0.0634 -0.4833 0.8732
vn 0.3543 -0.2049 0.9124
vn -0.7558 -0.2368 0.6105
vn -0.4514 -0.0372 0.8915
vn -0.5694 -0.0301 0.8215
vn -0.1446 -0.0392 0.9887
vn -0.0168 -0.2870 0.9578
vn -0.2377 -0.8492 0.4716
vn 0.3792 -0.6959 0.6099
vn -0.2686 -0.9187 -0.2896
vn -0.3917 -0.8696 0.3007
vn -0.7299 -0.5785 -0.3642
vn -0.1276 -0.9012 0.4143
vn -0.0254 -0.9365 -0.3498
vn -0.1819 -0.1295 0.9748
vn -0.8053 -0.5915 0.0392
vn -0.8638 -0.4061 -0.2981
vn -0.7204 -0.6469 -0.2502
vn -0.2596 -0.9098 -0.3237
vn 0.3954 -0.4044 0.8247
vn 0.3676 -0.3182 0.8739
vn -0.0422 -0.9838 -0.1744
vn -0.9288 -0.0998 0.3568
vn -0.7393 -0.2779 0.6133
vn -0.7362 -0.2964 0.6084
vn -0.8887 -0.2470 0.3863
vn -0.7450 -0.3115 0.5898
vn -0.5802 -0.8060 0.1173
vn -0.7803 -0.5880 -0.2132
vn -0.7209 -0.6882 0.0817
vn -0.7851 -0.6192 -0.0153
vn 0.2594 -0.9374 0.2323
vn 0.4278 -0.8114 -0.3983
vn -0.7038 -0.5846 -0.4037
vn -0.2654 -0.7893 -0.5537
vn 0.2144 -0.6008 0.7701
vn 0.1489 -0.2486 0.9571
vn -0.0732 -0.9318 0.3556
vn -0.1491 -0.8571 0.4931
vn -0.2304 -0.6276 0.7437
vn -0.5607 -0.6236 0.5448
vn -0.4599 -0.7969 0.3917
vn 0.3399 0.7646 -0.5476
vn -0.0313 -0.8761 0.4810
vn -0.3758 -0.9238 0.0731
vn -0.1333 -0.9821 -0.1331
vn 0.2084 -0.9699 0.1258
vn -0.5925 -0.8055 0.0110
vn -0.9364 0.3481 -0.0443
vn -0.9926 0.1177 -0.0312
vn -0.9973 -0.0040 0.0740
vn -0.9544 -0.2972 -0.0276
vn 0.7227 0.5969 0.3485
vn -0.8398 -0.5186 0.1604
vn -0.6287 -0.7743 0.0720
vn -0.7861 -0.3813 0.4866
vn -0.7829 -0.1920 0.5918
vn -0.6056 -0.1177 0.7870
vn -0.9204 0.0433 0.3886
vn -0.6012 0.0830 0.7948
vn -0.2994 -0.8931 -0.3358
vn 0.8818 0.4166 -0.2213
vn 0.0483 -0.9972 -0.0566
vn 0.0137 -0.9593 0.2821
vn 0.1012 -0.9165 0.3870
vn -0.5649 -0.7851 -0.2539
vn -0.5112 -0.6625 -0.5475
vn -0.7826 0.5230 -0.3376
vn -0.5874 -0.7872 -0.1881
vn -0.4042 -0.6323 -0.6609
vn -0.2026 -0.8929 0.4021
vn -0.6134 -0.3644 0.7007
vn -0.8274 0.2385 -0.5085
vn -0.7621 0.2260 -0.6067
vn -0.7956 -0.2391 -0.5567
vn -0.6616 0.0595 -0.7475
vn -0.5692 -0.3166 0.7588
vn -0.5331 -0.8423 -0.0795
vn -0.4179 -0.7272 -0.5446
vn -0.6274 -0.0725 0.7753
vn -0.3875 -0.8579 -0.3375
vn -0.7910 0.4993 0.3535
vn -0.8108 0.0609 -0.5822
vn -0.9507 0.0678 -0.3026
vn -0.9792 0.1570 0.1288
vn -0.9608 -0.2520 -0.1152
vn -0.8972 -0.3934 -0.2008
vn -0.9821 -0.0960 0.1620
vn -0.7229 -0.6659 0.1843
vn -0.5000 -0.8560 0.1315
vn -0.4838 -0.8702 0.0935
vn -0.8991 -0.3883 -0.2020
vn -0.2750 -0.7479 -0.6041
vn -0.5501 -0.6466 0.5284
vn -0.7317 -0.2583 -0.6307
vn -0.7458 -0.2760 -0.6063
vn -0.6930 0.1190 -0.7110
vn -0.5915 -0.6569 -0.4675
vn -0.9811 0.0419 0.1887
vn -0.6636 -0.0035 0.7481
vn -0.9522 0.1915 0.2381
vn -0.9340 -0.2265 0.2763
vn -0.6770 -0.6623 0.3211
vn -0.7372 -0.5716 0.3603
vn -0.6160 -0.2858 0.7341
vn -0.8570 -0.5153 0.0068
vn -0.5034 -0.8347 -0.2233
vn -0.6996 -0.5096 0.5008
vn -0.3837 -0.8813 0.2759
vn -0.5262 -0.8336 -0.1679
vn -0.6171 -0.5593 -0.5535
vn -0.6490 -0.2792 -0.7077
vn -0.0487 -0.9964 0.0694
vn -0.0145 -0.2160 -0.9763
vn -0.6002 0.2663 -0.7542
vn -0.6064 0.2667 -0.7491
vn -0.6732 -0.2437 -0.6981
vn -0.9681 0.0745 -0.2393
vn -0.9223 -0.1935 -0.3345
vn -0.8789 0.3362 -0.3385
vn -0.2746 -0.8730 -0.4030
vn -0.3535 -0.6357 -0.6862
vn -0.3215 -0.6646 -0.6745
vn -0.7634 -0.5070 -0.4003
vn -0.6041 -0.7766 -0.1786
vn -0.7132 -0.4580 -0.5306
vn -0.5757 -0.8002 -0.1682
vn -0.9307 -0.3400 -0.1350
vn 0.0623 -0.3503 -0.9345
vn -0.0447 -0.6405 -0.7667
vn -0.8960 0.0589 -0.4401
vn -0.3496 -0.8186 -0.4558
vn -0.9373 0.0715 0.3411
vn -0.6164 0.4543 0.6432
vn -0.6976 0.5368 -0.4746
vn -0.2611 0.6696 -0.6954
vn -0.3010 -0.9288 -0.2162
vn -0.4449 -0.8943 0.0479
vn -0.9355 0.2110 0.2833
vn -0.7273 0.6233 0.2874
vn -0.6169 -0.7847 0.0605
vn -0.8071 -0.4191 0.4159
vn -0.4386 -0.6794 0.5883
vn -0.6103 0.0595 0.7899
vn -0.2622 -0.9625 0.0701
vn -0.4680 -0.7888 0.3985
vn -0.6067 -0.7682 0.2044
vn -0.6892 -0.6888 0.2247
vn -0.5386 -0.8393 0.0739
vn -0.7549 -0.4500 0.4772
vn -0.7870 -0.5089 0.3488
vn -0.9473 0.2523 0.1974
vn -0.9284 0.0386 0.3695
vn -0.4289 -0.5902 0.6839
vn -0.6096 0.2954 0.7356
vn -0.7425 -0.0948 0.6631
vn -0.9536 0.2941 -0.0639
vn -0.9739 -0.2208 0.0534
vn -0.9211 0.1974 -0.3357
vn -0.8382 -0.4839 -0.2515
vn -0.8495 -0.2406 0.4695
vn -0.7608 -0.1947 -0.6191
vn -0.6028 -0.1811 -0.7770
vn -0.8123 0.5530 -0.1850
vn -0.6344 0.4142 -0.6527
vn -0.7783 0.3615 -0.5134
vn -0.6121 0.7586 -0.2233
vn -0.7940 0.5693 -0.2131
vn -0.6682 0.6271 0.4004
vn -0.8695 0.1627 0.4664
vn -0.8721 0.2802 0.4012
vn -0.7193 0.5821 0.3792
vn -0.4242 0.8770 0.2255
vn -0.5571 0.8071 0.1955
vn -0.4297 0.8735 0.2289
vn -0.3850 0.5390 0.7491
vn -0.9799 0.1993 0.0072
vn -0.7228 -0.5532 0.4142
vn -0.6018 0.7708 -0.2091
vn -0.3766 0.8114 0.4470
vn -0.9359 0.2288 -0.2680
vn -0.4661 0.1034 -0.8787
vn -0.0221 -0.1808 -0.9833
vn -0.1754 0.0356 -0.9839
vn -0.4124 -0.2910 -0.8633
vn -0.2374 -0.1855 -0.9535
vn -0.5126 0.2331 -0.8264
vn -0.4054 0.2379 -0.8826
vn 0.0925 -0.3303 -0.9393
vn -0.7547 0.1858 -0.6293
vn -0.3700 0.7471 0.5522
vn -0.5574 -0.1814 0.8102
vn -0.5932 0.3112 0.7425
vn 0.9175 -0.1862 -0.3514
vn -0.2456 -0.9228 0.2969
vn -0.8678 0.0073 -0.4968
vn -0.8772 0.0642 -0.4757
vn -0.7989 0.4421 -0.4077
vn 0.0438 -0.9957 -0.0819
vn 0.7225 -0.3270 -0.6092
vn -0.2454 -0.9671 -0.0678
vn -0.1585 -0.9608 -0.2273
vn -0.7104 -0.4199 0.5648
vn -0.3161 -0.6577 -0.6837
vn -0.9484 0.2731 -0.1611
vn -0.9507 -0.0438 -0.3070
vn -0.9906 -0.1038 -0.0896
vn -0.9757 -0.1905 0.1084
vn -0.0429 -0.0949 -0.9946
vn -0.9895 0.1276 -0.0681
vn 0.2012 0.0628 -0.9775
vn -0.8341 0.3691 -0.4099
vn 0.0437 -0.9424 0.3316
vn 0.3857 0.1993 -0.9008
vn -0.9711 -0.0353 0.2362
vn -0.2193 0.3943 -0.8924
vn 0.1061 -0.7958 -0.5962
vn 0.1766 -0.5782 -0.7965
vn 0.1879 0.6492 -0.7371
vn -0.5760 0.5524 -0.6025
vn -0.0403 0.9229 0.3829
vn -0.1292 0.9894 -0.0670
vn -0.3133 0.2552 -0.9147
vn -0.3245 -0.5719 -0.7535
vn -0.3067 0.2096 -0.9285
vn -0.5888 -0.2599 -0.7654
vn -0.3194 -0.0387 -0.9468
vn -0.0675 -0.2281 -0.9713
vn 0.3842 0.7813 -0.4918
vn 0.0986 0.9925 -0.0720
vn 0.3805 -0.4323 -0.8175
vn -0.9033 -0.2685 0.3346
vn -0.0052 0.3505 0.9365
vn 0.2561 0.6220 0.7400
vn 0.0571 -0.9793 0.1942
vn -0.0492 -0.9964 0.0694
vn 0.0803 -0.9952 -0.0553
vn -0.8675 0.2805 -0.4107
vn -0.7982 -0.1765 0.5760
vn 0.8663 0.1565 -0.4744
vn 0.0015 -0.6554 0.7553
vn 0.1585 0.9651 -0.2086
vn 0.5029 0.8615 0.0702
vn 0.8661 -0.4635 0.1871
vn 0.1026 -0.7041 -0.7026
vn -0.5726 0.0057 -0.8198
vn -0.1635 0.4060 0.8991
vn 0.3412 0.9399 0.0090
vn 0.3374 0.9414 0.0008
vn 0.5837 0.7937 -0.1711
vn 0.5688 -0.0968 0.8167
vn -0.0448 -0.1573 0.9865
vn 0.0679 0.7604 0.6458
vn 0.0647 -0.2747 0.9594
vn -0.7073 0.3940 0.5869
vn 0.0547 0.4718 0.8800
vn -0.7558 -0.4007 0.5178
vn -0.8991 -0.3256 0.2927
vn 0.3393 0.1952 0.9202
vn -0.0841 -0.7107 0.6984
vn 0.1419 -0.9899 -0.0049
vn -0.8683 0.4859 -0.0996
vn -0.2145 0.9522 0.2176
vn 0.7231 0.1235 -0.6796
vn 0.0736 -0.8735 0.4813
vn -0.5738 -0.1823 -0.7984
vn -0.7171 -0.5123 0.4725
vn 0.0543 0.9635 -0.2621
vn -0.7857 -0.5572 0.2688
vn -0.4058 -0.8310 -0.3806
vn -0.2194 -0.9575 -0.1870
vn -0.9398 0.3111 -0.1410
vn -0.6251 -0.3888 -0.6769
vn 0.1981 -0.7507 -0.6302
vn -0.6876 0.6108 -0.3924
vn -0.9314 0.2502 -0.2642
vn -0.9106 -0.4030 -0.0914
vn -0.9731 0.0700 0.2196
vn -0.8778 -0.3281 0.3489
vn -0.4909 0.1538 -0.8575
vn -0.7007 0.6059 -0.3767
vn 0.1685 -0.0100 -0.9857
vn 0.7436 -0.5526 -0.3764
vn -0.5434 -0.3889 -0.7440
vn -0.3184 0.0446 -0.9469
vn 0.2957 -0.8526 -0.4308
vn -0.7916 -0.6030 0.0988
vn 0.0688 -0.9831 0.1699
vn -0.1284 -0.9380 0.3218
vn -0.7927 -0.6050 0.0750
vn -0.6471 -0.5436 0.5345
vn -0.6150 -0.7122 0.3384
vn -0.6109 -0.1820 -0.7705
vn -0.8904 0.2174 -0.3999
vn -0.7922 0.2718 -0.5464
vn 0.0581 -0.5974 -0.7999
vn 0.0676 -0.1803 -0.9813
vn 0.1414 -0.4867 -0.8621
vn 0.0762 -0.5963 -0.7991
vn -0.5275 -0.6632 0.5309
vn 0.3245 -0.9379 -0.1229
vn -0.5168 -0.7041 0.4870
vn 0.3748 -0.8629 -0.3390
vn 0.8346 -0.0182 -0.5506
vn -0.3141 -0.7956 -0.5180
vn -0.1328 -0.9542 -0.2680
vn -0.0840 -0.8350 -0.5437
vn -0.6113 -0.7650 -0.2026
vn -0.5396 -0.4608 -0.7046
vn -0.8318 -0.3846 -0.4002
vn -0.4082 -0.3200 -0.8550
vn -0.4131 -0.5177 -0.7492
vn -0.7225 0.0123 -0.6912
vn -0.6262 0.1285 -0.7690
vn -0.4629 -0.3673 -0.8067
vn 0.1148 -0.4114 -0.9042
vn -0.4973 -0.8129 0.3031
vn -0.2132 -0.9769 0.0139
vn -0.1043 -0.9357 0.3369
vn 0.1025 -0.9923 0.0701
vn 0.1363 -0.9884 0.0671
vn -0.4449 -0.8869 -0.1241
vn -0.2962 -0.8929 0.3390
vn -0.5558 -0.7535 -0.3512
vn 0.1928 -0.9796 0.0563
vn -0.0676 -0.4098 -0.9097
vn -0.1454 0.3619 -0.9208
vn -0.6925 -0.6746 0.2556
vn -0.8942 -0.4303 0.1232
vn -0.1005 -0.4840 -0.8693
vn -0.8626 -0.4381 -0.2529
vn -0.7673 -0.6311 0.1140
vn 0.2988 -0.2300 -0.9262
vn 0.0874 -0.9946 0.0554
vn -0.6473 -0.7607 0.0488
vn -0.2503 -0.9274 0.2779
vn -0.6756 -0.5973 -0.4322
vn -0.6326 -0.7744 0.0083
vn -0.2009 -0.9589 -0.2005
vn -0.6321 -0.7620 0.1405
vn -0.2849 -0.7363 -0.6137
vn -0.2337 -0.7267 -0.6459
vn -0.2332 -0.7024 -0.6725
vn -0.6045 -0.4038 -0.6867
vn -0.3339 -0.5900 -0.7351
vn -0.8129 -0.3193 -0.4870
vn -0.9213 -0.3889 -0.0031
vn -0.8923 -0.4395 -0.1036
vn -0.8146 -0.3944 -0.4253
vn -0.8025 -0.3447 -0.4870
vn -0.7821 -0.3646 -0.5054
vn -0.5440 0.0041 -0.8391
vn 0.0227 -0.0582 -0.9980
vn -0.4986 -0.0433 -0.8658
vn 0.6954 0.4314 0.5747
vn -0.3733 0.8792 -0.2961
vn -0.7911 -0.2072 -0.5756
vn 0.2959 -0.0463 -0.9541
vn 0.2363 -0.7980 -0.5544
vn 0.7483 -0.3655 -0.5536
vn -0.0608 -0.9737 -0.2194
vn -0.3397 -0.9232 -0.1794
vn 0.3393 -0.8502 -0.4025
vn 0.4248 -0.5444 -0.7233
vn 0.2721 -0.2300 -0.9344
vn 0.6039 0.0952 -0.7913
vn 0.2302 -0.4680 -0.8532
vn 0.0565 -0.8887 -0.4550
vn 0.2042 -0.9007 -0.3834
vn -0.0912 -0.5789 -0.8103
vn -0.2122 0.3820 -0.8995
vn -0.5247 0.5818 -0.6214
vn -0.1918 0.7422 0.6421
vn -0.0374 -0.9690 -0.2443
vn 0.5759 -0.7478 -0.3304
vn 0.3501 0.4600 -0.8160
vn 0.3609 0.0088 -0.9326
vn 0.3238 0.0723 -0.9434
vn 0.2285 0.3618 -0.9038
vn -0.1548 -0.0326 -0.9874
vn 0.4101 -0.0380 -0.9112
vn 0.6469 -0.0919 -0.7570
vn 0.6379 -0.0907 -0.7647
vn 0.2395 -0.1703 -0.9558
vn 0.2974 0.0342 -0.9541
vn 0.1467 -0.9103 -0.3871
vn 0.0747 -0.7175 -0.6925
vn 0.6615 -0.3129 -0.6816
vn 0.4390 -0.5610 -0.7018
vn 0.2084 -0.8541 -0.4765
vn 0.9498 -0.1402 -0.2798
vn 0.2015 -0.4573 -0.8662
vn -0.7674 -0.0630 -0.6381
vn -0.8590 -0.2844 -0.4257
vn -0.7441 -0.2256 -0.6288
vn -0.8350 -0.0551 -0.5475
vn -0.4998 -0.3653 -0.7853
vn -0.6906 -0.5932 -0.4138
vn -0.3703 0.2786 -0.8862
vn -0.7021 0.0594 -0.7096
vn -0.4944 0.7750 -0.3936
vn -0.3663 0.6761 -0.6393
vn -0.5626 0.3914 -0.7282
vn -0.7196 0.3035 -0.6245
vn -0.4727 0.7440 0.4723
vn 0.5080 0.0725 0.8583
vn 0.8400 -0.3770 -0.3902
vn -0.3862 -0.0637 -0.9202
vn -0.4950 0.0551 -0.8672
vn -0.4828 -0.5612 -0.6723
vn -0.6092 -0.5354 -0.5850
vn 0.5325 -0.2103 -0.8199
vn 0.8411 -0.2194 -0.4943
vn -0.5445 -0.6128 -0.5727
vn -0.5427 -0.6278 -0.5580
vn 0.4724 -0.8490 -0.2368
vn -0.8290 -0.0912 -0.5518
vn -0.5618 -0.4042 -0.7217
vn 0.5427 0.0622 -0.8376
vn 0.5632 -0.8127 0.1494
vn -0.5796 -0.1917 -0.7921
vn 0.5990 -0.5997 -0.5306
vn -0.0331 -0.9172 -0.3970
vn -0.5046 -0.3726 -0.7789
vn -0.4217 0.0722 -0.9039
vn 0.8498 -0.1018 -0.5171
vn 0.9237 -0.1642 -0.3463
vn -0.2023 0.3692 -0.9071
vn 0.3761 0.4825 -0.7910
vn 0.9716 0.2246 0.0747
vn 0.8736 -0.0459 -0.4846
vn 0.9025 0.1960 -0.3834
vn 0.4469 0.1672 -0.8788
vn -0.4849 -0.1742 -0.8570
vn -0.3548 -0.6266 -0.6939
vn 0.6987 -0.0251 -0.7150
vn 0.6761 -0.0165 -0.7366
vn 0.3649 0.3395 0.8669
vn -0.6773 0.0418 0.7345
vn 0.7691 0.0363 -0.6381
vn 0.4756 -0.4573 -0.7514
vn 0.1802 0.6932 -0.6979
vn 0.4801 -0.2973 -0.8253
vn 0.1040 0.1939 -0.9755
vn -0.2517 0.0499 -0.9665
vn -0.2597 0.6490 -0.7151
vn 0.0957 -0.2994 -0.9493
vn 0.1395 0.2664 -0.9537
vn 0.4931 -0.8409 -0.2231
vn 0.4175 0.3038 -0.8564
vn 0.4204 0.3150 -0.8509
vn 0.3061 0.2968 -0.9046
vn 0.7150 0.2050 -0.6683
vn 0.3912 0.3826 -0.8370
vn -0.1374 -0.8433 -0.5196
vn -0.1459 -0.8249 -0.5461
vn 0.1726 -0.7747 -0.6083
vn 0.4808 -0.5142 -0.7103
vn 0.8193 -0.4996 -0.2814
vn 0.2529 -0.9513 -0.1764
vn -0.0594 -0.3927 -0.9177
vn -0.0058 -0.7547 -0.6560
vn -0.3587 -0.2127 -0.9089
vn -0.4801 -0.2864 -0.8291
vn -0.6294 -0.6793 -0.3772
vn -0.5132 -0.6723 -0.5335
vn -0.8113 -0.5846 -0.0065
vn -0.7234 -0.0934 0.6841
vn -0.8323 -0.3956 0.3882
vn -0.9751 -0.2170 0.0463
vn -0.6665 -0.1381 0.7326
vn -0.5889 -0.4280 0.6856
vn -0.5562 0.8311 -0.0051
vn -0.8018 -0.0282 -0.5969
vn -0.8315 0.0186 -0.5553
vn -0.8104 -0.0752 -0.5810
vn -0.8847 -0.3773 0.2738
vn -0.6167 -0.4795 0.6243
vn -0.8438 0.4892 -0.2207
vn -0.8429 0.5027 -0.1919
vn -0.8374 0.4249 -0.3439
vn -0.3836 -0.1755 -0.9067
vn -0.8590 0.4767 -0.1866
vn -0.4993 0.7535 -0.4277
vn -0.0374 0.1194 -0.9921
vn -0.3713 -0.2847 -0.8838
vn -0.5677 0.1797 -0.8034
vn -0.4368 0.4012 -0.8051
vn -0.4483 0.2539 -0.8571
vn -0.6763 0.5408 -0.5001
vn -0.4648 -0.4157 -0.7818
vn -0.5481 -0.5170 -0.6575
vn -0.5992 -0.5910 -0.5401
vn -0.7745 -0.5703 -0.2737
vn -0.7574 -0.6402 -0.1284
vn -0.0785 -0.9554 -0.2848
vn -0.6900 -0.7136 -0.1209
vn -0.0571 -0.8968 -0.4387
vn 0.0460 0.8592 0.5096
vn -0.1443 -0.8601 -0.4893
vn -0.3085 -0.5823 -0.7522
vn -0.2381 -0.8528 -0.4649
vn -0.3081 -0.8853 -0.3483
vn -0.9854 0.0707 0.1548
vn -0.9604 0.2047 0.1890
vn -0.9868 0.1051 0.1233
vn -0.0387 -0.1906 -0.9809
vn -0.1657 -0.9578 -0.2347
vn -0.8916 -0.2891 0.3486
vn -0.9998 0.0142 -0.0148
vn -0.9957 0.0906 0.0208
vn -0.8549 -0.0247 -0.5183
vn -0.8595 -0.4990 -0.1109
vn -0.7689 -0.5473 -0.3305
vn -0.8523 -0.0862 -0.5160
vn -0.6163 -0.2753 -0.7378
vn -0.2147 -0.0063 -0.9767
vn -0.5016 0.5338 -0.6808
vn -0.2963 0.4279 -0.8539
vn -0.0583 -0.0829 -0.9948
vn -0.2930 -0.2471 -0.9236
vn -0.0837 0.0484 -0.9953
vn -0.2788 -0.8710 -0.4045
vn 0.0318 0.5509 -0.8340
vn 0.2111 0.3214 -0.9231
vn -0.3479 0.2307 -0.9087
vn -0.6310 -0.6743 -0.3836
vn -0.7736 -0.6325 -0.0379
vn -0.5020 0.5665 -0.6535
vn -0.6914 0.6288 -0.3558
vn -0.5207 0.8412 -0.1460
vn -0.2134 0.9415 -0.2608
vn -0.8513 0.5073 -0.1338
vn -0.8947 0.3289 -0.3023
vn -0.8332 0.4740 -0.2849
vn -0.9557 0.1577 0.2485
vn -0.8406 -0.2189 -0.4954
vn -0.8565 0.4040 -0.3213
vn 0.9207 0.1466 0.3616
vn -0.9336 -0.1614 -0.3198
vn -0.9779 0.0783 -0.1941
vn -0.9329 -0.0724 -0.3527
vn -0.9732 0.0905 0.2115
vn -0.8957 -0.4392 0.0699
vn -0.8952 -0.2884 0.3398
vn -0.6494 -0.7416 0.1685
vn -0.7743 -0.6327 0.0135
vn -0.8995 -0.0920 -0.4272
vn -0.6125 -0.0158 -0.7903
vn -0.6549 -0.5552 -0.5128
vn -0.8481 -0.4053 -0.3412
vn -0.6347 0.4783 -0.6070
vn -0.7147 -0.6988 -0.0287
vn -0.5720 -0.6494 -0.5011
vn -0.4004 0.5539 -0.7300
vn -0.2771 -0.9006 -0.3349
vn -0.4137 -0.8537 -0.3164
vn -0.5019 -0.3374 -0.7965
vn -0.2481 -0.3640 -0.8977
vn -0.1729 -0.6609 -0.7303
vn -0.1533 -0.8021 -0.5771
vn -0.2889 -0.5302 -0.7971
vn -0.4147 -0.8524 -0.3185
vn -0.5720 -0.4880 -0.6593
vn -0.2979 -0.9106 -0.2865
vn -0.7500 -0.6501 -0.1221
vn -0.8076 -0.4546 -0.3757
vn -0.5576 -0.4647 -0.6879
vn -0.1232 0.3670 0.9220
vn 0.2355 0.1009 0.9666
vn 0.3153 -0.4663 0.8266
vn 0.4204 -0.8810 0.2168
vn -0.3775 -0.3260 -0.8667
vn -0.8712 -0.2845 0.4000
vn 0.1438 -0.9865 0.0781
vn -0.3009 0.2023 0.9319
vn 0.5571 -0.5067 0.6580
vn 0.1260 -0.4699 0.8737
vn -0.8168 -0.2571 0.5165
vn 0.9106 -0.3791 0.1647
vn 0.5611 -0.2522 0.7884
vn 0.9245 -0.3185 0.2094
vn 0.2830 -0.9247 0.2547
vn 0.2646 -0.8974 0.3530
vn 0.2351 0.1206 0.9645
vn 0.2577 -0.9653 -0.0433
vn 0.2484 -0.9288 0.2750
vn -0.8302 0.1034 0.5479
vn 0.4693 -0.8260 0.3121
vn 0.7649 -0.5076 0.3964
vn 0.1152 0.4190 0.9007
vn 0.1945 0.0920 0.9766
vn 0.8881 0.0101 -0.4595
vn 0.0836 0.3850 0.9191
vn 0.7655 0.3622 0.5319
vn 0.5915 -0.8009 0.0933
vn -0.5914 -0.7904 -0.1596
vn 0.3898 0.8532 -0.3465
vn 0.6301 0.7749 -0.0499
vn 0.2054 -0.9154 0.3462
vn 0.0847 -0.1805 0.9799
vn -0.6837 0.6234 0.3793
vn 0.2218 0.4397 0.8703
vn -0.2881 0.1812 0.9403
vn -0.9499 -0.2928 -0.1092
vn -0.5925 -0.8016 0.0795
vn -0.8261 -0.2103 0.5227
vn -0.9740 0.1411 -0.1775
vn -0.9315 0.3558 -0.0761
vn 0.1141 -0.0276 -0.9931
vn -0.7202 0.0191 -0.6935
vn -0.8500 0.5253 -0.0387
vn -0.9151 -0.3387 0.2189
vn 0.6506 0.7156 -0.2541
vn 0.5757 0.1371 -0.8060
vn -0.1990 0.9638 -0.1775
vn 0.4131 0.4322 -0.8016
vn 0.3405 -0.5021 -0.7949
vn -0.3439 0.8975 0.2761
vn -0.6321 0.7008 0.3307
vn -0.5695 0.2256 -0.7904
vn -0.8085 0.2805 -0.5174
vn -0.3103 0.7398 -0.5970
vn -0.4776 0.1031 -0.8725
vn 0.1970 -0.7854 0.5869
vn -0.5955 0.4453 -0.6687
vn 0.1664 0.9605 -0.2231
vn -0.7942 0.2816 0.5385
vn -0.2731 0.6019 0.7504
vn -0.7529 -0.4054 0.5184
vn -0.6582 -0.4656 0.5916
vn -0.4086 -0.8385 -0.3604
vn -0.2923 -0.8867 -0.3582
vn -0.3627 -0.8100 -0.4608
vn 0.3644 -0.8440 -0.3937
vn 0.1162 -0.5347 -0.8370
vn -0.5046 0.7309 -0.4595
vn 0.3199 -0.4784 -0.8178
vn -0.0483 -0.9659 -0.2544
vn 0.4711 -0.6742 -0.5687
vn -0.0888 -0.2792 -0.9561
vn -0.3361 -0.4797 -0.8105
vn -0.2601 -0.6629 -0.7021
vn -0.3294 -0.3786 -0.8650
vn -0.6602 -0.4164 -0.6251
vn 0.3523 0.1036 -0.9301
vn -0.0398 -0.3048 -0.9516
vn -0.4542 -0.0612 -0.8888
vn -0.6471 0.7073 -0.2846
vn 0.2499 0.8946 0.3704
vn -0.1321 0.6156 -0.7769
vn -0.4355 0.4883 0.7563
vn 0.5957 0.7547 -0.2748
vn 0.8351 0.5386 0.1117
vn -0.8261 0.5185 0.2207
vn 0.9017 -0.4195 0.1041
vn 0.4362 0.4530 -0.7775
vn 0.8219 0.5694 0.0149
vn 0.3438 0.7604 0.5510
vn 0.2018 0.8758 -0.4384
vn -0.5605 0.7584 -0.3327
vn 0.8342 0.3697 -0.4091
vn 0.4544 0.6114 0.6479
vn -0.0409 0.9937 0.1046
vn 0.1024 0.9840 0.1457
vn 0.5475 0.8367 -0.0099
vn 0.8468 0.4777 -0.2340
vn -0.0500 0.3411 0.9387
vn 0.7628 0.6202 -0.1831
vn 0.7390 0.5298 -0.4163
vn 0.2558 0.4573 0.8517
vn 0.7511 0.5771 -0.3206
vn 0.6512 0.7009 -0.2910
vn 0.8180 0.5443 -0.1860
vn 0.6368 0.6889 -0.3463
vn 0.7504 0.2129 0.6258
vn -0.8222 0.5345 -0.1956
vn -0.1854 0.7927 -0.5807
vn -0.6236 0.6839 -0.3787
vn -0.5094 0.8413 0.1807
vn -0.5582 0.6918 0.4581
vn 0.5809 0.6142 -0.5341
vn 0.6391 0.5792 -0.5060
vn 0.6882 0.5082 -0.5178
vn 0.8348 0.0192 -0.5502
vn 0.7836 0.5717 -0.2433
vn 0.4914 0.6937 -0.5266
vn -0.1121 0.1243 0.9859
vn -0.1370 -0.0479 0.9894
vn 0.5289 0.5902 0.6099
vn 0.5782 0.4831 0.6575
vn 0.1323 0.6892 0.7124
vn 0.6389 0.5052 0.5801
vn 0.6415 0.4745 0.6028
vn 0.3690 0.4474 -0.8146
vn 0.5823 0.8044 0.1174
vn 0.3356 0.9376 0.0913
vn 0.3579 0.9310 0.0723
vn -0.1935 0.9130 -0.3591
vn 0.4318 0.8841 -0.1786
vn 0.6352 0.6282 -0.4493
vn 0.5893 -0.0604 0.8057
vn 0.7590 0.5232 -0.3875
vn 0.4983 0.3288 -0.8022
vn 0.0404 0.8690 -0.4932
vn 0.5001 0.3932 -0.7716
vn 0.6021 -0.0622 0.7960
vn 0.4048 0.8348 0.3730
vn -0.6804 -0.7165 0.1537
vn -0.6792 -0.6948 -0.2367
vn -0.6619 -0.7391 0.1250
vn 0.1498 -0.9237 0.3526
vn -0.1035 -0.9944 0.0197
vn 0.6359 0.4715 0.6110
vn 0.7688 -0.5005 0.3981
vn 0.8798 -0.1201 0.4600
vn -0.7864 -0.2121 0.5802
vn -0.7337 -0.2700 0.6235
vn 0.0905 0.8387 0.5370
vn -0.8187 -0.2359 0.5236
vn 0.3309 0.9428 -0.0396
vn -0.7993 -0.1106 0.5907
vn -0.8340 0.0765 0.5464
vn -0.6342 0.1880 0.7500
vn -0.3016 -0.1318 0.9443
vn 0.4102 -0.7701 0.4885
vn -0.8721 0.0473 -0.4871
vn -0.7184 0.4108 0.5614
vn -0.1513 -0.8297 -0.5374
vn 0.3411 0.3311 -0.8798
vn -0.6246 0.1183 -0.7720
vn -0.5517 0.3107 -0.7740
vn 0.8792 -0.4603 0.1233
vn 0.8795 -0.4629 0.1105
vn 0.4008 -0.8604 -0.3147
vn -0.4997 -0.5388 -0.6782
vn -0.5623 -0.5959 -0.5734
vn -0.7052 -0.1876 -0.6838
vn -0.7931 0.1040 -0.6002
vn 0.7965 0.5627 0.2212
vn 0.4994 -0.7793 -0.3785
vn -0.2780 -0.9604 -0.0200
vn 0.8740 0.3970 -0.2801
vn 0.7197 -0.2947 0.6286
vn -0.3103 -0.7282 -0.6111
vn -0.7791 0.2345 -0.5814
vn -0.5516 0.7730 0.3133
vn 0.4720 -0.8030 -0.3639
vn 0.1675 0.4395 -0.8825
vn -0.4558 -0.4670 0.7577
vn 0.0771 0.5101 0.8567
vn 0.5183 0.1506 0.8418
vn -0.4617 -0.2513 0.8507
vn 0.3491 0.9231 -0.1610
vn 0.4788 0.8304 -0.2850
vn -0.1471 0.9807 -0.1289
vn 0.4730 0.7254 -0.5000
vn 0.1941 0.4014 -0.8951
vn 0.6616 0.7027 -0.2616
vn 0.7912 0.5825 0.1862
vn 0.5034 0.4854 -0.7148
vn 0.8386 0.5211 0.1587
vn -0.7273 0.6035 -0.3268
vn -0.7943 0.5711 -0.2073
vn -0.7645 0.3655 -0.5310
vn -0.3880 0.6629 -0.6404
vn -0.3293 0.1588 -0.9308
vn -0.3682 0.6227 -0.6904
vn 0.8011 0.3591 0.4788
vn 0.7952 0.6018 -0.0737
vn 0.5908 0.6517 0.4756
vn 0.3369 0.5351 0.7747
vn -0.7981 -0.3177 -0.5120
vn -0.3591 -0.7985 -0.4831
vn -0.8029 -0.0935 -0.5887
vn -0.6880 -0.5557 -0.4667
vn -0.4202 -0.6592 -0.6236
vn -0.7291 -0.4631 -0.5039
vn -0.8306 0.2897 -0.4756
vn -0.7661 0.0664 -0.6392
vn -0.8375 0.3653 -0.4065
vn 0.5391 -0.8050 -0.2478
vn -0.4680 -0.7375 -0.4869
vn -0.3854 -0.8295 -0.4042
vn -0.0962 0.9802 0.1729
vn 0.9300 -0.3030 -0.2081
vn 0.1230 -0.9912 0.0492
vn 0.2574 -0.9556 -0.1435
vn 0.8097 -0.5523 0.1981
vn 0.3422 -0.2325 0.9104
vn 0.7815 0.5996 0.1722
vn 0.8634 0.3953 0.3135
vn 0.6143 -0.7852 0.0783
vn -0.0904 0.2408 -0.9663
vn -0.0416 0.1722 -0.9842
vn -0.5329 0.6776 0.5069
vn -0.5139 0.6871 0.5135
vn 0.1379 -0.9730 -0.1849
vn -0.1052 -0.9125 -0.3954
vn -0.1404 -0.7606 -0.6339
vn -0.0719 0.9670 -0.2444
vn 0.2976 0.8371 -0.4591
vn -0.0888 0.9886 -0.1219
vn -0.1972 0.8771 -0.4379
vn -0.6366 0.7532 -0.1657
vn -0.1264 0.6149 -0.7784
vn 0.4285 0.8487 0.3099
vn 0.6595 0.7062 0.2577
vn 0.2280 0.9005 0.3703
vn 0.3249 0.7664 0.5541
vn -0.6314 0.5134 -0.5812
vn -0.7760 -0.6202 -0.1146
vn 0.6193 0.7777 0.1082
vn -0.9966 0.0548 -0.0613
vn 0.2381 0.9625 -0.1299
vn 0.0555 0.8938 -0.4449
vn -0.7012 -0.3903 -0.5966
vn 0.9676 -0.2420 0.0722
vn 0.2848 0.9059 0.3134
vn -0.3196 0.6948 -0.6443
vn 0.4491 -0.2837 -0.8472
vn 0.7215 -0.5485 -0.4226
vn 0.7271 -0.5481 -0.4133
vn 0.7776 -0.2539 -0.5752
vn -0.0549 -0.2261 -0.9726
vn 0.0726 0.2687 -0.9605
vn 0.4751 -0.7488 -0.4621
vn 0.4489 -0.2840 -0.8473
vn 0.8144 -0.4526 0.3632
vn 0.9626 -0.1259 0.2397
vn -0.5239 0.0368 0.8510
vn -0.9120 -0.4048 0.0671
vn -0.9041 -0.0482 -0.4246
vn -0.9711 -0.0756 -0.2264
vn -0.9876 0.0079 -0.1565
vn -0.6647 -0.1093 0.7391
vn -0.9418 -0.3330 -0.0461
vn -0.8561 0.0245 -0.5163
vn 0.9467 -0.0292 -0.3209
vn -0.9119 0.2244 0.3435
vn -0.9848 0.0914 0.1476
vn -0.9678 0.1485 0.2032
vn -0.8463 -0.3992 -0.3528
vn -0.3245 -0.6434 -0.6933
vn 0.9678 0.2465 -0.0511
vn 0.8995 -0.3590 -0.2490
vn 0.6575 -0.6272 -0.4176
vn 0.9610 0.0635 0.2692
vn 0.9108 -0.3044 0.2789
vn 0.0226 0.9132 -0.4068
vn 0.8070 -0.5565 -0.1975
vn 0.2014 -0.8609 -0.4672
vn 0.5617 -0.5796 0.5904
vn 0.3113 0.8682 -0.3864
vn 0.6877 -0.6369 0.3484
vn -0.2212 -0.1407 0.9650
vn -0.2632 -0.0576 0.9630
vn 0.4794 -0.6095 0.6314
vn 0.6481 -0.4595 0.6073
vn 0.1185 -0.5460 0.8294
vn -0.3561 -0.5125 0.7813
vn 0.9113 -0.2875 0.2949
vn 0.1536 0.3758 0.9139
vn 0.6093 0.4903 0.6232
vn 0.4882 0.2466 0.8372
vn -0.2359 -0.0734 0.9690
vn 0.1351 0.4706 0.8720
vn 0.4723 0.4772 0.7411
vn 0.4820 0.4771 0.7349
vn 0.7569 -0.5194 0.3966
vn 0.9663 -0.2572 0.0072
vn -0.0353 0.3906 0.9199
vn 0.7444 -0.6657 0.0514
vn 0.6533 -0.6764 -0.3402
vn 0.5639 -0.8118 -0.1517
vn 0.1979 -0.9755 0.0957
vn 0.8136 -0.5814 -0.0006
vn 0.1415 0.2749 0.9510
vn 0.4614 0.0821 0.8834
vn 0.4994 0.2955 0.8144
vn 0.5945 -0.1415 0.7916
vn 0.5954 0.7836 0.1777
vn 0.6320 0.7140 0.3014
vn 0.5728 0.7644 0.2959
vn 0.7414 0.2094 0.6376
vn 0.9706 -0.0119 0.2406
vn 0.3423 0.9361 -0.0813
vn 0.8961 0.1952 0.3986
vn -0.8173 0.5421 -0.1954
vn -0.9659 0.0586 -0.2521
vn -0.9967 -0.0347 0.0733
vn -0.3656 0.3591 -0.8587
vn 0.1091 0.9842 -0.1395
vn 0.2478 0.9649 -0.0870
vn -0.3363 0.6972 -0.6331
vn -0.6705 -0.7419 0.0004
vn 0.6229 0.7283 -0.2856
vn 0.6317 0.0618 -0.7728
vn 0.1651 0.9794 -0.1159
vt 0.085594 0.324054
vt 0.086206 0.324048
vt 0.086020 0.324474
vt 0.230299 0.792164
vt 0.230176 0.792723
vt 0.229787 0.792276
vt 0.149954 0.216710
vt 0.150070 0.217229
vt 0.149539 0.216861
vt 0.170069 0.620411
vt 0.169539 0.620462
vt 0.169518 0.620074
vt 0.114141 0.852367
vt 0.114613 0.852664
vt 0.114217 0.852865
vt 0.177885 0.657503
vt 0.178133 0.657929
vt 0.177566 0.658037
vt 0.274016 0.713524
vt 0.273847 0.713943
vt 0.273664 0.713551
vt 0.223276 0.904564
vt 0.223282 0.904133
vt 0.223732 0.904396
vt 0.053253 0.205662
vt 0.053008 0.205213
vt 0.053556 0.205235
vt 0.109623 0.157707
vt 0.109094 0.157370
vt 0.109526 0.157226
vt 0.217213 0.719398
vt 0.217164 0.719011
vt 0.217463 0.718990
vt 0.232652 0.937844
vt 0.232729 0.937468
vt 0.233082 0.937674
vt 0.226449 0.369576
vt 0.226945 0.369541
vt 0.226982 0.369904
vt 0.125642 0.245788
vt 0.125360 0.246424
vt 0.125184 0.246030
vt 0.243495 0.053506
vt 0.243515 0.052986
vt 0.243741 0.053201
vt 0.141533 0.851418
vt 0.141732 0.851873
vt 0.140983 0.851890
vt 0.115738 0.067885
vt 0.115411 0.067551
vt 0.115686 0.067388
vt 0.293462 0.334276
vt 0.293431 0.334823
vt 0.293094 0.334430
vt 0.085287 0.741175
vt 0.084951 0.741587
vt 0.084867 0.741087
vt 0.203150 0.146315
vt 0.203452 0.146372
vt 0.203261 0.146729
vt 0.122577 0.761020
vt 0.122093 0.761012
vt 0.122594 0.760469
vt 0.004168 0.411778
vt 0.003953 0.411315
vt 0.004396 0.411436
vt 0.270661 0.778593
vt 0.270285 0.779063
vt 0.270045 0.778793
vt 0.227957 0.475957
vt 0.228298 0.476273
vt 0.227621 0.476184
vt 0.166027 0.049785
vt 0.166449 0.049512
vt 0.166453 0.050080
vt 0.054036 0.089198
vt 0.053692 0.088813
vt 0.054333 0.088753
vt 0.020160 0.270314
vt 0.020546 0.270105
vt 0.020360 0.270324
vt 0.089855 0.279230
vt 0.089455 0.278706
vt 0.089908 0.278678
vt 0.351193 0.939638
vt 0.349064 0.939402
vt 0.350013 0.938894
vt 0.227667 0.461186
vt 0.228003 0.460854
vt 0.228179 0.461290
vt 0.037382 0.139213
vt 0.037374 0.139644
vt 0.037080 0.139528
vt 0.207332 0.509251
vt 0.207808 0.508960
vt 0.207763 0.509436
vt 0.196704 0.264452
vt 0.195424 0.265119
vt 0.195910 0.263658
vt 0.063723 0.757065
vt 0.059517 0.761398
vt 0.055580 0.764299
vt 0.058114 0.756471
vt 0.147558 0.752049
vt 0.147135 0.752440
vt 0.147107 0.751999
vt 0.113563 0.378693
vt 0.113788 0.378396
vt 0.113924 0.378712
vt 0.152156 0.345993
vt 0.152711 0.345798
vt 0.152558 0.346332
vt 0.372501 0.536895
vt 0.372215 0.536512
vt 0.372323 0.537247
vt 0.228238 0.231780
vt 0.228852 0.231812
vt 0.228423 0.232453
vt 0.115759 0.971669
vt 0.115974 0.972050
vt 0.115373 0.971850
vt 0.208644 0.759072
vt 0.208261 0.759049
vt 0.208437 0.758652
vt 0.057301 0.542095
vt 0.057678 0.542295
vt 0.057196 0.542474
vt 0.353639 0.733740
vt 0.353488 0.734091
vt 0.353220 0.733754
vt 0.092543 0.405694
vt 0.092285 0.405160
vt 0.092737 0.405453
vt 0.316869 0.695934
vt 0.317182 0.696117
vt 0.317075 0.696503
vt 0.298801 0.216340
vt 0.298927 0.216706
vt 0.298576 0.216587
vt 0.109585 0.762876
vt 0.109973 0.762448
vt 0.109990 0.762971
vt 0.279234 0.425318
vt 0.280100 0.425647
vt 0.279363 0.426515
vt 0.123000 0.759969
vt 0.123199 0.760461
vt 0.078429 0.549954
vt 0.078882 0.549950
vt 0.078761 0.550468
vt 0.195710 0.173088
vt 0.195552 0.173544
vt 0.195288 0.173197
vt 0.197211 0.172776
vt 0.197494 0.172576
vt 0.197497 0.173024
vt 0.058451 0.168267
vt 0.058333 0.167726
vt 0.058725 0.167782
vt 0.111549 0.490271
vt 0.112084 0.490204
vt 0.112024 0.490667
vt 0.113008 0.852156
vt 0.113228 0.852404
vt 0.112939 0.852578
vt 0.111904 0.866251
vt 0.111543 0.866229
vt 0.111588 0.865889
vt 0.231259 0.630038
vt 0.231942 0.629829
vt 0.231823 0.630395
vt 0.223575 0.904911
vt 0.223118 0.905018
vt 0.214140 0.615040
vt 0.213962 0.614602
vt 0.214387 0.614702
vt 0.273288 0.714799
vt 0.273270 0.714361
vt 0.273629 0.714623
vt 0.056788 0.245274
vt 0.056342 0.244924
vt 0.056739 0.244660
vt 0.319512 0.263093
vt 0.320043 0.263081
vt 0.319872 0.263660
vt 0.319156 0.954935
vt 0.319206 0.955373
vt 0.318798 0.955059
vt 0.110198 0.024805
vt 0.110524 0.024416
vt 0.110722 0.024874
vt 0.188052 0.465714
vt 0.188364 0.465814
vt 0.188224 0.466021
vt 0.126026 0.242571
vt 0.125628 0.242548
vt 0.126045 0.242198
vt 0.319288 0.737147
vt 0.318734 0.737202
vt 0.319323 0.736539
vt 0.196934 0.426708
vt 0.197495 0.426530
vt 0.197378 0.426950
vt 0.657524 0.906472
vt 0.657291 0.905792
vt 0.658032 0.906186
vt 0.326628 0.034774
vt 0.325957 0.034559
vt 0.326247 0.034128
vt 0.044969 0.236450
vt 0.044803 0.235843
vt 0.045463 0.235540
vt 0.236510 0.782001
vt 0.236483 0.781315
vt 0.236842 0.781737
vt 0.224757 0.672025
vt 0.223750 0.670160
vt 0.222635 0.672519
vt 0.047830 0.427214
vt 0.047513 0.427001
vt 0.047891 0.426805
vt 0.109319 0.568511
vt 0.109220 0.568962
vt 0.108831 0.568467
vt 0.107401 0.563373
vt 0.107732 0.563713
vt 0.107237 0.563785
vt 0.311866 0.838650
vt 0.311422 0.839080
vt 0.311477 0.838628
vt 0.179270 0.906785
vt 0.179253 0.907155
vt 0.178915 0.906604
vt 0.080342 0.492355
vt 0.080047 0.492819
vt 0.080050 0.492344
vt 0.028918 0.043587
vt 0.028858 0.043240
vt 0.029216 0.043070
vt 0.228943 0.367883
vt 0.229286 0.367447
vt 0.229260 0.368300
vt 0.289952 0.717810
vt 0.289880 0.717262
vt 0.290195 0.717344
vt 0.121495 0.144913
vt 0.121114 0.145183
vt 0.121157 0.144765
vt 0.016181 0.027358
vt 0.016385 0.027561
vt 0.015857 0.027816
vt 0.109168 0.572903
vt 0.108553 0.572788
vt 0.108773 0.572601
vt 0.120709 0.513612
vt 0.120341 0.514048
vt 0.120215 0.513519
vt 0.024189 0.037181
vt 0.024024 0.036596
vt 0.024563 0.036738
vt 0.061534 0.604760
vt 0.061533 0.605295
vt 0.061133 0.605043
vt 0.196284 0.089544
vt 0.195964 0.089436
vt 0.196152 0.089303
vt 0.149412 0.239425
vt 0.149326 0.238994
vt 0.149674 0.239027
vt 0.081213 0.233364
vt 0.080446 0.233062
vt 0.081242 0.232962
vt 0.170120 0.434779
vt 0.170224 0.434180
vt 0.170650 0.434652
vt 0.080141 0.686561
vt 0.079863 0.686106
vt 0.080475 0.686324
vt 0.147483 0.039049
vt 0.147909 0.039242
vt 0.147537 0.039558
vt 0.146809 0.315223
vt 0.146280 0.315172
vt 0.146627 0.314671
vt 0.177332 0.257606
vt 0.176974 0.257232
vt 0.177348 0.257011
vt 0.168428 0.744278
vt 0.168008 0.743806
vt 0.168578 0.743767
vt 0.059370 0.607348
vt 0.058926 0.607587
vt 0.058829 0.607004
vt 0.302109 0.522059
vt 0.302416 0.521824
vt 0.302495 0.522270
vt 0.227017 0.820872
vt 0.227191 0.821411
vt 0.226785 0.821292
vt 0.113087 0.215818
vt 0.112897 0.215148
vt 0.113315 0.215492
vt 0.114454 0.215611
vt 0.114439 0.215069
vt 0.114639 0.215421
vt 0.139129 0.323762
vt 0.138920 0.324091
vt 0.138696 0.323680
vt 0.249269 0.320865
vt 0.249318 0.320503
vt 0.249527 0.320821
vt 0.174473 0.225580
vt 0.174284 0.225904
vt 0.174025 0.225449
vt 0.209136 0.124671
vt 0.209703 0.124868
vt 0.209328 0.125180
vt 0.206959 0.842282
vt 0.207322 0.842475
vt 0.207068 0.842684
vt 0.226759 0.530052
vt 0.226967 0.530394
vt 0.226447 0.530453
vt 0.303138 0.573500
vt 0.302868 0.573499
vt 0.302874 0.573131
vt 0.169563 0.434054
vt 0.170008 0.433614
vt 0.174992 0.199131
vt 0.174421 0.198667
vt 0.175310 0.198710
vt 0.174174 0.199312
vt 0.153864 0.917058
vt 0.153332 0.917678
vt 0.153460 0.917288
vt 0.055022 0.749476
vt 0.053710 0.749442
vt 0.054588 0.749000
vt 0.151403 0.921478
vt 0.151112 0.921013
vt 0.151563 0.921039
vt 0.231274 0.833343
vt 0.230754 0.833604
vt 0.230995 0.833123
vt 0.310369 0.040014
vt 0.310282 0.040726
vt 0.309871 0.040669
vt 0.280352 0.038941
vt 0.279933 0.039484
vt 0.279763 0.038941
vt 0.150313 0.249967
vt 0.150709 0.250099
vt 0.150361 0.250397
vt 0.281530 0.797827
vt 0.281995 0.797901
vt 0.281646 0.798100
vt 0.224363 0.937430
vt 0.224658 0.937842
vt 0.224253 0.937844
vt 0.019947 0.171896
vt 0.020253 0.171606
vt 0.020590 0.172149
vt 0.086991 0.596812
vt 0.087380 0.597011
vt 0.087081 0.597312
vt 0.073612 0.316296
vt 0.073324 0.316127
vt 0.073852 0.315867
vt 0.081234 0.310861
vt 0.081939 0.310702
vt 0.081991 0.311220
vt 0.121008 0.431766
vt 0.120688 0.431331
vt 0.121353 0.431280
vt 0.010350 0.167359
vt 0.010582 0.167282
vt 0.010784 0.167768
vt 0.020991 0.170581
vt 0.020794 0.171112
vt 0.020550 0.170817
vt 0.006867 0.175896
vt 0.006160 0.175931
vt 0.006287 0.175533
vt 0.196310 0.515507
vt 0.195760 0.515381
vt 0.195900 0.514976
vt 0.375788 0.651140
vt 0.375267 0.650715
vt 0.375125 0.651539
vt 0.369495 0.161534
vt 0.368997 0.160894
vt 0.369436 0.161058
vt 0.229659 0.018747
vt 0.229270 0.017514
vt 0.231098 0.017842
vt 0.113959 0.427831
vt 0.113996 0.427434
vt 0.114440 0.427599
vt 0.142033 0.850986
vt 0.141999 0.851547
vt 0.214584 0.503142
vt 0.214008 0.503153
vt 0.214634 0.502853
vt 0.190049 0.808475
vt 0.190285 0.808573
vt 0.189971 0.808783
vt 0.191194 0.153840
vt 0.191282 0.153274
vt 0.191503 0.153637
vt 0.186366 0.821036
vt 0.186229 0.821519
vt 0.185908 0.820991
vt 0.198458 0.814411
vt 0.198053 0.814653
vt 0.198116 0.814042
vt 0.353573 0.294638
vt 0.353719 0.294991
vt 0.353424 0.294836
vt 0.143399 0.523380
vt 0.143953 0.523490
vt 0.143804 0.523816
vt 0.278998 0.548364
vt 0.278698 0.548202
vt 0.278966 0.548044
vt 0.269330 0.120264
vt 0.269192 0.120590
vt 0.269081 0.120112
vt 0.325869 0.552055
vt 0.325491 0.551744
vt 0.326091 0.551472
vt 0.146835 0.869402
vt 0.147093 0.869290
vt 0.147021 0.869611
vt 0.148422 0.882691
vt 0.148905 0.882816
vt 0.148433 0.882975
vt 0.354321 0.690531
vt 0.354300 0.690110
vt 0.354665 0.690458
vt 0.313078 0.433843
vt 0.312963 0.434245
vt 0.312582 0.434056
vt 0.119301 0.054844
vt 0.119352 0.055302
vt 0.119024 0.055244
vt 0.111910 0.048838
vt 0.111437 0.048998
vt 0.111470 0.048636
vt 0.088419 0.077984
vt 0.088406 0.078368
vt 0.088052 0.078245
vt 0.096622 0.084343
vt 0.096224 0.084102
vt 0.096759 0.084014
vt 0.025351 0.422317
vt 0.025053 0.422548
vt 0.025196 0.422149
vt 0.273694 0.267003
vt 0.274101 0.266691
vt 0.274133 0.267272
vt 0.247097 0.824381
vt 0.247026 0.824120
vt 0.247402 0.824332
vt 0.270703 0.779188
vt 0.147329 0.206401
vt 0.146948 0.206940
vt 0.146774 0.206350
vt 0.020577 0.011467
vt 0.020306 0.011941
vt 0.020256 0.011412
vt 0.027185 0.018700
vt 0.026963 0.018503
vt 0.027196 0.018319
vt 0.010596 0.014745
vt 0.010577 0.014222
vt 0.010937 0.014453
vt 0.175734 0.386567
vt 0.175454 0.386862
vt 0.175227 0.386370
vt 0.125543 0.343552
vt 0.126006 0.343343
vt 0.125951 0.343838
vt 0.124619 0.343046
vt 0.124598 0.343468
vt 0.124173 0.343462
vt 0.029492 0.420249
vt 0.029048 0.420481
vt 0.029041 0.420091
vt 0.092747 0.935691
vt 0.093371 0.935747
vt 0.093132 0.936207
vt 0.247717 0.913736
vt 0.248225 0.914208
vt 0.247645 0.914090
vt 0.113733 0.334941
vt 0.113258 0.334615
vt 0.113923 0.334579
vt 0.344519 0.202974
vt 0.344891 0.202771
vt 0.344788 0.203248
vt 0.294896 0.537892
vt 0.295281 0.537905
vt 0.295088 0.538275
vt 0.214083 0.153777
vt 0.214128 0.154253
vt 0.213640 0.153728
vt 0.080341 0.936365
vt 0.080249 0.936833
vt 0.080011 0.936727
vt 0.301457 0.889645
vt 0.301635 0.889894
vt 0.301333 0.890032
vt 0.293847 0.538884
vt 0.294393 0.538850
vt 0.294147 0.539274
vt 0.083608 0.922056
vt 0.083531 0.921667
vt 0.084064 0.921618
vt 0.249375 0.365065
vt 0.248927 0.365116
vt 0.249102 0.364723
vt 0.304019 0.889527
vt 0.304249 0.889957
vt 0.303909 0.890171
vt 0.170786 0.046152
vt 0.170819 0.045641
vt 0.171225 0.045819
vt 0.171307 0.044806
vt 0.170913 0.044728
vt 0.171473 0.044439
vt 0.244448 0.374537
vt 0.244730 0.373976
vt 0.244910 0.374572
vt 0.083822 0.741639
vt 0.083456 0.741160
vt 0.084026 0.741082
vt 0.307751 0.741434
vt 0.307766 0.740949
vt 0.308229 0.741181
vt 0.244382 0.161486
vt 0.244816 0.161991
vt 0.244127 0.161827
vt 0.205586 0.094383
vt 0.205973 0.094282
vt 0.206043 0.094597
vt 0.309765 0.380996
vt 0.309558 0.380672
vt 0.309870 0.380571
vt 0.280308 0.423596
vt 0.279514 0.424885
vt 0.151721 0.560680
vt 0.151597 0.561190
vt 0.151328 0.560944
vt 0.243839 0.824001
vt 0.244094 0.823576
vt 0.244325 0.824055
vt 0.273552 0.266559
vt 0.184982 0.737026
vt 0.186589 0.732358
vt 0.184208 0.735797
vt 0.188181 0.736379
vt 0.226820 0.945159
vt 0.228982 0.947066
vt 0.230779 0.947949
vt 0.319330 0.866573
vt 0.319660 0.866846
vt 0.319272 0.867062
vt 0.089609 0.936690
vt 0.089428 0.937172
vt 0.088939 0.936833
vt 0.090500 0.938199
vt 0.091061 0.938299
vt 0.090596 0.938718
vt 0.081138 0.335876
vt 0.081136 0.335350
vt 0.081392 0.335613
vt 0.184335 0.366674
vt 0.184769 0.367030
vt 0.184329 0.367026
vt 0.186926 0.362522
vt 0.186663 0.362161
vt 0.186984 0.362241
vt 0.025474 0.104016
vt 0.025133 0.104217
vt 0.024965 0.103849
vt 0.028823 0.347439
vt 0.029275 0.346743
vt 0.029391 0.347105
vt 0.029893 0.329477
vt 0.029470 0.328877
vt 0.029988 0.328929
vt 0.085092 0.939260
vt 0.084692 0.939365
vt 0.084637 0.938944
vt 0.147719 0.105822
vt 0.147640 0.106247
vt 0.147101 0.105949
vt 0.333551 0.802340
vt 0.333111 0.802013
vt 0.333704 0.801909
vt 0.302819 0.597173
vt 0.302910 0.597519
vt 0.302464 0.597677
vt 0.126607 0.676198
vt 0.126225 0.675765
vt 0.126746 0.675783
vt 0.015893 0.020986
vt 0.015539 0.020735
vt 0.015801 0.020549
vt 0.015885 0.023101
vt 0.015523 0.023115
vt 0.015551 0.022927
vt 0.016295 0.020926
vt 0.054485 0.089439
vt 0.053928 0.089664
vt 0.320780 0.664834
vt 0.321332 0.664859
vt 0.321009 0.665152
vt 0.038851 0.040766
vt 0.038990 0.040359
vt 0.039326 0.040506
vt 0.022669 0.255670
vt 0.023203 0.255469
vt 0.023187 0.256041
vt 0.034400 0.256800
vt 0.034223 0.257165
vt 0.034105 0.256706
vt 0.031448 0.259060
vt 0.031777 0.258615
vt 0.031999 0.259395
vt 0.110668 0.676735
vt 0.110309 0.677082
vt 0.110268 0.676712
vt 0.124438 0.699702
vt 0.124416 0.699367
vt 0.124847 0.699540
vt 0.173172 0.565575
vt 0.173414 0.565091
vt 0.173569 0.565439
vt 0.011177 0.609136
vt 0.011510 0.609256
vt 0.011023 0.609509
vt 0.079656 0.377007
vt 0.079319 0.377271
vt 0.079175 0.377114
vt 0.071699 0.464636
vt 0.072045 0.464724
vt 0.071885 0.465194
vt 0.081296 0.463436
vt 0.081284 0.462917
vt 0.081711 0.463261
vt 0.230950 0.790057
vt 0.231377 0.790134
vt 0.231000 0.790558
vt 0.309950 0.938326
vt 0.313097 0.936220
vt 0.309540 0.937103
vt 0.298989 0.558874
vt 0.301094 0.559104
vt 0.299842 0.557033
vt 0.207538 0.284263
vt 0.208942 0.281826
vt 0.206268 0.282558
vt 0.012559 0.627557
vt 0.012059 0.627389
vt 0.012364 0.627178
vt 0.023379 0.621312
vt 0.023217 0.620544
vt 0.023897 0.620718
vt 0.027231 0.244393
vt 0.027153 0.244974
vt 0.026641 0.244459
vt 0.331056 0.590706
vt 0.331418 0.592733
vt 0.332147 0.591891
vt 0.272907 0.733831
vt 0.273121 0.734224
vt 0.272516 0.734352
vt 0.349742 0.979038
vt 0.350192 0.983029
vt 0.352555 0.982200
vt 0.354918 0.981370
vt 0.352255 0.979539
vt 0.166361 0.882307
vt 0.166535 0.882654
vt 0.166045 0.882516
vt 0.024569 0.277278
vt 0.024795 0.277724
vt 0.024228 0.277672
vt 0.332949 0.536797
vt 0.333798 0.537072
vt 0.333448 0.537937
vt 0.300446 0.230640
vt 0.300615 0.230321
vt 0.300917 0.230626
vt 0.292521 0.545345
vt 0.293014 0.545412
vt 0.292803 0.545899
vt 0.318916 0.346049
vt 0.319248 0.346499
vt 0.318589 0.346423
vt 0.187879 0.125969
vt 0.188174 0.126406
vt 0.187588 0.126484
vt 0.077213 0.722696
vt 0.077808 0.722739
vt 0.077563 0.723303
vt 0.031663 0.626801
vt 0.031360 0.627016
vt 0.031107 0.626859
vt 0.088876 0.892246
vt 0.089338 0.892721
vt 0.088710 0.892825
vt 0.255111 0.657938
vt 0.254795 0.657851
vt 0.255035 0.657592
vt 0.309263 0.247627
vt 0.308888 0.247802
vt 0.309023 0.247262
vt 0.300120 0.810130
vt 0.300001 0.809789
vt 0.300323 0.809710
vt 0.249000 0.123756
vt 0.249247 0.123912
vt 0.248998 0.124123
vt 0.242604 0.124148
vt 0.242365 0.124408
vt 0.242169 0.124005
vt 0.213255 0.917367
vt 0.213108 0.916863
vt 0.213506 0.916964
vt 0.442092 0.949907
vt 0.442616 0.949810
vt 0.442430 0.950216
vt 0.333004 0.260011
vt 0.333395 0.260481
vt 0.332819 0.260282
vt 0.333221 0.259473
vt 0.334205 0.259915
vt 0.333500 0.259941
vt 0.297858 0.648287
vt 0.298168 0.648533
vt 0.297834 0.648719
vt 0.243651 0.743673
vt 0.244117 0.743372
vt 0.244067 0.743897
vt 0.350512 0.825836
vt 0.350535 0.825265
vt 0.351039 0.825588
vt 0.254207 0.483488
vt 0.254491 0.483618
vt 0.254253 0.483944
vt 0.208812 0.342025
vt 0.209208 0.342460
vt 0.208559 0.342616
vt 0.292106 0.701681
vt 0.292203 0.701227
vt 0.292618 0.701503
vt 0.274687 0.910190
vt 0.274546 0.910530
vt 0.274329 0.910238
vt 0.190582 0.668398
vt 0.190228 0.668155
vt 0.190891 0.668325
vt 0.316518 0.091952
vt 0.316130 0.092392
vt 0.316653 0.092585
vt 0.292004 0.691342
vt 0.294200 0.694324
vt 0.295471 0.691726
vt 0.416651 0.958516
vt 0.416225 0.958403
vt 0.416664 0.958080
vt 0.213496 0.378230
vt 0.213792 0.378466
vt 0.213427 0.378522
vt 0.349477 0.141319
vt 0.349139 0.141695
vt 0.349094 0.141316
vt 0.338396 0.481797
vt 0.338720 0.481981
vt 0.338462 0.482296
vt 0.636154 0.927285
vt 0.635493 0.927059
vt 0.635730 0.927502
vt 0.377807 0.880535
vt 0.378198 0.880974
vt 0.377522 0.880900
vt 0.235152 0.977504
vt 0.235421 0.977019
vt 0.235752 0.977803
vt 0.302275 0.395591
vt 0.303089 0.396206
vt 0.301653 0.396340
vt 0.340187 0.477437
vt 0.339927 0.477923
vt 0.339724 0.477738
vt 0.352762 0.337641
vt 0.353109 0.337916
vt 0.352816 0.338346
vt 0.357500 0.598842
vt 0.358110 0.598547
vt 0.357528 0.598189
vt 0.301815 0.036354
vt 0.302781 0.036995
vt 0.302661 0.034314
vt 0.299296 0.497528
vt 0.298879 0.497645
vt 0.298977 0.497017
vt 0.303892 0.849059
vt 0.303916 0.848861
vt 0.304196 0.848910
vt 0.061754 0.674736
vt 0.061732 0.674190
vt 0.062126 0.674305
vt 0.259049 0.573643
vt 0.258697 0.573888
vt 0.258584 0.573552
vt 0.363445 0.032566
vt 0.362684 0.033584
vt 0.363243 0.034055
vt 0.182819 0.266231
vt 0.181523 0.263478
vt 0.186677 0.264962
vt 0.213538 0.271267
vt 0.214029 0.271730
vt 0.213571 0.271816
vt 0.169059 0.883990
vt 0.168665 0.883529
vt 0.169159 0.883482
vt 0.033264 0.124078
vt 0.032902 0.124508
vt 0.032804 0.124037
vt 0.024582 0.126333
vt 0.025199 0.126175
vt 0.025089 0.126775
vt 0.029517 0.115134
vt 0.029398 0.114854
vt 0.029925 0.114901
vt 0.291539 0.195298
vt 0.291315 0.195917
vt 0.291005 0.195614
vt 0.053508 0.418617
vt 0.053908 0.418405
vt 0.053848 0.418769
vt 0.207795 0.009276
vt 0.207281 0.009138
vt 0.207793 0.008842
vt 0.126209 0.617511
vt 0.126052 0.617224
vt 0.126494 0.617133
vt 0.211472 0.005169
vt 0.211772 0.005197
vt 0.211510 0.005521
vt 0.150834 0.763750
vt 0.150693 0.764224
vt 0.150343 0.763912
vt 0.232216 0.723973
vt 0.232662 0.724139
vt 0.232393 0.724319
vt 0.114297 0.607416
vt 0.114848 0.607359
vt 0.114494 0.607744
vt 0.055972 0.738951
vt 0.054663 0.739911
vt 0.054909 0.738770
vt 0.054960 0.259925
vt 0.052504 0.261191
vt 0.054572 0.258324
vt 0.280326 0.035178
vt 0.283142 0.034566
vt 0.282710 0.032600
vt 0.134478 0.125169
vt 0.140810 0.121740
vt 0.139094 0.119193
vt 0.187928 0.846366
vt 0.188357 0.846325
vt 0.188285 0.846847
vt 0.043669 0.764115
vt 0.043669 0.763637
vt 0.044140 0.763993
vt 0.193213 0.486870
vt 0.193551 0.486897
vt 0.193300 0.487297
vt 0.293342 0.127941
vt 0.293297 0.127511
vt 0.293689 0.127644
vt 0.071482 0.577369
vt 0.071282 0.576949
vt 0.071703 0.577051
vt 0.027053 0.753021
vt 0.026679 0.752949
vt 0.027174 0.752517
vt 0.076306 0.583695
vt 0.076336 0.583226
vt 0.076692 0.583603
vt 0.148666 0.574935
vt 0.148344 0.574877
vt 0.148511 0.574661
vt 0.034880 0.759402
vt 0.035299 0.759208
vt 0.035379 0.759569
vt 0.169168 0.318829
vt 0.169570 0.318691
vt 0.169559 0.319110
vt 0.024042 0.744642
vt 0.024088 0.744226
vt 0.024391 0.744645
vt 0.128807 0.386772
vt 0.128543 0.386848
vt 0.128557 0.386544
vt 0.270625 0.433631
vt 0.270341 0.433490
vt 0.270591 0.433159
vt 0.137804 0.222291
vt 0.137657 0.222797
vt 0.137466 0.222475
vt 0.009113 0.734453
vt 0.009757 0.734274
vt 0.009305 0.734889
vt 0.169771 0.322386
vt 0.169511 0.321800
vt 0.169992 0.321983
vt 0.144328 0.740632
vt 0.144360 0.739999
vt 0.144860 0.740230
vt 0.005794 0.078211
vt 0.005373 0.077949
vt 0.005573 0.077699
vt 0.008906 0.056866
vt 0.008389 0.056719
vt 0.008896 0.056438
vt 0.084303 0.036315
vt 0.083951 0.036476
vt 0.084162 0.035958
vt 0.080419 0.037524
vt 0.080117 0.037178
vt 0.080711 0.037079
vt 0.070416 0.036140
vt 0.070639 0.036455
vt 0.070198 0.036448
vt 0.142478 0.276285
vt 0.141960 0.275955
vt 0.142494 0.275732
vt 0.011774 0.077997
vt 0.012306 0.077908
vt 0.012133 0.078366
vt 0.260211 0.208177
vt 0.259893 0.207735
vt 0.260383 0.207726
vt 0.227024 0.693128
vt 0.227036 0.692676
vt 0.227346 0.693155
vt 0.232155 0.149281
vt 0.232069 0.149642
vt 0.231752 0.149192
vt 0.291741 0.348518
vt 0.291122 0.348560
vt 0.291415 0.347960
vt 0.186662 0.569237
vt 0.186618 0.568814
vt 0.187538 0.568865
vt 0.061364 0.442626
vt 0.061250 0.443331
vt 0.060718 0.443037
vt 0.187054 0.566710
vt 0.186755 0.566333
vt 0.187351 0.566308
vt 0.047507 0.376823
vt 0.047989 0.377183
vt 0.047418 0.377498
vt 0.217837 0.954617
vt 0.217946 0.954999
vt 0.217559 0.955038
vt 0.204601 0.947469
vt 0.205026 0.947498
vt 0.204774 0.947689
vt 0.257600 0.338114
vt 0.257700 0.338914
vt 0.257138 0.338743
vt 0.055544 0.244057
vt 0.056185 0.244311
vt 0.055676 0.244578
vt 0.057433 0.245137
vt 0.304436 0.816219
vt 0.304821 0.815951
vt 0.304676 0.816536
vt 0.308870 0.071390
vt 0.308615 0.071077
vt 0.309055 0.071079
vt 0.292733 0.366727
vt 0.292354 0.366653
vt 0.292524 0.366311
vt 0.316933 0.231415
vt 0.317611 0.231498
vt 0.317272 0.231728
vt 0.223021 0.846720
vt 0.222759 0.846971
vt 0.222599 0.846833
vt 0.176973 0.851668
vt 0.177046 0.852174
vt 0.176627 0.852021
vt 0.177549 0.850347
vt 0.177333 0.850806
vt 0.177154 0.850433
vt 0.318722 0.809246
vt 0.318988 0.808709
vt 0.319003 0.809327
vt 0.193382 0.399403
vt 0.193327 0.399869
vt 0.192676 0.399790
vt 0.075898 0.044817
vt 0.075439 0.044699
vt 0.075763 0.044404
vt 0.199529 0.626409
vt 0.199974 0.626522
vt 0.199684 0.626862
vt 0.266730 0.872113
vt 0.266441 0.872261
vt 0.266696 0.871830
vt 0.052790 0.718531
vt 0.052494 0.718530
vt 0.052652 0.718273
vt 0.188739 0.622998
vt 0.188474 0.622754
vt 0.188967 0.622755
vt 0.244879 0.732718
vt 0.244395 0.733234
vt 0.244436 0.732320
vt 0.176466 0.066386
vt 0.176438 0.066854
vt 0.176105 0.066500
vt 0.122761 0.733750
vt 0.123216 0.733977
vt 0.122879 0.734243
vt 0.095613 0.107361
vt 0.095322 0.107456
vt 0.095438 0.107043
vt 0.168620 0.767610
vt 0.168185 0.767902
vt 0.168092 0.767317
vt 0.214802 0.493916
vt 0.215199 0.493740
vt 0.215172 0.494169
vt 0.082541 0.119155
vt 0.082853 0.119362
vt 0.082645 0.119592
vt 0.076679 0.110906
vt 0.076051 0.110745
vt 0.076360 0.110265
vt 0.171276 0.486412
vt 0.170706 0.486746
vt 0.170731 0.486183
vt 0.172814 0.490300
vt 0.172919 0.489926
vt 0.173300 0.490061
vt 0.109328 0.181302
vt 0.109200 0.181734
vt 0.108861 0.181387
vt 0.177746 0.488028
vt 0.177467 0.488264
vt 0.177434 0.487881
vt 0.206593 0.906190
vt 0.206826 0.906757
vt 0.206325 0.906794
vt 0.087137 0.250169
vt 0.087125 0.250675
vt 0.086721 0.250671
vt 0.092135 0.249878
vt 0.091688 0.250348
vt 0.091658 0.249657
vt 0.294561 0.511759
vt 0.294681 0.512528
vt 0.293943 0.512163
vt 0.137670 0.420639
vt 0.137586 0.419998
vt 0.138146 0.420413
vt 0.340508 0.181639
vt 0.337688 0.183582
vt 0.338380 0.179127
vt 0.383868 0.956985
vt 0.381577 0.958576
vt 0.384003 0.958926
vt 0.045648 0.597268
vt 0.045580 0.597599
vt 0.045355 0.597232
vt 0.048093 0.472431
vt 0.048383 0.472128
vt 0.048832 0.472875
vt 0.292217 0.279087
vt 0.292295 0.278592
vt 0.292572 0.278965
vt 0.167164 0.834006
vt 0.167255 0.833554
vt 0.167611 0.833874
vt 0.193365 0.693670
vt 0.192860 0.693899
vt 0.193017 0.693437
vt 0.191031 0.694783
vt 0.191696 0.694778
vt 0.191383 0.695126
vt 0.343070 0.342961
vt 0.342632 0.343150
vt 0.342590 0.342729
vt 0.073060 0.527563
vt 0.072842 0.527476
vt 0.073038 0.527159
vt 0.082326 0.777431
vt 0.082268 0.776984
vt 0.082599 0.777167
vt 0.081701 0.514763
vt 0.081516 0.515315
vt 0.080977 0.515326
vt 0.072911 0.252125
vt 0.072973 0.252500
vt 0.072669 0.252506
vt 0.097485 0.524079
vt 0.097544 0.524585
vt 0.097080 0.524211
vt 0.246262 0.545850
vt 0.246554 0.545464
vt 0.246917 0.545891
vt 0.124555 0.859307
vt 0.124961 0.859889
vt 0.124373 0.859748
vt 0.086106 0.545013
vt 0.085663 0.544545
vt 0.086238 0.544587
vt 0.278795 0.125124
vt 0.279301 0.124610
vt 0.279233 0.125167
vt 0.089147 0.561245
vt 0.089178 0.560738
vt 0.089565 0.560894
vt 0.084972 0.567316
vt 0.085059 0.567041
vt 0.085525 0.567159
vt 0.048657 0.018263
vt 0.047776 0.017945
vt 0.048619 0.017061
vt 0.095084 0.769989
vt 0.094931 0.770560
vt 0.094572 0.769887
vt 0.300923 0.161900
vt 0.300615 0.162181
vt 0.300613 0.161881
vt 0.350176 0.202282
vt 0.349683 0.202779
vt 0.349493 0.202365
vt 0.074093 0.536043
vt 0.073762 0.535889
vt 0.073478 0.535218
vt 0.205449 0.979006
vt 0.205210 0.979059
vt 0.205326 0.978466
vt 0.112447 0.892723
vt 0.112171 0.892447
vt 0.112584 0.892492
vt 0.213927 0.751957
vt 0.213613 0.751743
vt 0.214175 0.751439
vt 0.107696 0.118453
vt 0.107550 0.118854
vt 0.107213 0.118656
vt 0.188807 0.299421
vt 0.189199 0.299832
vt 0.188774 0.299972
vt 0.088785 0.883557
vt 0.088732 0.883723
vt 0.088402 0.883629
vt 0.189382 0.298906
vt 0.189000 0.299013
vt 0.189029 0.298561
vt 0.146658 0.011366
vt 0.146422 0.010643
vt 0.146861 0.011005
vt 0.072136 0.251171
vt 0.072597 0.251613
vt 0.072089 0.251666
vt 0.346054 0.712379
vt 0.346158 0.713065
vt 0.345329 0.712650
vt 0.151143 0.965651
vt 0.151722 0.965262
vt 0.151694 0.965726
vt 0.070626 0.250212
vt 0.070119 0.249837
vt 0.070651 0.249621
vt 0.165434 0.369652
vt 0.165736 0.370137
vt 0.165136 0.370230
vt 0.206813 0.058734
vt 0.206554 0.058889
vt 0.206502 0.058458
vt 0.210611 0.055985
vt 0.211116 0.055871
vt 0.211067 0.056280
vt 0.216593 0.058970
vt 0.217069 0.059259
vt 0.216723 0.059547
vt 0.185436 0.175035
vt 0.185450 0.175461
vt 0.184911 0.174993
vt 0.217654 0.061176
vt 0.217362 0.061312
vt 0.217345 0.060913
vt 0.216297 0.066666
vt 0.216304 0.066155
vt 0.216698 0.066300
vt 0.139014 0.786096
vt 0.138807 0.786691
vt 0.138526 0.786202
vt 0.138321 0.786662
vt 0.138538 0.786943
vt 0.138336 0.787065
vt 0.140631 0.787352
vt 0.141215 0.787447
vt 0.140746 0.787964
vt 0.230424 0.635949
vt 0.230512 0.635442
vt 0.230899 0.635708
vt 0.231328 0.635970
vt 0.230945 0.636457
vt 0.230674 0.636193
vt 0.202590 0.053951
vt 0.202156 0.053563
vt 0.202585 0.053564
vt 0.202230 0.054062
vt 0.316114 0.861222
vt 0.315581 0.861284
vt 0.315694 0.860838
vt 0.301475 0.608780
vt 0.301815 0.608958
vt 0.301625 0.609138
vt 0.128861 0.586958
vt 0.128965 0.586512
vt 0.129350 0.586691
vt 0.304585 0.613390
vt 0.304197 0.613310
vt 0.304489 0.612973
vt 0.298008 0.616416
vt 0.297567 0.616301
vt 0.297780 0.616062
vt 0.303974 0.614986
vt 0.304130 0.614569
vt 0.304183 0.615015
vt 0.033747 0.033426
vt 0.033928 0.033860
vt 0.033544 0.033575
vt 0.171321 0.865490
vt 0.170909 0.865777
vt 0.170847 0.865147
vt 0.170416 0.868604
vt 0.170932 0.868442
vt 0.170623 0.869089
vt 0.073427 0.401807
vt 0.073726 0.401859
vt 0.073447 0.402207
vt 0.078993 0.405883
vt 0.078808 0.406353
vt 0.078505 0.406085
vt 0.080028 0.405373
vt 0.080479 0.405313
vt 0.080198 0.405873
vt 0.072417 0.415774
vt 0.072124 0.415547
vt 0.072471 0.415319
vt 0.072219 0.417617
vt 0.072414 0.417299
vt 0.072441 0.417707
vt 0.075004 0.414757
vt 0.075523 0.414821
vt 0.075173 0.415201
vt 0.216851 0.718198
vt 0.217151 0.718668
vt 0.216729 0.718583
vt 0.088693 0.411103
vt 0.088359 0.410795
vt 0.088727 0.410639
vt 0.096519 0.417913
vt 0.096940 0.418076
vt 0.096530 0.418411
vt 0.093337 0.407118
vt 0.093567 0.407150
vt 0.093476 0.407496
vt 0.212623 0.071785
vt 0.212223 0.071653
vt 0.212548 0.071413
vt 0.163641 0.179874
vt 0.163940 0.180297
vt 0.163564 0.180190
vt 0.162397 0.179522
vt 0.162379 0.179858
vt 0.162123 0.179454
vt 0.118238 0.556040
vt 0.118779 0.555814
vt 0.118753 0.556521
vt 0.075752 0.415977
vt 0.075275 0.415757
vt 0.075560 0.415630
vt 0.109805 0.760791
vt 0.109864 0.761089
vt 0.109572 0.760773
vt 0.216413 0.325920
vt 0.215872 0.325777
vt 0.216235 0.325574
vt 0.168255 0.629606
vt 0.167993 0.630133
vt 0.167886 0.629420
vt 0.167263 0.630200
vt 0.167387 0.630709
vt 0.167070 0.630558
vt 0.168749 0.633027
vt 0.169320 0.632952
vt 0.169024 0.633488
vt 0.296474 0.810233
vt 0.296219 0.810461
vt 0.296182 0.810021
vt 0.295939 0.809641
vt 0.295968 0.810090
vt 0.295642 0.809864
vt 0.291297 0.814789
vt 0.291433 0.815253
vt 0.291090 0.815080
vt 0.110666 0.762480
vt 0.111171 0.762903
vt 0.110747 0.763045
vt 0.225848 0.288822
vt 0.225155 0.288754
vt 0.225564 0.288514
vt 0.044476 0.427355
vt 0.044465 0.426953
vt 0.044708 0.427222
vt 0.046437 0.426715
vt 0.046283 0.426365
vt 0.046662 0.426403
vt 0.045658 0.428091
vt 0.045943 0.428330
vt 0.045533 0.428490
vt 0.213199 0.329418
vt 0.213496 0.329519
vt 0.213255 0.329873
vt 0.213120 0.330494
vt 0.212569 0.330986
vt 0.212613 0.330431
vt 0.212849 0.329555
vt 0.213387 0.330862
vt 0.213673 0.330612
vt 0.228178 0.288780
vt 0.228536 0.288808
vt 0.228197 0.289071
vt 0.129479 0.568260
vt 0.129857 0.567885
vt 0.129799 0.568533
vt 0.205492 0.325207
vt 0.205007 0.325121
vt 0.205309 0.324653
vt 0.127906 0.567537
vt 0.127775 0.568110
vt 0.127540 0.567828
vt 0.044160 0.497144
vt 0.044273 0.496835
vt 0.044525 0.497004
vt 0.114861 0.564089
vt 0.114697 0.563527
vt 0.115400 0.563786
vt 0.117926 0.553649
vt 0.117467 0.553543
vt 0.117870 0.553079
vt 0.128706 0.566306
vt 0.128614 0.565772
vt 0.129140 0.565772
vt 0.106465 0.356497
vt 0.106033 0.355801
vt 0.107730 0.354508
vt 0.096855 0.418978
vt 0.097079 0.418981
vt 0.096919 0.419419
vt 0.214779 0.322980
vt 0.215101 0.323137
vt 0.214936 0.323391
vt 0.208887 0.325928
vt 0.209079 0.325543
vt 0.209380 0.325907
vt 0.046425 0.499071
vt 0.046772 0.499252
vt 0.046304 0.499430
vt 0.088966 0.420547
vt 0.088655 0.420060
vt 0.089168 0.419939
vt 0.121359 0.551478
vt 0.121861 0.551761
vt 0.121401 0.552135
vt 0.111012 0.365080
vt 0.110701 0.365633
vt 0.110599 0.365061
vt 0.111160 0.365496
vt 0.110971 0.365885
vt 0.195518 0.172838
vt 0.196980 0.173210
vt 0.196586 0.173063
vt 0.196890 0.172633
vt 0.146044 0.791816
vt 0.146255 0.792247
vt 0.145752 0.792265
vt 0.189728 0.166133
vt 0.189238 0.166392
vt 0.189413 0.165709
vt 0.143117 0.800851
vt 0.143559 0.801249
vt 0.143187 0.801216
vt 0.142756 0.800168
vt 0.143103 0.800415
vt 0.142863 0.800509
vt 0.163309 0.180243
vt 0.163226 0.179862
vt 0.350413 0.090217
vt 0.349818 0.090478
vt 0.350155 0.090014
vt 0.349875 0.089922
vt 0.348994 0.090339
vt 0.209885 0.070304
vt 0.209942 0.070699
vt 0.209450 0.070460
vt 0.163675 0.180644
vt 0.307468 0.827846
vt 0.307746 0.828301
vt 0.307177 0.828214
vt 0.117598 0.362658
vt 0.117258 0.362222
vt 0.117673 0.362115
vt 0.113390 0.363506
vt 0.113707 0.364030
vt 0.113104 0.363993
vt 0.113648 0.364929
vt 0.113596 0.365564
vt 0.113204 0.365186
vt 0.121148 0.365170
vt 0.121147 0.365716
vt 0.120660 0.365486
vt 0.121304 0.364536
vt 0.120570 0.364857
vt 0.308875 0.949993
vt 0.311424 0.949646
vt 0.309419 0.948063
vt 0.111984 0.362757
vt 0.111634 0.363443
vt 0.111151 0.363119
vt 0.222848 0.290163
vt 0.222841 0.290774
vt 0.222529 0.290638
vt 0.843031 0.924391
vt 0.842805 0.924956
vt 0.842816 0.924211
vt 0.124398 0.763541
vt 0.124976 0.763345
vt 0.124918 0.764004
vt 0.123439 0.760079
vt 0.123758 0.760525
vt 0.172937 0.635867
vt 0.172434 0.636151
vt 0.172537 0.635692
vt 0.170249 0.625186
vt 0.169969 0.624707
vt 0.170530 0.624652
vt 0.177383 0.631940
vt 0.177651 0.632349
vt 0.177113 0.632377
vt 0.082045 0.776504
vt 0.081517 0.776511
vt 0.082025 0.776003
vt 0.079079 0.789113
vt 0.078983 0.788827
vt 0.079389 0.789008
vt 0.078058 0.787871
vt 0.077987 0.788182
vt 0.077730 0.787895
vt 0.077639 0.786413
vt 0.078042 0.786799
vt 0.077436 0.786842
vt 0.074788 0.772482
vt 0.075232 0.772487
vt 0.075186 0.773096
vt 0.058216 0.537261
vt 0.057922 0.537250
vt 0.058204 0.536945
vt 0.083883 0.767702
vt 0.084151 0.767177
vt 0.084753 0.767603
vt 0.077816 0.789216
vt 0.077856 0.789512
vt 0.077260 0.789140
vt 0.178677 0.628042
vt 0.178882 0.628442
vt 0.178530 0.628327
vt 0.128972 0.365768
vt 0.128886 0.366309
vt 0.128658 0.365561
vt 0.081887 0.764925
vt 0.082102 0.765412
vt 0.081378 0.765284
vt 0.384876 0.989432
vt 0.384618 0.989842
vt 0.384217 0.989591
vt 0.301940 0.715040
vt 0.302290 0.715060
vt 0.302397 0.714411
vt 0.348398 0.492211
vt 0.349096 0.492599
vt 0.348858 0.491922
vt 0.307099 0.828655
vt 0.307689 0.828726
vt 0.307364 0.829185
vt 0.308053 0.828085
vt 0.355294 0.900828
vt 0.356121 0.900543
vt 0.355800 0.899888
vt 0.087573 0.762076
vt 0.087155 0.761760
vt 0.087614 0.761725
vt 0.082688 0.762472
vt 0.083217 0.762070
vt 0.083366 0.762480
vt 0.303066 0.721016
vt 0.302645 0.721323
vt 0.302960 0.721584
vt 0.084456 0.567587
vt 0.083840 0.567517
vt 0.084158 0.567279
vt 0.077071 0.569733
vt 0.077413 0.569529
vt 0.077481 0.569800
vt 0.083337 0.567830
vt 0.082652 0.568066
vt 0.082912 0.567709
vt 0.193403 0.175959
vt 0.193354 0.175528
vt 0.193790 0.175546
vt 0.074486 0.561431
vt 0.074823 0.561573
vt 0.074568 0.561849
vt 0.087157 0.557131
vt 0.087305 0.556611
vt 0.087428 0.556899
vt 0.082062 0.552840
vt 0.082026 0.552702
vt 0.082375 0.552720
vt 0.121724 0.875101
vt 0.121839 0.874642
vt 0.122291 0.874893
vt 0.082754 0.554353
vt 0.083313 0.554791
vt 0.082669 0.555104
vt 0.074733 0.554459
vt 0.075124 0.554244
vt 0.075170 0.554756
vt 0.443584 0.980567
vt 0.443300 0.980578
vt 0.443286 0.980308
vt 0.078825 0.549336
vt 0.078335 0.548954
vt 0.078819 0.548547
vt 0.120655 0.861487
vt 0.121067 0.861438
vt 0.121167 0.862028
vt 0.120626 0.862087
vt 0.120944 0.862456
vt 0.188336 0.004783
vt 0.188995 0.005107
vt 0.188698 0.004305
vt 0.121284 0.854296
vt 0.121555 0.853851
vt 0.121677 0.854318
vt 0.109067 0.478158
vt 0.109187 0.477614
vt 0.109446 0.477862
vt 0.343899 0.676521
vt 0.341928 0.677383
vt 0.342452 0.676670
vt 0.119697 0.486451
vt 0.119620 0.485899
vt 0.120217 0.486060
vt 0.115307 0.487431
vt 0.114761 0.487143
vt 0.115374 0.486994
vt 0.113291 0.851427
vt 0.113485 0.851726
vt 0.112864 0.851706
vt 0.110931 0.853277
vt 0.111236 0.853053
vt 0.111197 0.853430
vt 0.111873 0.848138
vt 0.112372 0.848100
vt 0.112097 0.848360
vt 0.304061 0.905408
vt 0.304272 0.904899
vt 0.304520 0.905218
vt 0.320335 0.707613
vt 0.320091 0.708038
vt 0.319813 0.707604
vt 0.300997 0.905696
vt 0.300557 0.905650
vt 0.300784 0.905412
vt 0.113511 0.866961
vt 0.113636 0.866544
vt 0.113889 0.866775
vt 0.113122 0.867300
vt 0.113623 0.867623
vt 0.113037 0.867872
vt 0.154657 0.791935
vt 0.154617 0.791332
vt 0.154951 0.791706
vt 0.155210 0.789815
vt 0.155527 0.789401
vt 0.155599 0.789834
vt 0.107957 0.857540
vt 0.107400 0.857685
vt 0.107621 0.857250
vt 0.171515 0.647204
vt 0.171098 0.646703
vt 0.171454 0.646387
vt 0.141516 0.786562
vt 0.140944 0.786461
vt 0.141281 0.786134
vt 0.167357 0.648267
vt 0.167775 0.648372
vt 0.167427 0.648841
vt 0.226363 0.625096
vt 0.225844 0.625059
vt 0.226238 0.624551
vt 0.168301 0.650311
vt 0.168684 0.650346
vt 0.168432 0.650690
vt 0.168972 0.650769
vt 0.168464 0.642561
vt 0.168546 0.642031
vt 0.168876 0.642325
vt 0.255395 0.238662
vt 0.254898 0.238445
vt 0.255196 0.238113
vt 0.255412 0.239207
vt 0.254937 0.239274
vt 0.254910 0.238843
vt 0.058902 0.207144
vt 0.059332 0.206980
vt 0.058848 0.207560
vt 0.057912 0.208638
vt 0.057564 0.208463
vt 0.057855 0.208131
vt 0.058397 0.206610
vt 0.058310 0.206302
vt 0.058679 0.206398
vt 0.190416 0.474423
vt 0.190185 0.474168
vt 0.190689 0.474015
vt 0.187291 0.471139
vt 0.187700 0.471219
vt 0.187558 0.471543
vt 0.187672 0.464775
vt 0.187316 0.464313
vt 0.187792 0.464336
vt 0.315734 0.703595
vt 0.315460 0.703898
vt 0.315386 0.703599
vt 0.316794 0.703206
vt 0.316389 0.703022
vt 0.316897 0.702907
vt 0.222988 0.904380
vt 0.222963 0.904674
vt 0.211832 0.616963
vt 0.212189 0.617263
vt 0.211742 0.617273
vt 0.109614 0.476306
vt 0.109870 0.476651
vt 0.109480 0.476731
vt 0.211923 0.617951
vt 0.211589 0.617584
vt 0.212046 0.617594
vt 0.059996 0.170147
vt 0.060057 0.169941
vt 0.060339 0.170149
vt 0.327756 0.345176
vt 0.327718 0.344702
vt 0.328169 0.344819
vt 0.353993 0.923683
vt 0.354482 0.923036
vt 0.354013 0.922757
vt 0.318099 0.258365
vt 0.318515 0.258577
vt 0.317973 0.258922
vt 0.375268 0.584401
vt 0.375015 0.583837
vt 0.375499 0.583610
vt 0.055389 0.238021
vt 0.055236 0.238566
vt 0.054948 0.238170
vt 0.246399 0.685945
vt 0.246455 0.686223
vt 0.246051 0.686054
vt 0.245659 0.686881
vt 0.246210 0.686813
vt 0.245927 0.687146
vt 0.244995 0.687111
vt 0.244605 0.686807
vt 0.244909 0.686552
vt 0.105142 0.015781
vt 0.104792 0.016181
vt 0.104703 0.015708
vt 0.319048 0.257366
vt 0.318515 0.257149
vt 0.319052 0.256885
vt 0.245218 0.221359
vt 0.245862 0.221654
vt 0.245379 0.221776
vt 0.299005 0.685646
vt 0.299457 0.685361
vt 0.299629 0.685754
vt 0.300256 0.686432
vt 0.299874 0.686636
vt 0.299752 0.686155
vt 0.115989 0.026308
vt 0.115667 0.026667
vt 0.115544 0.026157
vt 0.261136 0.938491
vt 0.260963 0.938054
vt 0.261531 0.937928
vt 0.111175 0.026693
vt 0.110675 0.026785
vt 0.111001 0.026218
vt 0.242439 0.687751
vt 0.242566 0.687335
vt 0.242886 0.687669
vt 0.120969 0.015460
vt 0.121448 0.015301
vt 0.121266 0.015860
vt 0.205657 0.604914
vt 0.205976 0.604832
vt 0.205917 0.605201
vt 0.121591 0.016307
vt 0.121110 0.016352
vt 0.124954 0.016150
vt 0.125376 0.016399
vt 0.125078 0.016555
vt 0.031105 0.218453
vt 0.030824 0.217946
vt 0.031279 0.217942
vt 0.115717 0.024565
vt 0.115433 0.024715
vt 0.115471 0.024207
vt 0.054216 0.192676
vt 0.054230 0.193118
vt 0.053940 0.192926
vt 0.051307 0.196206
vt 0.051019 0.195871
vt 0.051426 0.195503
vt 0.121546 0.591311
vt 0.121950 0.590769
vt 0.122107 0.591216
vt 0.122076 0.587914
vt 0.121811 0.587435
vt 0.122268 0.587424
vt 0.258686 0.939120
vt 0.258668 0.938159
vt 0.259368 0.938333
vt 0.024021 0.215341
vt 0.024654 0.215138
vt 0.024559 0.215642
vt 0.247805 0.573195
vt 0.248150 0.573085
vt 0.248144 0.573360
vt 0.093524 0.224076
vt 0.093321 0.224282
vt 0.093182 0.223877
vt 0.088848 0.229550
vt 0.088801 0.229003
vt 0.089405 0.229259
vt 0.090731 0.225199
vt 0.091145 0.225228
vt 0.090796 0.225755
vt 0.247291 0.564532
vt 0.247529 0.565051
vt 0.247112 0.564961
vt 0.244091 0.563030
vt 0.243746 0.563058
vt 0.243827 0.562658
vt 0.111853 0.233727
vt 0.112012 0.233247
vt 0.112444 0.233738
vt 0.212214 0.039440
vt 0.212371 0.039782
vt 0.211894 0.039473
vt 0.212824 0.039812
vt 0.212579 0.039406
vt 0.212996 0.039626
vt 0.212561 0.038785
vt 0.213074 0.039311
vt 0.206691 0.039886
vt 0.206111 0.040222
vt 0.206134 0.039635
vt 0.059458 0.229076
vt 0.059804 0.229199
vt 0.059366 0.229341
vt 0.190739 0.771429
vt 0.191278 0.771479
vt 0.190979 0.771923
vt 0.055814 0.229026
vt 0.055646 0.228700
vt 0.056125 0.228629
vt 0.250342 0.675943
vt 0.250867 0.675987
vt 0.250594 0.676481
vt 0.245449 0.682297
vt 0.245467 0.681932
vt 0.245860 0.682027
vt 0.244327 0.682600
vt 0.244161 0.682036
vt 0.244492 0.682294
vt 0.246927 0.558445
vt 0.246518 0.558263
vt 0.246863 0.558193
vt 0.089447 0.231505
vt 0.089416 0.230971
vt 0.089819 0.231189
vt 0.009257 0.217105
vt 0.008599 0.217293
vt 0.009102 0.216874
vt 0.009154 0.221391
vt 0.008965 0.221876
vt 0.008779 0.221443
vt 0.018023 0.226150
vt 0.018302 0.225803
vt 0.018489 0.226273
vt 0.278451 0.670104
vt 0.278787 0.670339
vt 0.278398 0.670360
vt 0.190462 0.428561
vt 0.190480 0.429058
vt 0.190170 0.428867
vt 0.311199 0.461545
vt 0.311579 0.461157
vt 0.311700 0.461640
vt 0.198271 0.427637
vt 0.198640 0.428538
vt 0.197309 0.428086
vt 0.198837 0.439545
vt 0.198868 0.438792
vt 0.199206 0.439194
vt 0.193619 0.434792
vt 0.193459 0.435371
vt 0.193178 0.434935
vt 0.114120 0.596864
vt 0.113748 0.597257
vt 0.113628 0.596777
vt 0.112201 0.596782
vt 0.113176 0.597741
vt 0.111910 0.597610
vt 0.356923 0.395438
vt 0.357284 0.395359
vt 0.357477 0.395821
vt 0.058539 0.544169
vt 0.057920 0.543984
vt 0.058163 0.543757
vt 0.055453 0.205849
vt 0.055817 0.206416
vt 0.055281 0.206370
vt 0.354542 0.923958
vt 0.282846 0.420938
vt 0.280625 0.419706
vt 0.283473 0.420547
vt 0.333090 0.660419
vt 0.332223 0.661181
vt 0.332166 0.660161
vt 0.281310 0.427813
vt 0.280097 0.427033
vt 0.280701 0.426600
vt 0.282055 0.375200
vt 0.281548 0.375656
vt 0.281458 0.375243
vt 0.366613 0.816781
vt 0.366177 0.817274
vt 0.366254 0.816865
vt 0.131385 0.138438
vt 0.131324 0.138069
vt 0.131493 0.138247
vt 0.283970 0.378081
vt 0.284424 0.377690
vt 0.284260 0.378443
vt 0.046613 0.236824
vt 0.046112 0.236582
vt 0.046806 0.236213
vt 0.255054 0.957250
vt 0.255512 0.955831
vt 0.253261 0.956661
vt 0.317957 0.803174
vt 0.318104 0.803541
vt 0.317551 0.803778
vt 0.318660 0.801959
vt 0.318883 0.801386
vt 0.319328 0.802014
vt 0.318182 0.801738
vt 0.343958 0.899318
vt 0.341956 0.902020
vt 0.342885 0.899891
vt 0.054141 0.260347
vt 0.054685 0.263166
vt 0.222347 0.642019
vt 0.221622 0.640729
vt 0.221340 0.642043
vt 0.196200 0.059064
vt 0.198438 0.064748
vt 0.193587 0.063949
vt 0.188560 0.060882
vt 0.190897 0.060148
vt 0.189913 0.064393
vt 0.192491 0.051179
vt 0.194031 0.050732
vt 0.195200 0.054563
vt 0.061608 0.752475
vt 0.059897 0.752046
vt 0.058649 0.750120
vt 0.147335 0.113219
vt 0.143709 0.113216
vt 0.146284 0.117038
vt 0.165450 0.823413
vt 0.166177 0.823613
vt 0.166085 0.823974
vt 0.229601 0.670709
vt 0.234685 0.668549
vt 0.230854 0.669226
vt 0.191880 0.052920
vt 0.190608 0.052053
vt 0.298609 0.556123
vt 0.298104 0.555739
vt 0.298873 0.555717
vt 0.298301 0.351940
vt 0.298799 0.351610
vt 0.298261 0.352411
vt 0.257144 0.996544
vt 0.260320 0.995145
vt 0.262858 0.993366
vt 0.198989 0.440404
vt 0.198612 0.440965
vt 0.198321 0.440071
vt 0.359789 0.949182
vt 0.358641 0.949361
vt 0.359265 0.948175
vt 0.301947 0.001811
vt 0.302119 0.001606
vt 0.302835 0.002122
vt 0.332479 0.687443
vt 0.333471 0.686810
vt 0.334033 0.687684
vt 0.478181 0.932728
vt 0.477598 0.931997
vt 0.478523 0.932288
vt 0.302054 0.554122
vt 0.301357 0.554951
vt 0.301691 0.554110
vt 0.337675 0.244854
vt 0.338263 0.245141
vt 0.338254 0.244573
vt 0.115426 0.159903
vt 0.115877 0.159613
vt 0.115938 0.160000
vt 0.115224 0.157863
vt 0.114760 0.157786
vt 0.114967 0.157337
vt 0.009333 0.037318
vt 0.009229 0.037827
vt 0.008926 0.037613
vt 0.109720 0.571595
vt 0.109924 0.572200
vt 0.109237 0.571543
vt 0.095782 0.496836
vt 0.095830 0.496306
vt 0.096040 0.496779
vt 0.342678 0.364706
vt 0.342388 0.364426
vt 0.342873 0.364465
vt 0.115572 0.570598
vt 0.115553 0.571096
vt 0.115004 0.570619
vt 0.301387 0.553754
vt 0.300613 0.553937
vt 0.058380 0.545366
vt 0.058343 0.544925
vt 0.058782 0.545086
vt 0.351019 0.481668
vt 0.350436 0.481361
vt 0.351069 0.481097
vt 0.046742 0.353924
vt 0.046473 0.354291
vt 0.046205 0.353813
vt 0.312589 0.462161
vt 0.312613 0.461303
vt 0.313001 0.461763
vt 0.283504 0.111018
vt 0.283819 0.110558
vt 0.283954 0.111017
vt 0.288181 0.624478
vt 0.288426 0.624907
vt 0.288048 0.624888
vt 0.311457 0.462036
vt 0.308175 0.459816
vt 0.308591 0.460055
vt 0.308112 0.460208
vt 0.312348 0.461690
vt 0.312841 0.756911
vt 0.312725 0.757341
vt 0.312308 0.757157
vt 0.182669 0.435712
vt 0.182922 0.436042
vt 0.182700 0.436027
vt 0.024664 0.216468
vt 0.025046 0.216001
vt 0.025238 0.216465
vt 0.021273 0.231143
vt 0.020924 0.230866
vt 0.021422 0.230636
vt 0.143530 0.378270
vt 0.143704 0.378467
vt 0.143161 0.378494
vt 0.152568 0.683561
vt 0.152815 0.682892
vt 0.153015 0.683330
vt 0.149309 0.368054
vt 0.149713 0.367978
vt 0.149485 0.368347
vt 0.151645 0.370336
vt 0.151229 0.370248
vt 0.151537 0.369917
vt 0.152052 0.371078
vt 0.152280 0.371457
vt 0.151938 0.371478
vt 0.153560 0.368342
vt 0.153330 0.368672
vt 0.153341 0.368360
vt 0.253913 0.732624
vt 0.253534 0.732505
vt 0.253753 0.732208
vt 0.153692 0.369212
vt 0.153697 0.369562
vt 0.153467 0.369393
vt 0.151487 0.372439
vt 0.151229 0.373157
vt 0.151049 0.372841
vt 0.587876 0.931838
vt 0.588201 0.932138
vt 0.587813 0.932084
vt 0.210698 0.722175
vt 0.210259 0.722329
vt 0.210384 0.721764
vt 0.228364 0.350213
vt 0.228690 0.350614
vt 0.228172 0.350659
vt 0.227589 0.352864
vt 0.227194 0.353112
vt 0.226778 0.352560
vt 0.222805 0.354463
vt 0.222744 0.354034
vt 0.223088 0.354259
vt 0.232268 0.349458
vt 0.232739 0.349594
vt 0.232330 0.349928
vt 0.221366 0.354074
vt 0.221663 0.353850
vt 0.221874 0.354283
vt 0.210338 0.723027
vt 0.210795 0.722749
vt 0.210900 0.723434
vt 0.222602 0.355498
vt 0.222047 0.355395
vt 0.222388 0.355170
vt 0.185620 0.237244
vt 0.186410 0.237037
vt 0.185959 0.237887
vt 0.088088 0.490045
vt 0.088484 0.490354
vt 0.088023 0.490449
vt 0.109665 0.569295
vt 0.109754 0.569703
vt 0.109297 0.569490
vt 0.091771 0.495064
vt 0.091407 0.494997
vt 0.091644 0.494655
vt 0.086379 0.498131
vt 0.086765 0.497639
vt 0.086974 0.498055
vt 0.192114 0.240884
vt 0.192655 0.240775
vt 0.192780 0.241376
vt 0.330473 0.853935
vt 0.330270 0.853512
vt 0.330689 0.853604
vt 0.275027 0.784718
vt 0.275420 0.784910
vt 0.275138 0.785043
vt 0.142805 0.379551
vt 0.143201 0.379638
vt 0.142939 0.379835
vt 0.194688 0.245564
vt 0.195096 0.245414
vt 0.195094 0.245973
vt 0.194292 0.245859
vt 0.193745 0.245610
vt 0.193871 0.245130
vt 0.113765 0.502142
vt 0.113249 0.502688
vt 0.113178 0.502107
vt 0.109622 0.504342
vt 0.109064 0.504540
vt 0.109303 0.503992
vt 0.230257 0.936517
vt 0.230212 0.935945
vt 0.230654 0.936246
vt 0.161092 0.903105
vt 0.161493 0.902889
vt 0.161452 0.903143
vt 0.163673 0.903992
vt 0.163919 0.903661
vt 0.164192 0.904009
vt 0.026002 0.151270
vt 0.026552 0.151270
vt 0.026468 0.151674
vt 0.020897 0.145942
vt 0.020954 0.146346
vt 0.020242 0.146015
vt 0.169028 0.911553
vt 0.168532 0.911681
vt 0.168563 0.911192
vt 0.073209 0.501634
vt 0.073136 0.501342
vt 0.073598 0.501365
vt 0.074239 0.495758
vt 0.073617 0.495742
vt 0.074051 0.495357
vt 0.177180 0.905232
vt 0.176836 0.905113
vt 0.176765 0.904742
vt 0.069867 0.493376
vt 0.069830 0.493033
vt 0.070028 0.492991
vt 0.069901 0.492692
vt 0.179587 0.907022
vt 0.082152 0.489354
vt 0.082069 0.489951
vt 0.081703 0.489567
vt 0.197042 0.248108
vt 0.196666 0.247971
vt 0.196907 0.247481
vt 0.189795 0.251635
vt 0.189734 0.250998
vt 0.190182 0.251281
vt 0.126009 0.507349
vt 0.125631 0.507606
vt 0.125712 0.507129
vt 0.190169 0.252847
vt 0.189642 0.252476
vt 0.190138 0.252210
vt 0.119555 0.508598
vt 0.119643 0.508174
vt 0.119994 0.508701
vt 0.110436 0.505297
vt 0.109941 0.505097
vt 0.110499 0.504830
vt 0.209588 0.220715
vt 0.209760 0.220272
vt 0.210021 0.220577
vt 0.228959 0.368769
vt 0.229417 0.369036
vt 0.160777 0.902407
vt 0.160618 0.902704
vt 0.160451 0.902493
vt 0.227916 0.369566
vt 0.227609 0.368986
vt 0.228061 0.369147
vt 0.228640 0.367648
vt 0.228306 0.367413
vt 0.228637 0.367141
vt 0.148840 0.361184
vt 0.149278 0.361437
vt 0.149021 0.361483
vt 0.152924 0.242202
vt 0.152577 0.242519
vt 0.152524 0.241915
vt 0.151621 0.239106
vt 0.152347 0.239386
vt 0.151756 0.239533
vt 0.150374 0.242630
vt 0.150062 0.242597
vt 0.150295 0.242199
vt 0.330468 0.453513
vt 0.330328 0.452946
vt 0.330657 0.453068
vt 0.331214 0.453397
vt 0.330889 0.453484
vt 0.330961 0.453100
vt 0.008134 0.037279
vt 0.008527 0.036891
vt 0.008543 0.037159
vt 0.111465 0.154635
vt 0.111936 0.154697
vt 0.111735 0.155050
vt 0.111885 0.152448
vt 0.112031 0.152216
vt 0.112219 0.152604
vt 0.292789 0.719253
vt 0.292381 0.719217
vt 0.292476 0.718763
vt 0.009644 0.041493
vt 0.009555 0.042054
vt 0.009257 0.041678
vt 0.014991 0.040511
vt 0.014618 0.040217
vt 0.014843 0.039999
vt 0.118736 0.151251
vt 0.119150 0.151224
vt 0.118710 0.151599
vt 0.120386 0.154420
vt 0.119900 0.154187
vt 0.120404 0.153953
vt 0.013840 0.033700
vt 0.013754 0.033214
vt 0.014097 0.033339
vt 0.050589 0.553882
vt 0.050550 0.554452
vt 0.050219 0.554071
vt 0.051424 0.553701
vt 0.051259 0.553191
vt 0.051971 0.553067
vt 0.125823 0.148949
vt 0.126294 0.148779
vt 0.126013 0.149370
vt 0.029047 0.040832
vt 0.029062 0.040353
vt 0.029407 0.040469
vt 0.028560 0.043356
vt 0.016111 0.038333
vt 0.016342 0.038776
vt 0.015801 0.038739
vt 0.058538 0.558801
vt 0.058603 0.558396
vt 0.059090 0.558638
vt 0.027651 0.039748
vt 0.027664 0.040206
vt 0.027265 0.040158
vt 0.160120 0.863341
vt 0.159654 0.863445
vt 0.159876 0.863003
vt 0.124880 0.142774
vt 0.125347 0.143090
vt 0.125050 0.143203
vt 0.120570 0.143178
vt 0.120766 0.142976
vt 0.120911 0.143381
vt 0.122130 0.143383
vt 0.122544 0.143998
vt 0.122097 0.143787
vt 0.117297 0.140158
vt 0.116834 0.139712
vt 0.117384 0.139637
vt 0.144824 0.991016
vt 0.144736 0.991411
vt 0.144489 0.990921
vt 0.156433 0.994332
vt 0.156107 0.994175
vt 0.156346 0.993877
vt 0.149936 0.987396
vt 0.149448 0.986965
vt 0.149808 0.986998
vt 0.149425 0.987375
vt 0.148940 0.987088
vt 0.017844 0.235046
vt 0.017491 0.234508
vt 0.017958 0.234677
vt 0.185600 0.651266
vt 0.185720 0.651890
vt 0.185122 0.651473
vt 0.298804 0.727614
vt 0.299203 0.727576
vt 0.299105 0.727982
vt 0.298998 0.724911
vt 0.298579 0.724676
vt 0.299005 0.724425
vt 0.027762 0.232107
vt 0.028110 0.232003
vt 0.028192 0.232324
vt 0.135704 0.988369
vt 0.135553 0.988039
vt 0.135921 0.987923
vt 0.189270 0.645939
vt 0.188826 0.646032
vt 0.188972 0.645539
vt 0.191694 0.644860
vt 0.192349 0.644984
vt 0.191969 0.645373
vt 0.196035 0.651575
vt 0.195751 0.651016
vt 0.196297 0.651070
vt 0.107749 0.145127
vt 0.107352 0.145336
vt 0.107606 0.144835
vt 0.148573 0.240418
vt 0.149091 0.240522
vt 0.148906 0.240992
vt 0.226272 0.559416
vt 0.225881 0.559342
vt 0.226054 0.558878
vt 0.263139 0.280129
vt 0.262897 0.279571
vt 0.263377 0.279732
vt 0.282559 0.025936
vt 0.283034 0.026320
vt 0.282386 0.026455
vt 0.282259 0.027051
vt 0.282105 0.027593
vt 0.281621 0.027135
vt 0.257194 0.280217
vt 0.256855 0.279747
vt 0.257186 0.279671
vt 0.058516 0.615013
vt 0.058803 0.615284
vt 0.058305 0.615167
vt 0.224722 0.558636
vt 0.224322 0.558420
vt 0.224716 0.557992
vt 0.263411 0.279263
vt 0.171018 0.434246
vt 0.171755 0.434472
vt 0.171209 0.434729
vt 0.169718 0.440823
vt 0.169797 0.441364
vt 0.169395 0.441161
vt 0.170905 0.433155
vt 0.170510 0.433633
vt 0.170365 0.433167
vt 0.194781 0.102335
vt 0.194537 0.102686
vt 0.194400 0.102119
vt 0.193842 0.100589
vt 0.194242 0.100715
vt 0.193891 0.101089
vt 0.300042 0.590343
vt 0.299904 0.590699
vt 0.299584 0.590550
vt 0.280151 0.046333
vt 0.280483 0.046323
vt 0.280209 0.046524
vt 0.228849 0.566730
vt 0.228642 0.566974
vt 0.228397 0.566693
vt 0.233680 0.566625
vt 0.234235 0.566209
vt 0.233980 0.566907
vt 0.278387 0.051727
vt 0.278187 0.051515
vt 0.278767 0.051357
vt 0.354837 0.197075
vt 0.355057 0.197599
vt 0.354566 0.197453
vt 0.370832 0.646599
vt 0.370569 0.645962
vt 0.371017 0.646191
vt 0.008536 0.232521
vt 0.008848 0.232466
vt 0.009100 0.233049
vt 0.235350 0.552461
vt 0.235590 0.553173
vt 0.235176 0.552883
vt 0.235440 0.553449
vt 0.235685 0.553688
vt 0.235554 0.553999
vt 0.355245 0.190007
vt 0.354987 0.190484
vt 0.354781 0.189855
vt 0.007550 0.230792
vt 0.007289 0.230889
vt 0.007459 0.230462
vt 0.368539 0.444049
vt 0.368621 0.443541
vt 0.368851 0.443899
vt 0.283757 0.039737
vt 0.283686 0.039278
vt 0.284061 0.039122
vt 0.234669 0.831193
vt 0.234581 0.830773
vt 0.235147 0.830972
vt 0.235608 0.831083
vt 0.235197 0.831530
vt 0.189587 0.106832
vt 0.189171 0.106977
vt 0.188931 0.106583
vt 0.332466 0.171847
vt 0.332722 0.171363
vt 0.333115 0.171693
vt 0.294201 0.662489
vt 0.293674 0.662540
vt 0.293769 0.662054
vt 0.294251 0.660713
vt 0.294489 0.661073
vt 0.294150 0.661164
vt 0.245877 0.722912
vt 0.245966 0.722563
vt 0.246396 0.723026
vt 0.079196 0.686295
vt 0.079262 0.685863
vt 0.079597 0.685649
vt 0.246354 0.722553
vt 0.246706 0.722642
vt 0.093739 0.686072
vt 0.093539 0.686334
vt 0.093063 0.685580
vt 0.084278 0.688603
vt 0.083820 0.688846
vt 0.083863 0.688282
vt 0.084420 0.688078
vt 0.081917 0.231102
vt 0.082591 0.231175
vt 0.082335 0.231633
vt 0.080719 0.216382
vt 0.080931 0.216772
vt 0.080631 0.216851
vt 0.209602 0.048072
vt 0.209278 0.047703
vt 0.209667 0.047756
vt 0.078828 0.208604
vt 0.078768 0.208234
vt 0.079187 0.208174
vt 0.215949 0.563829
vt 0.216351 0.563841
vt 0.216136 0.564308
vt 0.294313 0.925851
vt 0.294630 0.926224
vt 0.294368 0.926386
vt 0.081761 0.213656
vt 0.081281 0.213869
vt 0.081469 0.213179
vt 0.351462 0.654549
vt 0.351657 0.655007
vt 0.351270 0.655090
vt 0.349771 0.910935
vt 0.349621 0.911536
vt 0.349288 0.910995
vt 0.082913 0.234617
vt 0.082047 0.234551
vt 0.082344 0.234017
vt 0.245662 0.723252
vt 0.245497 0.722803
vt 0.245693 0.722660
vt 0.212709 0.556325
vt 0.212998 0.556686
vt 0.212424 0.556858
vt 0.177330 0.755958
vt 0.177333 0.755343
vt 0.177869 0.755840
vt 0.317486 0.179049
vt 0.317403 0.179701
vt 0.317115 0.179193
vt 0.138779 0.037176
vt 0.138305 0.037422
vt 0.138438 0.037021
vt 0.137922 0.036523
vt 0.137690 0.036742
vt 0.137641 0.036335
vt 0.193746 0.774189
vt 0.194347 0.773926
vt 0.194047 0.774441
vt 0.312258 0.928261
vt 0.312702 0.927925
vt 0.312611 0.928606
vt 0.190827 0.782104
vt 0.191227 0.782082
vt 0.190991 0.782441
vt 0.190778 0.781766
vt 0.190187 0.782019
vt 0.189819 0.781896
vt 0.190353 0.781674
vt 0.230313 0.735180
vt 0.230773 0.735044
vt 0.230854 0.735550
vt 0.140449 0.044743
vt 0.140208 0.045078
vt 0.140070 0.044756
vt 0.145827 0.047110
vt 0.146240 0.047429
vt 0.145793 0.047658
vt 0.259409 0.463324
vt 0.259815 0.463572
vt 0.259341 0.463643
vt 0.232251 0.738388
vt 0.232306 0.738900
vt 0.231811 0.738740
vt 0.318367 0.179908
vt 0.317614 0.180804
vt 0.151328 0.317401
vt 0.151617 0.318100
vt 0.151066 0.318065
vt 0.155535 0.316268
vt 0.155885 0.316499
vt 0.155591 0.316757
vt 0.111801 0.081834
vt 0.112709 0.082923
vt 0.111640 0.082761
vt 0.144504 0.325509
vt 0.144643 0.324963
vt 0.144955 0.325360
vt 0.137816 0.152510
vt 0.137792 0.152931
vt 0.137568 0.152310
vt 0.141382 0.142173
vt 0.141643 0.142408
vt 0.141440 0.142365
vt 0.255104 0.792196
vt 0.254886 0.792630
vt 0.254611 0.792387
vt 0.307941 0.193240
vt 0.308090 0.192802
vt 0.308426 0.193053
vt 0.375440 0.938256
vt 0.376150 0.938213
vt 0.375818 0.938499
vt 0.290453 0.660474
vt 0.290794 0.660430
vt 0.290632 0.660755
vt 0.171543 0.754463
vt 0.171050 0.754134
vt 0.171830 0.754021
vt 0.168999 0.744211
vt 0.288919 0.925564
vt 0.288692 0.925097
vt 0.289324 0.925180
vt 0.288487 0.925492
vt 0.246068 0.301083
vt 0.246215 0.301397
vt 0.246006 0.301594
vt 0.309749 0.015101
vt 0.309386 0.014774
vt 0.309995 0.014617
vt 0.312311 0.014217
vt 0.312148 0.013727
vt 0.312516 0.013734
vt 0.302372 0.523041
vt 0.302751 0.522747
vt 0.302633 0.523241
vt 0.302428 0.524749
vt 0.302652 0.525122
vt 0.302213 0.525268
vt 0.304267 0.523382
vt 0.304040 0.522927
vt 0.304503 0.522987
vt 0.303435 0.523399
vt 0.303453 0.523962
vt 0.303049 0.523802
vt 0.267082 0.248536
vt 0.266674 0.248070
vt 0.267091 0.247874
vt 0.292010 0.873430
vt 0.291806 0.873738
vt 0.291584 0.873465
vt 0.366525 0.102288
vt 0.366718 0.102757
vt 0.366341 0.102418
vt 0.203824 0.831511
vt 0.204178 0.831688
vt 0.203877 0.831909
vt 0.213305 0.838769
vt 0.212820 0.838649
vt 0.212926 0.838130
vt 0.204575 0.831894
vt 0.204212 0.832210
vt 0.175184 0.248843
vt 0.175635 0.249065
vt 0.175187 0.249496
vt 0.144339 0.329320
vt 0.144848 0.329098
vt 0.144787 0.329389
vt 0.141714 0.325371
vt 0.141412 0.325306
vt 0.141594 0.325036
vt 0.141218 0.325158
vt 0.140799 0.325321
vt 0.141017 0.324852
vt 0.141321 0.325615
vt 0.259882 0.793119
vt 0.260216 0.792732
vt 0.260423 0.793090
vt 0.112212 0.209358
vt 0.112478 0.209764
vt 0.112101 0.209863
vt 0.113835 0.207274
vt 0.113451 0.207715
vt 0.113358 0.207218
vt 0.116810 0.210281
vt 0.117321 0.210516
vt 0.117035 0.210911
vt 0.116733 0.209286
vt 0.117274 0.209241
vt 0.117036 0.209726
vt 0.121674 0.201019
vt 0.121393 0.201350
vt 0.121204 0.201005
vt 0.121992 0.216036
vt 0.121864 0.215547
vt 0.122142 0.215709
vt 0.165296 0.252301
vt 0.165700 0.252519
vt 0.165341 0.252839
vt 0.108413 0.091819
vt 0.108901 0.091674
vt 0.108744 0.092299
vt 0.117436 0.092932
vt 0.117170 0.093303
vt 0.116941 0.092879
vt 0.117986 0.095519
vt 0.117885 0.096101
vt 0.117594 0.095735
vt 0.120107 0.091594
vt 0.120216 0.091150
vt 0.120642 0.091584
vt 0.122838 0.095462
vt 0.122286 0.095533
vt 0.122359 0.094937
vt 0.123975 0.092665
vt 0.123987 0.092298
vt 0.124323 0.092612
vt 0.122292 0.219634
vt 0.122571 0.219269
vt 0.122835 0.219582
vt 0.122235 0.220142
vt 0.122716 0.219969
vt 0.225688 0.812599
vt 0.225922 0.812918
vt 0.225422 0.812972
vt 0.172102 0.213798
vt 0.172569 0.213811
vt 0.172200 0.214136
vt 0.228468 0.806337
vt 0.228623 0.806091
vt 0.228977 0.806462
vt 0.291860 0.870994
vt 0.292094 0.871444
vt 0.291601 0.871316
vt 0.290399 0.870654
vt 0.290630 0.870443
vt 0.290938 0.870666
vt 0.366362 0.292944
vt 0.366868 0.292120
vt 0.366000 0.292091
vt 0.235784 0.544727
vt 0.235681 0.544268
vt 0.236193 0.544392
vt 0.214939 0.127156
vt 0.215270 0.127429
vt 0.214854 0.127538
vt 0.124089 0.105786
vt 0.124522 0.105527
vt 0.124255 0.106174
vt 0.119765 0.108943
vt 0.119284 0.108920
vt 0.119737 0.108437
vt 0.210067 0.125080
vt 0.210063 0.124878
vt 0.210020 0.124642
vt 0.225536 0.529925
vt 0.225172 0.529624
vt 0.225696 0.529572
vt 0.208990 0.109021
vt 0.208817 0.109621
vt 0.208431 0.109213
vt 0.208219 0.107661
vt 0.208292 0.107224
vt 0.208630 0.107342
vt 0.228565 0.533158
vt 0.229037 0.532981
vt 0.228976 0.533568
vt 0.227655 0.531255
vt 0.228066 0.531669
vt 0.227600 0.531678
vt 0.227992 0.531171
vt 0.090454 0.578891
vt 0.090078 0.579310
vt 0.089896 0.578757
vt 0.242521 0.320507
vt 0.242403 0.320034
vt 0.242963 0.320114
vt 0.096284 0.575420
vt 0.096012 0.575835
vt 0.095814 0.575179
vt 0.293504 0.733901
vt 0.293045 0.733506
vt 0.293622 0.733405
vt 0.058157 0.047645
vt 0.058248 0.048150
vt 0.057714 0.047953
vt 0.175782 0.334121
vt 0.175837 0.334407
vt 0.175505 0.334140
vt 0.176218 0.335507
vt 0.176375 0.335073
vt 0.176782 0.335582
vt 0.057731 0.046905
vt 0.057607 0.046434
vt 0.058149 0.046760
vt 0.055455 0.048025
vt 0.055906 0.048048
vt 0.055667 0.048508
vt 0.310217 0.502243
vt 0.309574 0.502144
vt 0.309600 0.501612
vt 0.285957 0.499309
vt 0.286101 0.499558
vt 0.285764 0.499502
vt 0.311163 0.360497
vt 0.311328 0.361704
vt 0.310268 0.361059
vt 0.218967 0.888151
vt 0.219301 0.887891
vt 0.219624 0.888236
vt 0.311392 0.490620
vt 0.310958 0.490212
vt 0.311685 0.490012
vt 0.213242 0.890013
vt 0.213902 0.889795
vt 0.213648 0.890211
vt 0.172630 0.332722
vt 0.172813 0.332128
vt 0.173352 0.332597
vt 0.168179 0.235674
vt 0.167970 0.235057
vt 0.168590 0.235006
vt 0.167458 0.234730
vt 0.168108 0.234465
vt 0.241022 0.033485
vt 0.241074 0.033129
vt 0.241370 0.033297
vt 0.357815 0.373600
vt 0.357483 0.374545
vt 0.358335 0.374610
vt 0.240195 0.029588
vt 0.240264 0.029161
vt 0.240749 0.029463
vt 0.216159 0.890018
vt 0.216138 0.889549
vt 0.216469 0.889857
vt 0.248389 0.523247
vt 0.247369 0.522974
vt 0.248277 0.522887
vt 0.175015 0.236465
vt 0.175134 0.236849
vt 0.174773 0.236808
vt 0.206395 0.833940
vt 0.206621 0.834308
vt 0.206253 0.834283
vt 0.212239 0.837290
vt 0.212018 0.836401
vt 0.212525 0.836869
vt 0.212505 0.838053
vt 0.213109 0.866005
vt 0.212503 0.865876
vt 0.212753 0.865593
vt 0.309988 0.039537
vt 0.310713 0.039612
vt 0.310633 0.040066
vt 0.249495 0.519419
vt 0.249766 0.518754
vt 0.250036 0.519913
vt 0.177909 0.226618
vt 0.178019 0.227107
vt 0.177642 0.227091
vt 0.215256 0.875536
vt 0.214795 0.876021
vt 0.214583 0.875437
vt 0.172237 0.209532
vt 0.172624 0.209629
vt 0.172317 0.210113
vt 0.207212 0.879095
vt 0.207390 0.879490
vt 0.206844 0.879440
vt 0.177054 0.196422
vt 0.177222 0.196970
vt 0.176725 0.196629
vt 0.216485 0.188550
vt 0.216914 0.188160
vt 0.217197 0.188569
vt 0.217296 0.188069
vt 0.177241 0.823238
vt 0.177770 0.823134
vt 0.177333 0.823510
vt 0.216784 0.189016
vt 0.178494 0.823803
vt 0.178102 0.823711
vt 0.178741 0.823398
vt 0.149549 0.920289
vt 0.149467 0.920694
vt 0.149104 0.920105
vt 0.149942 0.921145
vt 0.149924 0.920555
vt 0.147690 0.923571
vt 0.147063 0.923475
vt 0.147399 0.923086
vt 0.145924 0.921963
vt 0.146135 0.921304
vt 0.146627 0.921758
vt 0.165165 0.816425
vt 0.165368 0.816119
vt 0.165391 0.816612
vt 0.164341 0.819790
vt 0.164774 0.820359
vt 0.164313 0.820379
vt 0.142921 0.920705
vt 0.142335 0.920609
vt 0.142450 0.920199
vt 0.148639 0.926882
vt 0.148904 0.926461
vt 0.149117 0.926902
vt 0.210890 0.415638
vt 0.211122 0.415155
vt 0.211288 0.415654
vt 0.175317 0.206914
vt 0.175111 0.206645
vt 0.175633 0.206543
vt 0.176098 0.207317
vt 0.175656 0.207075
vt 0.176108 0.206771
vt 0.137933 0.914925
vt 0.138286 0.914987
vt 0.137536 0.915306
vt 0.138320 0.913930
vt 0.138326 0.913653
vt 0.138708 0.913855
vt 0.174859 0.200042
vt 0.175815 0.199272
vt 0.163334 0.813875
vt 0.163269 0.814388
vt 0.163096 0.814029
vt 0.265708 0.842762
vt 0.265829 0.843287
vt 0.265263 0.843177
vt 0.191213 0.230266
vt 0.191640 0.230181
vt 0.191348 0.230571
vt 0.271894 0.855157
vt 0.272125 0.854719
vt 0.272316 0.855096
vt 0.192902 0.230534
vt 0.193419 0.230492
vt 0.193062 0.230855
vt 0.209351 0.865785
vt 0.208983 0.866140
vt 0.209171 0.865555
vt 0.205813 0.841130
vt 0.205662 0.841683
vt 0.205468 0.841357
vt 0.163618 0.807900
vt 0.163299 0.807828
vt 0.163574 0.807290
vt 0.162926 0.808616
vt 0.162769 0.809286
vt 0.162516 0.808574
vt 0.273872 0.854270
vt 0.274360 0.854068
vt 0.274361 0.854513
vt 0.273382 0.853906
vt 0.273217 0.854365
vt 0.272879 0.854036
vt 0.228892 0.116391
vt 0.229153 0.116047
vt 0.229352 0.116564
vt 0.146288 0.661724
vt 0.146698 0.662072
vt 0.146153 0.662163
vt 0.152145 0.666881
vt 0.151811 0.666429
vt 0.152352 0.666445
vt 0.345438 0.337526
vt 0.345036 0.337305
vt 0.345422 0.337129
vt 0.137521 0.250960
vt 0.138031 0.250955
vt 0.137762 0.251187
vt 0.256998 0.396620
vt 0.256702 0.396816
vt 0.256545 0.396538
vt 0.280021 0.795252
vt 0.279697 0.795538
vt 0.279597 0.795176
vt 0.260972 0.404571
vt 0.260595 0.404552
vt 0.260760 0.404095
vt 0.278818 0.801655
vt 0.278720 0.802080
vt 0.278474 0.801752
vt 0.199338 0.234441
vt 0.199522 0.234724
vt 0.198989 0.234708
vt 0.280270 0.801982
vt 0.280701 0.801912
vt 0.280534 0.802309
vt 0.145746 0.678169
vt 0.145808 0.677569
vt 0.146280 0.677956
vt 0.176751 0.823516
vt 0.176955 0.823853
vt 0.169478 0.010317
vt 0.169119 0.010168
vt 0.169599 0.009909
vt 0.244459 0.695465
vt 0.244028 0.695781
vt 0.243862 0.695456
vt 0.243567 0.694373
vt 0.243389 0.694056
vt 0.243865 0.694105
vt 0.221899 0.927452
vt 0.221572 0.927458
vt 0.222060 0.927038
vt 0.217841 0.188874
vt 0.217270 0.189107
vt 0.223854 0.937819
vt 0.223911 0.937261
vt 0.224107 0.938550
vt 0.223856 0.938180
vt 0.224180 0.938235
vt 0.224585 0.938314
vt 0.031365 0.155004
vt 0.031662 0.155616
vt 0.031113 0.155386
vt 0.032618 0.155686
vt 0.032239 0.155222
vt 0.032699 0.155259
vt 0.031841 0.155234
vt 0.031687 0.154775
vt 0.031761 0.156046
vt 0.032102 0.156386
vt 0.031679 0.156287
vt 0.072360 0.756183
vt 0.072362 0.756450
vt 0.072011 0.756008
vt 0.031090 0.163929
vt 0.031371 0.163739
vt 0.031243 0.164189
vt 0.070688 0.748469
vt 0.070535 0.747945
vt 0.071045 0.748027
vt 0.019735 0.171212
vt 0.169365 0.913498
vt 0.169394 0.913144
vt 0.169705 0.913487
vt 0.020728 0.151908
vt 0.020789 0.152289
vt 0.020406 0.152194
vt 0.020272 0.151854
vt 0.020657 0.151522
vt 0.019555 0.164639
vt 0.020019 0.164472
vt 0.019996 0.165034
vt 0.016720 0.158127
vt 0.017271 0.158248
vt 0.016913 0.158678
vt 0.082508 0.311214
vt 0.082445 0.310729
vt 0.082002 0.314603
vt 0.081724 0.314128
vt 0.082418 0.314331
vt 0.293216 0.289473
vt 0.293560 0.289425
vt 0.293686 0.289838
vt 0.293926 0.292398
vt 0.294283 0.292973
vt 0.293662 0.292858
vt 0.094915 0.309161
vt 0.094860 0.308795
vt 0.095242 0.309002
vt 0.094423 0.308823
vt 0.094637 0.308480
vt 0.213526 0.585597
vt 0.213205 0.585396
vt 0.213505 0.585220
vt 0.212876 0.587332
vt 0.213300 0.587195
vt 0.213262 0.587692
vt 0.212898 0.588384
vt 0.212553 0.588179
vt 0.212771 0.587862
vt 0.215481 0.592185
vt 0.214832 0.592107
vt 0.215222 0.591695
vt 0.295370 0.308153
vt 0.295198 0.308576
vt 0.295054 0.308003
vt 0.294254 0.309126
vt 0.294184 0.308578
vt 0.294455 0.308945
vt 0.213105 0.595564
vt 0.213732 0.595761
vt 0.213241 0.596074
vt 0.082702 0.306473
vt 0.082343 0.306209
vt 0.082900 0.306170
vt 0.243410 0.164413
vt 0.243821 0.164245
vt 0.243644 0.164636
vt 0.192092 0.520791
vt 0.191660 0.520851
vt 0.191828 0.520500
vt 0.193959 0.514974
vt 0.193637 0.514476
vt 0.194325 0.514727
vt 0.074284 0.315428
vt 0.074380 0.315889
vt 0.073301 0.315294
vt 0.073458 0.315640
vt 0.073010 0.315645
vt 0.070774 0.314925
vt 0.070526 0.314761
vt 0.070796 0.314449
vt 0.079277 0.313962
vt 0.078909 0.313431
vt 0.079689 0.313390
vt 0.119996 0.429242
vt 0.119618 0.429427
vt 0.119654 0.429055
vt 0.121098 0.436333
vt 0.120787 0.436482
vt 0.120917 0.436034
vt 0.120444 0.436085
vt 0.107553 0.434318
vt 0.107346 0.433998
vt 0.107802 0.434046
vt 0.240851 0.704395
vt 0.240642 0.704761
vt 0.240275 0.704474
vt 0.005093 0.162109
vt 0.004830 0.162213
vt 0.004785 0.161722
vt 0.010545 0.160129
vt 0.010706 0.160668
vt 0.010163 0.160589
vt 0.009577 0.164030
vt 0.009871 0.164312
vt 0.009567 0.164557
vt 0.245334 0.708517
vt 0.245799 0.708225
vt 0.245893 0.708827
vt 0.122436 0.432727
vt 0.122762 0.432375
vt 0.123140 0.432758
vt 0.122281 0.435396
vt 0.122907 0.435522
vt 0.122571 0.435874
vt 0.021603 0.171542
vt 0.021623 0.172084
vt 0.021295 0.171822
vt 0.004209 0.171279
vt 0.003709 0.170757
vt 0.004227 0.170728
vt 0.006208 0.172057
vt 0.006560 0.172629
vt 0.006141 0.172612
vt 0.169441 0.471891
vt 0.169822 0.471760
vt 0.169809 0.472171
vt 0.170550 0.472180
vt 0.170140 0.472353
vt 0.170143 0.471955
vt 0.280991 0.752073
vt 0.280909 0.752339
vt 0.280152 0.752117
vt 0.277710 0.752324
vt 0.277633 0.751845
vt 0.278245 0.752232
vt 0.342273 0.687634
vt 0.342930 0.687822
vt 0.342598 0.688096
vt 0.280091 0.751730
vt 0.280631 0.751780
vt 0.323547 0.152288
vt 0.325498 0.152204
vt 0.325550 0.149532
vt 0.111992 0.428064
vt 0.112467 0.427928
vt 0.112372 0.428240
vt 0.140042 0.197516
vt 0.139927 0.197130
vt 0.140263 0.196943
vt 0.310969 0.794038
vt 0.311125 0.793559
vt 0.311436 0.794009
vt 0.337183 0.632967
vt 0.336852 0.632513
vt 0.337439 0.632482
vt 0.202421 0.079119
vt 0.202208 0.076947
vt 0.203012 0.077278
vt 0.112150 0.426480
vt 0.112209 0.426870
vt 0.111749 0.426945
vt 0.202745 0.076646
vt 0.203092 0.076017
vt 0.309840 0.982319
vt 0.310736 0.981807
vt 0.311224 0.982389
vt 0.312013 0.982028
vt 0.311555 0.981812
vt 0.313161 0.980219
vt 0.313394 0.980543
vt 0.312841 0.980389
vt 0.248136 0.159214
vt 0.247938 0.159423
vt 0.247620 0.159015
vt 0.249739 0.160783
vt 0.249907 0.160253
vt 0.250399 0.160533
vt 0.362724 0.160806
vt 0.362561 0.158651
vt 0.364161 0.160035
vt 0.236215 0.494782
vt 0.236141 0.492606
vt 0.236895 0.493388
vt 0.561643 0.904446
vt 0.561769 0.904766
vt 0.561951 0.904345
vt 0.363298 0.751247
vt 0.363001 0.751267
vt 0.363072 0.750794
vt 0.214965 0.698485
vt 0.214662 0.698048
vt 0.215115 0.697980
vt 0.216471 0.700945
vt 0.216107 0.700518
vt 0.216419 0.700275
vt 0.214095 0.694534
vt 0.214518 0.695088
vt 0.214077 0.695300
vt 0.332221 0.032709
vt 0.331600 0.032597
vt 0.331496 0.032904
vt 0.332658 0.029168
vt 0.333005 0.029838
vt 0.333273 0.029444
vt 0.273729 0.569463
vt 0.272822 0.569922
vt 0.273541 0.568163
vt 0.267524 0.557580
vt 0.269536 0.559930
vt 0.267986 0.559888
vt 0.279687 0.878921
vt 0.283702 0.884097
vt 0.286902 0.879108
vt 0.059235 0.260335
vt 0.061771 0.264567
vt 0.057458 0.263940
vt 0.317466 0.161373
vt 0.317830 0.160862
vt 0.318683 0.161610
vt 0.342120 0.356674
vt 0.343695 0.355483
vt 0.345549 0.354411
vt 0.205912 0.084585
vt 0.207548 0.085236
vt 0.209184 0.085886
vt 0.205918 0.085887
vt 0.508729 0.979494
vt 0.507906 0.980080
vt 0.508731 0.978765
vt 0.284908 0.649364
vt 0.284434 0.648640
vt 0.285127 0.648669
vt 0.324957 0.786823
vt 0.324565 0.787405
vt 0.324470 0.786968
vt 0.326590 0.219354
vt 0.324487 0.220679
vt 0.324332 0.219642
vt 0.322316 0.878457
vt 0.320370 0.879243
vt 0.320847 0.877849
vt 0.318425 0.880030
vt 0.317230 0.879112
vt 0.317995 0.879392
vt 0.312790 0.708466
vt 0.311980 0.711008
vt 0.311974 0.706115
vt 0.148447 0.127058
vt 0.148732 0.124483
vt 0.147938 0.121397
vt 0.147652 0.123972
vt 0.139542 0.128488
vt 0.141405 0.130614
vt 0.142392 0.124671
vt 0.047922 0.506444
vt 0.042967 0.508981
vt 0.047602 0.510749
vt 0.271775 0.566937
vt 0.270371 0.566475
vt 0.271831 0.566130
vt 0.067353 0.186310
vt 0.067346 0.187352
vt 0.066467 0.186773
vt 0.215187 0.079044
vt 0.213385 0.078622
vt 0.216642 0.077375
vt 0.205006 0.080600
vt 0.204746 0.078156
vt 0.206529 0.080933
vt 0.057714 0.820346
vt 0.056566 0.819760
vt 0.055885 0.820718
vt 0.218391 0.079137
vt 0.216473 0.079346
vt 0.049458 0.562574
vt 0.048660 0.565036
vt 0.046738 0.563149
vt 0.211770 0.079850
vt 0.212278 0.081513
vt 0.210470 0.080252
vt 0.054880 0.378061
vt 0.054361 0.378042
vt 0.054701 0.377785
vt 0.112164 0.425038
vt 0.111120 0.425486
vt 0.111058 0.425029
vt 0.349679 0.803058
vt 0.349299 0.803163
vt 0.349457 0.802693
vt 0.143945 0.524302
vt 0.143540 0.524457
vt 0.143457 0.524047
vt 0.143218 0.524347
vt 0.142797 0.523930
vt 0.140985 0.851262
vt 0.141433 0.850930
vt 0.150690 0.847643
vt 0.150240 0.847463
vt 0.150525 0.847070
vt 0.149237 0.849098
vt 0.149695 0.848695
vt 0.149758 0.849375
vt 0.070869 0.808314
vt 0.070031 0.808648
vt 0.070942 0.807839
vt 0.145332 0.851493
vt 0.144838 0.851719
vt 0.145074 0.851279
vt 0.145393 0.851813
vt 0.038669 0.163867
vt 0.038148 0.164861
vt 0.038010 0.164120
vt 0.038648 0.164791
vt 0.038996 0.164531
vt 0.160659 0.549224
vt 0.160516 0.549657
vt 0.160328 0.549198
vt 0.343564 0.529091
vt 0.344226 0.528738
vt 0.344187 0.529144
vt 0.213123 0.505910
vt 0.212874 0.505605
vt 0.213269 0.505506
vt 0.108560 0.651271
vt 0.108352 0.651297
vt 0.108588 0.650947
vt 0.173154 0.547609
vt 0.173470 0.547559
vt 0.173423 0.548012
vt 0.147315 0.517626
vt 0.147514 0.518112
vt 0.146936 0.518126
vt 0.304617 0.980226
vt 0.304338 0.979921
vt 0.304818 0.979870
vt 0.304673 0.978426
vt 0.305070 0.978634
vt 0.304646 0.978816
vt 0.069244 0.312328
vt 0.069577 0.312417
vt 0.069222 0.312720
vt 0.063788 0.379354
vt 0.063573 0.379548
vt 0.063520 0.379284
vt 0.148083 0.506228
vt 0.148382 0.506791
vt 0.147753 0.506747
vt 0.150432 0.500221
vt 0.149952 0.500042
vt 0.150192 0.499844
vt 0.163642 0.463911
vt 0.163927 0.463489
vt 0.164228 0.463735
vt 0.153651 0.928887
vt 0.153928 0.929328
vt 0.153508 0.929498
vt 0.154622 0.927594
vt 0.155055 0.927612
vt 0.155127 0.927953
vt 0.155051 0.927385
vt 0.311644 0.404316
vt 0.312169 0.404679
vt 0.311528 0.404848
vt 0.205236 0.425154
vt 0.205603 0.424985
vt 0.205517 0.425455
vt 0.206517 0.429987
vt 0.206764 0.429598
vt 0.206925 0.430326
vt 0.085442 0.810409
vt 0.085689 0.810897
vt 0.085176 0.810763
vt 0.215481 0.502132
vt 0.216121 0.501929
vt 0.215909 0.502360
vt 0.185206 0.790426
vt 0.185089 0.789972
vt 0.185392 0.790079
vt 0.124992 0.071798
vt 0.125142 0.071482
vt 0.125353 0.071860
vt 0.188329 0.787123
vt 0.188159 0.786686
vt 0.188530 0.786821
vt 0.199131 0.813659
vt 0.199196 0.814017
vt 0.198914 0.813951
vt 0.076137 0.810252
vt 0.075713 0.810763
vt 0.075599 0.810236
vt 0.114452 0.067020
vt 0.114921 0.067014
vt 0.114732 0.067350
vt 0.118465 0.066650
vt 0.118034 0.066852
vt 0.118145 0.066435
vt 0.079215 0.809150
vt 0.078998 0.808769
vt 0.079525 0.808685
vt 0.077232 0.810041
vt 0.076677 0.810031
vt 0.076753 0.809515
vt 0.076279 0.810858
vt 0.079115 0.804148
vt 0.079077 0.804570
vt 0.078794 0.804327
vt 0.283730 0.504964
vt 0.284134 0.504939
vt 0.284097 0.505421
vt 0.148042 0.654401
vt 0.148340 0.654498
vt 0.148047 0.654738
vt 0.107370 0.070720
vt 0.107790 0.070303
vt 0.107726 0.070774
vt 0.245566 0.631674
vt 0.245638 0.632018
vt 0.245305 0.631801
vt 0.146781 0.655198
vt 0.146381 0.654809
vt 0.147125 0.654748
vt 0.240912 0.627645
vt 0.240748 0.627228
vt 0.241368 0.627376
vt 0.193121 0.136345
vt 0.192726 0.136163
vt 0.193144 0.136054
vt 0.240232 0.625215
vt 0.240726 0.625315
vt 0.240354 0.625752
vt 0.196288 0.153031
vt 0.195777 0.153133
vt 0.196037 0.152728
vt 0.189732 0.808490
vt 0.110237 0.074486
vt 0.110066 0.074962
vt 0.109786 0.074719
vt 0.109684 0.075196
vt 0.188723 0.821378
vt 0.188663 0.821859
vt 0.188310 0.821671
vt 0.112506 0.075442
vt 0.113038 0.075610
vt 0.112654 0.076003
vt 0.112284 0.075034
vt 0.112601 0.074848
vt 0.147412 0.654253
vt 0.146920 0.654248
vt 0.147779 0.655145
vt 0.147842 0.655760
vt 0.147479 0.655513
vt 0.195463 0.813940
vt 0.195077 0.813614
vt 0.195427 0.813601
vt 0.144900 0.640903
vt 0.145310 0.640629
vt 0.145191 0.641191
vt 0.217650 0.461623
vt 0.217716 0.461991
vt 0.217358 0.462738
vt 0.146945 0.639671
vt 0.147524 0.639547
vt 0.147550 0.639892
vt 0.283472 0.505471
vt 0.145440 0.638666
vt 0.145209 0.638230
vt 0.145548 0.638276
vt 0.269234 0.141160
vt 0.268912 0.141124
vt 0.269065 0.140808
vt 0.268749 0.141433
vt 0.269091 0.141501
vt 0.268943 0.141827
vt 0.269601 0.141200
vt 0.269682 0.141692
vt 0.269391 0.141505
vt 0.142447 0.509518
vt 0.142451 0.509112
vt 0.142949 0.509234
vt 0.135757 0.928511
vt 0.135479 0.928475
vt 0.135553 0.928127
vt 0.268962 0.131909
vt 0.268628 0.131468
vt 0.269138 0.131413
vt 0.213772 0.428629
vt 0.213721 0.429196
vt 0.213320 0.428973
vt 0.095889 0.792614
vt 0.096186 0.792420
vt 0.096235 0.792686
vt 0.094545 0.795938
vt 0.094545 0.795568
vt 0.094837 0.795830
vt 0.092125 0.802979
vt 0.092453 0.802714
vt 0.092341 0.803271
vt 0.212975 0.431221
vt 0.213066 0.431642
vt 0.212665 0.431441
vt 0.267353 0.138106
vt 0.267265 0.137661
vt 0.267565 0.137819
vt 0.100285 0.805272
vt 0.100061 0.805284
vt 0.100097 0.804930
vt 0.147349 0.837527
vt 0.147691 0.837947
vt 0.147017 0.838003
vt 0.092363 0.808971
vt 0.092422 0.809399
vt 0.092045 0.809227
vt 0.120181 0.651264
vt 0.119573 0.651100
vt 0.119797 0.650805
vt 0.171050 0.550728
vt 0.171518 0.551125
vt 0.170959 0.551343
vt 0.123111 0.651173
vt 0.122753 0.651670
vt 0.122369 0.651392
vt 0.292539 0.463629
vt 0.292886 0.463395
vt 0.293043 0.463770
vt 0.206618 0.515928
vt 0.206435 0.516528
vt 0.206181 0.516076
vt 0.210546 0.520500
vt 0.210137 0.520493
vt 0.210069 0.520156
vt 0.135628 0.536514
vt 0.136006 0.536730
vt 0.135801 0.536968
vt 0.323906 0.552878
vt 0.324376 0.552717
vt 0.324359 0.553240
vt 0.325382 0.552144
vt 0.325509 0.552435
vt 0.323719 0.554365
vt 0.323851 0.554791
vt 0.323408 0.554678
vt 0.254186 0.857073
vt 0.254505 0.857032
vt 0.254404 0.857413
vt 0.355761 0.363073
vt 0.355699 0.362573
vt 0.356012 0.362859
vt 0.355102 0.361144
vt 0.354663 0.361247
vt 0.354890 0.360700
vt 0.254909 0.854842
vt 0.254972 0.854460
vt 0.255330 0.854662
vt 0.253393 0.854727
vt 0.253177 0.855241
vt 0.253005 0.854818
vt 0.372613 0.814640
vt 0.372661 0.814179
vt 0.373002 0.814550
vt 0.353860 0.355425
vt 0.353650 0.355857
vt 0.353647 0.355391
vt 0.196960 0.802830
vt 0.196621 0.802487
vt 0.197031 0.802512
vt 0.194660 0.806011
vt 0.195024 0.806107
vt 0.194791 0.806418
vt 0.370111 0.413349
vt 0.370561 0.413723
vt 0.370205 0.413952
vt 0.317030 0.919842
vt 0.316869 0.919484
vt 0.317221 0.919413
vt 0.145573 0.865795
vt 0.145845 0.865638
vt 0.146003 0.865876
vt 0.155387 0.871884
vt 0.155046 0.871542
vt 0.155548 0.871116
vt 0.315299 0.075633
vt 0.315703 0.075847
vt 0.315493 0.076207
vt 0.283727 0.554294
vt 0.284279 0.554940
vt 0.283407 0.555105
vt 0.151011 0.878394
vt 0.151286 0.877980
vt 0.151365 0.878479
vt 0.338349 0.285033
vt 0.338558 0.285321
vt 0.338100 0.285318
vt 0.283137 0.011048
vt 0.282994 0.010661
vt 0.283346 0.010702
vt 0.284251 0.010169
vt 0.284009 0.010053
vt 0.284354 0.009829
vt 0.284856 0.010577
vt 0.284639 0.010994
vt 0.284509 0.010488
vt 0.145785 0.872843
vt 0.146174 0.872807
vt 0.145919 0.873154
vt 0.442123 0.965818
vt 0.441621 0.965806
vt 0.441863 0.965487
vt 0.357914 0.787632
vt 0.358498 0.787172
vt 0.358396 0.787664
vt 0.337731 0.284799
vt 0.338140 0.284779
vt 0.359809 0.758294
vt 0.360151 0.758382
vt 0.359668 0.758742
vt 0.442011 0.917533
vt 0.442586 0.917505
vt 0.442092 0.917120
vt 0.345661 0.752950
vt 0.346117 0.752763
vt 0.346007 0.753265
vt 0.797346 0.940697
vt 0.798137 0.940792
vt 0.797785 0.941169
vt 0.375869 0.872847
vt 0.375982 0.873214
vt 0.375580 0.873026
vt 0.561327 0.904615
vt 0.660917 0.924320
vt 0.660671 0.924592
vt 0.661112 0.924982
vt 0.365900 0.628541
vt 0.366096 0.628944
vt 0.365768 0.629265
vt 0.343194 0.758366
vt 0.343624 0.758020
vt 0.343694 0.758403
vt 0.342856 0.756844
vt 0.342895 0.757260
vt 0.342592 0.756979
vt 0.372794 0.814961
vt 0.124899 0.048808
vt 0.124597 0.048596
vt 0.124970 0.048255
vt 0.298349 0.578299
vt 0.298095 0.578790
vt 0.297951 0.578392
vt 0.119250 0.054277
vt 0.119126 0.053923
vt 0.119376 0.053753
vt 0.122121 0.054425
vt 0.121547 0.054568
vt 0.121934 0.053961
vt 0.111259 0.048278
vt 0.111745 0.048383
vt 0.142957 0.543832
vt 0.143435 0.543815
vt 0.143173 0.544046
vt 0.142239 0.540578
vt 0.142534 0.540984
vt 0.142158 0.540980
vt 0.082120 0.091303
vt 0.082141 0.091705
vt 0.081678 0.091560
vt 0.086145 0.089022
vt 0.085576 0.088759
vt 0.086051 0.088533
vt 0.086701 0.088880
vt 0.086426 0.088646
vt 0.082379 0.090620
vt 0.081983 0.090447
vt 0.082465 0.090218
vt 0.256121 0.854220
vt 0.255808 0.854643
vt 0.255650 0.854210
vt 0.080522 0.082722
vt 0.081021 0.082530
vt 0.081029 0.082844
vt 0.015651 0.412079
vt 0.015176 0.412377
vt 0.015365 0.411866
vt 0.122491 0.052527
vt 0.122088 0.053035
vt 0.122059 0.052530
vt 0.094195 0.087240
vt 0.094353 0.086812
vt 0.094810 0.086956
vt 0.196092 0.529197
vt 0.195530 0.529556
vt 0.195634 0.528989
vt 0.192463 0.528471
vt 0.192786 0.528218
vt 0.192607 0.528878
vt 0.195129 0.532551
vt 0.195032 0.532997
vt 0.194567 0.532794
vt 0.114814 0.041514
vt 0.114584 0.041151
vt 0.114973 0.041098
vt 0.114373 0.039087
vt 0.114135 0.039393
vt 0.114039 0.038881
vt 0.110462 0.038920
vt 0.110579 0.038465
vt 0.110869 0.038778
vt 0.227328 0.322507
vt 0.227592 0.322160
vt 0.227739 0.322725
vt 0.213008 0.597250
vt 0.213426 0.597201
vt 0.213254 0.597683
vt 0.296010 0.294770
vt 0.295745 0.294286
vt 0.296168 0.294265
vt 0.084676 0.612033
vt 0.085213 0.611889
vt 0.085247 0.612593
vt 0.077990 0.611494
vt 0.077823 0.612047
vt 0.077602 0.611709
vt 0.086132 0.613175
vt 0.085711 0.613099
vt 0.085855 0.612646
vt 0.078994 0.612472
vt 0.078525 0.612312
vt 0.078820 0.611861
vt 0.227232 0.321987
vt 0.226903 0.321610
vt 0.227426 0.321637
vt 0.095433 0.086712
vt 0.095240 0.087127
vt 0.083423 0.623276
vt 0.083283 0.622781
vt 0.083903 0.623109
vt 0.095130 0.086601
vt 0.094791 0.086485
vt 0.228580 0.332052
vt 0.228415 0.331682
vt 0.228876 0.331729
vt 0.094740 0.627321
vt 0.094331 0.627116
vt 0.094620 0.626841
vt 0.254954 0.588904
vt 0.255281 0.589252
vt 0.254719 0.589204
vt 0.259211 0.582990
vt 0.259184 0.582339
vt 0.259617 0.582606
vt 0.011880 0.015667
vt 0.011697 0.015292
vt 0.012065 0.015330
vt 0.023489 0.014147
vt 0.023453 0.013696
vt 0.023876 0.013877
vt 0.027842 0.424554
vt 0.028172 0.424766
vt 0.027905 0.425124
vt 0.012945 0.421584
vt 0.012906 0.421123
vt 0.013203 0.421434
vt 0.018701 0.421148
vt 0.019293 0.420994
vt 0.019284 0.421550
vt 0.015215 0.423165
vt 0.015247 0.422615
vt 0.015763 0.423147
vt 0.015617 0.411648
vt 0.015986 0.411338
vt 0.015962 0.411800
vt 0.146648 0.202223
vt 0.147083 0.202491
vt 0.146570 0.202766
vt 0.015241 0.411408
vt 0.014822 0.411455
vt 0.014921 0.410938
vt 0.012982 0.410036
vt 0.013344 0.409914
vt 0.013168 0.410332
vt 0.146269 0.206493
vt 0.146558 0.206754
vt 0.143957 0.209860
vt 0.143697 0.209673
vt 0.143884 0.209535
vt 0.268824 0.267686
vt 0.268851 0.268262
vt 0.268349 0.267867
vt 0.275468 0.265802
vt 0.275404 0.266148
vt 0.275090 0.265985
vt 0.144068 0.208854
vt 0.144457 0.209257
vt 0.143560 0.209230
vt 0.004799 0.426050
vt 0.005237 0.426433
vt 0.004949 0.426526
vt 0.005894 0.422592
vt 0.005400 0.422310
vt 0.005682 0.422133
vt 0.014887 0.011341
vt 0.014659 0.011712
vt 0.014430 0.011289
vt 0.010169 0.348116
vt 0.010191 0.347784
vt 0.010738 0.348023
vt 0.026356 0.017610
vt 0.026362 0.018063
vt 0.026025 0.018024
vt 0.026028 0.018323
vt 0.009394 0.348234
vt 0.009606 0.347821
vt 0.009835 0.348331
vt 0.245515 0.537652
vt 0.245891 0.537616
vt 0.245754 0.537772
vt 0.012228 0.014350
vt 0.011697 0.014519
vt 0.011805 0.013983
vt 0.030238 0.424556
vt 0.029625 0.424344
vt 0.030128 0.424027
vt 0.245236 0.537155
vt 0.245596 0.537264
vt 0.027694 0.405516
vt 0.027152 0.405284
vt 0.027545 0.405072
vt 0.249961 0.536782
vt 0.249971 0.536373
vt 0.250380 0.536579
vt 0.031521 0.414487
vt 0.031852 0.414456
vt 0.031759 0.414904
vt 0.027152 0.407520
vt 0.027088 0.407939
vt 0.026686 0.407480
vt 0.027625 0.407799
vt 0.029317 0.406332
vt 0.028822 0.406026
vt 0.029222 0.405932
vt 0.256432 0.539616
vt 0.256009 0.539489
vt 0.256278 0.539287
vt 0.256572 0.539335
vt 0.038313 0.408310
vt 0.037999 0.408454
vt 0.038053 0.408214
vt 0.040924 0.414877
vt 0.040549 0.414928
vt 0.040659 0.414620
vt 0.343537 0.204275
vt 0.343180 0.204258
vt 0.343406 0.203872
vt 0.273555 0.038786
vt 0.273886 0.038273
vt 0.274014 0.038646
vt 0.372701 0.493198
vt 0.372450 0.492899
vt 0.372825 0.492823
vt 0.124365 0.344498
vt 0.124074 0.344886
vt 0.123926 0.344524
vt 0.115904 0.350573
vt 0.115880 0.350185
vt 0.116206 0.350470
vt 0.017954 0.332816
vt 0.018093 0.333408
vt 0.017599 0.333075
vt 0.019760 0.332318
vt 0.019475 0.331894
vt 0.019933 0.331857
vt 0.125430 0.344391
vt 0.125825 0.344162
vt 0.125814 0.344512
vt 0.125035 0.320597
vt 0.125505 0.320638
vt 0.125289 0.321057
vt 0.004224 0.097117
vt 0.004010 0.097641
vt 0.003754 0.097363
vt 0.011742 0.323037
vt 0.011769 0.322594
vt 0.012117 0.322974
vt 0.012328 0.320060
vt 0.012663 0.319730
vt 0.012716 0.320267
vt 0.011878 0.098324
vt 0.012078 0.098686
vt 0.011709 0.098668
vt 0.012185 0.319719
vt 0.011828 0.320048
vt 0.284083 0.486432
vt 0.283650 0.486492
vt 0.283942 0.486169
vt 0.111927 0.332795
vt 0.112483 0.332793
vt 0.112230 0.333262
vt 0.283526 0.492761
vt 0.283800 0.492307
vt 0.283820 0.492771
vt 0.282941 0.488717
vt 0.283136 0.488966
vt 0.282983 0.489313
vt 0.261338 0.542405
vt 0.261024 0.542271
vt 0.261250 0.542079
vt 0.280942 0.584780
vt 0.281298 0.584317
vt 0.281381 0.584757
vt 0.278774 0.582733
vt 0.278699 0.582412
vt 0.278941 0.582359
vt 0.225109 0.712033
vt 0.225000 0.712518
vt 0.224657 0.712532
vt 0.166086 0.055841
vt 0.166275 0.055383
vt 0.166675 0.055620
vt 0.043801 0.187784
vt 0.044055 0.187349
vt 0.044219 0.187926
vt 0.473406 0.965171
vt 0.473278 0.964809
vt 0.472806 0.965073
vt 0.148110 0.106077
vt 0.140654 0.101055
vt 0.141121 0.100665
vt 0.141085 0.101074
vt 0.233452 0.705445
vt 0.233159 0.704972
vt 0.233640 0.704938
vt 0.048854 0.183952
vt 0.049435 0.184014
vt 0.049132 0.184235
vt 0.230770 0.705403
vt 0.231183 0.705241
vt 0.231024 0.705785
vt 0.051904 0.031403
vt 0.052513 0.031099
vt 0.052396 0.031491
vt 0.143648 0.100777
vt 0.143647 0.100473
vt 0.143866 0.100530
vt 0.056342 0.030920
vt 0.056665 0.031247
vt 0.055924 0.031390
vt 0.004978 0.093229
vt 0.004586 0.093046
vt 0.004948 0.092729
vt 0.281734 0.057481
vt 0.282333 0.057343
vt 0.282322 0.057804
vt 0.284205 0.484532
vt 0.283786 0.484417
vt 0.284184 0.484064
vt 0.285389 0.485027
vt 0.284978 0.484786
vt 0.285300 0.484548
vt 0.333369 0.656764
vt 0.333555 0.656355
vt 0.334171 0.656475
vt 0.334167 0.656003
vt 0.334812 0.656044
vt 0.295521 0.538181
vt 0.295401 0.538692
vt 0.643505 0.949693
vt 0.643828 0.950206
vt 0.643358 0.950018
vt 0.644034 0.949857
vt 0.644429 0.950333
vt 0.080012 0.927908
vt 0.079715 0.927364
vt 0.080390 0.927395
vt 0.307603 0.384253
vt 0.307971 0.384392
vt 0.307644 0.384586
vt 0.078081 0.929311
vt 0.078077 0.928941
vt 0.078363 0.929065
vt 0.308029 0.384026
vt 0.308379 0.384288
vt 0.280211 0.328785
vt 0.280140 0.329199
vt 0.279785 0.328733
vt 0.278270 0.328975
vt 0.278168 0.328372
vt 0.278559 0.328567
vt 0.280172 0.327883
vt 0.280621 0.327702
vt 0.280551 0.328094
vt 0.280098 0.327060
vt 0.279888 0.327498
vt 0.279586 0.327103
vt 0.281679 0.330108
vt 0.281680 0.329461
vt 0.282159 0.329657
vt 0.140341 0.089003
vt 0.139868 0.089365
vt 0.139873 0.088849
vt 0.107231 0.776122
vt 0.107174 0.776598
vt 0.106846 0.776041
vt 0.135679 0.095270
vt 0.135538 0.095872
vt 0.135236 0.095616
vt 0.116536 0.775042
vt 0.115934 0.774694
vt 0.116367 0.774567
vt 0.303552 0.889651
vt 0.303606 0.889160
vt 0.170519 0.045739
vt 0.166120 0.037031
vt 0.166018 0.036664
vt 0.166476 0.036848
vt 0.146683 0.094822
vt 0.146951 0.094906
vt 0.146599 0.095134
vt 0.069570 0.928812
vt 0.069219 0.928911
vt 0.069572 0.928352
vt 0.230557 0.296984
vt 0.230277 0.296990
vt 0.230201 0.296610
vt 0.085514 0.740797
vt 0.085056 0.740710
vt 0.085384 0.740256
vt 0.096996 0.502567
vt 0.097076 0.502121
vt 0.097331 0.502458
vt 0.084220 0.509386
vt 0.083745 0.509575
vt 0.083824 0.509220
vt 0.083829 0.738200
vt 0.083437 0.737727
vt 0.083863 0.737671
vt 0.085746 0.503908
vt 0.085270 0.504036
vt 0.085381 0.503612
vt 0.326032 0.889765
vt 0.326170 0.890250
vt 0.325679 0.890081
vt 0.079374 0.507409
vt 0.079637 0.507837
vt 0.079196 0.507731
vt 0.078602 0.505922
vt 0.079019 0.505650
vt 0.079060 0.506074
vt 0.215099 0.092071
vt 0.214754 0.092056
vt 0.214926 0.091595
vt 0.079379 0.754169
vt 0.078944 0.753843
vt 0.079377 0.753820
vt 0.211431 0.093690
vt 0.211759 0.093868
vt 0.211207 0.094060
vt 0.208067 0.092917
vt 0.207829 0.093256
vt 0.207473 0.093047
vt 0.073142 0.754504
vt 0.072866 0.754841
vt 0.072545 0.754372
vt 0.207684 0.099178
vt 0.207993 0.098912
vt 0.207978 0.099358
vt 0.191878 0.951956
vt 0.191881 0.951595
vt 0.192241 0.951756
vt 0.149372 0.193710
vt 0.149054 0.193324
vt 0.149497 0.193240
vt 0.340567 0.679243
vt 0.340388 0.678876
vt 0.340929 0.679037
vt 0.193551 0.950434
vt 0.193147 0.950178
vt 0.193488 0.949919
vt 0.203185 0.147153
vt 0.202954 0.147412
vt 0.202965 0.146970
vt 0.194274 0.949723
vt 0.194669 0.950035
vt 0.194145 0.950300
vt 0.208101 0.135203
vt 0.208292 0.134875
vt 0.208521 0.135002
vt 0.150340 0.194368
vt 0.150185 0.193930
vt 0.150681 0.193955
vt 0.150182 0.192557
vt 0.150114 0.192950
vt 0.149688 0.192676
vt 0.151842 0.196875
vt 0.151583 0.197285
vt 0.151478 0.196671
vt 0.312489 0.735820
vt 0.312920 0.735880
vt 0.312714 0.736339
vt 0.159787 0.047646
vt 0.160173 0.047562
vt 0.160039 0.048064
vt 0.217117 0.154823
vt 0.217599 0.154946
vt 0.217129 0.155248
vt 0.142565 0.194096
vt 0.142468 0.194585
vt 0.141985 0.194392
vt 0.136549 0.198211
vt 0.136905 0.197854
vt 0.137154 0.198166
vt 0.325827 0.259469
vt 0.325643 0.259024
vt 0.326143 0.259370
vt 0.293175 0.937377
vt 0.293402 0.937844
vt 0.293145 0.937739
vt 0.183951 0.954347
vt 0.183768 0.954890
vt 0.183522 0.954231
vt 0.295042 0.940488
vt 0.294704 0.939999
vt 0.295236 0.940066
vt 0.140423 0.193376
vt 0.140927 0.193408
vt 0.140495 0.193837
vt 0.191625 0.587856
vt 0.192076 0.587937
vt 0.191748 0.588238
vt 0.186792 0.588472
vt 0.186339 0.587991
vt 0.186862 0.587902
vt 0.185001 0.585352
vt 0.184260 0.585823
vt 0.184412 0.585117
vt 0.137825 0.552864
vt 0.137630 0.552373
vt 0.138046 0.552472
vt 0.349500 0.692757
vt 0.350151 0.692673
vt 0.349795 0.693041
vt 0.213572 0.097404
vt 0.213049 0.097400
vt 0.213477 0.096996
vt 0.217504 0.091494
vt 0.217523 0.091831
vt 0.217316 0.091938
vt 0.217194 0.092414
vt 0.217585 0.092132
vt 0.217537 0.092619
vt 0.098110 0.504351
vt 0.098438 0.503880
vt 0.098547 0.504253
vt 0.196059 0.584727
vt 0.196286 0.585087
vt 0.195624 0.585092
vt 0.145468 0.553804
vt 0.145028 0.554189
vt 0.144969 0.553562
vt 0.145470 0.554648
vt 0.144683 0.554440
vt 0.144607 0.553926
vt 0.139994 0.555886
vt 0.139525 0.555817
vt 0.140299 0.555345
vt 0.196879 0.581173
vt 0.196318 0.581118
vt 0.196949 0.580817
vt 0.214493 0.130277
vt 0.214184 0.130170
vt 0.214715 0.130029
vt 0.135623 0.563882
vt 0.135176 0.564226
vt 0.135185 0.563654
vt 0.143959 0.566201
vt 0.143463 0.566354
vt 0.143724 0.565855
vt 0.230812 0.296607
vt 0.230991 0.297126
vt 0.282215 0.322547
vt 0.282367 0.322849
vt 0.281896 0.322628
vt 0.121408 0.773812
vt 0.121582 0.773145
vt 0.122325 0.773524
vt 0.280539 0.317748
vt 0.281144 0.318028
vt 0.280696 0.318235
vt 0.129664 0.768195
vt 0.130083 0.767703
vt 0.130304 0.768233
vt 0.118835 0.778075
vt 0.118162 0.778215
vt 0.118320 0.777853
vt 0.246966 0.371271
vt 0.247413 0.371240
vt 0.247228 0.371728
vt 0.245481 0.373205
vt 0.245076 0.373131
vt 0.245214 0.372450
vt 0.245138 0.373644
vt 0.245573 0.373835
vt 0.245237 0.374223
vt 0.115498 0.776039
vt 0.115531 0.775611
vt 0.116006 0.775677
vt 0.227817 0.306233
vt 0.227492 0.305601
vt 0.228076 0.305644
vt 0.225636 0.305043
vt 0.225299 0.304449
vt 0.225865 0.304480
vt 0.204872 0.702078
vt 0.204677 0.701500
vt 0.205329 0.701837
vt 0.249452 0.956519
vt 0.249727 0.956712
vt 0.250460 0.956295
vt 0.149388 0.557078
vt 0.148882 0.557175
vt 0.148955 0.556821
vt 0.225996 0.300769
vt 0.226530 0.300637
vt 0.226550 0.301054
vt 0.064921 0.269590
vt 0.063189 0.269337
vt 0.063346 0.267079
vt 0.306645 0.509815
vt 0.312012 0.508044
vt 0.309387 0.505093
vt 0.061693 0.265696
vt 0.061457 0.269083
vt 0.056866 0.265141
vt 0.270359 0.558663
vt 0.042926 0.553923
vt 0.043456 0.555326
vt 0.045808 0.555156
vt 0.169264 0.033515
vt 0.169083 0.034037
vt 0.168771 0.033564
vt 0.358641 0.012927
vt 0.356922 0.013355
vt 0.357045 0.012760
vt 0.243249 0.373994
vt 0.242986 0.373319
vt 0.243560 0.373544
vt 0.310028 0.146261
vt 0.306666 0.147280
vt 0.308568 0.144592
vt 0.002431 0.416710
vt 0.002235 0.417176
vt 0.002225 0.416604
vt 0.269756 0.275246
vt 0.269282 0.275224
vt 0.269677 0.274987
vt 0.279391 0.067837
vt 0.278689 0.068150
vt 0.278878 0.067794
vt 0.313906 0.965278
vt 0.313443 0.965775
vt 0.313057 0.965613
vt 0.246603 0.823993
vt 0.246344 0.824309
vt 0.246145 0.823888
vt 0.005726 0.013361
vt 0.005602 0.012907
vt 0.005921 0.013031
vt 0.005689 0.012547
vt 0.002827 0.011056
vt 0.002862 0.010704
vt 0.003159 0.011030
vt 0.645132 0.923706
vt 0.644963 0.924048
vt 0.644583 0.923752
vt 0.331950 0.644090
vt 0.331429 0.644658
vt 0.332101 0.644534
vt 0.342917 0.642402
vt 0.342082 0.642397
vt 0.342672 0.642968
vt 0.118933 0.669421
vt 0.118390 0.669268
vt 0.119154 0.669046
vt 0.005089 0.013564
vt 0.004624 0.013533
vt 0.004811 0.013269
vt 0.038511 0.333328
vt 0.038775 0.333812
vt 0.038435 0.333867
vt 0.268231 0.049091
vt 0.268018 0.048629
vt 0.268212 0.048429
vt 0.240249 0.513283
vt 0.243983 0.514510
vt 0.242285 0.510920
vt 0.289659 0.441253
vt 0.289896 0.440458
vt 0.290231 0.441174
vt 0.248744 0.512838
vt 0.248968 0.511668
vt 0.245514 0.511879
vt 0.302937 0.260087
vt 0.302844 0.261776
vt 0.301395 0.259868
vt 0.290427 0.440675
vt 0.088252 0.171444
vt 0.088682 0.171675
vt 0.088210 0.171873
vt 0.088712 0.172077
vt 0.290824 0.441394
vt 0.290339 0.441718
vt 0.111714 0.923511
vt 0.111188 0.923047
vt 0.112014 0.922885
vt 0.114278 0.923051
vt 0.113781 0.923141
vt 0.113724 0.922444
vt 0.055328 0.175971
vt 0.055304 0.175650
vt 0.055658 0.175739
vt 0.304662 0.001591
vt 0.304288 0.002083
vt 0.304683 0.002122
vt 0.183947 0.746152
vt 0.183867 0.745658
vt 0.183631 0.745774
vt 0.187911 0.742099
vt 0.185484 0.742316
vt 0.186719 0.743570
vt 0.348174 0.372914
vt 0.347355 0.372508
vt 0.348265 0.372214
vt 0.338375 0.563336
vt 0.338985 0.563204
vt 0.338565 0.563112
vt 0.268033 0.278753
vt 0.267914 0.278456
vt 0.268332 0.278557
vt 0.639600 0.941204
vt 0.639708 0.940786
vt 0.640187 0.941068
vt 0.372694 0.278707
vt 0.372336 0.278885
vt 0.372031 0.278653
vt 0.269355 0.277744
vt 0.268919 0.278013
vt 0.268845 0.277613
vt 0.302617 0.516382
vt 0.302502 0.515940
vt 0.302996 0.516191
vt 0.328451 0.109472
vt 0.328247 0.109853
vt 0.327993 0.109517
vt 0.301982 0.511230
vt 0.301579 0.511287
vt 0.301672 0.510851
vt 0.377075 0.959246
vt 0.377821 0.957869
vt 0.377080 0.958404
vt 0.351229 0.287197
vt 0.349951 0.287883
vt 0.350257 0.287198
vt 0.220894 0.985011
vt 0.220563 0.984673
vt 0.220099 0.985172
vt 0.349139 0.324669
vt 0.350160 0.323769
vt 0.349997 0.324923
vt 0.205526 0.702251
vt 0.205207 0.702226
vt 0.062514 0.212936
vt 0.064825 0.212614
vt 0.062973 0.215888
vt 0.332497 0.073190
vt 0.331438 0.074103
vt 0.331562 0.075322
vt 0.245486 0.350631
vt 0.248124 0.347908
vt 0.245452 0.347819
vt 0.282881 0.819640
vt 0.280778 0.819710
vt 0.280930 0.816598
vt 0.224977 0.139358
vt 0.225368 0.142638
vt 0.224691 0.140906
vt 0.052074 0.650469
vt 0.054213 0.650881
vt 0.053025 0.651716
vt 0.353553 0.339292
vt 0.353158 0.339044
vt 0.353782 0.338917
vt 0.243676 0.348548
vt 0.243693 0.349953
vt 0.046438 0.558312
vt 0.044347 0.556921
vt 0.608429 0.960931
vt 0.610333 0.959138
vt 0.607532 0.959107
vt 0.340097 0.679556
vt 0.452949 0.917889
vt 0.453126 0.917225
vt 0.453930 0.917613
vt 0.298941 0.560290
vt 0.299389 0.559881
vt 0.298705 0.559817
vt 0.052613 0.218453
vt 0.051412 0.217714
vt 0.053375 0.216989
vt 0.325819 0.001972
vt 0.325403 0.000732
vt 0.326261 0.001355
vt 0.086936 0.368252
vt 0.087376 0.368718
vt 0.086680 0.368866
vt 0.324979 0.828325
vt 0.324374 0.828883
vt 0.323915 0.828090
vt 0.330298 0.663285
vt 0.330909 0.663839
vt 0.330562 0.664235
vt 0.348926 0.323808
vt 0.349874 0.322666
vt 0.332175 0.803602
vt 0.332498 0.802438
vt 0.332778 0.803031
vt 0.300463 0.262892
vt 0.301609 0.263381
vt 0.300951 0.264134
vt 0.353815 0.734596
vt 0.352758 0.734497
vt 0.353959 0.733893
vt 0.269601 0.810974
vt 0.269106 0.811040
vt 0.269718 0.810149
vt 0.096861 0.944062
vt 0.097169 0.943748
vt 0.097034 0.944220
vt 0.079973 0.329180
vt 0.079517 0.329397
vt 0.079553 0.329096
vt 0.088141 0.937782
vt 0.088802 0.937878
vt 0.088283 0.938305
vt 0.316931 0.865829
vt 0.317233 0.865579
vt 0.317226 0.866008
vt 0.088226 0.936714
vt 0.088621 0.936296
vt 0.308254 0.384586
vt 0.307940 0.384615
vt 0.084770 0.921184
vt 0.085223 0.921180
vt 0.085050 0.921439
vt 0.309325 0.388216
vt 0.309785 0.388136
vt 0.309611 0.388479
vt 0.063506 0.035006
vt 0.063695 0.035441
vt 0.063102 0.035420
vt 0.089203 0.938142
vt 0.089523 0.937745
vt 0.089594 0.938452
vt 0.096935 0.931074
vt 0.096711 0.931432
vt 0.096473 0.930972
vt 0.096968 0.929423
vt 0.096714 0.929010
vt 0.097134 0.929169
vt 0.075313 0.334815
vt 0.075214 0.334371
vt 0.075708 0.334366
vt 0.098209 0.934296
vt 0.098616 0.934174
vt 0.098451 0.934671
vt 0.182754 0.365875
vt 0.183099 0.365846
vt 0.183074 0.366143
vt 0.182936 0.365511
vt 0.076340 0.335327
vt 0.075719 0.335250
vt 0.076166 0.334884
vt 0.191595 0.349684
vt 0.191197 0.349552
vt 0.191617 0.349412
vt 0.184891 0.369836
vt 0.184643 0.369842
vt 0.184805 0.369641
vt 0.185365 0.363979
vt 0.185659 0.364271
vt 0.185210 0.364331
vt 0.019126 0.091085
vt 0.019535 0.090984
vt 0.019374 0.091545
vt 0.029856 0.321132
vt 0.030356 0.321601
vt 0.029821 0.321615
vt 0.018349 0.092753
vt 0.018538 0.093005
vt 0.018163 0.093057
vt 0.018600 0.315659
vt 0.018523 0.316157
vt 0.018048 0.315665
vt 0.063553 0.036035
vt 0.063062 0.036042
vt 0.249218 0.199034
vt 0.248699 0.199016
vt 0.248832 0.198765
vt 0.062503 0.033886
vt 0.062791 0.033531
vt 0.063012 0.034137
vt 0.025969 0.331445
vt 0.026264 0.332170
vt 0.025877 0.331930
vt 0.025977 0.089693
vt 0.025673 0.089030
vt 0.026225 0.089255
vt 0.038046 0.332365
vt 0.037708 0.332193
vt 0.038024 0.331822
vt 0.029868 0.101040
vt 0.029722 0.100508
vt 0.030164 0.100731
vt 0.030040 0.092571
vt 0.030693 0.092733
vt 0.030253 0.093196
vt 0.079033 0.356764
vt 0.078382 0.356614
vt 0.078780 0.356232
vt 0.083654 0.358718
vt 0.083195 0.358341
vt 0.083743 0.358076
vt 0.352954 0.407145
vt 0.353438 0.407142
vt 0.353375 0.407517
vt 0.112161 0.675771
vt 0.112537 0.676148
vt 0.112144 0.676331
vt 0.112186 0.674936
vt 0.112225 0.674406
vt 0.112427 0.674635
vt 0.304325 0.596401
vt 0.304640 0.596684
vt 0.304320 0.596918
vt 0.107341 0.687919
vt 0.107785 0.687747
vt 0.107722 0.688172
vt 0.126743 0.929349
vt 0.126655 0.928790
vt 0.127113 0.929018
vt 0.122215 0.930186
vt 0.121731 0.929839
vt 0.122268 0.929806
vt 0.052237 0.179173
vt 0.052331 0.179498
vt 0.051944 0.179470
vt 0.075772 0.174638
vt 0.076202 0.174886
vt 0.075643 0.175194
vt 0.074213 0.174338
vt 0.073518 0.174253
vt 0.074061 0.174017
vt 0.072513 0.175689
vt 0.072015 0.175819
vt 0.072202 0.175258
vt 0.072456 0.176299
vt 0.072682 0.176043
vt 0.072657 0.176434
vt 0.075353 0.175487
vt 0.075664 0.175614
vt 0.075209 0.175813
vt 0.015467 0.020997
vt 0.015938 0.021367
vt 0.024073 0.340596
vt 0.023757 0.341142
vt 0.023479 0.340679
vt 0.020492 0.340641
vt 0.020223 0.340176
vt 0.020676 0.340241
vt 0.081768 0.184056
vt 0.082338 0.183984
vt 0.081792 0.184608
vt 0.085854 0.172351
vt 0.086030 0.172912
vt 0.085373 0.172723
vt 0.012486 0.453161
vt 0.012376 0.453640
vt 0.011844 0.453255
vt 0.091405 0.177095
vt 0.091759 0.176809
vt 0.091968 0.177436
vt 0.096248 0.181428
vt 0.096283 0.181947
vt 0.095849 0.181846
vt 0.095785 0.181198
vt 0.011545 0.442437
vt 0.011085 0.442967
vt 0.011038 0.442434
vt 0.091531 0.179224
vt 0.091366 0.178570
vt 0.091938 0.178901
vt 0.006743 0.466749
vt 0.007172 0.466802
vt 0.007213 0.467246
vt 0.012921 0.469378
vt 0.013302 0.469422
vt 0.013148 0.469815
vt 0.082867 0.184598
vt 0.082983 0.184089
vt 0.083374 0.184432
vt 0.003228 0.457471
vt 0.003299 0.457047
vt 0.003622 0.456964
vt 0.082907 0.184891
vt 0.083285 0.185049
vt 0.070036 0.192764
vt 0.070484 0.193176
vt 0.070046 0.193297
vt 0.062389 0.186931
vt 0.062467 0.187250
vt 0.061956 0.187193
vt 0.061861 0.185774
vt 0.061536 0.186019
vt 0.061544 0.185547
vt 0.073962 0.196004
vt 0.073648 0.195873
vt 0.073900 0.195561
vt 0.119986 0.691971
vt 0.119575 0.692268
vt 0.119630 0.691943
vt 0.058926 0.189231
vt 0.058576 0.189141
vt 0.058919 0.188720
vt 0.059207 0.186108
vt 0.059106 0.186607
vt 0.058717 0.186229
vt 0.118925 0.687215
vt 0.118611 0.687365
vt 0.118530 0.686880
vt 0.117540 0.682544
vt 0.117737 0.682177
vt 0.118063 0.682307
vt 0.120907 0.689005
vt 0.120850 0.689507
vt 0.120455 0.689317
vt 0.122364 0.698424
vt 0.122036 0.697939
vt 0.122536 0.697961
vt 0.116221 0.689318
vt 0.116566 0.689673
vt 0.116019 0.689823
vt 0.107912 0.688592
vt 0.108004 0.688212
vt 0.107558 0.688472
vt 0.110280 0.690474
vt 0.110133 0.690180
vt 0.110534 0.690554
vt 0.040553 0.043552
vt 0.040443 0.044072
vt 0.039761 0.043906
vt 0.039793 0.042022
vt 0.039692 0.041496
vt 0.040020 0.041733
vt 0.331298 0.733705
vt 0.331592 0.733722
vt 0.331370 0.734039
vt 0.208778 0.303888
vt 0.208852 0.304439
vt 0.209277 0.304111
vt 0.105756 0.688404
vt 0.105654 0.688869
vt 0.105527 0.688497
vt 0.295296 0.063884
vt 0.294831 0.064089
vt 0.295091 0.063547
vt 0.375136 0.767358
vt 0.374877 0.767240
vt 0.375149 0.766880
vt 0.270361 0.071245
vt 0.270675 0.071758
vt 0.270202 0.071726
vt 0.291627 0.065827
vt 0.291943 0.065997
vt 0.291499 0.066209
vt 0.032039 0.265482
vt 0.032360 0.265037
vt 0.032425 0.265537
vt 0.019037 0.268939
vt 0.018569 0.268816
vt 0.019144 0.268457
vt 0.018160 0.268644
vt 0.018037 0.269197
vt 0.017789 0.268828
vt 0.018407 0.266417
vt 0.018284 0.266935
vt 0.018067 0.266547
vt 0.615496 0.905540
vt 0.615101 0.906057
vt 0.614850 0.905420
vt 0.021873 0.254114
vt 0.022173 0.254307
vt 0.021825 0.254546
vt 0.268541 0.073784
vt 0.268765 0.073292
vt 0.268929 0.073690
vt 0.318637 0.436828
vt 0.318163 0.437059
vt 0.318302 0.436582
vt 0.033201 0.267990
vt 0.033498 0.267461
vt 0.033571 0.267879
vt 0.062233 0.090427
vt 0.062190 0.090129
vt 0.062525 0.090158
vt 0.056202 0.091567
vt 0.056606 0.091340
vt 0.056483 0.091756
vt 0.061002 0.091363
vt 0.060587 0.091445
vt 0.060802 0.091205
vt 0.053708 0.089285
vt 0.190643 0.967685
vt 0.190750 0.967876
vt 0.190191 0.967655
vt 0.025467 0.469141
vt 0.025388 0.469871
vt 0.024783 0.469752
vt 0.328737 0.903612
vt 0.329205 0.903255
vt 0.329090 0.903973
vt 0.016250 0.272542
vt 0.015740 0.272568
vt 0.016022 0.272106
vt 0.015842 0.273077
vt 0.016204 0.272922
vt 0.016387 0.273272
vt 0.014286 0.260546
vt 0.013931 0.259717
vt 0.014601 0.259846
vt 0.018236 0.253845
vt 0.018013 0.254289
vt 0.017709 0.253873
vt 0.177032 0.563005
vt 0.177123 0.562631
vt 0.177338 0.562944
vt 0.176489 0.564705
vt 0.176394 0.565032
vt 0.176092 0.564717
vt 0.028516 0.452163
vt 0.028763 0.451648
vt 0.029096 0.452230
vt 0.028746 0.452717
vt 0.028986 0.453297
vt 0.028257 0.453215
vt 0.173217 0.558698
vt 0.172756 0.558408
vt 0.173186 0.558261
vt 0.014371 0.467922
vt 0.014985 0.467874
vt 0.014886 0.468406
vt 0.013137 0.454212
vt 0.013483 0.453726
vt 0.013572 0.454146
vt 0.021721 0.446833
vt 0.021293 0.447257
vt 0.021000 0.446849
vt 0.061499 0.628057
vt 0.061205 0.628329
vt 0.060995 0.627959
vt 0.182134 0.380772
vt 0.181620 0.380733
vt 0.182120 0.380313
vt 0.182868 0.380968
vt 0.182598 0.381405
vt 0.182291 0.381184
vt 0.021565 0.437841
vt 0.021767 0.437634
vt 0.022199 0.437878
vt 0.022897 0.618718
vt 0.023489 0.619055
vt 0.022962 0.619298
vt 0.019031 0.620885
vt 0.019374 0.620428
vt 0.019693 0.621007
vt 0.197426 0.379540
vt 0.197789 0.379942
vt 0.197177 0.379692
vt 0.029388 0.436827
vt 0.029292 0.436499
vt 0.029916 0.436669
vt 0.016041 0.243540
vt 0.015600 0.243169
vt 0.016164 0.242952
vt 0.013389 0.245895
vt 0.012932 0.246373
vt 0.012792 0.245858
vt 0.308439 0.877870
vt 0.308902 0.877450
vt 0.309110 0.877695
vt 0.308543 0.878555
vt 0.308180 0.878412
vt 0.308485 0.878235
vt 0.425085 0.939556
vt 0.425456 0.939560
vt 0.425229 0.939908
vt 0.002204 0.252591
vt 0.001682 0.252873
vt 0.001812 0.252281
vt 0.036359 0.441086
vt 0.036693 0.440883
vt 0.036888 0.441345
vt 0.088897 0.283469
vt 0.089165 0.283884
vt 0.088469 0.283829
vt 0.089000 0.284279
vt 0.089642 0.284515
vt 0.089322 0.283381
vt 0.090401 0.280268
vt 0.089855 0.279912
vt 0.090422 0.279707
vt 0.088928 0.275349
vt 0.088303 0.275344
vt 0.088414 0.274927
vt 0.087874 0.275301
vt 0.088033 0.275028
vt 0.010837 0.606291
vt 0.010219 0.606486
vt 0.010490 0.605763
vt 0.012368 0.609674
vt 0.012890 0.609692
vt 0.012602 0.610156
vt 0.019023 0.618300
vt 0.019329 0.618344
vt 0.019340 0.618673
vt 0.031918 0.607754
vt 0.031582 0.607161
vt 0.032000 0.607249
vt 0.012955 0.604900
vt 0.012859 0.605327
vt 0.012657 0.604908
vt 0.013245 0.606213
vt 0.013221 0.605648
vt 0.013666 0.605824
vt 0.018887 0.597485
vt 0.019402 0.597376
vt 0.019356 0.597925
vt 0.021290 0.597031
vt 0.021570 0.597404
vt 0.021208 0.597509
vt 0.030378 0.602836
vt 0.030535 0.602445
vt 0.030898 0.602855
vt 0.088989 0.393760
vt 0.089352 0.394249
vt 0.088960 0.394386
vt 0.017164 0.590699
vt 0.017274 0.590402
vt 0.017661 0.590606
vt 0.242285 0.148024
vt 0.242721 0.147536
vt 0.242995 0.148024
vt 0.089377 0.272966
vt 0.089595 0.272407
vt 0.090013 0.272910
vt 0.195713 0.362126
vt 0.195576 0.361817
vt 0.195860 0.361941
vt 0.198209 0.356354
vt 0.197927 0.356781
vt 0.197633 0.356177
vt 0.087569 0.330971
vt 0.087902 0.331023
vt 0.087657 0.331317
vt 0.246062 0.143009
vt 0.246324 0.142673
vt 0.246528 0.142927
vt 0.242393 0.146533
vt 0.242407 0.146932
vt 0.241985 0.147000
vt 0.245126 0.142830
vt 0.244849 0.142548
vt 0.245251 0.142516
vt 0.244666 0.143607
vt 0.244953 0.143268
vt 0.245044 0.143669
vt 0.091279 0.457728
vt 0.091079 0.458069
vt 0.090748 0.457737
vt 0.072665 0.463435
vt 0.072889 0.463215
vt 0.072791 0.463732
vt 0.082113 0.374280
vt 0.081859 0.373832
vt 0.082867 0.373837
vt 0.319593 0.333261
vt 0.319290 0.332672
vt 0.319746 0.332834
vt 0.318058 0.334089
vt 0.318212 0.333713
vt 0.318388 0.334219
vt 0.073210 0.467908
vt 0.072876 0.468370
vt 0.072636 0.467720
vt 0.187431 0.414165
vt 0.187939 0.414530
vt 0.187416 0.414641
vt 0.228167 0.793666
vt 0.228237 0.794339
vt 0.227825 0.793954
vt 0.093025 0.324359
vt 0.093498 0.324286
vt 0.093372 0.324825
vt 0.344763 0.321157
vt 0.343939 0.321205
vt 0.344449 0.320312
vt 0.190961 0.417852
vt 0.191268 0.417849
vt 0.191142 0.418081
vt 0.196248 0.422458
vt 0.196961 0.421504
vt 0.196905 0.422942
vt 0.077066 0.273947
vt 0.077632 0.273500
vt 0.077575 0.274265
vt 0.344429 0.322663
vt 0.343945 0.322961
vt 0.343934 0.322198
vt 0.234996 0.797718
vt 0.234635 0.797060
vt 0.235034 0.796538
vt 0.227156 0.799565
vt 0.227664 0.799190
vt 0.227595 0.799643
vt 0.074661 0.277700
vt 0.074162 0.277694
vt 0.074436 0.277186
vt 0.232216 0.799731
vt 0.232550 0.799154
vt 0.232782 0.799523
vt 0.070120 0.273420
vt 0.069746 0.273840
vt 0.069694 0.273612
vt 0.332588 0.715573
vt 0.332851 0.715748
vt 0.332450 0.715967
vt 0.351721 0.792246
vt 0.349440 0.790578
vt 0.350612 0.789039
vt 0.265252 0.727414
vt 0.268733 0.726885
vt 0.266332 0.730645
vt 0.047749 0.223899
vt 0.048738 0.222242
vt 0.045806 0.222494
vt 0.271865 0.732117
vt 0.355050 0.139235
vt 0.354041 0.140062
vt 0.353413 0.139109
vt 0.271508 0.727254
vt 0.272927 0.289663
vt 0.271437 0.289027
vt 0.274251 0.287968
vt 0.268694 0.019740
vt 0.269101 0.019940
vt 0.268739 0.020249
vt 0.266786 0.020348
vt 0.267109 0.020214
vt 0.267014 0.020835
vt 0.208185 0.286597
vt 0.204894 0.287629
vt 0.210381 0.285021
vt 0.613295 0.950728
vt 0.612914 0.950881
vt 0.612771 0.950490
vt 0.071999 0.274325
vt 0.072052 0.275060
vt 0.071383 0.274946
vt 0.297897 0.557703
vt 0.061205 0.628648
vt 0.061531 0.628488
vt 0.061420 0.628943
vt 0.191176 0.741530
vt 0.190653 0.743326
vt 0.192700 0.742923
vt 0.060760 0.628577
vt 0.204130 0.281553
vt 0.202759 0.285308
vt 0.356891 0.892814
vt 0.357934 0.893078
vt 0.357833 0.891974
vt 0.069579 0.293000
vt 0.069932 0.291923
vt 0.070393 0.292769
vt 0.063255 0.622303
vt 0.064066 0.622152
vt 0.063087 0.622899
vt 0.333228 0.146145
vt 0.332692 0.146326
vt 0.333120 0.146762
vt 0.349925 0.516756
vt 0.348226 0.515697
vt 0.350071 0.514557
vt 0.039302 0.040085
vt 0.039816 0.040045
vt 0.214265 0.293090
vt 0.213469 0.292707
vt 0.213752 0.293747
vt 0.301914 0.691534
vt 0.301606 0.690841
vt 0.302527 0.691593
vt 0.540388 0.926652
vt 0.540593 0.927219
vt 0.540968 0.926909
vt 0.350635 0.171374
vt 0.351383 0.171119
vt 0.350896 0.171766
vt 0.366386 0.179846
vt 0.365421 0.179001
vt 0.364939 0.180251
vt 0.061817 0.628247
vt 0.061956 0.628794
vt 0.079296 0.287274
vt 0.078398 0.287208
vt 0.079016 0.286920
vt 0.077700 0.291039
vt 0.077505 0.290318
vt 0.078086 0.290657
vt 0.300919 0.693305
vt 0.301095 0.692813
vt 0.301527 0.693110
vt 0.079590 0.295988
vt 0.079022 0.295730
vt 0.079301 0.295446
vt 0.078681 0.296022
vt 0.078880 0.296670
vt 0.078266 0.296411
vt 0.017797 0.634063
vt 0.018068 0.633768
vt 0.018517 0.634154
vt 0.016646 0.633688
vt 0.016415 0.633418
vt 0.017164 0.633579
vt 0.059157 0.372415
vt 0.059385 0.372620
vt 0.058974 0.372629
vt 0.062345 0.366537
vt 0.062621 0.366061
vt 0.062749 0.366434
vt 0.026420 0.243790
vt 0.026251 0.243538
vt 0.026918 0.243647
vt 0.024224 0.242651
vt 0.024711 0.243130
vt 0.023480 0.242785
vt 0.212912 0.293834
vt 0.212661 0.292831
vt 0.069190 0.902842
vt 0.069074 0.903571
vt 0.068949 0.903139
vt 0.351235 0.161479
vt 0.350762 0.162299
vt 0.349834 0.161934
vt 0.254217 0.767759
vt 0.254505 0.767453
vt 0.254512 0.768079
vt 0.260241 0.767313
vt 0.259539 0.767637
vt 0.259663 0.766915
vt 0.261628 0.761882
vt 0.261865 0.761063
vt 0.262098 0.761853
vt 0.261363 0.765614
vt 0.260910 0.765184
vt 0.261654 0.764960
vt 0.262752 0.765465
vt 0.262326 0.765154
vt 0.263032 0.765152
vt 0.261985 0.763657
vt 0.261979 0.764101
vt 0.261474 0.763964
vt 0.349632 0.160008
vt 0.227071 0.914971
vt 0.226134 0.915849
vt 0.228159 0.916007
vt 0.331407 0.322548
vt 0.331966 0.322636
vt 0.331795 0.323112
vt 0.318309 0.906303
vt 0.319993 0.904400
vt 0.318532 0.903099
vt 0.366401 0.359774
vt 0.367043 0.359470
vt 0.366720 0.359940
vt 0.194468 0.256466
vt 0.194014 0.257488
vt 0.193118 0.255944
vt 0.213666 0.808829
vt 0.214890 0.809825
vt 0.214355 0.810123
vt 0.185577 0.257136
vt 0.185859 0.259466
vt 0.181952 0.260227
vt 0.292289 0.146686
vt 0.293515 0.149851
vt 0.292219 0.149191
vt 0.368630 0.877407
vt 0.370851 0.876124
vt 0.369607 0.877480
vt 0.368576 0.875914
vt 0.216098 0.202336
vt 0.215182 0.200618
vt 0.214094 0.202279
vt 0.373122 0.499221
vt 0.371653 0.500213
vt 0.373670 0.501403
vt 0.176318 0.935872
vt 0.176853 0.933545
vt 0.171475 0.936717
vt 0.074221 0.480551
vt 0.073375 0.481337
vt 0.072960 0.479509
vt 0.172659 0.928054
vt 0.168072 0.929514
vt 0.406207 0.998376
vt 0.403774 0.998426
vt 0.405028 0.999009
vt 0.288609 0.145784
vt 0.288351 0.144042
vt 0.289529 0.146010
vt 0.332298 0.590880
vt 0.332375 0.590330
vt 0.077350 0.475912
vt 0.077807 0.475501
vt 0.078668 0.476630
vt 0.428787 0.977839
vt 0.428034 0.977918
vt 0.428544 0.977551
vt 0.085700 0.474366
vt 0.085268 0.474211
vt 0.085866 0.474045
vt 0.077161 0.476316
vt 0.077369 0.476997
vt 0.195911 0.418242
vt 0.195433 0.418362
vt 0.195423 0.417969
vt 0.608364 0.939957
vt 0.610075 0.939798
vt 0.608871 0.939355
vt 0.083937 0.473522
vt 0.083563 0.473937
vt 0.083387 0.473579
vt 0.085040 0.471773
vt 0.084981 0.472342
vt 0.084427 0.471931
vt 0.316250 0.347994
vt 0.316588 0.347651
vt 0.316572 0.348073
vt 0.011012 0.301219
vt 0.011572 0.301638
vt 0.010904 0.301697
vt 0.028950 0.300674
vt 0.028534 0.300282
vt 0.028962 0.300154
vt 0.019129 0.296739
vt 0.018947 0.297366
vt 0.018731 0.296937
vt 0.025183 0.299295
vt 0.025384 0.299701
vt 0.024985 0.299758
vt 0.051338 0.015146
vt 0.051391 0.014676
vt 0.051831 0.014895
vt 0.026624 0.301727
vt 0.027201 0.301535
vt 0.027011 0.301966
vt 0.366936 0.382149
vt 0.367436 0.382907
vt 0.366659 0.383513
vt 0.229492 0.265261
vt 0.230093 0.265568
vt 0.229387 0.265710
vt 0.230225 0.264449
vt 0.230566 0.264867
vt 0.229939 0.264949
vt 0.302745 0.032543
vt 0.305341 0.030517
vt 0.301911 0.028071
vt 0.055534 0.068833
vt 0.053039 0.070514
vt 0.056429 0.071806
vt 0.231963 0.264096
vt 0.231584 0.264747
vt 0.231538 0.264155
vt 0.044493 0.312587
vt 0.044350 0.311989
vt 0.044927 0.312252
vt 0.044902 0.312997
vt 0.044449 0.313032
vt 0.261750 0.919559
vt 0.261559 0.920085
vt 0.261327 0.919518
vt 0.037258 0.289990
vt 0.036870 0.289985
vt 0.037019 0.289455
vt 0.747897 0.905901
vt 0.746699 0.906025
vt 0.747478 0.906447
vt 0.143149 0.889496
vt 0.143196 0.889250
vt 0.143646 0.889286
vt 0.342341 0.452648
vt 0.342876 0.453460
vt 0.343296 0.452513
vt 0.259867 0.924388
vt 0.260285 0.924126
vt 0.260280 0.924652
vt 0.283111 0.654664
vt 0.282416 0.653894
vt 0.282834 0.653770
vt 0.282601 0.654605
vt 0.267327 0.947822
vt 0.268661 0.944532
vt 0.264862 0.945403
vt 0.063700 0.023119
vt 0.063300 0.023006
vt 0.063607 0.022610
vt 0.143796 0.892914
vt 0.143516 0.892503
vt 0.144065 0.892517
vt 0.228813 0.913564
vt 0.226817 0.873800
vt 0.227399 0.873590
vt 0.226969 0.874144
vt 0.256748 0.614122
vt 0.256245 0.614325
vt 0.256428 0.613966
vt 0.228636 0.873417
vt 0.228164 0.873634
vt 0.228049 0.873321
vt 0.255446 0.617274
vt 0.255747 0.617470
vt 0.255457 0.617645
vt 0.010422 0.305042
vt 0.010899 0.305418
vt 0.010467 0.305539
vt 0.232249 0.875862
vt 0.232051 0.876146
vt 0.231863 0.875905
vt 0.028997 0.293297
vt 0.028998 0.292859
vt 0.029403 0.293244
vt 0.028160 0.292424
vt 0.028640 0.292543
vt 0.028479 0.292862
vt 0.019448 0.290132
vt 0.019714 0.290437
vt 0.019145 0.290389
vt 0.319015 0.468760
vt 0.319661 0.468812
vt 0.319174 0.469319
vt 0.247907 0.899830
vt 0.245974 0.904765
vt 0.251866 0.907136
vt 0.168735 0.893245
vt 0.168919 0.893642
vt 0.168323 0.893416
vt 0.162581 0.888520
vt 0.162541 0.888992
vt 0.162188 0.888614
vt 0.033809 0.287916
vt 0.033997 0.287545
vt 0.034149 0.288146
vt 0.161487 0.888946
vt 0.161831 0.888985
vt 0.161562 0.889348
vt 0.223846 0.265933
vt 0.224033 0.265520
vt 0.224364 0.265774
vt 0.213158 0.494677
vt 0.213248 0.494993
vt 0.212958 0.495052
vt 0.029038 0.277379
vt 0.029099 0.277151
vt 0.029444 0.277498
vt 0.319217 0.514262
vt 0.319122 0.514653
vt 0.318778 0.514482
vt 0.207013 0.490973
vt 0.207147 0.491381
vt 0.206716 0.491274
vt 0.207809 0.493038
vt 0.207553 0.492694
vt 0.207891 0.492676
vt 0.246280 0.092951
vt 0.246719 0.092613
vt 0.246763 0.093129
vt 0.317985 0.512092
vt 0.318199 0.511766
vt 0.318422 0.512100
vt 0.009336 0.282746
vt 0.009511 0.283297
vt 0.008998 0.283222
vt 0.007037 0.282859
vt 0.006763 0.282745
vt 0.007208 0.282606
vt 0.009746 0.284269
vt 0.009626 0.284781
vt 0.009237 0.284185
vt 0.004791 0.287950
vt 0.004389 0.287740
vt 0.004729 0.287507
vt 0.004473 0.287270
vt 0.004121 0.287505
vt 0.004105 0.287051
vt 0.004785 0.284892
vt 0.004515 0.285024
vt 0.004599 0.284556
vt 0.177245 0.022800
vt 0.176911 0.023159
vt 0.176621 0.022832
vt 0.240484 0.091860
vt 0.240161 0.092255
vt 0.240201 0.091890
vt 0.331561 0.163820
vt 0.329856 0.163763
vt 0.330852 0.164368
vt 0.172851 0.031814
vt 0.173322 0.032121
vt 0.172561 0.032227
vt 0.280235 0.460506
vt 0.280900 0.461044
vt 0.280341 0.461162
vt 0.685187 0.932181
vt 0.684184 0.932188
vt 0.684351 0.931411
vt 0.208361 0.775941
vt 0.208211 0.775719
vt 0.208618 0.775547
vt 0.301980 0.229243
vt 0.301685 0.229507
vt 0.301610 0.229175
vt 0.292753 0.551748
vt 0.293140 0.552089
vt 0.292543 0.552191
vt 0.209090 0.784814
vt 0.209332 0.785430
vt 0.208950 0.785354
vt 0.369064 0.192886
vt 0.369825 0.192744
vt 0.369722 0.193198
vt 0.299249 0.232457
vt 0.298864 0.232912
vt 0.298849 0.232600
vt 0.313490 0.996552
vt 0.316213 0.996623
vt 0.314676 0.995926
vt 0.301541 0.229842
vt 0.301973 0.229683
vt 0.301761 0.230116
vt 0.092279 0.470879
vt 0.092667 0.470706
vt 0.092069 0.471186
vt 0.281867 0.776539
vt 0.282280 0.776389
vt 0.282272 0.776776
vt 0.219300 0.778009
vt 0.219580 0.777451
vt 0.219856 0.777964
vt 0.165729 0.019684
vt 0.165765 0.020178
vt 0.165390 0.019835
vt 0.219627 0.780419
vt 0.219565 0.780748
vt 0.219307 0.780498
vt 0.167011 0.022165
vt 0.167584 0.022253
vt 0.167058 0.022720
vt 0.167618 0.022909
vt 0.219962 0.779909
vt 0.220016 0.780426
vt 0.219548 0.780046
vt 0.046436 0.124436
vt 0.046653 0.124138
vt 0.046863 0.124470
vt 0.111315 0.530087
vt 0.111780 0.529823
vt 0.111802 0.530244
vt 0.111585 0.525187
vt 0.111775 0.524762
vt 0.112200 0.524915
vt 0.111450 0.529687
vt 0.110011 0.538552
vt 0.109662 0.538855
vt 0.109551 0.538213
vt 0.283780 0.097327
vt 0.283971 0.097774
vt 0.283475 0.097668
vt 0.284175 0.098802
vt 0.283904 0.099089
vt 0.283647 0.098907
vt 0.094648 0.394212
vt 0.094580 0.394618
vt 0.094338 0.394247
vt 0.094881 0.393979
vt 0.094485 0.393807
vt 0.094804 0.393521
vt 0.091205 0.383019
vt 0.091330 0.383435
vt 0.091043 0.383506
vt 0.107277 0.526114
vt 0.106839 0.526496
vt 0.107007 0.525949
vt 0.107824 0.525237
vt 0.108243 0.525123
vt 0.108005 0.525517
vt 0.125552 0.530180
vt 0.125585 0.529715
vt 0.125872 0.530062
vt 0.044397 0.127313
vt 0.044909 0.126927
vt 0.045208 0.127440
vt 0.123699 0.531274
vt 0.123294 0.531028
vt 0.123726 0.530930
vt 0.120857 0.541534
vt 0.121218 0.541265
vt 0.121127 0.541863
vt 0.084629 0.707343
vt 0.085154 0.706990
vt 0.085141 0.707461
vt 0.318870 0.346908
vt 0.319446 0.347079
vt 0.318978 0.347330
vt 0.044611 0.129376
vt 0.044571 0.129816
vt 0.044344 0.129086
vt 0.003755 0.296603
vt 0.003611 0.296053
vt 0.004041 0.296185
vt 0.084419 0.707893
vt 0.084901 0.707965
vt 0.084546 0.708178
vt 0.225371 0.455769
vt 0.225375 0.455425
vt 0.225701 0.455521
vt 0.223645 0.454568
vt 0.223606 0.454268
vt 0.224006 0.454342
vt 0.311602 0.297476
vt 0.312070 0.297161
vt 0.312014 0.297851
vt 0.223982 0.880600
vt 0.223866 0.880280
vt 0.224266 0.880320
vt 0.081948 0.889808
vt 0.082518 0.889759
vt 0.081927 0.890211
vt 0.324333 0.320064
vt 0.324278 0.319660
vt 0.324719 0.319849
vt 0.123862 0.544675
vt 0.124224 0.544443
vt 0.124149 0.544908
vt 0.123786 0.545007
vt 0.075597 0.724203
vt 0.075656 0.723749
vt 0.075993 0.724113
vt 0.030108 0.603254
vt 0.030775 0.603387
vt 0.030469 0.603763
vt 0.035353 0.601759
vt 0.035916 0.601933
vt 0.035640 0.602319
vt 0.281724 0.100420
vt 0.281605 0.100177
vt 0.281856 0.100154
vt 0.123225 0.544637
vt 0.123468 0.544152
vt 0.123627 0.544465
vt 0.080849 0.712496
vt 0.081047 0.712988
vt 0.080457 0.713034
vt 0.080825 0.718832
vt 0.080135 0.718901
vt 0.080510 0.718331
vt 0.088488 0.715539
vt 0.087955 0.715562
vt 0.088159 0.715145
vt 0.078206 0.723643
vt 0.078809 0.723675
vt 0.078565 0.724235
vt 0.078699 0.725161
vt 0.079236 0.725298
vt 0.078704 0.725709
vt 0.095657 0.727374
vt 0.095616 0.726809
vt 0.095984 0.727114
vt 0.095407 0.727189
vt 0.036310 0.607780
vt 0.036440 0.607258
vt 0.036734 0.607594
vt 0.031141 0.625566
vt 0.031169 0.626040
vt 0.030432 0.626179
vt 0.057656 0.362204
vt 0.057755 0.361777
vt 0.058009 0.362141
vt 0.057860 0.361343
vt 0.058132 0.361692
vt 0.051712 0.360607
vt 0.052067 0.360571
vt 0.052004 0.360926
vt 0.086229 0.889754
vt 0.085761 0.889833
vt 0.085963 0.889109
vt 0.062993 0.365661
vt 0.062939 0.366098
vt 0.082423 0.892844
vt 0.082356 0.893344
vt 0.081853 0.893079
vt 0.094235 0.899290
vt 0.093895 0.899511
vt 0.094022 0.898825
vt 0.093197 0.904042
vt 0.093819 0.904244
vt 0.093553 0.904647
vt 0.096004 0.906577
vt 0.096550 0.906413
vt 0.096608 0.906812
vt 0.106185 0.950986
vt 0.105730 0.950571
vt 0.106052 0.950144
vt 0.098667 0.893303
vt 0.098175 0.893295
vt 0.098424 0.892738
vt 0.096994 0.892811
vt 0.097579 0.893152
vt 0.097114 0.893292
vt 0.097444 0.893691
vt 0.098598 0.893713
vt 0.098205 0.893728
vt 0.187289 0.125719
vt 0.187540 0.125910
vt 0.187276 0.126197
vt 0.186558 0.130377
vt 0.186128 0.130475
vt 0.186230 0.130095
vt 0.142445 0.901163
vt 0.142072 0.900854
vt 0.142858 0.900813
vt 0.138488 0.900255
vt 0.139060 0.900465
vt 0.138537 0.900902
vt 0.139273 0.901626
vt 0.139280 0.901055
vt 0.139990 0.901473
vt 0.144182 0.902927
vt 0.143871 0.903424
vt 0.143564 0.902879
vt 0.141221 0.904428
vt 0.141466 0.904898
vt 0.140837 0.904929
vt 0.081095 0.912595
vt 0.080698 0.912456
vt 0.080930 0.912321
vt 0.118260 0.956732
vt 0.118653 0.956380
vt 0.118883 0.956867
vt 0.080571 0.908385
vt 0.081031 0.908345
vt 0.080968 0.908816
vt 0.076564 0.902122
vt 0.077204 0.902458
vt 0.076815 0.902932
vt 0.070918 0.901890
vt 0.070625 0.901495
vt 0.070925 0.901214
vt 0.320183 0.447372
vt 0.319556 0.445922
vt 0.321012 0.446368
vt 0.317306 0.447355
vt 0.318804 0.447837
vt 0.074541 0.903607
vt 0.074496 0.903000
vt 0.074794 0.903391
vt 0.262041 0.332371
vt 0.262060 0.332716
vt 0.261482 0.332306
vt 0.230952 0.751575
vt 0.230946 0.751164
vt 0.231251 0.751437
vt 0.235964 0.749814
vt 0.236435 0.749728
vt 0.236171 0.750195
vt 0.119046 0.961740
vt 0.119224 0.961432
vt 0.119494 0.961504
vt 0.257437 0.656075
vt 0.257261 0.656167
vt 0.257306 0.655752
vt 0.256737 0.078146
vt 0.257033 0.077739
vt 0.257205 0.078136
vt 0.258842 0.655684
vt 0.258521 0.656160
vt 0.258474 0.655585
vt 0.263346 0.658371
vt 0.263088 0.658399
vt 0.263240 0.658131
vt 0.332473 0.322569
vt 0.332069 0.322244
vt 0.332388 0.322067
vt 0.067396 0.379937
vt 0.066432 0.380301
vt 0.067084 0.381725
vt 0.292413 0.223820
vt 0.292879 0.224161
vt 0.292256 0.224288
vt 0.256185 0.656764
vt 0.256054 0.657057
vt 0.255771 0.656782
vt 0.447549 0.982498
vt 0.447872 0.982311
vt 0.448126 0.982567
vt 0.256110 0.656147
vt 0.256385 0.655997
vt 0.256336 0.656408
vt 0.343270 0.785502
vt 0.342929 0.785683
vt 0.342925 0.785317
vt 0.257390 0.656353
vt 0.363124 0.957088
vt 0.362837 0.956738
vt 0.363352 0.956669
vt 0.156849 0.898106
vt 0.156468 0.898117
vt 0.156506 0.897575
vt 0.364982 0.956014
vt 0.364590 0.955726
vt 0.365099 0.955519
vt 0.157195 0.897498
vt 0.157243 0.897221
vt 0.157490 0.897514
vt 0.061997 0.022563
vt 0.061661 0.022818
vt 0.061742 0.022275
vt 0.154412 0.907760
vt 0.154142 0.907602
vt 0.154500 0.907330
vt 0.360036 0.776731
vt 0.359760 0.776555
vt 0.360218 0.776261
vt 0.366006 0.631445
vt 0.366434 0.631443
vt 0.366158 0.631691
vt 0.050588 0.115811
vt 0.050959 0.115524
vt 0.050924 0.115975
vt 0.738375 0.931929
vt 0.738239 0.931511
vt 0.738609 0.931485
vt 0.494234 0.905416
vt 0.493917 0.905582
vt 0.493955 0.905055
vt 0.455041 0.979623
vt 0.455272 0.979822
vt 0.454904 0.980069
vt 0.272548 0.831014
vt 0.272924 0.830854
vt 0.272887 0.831261
vt 0.272879 0.831591
vt 0.273205 0.831496
vt 0.273086 0.831843
vt 0.280819 0.566952
vt 0.281154 0.566586
vt 0.281270 0.567204
vt 0.309428 0.170986
vt 0.309843 0.170845
vt 0.309898 0.171088
vt 0.310275 0.246913
vt 0.310018 0.247341
vt 0.309838 0.246939
vt 0.233084 0.616341
vt 0.233426 0.616195
vt 0.233398 0.616656
vt 0.233550 0.620606
vt 0.233737 0.620122
vt 0.233894 0.620373
vt 0.010374 0.144143
vt 0.010622 0.144611
vt 0.009750 0.144515
vt 0.223610 0.618687
vt 0.223175 0.618561
vt 0.223618 0.618203
vt 0.345233 0.318307
vt 0.344768 0.318268
vt 0.344895 0.317851
vt 0.345131 0.653240
vt 0.341964 0.651991
vt 0.343672 0.654100
vt 0.576331 0.927564
vt 0.575981 0.927496
vt 0.576231 0.927274
vt 0.324653 0.424689
vt 0.324277 0.425134
vt 0.324127 0.424781
vt 0.066456 0.370376
vt 0.066659 0.370790
vt 0.066630 0.370424
vt 0.325060 0.177519
vt 0.325483 0.177217
vt 0.325429 0.177607
vt 0.349594 0.721292
vt 0.350027 0.721164
vt 0.349945 0.721653
vt 0.353312 0.325127
vt 0.353845 0.325566
vt 0.353348 0.325741
vt 0.325464 0.371324
vt 0.325327 0.370743
vt 0.325760 0.370935
vt 0.313214 0.255129
vt 0.313083 0.254655
vt 0.313514 0.254659
vt 0.287953 0.471332
vt 0.288235 0.470952
vt 0.287551 0.470819
vt 0.248073 0.124281
vt 0.248000 0.123930
vt 0.248397 0.124015
vt 0.247951 0.125593
vt 0.247740 0.125243
vt 0.248116 0.125227
vt 0.321132 0.454172
vt 0.320772 0.453915
vt 0.321291 0.453963
vt 0.359795 0.774030
vt 0.359323 0.773822
vt 0.359865 0.773488
vt 0.320706 0.195918
vt 0.320939 0.196429
vt 0.320251 0.196253
vt 0.243119 0.124892
vt 0.243364 0.125276
vt 0.242794 0.125192
vt 0.243538 0.122584
vt 0.243262 0.122403
vt 0.243561 0.122223
vt 0.241971 0.119710
vt 0.242258 0.119352
vt 0.242310 0.119794
vt 0.332051 0.260020
vt 0.302952 0.844248
vt 0.303164 0.844384
vt 0.302690 0.844412
vt 0.310271 0.250535
vt 0.309870 0.250690
vt 0.310014 0.250245
vt 0.310027 0.251567
vt 0.310360 0.251248
vt 0.310520 0.251661
vt 0.302455 0.044156
vt 0.302711 0.044010
vt 0.302744 0.044332
vt 0.311203 0.251537
vt 0.311337 0.251253
vt 0.311599 0.251387
vt 0.345978 0.633206
vt 0.345441 0.633124
vt 0.345916 0.632520
vt 0.375322 0.233137
vt 0.375633 0.233038
vt 0.375604 0.233439
vt 0.052468 0.328523
vt 0.052841 0.328532
vt 0.052578 0.328876
vt 0.052745 0.327856
vt 0.052508 0.327550
vt 0.052896 0.327462
vt 0.203248 0.389483
vt 0.203538 0.389756
vt 0.203198 0.389908
vt 0.204631 0.386524
vt 0.205055 0.386932
vt 0.204619 0.386910
vt 0.204153 0.386914
vt 0.204590 0.387315
vt 0.210624 0.398483
vt 0.211209 0.398531
vt 0.210929 0.398901
vt 0.204134 0.411450
vt 0.203967 0.411928
vt 0.203566 0.411325
vt 0.289138 0.500328
vt 0.288432 0.500508
vt 0.288681 0.499891
vt 0.337702 0.753451
vt 0.337318 0.753315
vt 0.337811 0.752967
vt 0.203293 0.410388
vt 0.203134 0.410959
vt 0.202653 0.410452
vt 0.358353 0.270219
vt 0.358022 0.270431
vt 0.357975 0.270100
vt 0.359445 0.267118
vt 0.359285 0.267415
vt 0.359070 0.267170
vt 0.240675 0.013739
vt 0.240554 0.013208
vt 0.240918 0.013253
vt 0.357633 0.270999
vt 0.357661 0.270612
vt 0.357944 0.270726
vt 0.244716 0.021960
vt 0.244502 0.022179
vt 0.244095 0.021988
vt 0.061030 0.339290
vt 0.061198 0.339543
vt 0.060689 0.339392
vt 0.059998 0.338572
vt 0.059946 0.338257
vt 0.060261 0.338431
vt 0.243955 0.019453
vt 0.244246 0.019377
vt 0.244314 0.019717
vt 0.053491 0.004616
vt 0.052874 0.006395
vt 0.055046 0.006621
vt 0.243899 0.016563
vt 0.243256 0.016822
vt 0.243466 0.016259
vt 0.351225 0.824731
vt 0.350687 0.824584
vt 0.350125 0.824840
vt 0.351277 0.823284
vt 0.351610 0.823662
vt 0.351068 0.823820
vt 0.268426 0.913228
vt 0.268080 0.913565
vt 0.268147 0.913206
vt 0.254660 0.483773
vt 0.151686 0.419901
vt 0.151426 0.419643
vt 0.151762 0.419401
vt 0.286252 0.839891
vt 0.286471 0.839622
vt 0.286873 0.839628
vt 0.178986 0.596037
vt 0.178758 0.595931
vt 0.179086 0.595791
vt 0.173525 0.592668
vt 0.174127 0.592749
vt 0.173843 0.592919
vt 0.164222 0.582031
vt 0.164813 0.581992
vt 0.164684 0.582522
vt 0.150246 0.416944
vt 0.150479 0.416753
vt 0.150608 0.417078
vt 0.190147 0.847855
vt 0.189923 0.847565
vt 0.190459 0.847576
vt 0.098921 0.197819
vt 0.099177 0.197956
vt 0.098908 0.197911
vt 0.196275 0.614740
vt 0.196003 0.614939
vt 0.195833 0.614410
vt 0.214064 0.228506
vt 0.214451 0.228250
vt 0.214535 0.228755
vt 0.212428 0.225750
vt 0.211873 0.225678
vt 0.212281 0.225362
vt 0.299380 0.400429
vt 0.299130 0.400903
vt 0.298863 0.400588
vt 0.298506 0.401082
vt 0.217774 0.229522
vt 0.217441 0.229725
vt 0.217244 0.229319
vt 0.076670 0.434731
vt 0.076989 0.434390
vt 0.077006 0.434842
vt 0.075732 0.434040
vt 0.075764 0.434425
vt 0.075392 0.434388
vt 0.081616 0.432426
vt 0.082003 0.432957
vt 0.081586 0.433071
vt 0.090729 0.436420
vt 0.090154 0.436003
vt 0.090698 0.435833
vt 0.212381 0.384895
vt 0.212081 0.385214
vt 0.212034 0.384759
vt 0.190868 0.658595
vt 0.191211 0.659027
vt 0.190677 0.658956
vt 0.216592 0.390264
vt 0.216796 0.389903
vt 0.216887 0.390387
vt 0.212122 0.630189
vt 0.211846 0.629964
vt 0.212196 0.629832
vt 0.189402 0.657833
vt 0.189840 0.657424
vt 0.189933 0.657839
vt 0.199064 0.658112
vt 0.199243 0.657831
vt 0.199485 0.658111
vt 0.213766 0.631566
vt 0.213594 0.631682
vt 0.213438 0.631568
vt 0.358839 0.772681
vt 0.358762 0.772030
vt 0.359304 0.772249
vt 0.142900 0.583687
vt 0.143229 0.583649
vt 0.142825 0.584199
vt 0.212494 0.622481
vt 0.212903 0.622664
vt 0.212555 0.622681
vt 0.141237 0.593269
vt 0.141740 0.593828
vt 0.141115 0.593534
vt 0.146211 0.591670
vt 0.145975 0.591472
vt 0.146294 0.591361
vt 0.147642 0.591901
vt 0.147437 0.591968
vt 0.147734 0.591686
vt 0.144735 0.592488
vt 0.145372 0.592598
vt 0.144658 0.592819
vt 0.203576 0.468910
vt 0.203042 0.468773
vt 0.203543 0.468561
vt 0.205822 0.468615
vt 0.205801 0.468291
vt 0.206264 0.468471
vt 0.214524 0.621542
vt 0.215113 0.621633
vt 0.214869 0.621865
vt 0.137421 0.591937
vt 0.137425 0.592357
vt 0.136909 0.592121
vt 0.093140 0.436386
vt 0.093513 0.436690
vt 0.093338 0.436900
vt 0.349253 0.140906
vt 0.349526 0.140831
vt 0.303004 0.472360
vt 0.302751 0.472236
vt 0.303125 0.472022
vt 0.302198 0.471275
vt 0.301529 0.471619
vt 0.301922 0.471054
vt 0.350860 0.141377
vt 0.350671 0.140805
vt 0.351089 0.140752
vt 0.057688 0.737392
vt 0.059510 0.737484
vt 0.058611 0.739039
vt 0.139692 0.595936
vt 0.140518 0.597381
vt 0.138744 0.596841
vt 0.318239 0.897868
vt 0.317911 0.898308
vt 0.317633 0.897858
vt 0.349309 0.010341
vt 0.348929 0.011146
vt 0.348345 0.010771
vt 0.248476 0.379963
vt 0.248347 0.379795
vt 0.248763 0.379786
vt 0.187963 0.669725
vt 0.188436 0.669845
vt 0.188096 0.670097
vt 0.214561 0.575113
vt 0.214013 0.575300
vt 0.214137 0.574806
vt 0.304708 0.633899
vt 0.305004 0.634180
vt 0.304429 0.634394
vt 0.193724 0.017162
vt 0.193350 0.017265
vt 0.193491 0.016739
vt 0.289826 0.250566
vt 0.289557 0.250117
vt 0.289949 0.250173
vt 0.059967 0.333289
vt 0.060471 0.333652
vt 0.059751 0.333671
vt 0.059713 0.332406
vt 0.059225 0.332796
vt 0.058953 0.332350
vt 0.190239 0.012710
vt 0.190818 0.012443
vt 0.190604 0.012853
vt 0.368992 0.543913
vt 0.369345 0.543759
vt 0.369245 0.544381
vt 0.087932 0.428607
vt 0.088552 0.428667
vt 0.088083 0.429011
vt 0.090075 0.428950
vt 0.089544 0.429044
vt 0.089694 0.428660
vt 0.222417 0.503473
vt 0.222430 0.502937
vt 0.223106 0.502951
vt 0.223176 0.504746
vt 0.223588 0.505539
vt 0.222565 0.505418
vt 0.292732 0.971676
vt 0.291960 0.971504
vt 0.292870 0.972470
vt 0.119317 0.838433
vt 0.119013 0.838722
vt 0.119022 0.838067
vt 0.136967 0.420577
vt 0.137209 0.420245
vt 0.137352 0.420449
vt 0.142403 0.434317
vt 0.142877 0.434214
vt 0.142585 0.434461
vt 0.142904 0.434670
vt 0.171453 0.594960
vt 0.171047 0.595084
vt 0.171009 0.594676
vt 0.169598 0.594685
vt 0.169153 0.594152
vt 0.169820 0.594356
vt 0.060288 0.462446
vt 0.060820 0.462308
vt 0.060752 0.462646
vt 0.060765 0.464448
vt 0.060621 0.464026
vt 0.061095 0.464187
vt 0.058703 0.463904
vt 0.059004 0.464112
vt 0.058605 0.464408
vt 0.059404 0.463681
vt 0.059081 0.463521
vt 0.142070 0.434698
vt 0.353403 0.615501
vt 0.353529 0.615175
vt 0.353831 0.615639
vt 0.358837 0.009199
vt 0.359118 0.009035
vt 0.359195 0.009343
vt 0.032556 0.127576
vt 0.032567 0.126985
vt 0.032951 0.127339
vt 0.352674 0.804142
vt 0.352616 0.803851
vt 0.352994 0.803996
vt 0.045933 0.292112
vt 0.045678 0.291805
vt 0.046076 0.291785
vt 0.767427 0.932068
vt 0.767330 0.931519
vt 0.767769 0.931725
vt 0.046173 0.292060
vt 0.046266 0.292450
vt 0.279941 0.600198
vt 0.280479 0.600239
vt 0.279759 0.600701
vt 0.242150 0.382653
vt 0.242336 0.383047
vt 0.241846 0.382950
vt 0.241209 0.381193
vt 0.241289 0.381591
vt 0.240833 0.381440
vt 0.339408 0.480737
vt 0.339835 0.480993
vt 0.339524 0.481456
vt 0.242714 0.381316
vt 0.243242 0.381606
vt 0.242684 0.381817
vt 0.311525 0.585364
vt 0.311062 0.586759
vt 0.310232 0.587001
vt 0.374944 0.694940
vt 0.375235 0.696085
vt 0.375608 0.694601
vt 0.243771 0.380551
vt 0.243942 0.380118
vt 0.244090 0.380697
vt 0.339514 0.477541
vt 0.339920 0.477312
vt 0.377342 0.880176
vt 0.676666 0.932116
vt 0.676995 0.931696
vt 0.677371 0.932196
vt 0.311620 0.821881
vt 0.312197 0.821956
vt 0.311687 0.822224
vt 0.285552 0.590484
vt 0.285041 0.590461
vt 0.285367 0.590014
vt 0.373667 0.523707
vt 0.372681 0.521613
vt 0.371649 0.521909
vt 0.375779 0.460639
vt 0.374832 0.458611
vt 0.375568 0.458685
vt 0.277385 0.035078
vt 0.278559 0.033632
vt 0.056588 0.000655
vt 0.053610 0.009150
vt 0.054716 0.008387
vt 0.056015 0.008249
vt 0.058424 0.007538
vt 0.308188 0.590967
vt 0.307442 0.591726
vt 0.307678 0.590627
vt 0.193822 0.510873
vt 0.194419 0.508296
vt 0.195017 0.505719
vt 0.190443 0.508109
vt 0.047938 0.048310
vt 0.046993 0.048055
vt 0.047560 0.047603
vt 0.292492 0.507109
vt 0.291237 0.507433
vt 0.290236 0.506503
vt 0.369117 0.077578
vt 0.369117 0.078096
vt 0.369679 0.077769
vt 0.740739 0.913203
vt 0.740284 0.912450
vt 0.739892 0.913261
vt 0.273555 0.447348
vt 0.273968 0.447580
vt 0.273439 0.447794
vt 0.338573 0.241634
vt 0.339005 0.241217
vt 0.339281 0.241407
vt 0.312234 0.056695
vt 0.312833 0.057284
vt 0.312752 0.056023
vt 0.059388 0.004892
vt 0.473119 0.923694
vt 0.472590 0.923625
vt 0.473214 0.923217
vt 0.363021 0.231887
vt 0.361270 0.232953
vt 0.362627 0.233624
vt 0.339285 0.241993
vt 0.338607 0.242502
vt 0.050853 0.068741
vt 0.050751 0.069772
vt 0.368565 0.134328
vt 0.368479 0.133726
vt 0.368715 0.132816
vt 0.326797 0.275472
vt 0.325127 0.276102
vt 0.327723 0.276467
vt 0.242126 0.475942
vt 0.241755 0.475726
vt 0.242136 0.475416
vt 0.247344 0.474012
vt 0.247851 0.473547
vt 0.247616 0.474928
vt 0.246848 0.472744
vt 0.247152 0.472337
vt 0.247620 0.472780
vt 0.044480 0.194607
vt 0.043818 0.193931
vt 0.045590 0.193283
vt 0.362887 0.361777
vt 0.362852 0.363264
vt 0.361100 0.362050
vt 0.249385 0.467255
vt 0.247745 0.467092
vt 0.249457 0.466770
vt 0.246336 0.475233
vt 0.246703 0.474517
vt 0.358728 0.743025
vt 0.358606 0.742233
vt 0.359625 0.743015
vt 0.306677 0.055919
vt 0.308493 0.057536
vt 0.308511 0.056804
vt 0.321957 0.402409
vt 0.319729 0.401967
vt 0.320624 0.404361
vt 0.375545 0.563644
vt 0.375768 0.562924
vt 0.375307 0.562891
vt 0.320691 0.496577
vt 0.318000 0.499414
vt 0.322072 0.498727
vt 0.320026 0.500625
vt 0.464585 0.981881
vt 0.462335 0.982596
vt 0.460645 0.981186
vt 0.350175 0.361873
vt 0.348676 0.363145
vt 0.349993 0.363107
vt 0.284148 0.296580
vt 0.284434 0.295967
vt 0.284784 0.296330
vt 0.274630 0.449525
vt 0.274693 0.448593
vt 0.275362 0.449237
vt 0.269215 0.447083
vt 0.269163 0.447375
vt 0.268863 0.447145
vt 0.351537 0.361039
vt 0.351088 0.362039
vt 0.062667 0.677688
vt 0.062352 0.677647
vt 0.062728 0.677189
vt 0.485440 0.924818
vt 0.484964 0.924746
vt 0.485339 0.924514
vt 0.340345 0.852840
vt 0.340468 0.852550
vt 0.340671 0.852775
vt 0.340214 0.852531
vt 0.339904 0.852729
vt 0.339952 0.852318
vt 0.340426 0.852190
vt 0.310258 0.369527
vt 0.310859 0.369273
vt 0.310518 0.368841
vt 0.329982 0.770918
vt 0.330502 0.770990
vt 0.330245 0.771383
vt 0.303023 0.034034
vt 0.304902 0.033280
vt 0.274194 0.864643
vt 0.273926 0.864325
vt 0.274296 0.864137
vt 0.272463 0.860704
vt 0.272268 0.860270
vt 0.272761 0.860368
vt 0.370308 0.560363
vt 0.369847 0.560043
vt 0.370395 0.561006
vt 0.064077 0.672566
vt 0.064473 0.672536
vt 0.064278 0.673169
vt 0.358154 0.753543
vt 0.358609 0.753737
vt 0.358065 0.754035
vt 0.288956 0.507760
vt 0.289731 0.509988
vt 0.288256 0.508958
vt 0.113615 0.005579
vt 0.115707 0.005118
vt 0.110965 0.001485
vt 0.299488 0.931113
vt 0.298981 0.930325
vt 0.300094 0.930393
vt 0.364092 0.737467
vt 0.364302 0.735778
vt 0.361098 0.739577
vt 0.339137 0.638154
vt 0.341200 0.640238
vt 0.340409 0.641238
vt 0.263992 0.415400
vt 0.261013 0.414576
vt 0.261557 0.416203
vt 0.258307 0.414565
vt 0.256874 0.417869
vt 0.259123 0.417006
vt 0.054626 0.068463
vt 0.051901 0.067352
vt 0.234597 0.086615
vt 0.233743 0.082187
vt 0.230337 0.084017
vt 0.231556 0.080494
vt 0.230947 0.082256
vt 0.233196 0.081764
vt 0.255415 0.407999
vt 0.254177 0.406395
vt 0.252559 0.405795
vt 0.243526 0.910591
vt 0.247696 0.908863
vt 0.243768 0.907283
vt 0.337569 0.356477
vt 0.340530 0.353811
vt 0.338177 0.354270
vt 0.256233 0.573207
vt 0.256163 0.573617
vt 0.255639 0.573489
vt 0.259654 0.573838
vt 0.259436 0.573234
vt 0.171078 0.882143
vt 0.171661 0.881905
vt 0.171550 0.882471
vt 0.259000 0.574110
vt 0.506993 0.919353
vt 0.506893 0.919078
vt 0.507437 0.919158
vt 0.246030 0.592436
vt 0.246202 0.592656
vt 0.245867 0.592806
vt 0.331723 0.769783
vt 0.330385 0.769417
vt 0.331071 0.769239
vt 0.333583 0.770836
vt 0.334072 0.770981
vt 0.333821 0.771358
vt 0.224575 0.052247
vt 0.224749 0.052719
vt 0.224374 0.052521
vt 0.333476 0.775734
vt 0.333850 0.775706
vt 0.333698 0.776107
vt 0.213994 0.271139
vt 0.213641 0.270669
vt 0.214233 0.277026
vt 0.214601 0.276753
vt 0.214530 0.277251
vt 0.213060 0.271107
vt 0.213224 0.270679
vt 0.262203 0.555479
vt 0.262198 0.555866
vt 0.261806 0.555610
vt 0.206018 0.267276
vt 0.205678 0.266773
vt 0.206483 0.266842
vt 0.206237 0.266301
vt 0.206813 0.266416
vt 0.215872 0.278639
vt 0.215788 0.279089
vt 0.215498 0.278914
vt 0.024473 0.126917
vt 0.224842 0.442532
vt 0.224797 0.442987
vt 0.224385 0.442448
vt 0.343208 0.741854
vt 0.343327 0.742251
vt 0.342943 0.742173
vt 0.326348 0.239703
vt 0.326513 0.239963
vt 0.326136 0.239914
vt 0.009964 0.123483
vt 0.009815 0.123950
vt 0.009581 0.123426
vt 0.013948 0.126594
vt 0.013361 0.126606
vt 0.013478 0.126110
vt 0.024078 0.126154
vt 0.024445 0.125789
vt 0.222808 0.441037
vt 0.222728 0.440633
vt 0.223059 0.440739
vt 0.337512 0.558747
vt 0.337307 0.558460
vt 0.337556 0.558484
vt 0.023201 0.124235
vt 0.022653 0.124384
vt 0.022728 0.123872
vt 0.170113 0.894468
vt 0.170149 0.894690
vt 0.169780 0.894438
vt 0.169236 0.894669
vt 0.169515 0.895011
vt 0.169132 0.895005
vt 0.169423 0.894437
vt 0.169559 0.894697
vt 0.169667 0.893888
vt 0.169444 0.894171
vt 0.293080 0.796161
vt 0.293032 0.795759
vt 0.293456 0.795788
vt 0.291516 0.798584
vt 0.291071 0.798370
vt 0.291577 0.798062
vt 0.033117 0.123689
vt 0.033206 0.123304
vt 0.033372 0.123641
vt 0.246295 0.743881
vt 0.245775 0.743999
vt 0.246017 0.743644
vt 0.030189 0.114380
vt 0.029793 0.114217
vt 0.030025 0.114070
vt 0.290950 0.195248
vt 0.052951 0.417717
vt 0.053101 0.417366
vt 0.053554 0.417546
vt 0.270802 0.916893
vt 0.271481 0.916902
vt 0.271365 0.917364
vt 0.123142 0.623974
vt 0.122761 0.624280
vt 0.122888 0.623702
vt 0.191445 0.728623
vt 0.191082 0.728812
vt 0.191128 0.728310
vt 0.104858 0.389132
vt 0.104516 0.389213
vt 0.104628 0.388759
vt 0.223011 0.048430
vt 0.223136 0.047945
vt 0.223382 0.048337
vt 0.223842 0.045494
vt 0.224035 0.045911
vt 0.223596 0.045834
vt 0.107330 0.387304
vt 0.107460 0.386949
vt 0.107692 0.387343
vt 0.227176 0.045657
vt 0.226849 0.046015
vt 0.226784 0.045599
vt 0.111759 0.377671
vt 0.111774 0.378152
vt 0.111266 0.378005
vt 0.111753 0.379627
vt 0.111790 0.379224
vt 0.112025 0.379356
vt 0.113532 0.379080
vt 0.109598 0.373213
vt 0.109141 0.373174
vt 0.109575 0.372870
vt 0.345929 0.598637
vt 0.346404 0.598617
vt 0.346154 0.599013
vt 0.108986 0.374732
vt 0.109349 0.374784
vt 0.109021 0.375064
vt 0.116452 0.379180
vt 0.116486 0.378752
vt 0.116793 0.379214
vt 0.125698 0.616195
vt 0.125876 0.615743
vt 0.126064 0.616112
vt 0.117891 0.610969
vt 0.117775 0.610613
vt 0.118277 0.610732
vt 0.117418 0.610985
vt 0.116820 0.610855
vt 0.117322 0.610580
vt 0.118741 0.605651
vt 0.118260 0.605679
vt 0.118518 0.605375
vt 0.116764 0.605460
vt 0.117225 0.605155
vt 0.117354 0.605413
vt 0.205047 0.005597
vt 0.205355 0.005874
vt 0.205036 0.006079
vt 0.143654 0.288211
vt 0.143834 0.288504
vt 0.143387 0.288542
vt 0.208163 0.002047
vt 0.208157 0.001732
vt 0.208451 0.001828
vt 0.112246 0.620204
vt 0.112226 0.619914
vt 0.112572 0.619985
vt 0.112791 0.621958
vt 0.112755 0.621410
vt 0.113217 0.621884
vt 0.331853 0.620464
vt 0.332215 0.620838
vt 0.331852 0.620998
vt 0.280627 0.957523
vt 0.280085 0.957721
vt 0.280563 0.957347
vt 0.288483 0.490243
vt 0.288273 0.490792
vt 0.288008 0.490426
vt 0.289736 0.489499
vt 0.290129 0.489995
vt 0.289665 0.490167
vt 0.291781 0.492260
vt 0.291479 0.491835
vt 0.291978 0.491919
vt 0.121265 0.377464
vt 0.121053 0.377010
vt 0.121735 0.377322
vt 0.118279 0.380117
vt 0.118691 0.379689
vt 0.118747 0.380019
vt 0.123236 0.379542
vt 0.123753 0.379617
vt 0.123530 0.380032
vt 0.147609 0.286929
vt 0.148246 0.287211
vt 0.147756 0.287659
vt 0.227800 0.719188
vt 0.227298 0.719171
vt 0.227673 0.718920
vt 0.150561 0.288242
vt 0.150240 0.287730
vt 0.150751 0.287715
vt 0.291753 0.698179
vt 0.292138 0.698696
vt 0.291546 0.698615
vt 0.233312 0.038604
vt 0.232977 0.038284
vt 0.233381 0.038294
vt 0.227515 0.048204
vt 0.227321 0.048679
vt 0.226984 0.048332
vt 0.194628 0.714417
vt 0.194892 0.714727
vt 0.194299 0.714857
vt 0.257744 0.378025
vt 0.257729 0.377644
vt 0.258112 0.377798
vt 0.222026 0.718259
vt 0.221908 0.718602
vt 0.221650 0.718495
vt 0.149069 0.771766
vt 0.148607 0.771748
vt 0.149038 0.771367
vt 0.191824 0.720492
vt 0.191840 0.720149
vt 0.192059 0.720397
vt 0.196348 0.721094
vt 0.196052 0.721296
vt 0.195884 0.720976
vt 0.192388 0.721103
vt 0.192719 0.721126
vt 0.192503 0.721443
vt 0.187869 0.726382
vt 0.188237 0.726230
vt 0.188099 0.726735
vt 0.187984 0.724079
vt 0.187544 0.724045
vt 0.187844 0.723809
vt 0.188436 0.726560
vt 0.188705 0.726588
vt 0.188549 0.726982
vt 0.150897 0.769000
vt 0.150917 0.768454
vt 0.151272 0.768297
vt 0.189986 0.721377
vt 0.190048 0.721648
vt 0.189744 0.721808
vt 0.431926 0.958702
vt 0.432282 0.958419
vt 0.432266 0.958695
vt 0.254594 0.695646
vt 0.254227 0.695539
vt 0.254677 0.695222
vt 0.320719 0.996159
vt 0.321471 0.996329
vt 0.320825 0.996603
vt 0.320782 0.997848
vt 0.321261 0.997459
vt 0.321403 0.997804
vt 0.321750 0.997494
vt 0.204487 0.479013
vt 0.204778 0.478623
vt 0.204954 0.478819
vt 0.272121 0.877847
vt 0.272676 0.877958
vt 0.272433 0.878255
vt 0.139613 0.182749
vt 0.140068 0.182404
vt 0.139814 0.183093
vt 0.149553 0.286551
vt 0.149349 0.286229
vt 0.149869 0.286383
vt 0.224201 0.392766
vt 0.225432 0.393508
vt 0.224254 0.393557
vt 0.122950 0.394461
vt 0.122465 0.394869
vt 0.122471 0.394271
vt 0.121050 0.394447
vt 0.121185 0.394872
vt 0.120613 0.394733
vt 0.118027 0.393637
vt 0.118042 0.393146
vt 0.118449 0.393539
vt 0.117153 0.394069
vt 0.116592 0.394119
vt 0.116756 0.393668
vt 0.122559 0.395811
vt 0.122869 0.395971
vt 0.122430 0.396271
vt 0.338866 0.623096
vt 0.339572 0.626046
vt 0.339000 0.624456
vt 0.269939 0.885910
vt 0.269147 0.886115
vt 0.269784 0.885207
vt 0.183976 0.480750
vt 0.183622 0.480368
vt 0.183937 0.480210
vt 0.273922 0.886103
vt 0.273445 0.886055
vt 0.273528 0.885603
vt 0.359623 0.940121
vt 0.359882 0.939765
vt 0.360011 0.940188
vt 0.192367 0.491556
vt 0.192902 0.491269
vt 0.192966 0.491833
vt 0.196707 0.831525
vt 0.196132 0.831411
vt 0.196479 0.830967
vt 0.187145 0.489170
vt 0.187534 0.489042
vt 0.187715 0.489324
vt 0.842109 0.932974
vt 0.841913 0.931885
vt 0.841321 0.932067
vt 0.192123 0.829902
vt 0.192295 0.829389
vt 0.192755 0.830040
vt 0.193426 0.828983
vt 0.193253 0.829577
vt 0.192630 0.828959
vt 0.133595 0.118452
vt 0.141107 0.113965
vt 0.289198 0.562309
vt 0.287583 0.563973
vt 0.291212 0.564798
vt 0.274454 0.477464
vt 0.275476 0.476992
vt 0.275497 0.478193
vt 0.311636 0.567127
vt 0.310635 0.567015
vt 0.311367 0.566971
vt 0.127319 0.834763
vt 0.127101 0.835286
vt 0.126858 0.834863
vt 0.326446 0.809102
vt 0.325669 0.809235
vt 0.326004 0.809864
vt 0.322883 0.813771
vt 0.324436 0.813131
vt 0.323031 0.812554
vt 0.192403 0.497557
vt 0.193099 0.498169
vt 0.193224 0.496974
vt 0.121965 0.838848
vt 0.121207 0.838498
vt 0.121905 0.837699
vt 0.231949 0.987798
vt 0.233453 0.988140
vt 0.231196 0.988591
vt 0.303152 0.255551
vt 0.303160 0.256425
vt 0.300613 0.257219
vt 0.305431 0.132863
vt 0.302856 0.134143
vt 0.304506 0.131400
vt 0.294455 0.090429
vt 0.290807 0.091837
vt 0.290062 0.090467
vt 0.290694 0.089551
vt 0.123017 0.825959
vt 0.123883 0.826645
vt 0.122913 0.826728
vt 0.186893 0.838215
vt 0.186412 0.837994
vt 0.186860 0.837574
vt 0.195256 0.834367
vt 0.195356 0.833814
vt 0.195893 0.834120
vt 0.192360 0.834293
vt 0.192229 0.833791
vt 0.192722 0.833994
vt 0.119391 0.837288
vt 0.120125 0.836972
vt 0.119794 0.837467
vt 0.186755 0.486314
vt 0.187191 0.486076
vt 0.187312 0.486420
vt 0.319734 0.042078
vt 0.318637 0.042236
vt 0.318162 0.040252
vt 0.290596 0.528635
vt 0.293806 0.529856
vt 0.292286 0.524410
vt 0.290563 0.695246
vt 0.293776 0.695190
vt 0.048688 0.195469
vt 0.045523 0.195899
vt 0.047281 0.197817
vt 0.186986 0.838922
vt 0.187380 0.838513
vt 0.188111 0.845943
vt 0.188615 0.846002
vt 0.187306 0.837756
vt 0.187816 0.838095
vt 0.187324 0.838128
vt 0.183876 0.838163
vt 0.183537 0.838128
vt 0.183746 0.837814
vt 0.287556 0.691791
vt 0.318069 0.045845
vt 0.316000 0.048923
vt 0.316323 0.045510
vt 0.331962 0.828267
vt 0.330040 0.830240
vt 0.331307 0.835029
vt 0.046200 0.198569
vt 0.191628 0.485995
vt 0.191613 0.485650
vt 0.191895 0.485850
vt 0.191191 0.485944
vt 0.191210 0.485551
vt 0.350151 0.858348
vt 0.349636 0.858581
vt 0.349847 0.858197
vt 0.226860 0.429652
vt 0.227205 0.429603
vt 0.227018 0.429997
vt 0.183622 0.482038
vt 0.183718 0.481402
vt 0.184068 0.481987
vt 0.137774 0.219845
vt 0.138143 0.219942
vt 0.137835 0.220541
vt 0.085318 0.051299
vt 0.084569 0.051385
vt 0.085010 0.051031
vt 0.213746 0.483278
vt 0.213181 0.483672
vt 0.213188 0.483013
vt 0.061337 0.489197
vt 0.061356 0.488789
vt 0.061638 0.488907
vt 0.226851 0.198938
vt 0.226609 0.198669
vt 0.227141 0.198644
vt 0.212245 0.482411
vt 0.211889 0.482471
vt 0.211912 0.482135
vt 0.211333 0.482284
vt 0.213950 0.482381
vt 0.214433 0.482098
vt 0.214382 0.482600
vt 0.060287 0.489304
vt 0.060298 0.488963
vt 0.060716 0.489136
vt 0.123524 0.378549
vt 0.123910 0.378852
vt 0.123463 0.379069
vt 0.127886 0.386531
vt 0.128276 0.386622
vt 0.128040 0.387063
vt 0.195694 0.613305
vt 0.196268 0.613813
vt 0.195516 0.613772
vt 0.195673 0.614763
vt 0.195479 0.615010
vt 0.337331 0.919125
vt 0.337567 0.918584
vt 0.337794 0.919008
vt 0.137606 0.582115
vt 0.137703 0.582571
vt 0.137269 0.582285
vt 0.027006 0.780817
vt 0.026862 0.781352
vt 0.026678 0.780840
vt 0.029451 0.783097
vt 0.028757 0.783032
vt 0.029042 0.782616
vt 0.043731 0.768120
vt 0.044254 0.768082
vt 0.044081 0.768484
vt 0.281023 0.276522
vt 0.281352 0.276936
vt 0.280850 0.276930
vt 0.150709 0.748744
vt 0.151100 0.748285
vt 0.151192 0.748726
vt 0.036948 0.755453
vt 0.036935 0.755652
vt 0.036567 0.755652
vt 0.316432 0.655006
vt 0.316917 0.655004
vt 0.316804 0.655362
vt 0.227592 0.429687
vt 0.227949 0.429535
vt 0.227868 0.430088
vt 0.292157 0.685109
vt 0.290011 0.684303
vt 0.290435 0.683062
vt 0.227115 0.429182
vt 0.227558 0.429300
vt 0.280780 0.660180
vt 0.281061 0.660050
vt 0.281146 0.660410
vt 0.358114 0.642725
vt 0.358341 0.642062
vt 0.357671 0.642416
vt 0.228980 0.434196
vt 0.228805 0.434543
vt 0.228653 0.434090
vt 0.227229 0.152744
vt 0.227638 0.153015
vt 0.227154 0.153224
vt 0.229564 0.431453
vt 0.229217 0.431209
vt 0.229445 0.430903
vt 0.141505 0.352460
vt 0.141499 0.352833
vt 0.141040 0.352595
vt 0.228464 0.161055
vt 0.228119 0.160610
vt 0.228648 0.160549
vt 0.246541 0.866881
vt 0.246178 0.867017
vt 0.246213 0.866577
vt 0.208985 0.543435
vt 0.209137 0.543824
vt 0.208474 0.543584
vt 0.209517 0.543650
vt 0.209945 0.543737
vt 0.209577 0.543960
vt 0.210329 0.543324
vt 0.209674 0.543210
vt 0.210422 0.543774
vt 0.210191 0.543971
vt 0.046491 0.231861
vt 0.045960 0.231751
vt 0.045877 0.231468
vt 0.331500 0.672591
vt 0.331128 0.672725
vt 0.331402 0.672124
vt 0.340711 0.886967
vt 0.340266 0.886908
vt 0.340407 0.886384
vt 0.245296 0.870435
vt 0.244968 0.870418
vt 0.245164 0.870192
vt 0.148296 0.579140
vt 0.148608 0.579152
vt 0.148428 0.579387
vt 0.249076 0.864868
vt 0.249515 0.864756
vt 0.249567 0.865218
vt 0.164290 0.331561
vt 0.164843 0.331231
vt 0.164885 0.331629
vt 0.293479 0.741657
vt 0.293865 0.741854
vt 0.293696 0.742153
vt 0.293827 0.736746
vt 0.293307 0.736980
vt 0.293386 0.736411
vt 0.164924 0.334054
vt 0.164583 0.334308
vt 0.164495 0.333980
vt 0.163714 0.337616
vt 0.163442 0.337923
vt 0.163217 0.337526
vt 0.247280 0.814391
vt 0.247784 0.814032
vt 0.247934 0.814437
vt 0.081278 0.577744
vt 0.081776 0.577711
vt 0.081473 0.578198
vt 0.081112 0.575253
vt 0.081324 0.575524
vt 0.081046 0.575779
vt 0.075847 0.571452
vt 0.075620 0.571067
vt 0.076305 0.570937
vt 0.072374 0.575991
vt 0.072433 0.575616
vt 0.072805 0.575769
vt 0.072362 0.584084
vt 0.071943 0.584585
vt 0.071796 0.584109
vt 0.183609 0.139007
vt 0.184074 0.138755
vt 0.183898 0.139331
vt 0.184571 0.139244
vt 0.184785 0.138894
vt 0.184897 0.139225
vt 0.040660 0.764154
vt 0.040103 0.764122
vt 0.040507 0.763534
vt 0.040644 0.767603
vt 0.040079 0.767553
vt 0.040564 0.767160
vt 0.031158 0.761172
vt 0.030955 0.760829
vt 0.031508 0.760608
vt 0.147978 0.752131
vt 0.148433 0.752170
vt 0.147979 0.752611
vt 0.145917 0.753321
vt 0.146310 0.753312
vt 0.145999 0.753609
vt 0.028152 0.737197
vt 0.028623 0.737259
vt 0.028839 0.737808
vt 0.026704 0.752034
vt 0.027128 0.751968
vt 0.026848 0.752397
vt 0.239516 0.346309
vt 0.239707 0.346118
vt 0.239915 0.346361
vt 0.015660 0.743675
vt 0.015408 0.744141
vt 0.015171 0.743643
vt 0.012755 0.746297
vt 0.012376 0.746025
vt 0.012733 0.745787
vt 0.012204 0.746490
vt 0.012559 0.746975
vt 0.011929 0.747013
vt 0.010851 0.746133
vt 0.010484 0.745687
vt 0.010864 0.745672
vt 0.012290 0.745555
vt 0.011952 0.746060
vt 0.247688 0.057982
vt 0.248144 0.058057
vt 0.247759 0.058301
vt 0.192654 0.485908
vt 0.193202 0.486087
vt 0.192802 0.486263
vt 0.192347 0.485486
vt 0.192889 0.485537
vt 0.348632 0.859634
vt 0.348312 0.859842
vt 0.348387 0.859432
vt 0.026565 0.769591
vt 0.026538 0.768962
vt 0.026933 0.768949
vt 0.283070 0.275678
vt 0.283097 0.275228
vt 0.283425 0.275463
vt 0.031468 0.774497
vt 0.031797 0.774915
vt 0.031112 0.774910
vt 0.024977 0.756295
vt 0.024509 0.756235
vt 0.024809 0.756088
vt 0.031851 0.760043
vt 0.032117 0.760371
vt 0.031336 0.760369
vt 0.015665 0.758777
vt 0.015127 0.758746
vt 0.015468 0.758310
vt 0.191779 0.483763
vt 0.192352 0.484082
vt 0.192143 0.484287
vt 0.018242 0.759340
vt 0.018582 0.758832
vt 0.018829 0.759302
vt 0.141066 0.213869
vt 0.141231 0.214478
vt 0.141068 0.214258
vt 0.307978 0.886382
vt 0.308164 0.886654
vt 0.307786 0.886893
vt 0.143307 0.225147
vt 0.143314 0.225498
vt 0.142838 0.225396
vt 0.161510 0.318177
vt 0.161180 0.318050
vt 0.161587 0.317691
vt 0.148850 0.223000
vt 0.148904 0.222483
vt 0.149130 0.222832
vt 0.136984 0.224019
vt 0.137010 0.224450
vt 0.136782 0.224309
vt 0.310727 0.884574
vt 0.310791 0.884901
vt 0.310369 0.884754
vt 0.011979 0.077490
vt 0.011407 0.077680
vt 0.011599 0.077289
vt 0.146191 0.213849
vt 0.145854 0.213447
vt 0.146582 0.213425
vt 0.149568 0.211612
vt 0.149639 0.211948
vt 0.149053 0.211706
vt 0.160909 0.315610
vt 0.161079 0.315840
vt 0.160452 0.316157
vt 0.053406 0.497912
vt 0.053063 0.497630
vt 0.053507 0.497441
vt 0.053542 0.496902
vt 0.053102 0.497114
vt 0.053086 0.496416
vt 0.138145 0.221949
vt 0.137726 0.221636
vt 0.138363 0.221371
vt 0.169789 0.320942
vt 0.169334 0.320789
vt 0.169756 0.320383
vt 0.172543 0.321372
vt 0.172131 0.321197
vt 0.172320 0.320796
vt 0.169893 0.319783
vt 0.170457 0.319575
vt 0.170288 0.320138
vt 0.168443 0.319068
vt 0.168849 0.319221
vt 0.168405 0.319415
vt 0.028045 0.737878
vt 0.028144 0.735985
vt 0.028169 0.735654
vt 0.028437 0.735767
vt 0.135302 0.742181
vt 0.135698 0.742046
vt 0.135524 0.742717
vt 0.149505 0.744652
vt 0.149739 0.744059
vt 0.150016 0.744518
vt 0.148605 0.744717
vt 0.148291 0.744535
vt 0.148796 0.744139
vt 0.266215 0.432984
vt 0.266032 0.432532
vt 0.266549 0.432653
vt 0.292647 0.352998
vt 0.292668 0.353534
vt 0.292250 0.353450
vt 0.009529 0.060866
vt 0.009301 0.061393
vt 0.009007 0.061029
vt 0.009678 0.062608
vt 0.009630 0.063220
vt 0.009295 0.062842
vt 0.012564 0.068453
vt 0.012834 0.068240
vt 0.012770 0.068808
vt 0.012331 0.078741
vt 0.012576 0.078504
vt 0.010005 0.078109
vt 0.009851 0.078435
vt 0.009472 0.078386
vt 0.092346 0.036037
vt 0.092350 0.035658
vt 0.092615 0.036107
vt 0.088029 0.032274
vt 0.088566 0.032245
vt 0.088460 0.032638
vt 0.149654 0.272104
vt 0.149385 0.272342
vt 0.149238 0.272029
vt 0.008584 0.063454
vt 0.008141 0.063031
vt 0.008788 0.062751
vt 0.081975 0.035957
vt 0.081843 0.035625
vt 0.082286 0.035510
vt 0.084101 0.037171
vt 0.083665 0.037252
vt 0.083901 0.036872
vt 0.081116 0.036853
vt 0.081165 0.037175
vt 0.142523 0.275099
vt 0.141919 0.275124
vt 0.142109 0.274591
vt 0.090732 0.049007
vt 0.090374 0.048799
vt 0.090592 0.048685
vt 0.243559 0.840274
vt 0.243350 0.839921
vt 0.243818 0.839757
vt 0.023785 0.076740
vt 0.024456 0.076378
vt 0.024283 0.076716
vt 0.045249 0.454405
vt 0.045664 0.454279
vt 0.045830 0.454631
vt 0.002479 0.079954
vt 0.001953 0.080038
vt 0.001986 0.079651
vt 0.089170 0.048139
vt 0.088923 0.047902
vt 0.089363 0.047809
vt 0.258127 0.304995
vt 0.257482 0.304700
vt 0.257388 0.305185
vt 0.258812 0.305940
vt 0.258161 0.306193
vt 0.258622 0.306489
vt 0.245305 0.839616
vt 0.244871 0.839637
vt 0.244942 0.839198
vt 0.241565 0.836215
vt 0.241870 0.835977
vt 0.241895 0.836355
vt 0.159976 0.694745
vt 0.160438 0.694382
vt 0.160256 0.695001
vt 0.256673 0.206556
vt 0.257035 0.206272
vt 0.257054 0.206583
vt 0.161564 0.449564
vt 0.161432 0.450101
vt 0.161180 0.449761
vt 0.225986 0.694153
vt 0.226146 0.693705
vt 0.226373 0.694185
vt 0.222059 0.686911
vt 0.222385 0.687227
vt 0.221910 0.687446
vt 0.143430 0.275244
vt 0.143038 0.275064
vt 0.143337 0.274674
vt 0.142118 0.275493
vt 0.143010 0.275531
vt 0.141703 0.275560
vt 0.151199 0.272563
vt 0.150866 0.272815
vt 0.150773 0.272374
vt 0.148977 0.271421
vt 0.149499 0.271595
vt 0.150407 0.269445
vt 0.149968 0.269191
vt 0.150315 0.268899
vt 0.005374 0.051627
vt 0.005239 0.051885
vt 0.004793 0.051672
vt 0.228624 0.699553
vt 0.228209 0.699351
vt 0.228375 0.699002
vt 0.259560 0.207297
vt 0.259047 0.207254
vt 0.259316 0.206912
vt 0.135139 0.165245
vt 0.135643 0.165553
vt 0.135230 0.165703
vt 0.135812 0.160798
vt 0.135811 0.161393
vt 0.135447 0.161179
vt 0.240836 0.041001
vt 0.240539 0.041432
vt 0.240393 0.041030
vt 0.352778 0.753912
vt 0.353379 0.754027
vt 0.353184 0.754684
vt 0.301130 0.049807
vt 0.301386 0.049401
vt 0.301449 0.049834
vt 0.173627 0.693227
vt 0.173885 0.693480
vt 0.173672 0.693716
vt 0.303175 0.049085
vt 0.302627 0.049266
vt 0.302793 0.048847
vt 0.301250 0.051288
vt 0.301129 0.050909
vt 0.301516 0.051087
vt 0.136916 0.161372
vt 0.137203 0.161482
vt 0.136827 0.161825
vt 0.170578 0.424708
vt 0.170486 0.425247
vt 0.169987 0.425027
vt 0.170802 0.424273
vt 0.171158 0.424490
vt 0.291707 0.157904
vt 0.291540 0.157675
vt 0.292053 0.157599
vt 0.326960 0.793701
vt 0.327321 0.793703
vt 0.327332 0.794084
vt 0.327851 0.792851
vt 0.328266 0.792814
vt 0.327922 0.793227
vt 0.140897 0.167270
vt 0.141494 0.167350
vt 0.141014 0.167998
vt 0.152836 0.160609
vt 0.152733 0.161255
vt 0.152319 0.160891
vt 0.144124 0.336626
vt 0.143852 0.337050
vt 0.143632 0.336629
vt 0.141355 0.335129
vt 0.141397 0.335544
vt 0.140887 0.335264
vt 0.137270 0.074570
vt 0.136856 0.074741
vt 0.137168 0.074133
vt 0.233891 0.419788
vt 0.234174 0.420281
vt 0.233624 0.420170
vt 0.233800 0.420463
vt 0.146616 0.345250
vt 0.147047 0.345032
vt 0.147192 0.345522
vt 0.105355 0.087717
vt 0.105611 0.087324
vt 0.105966 0.087613
vt 0.136946 0.073728
vt 0.136593 0.073999
vt 0.136578 0.073689
vt 0.149928 0.347258
vt 0.150314 0.347025
vt 0.150487 0.347642
vt 0.137662 0.073930
vt 0.138334 0.075952
vt 0.138138 0.076494
vt 0.137735 0.076298
vt 0.239280 0.812474
vt 0.239566 0.811985
vt 0.239860 0.812388
vt 0.144186 0.080806
vt 0.143979 0.080509
vt 0.144543 0.080426
vt 0.145113 0.079931
vt 0.145544 0.080311
vt 0.145064 0.080471
vt 0.146347 0.078230
vt 0.145894 0.077760
vt 0.146514 0.077643
vt 0.144089 0.074310
vt 0.143490 0.074288
vt 0.143980 0.073823
vt 0.160472 0.247788
vt 0.160135 0.247652
vt 0.160428 0.247334
vt 0.161769 0.247475
vt 0.161653 0.248065
vt 0.161391 0.247641
vt 0.178150 0.418350
vt 0.177913 0.418251
vt 0.178078 0.417955
vt 0.145388 0.307785
vt 0.145104 0.308188
vt 0.144928 0.307743
vt 0.242578 0.280230
vt 0.241620 0.279882
vt 0.242109 0.279726
vt 0.196012 0.572108
vt 0.195368 0.571911
vt 0.195602 0.571508
vt 0.246417 0.278520
vt 0.246456 0.277853
vt 0.246713 0.278230
vt 0.178280 0.419662
vt 0.178248 0.419346
vt 0.178514 0.419463
vt 0.227297 0.423755
vt 0.227051 0.423974
vt 0.227076 0.423432
vt 0.358084 0.769696
vt 0.357811 0.770045
vt 0.357549 0.769941
vt 0.232137 0.420153
vt 0.231630 0.420376
vt 0.231775 0.419998
vt 0.325322 0.793347
vt 0.325618 0.793383
vt 0.325510 0.793708
vt 0.325126 0.069912
vt 0.324900 0.069874
vt 0.325430 0.069583
vt 0.258163 0.306695
vt 0.048919 0.162436
vt 0.049432 0.162476
vt 0.049019 0.163121
vt 0.172391 0.707355
vt 0.172936 0.707203
vt 0.172841 0.707594
vt 0.141478 0.350907
vt 0.141613 0.351340
vt 0.141038 0.351485
vt 0.236479 0.684407
vt 0.236552 0.683958
vt 0.236995 0.684227
vt 0.235697 0.681575
vt 0.235365 0.681779
vt 0.235242 0.681498
vt 0.184195 0.570222
vt 0.184739 0.570004
vt 0.184584 0.570346
vt 0.236185 0.680018
vt 0.235741 0.680052
vt 0.235991 0.679671
vt 0.169248 0.411992
vt 0.169554 0.411737
vt 0.169597 0.412071
vt 0.232364 0.680069
vt 0.232354 0.679740
vt 0.232770 0.679870
vt 0.170609 0.787088
vt 0.171000 0.787123
vt 0.170622 0.787579
vt 0.164881 0.452503
vt 0.165013 0.451974
vt 0.165368 0.452449
vt 0.161852 0.449965
vt 0.161653 0.450384
vt 0.160847 0.450034
vt 0.161140 0.450136
vt 0.160943 0.450499
vt 0.325826 0.949332
vt 0.326061 0.948998
vt 0.326404 0.949419
vt 0.318486 0.505855
vt 0.318854 0.505384
vt 0.318739 0.506122
vt 0.176807 0.797178
vt 0.176431 0.797343
vt 0.176542 0.796830
vt 0.168008 0.456933
vt 0.167884 0.457309
vt 0.167439 0.456902
vt 0.169432 0.940621
vt 0.169045 0.940366
vt 0.169551 0.940212
vt 0.176808 0.943851
vt 0.176403 0.943728
vt 0.176591 0.943553
vt 0.604756 0.940000
vt 0.604601 0.940545
vt 0.604082 0.940360
vt 0.143278 0.260890
vt 0.143350 0.260355
vt 0.143667 0.260613
vt 0.046468 0.456610
vt 0.045753 0.455884
vt 0.046598 0.456064
vt 0.039554 0.220497
vt 0.039420 0.220006
vt 0.039793 0.220171
vt 0.040188 0.220099
vt 0.039836 0.219650
vt 0.040456 0.219559
vt 0.368505 0.687667
vt 0.369030 0.687730
vt 0.368905 0.687957
vt 0.221350 0.685734
vt 0.221553 0.685663
vt 0.221284 0.686079
vt 0.044604 0.448812
vt 0.044620 0.449441
vt 0.044091 0.449139
vt 0.223628 0.686392
vt 0.223757 0.685745
vt 0.224191 0.686161
vt 0.186247 0.567799
vt 0.186795 0.567752
vt 0.186605 0.567928
vt 0.177157 0.453946
vt 0.177123 0.454491
vt 0.176715 0.453999
vt 0.311877 0.322930
vt 0.311291 0.322775
vt 0.311863 0.322459
vt 0.281425 0.683864
vt 0.281338 0.683493
vt 0.281771 0.683705
vt 0.165262 0.306683
vt 0.165812 0.306642
vt 0.165857 0.307230
vt 0.175614 0.310483
vt 0.176011 0.310130
vt 0.176014 0.310713
vt 0.173732 0.303495
vt 0.173967 0.302948
vt 0.174169 0.303554
vt 0.214254 0.955956
vt 0.214280 0.956392
vt 0.213988 0.956178
vt 0.218099 0.956237
vt 0.217604 0.956307
vt 0.217843 0.955919
vt 0.185482 0.775460
vt 0.184974 0.775361
vt 0.185407 0.774979
vt 0.208705 0.951615
vt 0.208235 0.951372
vt 0.208574 0.950980
vt 0.213079 0.952303
vt 0.212665 0.952460
vt 0.212798 0.952222
vt 0.211849 0.952913
vt 0.211848 0.952471
vt 0.212280 0.952857
vt 0.257101 0.340572
vt 0.256745 0.341040
vt 0.256773 0.340634
vt 0.259600 0.336425
vt 0.259024 0.336231
vt 0.259322 0.335910
vt 0.059732 0.234892
vt 0.060225 0.235095
vt 0.060021 0.235388
vt 0.054166 0.240139
vt 0.054694 0.239712
vt 0.054838 0.240264
vt 0.173625 0.449078
vt 0.174179 0.449209
vt 0.173963 0.449591
vt 0.317688 0.691320
vt 0.318160 0.690934
vt 0.318162 0.691428
vt 0.302936 0.819826
vt 0.303316 0.819993
vt 0.302986 0.820304
vt 0.325886 0.869689
vt 0.325952 0.870396
vt 0.325386 0.871005
vt 0.061733 0.443164
vt 0.301113 0.822215
vt 0.301659 0.822267
vt 0.301348 0.822762
vt 0.300953 0.821257
vt 0.301418 0.821728
vt 0.300985 0.821736
vt 0.300654 0.822328
vt 0.300237 0.822335
vt 0.300428 0.821941
vt 0.051390 0.436030
vt 0.051147 0.436523
vt 0.050916 0.436314
vt 0.256375 0.161676
vt 0.256961 0.161333
vt 0.256866 0.161911
vt 0.445770 0.940413
vt 0.445915 0.940006
vt 0.446218 0.940286
vt 0.308452 0.071452
vt 0.308096 0.071033
vt 0.187266 0.032776
vt 0.187687 0.032580
vt 0.187368 0.033103
vt 0.255490 0.603941
vt 0.255857 0.603815
vt 0.255749 0.604301
vt 0.256002 0.601423
vt 0.255601 0.601626
vt 0.255724 0.601269
vt 0.257133 0.598234
vt 0.256793 0.597873
vt 0.257269 0.597862
vt 0.282043 0.851515
vt 0.282245 0.851099
vt 0.282490 0.851307
vt 0.189192 0.037902
vt 0.189544 0.037868
vt 0.189361 0.038286
vt 0.188891 0.038193
vt 0.188878 0.037647
vt 0.189267 0.037466
vt 0.192230 0.041217
vt 0.192463 0.040784
vt 0.192741 0.041230
vt 0.048296 0.604120
vt 0.048280 0.604531
vt 0.047842 0.604359
vt 0.165253 0.792209
vt 0.165159 0.792658
vt 0.165024 0.792357
vt 0.261449 0.597619
vt 0.261648 0.598091
vt 0.260999 0.598040
vt 0.327637 0.948709
vt 0.327643 0.949012
vt 0.327191 0.948801
vt 0.388247 0.949177
vt 0.388505 0.948951
vt 0.388835 0.949176
vt 0.144494 0.258417
vt 0.144067 0.258443
vt 0.144356 0.258137
vt 0.168861 0.941363
vt 0.168210 0.941787
vt 0.168431 0.941246
vt 0.169106 0.945142
vt 0.168478 0.945373
vt 0.168747 0.944758
vt 0.169591 0.946172
vt 0.169135 0.946209
vt 0.169526 0.945692
vt 0.230333 0.841454
vt 0.230323 0.841296
vt 0.230388 0.841319
vt 0.226718 0.845506
vt 0.226759 0.845036
vt 0.227259 0.845279
vt 0.258657 0.843847
vt 0.258998 0.844229
vt 0.258680 0.844511
vt 0.318191 0.232117
vt 0.318561 0.231525
vt 0.319125 0.232549
vt 0.261499 0.148778
vt 0.261184 0.148486
vt 0.261472 0.148390
vt 0.150717 0.392795
vt 0.150698 0.393426
vt 0.150203 0.393113
vt 0.152241 0.401881
vt 0.152482 0.401318
vt 0.152818 0.401683
vt 0.189704 0.398612
vt 0.190115 0.398693
vt 0.189607 0.398904
vt 0.188285 0.398710
vt 0.188000 0.398948
vt 0.187966 0.398552
vt 0.189831 0.392187
vt 0.190091 0.391657
vt 0.190453 0.392019
vt 0.191521 0.399207
vt 0.191760 0.398820
vt 0.191880 0.399181
vt 0.149620 0.399999
vt 0.149298 0.400292
vt 0.149264 0.399948
vt 0.140020 0.278909
vt 0.140341 0.279013
vt 0.139828 0.279167
vt 0.344689 0.102968
vt 0.344845 0.103659
vt 0.344134 0.103410
vt 0.274414 0.878453
vt 0.274771 0.878640
vt 0.274256 0.878872
vt 0.148129 0.171741
vt 0.148137 0.171919
vt 0.147737 0.172075
vt 0.073165 0.045116
vt 0.073137 0.045697
vt 0.072739 0.045344
vt 0.194177 0.401301
vt 0.194559 0.401038
vt 0.194460 0.401654
vt 0.193141 0.398806
vt 0.192947 0.398399
vt 0.193244 0.398379
vt 0.198006 0.402358
vt 0.197507 0.402438
vt 0.197686 0.401944
vt 0.223230 0.491604
vt 0.223736 0.491483
vt 0.223455 0.491838
vt 0.222833 0.489471
vt 0.222845 0.489898
vt 0.222628 0.489770
vt 0.070110 0.032354
vt 0.069714 0.032490
vt 0.069801 0.032090
vt 0.136475 0.265736
vt 0.135885 0.265760
vt 0.136311 0.265223
vt 0.138172 0.262794
vt 0.137796 0.262569
vt 0.138084 0.262359
vt 0.137843 0.261183
vt 0.136992 0.261407
vt 0.137394 0.260814
vt 0.222554 0.488220
vt 0.222517 0.487930
vt 0.222858 0.488129
vt 0.231697 0.841620
vt 0.231293 0.841464
vt 0.231508 0.841244
vt 0.149145 0.396956
vt 0.149169 0.397430
vt 0.148839 0.397058
vt 0.228845 0.851562
vt 0.228733 0.851253
vt 0.229115 0.851142
vt 0.226813 0.852450
vt 0.226748 0.852961
vt 0.226288 0.852695
vt 0.184580 0.395012
vt 0.184634 0.395452
vt 0.184262 0.395136
vt 0.228411 0.108221
vt 0.228861 0.108163
vt 0.228835 0.108588
vt 0.195244 0.631192
vt 0.194813 0.631369
vt 0.195059 0.630948
vt 0.267581 0.872452
vt 0.266897 0.872544
vt 0.267007 0.872112
vt 0.130646 0.993759
vt 0.130875 0.993792
vt 0.130800 0.994206
vt 0.223172 0.090442
vt 0.223214 0.090019
vt 0.223607 0.090309
vt 0.140989 0.398369
vt 0.140929 0.398884
vt 0.140615 0.398605
vt 0.266154 0.871205
vt 0.266046 0.871565
vt 0.265778 0.871253
vt 0.267331 0.871877
vt 0.267036 0.871722
vt 0.057486 0.715726
vt 0.057190 0.715228
vt 0.057573 0.715239
vt 0.053911 0.713276
vt 0.054294 0.713093
vt 0.054116 0.713584
vt 0.059536 0.715813
vt 0.059980 0.715804
vt 0.059762 0.716190
vt 0.059386 0.715038
vt 0.059729 0.715395
vt 0.059329 0.715491
vt 0.057422 0.714955
vt 0.116459 0.971821
vt 0.116151 0.971603
vt 0.110161 0.985504
vt 0.109688 0.985454
vt 0.109997 0.984933
vt 0.213933 0.898317
vt 0.214312 0.898040
vt 0.214432 0.898576
vt 0.166129 0.059686
vt 0.165794 0.059940
vt 0.165748 0.059426
vt 0.170130 0.072004
vt 0.170480 0.072320
vt 0.170157 0.072347
vt 0.171235 0.072008
vt 0.171016 0.072466
vt 0.170811 0.071945
vt 0.109119 0.981961
vt 0.108618 0.982002
vt 0.108919 0.981552
vt 0.119317 0.987011
vt 0.118918 0.986537
vt 0.119335 0.986391
vt 0.118436 0.984421
vt 0.118760 0.984817
vt 0.118305 0.984898
vt 0.117312 0.989425
vt 0.117538 0.989919
vt 0.117018 0.989848
vt 0.114006 0.727483
vt 0.114142 0.727063
vt 0.114662 0.727109
vt 0.233679 0.663359
vt 0.233516 0.663728
vt 0.233428 0.663351
vt 0.232843 0.663326
vt 0.232722 0.662904
vt 0.233151 0.663065
vt 0.118201 0.733734
vt 0.117893 0.734246
vt 0.117668 0.733790
vt 0.119964 0.730341
vt 0.120234 0.729904
vt 0.120415 0.730363
vt 0.122707 0.734738
vt 0.122358 0.734296
vt 0.123391 0.734502
vt 0.244563 0.664529
vt 0.244275 0.664985
vt 0.244221 0.664357
vt 0.225251 0.665099
vt 0.224579 0.664806
vt 0.225262 0.664379
vt 0.120140 0.997826
vt 0.119764 0.997632
vt 0.120258 0.997445
vt 0.243389 0.734468
vt 0.243707 0.735180
vt 0.243244 0.735006
vt 0.126169 0.997676
vt 0.126219 0.998109
vt 0.125654 0.998083
vt 0.277177 0.956096
vt 0.277127 0.956401
vt 0.276777 0.956154
vt 0.780583 0.940342
vt 0.780431 0.939880
vt 0.781017 0.940132
vt 0.270264 0.956637
vt 0.269894 0.957186
vt 0.269733 0.956711
vt 0.429105 0.917751
vt 0.429577 0.917525
vt 0.429820 0.918179
vt 0.430178 0.917353
vt 0.430547 0.917932
vt 0.283355 0.954686
vt 0.283301 0.954280
vt 0.283535 0.954410
vt 0.283488 0.955357
vt 0.283082 0.955853
vt 0.283187 0.955172
vt 0.175045 0.368381
vt 0.175180 0.368729
vt 0.174846 0.368605
vt 0.174398 0.370179
vt 0.174548 0.369753
vt 0.174867 0.370142
vt 0.334584 0.347794
vt 0.334862 0.347447
vt 0.334976 0.347747
vt 0.175457 0.371854
vt 0.175102 0.372123
vt 0.174982 0.371616
vt 0.335057 0.348189
vt 0.333915 0.347420
vt 0.333625 0.347453
vt 0.333786 0.346975
vt 0.169560 0.370043
vt 0.169511 0.370476
vt 0.168990 0.370343
vt 0.168119 0.372323
vt 0.168070 0.372755
vt 0.167737 0.372343
vt 0.163302 0.368617
vt 0.162880 0.368793
vt 0.163080 0.368381
vt 0.169093 0.374650
vt 0.169426 0.374715
vt 0.169236 0.375007
vt 0.168767 0.374288
vt 0.168274 0.374631
vt 0.168299 0.374170
vt 0.274270 0.332790
vt 0.274177 0.332402
vt 0.274505 0.332538
vt 0.272101 0.333559
vt 0.272332 0.333416
vt 0.272405 0.333715
vt 0.172377 0.381701
vt 0.172668 0.381975
vt 0.172267 0.382190
vt 0.140405 0.766268
vt 0.140876 0.766191
vt 0.140452 0.766669
vt 0.172718 0.381553
vt 0.172445 0.381279
vt 0.172781 0.381221
vt 0.123891 0.168913
vt 0.123653 0.169151
vt 0.123631 0.168611
vt 0.129894 0.744051
vt 0.129707 0.743387
vt 0.130284 0.743635
vt 0.127209 0.743803
vt 0.127005 0.743579
vt 0.127301 0.743487
vt 0.127608 0.743120
vt 0.127163 0.743219
vt 0.127538 0.743740
vt 0.091970 0.103084
vt 0.092514 0.103390
vt 0.091994 0.103628
vt 0.090620 0.103906
vt 0.090791 0.104260
vt 0.090554 0.104287
vt 0.123048 0.170125
vt 0.123301 0.170368
vt 0.122937 0.170418
vt 0.105639 0.170196
vt 0.105204 0.170410
vt 0.105314 0.169994
vt 0.108808 0.166637
vt 0.108931 0.167047
vt 0.108665 0.167114
vt 0.117443 0.179261
vt 0.117078 0.178876
vt 0.117630 0.178759
vt 0.119208 0.173124
vt 0.118527 0.173117
vt 0.119037 0.172661
vt 0.176627 0.780905
vt 0.177010 0.780852
vt 0.176653 0.781406
vt 0.177961 0.778053
vt 0.177696 0.778304
vt 0.177702 0.778004
vt 0.272224 0.334210
vt 0.272024 0.333976
vt 0.166306 0.485990
vt 0.166898 0.485771
vt 0.166757 0.486104
vt 0.125234 0.192187
vt 0.125273 0.192467
vt 0.124954 0.192317
vt 0.165848 0.489739
vt 0.166168 0.489704
vt 0.166063 0.490046
vt 0.127174 0.186765
vt 0.127457 0.186321
vt 0.127661 0.186423
vt 0.343924 0.626719
vt 0.345085 0.625423
vt 0.345668 0.626806
vt 0.125836 0.121047
vt 0.126283 0.121859
vt 0.125699 0.121418
vt 0.213781 0.490322
vt 0.214252 0.490660
vt 0.213979 0.490848
vt 0.118546 0.180045
vt 0.118644 0.180760
vt 0.118087 0.180524
vt 0.116795 0.188183
vt 0.117226 0.187847
vt 0.117061 0.188353
vt 0.112909 0.186216
vt 0.112999 0.186725
vt 0.112397 0.186344
vt 0.081836 0.117049
vt 0.081178 0.117195
vt 0.081417 0.116719
vt 0.077385 0.115247
vt 0.077053 0.115327
vt 0.077039 0.115036
vt 0.078240 0.109769
vt 0.077800 0.109919
vt 0.077988 0.109340
vt 0.105429 0.741951
vt 0.105352 0.741589
vt 0.105619 0.741618
vt 0.104168 0.742697
vt 0.104256 0.742147
vt 0.104417 0.742547
vt 0.086624 0.111010
vt 0.086955 0.110605
vt 0.087134 0.111041
vt 0.083547 0.111946
vt 0.083967 0.111538
vt 0.084235 0.111918
vt 0.242967 0.665894
vt 0.243212 0.666408
vt 0.242649 0.666296
vt 0.085072 0.119608
vt 0.085297 0.119857
vt 0.085032 0.120093
vt 0.171713 0.489464
vt 0.171706 0.489157
vt 0.172078 0.489304
vt 0.148947 0.762531
vt 0.149122 0.763075
vt 0.148726 0.762841
vt 0.175472 0.479278
vt 0.175778 0.479135
vt 0.175904 0.479476
vt 0.253595 0.603948
vt 0.253871 0.604140
vt 0.253619 0.604362
vt 0.219266 0.897584
vt 0.218676 0.897662
vt 0.218679 0.897239
vt 0.167463 0.843395
vt 0.167002 0.843379
vt 0.167309 0.842961
vt 0.165937 0.842008
vt 0.166390 0.841995
vt 0.166106 0.842505
vt 0.167625 0.846867
vt 0.167158 0.846916
vt 0.167248 0.846460
vt 0.207208 0.904226
vt 0.207789 0.904002
vt 0.207560 0.904500
vt 0.205323 0.904546
vt 0.205651 0.905023
vt 0.205196 0.905114
vt 0.208040 0.904416
vt 0.211945 0.902117
vt 0.211653 0.902377
vt 0.211660 0.902046
vt 0.093991 0.248276
vt 0.093990 0.247730
vt 0.094368 0.248231
vt 0.303827 0.426226
vt 0.304198 0.426262
vt 0.304005 0.426901
vt 0.084646 0.254468
vt 0.084730 0.253982
vt 0.085277 0.254172
vt 0.085179 0.255177
vt 0.085349 0.254732
vt 0.085658 0.255024
vt 0.349978 0.424873
vt 0.350285 0.425218
vt 0.349802 0.425555
vt 0.094150 0.859824
vt 0.093696 0.859639
vt 0.094008 0.859337
vt 0.166315 0.071787
vt 0.166834 0.071567
vt 0.166641 0.072199
vt 0.094151 0.858157
vt 0.093788 0.857670
vt 0.094208 0.857758
vt 0.304439 0.191806
vt 0.304047 0.191467
vt 0.304653 0.191238
vt 0.093303 0.876459
vt 0.093043 0.876131
vt 0.093405 0.875876
vt 0.375669 0.525375
vt 0.375547 0.525948
vt 0.375335 0.525402
vt 0.363565 0.290720
vt 0.363112 0.290580
vt 0.363460 0.290172
vt 0.099703 0.868997
vt 0.100086 0.868662
vt 0.099831 0.869834
vt 0.167490 0.074065
vt 0.167053 0.073996
vt 0.167371 0.073618
vt 0.221976 0.658505
vt 0.221899 0.657332
vt 0.222711 0.657862
vt 0.222697 0.657187
vt 0.298293 0.927026
vt 0.299953 0.927559
vt 0.299228 0.928622
vt 0.348348 0.311233
vt 0.350008 0.310382
vt 0.347394 0.309926
vt 0.366772 0.049769
vt 0.365559 0.049559
vt 0.366160 0.051163
vt 0.402034 0.904045
vt 0.403951 0.904695
vt 0.402118 0.904777
vt 0.165838 0.080610
vt 0.165619 0.080364
vt 0.166204 0.080085
vt 0.166427 0.059278
vt 0.166507 0.058818
vt 0.166836 0.058951
vt 0.165970 0.071430
vt 0.166386 0.071365
vt 0.167180 0.059318
vt 0.167191 0.059806
vt 0.166812 0.059543
vt 0.166716 0.059958
vt 0.166249 0.060154
vt 0.166464 0.059722
vt 0.310659 0.337039
vt 0.310319 0.337006
vt 0.310611 0.336635
vt 0.299926 0.925487
vt 0.302094 0.924146
vt 0.301619 0.925464
vt 0.197046 0.309551
vt 0.198218 0.307796
vt 0.195728 0.308048
vt 0.269554 0.113242
vt 0.268896 0.113198
vt 0.268942 0.112616
vt 0.096722 0.873355
vt 0.097447 0.873695
vt 0.096248 0.874017
vt 0.193406 0.312374
vt 0.193611 0.314631
vt 0.194694 0.313965
vt 0.197485 0.310052
vt 0.195446 0.311213
vt 0.197472 0.311721
vt 0.150878 0.383922
vt 0.151555 0.384187
vt 0.150943 0.384174
vt 0.213273 0.894786
vt 0.213557 0.895068
vt 0.213135 0.895138
vt 0.333778 0.583970
vt 0.333750 0.584808
vt 0.332893 0.584632
vt 0.168330 0.855324
vt 0.168118 0.855827
vt 0.167847 0.855618
vt 0.045360 0.598030
vt 0.045848 0.597914
vt 0.045781 0.598371
vt 0.045212 0.596480
vt 0.045120 0.596110
vt 0.045527 0.596514
vt 0.257995 0.846768
vt 0.257476 0.845976
vt 0.257900 0.845997
vt 0.247892 0.772927
vt 0.248770 0.766766
vt 0.244373 0.770480
vt 0.046388 0.370420
vt 0.047935 0.371871
vt 0.049529 0.370993
vt 0.047966 0.370319
vt 0.340572 0.181880
vt 0.340781 0.183429
vt 0.339797 0.182421
vt 0.233347 0.638755
vt 0.234647 0.639867
vt 0.230440 0.641019
vt 0.259247 0.845199
vt 0.258807 0.845184
vt 0.258524 0.844841
vt 0.190814 0.311740
vt 0.191455 0.314504
vt 0.357711 0.529413
vt 0.358807 0.529720
vt 0.358248 0.530465
vt 0.274471 0.974728
vt 0.274692 0.975330
vt 0.273689 0.975127
vt 0.234833 0.392054
vt 0.234498 0.394521
vt 0.233004 0.396964
vt 0.230617 0.394888
vt 0.231055 0.650899
vt 0.234925 0.647591
vt 0.230725 0.647557
vt 0.275939 0.822155
vt 0.275076 0.820853
vt 0.274095 0.822187
vt 0.319098 0.854381
vt 0.318093 0.854482
vt 0.318711 0.854875
vt 0.339539 0.223320
vt 0.341102 0.222993
vt 0.338737 0.222287
vt 0.246306 0.470780
vt 0.245948 0.471183
vt 0.245578 0.470734
vt 0.269577 0.174114
vt 0.270556 0.176615
vt 0.268608 0.176950
vt 0.212557 0.856587
vt 0.211629 0.854936
vt 0.212231 0.854284
vt 0.317899 0.746223
vt 0.315919 0.749771
vt 0.318318 0.749252
vt 0.273207 0.169757
vt 0.271770 0.173438
vt 0.265239 0.169428
vt 0.287550 0.829390
vt 0.292132 0.833927
vt 0.296715 0.838464
vt 0.296041 0.830753
vt 0.359662 0.859458
vt 0.358264 0.859503
vt 0.358294 0.861314
vt 0.333310 0.407402
vt 0.331358 0.408723
vt 0.332767 0.407112
vt 0.289225 0.822845
vt 0.290929 0.824822
vt 0.290693 0.823435
vt 0.291781 0.825811
vt 0.288806 0.824481
vt 0.287969 0.827754
vt 0.375217 0.547595
vt 0.375324 0.548461
vt 0.375581 0.547763
vt 0.204107 0.860101
vt 0.205892 0.856864
vt 0.208746 0.860286
vt 0.058740 0.478608
vt 0.060519 0.477497
vt 0.060523 0.478404
vt 0.155190 0.009959
vt 0.155213 0.010247
vt 0.154252 0.008793
vt 0.154501 0.013399
vt 0.153992 0.013054
vt 0.154342 0.012861
vt 0.287187 0.965640
vt 0.286752 0.964612
vt 0.285336 0.965752
vt 0.084819 0.260463
vt 0.084824 0.260719
vt 0.084333 0.260463
vt 0.389370 0.932036
vt 0.390307 0.932917
vt 0.388942 0.932958
vt 0.284152 0.117747
vt 0.284069 0.118206
vt 0.283803 0.117988
vt 0.334163 0.837607
vt 0.333758 0.837430
vt 0.334191 0.837316
vt 0.073505 0.251677
vt 0.073297 0.252030
vt 0.073065 0.251664
vt 0.082973 0.242366
vt 0.083461 0.242451
vt 0.083169 0.242867
vt 0.044745 0.599305
vt 0.044534 0.599083
vt 0.044749 0.598929
vt 0.045083 0.597301
vt 0.045283 0.597576
vt 0.085631 0.260487
vt 0.086032 0.260545
vt 0.085617 0.260779
vt 0.083986 0.261415
vt 0.083834 0.260875
vt 0.084404 0.260949
vt 0.326716 0.625764
vt 0.326106 0.625634
vt 0.326289 0.625095
vt 0.304070 0.078783
vt 0.304623 0.078770
vt 0.303960 0.079359
vt 0.281034 0.406425
vt 0.280910 0.407205
vt 0.280606 0.406558
vt 0.324034 0.624831
vt 0.324585 0.624914
vt 0.324574 0.625656
vt 0.305000 0.078163
vt 0.305013 0.077355
vt 0.305371 0.077863
vt 0.199516 0.699545
vt 0.199478 0.698976
vt 0.199804 0.699320
vt 0.338199 0.998179
vt 0.337968 0.997927
vt 0.338522 0.998009
vt 0.791578 0.940631
vt 0.791216 0.940072
vt 0.791059 0.940591
vt 0.092963 0.239191
vt 0.093144 0.239588
vt 0.092845 0.239515
vt 0.325899 0.721686
vt 0.326068 0.722196
vt 0.325574 0.722061
vt 0.325404 0.721427
vt 0.160092 0.843787
vt 0.159766 0.843749
vt 0.159889 0.843521
vt 0.161686 0.845438
vt 0.161376 0.845157
vt 0.161564 0.844951
vt 0.166545 0.844256
vt 0.166737 0.843814
vt 0.166983 0.844231
vt 0.248415 0.253093
vt 0.248649 0.252998
vt 0.248513 0.253233
vt 0.224161 0.004528
vt 0.224687 0.004845
vt 0.224164 0.005369
vt 0.240105 0.250775
vt 0.240453 0.250306
vt 0.240575 0.250816
vt 0.242300 0.248266
vt 0.242143 0.248437
vt 0.241966 0.248054
vt 0.258783 0.130066
vt 0.259187 0.130066
vt 0.259074 0.130609
vt 0.293572 0.281277
vt 0.294047 0.281206
vt 0.293817 0.281547
vt 0.238640 0.224097
vt 0.239106 0.224381
vt 0.238773 0.224619
vt 0.291953 0.277110
vt 0.291617 0.277397
vt 0.291513 0.277086
vt 0.227481 0.108280
vt 0.228029 0.108484
vt 0.227861 0.108872
vt 0.230615 0.108183
vt 0.231012 0.108119
vt 0.230838 0.108451
vt 0.228670 0.107827
vt 0.227322 0.109014
vt 0.227002 0.108556
vt 0.185937 0.032151
vt 0.186127 0.031817
vt 0.186292 0.032021
vt 0.248344 0.177440
vt 0.247775 0.177584
vt 0.248083 0.177130
vt 0.167739 0.833444
vt 0.168104 0.833057
vt 0.168057 0.833589
vt 0.244854 0.182895
vt 0.245014 0.183260
vt 0.244757 0.183385
vt 0.161030 0.837204
vt 0.160820 0.837667
vt 0.160652 0.837394
vt 0.160998 0.838482
vt 0.161226 0.838768
vt 0.160993 0.839031
vt 0.159943 0.841267
vt 0.160216 0.841662
vt 0.159709 0.841626
vt 0.246536 0.177703
vt 0.246896 0.178020
vt 0.246353 0.178176
vt 0.168696 0.526365
vt 0.167834 0.526113
vt 0.168318 0.525796
vt 0.313639 0.630083
vt 0.313707 0.630333
vt 0.313366 0.630182
vt 0.325439 0.418700
vt 0.325772 0.418681
vt 0.325661 0.418949
vt 0.326339 0.418813
vt 0.326222 0.419255
vt 0.325959 0.418962
vt 0.305093 0.622627
vt 0.304808 0.622316
vt 0.305263 0.622279
vt 0.300764 0.623070
vt 0.301004 0.622669
vt 0.301163 0.622992
vt 0.192856 0.694387
vt 0.193356 0.694512
vt 0.192972 0.694884
vt 0.323029 0.415317
vt 0.323004 0.415042
vt 0.323333 0.415225
vt 0.309104 0.626968
vt 0.308978 0.626637
vt 0.309315 0.626758
vt 0.309557 0.626109
vt 0.310052 0.626222
vt 0.309622 0.626555
vt 0.170886 0.521301
vt 0.171334 0.521098
vt 0.171238 0.521533
vt 0.167515 0.524890
vt 0.167955 0.525397
vt 0.167433 0.525695
vt 0.255274 0.125460
vt 0.255319 0.125111
vt 0.255523 0.125197
vt 0.272894 0.929630
vt 0.273224 0.929673
vt 0.272988 0.930143
vt 0.167239 0.524184
vt 0.166839 0.524489
vt 0.166785 0.524112
vt 0.271871 0.935570
vt 0.271866 0.935273
vt 0.272094 0.935399
vt 0.272448 0.934900
vt 0.166331 0.524233
vt 0.166365 0.524767
vt 0.211410 0.312563
vt 0.211387 0.313012
vt 0.211059 0.312613
vt 0.272478 0.590760
vt 0.272534 0.590413
vt 0.272898 0.590696
vt 0.307148 0.957415
vt 0.306663 0.957478
vt 0.307164 0.957037
vt 0.269712 0.591733
vt 0.269686 0.591275
vt 0.270034 0.591523
vt 0.269926 0.590920
vt 0.270270 0.590689
vt 0.270289 0.590987
vt 0.236180 0.901492
vt 0.235835 0.901210
vt 0.236216 0.901070
vt 0.260983 0.120971
vt 0.261330 0.120622
vt 0.261372 0.121072
vt 0.236074 0.901930
vt 0.236378 0.901884
vt 0.236258 0.902335
vt 0.119540 0.473796
vt 0.119882 0.474223
vt 0.119392 0.474313
vt 0.119867 0.471918
vt 0.120304 0.472106
vt 0.119783 0.472573
vt 0.279520 0.723897
vt 0.279283 0.723667
vt 0.279777 0.723670
vt 0.278843 0.723524
vt 0.278533 0.723318
vt 0.278820 0.723000
vt 0.286007 0.720724
vt 0.285750 0.721159
vt 0.285638 0.720672
vt 0.271481 0.930497
vt 0.271828 0.929970
vt 0.271937 0.930334
vt 0.273583 0.597203
vt 0.273275 0.597073
vt 0.273448 0.596851
vt 0.271070 0.597347
vt 0.271239 0.597777
vt 0.270641 0.598036
vt 0.344006 0.806396
vt 0.343883 0.806086
vt 0.344245 0.806083
vt 0.272001 0.605601
vt 0.271476 0.605790
vt 0.271657 0.605241
vt 0.280994 0.404471
vt 0.280536 0.404052
vt 0.280968 0.403703
vt 0.121249 0.484533
vt 0.121089 0.484869
vt 0.120968 0.484473
vt 0.122535 0.485081
vt 0.122766 0.484530
vt 0.123050 0.485055
vt 0.265710 0.996209
vt 0.262623 0.998447
vt 0.264593 0.997215
vt 0.272266 0.705369
vt 0.272557 0.705943
vt 0.271975 0.706055
vt 0.304223 0.701698
vt 0.305068 0.702166
vt 0.304265 0.702701
vt 0.135807 0.977114
vt 0.136307 0.977061
vt 0.136441 0.977670
vt 0.186161 0.005691
vt 0.186438 0.005682
vt 0.186082 0.005415
vt 0.311460 0.832407
vt 0.311930 0.832358
vt 0.311532 0.832764
vt 0.186972 0.003906
vt 0.186387 0.004511
vt 0.187447 0.004281
vt 0.044327 0.115192
vt 0.044974 0.115055
vt 0.044741 0.115448
vt 0.143850 0.606490
vt 0.143405 0.606694
vt 0.143686 0.606263
vt 0.343928 0.341937
vt 0.343894 0.342244
vt 0.343647 0.342018
vt 0.252759 0.887617
vt 0.252918 0.888043
vt 0.252523 0.887724
vt 0.253169 0.887975
vt 0.257559 0.886365
vt 0.257978 0.886140
vt 0.257891 0.886570
vt 0.326347 0.168932
vt 0.326396 0.169618
vt 0.325918 0.169460
vt 0.146940 0.604734
vt 0.146844 0.605266
vt 0.146331 0.604975
vt 0.271842 0.350830
vt 0.271358 0.350884
vt 0.271650 0.350414
vt 0.149012 0.973945
vt 0.148593 0.974352
vt 0.148315 0.973974
vt 0.138784 0.979264
vt 0.138833 0.978926
vt 0.139487 0.979486
vt 0.390073 0.930773
vt 0.388108 0.931172
vt 0.282430 0.116127
vt 0.282933 0.115303
vt 0.282976 0.115851
vt 0.292293 0.954203
vt 0.292311 0.953804
vt 0.292842 0.953884
vt 0.140081 0.979541
vt 0.139825 0.979093
vt 0.391219 0.931942
vt 0.184889 0.453988
vt 0.184267 0.453963
vt 0.184545 0.453449
vt 0.145429 0.973724
vt 0.145113 0.973356
vt 0.145486 0.973217
vt 0.194929 0.453444
vt 0.194479 0.453524
vt 0.194717 0.453054
vt 0.074373 0.527585
vt 0.074585 0.526975
vt 0.074666 0.527582
vt 0.333526 0.186098
vt 0.332963 0.185791
vt 0.333670 0.185735
vt 0.070379 0.523197
vt 0.070754 0.522999
vt 0.070417 0.523737
vt 0.082418 0.519190
vt 0.082173 0.519625
vt 0.081811 0.519171
vt 0.259575 0.890338
vt 0.259201 0.890666
vt 0.258939 0.890161
vt 0.257693 0.290915
vt 0.257242 0.291389
vt 0.256874 0.291152
vt 0.354937 0.289481
vt 0.354672 0.289778
vt 0.354382 0.289381
vt 0.278181 0.125477
vt 0.278359 0.124625
vt 0.278445 0.125199
vt 0.282096 0.128071
vt 0.282660 0.127893
vt 0.282332 0.128340
vt 0.075813 0.514736
vt 0.076113 0.514297
vt 0.076315 0.514487
vt 0.285822 0.128113
vt 0.285544 0.128481
vt 0.285322 0.127956
vt 0.075968 0.514884
vt 0.092376 0.549962
vt 0.092454 0.550364
vt 0.092144 0.550335
vt 0.246761 0.553783
vt 0.247119 0.553506
vt 0.247304 0.553863
vt 0.247087 0.555095
vt 0.246663 0.555227
vt 0.246845 0.554893
vt 0.245520 0.555039
vt 0.245293 0.554634
vt 0.245732 0.554859
vt 0.126179 0.864974
vt 0.126445 0.864512
vt 0.126569 0.864882
vt 0.127692 0.861362
vt 0.127976 0.861088
vt 0.128007 0.861666
vt 0.084347 0.555241
vt 0.084748 0.555024
vt 0.084825 0.555543
vt 0.088558 0.557096
vt 0.088908 0.556750
vt 0.089088 0.557151
vt 0.088964 0.558569
vt 0.088485 0.558962
vt 0.088657 0.558466
vt 0.269810 0.702019
vt 0.270215 0.702234
vt 0.269890 0.702675
vt 0.330288 0.896654
vt 0.330529 0.897249
vt 0.329876 0.897175
vt 0.332675 0.895166
vt 0.333078 0.895363
vt 0.332561 0.895903
vt 0.204151 0.648742
vt 0.203642 0.648808
vt 0.203904 0.648609
vt 0.090662 0.778196
vt 0.090108 0.778532
vt 0.090228 0.777804
vt 0.051705 0.539169
vt 0.051800 0.538899
vt 0.052164 0.539167
vt 0.089566 0.780770
vt 0.089824 0.780284
vt 0.090307 0.780844
vt 0.089010 0.779335
vt 0.089390 0.778855
vt 0.089456 0.779478
vt 0.094116 0.767096
vt 0.093407 0.766680
vt 0.093960 0.766537
vt 0.092899 0.765946
vt 0.092601 0.766509
vt 0.225165 0.228443
vt 0.225445 0.227798
vt 0.225920 0.228326
vt 0.369871 0.744459
vt 0.369342 0.744543
vt 0.368482 0.743280
vt 0.307488 0.263649
vt 0.306882 0.263708
vt 0.307051 0.263369
vt 0.088960 0.762271
vt 0.088851 0.762518
vt 0.088562 0.762158
vt 0.344483 0.649688
vt 0.343901 0.649620
vt 0.344380 0.648912
vt 0.097228 0.774534
vt 0.096630 0.774133
vt 0.097020 0.774013
vt 0.093198 0.769389
vt 0.093646 0.769268
vt 0.093934 0.769807
vt 0.073481 0.535974
vt 0.073047 0.535969
vt 0.073104 0.535560
vt 0.353872 0.670688
vt 0.353484 0.669815
vt 0.353390 0.670758
vt 0.098876 0.776131
vt 0.098412 0.774734
vt 0.099313 0.774765
vt 0.052479 0.534642
vt 0.052344 0.534909
vt 0.052004 0.534597
vt 0.350238 0.636482
vt 0.349874 0.636071
vt 0.350467 0.636000
vt 0.091339 0.773602
vt 0.090831 0.773701
vt 0.091083 0.773184
vt 0.046330 0.011914
vt 0.046567 0.012273
vt 0.046221 0.012381
vt 0.055474 0.346045
vt 0.055428 0.345707
vt 0.055791 0.345767
vt 0.055757 0.346228
vt 0.056222 0.346064
vt 0.055994 0.346600
vt 0.043951 0.015499
vt 0.044341 0.015463
vt 0.044287 0.015840
vt 0.073145 0.460158
vt 0.073086 0.460930
vt 0.072710 0.460550
vt 0.051435 0.348004
vt 0.051811 0.348332
vt 0.051310 0.348710
vt 0.060400 0.354989
vt 0.061019 0.355354
vt 0.060503 0.355545
vt 0.060981 0.354726
vt 0.062735 0.355867
vt 0.063212 0.355986
vt 0.062886 0.356209
vt 0.194063 0.351123
vt 0.194559 0.351205
vt 0.194195 0.351556
vt 0.194218 0.349386
vt 0.194600 0.349790
vt 0.194152 0.349699
vt 0.321533 0.322398
vt 0.321146 0.322380
vt 0.321201 0.322082
vt 0.104445 0.458973
vt 0.104596 0.459398
vt 0.104351 0.459349
vt 0.104659 0.459086
vt 0.104541 0.459845
vt 0.104271 0.459716
vt 0.105075 0.458439
vt 0.105428 0.458610
vt 0.105241 0.458989
vt 0.058059 0.321232
vt 0.057961 0.321591
vt 0.057620 0.321232
vt 0.115459 0.464367
vt 0.115933 0.464215
vt 0.115933 0.464735
vt 0.114877 0.461739
vt 0.114958 0.462289
vt 0.114482 0.462285
vt 0.111820 0.459259
vt 0.111555 0.458934
vt 0.112086 0.458952
vt 0.116898 0.462818
vt 0.117310 0.463243
vt 0.116723 0.463131
vt 0.228684 0.207979
vt 0.229156 0.208237
vt 0.228914 0.208491
vt 0.111236 0.453031
vt 0.111484 0.453434
vt 0.110989 0.453616
vt 0.077840 0.454252
vt 0.077728 0.454660
vt 0.077303 0.454555
vt 0.206614 0.635960
vt 0.206166 0.636508
vt 0.206178 0.635866
vt 0.231212 0.237216
vt 0.231141 0.236560
vt 0.231760 0.236701
vt 0.234013 0.232247
vt 0.234387 0.232007
vt 0.234233 0.232470
vt 0.076613 0.532109
vt 0.076259 0.531947
vt 0.076452 0.531701
vt 0.075043 0.535818
vt 0.075000 0.535474
vt 0.075463 0.535820
vt 0.211546 0.638582
vt 0.212307 0.639227
vt 0.211443 0.639430
vt 0.214822 0.649433
vt 0.214611 0.649903
vt 0.214277 0.649591
vt 0.203612 0.647909
vt 0.203898 0.648361
vt 0.203527 0.648334
vt 0.063599 0.535076
vt 0.063437 0.534865
vt 0.063686 0.534785
vt 0.061604 0.534753
vt 0.062106 0.534525
vt 0.062019 0.535060
vt 0.203228 0.646073
vt 0.203582 0.646247
vt 0.203248 0.646678
vt 0.118027 0.447781
vt 0.118004 0.447424
vt 0.118481 0.447440
vt 0.117472 0.444467
vt 0.118033 0.444358
vt 0.117846 0.444739
vt 0.316214 0.819497
vt 0.316507 0.819114
vt 0.316690 0.819480
vt 0.318827 0.817209
vt 0.318460 0.817093
vt 0.318823 0.816781
vt 0.056933 0.449992
vt 0.056889 0.449761
vt 0.057244 0.449776
vt 0.127813 0.443618
vt 0.127883 0.443380
vt 0.128153 0.443752
vt 0.207974 0.758771
vt 0.375966 0.560392
vt 0.375402 0.559605
vt 0.374495 0.560618
vt 0.202446 0.975747
vt 0.202531 0.976590
vt 0.201846 0.975885
vt 0.244491 0.130193
vt 0.244565 0.130737
vt 0.244193 0.130507
vt 0.374574 0.559185
vt 0.374515 0.560260
vt 0.337187 0.235252
vt 0.336412 0.235827
vt 0.336127 0.234724
vt 0.248768 0.614330
vt 0.248778 0.614012
vt 0.249182 0.613946
vt 0.112424 0.884311
vt 0.112057 0.884357
vt 0.112139 0.884139
vt 0.111820 0.884035
vt 0.111619 0.884476
vt 0.111343 0.884108
vt 0.111390 0.882487
vt 0.111576 0.882155
vt 0.111728 0.882412
vt 0.214011 0.766541
vt 0.213953 0.766892
vt 0.213836 0.766636
vt 0.218589 0.765199
vt 0.218170 0.764648
vt 0.218481 0.764509
vt 0.119236 0.895780
vt 0.118910 0.895396
vt 0.119518 0.895335
vt 0.303023 0.226513
vt 0.302731 0.226020
vt 0.303268 0.226055
vt 0.123480 0.900136
vt 0.124093 0.899790
vt 0.123869 0.900474
vt 0.209084 0.775146
vt 0.209074 0.775557
vt 0.118829 0.895855
vt 0.092448 0.458068
vt 0.092099 0.458386
vt 0.091967 0.458076
vt 0.086726 0.447305
vt 0.086210 0.447245
vt 0.086643 0.447069
vt 0.126066 0.458570
vt 0.125745 0.458047
vt 0.126228 0.457907
vt 0.091532 0.449758
vt 0.091497 0.450147
vt 0.091160 0.449781
vt 0.091494 0.450580
vt 0.091198 0.450794
vt 0.091087 0.450478
vt 0.092077 0.455677
vt 0.091874 0.456226
vt 0.091518 0.455760
vt 0.092967 0.457663
vt 0.092477 0.457516
vt 0.092703 0.457251
vt 0.208816 0.749766
vt 0.208632 0.750144
vt 0.208335 0.749755
vt 0.240889 0.084523
vt 0.241000 0.084269
vt 0.241174 0.084559
vt 0.242109 0.083752
vt 0.241826 0.084042
vt 0.241760 0.083750
vt 0.247638 0.087185
vt 0.247238 0.087278
vt 0.247466 0.086909
vt 0.113891 0.126129
vt 0.113884 0.126748
vt 0.113431 0.126378
vt 0.244371 0.759891
vt 0.244475 0.759468
vt 0.244826 0.759762
vt 0.111878 0.121912
vt 0.112395 0.122085
vt 0.111823 0.122492
vt 0.239759 0.759892
vt 0.240025 0.760445
vt 0.239441 0.760544
vt 0.240938 0.760482
vt 0.240912 0.761100
vt 0.240470 0.760683
vt 0.239731 0.761147
vt 0.240120 0.760858
vt 0.240246 0.761195
vt 0.240158 0.083927
vt 0.240461 0.083660
vt 0.240539 0.083906
vt 0.105494 0.117912
vt 0.105194 0.117769
vt 0.105673 0.117572
vt 0.107494 0.116926
vt 0.107189 0.117058
vt 0.107211 0.116783
vt 0.212242 0.770218
vt 0.212245 0.769611
vt 0.212738 0.769503
vt 0.596211 0.940195
vt 0.596943 0.940066
vt 0.596037 0.940787
vt 0.212098 0.770878
vt 0.211816 0.770611
vt 0.113246 0.112395
vt 0.114525 0.112227
vt 0.114135 0.112817
vt 0.108750 0.113979
vt 0.109200 0.113750
vt 0.109319 0.114027
vt 0.208301 0.759632
vt 0.208354 0.760045
vt 0.207860 0.759653
vt 0.243673 0.133585
vt 0.243437 0.133885
vt 0.243467 0.133470
vt 0.245916 0.139640
vt 0.245418 0.139441
vt 0.246000 0.139228
vt 0.207224 0.759408
vt 0.207519 0.759497
vt 0.207449 0.759752
vt 0.244085 0.129912
vt 0.244503 0.129607
vt 0.061212 0.456211
vt 0.061654 0.456004
vt 0.061733 0.456316
vt 0.190069 0.296371
vt 0.189750 0.296219
vt 0.190026 0.295985
vt 0.189427 0.295095
vt 0.189394 0.295483
vt 0.189076 0.295156
vt 0.097900 0.524211
vt 0.098281 0.524164
vt 0.098241 0.524632
vt 0.208046 0.180342
vt 0.208151 0.180798
vt 0.207701 0.180647
vt 0.088326 0.533026
vt 0.088536 0.532623
vt 0.088808 0.532958
vt 0.084486 0.519408
vt 0.084762 0.519982
vt 0.084242 0.519843
vt 0.086315 0.518104
vt 0.086835 0.518081
vt 0.086678 0.518425
vt 0.086380 0.531045
vt 0.086913 0.530970
vt 0.086822 0.531460
vt 0.214128 0.636494
vt 0.216953 0.636633
vt 0.215645 0.637600
vt 0.087822 0.533360
vt 0.087839 0.533053
vt 0.088111 0.533526
vt 0.086342 0.531581
vt 0.086281 0.532126
vt 0.085811 0.531660
vt 0.088870 0.531827
vt 0.088996 0.532395
vt 0.088489 0.532164
vt 0.187829 0.970455
vt 0.187744 0.970157
vt 0.188373 0.970250
vt 0.191015 0.970784
vt 0.190308 0.970951
vt 0.190436 0.970518
vt 0.209125 0.181249
vt 0.209030 0.181593
vt 0.208802 0.181315
vt 0.240883 0.610370
vt 0.241000 0.610092
vt 0.241205 0.610360
vt 0.244603 0.613991
vt 0.245053 0.613993
vt 0.244863 0.614587
vt 0.249156 0.613324
vt 0.249967 0.613545
vt 0.087203 0.877015
vt 0.087272 0.876531
vt 0.087738 0.876756
vt 0.088641 0.878755
vt 0.088113 0.878784
vt 0.088506 0.878375
vt 0.217614 0.180209
vt 0.217295 0.180602
vt 0.217146 0.180162
vt 0.090482 0.871038
vt 0.091017 0.870765
vt 0.090918 0.871249
vt 0.091094 0.872149
vt 0.090865 0.871725
vt 0.091361 0.871697
vt 0.082146 0.873333
vt 0.081619 0.873307
vt 0.081652 0.872819
vt 0.080447 0.860295
vt 0.079864 0.860241
vt 0.080161 0.859851
vt 0.082511 0.861305
vt 0.082905 0.861843
vt 0.082497 0.861863
vt 0.083857 0.863333
vt 0.084136 0.863603
vt 0.083944 0.863908
vt 0.083012 0.860463
vt 0.083299 0.860700
vt 0.082929 0.860900
vt 0.089709 0.865918
vt 0.089456 0.866335
vt 0.089226 0.865703
vt 0.087650 0.859618
vt 0.088166 0.859646
vt 0.088031 0.860097
vt 0.090435 0.861302
vt 0.090810 0.861801
vt 0.090320 0.861725
vt 0.151079 0.014900
vt 0.151259 0.015214
vt 0.150905 0.015100
vt 0.085434 0.853740
vt 0.085902 0.853934
vt 0.085558 0.854088
vt 0.072716 0.250732
vt 0.072595 0.250184
vt 0.073033 0.250591
vt 0.072190 0.250622
vt 0.189835 0.705472
vt 0.189717 0.706121
vt 0.189553 0.705732
vt 0.075989 0.242971
vt 0.075802 0.242629
vt 0.076212 0.242514
vt 0.156803 0.977957
vt 0.156875 0.977681
vt 0.157038 0.977772
vt 0.147035 0.009681
vt 0.147022 0.010359
vt 0.350931 0.750815
vt 0.351317 0.750979
vt 0.350965 0.751287
vt 0.152953 0.978419
vt 0.152674 0.978462
vt 0.152924 0.977977
vt 0.072854 0.264764
vt 0.073285 0.264213
vt 0.073652 0.264824
vt 0.143975 0.011116
vt 0.144299 0.010615
vt 0.144982 0.011063
vt 0.156317 0.963304
vt 0.156118 0.962761
vt 0.156577 0.963091
vt 0.196339 0.451116
vt 0.196755 0.451537
vt 0.196293 0.451564
vt 0.086712 0.513271
vt 0.086294 0.513490
vt 0.086440 0.513104
vt 0.134186 0.018059
vt 0.134534 0.018150
vt 0.134354 0.018403
vt 0.087331 0.514186
vt 0.087596 0.513867
vt 0.087907 0.514024
vt 0.138896 0.018756
vt 0.139484 0.018740
vt 0.139244 0.019008
vt 0.072350 0.854725
vt 0.072235 0.855111
vt 0.072071 0.854926
vt 0.075812 0.852338
vt 0.076144 0.852178
vt 0.076015 0.852544
vt 0.076309 0.852838
vt 0.076643 0.852505
vt 0.075886 0.852840
vt 0.075412 0.852918
vt 0.317528 0.721160
vt 0.317106 0.720428
vt 0.317920 0.720128
vt 0.030307 0.077095
vt 0.031260 0.076483
vt 0.030799 0.077648
vt 0.219715 0.994441
vt 0.220123 0.995240
vt 0.218763 0.994816
vt 0.325010 0.877363
vt 0.324410 0.877103
vt 0.324792 0.877039
vt 0.047153 0.162685
vt 0.047979 0.163472
vt 0.046853 0.163906
vt 0.317193 0.429625
vt 0.317086 0.429202
vt 0.317533 0.429256
vt 0.285525 0.754887
vt 0.285122 0.755442
vt 0.284447 0.755030
vt 0.316691 0.717891
vt 0.315878 0.718190
vt 0.315475 0.717438
vt 0.224204 0.994640
vt 0.224591 0.994413
vt 0.224602 0.994978
vt 0.344557 0.464758
vt 0.344200 0.464522
vt 0.344628 0.464446
vt 0.310778 0.079063
vt 0.310344 0.078027
vt 0.310683 0.078014
vt 0.340078 0.186826
vt 0.339277 0.188294
vt 0.338417 0.187058
vt 0.052652 0.253915
vt 0.055698 0.252293
vt 0.051165 0.252165
vt 0.392693 0.977920
vt 0.394004 0.977836
vt 0.392957 0.978441
vt 0.172269 0.191939
vt 0.172434 0.192488
vt 0.172173 0.192863
vt 0.532568 0.932321
vt 0.531926 0.931698
vt 0.532220 0.931356
vt 0.159839 0.192900
vt 0.160322 0.191872
vt 0.161121 0.192921
vt 0.162386 0.196264
vt 0.161305 0.196688
vt 0.162113 0.196076
vt 0.529548 0.932056
vt 0.530848 0.931606
vt 0.532274 0.932664
vt 0.231786 0.672674
vt 0.235201 0.671649
vt 0.233211 0.669650
vt 0.313208 0.361001
vt 0.314088 0.360822
vt 0.313596 0.361605
vt 0.394426 0.981804
vt 0.395071 0.980252
vt 0.395473 0.981199
vt 0.396118 0.979647
vt 0.161920 0.193970
vt 0.162404 0.192942
vt 0.163203 0.193991
vt 0.398549 0.979316
vt 0.398740 0.979778
vt 0.398227 0.980092
vt 0.395050 0.977231
vt 0.396361 0.977148
vt 0.395315 0.977753
vt 0.393739 0.977315
vt 0.394263 0.977012
vt 0.394395 0.977273
vt 0.160154 0.194978
vt 0.159355 0.193929
vt 0.160638 0.193949
vt 0.053567 0.750169
vt 0.052836 0.749326
vt 0.061511 0.753330
vt 0.063018 0.755160
vt 0.061368 0.754057
vt 0.052840 0.748769
vt 0.203349 0.187939
vt 0.203242 0.188490
vt 0.202703 0.188089
vt 0.268571 0.997065
vt 0.271030 0.996752
vt 0.269782 0.995751
vt 0.055119 0.747947
vt 0.056337 0.749231
vt 0.055467 0.748558
vt 0.055460 0.749395
vt 0.055028 0.748779
vt 0.337565 0.927157
vt 0.337164 0.926578
vt 0.337684 0.926612
vt 0.321009 0.811522
vt 0.321219 0.811685
vt 0.320472 0.811864
vt 0.257396 0.847395
vt 0.256796 0.848021
vt 0.256617 0.847221
vt 0.366478 0.859769
vt 0.366211 0.859973
vt 0.366443 0.859376
vt 0.152856 0.382210
vt 0.153450 0.382990
vt 0.152784 0.382888
vt 0.298109 0.742580
vt 0.298749 0.742363
vt 0.299193 0.742992
vt 0.308711 0.341422
vt 0.309494 0.341618
vt 0.309150 0.342057
vt 0.308081 0.342507
vt 0.307642 0.341872
vt 0.308367 0.341861
vt 0.245252 0.285289
vt 0.246538 0.285026
vt 0.248015 0.285404
vt 0.244839 0.288444
vt 0.245784 0.287676
vt 0.245741 0.288140
vt 0.113652 0.408198
vt 0.114749 0.408021
vt 0.113819 0.407082
vt 0.309716 0.288193
vt 0.309589 0.289510
vt 0.311098 0.288727
vt 0.061117 0.478335
vt 0.062896 0.477224
vt 0.109042 0.408205
vt 0.107612 0.408427
vt 0.108930 0.408949
vt 0.250512 0.854589
vt 0.250525 0.853958
vt 0.251688 0.853926
vt 0.059020 0.475968
vt 0.059660 0.475723
vt 0.059200 0.477165
vt 0.279020 0.946917
vt 0.278420 0.946537
vt 0.278292 0.947228
vt 0.215406 0.850424
vt 0.215367 0.852283
vt 0.213545 0.850216
vt 0.349391 0.714887
vt 0.348941 0.715155
vt 0.349006 0.714749
vt 0.330078 0.822597
vt 0.332612 0.821658
vt 0.329826 0.820775
vt 0.247700 0.783799
vt 0.245706 0.785862
vt 0.249601 0.784477
vt 0.246734 0.779738
vt 0.250629 0.778353
vt 0.251594 0.782414
vt 0.231373 0.391271
vt 0.231437 0.388297
vt 0.233139 0.389112
vt 0.272638 0.947875
vt 0.271334 0.947034
vt 0.271595 0.948145
vt 0.205606 0.854234
vt 0.204957 0.856459
vt 0.204023 0.856055
vt 0.210611 0.851921
vt 0.212732 0.851689
vt 0.210530 0.857049
vt 0.213384 0.860471
vt 0.242999 0.853780
vt 0.243988 0.853888
vt 0.243683 0.854502
vt 0.244673 0.854609
vt 0.245081 0.853040
vt 0.243303 0.853166
vt 0.245766 0.853761
vt 0.247268 0.851343
vt 0.246174 0.852191
vt 0.245490 0.851470
vt 0.248326 0.750766
vt 0.248784 0.750262
vt 0.248801 0.750796
vt 0.247966 0.858749
vt 0.247882 0.858112
vt 0.249850 0.857607
vt 0.248554 0.897540
vt 0.245167 0.899478
vt 0.339377 0.840331
vt 0.340266 0.841083
vt 0.340231 0.839583
vt 0.057677 0.102447
vt 0.058531 0.102945
vt 0.057731 0.103186
vt 0.056466 0.101221
vt 0.056109 0.100493
vt 0.057087 0.099550
vt 0.059463 0.818611
vt 0.060744 0.815332
vt 0.058528 0.815523
vt 0.312039 0.847890
vt 0.311014 0.848426
vt 0.312235 0.848900
vt 0.055418 0.819174
vt 0.320507 0.545963
vt 0.320474 0.547077
vt 0.319353 0.546702
vt 0.343752 0.080850
vt 0.345107 0.080508
vt 0.344622 0.079508
vt 0.327658 0.821415
vt 0.327850 0.821567
vt 0.327625 0.821650
vt 0.058593 0.797214
vt 0.059564 0.796600
vt 0.059136 0.797227
vt 0.205969 0.800774
vt 0.206275 0.799363
vt 0.206866 0.801683
vt 0.350511 0.737619
vt 0.351374 0.736650
vt 0.351057 0.737766
vt 0.051542 0.076145
vt 0.053556 0.074728
vt 0.052222 0.078017
vt 0.290449 0.146235
vt 0.290191 0.144493
vt 0.291369 0.146461
vt 0.579801 0.959770
vt 0.581084 0.959098
vt 0.579663 0.959242
vt 0.455278 0.960065
vt 0.456184 0.959745
vt 0.456236 0.960322
vt 0.311184 0.716526
vt 0.312328 0.716515
vt 0.312212 0.716125
vt 0.293184 0.152908
vt 0.292968 0.153030
vt 0.292150 0.151695
vt 0.063515 0.797957
vt 0.061711 0.797200
vt 0.062653 0.796515
vt 0.264051 0.447167
vt 0.262619 0.446053
vt 0.264045 0.445748
vt 0.212809 0.809274
vt 0.213146 0.809742
vt 0.213500 0.809987
vt 0.215107 0.809188
vt 0.214494 0.808690
vt 0.236838 0.955710
vt 0.240797 0.957939
vt 0.237924 0.954995
vt 0.233966 0.952765
vt 0.232879 0.953480
vt 0.120475 0.418181
vt 0.118780 0.415805
vt 0.117657 0.416468
vt 0.118564 0.418634
vt 0.196721 0.314473
vt 0.195433 0.312882
vt 0.125608 0.408329
vt 0.126433 0.407777
vt 0.125994 0.407507
vt 0.121783 0.418163
vt 0.121405 0.416954
vt 0.121001 0.416809
vt 0.188863 0.313870
vt 0.187731 0.311848
vt 0.186256 0.314074
vt 0.121557 0.416702
vt 0.121204 0.415656
vt 0.122086 0.408624
vt 0.123193 0.408601
vt 0.123753 0.407323
vt 0.116876 0.406896
vt 0.115946 0.405957
vt 0.115132 0.406947
vt 0.117961 0.405575
vt 0.277960 0.212913
vt 0.279936 0.213317
vt 0.279022 0.211506
vt 0.189997 0.053794
vt 0.197372 0.601650
vt 0.200951 0.596482
vt 0.198828 0.595857
vt 0.348393 0.850189
vt 0.348634 0.848144
vt 0.347612 0.848536
vt 0.326027 0.859896
vt 0.322895 0.860502
vt 0.323890 0.862918
vt 0.264957 0.974573
vt 0.265149 0.973644
vt 0.265469 0.973742
vt 0.267579 0.976644
vt 0.269142 0.975846
vt 0.269781 0.977123
vt 0.269722 0.978227
vt 0.268218 0.977922
vt 0.128435 0.421162
vt 0.128843 0.418856
vt 0.127171 0.419330
vt 0.127579 0.417024
vt 0.272908 0.975526
vt 0.273129 0.976129
vt 0.272126 0.975925
vt 0.326606 0.101147
vt 0.327423 0.101351
vt 0.327031 0.100688
vt 0.043377 0.193480
vt 0.042935 0.193029
vt 0.043822 0.192705
vt 0.324551 0.102034
vt 0.325170 0.101488
vt 0.324159 0.101371
vt 0.279862 0.214926
vt 0.279007 0.215717
vt 0.279994 0.215919
vt 0.326573 0.102268
vt 0.326181 0.101605
vt 0.325562 0.102151
vt 0.310003 0.565545
vt 0.310369 0.565522
vt 0.310868 0.566247
vt 0.056490 0.109851
vt 0.056268 0.110520
vt 0.055671 0.109961
vt 0.194633 0.599423
vt 0.194124 0.600096
vt 0.194425 0.600519
vt 0.307560 0.717618
vt 0.309101 0.717925
vt 0.308445 0.717453
vt 0.308016 0.716660
vt 0.308531 0.715898
vt 0.307704 0.716258
vt 0.078027 0.485100
vt 0.078048 0.484022
vt 0.079028 0.484841
vt 0.349785 0.831916
vt 0.350413 0.833029
vt 0.349116 0.832681
vt 0.349434 0.834878
vt 0.347832 0.834469
vt 0.348474 0.833575
vt 0.323888 0.283653
vt 0.324373 0.284257
vt 0.323626 0.284237
vt 0.300338 0.383394
vt 0.302114 0.383381
vt 0.302095 0.382478
vt 0.295213 0.513027
vt 0.295630 0.513613
vt 0.294800 0.513297
vt 0.294915 0.511846
vt 0.295035 0.512615
vt 0.294970 0.510105
vt 0.295017 0.511432
vt 0.214266 0.198901
vt 0.212433 0.195466
vt 0.211259 0.198815
vt 0.196539 0.261123
vt 0.196320 0.260912
vt 0.196719 0.260815
vt 0.259849 0.226067
vt 0.259454 0.227404
vt 0.261654 0.228370
vt 0.257855 0.227611
vt 0.258250 0.226275
vt 0.256256 0.227819
vt 0.171130 0.928541
vt 0.165395 0.927588
vt 0.168453 0.926615
vt 0.315313 0.997462
vt 0.313122 0.997620
vt 0.062618 0.110614
vt 0.063189 0.111462
vt 0.062234 0.111492
vt 0.229026 0.648644
vt 0.230300 0.648802
vt 0.229546 0.646706
vt 0.229781 0.650740
vt 0.215487 0.859652
vt 0.214336 0.858941
vt 0.215287 0.857411
vt 0.266961 0.472962
vt 0.269072 0.475250
vt 0.268173 0.476360
vt 0.126086 0.824807
vt 0.125708 0.825832
vt 0.124845 0.825130
vt 0.218954 0.859324
vt 0.219793 0.859843
vt 0.219192 0.861000
vt 0.227652 0.397306
vt 0.227842 0.398919
vt 0.227139 0.398489
vt 0.251025 0.467418
vt 0.250598 0.466555
vt 0.250954 0.467903
vt 0.248743 0.467848
vt 0.247174 0.467200
vt 0.317550 0.856357
vt 0.318122 0.856136
vt 0.317982 0.855996
vt 0.228410 0.015032
vt 0.227882 0.015276
vt 0.227548 0.014942
vt 0.228012 0.014891
vt 0.230069 0.015407
vt 0.229475 0.015844
vt 0.229142 0.015509
vt 0.405910 0.957740
vt 0.406880 0.957443
vt 0.406554 0.958522
vt 0.052612 0.267707
vt 0.055051 0.266789
vt 0.053235 0.268437
vt 0.143269 0.132741
vt 0.145206 0.125526
vt 0.147081 0.129123
vt 0.145746 0.125782
vt 0.054427 0.266059
vt 0.051988 0.266977
vt 0.052246 0.264084
vt 0.166468 0.673245
vt 0.167543 0.672562
vt 0.166825 0.672243
vt 0.161580 0.670395
vt 0.160726 0.670410
vt 0.160740 0.671066
vt 0.168389 0.673823
vt 0.167721 0.672061
vt 0.167609 0.674195
vt 0.140968 0.122791
vt 0.137010 0.126828
vt 0.145426 0.115764
vt 0.331554 0.827305
vt 0.332821 0.826836
vt 0.332413 0.825874
vt 0.267156 0.529902
vt 0.268116 0.529974
vt 0.268251 0.531125
vt 0.337203 0.092073
vt 0.336838 0.090109
vt 0.337821 0.091706
vt 0.319604 0.353482
vt 0.319332 0.353645
vt 0.319430 0.354314
vt 0.272989 0.529062
vt 0.272600 0.528262
vt 0.273929 0.528119
vt 0.274555 0.530278
vt 0.274512 0.528804
vt 0.275096 0.529489
vt 0.300905 0.350975
vt 0.300963 0.350237
vt 0.301327 0.349675
vt 0.339404 0.447008
vt 0.339020 0.446357
vt 0.338884 0.446434
vt 0.303569 0.351000
vt 0.303149 0.349195
vt 0.303806 0.350371
vt 0.337157 0.094281
vt 0.336997 0.092195
vt 0.337981 0.093792
vt 0.339743 0.447337
vt 0.339179 0.446441
vt 0.292270 0.094620
vt 0.292263 0.095636
vt 0.290669 0.093754
vt 0.334133 0.159740
vt 0.333496 0.159810
vt 0.333751 0.158957
vt 0.047145 0.322063
vt 0.046126 0.320532
vt 0.044802 0.321937
vt 0.269997 0.562238
vt 0.268447 0.562196
vt 0.188420 0.604699
vt 0.186856 0.604529
vt 0.187196 0.605335
vt 0.189983 0.604868
vt 0.188760 0.605504
vt 0.191327 0.605397
vt 0.126819 0.406955
vt 0.126380 0.406685
vt 0.127205 0.406133
vt 0.126970 0.405323
vt 0.126047 0.408598
vt 0.126872 0.408046
vt 0.270243 0.976085
vt 0.270172 0.976923
vt 0.273370 0.974488
vt 0.271565 0.976927
vt 0.272347 0.976528
vt 0.272568 0.977131
vt 0.336342 0.947473
vt 0.337134 0.947667
vt 0.337189 0.947298
vt 0.263492 0.711106
vt 0.262910 0.712728
vt 0.263811 0.712130
vt 0.290148 0.322806
vt 0.290013 0.323727
vt 0.289328 0.322104
vt 0.290833 0.324430
vt 0.290765 0.324890
vt 0.290698 0.325351
vt 0.334545 0.668666
vt 0.333644 0.669222
vt 0.333387 0.668404
vt 0.512008 0.981785
vt 0.513652 0.982397
vt 0.512459 0.983016
vt 0.513202 0.981166
vt 0.330502 0.560279
vt 0.331789 0.561829
vt 0.332294 0.561238
vt 0.283409 0.825689
vt 0.283879 0.823766
vt 0.282755 0.823168
vt 0.280962 0.822922
vt 0.282285 0.825091
vt 0.281630 0.822570
vt 0.112220 0.060743
vt 0.112712 0.061752
vt 0.111623 0.061834
vt 0.064504 0.816564
vt 0.063232 0.817008
vt 0.063841 0.818067
vt 0.193585 0.988310
vt 0.194786 0.988146
vt 0.193849 0.986737
vt 0.056444 0.740778
vt 0.057513 0.742106
vt 0.054424 0.742198
vt 0.055493 0.743526
vt 0.211436 0.079225
vt 0.208821 0.078578
vt 0.279438 0.916186
vt 0.277469 0.917972
vt 0.279637 0.919299
vt 0.057753 0.739818
vt 0.056830 0.738172
vt 0.059534 0.740685
vt 0.064518 0.095495
vt 0.063602 0.095878
vt 0.063470 0.094158
vt 0.188297 0.987281
vt 0.186696 0.987912
vt 0.189340 0.988220
vt 0.190261 0.989258
vt 0.187617 0.988950
vt 0.257899 0.221748
vt 0.256767 0.221173
vt 0.257374 0.222377
vt 0.171256 0.923997
vt 0.172661 0.923768
vt 0.170493 0.922097
vt 0.256679 0.220164
vt 0.256876 0.220764
vt 0.257818 0.219915
vt 0.255584 0.220917
vt 0.256460 0.220983
vt 0.212705 0.203564
vt 0.213321 0.204907
vt 0.214709 0.203622
vt 0.172079 0.667549
vt 0.172047 0.665953
vt 0.170665 0.667822
vt 0.173462 0.665680
vt 0.173430 0.664084
vt 0.206667 0.199653
vt 0.207660 0.198714
vt 0.206433 0.198137
vt 0.213177 0.200561
vt 0.256451 0.918946
vt 0.255676 0.918917
vt 0.256017 0.918248
vt 0.255819 0.916382
vt 0.255055 0.916256
vt 0.255466 0.915814
vt 0.036585 0.303740
vt 0.036378 0.303693
vt 0.036567 0.303456
vt 0.337563 0.599116
vt 0.338001 0.598482
vt 0.338143 0.598856
vt 0.291015 0.266112
vt 0.291241 0.264990
vt 0.290364 0.265478
vt 0.290590 0.264356
vt 0.773751 0.918843
vt 0.773780 0.918416
vt 0.774043 0.918528
vt 0.352945 0.707064
vt 0.353505 0.706339
vt 0.353451 0.707164
vt 0.209107 0.800574
vt 0.208718 0.801028
vt 0.208422 0.799868
vt 0.209250 0.796661
vt 0.208152 0.797558
vt 0.207881 0.795249
vt 0.063854 0.647130
vt 0.065432 0.647094
vt 0.063965 0.647640
vt 0.358802 0.143012
vt 0.359303 0.143666
vt 0.358500 0.143932
vt 0.205373 0.799482
vt 0.205684 0.797043
vt 0.261816 0.628825
vt 0.260323 0.629245
vt 0.261023 0.628019
vt 0.254065 0.631367
vt 0.254982 0.631077
vt 0.254952 0.631805
vt 0.255149 0.636179
vt 0.255445 0.637226
vt 0.254222 0.637614
vt 0.263402 0.630438
vt 0.261909 0.630858
vt 0.262609 0.629632
vt 0.339183 0.875801
vt 0.338220 0.878238
vt 0.338152 0.876612
vt 0.289271 0.144268
vt 0.054609 0.653794
vt 0.056751 0.653789
vt 0.057236 0.655312
vt 0.055923 0.654553
vt 0.210444 0.800431
vt 0.209521 0.798971
vt 0.210619 0.798074
vt 0.258796 0.446168
vt 0.260429 0.447960
vt 0.258227 0.447029
vt 0.053342 0.652131
vt 0.055480 0.652543
vt 0.054292 0.653378
vt 0.342443 0.324961
vt 0.342889 0.324723
vt 0.343378 0.324919
vt 0.309140 0.640487
vt 0.310403 0.639739
vt 0.309933 0.640844
vt 0.053309 0.641755
vt 0.054249 0.641889
vt 0.054162 0.642248
vt 0.342844 0.205776
vt 0.343922 0.206581
vt 0.343317 0.205792
vt 0.199567 0.504573
vt 0.198676 0.505255
vt 0.200059 0.505365
vt 0.196800 0.504354
vt 0.195463 0.505378
vt 0.197784 0.505937
vt 0.274541 0.796834
vt 0.275312 0.796676
vt 0.275076 0.798226
vt 0.317689 0.543094
vt 0.317080 0.542558
vt 0.317721 0.541747
vt 0.340042 0.471776
vt 0.339558 0.472453
vt 0.340142 0.473086
vt 0.272358 0.801357
vt 0.271823 0.799966
vt 0.272947 0.799950
vt 0.274016 0.802732
vt 0.274605 0.801325
vt 0.275139 0.802716
vt 0.325280 0.443879
vt 0.324105 0.440077
vt 0.323518 0.444360
vt 0.301331 0.038114
vt 0.302659 0.038475
vt 0.241901 0.349276
vt 0.241215 0.350576
vt 0.242235 0.352928
vt 0.054832 0.656160
vt 0.056146 0.656920
vt 0.055056 0.658527
vt 0.240614 0.361878
vt 0.242841 0.363206
vt 0.243502 0.359810
vt 0.245928 0.358098
vt 0.247693 0.359782
vt 0.248022 0.357141
vt 0.244744 0.359368
vt 0.245325 0.362321
vt 0.246509 0.361052
vt 0.312626 0.598244
vt 0.314306 0.597607
vt 0.313166 0.595286
vt 0.244824 0.353523
vt 0.243032 0.352845
vt 0.304186 0.262078
vt 0.303867 0.260654
vt 0.305210 0.260956
vt 0.054137 0.215525
vt 0.055524 0.217605
vt 0.057119 0.218164
vt 0.055732 0.216084
vt 0.052174 0.216250
vt 0.249987 0.512558
vt 0.247506 0.513244
vt 0.247718 0.514152
vt 0.248955 0.513746
vt 0.339390 0.562586
vt 0.339398 0.562941
vt 0.339939 0.562683
vt 0.247938 0.905555
vt 0.107097 0.003825
vt 0.107114 0.006356
vt 0.110982 0.004016
vt 0.110999 0.006546
vt 0.063085 0.067111
vt 0.058612 0.065996
vt 0.061991 0.068141
vt 0.256568 0.446211
vt 0.256183 0.444875
vt 0.258337 0.445550
vt 0.378558 0.958176
vt 0.379304 0.956800
vt 0.378563 0.957335
vt 0.253097 0.957397
vt 0.385457 0.956164
vt 0.387523 0.956183
vt 0.387045 0.955344
vt 0.254414 0.445535
vt 0.254799 0.446871
vt 0.254172 0.446373
vt 0.387691 0.955747
vt 0.228566 0.014670
vt 0.229261 0.014594
vt 0.228938 0.014789
vt 0.336952 0.162897
vt 0.337384 0.163561
vt 0.336898 0.164823
vt 0.342967 0.352436
vt 0.343044 0.353051
vt 0.341948 0.352749
vt 0.344706 0.353822
vt 0.343130 0.355013
vt 0.344141 0.353352
vt 0.339221 0.161390
vt 0.337437 0.161635
vt 0.338399 0.165344
vt 0.337330 0.165487
vt 0.339168 0.163316
vt 0.345553 0.527480
vt 0.346597 0.526921
vt 0.345837 0.527682
vt 0.267793 0.537511
vt 0.268340 0.537206
vt 0.268645 0.537863
vt 0.280941 0.435126
vt 0.279932 0.434833
vt 0.279159 0.434115
vt 0.281714 0.435845
vt 0.282252 0.436989
vt 0.281479 0.436270
vt 0.267549 0.995367
vt 0.267902 0.996704
vt 0.278404 0.418474
vt 0.281252 0.419315
vt 0.311224 0.145216
vt 0.310549 0.143837
vt 0.312420 0.144170
vt 0.280167 0.859685
vt 0.279750 0.859176
vt 0.279416 0.859637
vt 0.263178 0.948783
vt 0.262536 0.946795
vt 0.261776 0.948574
vt 0.263938 0.947004
vt 0.356021 0.823156
vt 0.355655 0.822726
vt 0.355165 0.823630
vt 0.233827 0.502138
vt 0.234730 0.500706
vt 0.235999 0.502234
vt 0.236902 0.500803
vt 0.268290 0.797931
vt 0.266626 0.798101
vt 0.267772 0.796737
vt 0.282510 0.787562
vt 0.279550 0.788112
vt 0.282225 0.788750
vt 0.279835 0.786924
vt 0.331454 0.874638
vt 0.332005 0.874042
vt 0.332177 0.874630
vt 0.312453 0.397199
vt 0.312818 0.395319
vt 0.311412 0.395359
vt 0.183906 0.314660
vt 0.184761 0.312382
vt 0.181300 0.313659
vt 0.273232 0.820885
vt 0.272251 0.822219
vt 0.231764 0.397572
vt 0.231329 0.397855
vt 0.231234 0.397049
vt 0.230118 0.399512
vt 0.230213 0.400318
vt 0.229683 0.399795
vt 0.230023 0.398705
vt 0.229588 0.398989
vt 0.229494 0.398182
vt 0.129731 0.829239
vt 0.128935 0.828430
vt 0.129354 0.827652
vt 0.130025 0.827932
vt 0.130172 0.827279
vt 0.130718 0.827030
vt 0.130770 0.827886
vt 0.117031 0.404636
vt 0.115113 0.405417
vt 0.116489 0.405296
vt 0.124846 0.829502
vt 0.124814 0.828778
vt 0.125514 0.829504
vt 0.188384 0.058085
vt 0.188766 0.058745
vt 0.194940 0.067460
vt 0.290559 0.317790
vt 0.289059 0.315538
vt 0.290598 0.314966
vt 0.248532 0.788021
vt 0.249456 0.789501
vt 0.250045 0.785845
vt 0.243988 0.775718
vt 0.242705 0.776387
vt 0.243620 0.776677
vt 0.226589 0.391180
vt 0.225974 0.390810
vt 0.226621 0.389693
vt 0.241969 0.778305
vt 0.243069 0.779691
vt 0.244534 0.776967
vt 0.104300 0.613923
vt 0.103783 0.613582
vt 0.104365 0.613778
vt 0.109757 0.408094
vt 0.109370 0.409123
vt 0.110248 0.409471
vt 0.310832 0.287770
vt 0.310769 0.288429
vt 0.054847 0.483233
vt 0.056978 0.481252
vt 0.056391 0.482133
s 0
usemtl material_1001
f 34/1/1 512/2/1 466/3/1
f 521/4/2 545/5/2 445/6/2
f 667/7/3 660/8/3 166/9/3
f 62/10/4 421/11/4 753/12/4
f 249/13/5 177/14/5 188/15/5
f 216/16/6 183/17/6 203/18/6
f 776/19/7 709/20/7 204/21/7
f 793/22/8 256/23/8 740/24/8
f 318/25/9 269/26/9 247/27/9
f 291/28/10 137/29/10 290/30/10
f 739/31/11 354/32/11 16/33/11
f 82/34/12 822/35/12 833/36/12
f 305/37/13 840/38/13 277/39/13
f 243/40/14 57/41/14 26/42/14
f 147/43/15 125/44/15 879/45/15
f 921/46/16 881/47/16 347/48/16
f 91/49/17 875/50/17 648/51/17
f 435/52/18 960/53/18 77/54/18
f 68/55/19 109/56/19 976/57/19
f 980/58/20 112/59/20 451/60/20
f 426/61/21 358/62/21 747/63/21
f 398/64/22 167/65/22 87/66/22
f 87/67/23 959/68/23 468/69/23
f 580/70/24 105/71/24 359/72/24
f 404/73/25 399/74/25 443/75/25
f 1017/76/26 481/77/26 483/78/26
f 1018/79/27 7/80/27 21/81/27
f 1021/82/28 410/83/28 486/84/28
f 1037/85/29 1031/86/29 1034/87/29
f 552/88/30 382/89/30 1086/90/30
f 947/91/31 94/92/31 388/93/31
f 386/94/32 472/95/32 280/96/32
f 1141/97/33 499/98/33 543/99/33
f 1169/100/34 1629/101/34 1171/102/34 1170/103/34
f 1183/104/35 1119/105/35 20/106/35
f 1156/107/36 659/108/36 1153/109/36
f 862/110/37 61/111/37 295/112/37
f 794/113/38 855/114/38 1201/115/38
f 519/116/39 229/117/39 1271/118/39
f 197/119/40 678/120/40 176/121/40
f 556/122/41 1279/123/41 721/124/41
f 462/125/42 228/126/42 544/127/42
f 1000/128/43 1285/129/43 105/130/43
f 213/131/44 132/132/44 59/133/44
f 759/134/45 233/135/45 205/136/45
f 59/137/46 225/138/46 234/139/46
f 156/140/47 747/141/47 444/142/47
f 991/143/48 1303/144/48 824/145/48
f 747/63/49 763/146/49 426/147/49
f 771/148/50 1307/149/50 772/150/50
f 1309/151/51 755/152/51 230/153/51
f 772/154/52 154/155/52 755/156/52
f 177/157/53 709/158/53 761/159/53
f 37/160/54 761/161/54 709/162/54
f 736/163/55 249/164/55 188/165/55
f 1310/166/56 323/167/56 188/168/56
f 33/169/57 741/170/57 735/171/57
f 793/22/58 773/172/58 127/173/58
f 1311/174/59 127/175/59 773/176/59
f 245/177/60 204/178/60 709/179/60
f 255/180/61 700/181/61 1209/182/61
f 786/183/62 11/184/62 222/185/62
f 256/186/63 11/187/63 38/188/63
f 222/189/64 11/190/64 803/191/64
f 780/192/65 127/193/65 252/194/65
f 243/195/66 26/196/66 783/197/66
f 253/198/67 804/199/67 222/200/67
f 259/201/68 804/202/68 801/203/68
f 259/204/69 301/205/69 804/206/69
f 59/207/70 132/208/70 735/209/70
f 442/210/71 114/211/71 28/212/71
f 353/213/72 114/214/72 839/215/72
f 884/216/73 806/217/73 361/218/73
f 28/219/74 827/220/74 201/221/74
f 750/222/75 830/223/75 281/224/75
f 14/225/76 750/226/76 830/227/76
f 103/228/77 819/229/77 3/230/77
f 1327/231/78 86/232/78 744/233/78
f 734/234/79 284/235/79 821/236/79
f 16/237/80 1329/238/80 207/239/80
f 847/240/81 272/241/81 812/242/81
f 742/243/82 375/244/82 422/245/82
f 814/246/83 299/247/83 1299/248/83
f 805/249/84 227/250/84 814/251/84
f 114/252/85 281/253/85 1331/254/85
f 744/255/86 278/256/86 99/257/86
f 285/258/87 737/259/87 367/260/87
f 70/261/88 72/262/88 50/263/88
f 351/264/89 53/265/89 1332/266/89
f 1330/267/90 309/268/90 137/269/90
f 845/270/91 58/271/91 797/272/91
f 293/273/92 1334/274/92 316/275/92
f 50/276/93 1335/277/93 58/278/93
f 663/279/94 325/280/94 800/281/94
f 664/282/95 656/283/95 307/284/95
f 859/285/96 61/286/96 308/287/96
f 35/288/97 856/289/97 325/290/97
f 72/291/98 846/292/98 50/293/98
f 165/294/99 298/295/99 867/296/99
f 293/297/100 150/298/100 335/299/100
f 302/300/101 308/301/101 866/302/101
f 302/303/102 866/304/102 863/305/102
f 664/306/103 115/307/103 643/308/103
f 56/309/104 254/310/104 89/311/104
f 321/312/105 858/313/105 142/314/105
f 12/315/106 1341/316/106 22/317/106
f 843/318/107 332/319/107 1342/320/107
f 12/321/108 873/322/108 614/323/108
f 1342/324/109 321/325/109 268/326/109
f 1334/274/110 293/327/110 296/328/110
f 922/329/111 887/330/111 328/331/111
f 887/330/112 922/329/112 163/332/112
f 54/333/113 101/334/113 815/335/113
f 1170/336/114 1610/337/114 1612/338/114
f 924/339/115 815/340/115 101/341/115
f 808/342/116 339/343/116 150/344/116
f 1347/345/117 877/346/117 886/347/117
f 808/348/118 170/349/118 339/350/118
f 71/351/119 840/352/119 305/353/119
f 829/354/120 43/355/120 331/356/120
f 264/357/121 82/358/121 1349/359/121
f 139/360/122 1350/361/122 360/362/122
f 333/363/123 275/364/123 274/365/123
f 333/366/124 401/367/124 1356/368/124
f 107/369/125 348/370/125 1352/371/125
f 1351/372/126 273/373/126 379/374/126
f 900/375/127 832/376/127 139/377/127
f 633/378/128 1350/379/128 832/380/128
f 139/381/129 369/382/129 396/383/129
f 211/384/130 365/385/130 898/386/130
f 77/387/131 450/388/131 110/389/131
f 908/390/132 110/391/132 450/392/132
f 1127/393/133 905/394/133 1361/395/133
f 273/396/134 903/397/134 923/398/134
f 143/399/135 881/400/135 921/46/135
f 373/401/136 472/402/136 932/403/136
f 875/404/137 1193/405/137 117/406/137
f 588/407/138 93/408/138 632/409/138
f 117/410/139 931/411/139 55/412/139
f 472/413/140 386/414/140 1193/415/140
f 56/416/141 336/417/141 384/418/141
f 397/419/142 69/420/142 920/421/142
f 928/422/143 931/423/143 386/424/143
f 1373/425/144 567/426/144 97/427/144
f 300/428/145 1373/429/145 97/430/145
f 146/431/146 97/432/146 390/433/146
f 381/434/147 913/435/147 943/436/147
f 913/437/148 907/438/148 267/439/148
f 996/440/149 565/441/149 941/442/149
f 952/443/150 485/444/150 400/445/150
f 23/446/151 400/447/151 940/448/151
f 401/449/152 406/450/152 322/451/152
f 420/452/153 406/453/153 1354/454/153
f 1375/455/154 65/456/154 405/457/154
f 911/458/155 1378/459/155 167/460/155
f 149/461/156 435/462/156 436/463/156
f 1378/464/157 959/68/157 87/67/157
f 468/465/158 959/466/158 896/467/158
f 467/468/159 475/469/159 65/470/159
f 113/471/160 964/472/160 92/473/160
f 10/474/161 1/475/161 968/476/161
f 118/477/162 416/478/162 409/479/162
f 1383/480/163 118/481/163 956/482/163
f 118/483/164 1383/484/164 416/485/164
f 474/486/165 1375/487/165 405/488/165
f 463/489/166 1002/490/166 495/491/166
f 409/492/167 412/493/167 118/494/167
f 416/495/168 1381/496/168 409/497/168
f 972/498/169 971/499/169 1381/500/169
f 5/501/170 1384/502/170 969/503/170
f 404/504/171 468/505/171 451/506/171
f 1004/507/172 428/508/172 427/509/172
f 116/510/173 1385/511/173 715/512/173
f 5/513/174 969/514/174 415/515/174
f 463/516/175 527/517/175 977/518/175
f 116/519/176 236/520/176 973/521/176
f 1305/522/177 527/523/177 1385/524/177
f 443/525/178 918/526/178 18/527/178
f 918/528/179 399/529/179 18/530/179
f 918/531/180 985/532/180 715/533/180
f 109/534/181 902/535/181 976/536/181
f 451/537/182 112/538/182 404/539/182
f 379/540/183 898/541/183 9/542/183
f 360/543/184 1328/544/184 904/545/184
f 464/546/185 957/547/185 34/548/185
f 759/549/186 1303/144/186 991/550/186
f 985/551/187 918/552/187 998/553/187
f 960/554/188 77/555/188 149/556/188
f 959/557/189 1378/459/189 911/458/189
f 1010/558/190 1399/559/190 140/560/190
f 1010/558/191 974/561/191 1399/559/191
f 1405/562/192 1319/563/192 1404/564/192
f 359/565/193 34/566/193 957/567/193
f 463/568/194 1002/569/194 1412/570/194
f 1002/571/195 495/572/195 430/573/195
f 762/574/196 466/575/196 429/576/196
f 1413/577/197 445/578/197 495/579/197
f 445/580/198 762/581/198 429/582/198
f 487/583/199 414/584/199 394/585/199
f 113/586/200 84/587/200 520/588/200
f 84/589/201 407/590/201 487/591/201
f 430/592/202 428/593/202 1004/594/202
f 427/595/203 428/596/203 454/597/203
f 1136/598/204 975/599/204 517/600/204
f 76/601/205 981/602/205 129/603/205
f 215/604/206 123/605/206 465/606/206
f 1380/607/207 10/608/207 475/609/207
f 113/610/208 520/611/208 1380/612/208
f 113/613/209 1380/607/209 475/609/209
f 1017/76/210 483/614/210 944/615/210
f 368/616/211 1101/617/211 945/618/211
f 1012/619/212 518/620/212 1418/621/212
f 1003/622/213 104/623/213 7/624/213
f 19/625/214 482/626/214 104/627/214
f 7/628/215 104/629/215 482/630/215
f 449/631/216 129/632/216 981/633/216
f 944/634/217 218/635/217 36/636/217
f 130/637/218 1006/638/218 473/639/218
f 111/640/219 1005/641/219 64/642/219
f 1029/643/220 511/644/220 1033/645/220
f 1286/646/221 529/647/221 508/648/221
f 529/649/222 767/650/222 459/651/222
f 445/652/223 509/653/223 521/654/223
f 530/655/224 1425/656/224 880/657/224
f 1395/658/225 1411/659/225 530/660/225
f 1428/661/226 1038/662/226 1433/663/226
f 119/664/227 547/665/227 64/666/227
f 119/667/228 1020/668/228 550/669/228
f 526/670/229 104/671/229 995/672/229
f 1048/673/230 1426/674/230 499/675/230
f 191/676/231 1043/677/231 542/678/231
f 1059/679/232 605/680/232 1647/681/232 1435/682/232 1443/683/232
f 598/684/233 510/685/233 144/686/233
f 558/687/234 538/688/234 418/689/234
f 720/690/235 1440/691/235 1046/692/235
f 1076/693/236 619/694/236 536/695/236
f 490/696/237 1075/697/237 717/698/237
f 534/699/238 425/700/238 1444/701/238
f 555/702/239 516/703/239 1086/704/239
f 419/705/240 1082/706/240 1448/707/240
f 1019/708/241 121/709/241 119/710/241
f 552/711/242 1013/712/242 413/713/242
f 476/714/243 557/715/243 1091/716/243
f 1093/717/244 525/718/244 1042/719/244
f 553/720/245 1012/721/245 129/722/245
f 596/723/246 385/724/246 1370/725/246
f 949/726/247 943/727/247 641/728/247
f 569/729/248 1099/730/248 576/731/248
f 1105/732/249 576/733/249 1099/734/249
f 1104/735/250 515/736/250 1036/737/250
f 1096/738/251 515/739/251 1104/740/251
f 29/741/252 578/742/252 689/743/252
f 1066/744/253 1053/745/253 1143/746/253
f 603/747/254 689/748/254 29/749/254
f 634/750/255 871/751/255 609/752/255
f 581/753/256 29/754/256 630/755/256
f 24/756/257 98/757/257 366/758/257
f 164/759/258 78/760/258 609/761/258
f 1121/762/259 374/763/259 55/764/259
f 876/765/260 1102/766/260 1128/767/260
f 1129/768/261 1461/769/261 917/770/261
f 611/771/262 582/772/262 1125/773/262
f 927/774/263 650/775/263 575/776/263
f 1106/777/264 374/778/264 650/779/264
f 1453/780/265 946/781/265 561/782/265
f 1469/783/266 630/784/266 1467/785/266
f 1467/786/267 630/787/267 603/788/267
f 1235/789/268 577/790/268 597/791/268
f 1456/792/269 1180/793/269 871/794/269
f 1218/795/270 1133/796/270 1453/797/270
f 1044/798/271 1409/799/271 135/800/271
f 1035/801/272 1317/802/272 1044/803/272
f 1443/804/273 1096/805/273 1087/806/273
f 907/807/274 913/808/274 908/809/274
f 515/810/275 145/811/275 1036/812/275
f 80/813/276 583/814/276 1111/815/276
f 1477/816/277 1069/817/277 1085/818/277
f 1478/819/278 1452/820/278 1140/821/278
f 1476/822/279 1468/823/279 543/824/279
f 1479/825/280 574/826/280 1116/827/280
f 158/828/281 510/829/281 598/830/281
f 1116/831/282 1146/832/282 1145/833/282
f 1480/834/283 1145/835/283 1146/836/283
f 1145/837/284 1142/838/284 1143/839/284
f 66/840/285 1053/841/285 1066/842/285
f 158/843/286 1234/844/286 1066/845/286
f 610/846/287 551/847/287 680/848/287
f 613/849/288 615/850/288 699/851/288
f 680/852/289 319/853/289 610/854/289
f 685/855/290 686/856/290 1113/857/290
f 622/858/291 652/859/291 363/860/291
f 198/861/292 1154/862/292 608/863/292
f 1489/864/293 930/865/293 917/866/293
f 1490/867/294 983/868/294 442/869/294
f 1133/870/295 1218/871/295 1492/872/295
f 1462/873/296 1633/874/296 1635/875/296
f 1155/876/297 871/877/297 634/878/297
f 1176/879/298 560/880/298 371/881/298
f 1172/882/299 1103/883/299 646/884/299
f 371/885/300 1182/886/300 160/887/300
f 560/888/301 627/889/301 1182/890/301
f 1119/891/302 1500/892/302 587/893/302
f 1182/894/303 868/895/303 160/896/303
f 1368/897/304 589/898/304 371/899/304
f 1119/900/305 560/901/305 286/902/305
f 1120/903/306 698/904/306 1501/905/306
f 155/906/307 635/907/307 587/908/307
f 125/909/308 147/910/308 647/911/308
f 640/912/309 1497/913/309 631/914/309
f 1188/915/310 1120/916/310 933/917/310
f 584/918/311 637/919/311 125/920/311
f 635/921/312 637/922/312 1186/923/312
f 20/924/313 660/925/313 1497/926/313
f 1504/927/314 638/928/314 311/929/314
f 1195/930/315 260/931/315 865/932/315
f 638/933/316 1339/934/316 661/935/316
f 653/936/317 1152/937/317 1184/938/317
f 1184/939/318 1152/940/318 1220/941/318
f 661/942/319 1184/943/319 1506/944/319
f 1504/945/320 2/946/320 625/947/320
f 32/948/321 1195/949/321 1198/950/321
f 666/951/322 49/952/322 644/953/322
f 1181/954/323 334/955/323 44/956/323
f 181/957/324 32/958/324 626/959/324
f 344/960/325 1205/961/325 1201/962/325
f 1202/963/326 1513/964/326 528/965/326
f 1201/966/327 1194/967/327 794/968/327
f 855/969/328 794/970/328 180/971/328
f 854/972/329 570/973/329 1210/974/329
f 1209/975/330 792/976/330 244/977/330
f 677/978/331 244/979/331 1202/980/331
f 25/981/332 1209/982/332 700/983/332
f 244/984/333 255/180/333 1209/182/333
f 669/985/334 1208/986/334 528/987/334
f 677/988/335 1208/989/335 214/990/335
f 787/991/336 683/992/336 642/993/336
f 654/994/337 1215/995/337 1196/996/337
f 1217/997/338 1196/998/338 223/999/338
f 787/1000/339 223/1001/339 1213/1002/339
f 683/1003/340 787/1004/340 1213/1005/340
f 696/1006/341 1212/1007/341 1158/1008/341
f 1220/1009/342 1515/1010/342 682/1011/342
f 653/1012/343 701/1013/343 1152/1014/343
f 173/1015/344 1219/1016/344 616/1017/344
f 1219/1018/345 616/1019/345 1174/1020/345
f 173/1021/346 678/1022/346 1224/1023/346
f 1211/1024/347 678/1025/347 173/1026/347
f 41/1027/348 194/1028/348 217/1029/348
f 1225/1030/349 41/1031/349 238/1032/349
f 864/1033/350 579/1034/350 1519/1035/350
f 725/1036/351 1228/1037/351 694/1038/351
f 1073/1039/352 725/1040/352 694/1041/352
f 1072/1042/353 572/1043/353 136/1044/353
f 716/1045/354 1232/1046/354 533/1047/354
f 1167/1048/355 448/1049/355 607/1050/355
f 1157/1051/356 1241/1052/356 693/1053/356
f 1237/1054/357 1157/1055/357 577/1056/357
f 681/1057/358 1056/1058/358 533/1059/358
f 695/1060/359 577/1061/359 1157/1062/359
f 1259/1063/360 197/1064/360 212/1065/360
f 452/1066/361 765/1067/361 242/1068/361
f 1259/1069/362 765/1070/362 452/1071/362
f 1478/1072/363 1630/1073/363 1452/1074/363
f 1112/1075/364 98/1076/364 24/1077/364
f 1405/1078/365 1526/1079/365 1527/1080/365
f 824/1081/366 1389/1082/366 1250/1083/366
f 411/1084/367 1533/1085/367 1265/1086/367
f 700/1087/368 255/1088/368 708/1089/368
f 255/1090/369 677/1091/369 187/1092/369
f 790/1093/370 679/1094/370 133/1095/370
f 1207/1096/371 1264/1097/371 674/1098/371
f 674/1099/372 1264/1100/372 185/1101/372
f 1278/1102/373 1276/1103/373 1266/1104/373
f 1024/1105/374 229/1106/374 221/1107/374
f 15/1108/375 719/1109/375 580/1110/375
f 778/1111/376 1281/1112/376 221/1113/376
f 1536/1114/377 138/1115/377 1251/1116/377
f 1189/1117/378 730/1118/378 723/1119/378
f 226/1120/379 199/1121/379 312/1122/379
f 199/1123/380 770/1124/380 249/1125/380
f 754/1126/381 208/1127/381 226/1128/381
f 1273/1129/382 248/1130/382 768/1131/382
f 235/1132/383 1282/1133/383 731/1134/383
f 764/1135/384 235/1136/384 1282/1137/384
f 1530/1138/385 105/1139/385 1306/1140/385
f 1271/1141/386 1284/1142/386 1541/1143/386
f 424/1144/387 1286/1145/387 1386/1146/387
f 722/1147/388 193/1148/388 27/1149/388
f 760/1150/389 1546/1151/389 1024/1152/389
f 1057/1153/390 556/1154/390 237/1155/390
f 619/1156/391 1247/1157/391 1071/1158/391
f 461/1159/392 690/1160/392 728/1161/392
f 716/1162/393 1238/1163/393 1549/1164/393
f 730/1165/394 540/1166/394 713/1167/394
f 1149/1168/395 1532/1169/395 237/1170/395
f 540/1171/396 730/1172/396 1516/1173/396
f 1233/1174/397 1275/1175/397 1252/1176/397
f 1293/1177/398 1536/1178/398 1251/1179/398
f 1264/1180/399 182/1181/399 174/1182/399
f 1267/1183/400 1293/1184/400 1251/1185/400
f 1251/1186/401 1293/1187/401 1272/1188/401
f 688/1189/402 864/1190/402 579/1191/402
f 202/1192/403 59/1193/403 203/1194/403
f 203/1195/404 183/1196/404 202/1197/404
f 183/1198/405 1294/1199/405 202/1200/405
f 230/1201/406 224/1202/406 756/1203/406
f 230/1204/407 202/1205/407 1294/1206/407
f 756/1207/408 202/1208/408 230/1209/408
f 184/1210/409 1295/1211/409 216/1212/409
f 216/1213/410 1295/1214/410 183/1215/410
f 1295/1216/411 323/1217/411 183/1218/411
f 735/1219/412 33/1220/412 203/1221/412
f 203/1222/413 59/1223/413 735/1224/413
f 203/1225/414 741/1226/414 216/1227/414
f 741/1226/415 203/1225/415 735/1228/415
f 33/1229/416 735/1230/416 288/1231/416
f 288/1232/417 735/1233/417 775/1234/417
f 791/1235/418 711/1236/418 780/1237/418
f 132/1238/419 775/1239/419 735/1240/419
f 262/1241/420 227/1242/420 775/1243/420
f 262/1244/421 775/1245/421 132/1246/421
f 262/1247/422 241/1248/422 367/1249/422
f 132/1250/423 241/1251/423 262/1252/423
f 241/1253/424 132/1254/424 213/1255/424
f 367/1256/425 241/1257/425 207/1258/425
f 241/1259/426 51/1260/426 207/1261/426
f 241/1262/427 213/1263/427 51/1264/427
f 746/1265/428 16/1266/428 207/1267/428
f 16/1268/429 746/1269/429 14/1270/429
f 207/1271/430 51/1272/430 746/1273/430
f 285/1274/431 16/1275/431 354/1276/431
f 234/1277/432 51/1278/432 213/1279/432
f 234/1280/433 225/1281/433 733/1282/433
f 213/1283/434 59/1284/434 234/1285/434
f 224/1286/435 743/1287/435 756/1288/435
f 202/1289/436 756/1290/436 1551/1291/436
f 202/1292/437 225/1293/437 59/1294/437
f 14/1295/438 1298/1296/438 201/1297/438
f 14/1298/439 746/1299/439 51/1300/439
f 178/1301/440 747/1302/440 156/1303/440
f 178/1304/441 748/1305/441 421/1306/441
f 246/1307/442 979/1308/442 421/1309/442
f 421/1310/443 979/1311/443 178/1312/443
f 979/1313/444 246/1314/444 763/1315/444
f 763/1316/445 747/1317/445 979/1318/445
f 979/1319/446 747/1320/446 178/1321/446
f 178/1322/447 358/1323/447 747/1324/447
f 747/1325/448 358/1326/448 444/1327/448
f 233/1328/449 28/1329/449 751/1330/449
f 114/1331/450 750/1332/450 827/1333/450
f 827/1334/451 750/1335/451 201/1336/451
f 827/1337/452 28/1338/452 114/1339/452
f 748/1340/453 178/1341/453 1300/1342/453
f 1300/1343/454 156/1344/454 751/1345/454
f 751/1346/455 748/1340/455 1300/1342/455
f 156/1347/456 1300/1343/456 178/1348/456
f 751/1349/457 156/1350/457 233/1351/457
f 757/1352/458 209/1353/458 28/1354/458
f 751/1355/459 28/1356/459 209/1357/459
f 757/1358/460 28/1359/460 201/1360/460
f 201/1361/461 234/1362/461 733/1363/461
f 750/1364/462 14/1365/462 201/1366/462
f 1298/1367/463 14/1368/463 51/1369/463
f 757/1370/464 201/1371/464 209/1372/464
f 209/1373/465 225/1374/465 743/1375/465
f 733/1376/466 225/1377/466 209/1378/466
f 209/1379/467 421/1380/467 748/1381/467
f 751/1382/468 209/1383/468 748/1384/468
f 733/1385/469 209/1386/469 201/1387/469
f 201/1388/470 1298/1389/470 234/1390/470
f 51/1391/471 234/1392/471 1298/1393/471
f 1301/1394/472 748/1395/472 209/1396/472
f 748/1395/473 1301/1397/473 421/1398/473
f 154/1399/474 1309/151/474 230/153/474
f 755/1400/475 1309/1401/475 154/1402/475
f 323/1403/476 179/1404/476 183/1405/476
f 154/1406/477 230/1407/477 179/1408/477
f 1294/1409/478 179/1410/478 230/1411/478
f 183/1412/479 179/1413/479 1294/1414/479
f 1551/1291/480 225/1415/480 202/1416/480
f 33/1417/481 292/1418/481 774/1419/481
f 774/1420/482 292/1418/482 1320/1421/482
f 756/1422/483 743/1423/483 225/1424/483
f 756/1290/484 225/1425/484 1551/1291/484
f 231/1426/485 764/1427/485 224/1428/485
f 753/1429/486 743/1430/486 224/1431/486
f 743/1432/487 753/1433/487 1301/1434/487
f 753/1435/488 421/1436/488 1301/1437/488
f 231/1438/489 62/1439/489 753/1440/489
f 224/1441/490 231/1438/490 753/1442/490
f 292/1443/491 1323/1444/491 1320/1445/491
f 743/1446/492 1301/1447/492 209/1448/492
f 28/1449/493 233/1450/493 759/1451/493
f 28/1452/494 759/1453/494 1552/1454/494
f 358/1455/495 17/1456/495 426/1457/495
f 426/147/496 763/1458/496 17/1459/496
f 17/1460/497 763/1461/497 246/1462/497
f 246/1463/498 421/1464/498 62/1465/498
f 246/1466/499 15/1467/499 17/1468/499
f 719/1469/500 15/1470/500 219/1471/500
f 359/1472/501 1304/1473/501 580/1474/501
f 580/1475/502 1304/1476/502 17/1477/502
f 15/1478/503 580/1479/503 17/1480/503
f 62/1481/504 219/1482/504 15/1483/504
f 228/1484/505 462/1485/505 27/1486/505
f 219/1487/506 1283/1488/506 719/1489/506
f 1304/1490/507 359/1491/507 17/1492/507
f 62/1493/508 15/1494/508 246/1495/508
f 219/1496/509 62/1497/509 231/1498/509
f 231/1499/510 1283/1500/510 219/1501/510
f 224/1502/511 1302/1503/511 743/1504/511
f 1302/1505/512 231/1506/512 753/1507/512
f 753/1508/513 743/1509/513 1302/1510/513
f 224/1511/514 764/1512/514 1302/1513/514
f 231/1426/515 755/1514/515 764/1427/515
f 764/1515/516 231/1516/516 1302/1517/516
f 1283/1518/517 764/1519/517 1553/1520/517
f 231/1521/518 1553/1522/518 1283/1523/518
f 231/1524/519 764/1525/519 1553/1526/519
f 764/1527/520 1555/1528/520 235/1529/520
f 224/1530/521 755/1531/521 231/1532/521
f 764/1533/522 755/1534/522 235/1535/522
f 224/1536/523 230/1537/523 755/1538/523
f 772/1539/524 235/1540/524 755/1541/524
f 235/1542/525 754/1543/525 1544/1544/525
f 772/1545/526 1307/1546/526 754/1547/526
f 1307/1548/527 208/1549/527 754/1550/527
f 772/1551/528 1307/1552/528 235/1553/528
f 154/1554/529 771/1555/529 772/1556/529
f 771/1557/530 154/1558/530 179/1559/530
f 1307/1560/531 771/1561/531 208/1562/531
f 188/1563/532 249/1564/532 770/1565/532
f 188/1566/533 770/1565/533 208/1567/533
f 1276/1568/534 312/1569/534 199/1570/534
f 249/1571/535 177/1572/535 199/1573/535
f 37/1574/536 1311/1575/536 240/1576/536
f 1308/1577/537 519/1578/537 764/1579/537
f 761/1580/538 240/1581/538 1270/1582/538
f 761/1583/539 37/1584/539 240/1585/539
f 177/1586/540 249/1587/540 736/1588/540
f 184/1589/541 736/1590/541 188/1591/541
f 709/1592/542 177/1593/542 736/1594/542
f 184/1595/543 709/1596/543 736/1597/543
f 37/1598/544 709/1599/544 776/1600/544
f 184/1601/545 777/1602/545 709/1603/545
f 1310/1604/546 188/1605/546 208/1606/546
f 1310/1607/547 208/1608/547 771/1609/547
f 179/1610/548 323/1611/548 771/1612/548
f 323/1613/549 1310/1614/549 771/1615/549
f 188/1616/550 323/1617/550 184/1618/550
f 216/1619/551 777/1620/551 184/1621/551
f 323/1622/552 1295/1623/552 184/1624/552
f 245/1625/553 777/1626/553 774/1627/553
f 741/1628/554 33/1629/554 774/1630/554
f 774/1631/555 777/1632/555 741/1633/555
f 777/1632/556 216/1634/556 741/1633/556
f 245/1635/557 709/1636/557 777/1637/557
f 807/1638/558 318/1639/558 245/1640/558
f 807/1641/559 758/1642/559 318/1643/559
f 1296/1644/560 204/1645/560 245/1646/560
f 245/1647/561 318/1648/561 1296/1649/561
f 1296/1650/562 247/1651/562 204/1652/562
f 204/1653/563 247/1654/563 252/1655/563
f 780/1656/564 252/1657/564 247/1658/564
f 780/1659/565 711/1660/565 127/1661/565
f 776/1662/566 204/1663/566 252/1664/566
f 776/1665/567 252/1666/567 37/1667/567
f 256/1668/568 793/22/568 127/1669/568
f 127/1670/569 1311/1671/569 252/1672/569
f 793/22/570 740/24/570 773/172/570
f 773/1673/571 240/1674/571 1311/1675/571
f 37/1676/572 252/1677/572 1311/1678/572
f 177/1679/573 761/1680/573 330/1681/573
f 774/1682/574 807/1683/574 245/1684/574
f 1552/1685/575 345/1686/575 28/1687/575
f 25/1688/576 786/1689/576 195/1690/576
f 222/1691/577 195/1692/577 786/1693/577
f 798/1694/578 1209/1695/578 195/1696/578
f 195/1697/579 786/1698/579 1297/1699/579
f 1297/1700/580 786/1701/580 222/1702/580
f 222/1703/581 789/1704/581 1297/1705/581
f 11/1706/582 786/1707/582 38/1708/582
f 786/1709/583 25/1710/583 38/1711/583
f 784/1712/584 38/1713/584 25/1714/584
f 38/1715/585 1314/1716/585 740/1717/585
f 256/1718/586 38/1719/586 740/1720/586
f 711/1721/587 253/1722/587 803/1723/587
f 804/1724/588 329/1725/588 222/1726/588
f 253/1727/589 222/1728/589 803/1729/589
f 329/1730/590 789/1731/590 222/1732/590
f 11/1733/591 256/1734/591 1260/1735/591
f 1260/1736/592 256/1737/592 127/1738/592
f 1260/1735/593 711/1739/593 11/1740/593
f 1260/1741/594 127/1742/594 711/1743/594
f 79/1744/595 304/1745/595 795/1746/595
f 711/1747/596 803/1748/596 11/1749/596
f 780/1750/597 247/1751/597 791/1752/597
f 247/1753/598 269/1754/598 791/1755/598
f 253/1756/599 791/1757/599 269/1758/599
f 791/1759/600 253/1760/600 711/1761/600
f 804/1762/601 301/1763/601 329/1764/601
f 287/1765/602 259/1766/602 795/1767/602
f 243/1768/603 329/1769/603 301/1770/603
f 243/1771/604 301/1772/604 57/1773/604
f 797/1774/605 261/1775/605 301/1776/605
f 57/1777/606 301/1778/606 261/1779/606
f 789/1780/607 329/1781/607 243/1782/607
f 789/1783/608 243/1784/608 783/1785/608
f 849/1786/609 802/1787/609 26/1788/609
f 802/1789/610 783/1790/610 175/1791/610
f 783/1792/611 802/1793/611 306/1794/611
f 175/1795/612 306/1796/612 802/1793/612
f 802/1797/613 663/1798/613 175/1799/613
f 175/1800/614 792/1801/614 798/1802/614
f 792/1803/615 175/1804/615 853/1805/615
f 798/1806/616 306/1807/616 175/1808/616
f 306/1809/617 798/1810/617 195/1811/617
f 1297/1812/618 306/1813/618 195/1814/618
f 789/1815/619 306/1816/619 1297/1817/619
f 789/1818/620 783/1819/620 306/1820/620
f 320/1821/621 797/1822/621 301/1823/621
f 287/1824/622 320/1825/622 301/1826/622
f 287/1827/623 314/1828/623 320/1829/623
f 314/1830/624 287/1831/624 304/1832/624
f 287/1833/625 301/1834/625 259/1835/625
f 259/1836/626 801/1837/626 795/1838/626
f 818/1839/627 801/1840/627 1556/1841/627
f 804/1842/628 1557/1843/628 801/1844/628
f 816/1845/629 269/1846/629 318/1847/629
f 269/1848/630 816/1849/630 801/1850/630
f 269/1851/631 1557/1852/631 253/1853/631
f 253/1854/632 1557/1855/632 804/1856/632
f 801/1857/633 1557/1858/633 269/1859/633
f 775/1860/634 805/1861/634 288/1862/634
f 247/1863/635 1296/1864/635 318/1865/635
f 759/1866/636 345/1686/636 1552/1685/636
f 759/1867/637 1303/1868/637 345/1869/637
f 1316/1870/638 478/1871/638 236/1872/638
f 205/1873/639 824/1874/639 759/1875/639
f 824/1874/640 1303/144/640 759/1875/640
f 442/1876/641 839/1877/641 114/1878/641
f 839/1879/642 788/1880/642 831/1881/642
f 788/1882/643 839/1883/643 983/1884/643
f 839/1885/644 442/1886/644 983/1887/644
f 345/1888/645 442/1889/645 28/1890/645
f 1388/1891/646 1250/1892/646 1389/1893/646
f 294/1894/647 817/1895/647 288/1896/647
f 817/1897/648 318/1898/648 758/1899/648
f 318/1898/649 817/1897/649 294/1900/649
f 1363/1901/650 916/1902/650 1634/1903/650
f 983/868/651 1490/1904/651 1388/1905/651
f 991/1906/652 1554/1907/652 1303/1908/652
f 1169/1909/653 885/1910/653 1648/1911/653 442/1912/653 1322/1913/653
f 442/1912/654 1648/1911/654 1490/1914/654
f 1321/1915/655 1624/1916/655 1169/1917/655
f 1613/1918/656 1170/1919/656 884/1920/656
f 884/1921/657 1170/1922/657 885/1923/657
f 806/1924/658 283/1925/658 361/1926/658
f 884/1927/659 1169/1928/659 1613/1929/659
f 1321/1915/660 1322/1930/660 1624/1931/660
f 227/1932/661 90/1933/661 805/1934/661
f 817/1935/662 292/1936/662 288/1937/662
f 345/1938/663 1554/1939/663 1321/1940/663
f 318/1941/664 294/1942/664 816/1943/664
f 137/1944/665 309/1945/665 841/1946/665
f 841/1947/666 289/1948/666 137/1949/666
f 54/1950/667 815/1951/667 922/1952/667
f 54/1953/668 884/1954/668 361/1955/668
f 288/1956/669 805/1957/669 294/1958/669
f 291/1959/670 272/1960/670 137/1961/670
f 291/1962/671 738/1963/671 375/1964/671
f 738/1965/672 291/1966/672 838/1967/672
f 738/1968/673 892/1969/673 422/1970/673
f 353/1971/674 114/1972/674 281/1973/674
f 220/1974/675 353/1975/675 831/1976/675
f 831/1977/676 353/1978/676 839/1979/676
f 750/1980/677 114/1981/677 353/1982/677
f 294/1983/678 805/1957/678 90/1984/678
f 227/1985/679 805/1986/679 775/1987/679
f 814/1988/680 738/1989/680 805/1990/680
f 742/1991/681 823/1992/681 189/1993/681
f 796/1994/682 801/1995/682 816/1996/682
f 90/1997/683 796/1998/683 816/1999/683
f 816/2000/684 294/2001/684 90/2002/684
f 1556/1841/685 796/2003/685 818/1839/685
f 795/2004/686 801/2005/686 818/2006/686
f 796/1994/687 1556/2007/687 801/1995/687
f 795/2008/688 818/2009/688 79/2010/688
f 79/2011/689 796/2012/689 818/2013/689
f 287/2014/690 795/2015/690 304/2016/690
f 809/2017/691 314/2018/691 304/2019/691
f 271/2020/692 63/2021/692 3/2022/692
f 331/2023/693 3/2024/693 819/2025/693
f 277/2026/694 812/2027/694 271/2028/694
f 825/2029/695 271/2030/695 812/2031/695
f 825/2032/696 189/2033/696 271/2034/696
f 742/2035/697 825/2036/697 812/2037/697
f 742/2038/698 812/2039/698 422/2040/698
f 742/2041/699 189/2042/699 825/2043/699
f 189/2044/700 63/2045/700 271/2046/700
f 189/2047/701 75/2048/701 63/2049/701
f 739/2050/702 742/2051/702 354/2052/702
f 16/2053/703 830/2054/703 739/2055/703
f 830/2056/704 281/2057/704 739/2058/704
f 1325/2059/705 739/2060/705 281/2061/705
f 16/2062/706 14/2063/706 830/2064/706
f 823/2065/707 739/2066/707 1325/2067/707
f 742/2068/708 739/2069/708 823/2070/708
f 281/2071/709 823/2072/709 1325/2073/709
f 189/2074/710 823/2075/710 75/2076/710
f 281/2077/711 353/2078/711 734/2079/711
f 750/2080/712 353/2081/712 281/2082/712
f 220/2083/713 734/2084/713 353/2085/713
f 284/2086/714 734/2087/714 220/2088/714
f 75/2089/715 823/2090/715 1325/2091/715
f 103/2092/716 819/2093/716 63/2094/716
f 891/2095/717 837/2096/717 101/2097/717
f 3/2098/718 63/2099/718 103/2100/718
f 1325/2101/719 281/2102/719 1326/2103/719
f 1326/2104/720 75/2105/720 1325/2106/720
f 75/2107/721 265/2108/721 63/2109/721
f 265/2110/722 103/2111/722 63/2112/722
f 82/2113/723 264/2114/723 822/2115/723
f 264/2116/724 99/2117/724 822/2118/724
f 822/2119/725 99/2120/725 278/2121/725
f 834/2122/726 86/2123/726 342/2124/726
f 278/2125/727 833/2126/727 822/2127/727
f 86/2128/728 833/2129/728 278/2130/728
f 263/2131/729 828/2132/729 284/2133/729
f 284/2134/730 828/2135/730 821/2136/730
f 744/2137/731 86/2138/731 278/2139/731
f 828/2140/732 1327/2141/732 821/2142/732
f 1327/2141/733 744/2143/733 821/2142/733
f 828/2144/734 86/232/734 1327/231/734
f 281/2145/735 734/2146/735 821/2147/735
f 821/2148/736 1326/2149/736 281/2150/736
f 265/2151/737 75/2152/737 1326/2153/737
f 821/2154/738 744/2155/738 1326/2156/738
f 744/2157/739 265/2158/739 1326/2159/739
f 99/2160/740 265/2161/740 744/2162/740
f 99/2163/741 103/2164/741 265/2165/741
f 3/2166/742 277/2167/742 271/2168/742
f 847/2169/743 812/242/743 277/2170/743
f 99/2171/744 264/2172/744 103/2173/744
f 277/2174/745 840/2175/745 847/2176/745
f 847/2177/746 840/2178/746 272/2179/746
f 272/2180/747 422/2181/747 812/2182/747
f 272/2183/748 840/2184/748 1330/2185/748
f 137/2186/749 272/2187/749 1330/2188/749
f 840/2189/750 71/2190/750 1330/2191/750
f 422/2192/751 272/2193/751 291/2194/751
f 375/2195/752 422/2196/752 291/2197/752
f 375/2198/753 738/2199/753 422/2200/753
f 290/2201/754 838/2202/754 291/2203/754
f 290/2204/755 299/2205/755 838/2206/755
f 354/2207/756 742/2208/756 422/2209/756
f 892/2210/757 354/2211/757 422/2212/757
f 285/2213/758 354/2214/758 892/2215/758
f 299/2216/759 814/2217/759 838/2218/759
f 738/2219/760 838/2220/760 814/2221/760
f 892/2222/761 738/2223/761 737/2224/761
f 814/2225/762 737/2226/762 738/2227/762
f 737/2228/763 814/2229/763 227/2230/763
f 814/2231/764 90/2232/764 227/2233/764
f 1329/2234/765 367/2235/765 207/2236/765
f 16/237/766 285/2237/766 1329/238/766
f 737/2238/767 285/2239/767 892/2240/767
f 737/2241/768 227/2242/768 367/2243/768
f 367/2244/769 1329/2245/769 285/2246/769
f 262/2247/770 367/2248/770 227/2249/770
f 315/2250/771 90/2251/771 814/2252/771
f 299/2253/772 315/2254/772 1299/2255/772
f 315/2256/773 814/2257/773 1299/2258/773
f 299/2259/774 279/2260/774 315/2261/774
f 315/2262/775 279/2263/775 79/2264/775
f 90/2265/776 315/2266/776 796/2267/776
f 315/2268/777 818/2269/777 796/2270/777
f 818/2269/778 315/2271/778 79/2272/778
f 441/2273/779 314/2274/779 809/2275/779
f 441/2276/780 290/2277/780 289/2278/780
f 289/2279/781 290/2280/781 137/2281/781
f 290/2282/782 441/2283/782 844/2284/782
f 304/2285/783 79/2286/783 809/2287/783
f 279/2288/784 809/2289/784 79/2290/784
f 844/2291/785 441/2292/785 809/2293/785
f 809/2294/786 279/2295/786 844/2296/786
f 299/2297/787 844/2298/787 279/2299/787
f 299/2300/788 290/2301/788 844/2302/788
f 309/2303/789 1330/2304/789 71/2305/789
f 351/2306/790 1332/2307/790 72/2308/790
f 53/2309/791 297/2310/791 1332/2311/791
f 50/2312/792 846/2313/792 298/2314/792
f 846/2315/793 297/2316/793 298/2317/793
f 53/2318/794 296/2319/794 297/2320/794
f 846/2321/795 72/2322/795 297/2323/795
f 1332/2324/796 846/2325/796 72/2326/796
f 1332/2311/797 297/2310/797 846/2327/797
f 1334/2328/798 53/2329/798 316/2330/798
f 316/2331/799 150/2332/799 293/2333/799
f 53/2334/800 1334/2335/800 296/2336/800
f 355/2337/801 257/2338/801 316/2339/801
f 53/2340/802 355/2341/802 316/2342/802
f 309/2343/803 71/2344/803 257/2345/803
f 351/2346/804 309/2347/804 355/2348/804
f 351/2349/805 355/2350/805 53/2351/805
f 351/2352/806 289/2353/806 309/2354/806
f 257/2355/807 355/2356/807 309/2357/807
f 850/2358/808 289/2359/808 351/2360/808
f 289/2361/809 850/2362/809 441/2363/809
f 850/2364/810 314/2365/810 441/2366/810
f 70/2367/811 850/2368/811 72/2369/811
f 72/2370/812 850/2371/812 351/2372/812
f 320/2373/813 850/2374/813 70/2375/813
f 850/2376/814 320/2377/814 314/2378/814
f 309/2379/815 289/2380/815 841/2381/815
f 170/2382/816 808/2383/816 257/2384/816
f 808/2385/817 150/2386/817 316/2387/817
f 257/2388/818 808/2389/818 316/2387/818
f 257/2390/819 150/2391/819 316/2392/819
f 843/2393/820 335/2394/820 150/2395/820
f 50/2396/821 298/2397/821 1333/2398/821
f 852/2399/822 50/2400/822 1333/2401/822
f 1559/2402/823 266/2403/823 58/2404/823
f 1335/277/824 50/2405/824 852/2406/824
f 1335/277/825 852/2406/825 58/2407/825
f 58/2404/826 266/2408/826 261/2409/826
f 320/2410/827 70/2411/827 58/2412/827
f 70/2413/828 50/2414/828 1335/2415/828
f 70/2413/829 1335/2415/829 58/2416/829
f 58/2417/830 261/2418/830 797/2419/830
f 266/2420/831 57/2421/831 261/2422/831
f 26/2423/832 802/2424/832 783/2425/832
f 266/2426/833 849/2427/833 26/2428/833
f 325/2429/834 849/2430/834 266/2431/834
f 325/2432/835 266/2433/835 842/2434/835
f 57/2435/836 266/2436/836 26/2437/836
f 845/2438/837 320/2439/837 58/2440/837
f 797/2441/838 320/2442/838 261/2443/838
f 320/2444/839 845/2445/839 797/2446/839
f 58/2447/840 842/2448/840 1559/2402/840
f 842/2448/841 266/2449/841 1559/2402/841
f 663/2450/842 849/2451/842 325/2452/842
f 276/2453/843 842/2454/843 58/2455/843
f 276/2456/844 1336/2457/844 307/2458/844
f 800/2459/845 570/2460/845 1206/2461/845
f 1206/2462/846 570/2463/846 854/2464/846
f 853/2465/847 175/2466/847 663/2467/847
f 663/2468/848 802/2469/848 849/2470/848
f 1206/2471/849 663/2472/849 800/2473/849
f 853/2474/850 663/2472/850 1206/2471/850
f 1206/2475/851 854/2476/851 853/2477/851
f 30/2478/852 570/2479/852 856/2480/852
f 800/2481/853 856/2482/853 570/2483/853
f 800/2484/854 325/2485/854 856/2486/854
f 35/2487/855 276/2488/855 307/2489/855
f 856/2490/856 35/2491/856 30/2492/856
f 276/2493/857 673/2494/857 1336/2457/857
f 307/2495/858 673/2496/858 664/2497/858
f 307/2498/859 1336/2499/859 673/2500/859
f 859/2501/860 172/2502/860 61/2503/860
f 752/2504/861 664/2505/861 673/2506/861
f 752/2507/862 308/2508/862 673/2509/862
f 276/2510/863 270/2511/863 673/2512/863
f 270/2513/864 752/2514/864 673/2515/864
f 276/2516/865 852/2517/865 270/2518/865
f 276/2519/866 58/2520/866 852/2521/866
f 270/2522/867 852/2523/867 1333/2524/867
f 276/2525/868 35/2526/868 842/2527/868
f 325/290/869 1560/2528/869 35/288/869
f 842/2529/870 1560/2530/870 325/2531/870
f 842/2529/871 35/2532/871 1560/2530/871
f 270/2533/872 1333/2534/872 782/2535/872
f 165/2536/873 782/2537/873 1333/2538/873
f 165/2539/874 1333/2540/874 298/2541/874
f 165/2542/875 867/2543/875 848/2544/875
f 848/2545/876 296/2546/876 165/2547/876
f 296/2548/877 867/2549/877 297/2550/877
f 867/2551/878 296/2552/878 848/2553/878
f 297/2554/879 867/2555/879 298/2556/879
f 296/2557/880 293/2558/880 836/2559/880
f 1337/2560/881 335/2561/881 302/2562/881
f 302/2563/882 1337/2564/882 268/2565/882
f 170/2566/883 332/2567/883 339/2568/883
f 1337/2564/884 335/2569/884 268/2570/884
f 115/2571/885 308/2572/885 61/2573/885
f 115/2574/886 752/2575/886 308/2576/886
f 752/2577/887 1561/2578/887 664/2579/887
f 1561/2580/888 115/2581/888 664/2582/888
f 752/2577/889 115/2583/889 1561/2578/889
f 752/2584/890 270/2585/890 782/2586/890
f 752/2587/891 866/2588/891 308/2589/891
f 782/2590/892 866/2591/892 752/2592/892
f 866/2593/893 200/2594/893 863/2595/893
f 782/2596/894 200/2597/894 866/2598/894
f 165/2599/895 200/2600/895 782/2601/895
f 863/2602/896 200/2603/896 836/2604/896
f 115/2605/897 61/2606/897 862/2607/897
f 295/2608/898 172/2609/898 326/2610/898
f 861/2611/899 326/2612/899 172/2613/899
f 861/2614/900 657/2615/900 326/2616/900
f 861/2617/901 172/2618/901 302/2619/901
f 268/2620/902 657/2621/902 861/2622/902
f 861/2623/903 302/2624/903 268/2625/903
f 863/2626/904 836/2627/904 335/2628/904
f 302/2629/905 863/2626/905 335/2630/905
f 836/2631/906 293/2632/906 335/2633/906
f 657/2634/907 321/2635/907 142/2636/907
f 200/2637/908 165/2638/908 836/2639/908
f 848/2640/909 296/2641/909 836/2642/909
f 836/2643/910 165/2644/910 848/2645/910
f 655/2646/911 346/2647/911 886/2648/911
f 310/2649/912 22/2650/912 1562/2651/912
f 142/2652/913 858/2653/913 22/2654/913
f 657/2655/914 268/2656/914 321/2657/914
f 142/2658/915 12/2659/915 657/2660/915
f 22/2661/916 1341/316/916 142/2662/916
f 1341/316/917 12/2663/917 142/2662/917
f 614/2664/918 334/2665/918 873/2666/918
f 657/2667/919 12/2668/919 703/2669/919
f 703/2670/920 326/2671/920 657/2672/920
f 614/2673/921 1341/2674/921 22/2675/921
f 873/2676/922 1341/2677/922 614/2678/922
f 1341/2677/923 873/2676/923 12/2679/923
f 282/2680/924 160/2681/924 337/2682/924
f 56/2683/925 282/2684/925 254/2685/925
f 254/2686/926 282/2687/926 83/2688/926
f 282/2689/927 337/2690/927 83/2691/927
f 341/2692/928 89/2693/928 878/2694/928
f 310/2695/929 878/2696/929 83/2697/929
f 83/2698/930 878/2699/930 254/2700/930
f 878/2701/931 310/2702/931 341/2703/931
f 254/2704/932 878/2705/932 89/2706/932
f 163/2707/933 372/2708/933 341/2709/933
f 341/2710/934 372/2711/934 89/2712/934
f 882/2713/935 163/2714/935 341/2715/935
f 317/2716/936 1344/2717/936 655/2718/936
f 341/2719/937 310/2720/937 882/2721/937
f 310/2722/938 317/2723/938 882/2724/938
f 22/2725/939 310/2726/939 83/2727/939
f 310/2728/940 1562/2729/940 858/2730/940
f 1562/2729/941 22/2731/941 858/2732/941
f 882/2733/942 1344/2734/942 655/2735/942
f 655/2736/943 934/2737/943 882/2738/943
f 317/2739/944 346/2740/944 655/2741/944
f 882/2742/945 317/2743/945 1344/2744/945
f 806/2745/946 655/2746/946 886/2747/946
f 858/2748/947 317/2749/947 310/2750/947
f 335/2751/948 843/2752/948 268/2753/948
f 843/2754/949 150/2755/949 339/2756/949
f 339/2568/950 332/2567/950 843/2757/950
f 332/2758/951 350/2759/951 1342/2760/951
f 886/347/952 346/2761/952 1347/345/952
f 346/2762/953 877/2763/953 1347/345/953
f 886/2764/954 877/2765/954 806/2766/954
f 321/2767/955 350/2768/955 858/2769/955
f 346/2770/956 317/2771/956 350/2772/956
f 163/2773/957 372/2774/957 303/2775/957
f 350/2776/958 317/2777/958 858/2778/958
f 815/2779/959 328/2780/959 922/2781/959
f 54/2782/960 361/2783/960 1346/2784/960
f 361/2783/961 819/2785/961 1346/2784/961
f 283/2786/962 331/2787/962 1346/2788/962
f 101/2789/963 54/2782/963 1346/2784/963
f 819/2790/964 1346/2791/964 331/2792/964
f 815/2793/965 1343/2794/965 328/2795/965
f 924/2796/966 1343/2794/966 815/2797/966
f 924/2798/967 106/2799/967 1343/2800/967
f 106/2801/968 328/2802/968 1343/2803/968
f 877/2804/969 810/2805/969 283/2806/969
f 877/2807/970 283/2808/970 806/2809/970
f 106/2810/971 46/2811/971 328/2812/971
f 106/2813/972 924/2814/972 893/2815/972
f 303/2816/973 372/2817/973 46/2818/973
f 372/2819/974 163/2820/974 1345/2821/974
f 46/2822/975 372/2823/975 1345/2824/975
f 1345/2825/976 328/2826/976 46/2827/976
f 1345/2828/977 163/2829/977 328/2830/977
f 163/2831/978 922/329/978 328/2832/978
f 810/2833/979 877/2834/979 346/2835/979
f 332/2836/980 346/2837/980 350/2838/980
f 170/2839/981 888/2840/981 810/2841/981
f 170/2842/982 808/2843/982 888/2844/982
f 888/2845/983 813/2846/983 810/2847/983
f 350/2848/984 321/2849/984 1342/2850/984
f 843/2851/985 1342/2852/985 268/2853/985
f 810/2854/986 332/2855/986 170/2856/986
f 810/2857/987 346/2858/987 332/2859/987
f 888/2860/988 257/2861/988 813/2862/988
f 257/2863/989 888/2864/989 808/2865/989
f 387/2866/990 71/2867/990 305/2868/990
f 387/2869/991 305/2870/991 43/2871/991
f 3/2872/992 43/2873/992 305/2874/992
f 3/2875/993 305/2876/993 277/2877/993
f 257/2878/994 71/2879/994 387/2880/994
f 387/2881/995 813/2882/995 257/2883/995
f 43/2884/996 829/2885/996 813/2886/996
f 43/2887/997 813/2888/997 387/2889/997
f 829/2890/998 283/2891/998 810/2892/998
f 813/2893/999 829/2894/999 810/2895/999
f 829/2896/1000 331/2897/1000 283/2898/1000
f 331/2899/1001 43/2900/1001 3/2901/1001
f 283/2902/1002 1346/2788/1002 361/2903/1002
f 891/2904/1003 101/2905/1003 819/2906/1003
f 264/2907/1004 837/2908/1004 891/2909/1004
f 891/2910/1005 819/2911/1005 264/2912/1005
f 264/2913/1006 819/2914/1006 103/2915/1006
f 1346/2784/1007 819/2916/1007 101/2917/1007
f 837/2918/1008 264/2919/1008 1349/359/1008
f 82/2920/1009 837/2921/1009 1348/2922/1009
f 1348/2922/1010 837/2918/1010 1349/359/1010
f 1349/359/1011 82/2923/1011 1348/2922/1011
f 834/2924/1012 1324/2925/1012 342/2926/1012
f 263/2927/1013 1324/2928/1013 86/2929/1013
f 1324/2930/1014 834/2924/1014 86/2931/1014
f 1324/2932/1015 263/2933/1015 342/2934/1015
f 1328/2935/1016 360/2936/1016 633/2937/1016
f 342/2938/1017 263/2939/1017 633/2940/1017
f 633/2941/1018 263/2942/1018 835/2943/1018
f 832/2944/1019 1350/361/1019 139/360/1019
f 834/2945/1020 833/2946/1020 86/2947/1020
f 834/2948/1021 342/2949/1021 82/2950/1021
f 834/2948/1022 82/2951/1022 833/2952/1022
f 832/2953/1023 342/2954/1023 633/2955/1023
f 82/2956/1024 342/2957/1024 832/2958/1024
f 275/2959/1025 1352/371/1025 348/2960/1025
f 333/2961/1026 1352/2962/1026 275/2963/1026
f 274/2964/1027 275/2965/1027 356/2966/1027
f 356/2967/1028 1353/2968/1028 274/2969/1028
f 275/2970/1029 438/2971/1029 356/2972/1029
f 438/2971/1030 275/2973/1030 348/2974/1030
f 352/2975/1031 438/2976/1031 9/2977/1031
f 438/2978/1032 352/2979/1032 958/2980/1032
f 958/2981/1033 356/2982/1033 438/2983/1033
f 141/2984/1034 958/2985/1034 352/2986/1034
f 958/2987/1035 1355/2988/1035 356/2989/1035
f 81/2990/1036 356/2991/1036 1355/2992/1036
f 958/2993/1037 141/2994/1037 1355/2995/1037
f 348/2996/1038 107/2997/1038 273/2998/1038
f 9/2999/1039 898/3000/1039 352/3001/1039
f 365/3002/1040 141/3003/1040 352/3004/1040
f 365/3005/1041 352/3006/1041 898/3007/1041
f 1356/368/1042 107/3008/1042 333/3009/1042
f 107/3010/1043 1356/3011/1043 401/3012/1043
f 401/3013/1044 929/3014/1044 107/3015/1044
f 333/3016/1045 107/3017/1045 1352/3018/1045
f 379/3019/1046 273/3020/1046 923/3021/1046
f 438/3022/1047 348/3023/1047 1351/3024/1047
f 1351/3024/1048 348/3023/1048 273/3025/1048
f 107/3026/1049 69/3027/1049 273/3028/1049
f 837/3029/1050 343/3030/1050 101/3031/1050
f 900/3032/1051 343/3033/1051 1348/3034/1051
f 82/3035/1052 832/3036/1052 1348/3037/1052
f 1348/3038/1053 832/3039/1053 900/3040/1053
f 343/3041/1054 837/3042/1054 1348/3043/1054
f 1351/3044/1055 379/3045/1055 9/3046/1055
f 1351/3047/1056 9/3048/1056 438/3049/1056
f 633/3050/1057 360/3051/1057 1350/3052/1057
f 396/3053/1058 343/3054/1058 900/3055/1058
f 900/3056/1059 139/3057/1059 396/3058/1059
f 820/3059/1060 343/3060/1060 903/3061/1060
f 396/3062/1061 903/3063/1061 343/3064/1061
f 360/3065/1062 811/3066/1062 901/3067/1062
f 369/3068/1063 139/3069/1063 901/3070/1063
f 901/3071/1064 811/3072/1064 369/3073/1064
f 901/3067/1065 139/3074/1065 360/3075/1065
f 1357/3076/1066 379/3077/1066 923/3078/1066
f 69/3079/1067 903/3080/1067 273/3081/1067
f 436/3082/1068 1359/3083/1068 896/3084/1068
f 365/3085/1069 211/3086/1069 108/3087/1069
f 211/3088/1070 898/3089/1070 926/3090/1070
f 1357/3091/1071 923/3092/1071 1358/3093/1071
f 923/3094/1072 903/3095/1072 69/3096/1072
f 1358/3093/1073 923/3097/1073 396/3098/1073
f 69/3099/1074 903/3100/1074 1563/3101/1074
f 923/3102/1075 1563/3101/1075 903/3103/1075
f 396/3104/1076 923/3105/1076 903/3106/1076
f 1357/3107/1077 898/3108/1077 379/3109/1077
f 898/3110/1078 1357/3111/1078 926/3112/1078
f 77/3113/1079 914/3114/1079 450/3115/1079
f 77/3116/1080 102/3117/1080 914/3118/1080
f 450/3119/1081 953/3120/1081 77/3121/1081
f 435/3122/1082 108/3123/1082 211/3124/1082
f 906/3125/1083 157/3126/1083 102/3127/1083
f 77/3128/1084 906/3129/1084 102/3130/1084
f 639/3131/1085 102/3132/1085 157/3133/1085
f 1137/3134/1086 639/3135/1086 157/3136/1086
f 524/3137/1087 639/3138/1087 1137/3139/1087
f 1127/3140/1088 639/3141/1088 919/3142/1088
f 1250/3143/1089 919/3144/1089 1403/3145/1089
f 885/3146/1090 1568/3147/1090 1490/3148/1090
f 1490/3149/1091 1568/3150/1091 1388/3151/1091
f 1361/3152/1092 1123/3153/1092 47/3154/1092
f 914/3155/1093 1362/3156/1093 926/3157/1093
f 1357/3158/1094 1362/3159/1094 914/3160/1094 926/3161/1094
f 1365/3162/1095 1358/3163/1095 905/3164/1095
f 1358/3165/1096 369/3166/1096 905/3167/1096
f 369/3168/1097 1358/3169/1097 396/3170/1097
f 1123/3171/1098 369/3172/1098 811/3173/1098
f 1569/3174/1099 905/3175/1099 1123/3176/1099
f 905/3177/1100 369/3178/1100 1123/3179/1100
f 1363/3180/1101 494/3181/1101 1567/3182/1101
f 1569/3183/1102 1568/3184/1102 885/3185/1102 1633/3186/1102
f 1363/3187/1103 1634/3188/1103 1633/3189/1103
f 1569/3190/1104 916/3191/1104 905/3192/1104
f 639/3193/1105 524/3194/1105 919/3195/1105
f 1127/3196/1106 102/3197/1106 639/3198/1106
f 1565/3199/1107 1365/3200/1107 1566/3201/1107
f 1357/3202/1108 1358/3203/1108 1362/3204/1108
f 450/3205/1109 1564/3206/1109 908/3207/1109
f 1566/3201/1110 1564/3208/1110 1565/3209/1110
f 930/3210/1111 1564/3211/1111 1566/3212/1111
f 1365/3213/1112 1565/3214/1112 1362/3215/1112
f 69/3216/1113 124/3217/1113 629/3218/1113
f 923/3219/1114 69/3220/1114 1563/3221/1114
f 925/3222/1115 124/3223/1115 69/3224/1115
f 69/3225/1116 629/3226/1116 920/3227/1116
f 629/3228/1117 397/3229/1117 920/3227/1117
f 347/3230/1118 143/3231/1118 921/46/1118
f 920/3232/1119 143/3233/1119 397/3234/1119
f 143/3235/1120 920/3236/1120 629/3237/1120
f 648/3238/1121 1364/3239/1121 67/3240/1121
f 920/3241/1122 881/3242/1122 143/3243/1122
f 629/3244/1123 881/3242/1123 920/3241/1123
f 629/3245/1124 1124/3246/1124 881/3247/1124
f 1124/3248/1125 629/3245/1125 124/3249/1125
f 124/3250/1126 373/3251/1126 1124/3252/1126
f 373/3253/1127 921/3254/1127 1124/3255/1127
f 280/3256/1128 472/3257/1128 373/3258/1128
f 357/3259/1129 373/3260/1129 124/3261/1129
f 124/3262/1130 925/3263/1130 929/3264/1130
f 890/3265/1131 69/3266/1131 397/3267/1131
f 69/3268/1132 890/3269/1132 903/3270/1132
f 820/3271/1133 903/3272/1133 890/3273/1133
f 925/3274/1134 107/3275/1134 929/3276/1134
f 107/3277/1135 925/3278/1135 69/3279/1135
f 340/3280/1136 820/3281/1136 890/3282/1136
f 820/3283/1137 340/3284/1137 893/3285/1137
f 820/3286/1138 893/3287/1138 343/3288/1138
f 924/3289/1139 343/3290/1139 893/3291/1139
f 924/3292/1140 837/3293/1140 343/3294/1140
f 924/3292/1141 101/3295/1141 837/3293/1141
f 106/3296/1142 893/3297/1142 340/3298/1142
f 372/3299/1143 303/3300/1143 662/3301/1143
f 336/3302/1144 662/3303/1144 349/3304/1144
f 349/3305/1145 143/3306/1145 347/3307/1145
f 932/3308/1146 921/3309/1146 373/3310/1146
f 472/3311/1147 91/3312/1147 932/3313/1147
f 91/3314/1148 347/3315/1148 921/3316/1148
f 932/3317/1149 91/3318/1149 921/3319/1149
f 91/3320/1150 472/3321/1150 1193/3322/1150
f 378/3323/1151 648/3324/1151 67/3325/1151
f 851/3326/1152 648/3327/1152 875/3328/1152
f 347/3329/1153 91/3330/1153 648/3331/1153
f 347/3332/1154 378/3333/1154 349/3334/1154
f 347/3335/1155 378/3336/1155 67/3337/1155
f 648/3324/1156 378/3323/1156 347/3338/1156
f 336/3339/1157 349/3340/1157 378/3341/1157
f 89/3342/1158 372/3343/1158 662/3344/1158
f 336/3345/1159 67/3346/1159 1570/3347/1159
f 327/3348/1160 851/3349/1160 875/3350/1160
f 56/3351/1161 384/3352/1161 93/3353/1161
f 632/3354/1162 384/3355/1162 1570/3356/1162
f 93/3357/1163 338/3358/1163 56/3359/1163
f 338/3360/1164 160/3361/1164 282/3362/1164
f 282/3363/1165 56/3364/1165 338/3365/1165
f 384/3366/1166 632/3367/1166 93/3368/1166
f 117/406/1167 1371/3369/1167 875/404/1167
f 875/3370/1168 1371/3371/1168 327/3372/1168
f 1371/3371/1169 117/3373/1169 327/3372/1169
f 117/3374/1170 386/3375/1170 931/3376/1170
f 1193/3377/1171 91/3378/1171 117/3379/1171
f 875/3380/1172 91/3381/1172 1193/3377/1172
f 336/3382/1173 1570/3356/1173 384/3383/1173
f 1570/3384/1174 67/3385/1174 632/3386/1174
f 386/3387/1175 117/3388/1175 1193/3389/1175
f 56/3390/1176 1340/3391/1176 336/3392/1176
f 336/3393/1177 378/3394/1177 67/3395/1177
f 1340/3396/1178 89/3397/1178 336/3398/1178
f 336/3399/1179 89/3342/1179 662/3344/1179
f 1340/3400/1180 56/3401/1180 89/3402/1180
f 936/3403/1181 935/3404/1181 340/3405/1181
f 935/3406/1182 936/3407/1182 397/3408/1182
f 340/3409/1183 397/3410/1183 936/3411/1183
f 397/3412/1184 340/3413/1184 890/3414/1184
f 106/3415/1185 889/3416/1185 46/3417/1185
f 340/3418/1186 889/3419/1186 106/3420/1186
f 303/3421/1187 935/3422/1187 662/3423/1187
f 303/3424/1188 46/3425/1188 889/3426/1188
f 935/3427/1189 303/3428/1189 889/3429/1189
f 349/3430/1190 935/3431/1190 895/3432/1190
f 662/3433/1191 935/3434/1191 349/3435/1191
f 935/3436/1192 889/3437/1192 340/3438/1192
f 397/3439/1193 895/3440/1193 935/3441/1193
f 895/3442/1194 397/3443/1194 143/3444/1194
f 895/3445/1195 143/3446/1195 349/3447/1195
f 322/3448/1196 357/3449/1196 929/3450/1196
f 124/3451/1197 929/3452/1197 357/3453/1197
f 401/3454/1198 322/3455/1198 929/3456/1198
f 931/3457/1199 928/3458/1199 385/3459/1199
f 280/3460/1200 928/3461/1200 386/3462/1200
f 146/3463/1201 928/3464/1201 280/3465/1201
f 1376/3466/1202 96/3467/1202 894/3468/1202
f 567/3469/1203 1373/3470/1203 894/3471/1203
f 1373/3472/1204 300/428/1204 894/3473/1204
f 567/3474/1205 894/3475/1205 485/3476/1205
f 939/3477/1206 937/3478/1206 300/3479/1206
f 97/3480/1207 939/3481/1207 300/3482/1207
f 939/3483/1208 97/3484/1208 912/3485/1208
f 939/3486/1209 357/3487/1209 937/3488/1209
f 357/3489/1210 939/3490/1210 912/3491/1210
f 948/3492/1211 108/3493/1211 435/3494/1211
f 357/3495/1212 912/3496/1212 373/3497/1212
f 912/3498/1213 280/3499/1213 373/3500/1213
f 280/3501/1214 912/3502/1214 146/3503/1214
f 1367/3504/1215 390/3505/1215 97/3506/1215
f 567/3507/1216 1367/3508/1216 97/3509/1216
f 146/3510/1217 912/3511/1217 97/3512/1217
f 913/3513/1218 390/3514/1218 1367/3515/1218
f 1367/3516/1219 908/3517/1219 913/3518/1219
f 928/3519/1220 146/3520/1220 385/3521/1220
f 381/3522/1221 390/3523/1221 913/3524/1221
f 943/3525/1222 913/3526/1222 267/3527/1222
f 381/3528/1223 385/3529/1223 1370/3530/1223
f 1370/3531/1224 385/3532/1224 146/3533/1224
f 146/3534/1225 381/3535/1225 1370/3536/1225
f 146/3537/1226 390/3538/1226 381/3539/1226
f 941/3540/1227 564/3541/1227 267/3542/1227
f 565/3543/1228 941/3544/1228 564/3545/1228
f 907/3546/1229 943/3547/1229 267/3527/1229
f 996/3548/1230 456/3549/1230 564/3550/1230
f 110/3551/1231 395/3552/1231 362/3553/1231
f 110/3554/1232 1367/3555/1232 567/3556/1232
f 110/3557/1233 908/3558/1233 1367/3559/1233
f 77/3560/1234 953/3561/1234 435/3562/1234
f 953/3120/1235 450/3119/1235 110/3563/1235
f 435/3564/1236 953/3565/1236 362/3566/1236
f 953/3567/1237 110/3568/1237 362/3569/1237
f 362/3570/1238 567/3571/1238 485/3572/1238
f 110/3573/1239 567/3574/1239 362/3575/1239
f 435/3494/1240 362/3576/1240 948/3492/1240
f 948/3577/1241 23/3578/1241 108/3579/1241
f 362/3580/1242 952/3581/1242 948/3582/1242
f 952/3583/1243 400/3584/1243 23/3585/1243
f 362/3586/1244 485/3587/1244 952/3588/1244
f 938/3589/1245 23/3590/1245 940/448/1245
f 894/3591/1246 400/3592/1246 485/3593/1246
f 96/3594/1247 400/3595/1247 894/3596/1247
f 1376/3597/1248 894/3598/1248 300/3599/1248
f 1376/3600/1249 937/3601/1249 406/3602/1249
f 96/3603/1250 1376/3600/1250 406/3604/1250
f 1376/3605/1251 300/3606/1251 937/3607/1251
f 322/3608/1252 937/3609/1252 357/3610/1252
f 937/3611/1253 322/3612/1253 406/3613/1253
f 405/3614/1254 398/3615/1254 950/3616/1254
f 948/3617/1255 952/3618/1255 23/3619/1255
f 96/3620/1256 406/3621/1256 1571/3622/1256
f 108/3623/1257 899/3624/1257 365/3625/1257
f 141/3626/1258 365/3627/1258 899/3628/1258
f 108/3629/1259 23/3630/1259 899/3631/1259
f 23/3632/1260 938/3633/1260 899/3634/1260
f 899/3635/1261 938/3636/1261 141/3637/1261
f 81/3638/1262 141/3639/1262 938/3640/1262
f 420/3641/1263 1353/3642/1263 81/3643/1263
f 1355/3644/1264 141/3645/1264 81/3646/1264
f 81/3647/1265 1353/3648/1265 356/3649/1265
f 333/3650/1266 274/3651/1266 1354/3652/1266
f 333/3653/1267 406/3654/1267 401/3655/1267
f 420/3656/1268 1354/3657/1268 274/3658/1268
f 1354/3659/1269 406/3660/1269 333/3661/1269
f 420/3662/1270 274/3663/1270 1353/3664/1270
f 1571/3622/1271 1354/3665/1271 96/3666/1271
f 96/3667/1272 1354/3668/1272 420/3669/1272
f 1354/3670/1273 1571/3622/1273 406/3671/1273
f 940/3672/1274 420/3673/1274 81/3674/1274
f 940/3675/1275 96/3676/1275 420/3677/1275
f 940/3678/1276 400/3679/1276 96/3680/1276
f 940/3681/1277 81/3682/1277 938/3683/1277
f 10/3684/1278 968/3685/1278 475/3686/1278
f 475/3687/1279 467/3688/1279 92/3689/1279
f 1375/3690/1280 467/3691/1280 65/3692/1280
f 1/3693/1281 398/3694/1281 950/3695/1281
f 950/3696/1282 405/3697/1282 65/3698/1282
f 1/3699/1283 950/3700/1283 65/3701/1283
f 950/3702/1284 95/3703/1284 405/3704/1284
f 896/3705/1285 468/3706/1285 436/3707/1285
f 950/3708/1286 398/3709/1286 95/3710/1286
f 87/3711/1287 95/3712/1287 398/3713/1287
f 436/3714/1288 896/467/1288 959/3715/1288
f 911/3716/1289 149/3717/1289 959/3718/1289
f 468/3719/1290 911/3720/1290 959/3721/1290
f 87/3722/1291 167/3723/1291 1378/3724/1291
f 436/3725/1292 959/3726/1292 149/3727/1292
f 469/3728/1293 1/3729/1293 999/3730/1293
f 1/3731/1294 469/3732/1294 398/3733/1294
f 65/3734/1295 475/3735/1295 1/3736/1295
f 964/3737/1296 210/3738/1296 113/3739/1296
f 92/3740/1297 964/3741/1297 475/3742/1297
f 964/3741/1298 113/3743/1298 475/3742/1298
f 92/3744/1299 210/3745/1299 964/3746/1299
f 467/3747/1300 965/3748/1300 92/3749/1300
f 475/3750/1301 968/3751/1301 1/3752/1301
f 467/3753/1302 1375/3754/1302 474/3755/1302
f 474/3756/1303 965/3757/1303 467/3747/1303
f 1377/3758/1304 95/3759/1304 969/3760/1304
f 92/3761/1305 965/3762/1305 416/3763/1305
f 405/3764/1306 745/3765/1306 474/3766/1306
f 1377/3767/1307 405/3768/1307 95/3769/1307
f 1377/3767/1308 745/3770/1308 405/3768/1308
f 745/3771/1309 1377/3772/1309 969/3773/1309
f 972/3774/1310 745/3775/1310 969/3776/1310
f 415/3777/1311 972/3774/1311 969/3776/1311
f 415/3778/1312 745/3779/1312 972/3780/1312
f 972/3781/1313 474/3782/1313 745/3783/1313
f 1381/3784/1314 474/3785/1314 972/3786/1314
f 474/3787/1315 1381/3788/1315 965/3789/1315
f 416/3790/1316 965/3791/1316 1381/3792/1316
f 1383/3793/1317 210/3794/1317 416/3795/1317
f 92/3796/1318 416/3797/1318 210/3798/1318
f 956/3799/1319 962/3800/1319 210/3801/1319
f 962/3802/1320 956/3803/1320 407/3804/1320
f 1383/3805/1321 956/3806/1321 210/3807/1321
f 458/3808/1322 412/3809/1322 409/3810/1322
f 446/3811/1323 412/3812/1323 458/3813/1323
f 956/3814/1324 118/3815/1324 407/3816/1324
f 956/3817/1325 412/3818/1325 407/3819/1325
f 446/3820/1326 414/3821/1326 412/3822/1326
f 412/3823/1327 956/3817/1327 118/3824/1327
f 458/3825/1328 415/3826/1328 1382/3827/1328
f 971/3828/1329 409/3829/1329 1381/3830/1329
f 971/3831/1330 458/3832/1330 409/3833/1330
f 415/3834/1331 458/3835/1331 971/3836/1331
f 971/3837/1332 972/3838/1332 415/3839/1332
f 95/3840/1333 5/3841/1333 969/3842/1333
f 95/3843/1334 431/3844/1334 5/3845/1334
f 431/3846/1335 95/3847/1335 87/3848/1335
f 87/3849/1336 404/3850/1336 443/3851/1336
f 87/3852/1337 443/3853/1337 431/3854/1337
f 454/3855/1338 428/3856/1338 403/3857/1338
f 428/596/1339 427/595/1339 403/3858/1339
f 18/3859/1340 715/3860/1340 454/3861/1340
f 5/3862/1341 454/3863/1341 403/3864/1341
f 443/3865/1342 454/3866/1342 431/3867/1342
f 431/3868/1343 454/3869/1343 5/3870/1343
f 779/3871/1344 403/3872/1344 470/3873/1344
f 454/3874/1345 715/3875/1345 427/3876/1345
f 403/3877/1346 428/3878/1346 470/3879/1346
f 446/3880/1347 458/3881/1347 470/3882/1347
f 779/3883/1348 470/3884/1348 458/3885/1348
f 1382/3886/1349 415/3887/1349 779/3888/1349
f 458/3889/1350 1382/3890/1350 779/3891/1350
f 415/3892/1351 1384/3893/1351 1382/3894/1351
f 1382/3894/1352 1384/3895/1352 779/3896/1352
f 1384/3897/1353 415/3898/1353 969/503/1353
f 403/3899/1354 1384/3900/1354 5/3901/1354
f 403/3902/1355 779/3903/1355 1384/3900/1355
f 1004/3904/1356 527/3905/1356 463/3906/1356
f 957/3907/1357 986/3908/1357 977/3909/1357
f 427/3910/1358 527/3911/1358 1004/3912/1358
f 957/3913/1359 464/3914/1359 986/3908/1359
f 986/3915/1360 527/3916/1360 1305/3917/1360
f 527/3918/1361 116/3919/1361 1305/3920/1361
f 1305/3921/1362 957/3922/1362 986/3923/1362
f 957/3924/1363 1305/3925/1363 116/3926/1363
f 527/3927/1364 986/3928/1364 977/3929/1364
f 116/3930/1365 715/3931/1365 1387/3932/1365
f 444/3933/1366 478/3934/1366 978/3935/1366
f 715/3936/1367 18/3937/1367 918/3938/1367
f 973/3939/1368 444/3940/1368 358/3941/1368
f 1305/522/1369 1385/3942/1369 116/3943/1369
f 918/526/1370 443/525/1370 399/3944/1370
f 399/3945/1371 749/3946/1371 918/3947/1371
f 715/3948/1372 1385/3949/1372 427/3950/1372
f 427/3951/1373 1385/3952/1373 527/3953/1373
f 978/3954/1374 233/3955/1374 156/3956/1374
f 68/3957/1375 976/3958/1375 220/3959/1375
f 68/3960/1376 220/3961/1376 831/3962/1376
f 109/3963/1377 835/3964/1377 902/3965/1377
f 976/3966/1378 902/3967/1378 220/3968/1378
f 220/3969/1379 902/3970/1379 284/3971/1379
f 828/3972/1380 263/3973/1380 86/3974/1380
f 902/3975/1381 835/3976/1381 263/3977/1381
f 263/3978/1382 284/3979/1382 902/3980/1382
f 897/3981/1383 109/3982/1383 68/3983/1383
f 1328/3984/1384 835/3985/1384 109/3986/1384
f 109/3987/1385 897/3988/1385 904/3989/1385
f 109/3990/1386 904/3991/1386 1328/3992/1386
f 835/3993/1387 1328/3994/1387 633/3995/1387
f 360/3996/1388 904/3997/1388 811/3998/1388
f 402/3999/1389 439/4000/1389 980/4001/1389
f 896/4002/1390 402/4003/1390 1572/4004/1390
f 1573/4005/1391 492/4006/1391 232/4007/1391
f 980/4008/1392 439/4009/1392 955/4010/1392
f 451/4011/1393 402/4012/1393 980/4013/1393
f 955/4014/1394 112/4015/1394 980/4016/1394
f 112/4017/1395 955/4018/1395 42/4019/1395
f 896/4020/1396 1572/4021/1396 451/4022/1396
f 451/4023/1397 1572/4024/1397 402/4025/1397
f 451/4026/1398 468/4027/1398 896/4028/1398
f 42/4029/1399 404/4030/1399 112/4031/1399
f 42/4032/1400 399/4033/1400 404/4034/1400
f 404/4035/1401 87/4036/1401 468/4037/1401
f 402/4038/1402 896/4039/1402 1359/4040/1402
f 435/4041/1403 1359/4042/1403 436/4043/1403
f 435/4044/1404 211/4045/1404 1359/4046/1404
f 47/4047/1405 439/4048/1405 926/4049/1405
f 402/4050/1406 211/4051/1406 926/4052/1406
f 402/4053/1407 926/4054/1407 439/4055/1407
f 211/4056/1408 402/4057/1408 1359/4058/1408
f 48/4059/1409 955/4060/1409 439/4061/1409
f 439/4062/1410 47/4063/1410 48/4064/1410
f 48/4065/1411 47/4066/1411 811/4067/1411
f 826/4068/1412 48/4069/1412 788/4070/1412
f 904/4071/1413 48/4072/1413 811/4073/1413
f 48/4074/1414 904/4075/1414 897/4076/1414
f 68/4077/1415 788/4078/1415 897/4079/1415
f 897/4080/1416 788/4081/1416 48/4082/1416
f 68/4083/1417 831/4084/1417 788/4085/1417
f 984/4086/1418 955/4087/1418 48/4088/1418
f 989/4089/1419 1390/4090/1419 826/4091/1419
f 989/4089/1420 749/4092/1420 1390/4090/1420
f 1390/4090/1421 749/4093/1421 826/4094/1421
f 749/4095/1422 984/4096/1422 826/4097/1422
f 984/4098/1423 48/4099/1423 826/4100/1423
f 42/4101/1424 984/4102/1424 749/4103/1424
f 984/4104/1425 42/4105/1425 955/4106/1425
f 399/4107/1426 42/4108/1426 749/4109/1426
f 156/4110/1427 444/4111/1427 978/3954/1427
f 426/4112/1428 957/4113/1428 116/4114/1428
f 973/4115/1429 358/4116/1429 426/4117/1429
f 973/4118/1430 426/4119/1430 116/4120/1430
f 426/4121/1431 17/4122/1431 359/4123/1431
f 973/4124/1432 236/4125/1432 478/4126/1432
f 236/4127/1433 116/4128/1433 1387/4129/1433
f 1387/4130/1434 985/4131/1434 236/4132/1434
f 985/4133/1435 1387/4134/1435 715/4135/1435
f 478/4136/1436 444/4137/1436 973/4138/1436
f 989/4139/1437 978/4140/1437 478/4141/1437
f 989/4142/1438 205/4143/1438 978/4144/1438
f 493/4145/1439 1409/4146/1439 157/4147/1439
f 989/4148/1440 826/4149/1440 1389/4150/1440
f 998/4151/1441 749/4152/1441 989/4153/1441
f 205/4154/1442 233/4155/1442 978/4156/1442
f 1569/4157/1443 1391/4158/1443 1568/4159/1443
f 1391/4160/1444 1250/4161/1444 1388/4162/1444
f 1568/4163/1445 1391/4164/1445 1388/4165/1445
f 1250/3143/1446 1391/4166/1446 919/3144/1446
f 236/4167/1447 985/4168/1447 1039/4169/1447
f 998/4170/1448 918/4171/1448 749/4172/1448
f 880/4173/1449 1393/4174/1449 1136/4175/1449
f 918/4176/1450 236/4177/1450 985/4178/1450
f 1039/4179/1451 1427/4180/1451 1396/4181/1451
f 398/4182/1452 469/4183/1452 167/4184/1452
f 232/4185/1453 149/4186/1453 911/4187/1453
f 167/4188/1454 232/4189/1454 911/4190/1454
f 960/4191/1455 149/4192/1455 591/4193/1455
f 435/4194/1456 149/4195/1456 960/4196/1456
f 10/4197/1457 999/4198/1457 968/4199/1457
f 999/4198/1458 1/4200/1458 968/4199/1458
f 389/4201/1459 469/4202/1459 999/4203/1459
f 454/4204/1460 443/4205/1460 18/4206/1460
f 18/4207/1461 443/4208/1461 1394/4209/1461
f 1010/4210/1462 167/4211/1462 469/4212/1462
f 123/4213/1463 951/4214/1463 389/4215/1463
f 10/4216/1464 389/4217/1464 999/4218/1464
f 1007/4219/1465 417/4220/1465 84/4221/1465
f 389/4222/1466 1010/4223/1466 469/4224/1466
f 974/4225/1467 447/4226/1467 1399/4227/1467
f 417/4228/1468 471/4229/1468 1007/4230/1468
f 966/4231/1469 1400/4232/1469 1399/4233/1469
f 1410/4234/1470 1400/4235/1470 975/4236/1470
f 1007/4230/1471 471/4229/1471 966/4237/1471
f 84/4238/1472 417/4239/1472 967/4240/1472
f 417/4239/1473 963/4241/1473 967/4240/1473
f 966/4242/1474 417/4243/1474 1007/4230/1474
f 951/4244/1475 76/4245/1475 206/4246/1475
f 389/4247/1476 951/4248/1476 206/4249/1476
f 465/4250/1477 1379/4251/1477 10/4252/1477
f 140/4253/1478 167/4254/1478 1010/4255/1478
f 206/4256/1479 1010/4257/1479 389/4258/1479
f 974/4259/1480 1010/4260/1480 206/4261/1480
f 232/4262/1481 167/4263/1481 140/4264/1481
f 824/4265/1482 1402/4266/1482 991/4267/1482
f 591/4268/1483 149/4269/1483 1398/4270/1483
f 232/4271/1484 591/4272/1484 1398/4273/1484
f 493/4274/1485 591/4275/1485 232/4276/1485
f 232/4277/1486 1398/4278/1486 149/4279/1486
f 960/4280/1487 591/4281/1487 77/4282/1487
f 77/4283/1488 591/4284/1488 906/4285/1488
f 906/4286/1489 591/4287/1489 157/4288/1489
f 989/4289/1490 1389/4290/1490 1645/4291/1490
f 135/4292/1491 232/4293/1491 1573/4294/1491
f 232/4295/1492 135/4296/1492 493/4297/1492
f 998/4298/1493 1401/4299/1493 1039/4300/1493
f 591/4301/1494 493/4302/1494 157/4147/1494
f 1393/4303/1495 1406/4304/1495 140/4305/1495
f 1406/4306/1496 492/4307/1496 140/4308/1496
f 988/4309/1497 1039/4310/1497 1407/4311/1497
f 1407/4312/1498 1039/4313/1498 1401/4314/1498
f 880/4315/1499 1406/4316/1499 1393/4317/1499
f 1407/4318/1500 1026/4319/1500 1641/4320/1500
f 493/4321/1501 135/4322/1501 1409/4323/1501
f 1407/4324/1502 1641/4325/1502 988/4309/1502
f 988/4326/1503 1039/4169/1503 985/4327/1503
f 988/4328/1504 1427/4329/1504 1039/4330/1504
f 1573/4005/1505 140/4331/1505 492/4006/1505
f 140/4332/1506 1573/4333/1506 232/4334/1506
f 501/4335/1507 1411/4336/1507 1395/4337/1507
f 1399/4338/1508 1400/4339/1508 1643/4340/1508
f 1420/4341/1509 447/4342/1509 501/4343/1509
f 517/4344/1510 530/4345/1510 1136/4346/1510
f 1039/4347/1511 985/4348/1511 998/4349/1511
f 478/4350/1512 1316/4351/1512 989/4352/1512
f 1401/4299/1513 998/4353/1513 989/4354/1513
f 1410/4355/1514 975/4356/1514 1136/4357/1514
f 975/4358/1515 1400/4359/1515 471/4360/1515
f 512/4361/1516 359/4362/1516 1285/129/1516
f 1000/128/1517 512/4363/1517 1285/129/1517
f 105/130/1518 1285/129/1518 359/4362/1518
f 512/4364/1519 34/4365/1519 359/4366/1519
f 430/4367/1520 495/4368/1520 196/4369/1520
f 466/4370/1521 464/4371/1521 34/4372/1521
f 1004/4373/1522 1412/4374/1522 430/4375/1522
f 426/4376/1523 359/4377/1523 957/4378/1523
f 1412/570/1524 1004/4379/1524 463/4380/1524
f 464/4381/1525 977/4382/1525 986/3908/1525
f 977/4383/1526 503/4384/1526 463/4385/1526
f 977/4386/1527 464/4387/1527 503/4388/1527
f 430/4389/1528 1415/4390/1528 470/4391/1528
f 1412/4392/1529 1002/4393/1529 430/4394/1529
f 762/4395/1530 1002/4396/1530 463/4397/1530
f 762/4398/1531 463/4399/1531 503/4400/1531
f 503/4401/1532 464/4402/1532 466/4403/1532
f 1002/4404/1533 762/4405/1533 495/4406/1533
f 1002/4407/1534 1413/4408/1534 495/4409/1534
f 1413/4408/1535 1002/4407/1535 762/4410/1535
f 762/4411/1536 503/4412/1536 466/4413/1536
f 1030/4414/1537 466/4415/1537 512/4416/1537
f 196/4417/1538 495/4418/1538 445/4419/1538
f 762/4420/1539 445/4421/1539 1413/4422/1539
f 1415/4423/1540 430/4424/1540 394/4425/1540
f 414/4426/1541 487/4427/1541 407/4428/1541
f 1415/4429/1542 394/4430/1542 446/4431/1542
f 414/4432/1543 407/4433/1543 412/4434/1543
f 470/4391/1544 1415/4435/1544 446/4436/1544
f 394/4437/1545 414/4438/1545 446/4439/1545
f 470/4440/1546 428/4441/1546 430/4442/1546
f 407/4443/1547 84/4444/1547 962/4445/1547
f 394/4446/1548 430/4447/1548 975/4448/1548
f 1007/4449/1549 84/4450/1549 487/4451/1549
f 487/4452/1550 394/4453/1550 471/4454/1550
f 975/4455/1551 471/4456/1551 394/4457/1551
f 975/4458/1552 430/4459/1552 196/4460/1552
f 517/4461/1553 975/4462/1553 196/4463/1553
f 487/4464/1554 471/4465/1554 1007/4466/1554
f 981/4467/1555 123/4468/1555 449/4469/1555
f 981/4470/1556 951/4471/1556 123/4472/1556
f 76/4473/1557 951/4474/1557 981/4475/1557
f 129/4476/1558 449/4477/1558 1416/4478/1558
f 1379/4479/1559 389/4480/1559 10/4481/1559
f 1379/4482/1560 123/4483/1560 389/4484/1560
f 1379/4485/1561 465/4486/1561 123/4487/1561
f 520/4488/1562 967/4489/1562 1380/4490/1562
f 1380/4491/1563 10/4492/1563 520/4493/1563
f 1380/4494/1564 465/4495/1564 10/4496/1564
f 465/4497/1565 1380/4498/1565 1009/4499/1565
f 1380/4500/1566 967/4501/1566 1009/4502/1566
f 10/4503/1567 1380/607/1567 113/4504/1567
f 84/4505/1568 113/4506/1568 962/4507/1568
f 113/4508/1569 210/4509/1569 962/4510/1569
f 1009/4511/1570 967/4512/1570 383/4513/1570
f 84/4514/1571 967/4515/1571 520/4516/1571
f 497/4517/1572 484/4518/1572 766/4519/1572
f 967/4520/1573 963/4521/1573 1417/4522/1573
f 479/4523/1574 497/4524/1574 766/4525/1574
f 766/4525/1575 1417/4526/1575 479/4523/1575
f 479/4527/1576 1417/4528/1576 963/4529/1576
f 766/4530/1577 967/4531/1577 1417/4532/1577
f 383/4533/1578 484/4534/1578 36/4535/1578
f 484/4536/1579 481/4537/1579 36/4538/1579
f 1009/4539/1580 967/4540/1580 766/4541/1580
f 383/4542/1581 766/4543/1581 484/4544/1581
f 383/4545/1582 1009/4539/1582 766/4546/1582
f 1011/4547/1583 383/4548/1583 218/4549/1583
f 1009/4550/1584 383/4551/1584 1011/4552/1584
f 1009/4553/1585 1011/4554/1585 465/4555/1585
f 36/4556/1586 218/4557/1586 383/4558/1586
f 218/4559/1587 6/4560/1587 1008/4561/1587
f 218/4562/1588 215/4563/1588 1011/4564/1588
f 465/4565/1589 1011/4566/1589 215/4567/1589
f 215/4568/1590 1008/4569/1590 449/4570/1590
f 449/4571/1591 123/4572/1591 215/4573/1591
f 215/4574/1592 218/4575/1592 1008/4576/1592
f 944/4577/1593 6/4578/1593 218/4579/1593
f 449/4580/1594 1008/4581/1594 6/4582/1594
f 477/4583/1595 1416/4478/1595 449/4584/1595
f 477/4585/1596 129/4476/1596 1416/4478/1596
f 477/4586/1597 449/4587/1597 6/4588/1597
f 1418/4589/1598 129/4590/1598 1012/4591/1598
f 1012/4592/1599 1418/4593/1599 76/4594/1599
f 1418/4595/1600 76/4596/1600 129/4597/1600
f 518/4598/1601 1012/4599/1601 393/4600/1601
f 129/4601/1602 477/4602/1602 553/4603/1602
f 1012/4604/1603 553/4605/1603 19/4606/1603
f 1012/4607/1604 19/4608/1604 393/4609/1604
f 393/4610/1605 19/4611/1605 526/4612/1605
f 19/4613/1606 553/4614/1606 482/4615/1606
f 7/4616/1607 482/4617/1607 21/4618/1607
f 1018/4619/1608 1003/4620/1608 7/4621/1608
f 1003/4622/1609 1018/4623/1609 488/4624/1609
f 7/4625/1610 1003/4626/1610 488/4627/1610
f 21/4628/1611 483/4629/1611 1018/4630/1611
f 995/4631/1612 104/4632/1612 1003/4633/1612
f 104/4634/1613 526/4635/1613 19/4636/1613
f 477/4637/1614 21/4638/1614 553/4639/1614
f 21/4640/1615 482/4641/1615 553/4642/1615
f 477/4643/1616 483/4644/1616 21/4645/1616
f 944/4646/1617 483/4647/1617 6/4648/1617
f 477/4649/1618 6/4650/1618 483/4651/1618
f 944/4652/1619 481/77/1619 1017/76/1619
f 36/4653/1620 481/4654/1620 944/4655/1620
f 130/4656/1621 473/4657/1621 481/4658/1621
f 481/4659/1622 473/4660/1622 483/4661/1622
f 1018/4662/1623 473/4663/1623 488/4664/1623
f 473/4665/1624 1018/4666/1624 483/4667/1624
f 488/4668/1625 489/4669/1625 1003/4670/1625
f 995/4671/1626 1003/4672/1626 489/4673/1626
f 1006/4674/1627 500/4675/1627 488/4676/1627
f 488/4677/1628 473/4678/1628 1006/4679/1628
f 497/4680/1629 434/4681/1629 1006/4682/1629
f 497/4683/1630 1006/4684/1630 130/4685/1630
f 500/4686/1631 1006/4687/1631 434/4688/1631
f 484/4689/1632 130/4690/1632 481/4691/1632
f 484/4692/1633 497/4693/1633 130/4694/1633
f 434/4695/1634 497/4696/1634 479/4697/1634
f 1420/4698/1635 1576/4699/1635 966/4700/1635
f 963/4701/1636 417/4702/1636 408/4703/1636
f 408/4704/1637 479/4705/1637 963/4706/1637
f 479/4707/1638 408/4708/1638 434/4709/1638
f 970/4710/1639 550/4711/1639 1020/4712/1639
f 64/4713/1640 1020/4714/1640 119/4715/1640
f 547/4716/1641 954/4717/1641 408/4718/1641
f 434/4719/1642 408/4720/1642 954/4721/1642
f 995/4722/1643 1015/4723/1643 122/4724/1643
f 995/4725/1644 489/4726/1644 1015/4727/1644
f 954/4728/1645 547/4729/1645 1015/4730/1645
f 489/4731/1646 954/4732/1646 1015/4733/1646
f 500/4734/1647 489/4735/1647 488/4736/1647
f 489/4737/1648 500/4738/1648 954/4739/1648
f 434/4740/1649 954/4741/1649 500/4742/1649
f 410/4743/1650 1021/4744/1650 111/4745/1650
f 111/4746/1651 1021/4744/1651 13/4747/1651
f 13/4748/1652 1021/4744/1652 410/4743/1652
f 13/4749/1653 1021/4750/1653 486/4751/1653
f 486/4752/1654 1021/4753/1654 1001/4754/1654
f 1021/4753/1655 410/4755/1655 1001/4756/1655
f 1005/4757/1656 111/4758/1656 13/4759/1656
f 1005/4760/1657 970/4761/1657 64/4762/1657
f 64/4763/1658 970/4764/1658 1020/4765/1658
f 550/4766/1659 970/4767/1659 1081/4768/1659
f 549/4769/1660 1005/4770/1660 13/4771/1660
f 970/4772/1661 1005/4773/1661 549/4774/1661
f 13/4775/1662 491/4776/1662 549/4777/1662
f 491/4778/1663 504/4779/1663 549/4780/1663
f 549/4781/1664 504/4782/1664 1081/4783/1664
f 1022/4784/1665 504/4785/1665 491/4786/1665
f 13/4787/1666 486/4788/1666 491/4789/1666
f 486/4790/1667 1022/4791/1667 491/4792/1667
f 1001/4793/1668 511/4794/1668 486/4795/1668
f 445/4796/1669 429/4797/1669 509/4798/1669
f 508/4799/1670 509/4800/1670 429/4801/1670
f 466/4802/1671 1030/4803/1671 429/4804/1671
f 1423/4805/1672 1029/4806/1672 1022/4807/1672
f 511/4808/1673 1022/4809/1673 486/4810/1673
f 1423/4811/1674 511/4812/1674 1029/4813/1674
f 511/4814/1675 1423/4815/1675 1022/4816/1675
f 1547/4817/1676 459/4818/1676 1028/4819/1676
f 1286/4820/1677 767/4821/1677 529/4822/1677
f 1029/4823/1678 1033/4824/1678 987/4825/1678
f 511/4826/1679 1027/4827/1679 1033/4828/1679
f 1001/4829/1680 1027/4830/1680 511/4831/1680
f 529/4832/1681 496/4833/1681 508/4834/1681
f 508/4835/1682 496/4836/1682 509/4837/1682
f 445/4838/1683 545/4839/1683 196/4840/1683
f 512/4841/1684 1000/4842/1684 508/4843/1684
f 1001/4844/1685 1045/4845/1685 1027/4846/1685
f 509/4847/1686 496/4848/1686 521/4849/1686
f 521/4850/1687 1031/4851/1687 1027/4852/1687
f 1395/4853/1688 1001/4854/1688 410/4855/1688
f 1001/4856/1689 1395/4857/1689 1045/4858/1689
f 1045/4859/1690 545/4860/1690 521/4861/1690
f 196/4862/1691 545/4863/1691 517/4864/1691
f 410/4865/1692 501/4866/1692 1395/4867/1692
f 517/4868/1693 545/4869/1693 1045/4870/1693
f 1045/4871/1694 517/4872/1694 530/4873/1694
f 521/4874/1695 1027/4875/1695 1045/4876/1695
f 1425/4877/1696 1037/4878/1696 1078/4879/1696
f 1078/4880/1697 1427/4881/1697 1425/4882/1697
f 1136/4883/1698 530/4884/1698 880/4885/1698
f 880/4886/1699 1425/4882/1699 1427/4881/1699
f 982/4887/1700 492/4888/1700 1406/4889/1700
f 880/4886/1701 1427/4881/1701 988/4890/1701
f 982/4891/1702 1406/4892/1702 1429/4893/1702
f 135/4894/1703 492/4895/1703 982/4896/1703
f 961/4897/1704 135/4898/1704 982/4899/1704
f 1040/4900/1705 1428/661/1705 702/4901/1705
f 1428/661/1706 1040/4900/1706 1038/4902/1706
f 1038/4903/1707 990/4904/1707 1428/4905/1707
f 1045/4906/1708 1395/4907/1708 517/4908/1708
f 530/660/1709 517/4909/1709 1395/658/1709
f 417/4910/1710 1576/4911/1710 408/4912/1710
f 974/4913/1711 206/4914/1711 702/4915/1711
f 966/4700/1712 1576/4699/1712 417/4916/1712
f 1433/663/1713 974/4917/1713 702/4918/1713
f 702/4918/1714 1428/661/1714 1433/663/1714
f 501/4919/1715 447/4920/1715 1411/4921/1715
f 1420/4922/1716 501/4923/1716 1023/4924/1716
f 447/4925/1717 1420/4926/1717 966/4927/1717
f 1040/4928/1718 566/4929/1718 518/4930/1718
f 1040/4931/1719 702/4932/1719 566/4933/1719
f 518/4934/1720 76/4935/1720 1418/621/1720
f 526/4936/1721 1040/4937/1721 393/4938/1721
f 1420/4939/1722 1023/4940/1722 547/4941/1722
f 566/4942/1723 702/4943/1723 518/4944/1723
f 518/4945/1724 702/4946/1724 76/4947/1724
f 702/4948/1725 206/4949/1725 76/4950/1725
f 1420/4951/1726 408/4952/1726 1576/4911/1726
f 111/4953/1727 501/4954/1727 410/4955/1727
f 1023/4956/1728 501/4957/1728 111/4958/1728
f 408/4959/1729 1420/4960/1729 547/4961/1729
f 64/4962/1730 1023/4963/1730 111/4964/1730
f 1023/4965/1731 64/4966/1731 547/4967/1731
f 1015/4968/1732 119/4969/1732 121/4970/1732
f 1015/4971/1733 547/4972/1733 119/4973/1733
f 121/4974/1734 122/4975/1734 1015/4976/1734
f 121/4977/1735 1016/4978/1735 122/4979/1735
f 995/4980/1736 1421/4981/1736 526/4982/1736
f 1421/4983/1737 995/4984/1737 122/4985/1737
f 393/4986/1738 1040/4937/1738 518/4987/1738
f 1092/4988/1739 480/4989/1739 559/4990/1739
f 1040/4991/1740 526/4992/1740 1421/4993/1740
f 513/4994/1741 605/4995/1741 122/4996/1741
f 1421/4997/1742 122/4998/1742 605/4999/1742
f 605/5000/1743 585/5001/1743 1038/5002/1743
f 1421/5003/1744 605/5004/1744 1434/5005/1744
f 1421/5006/1745 1434/5007/1745 1038/5008/1745
f 1038/5009/1746 1434/5010/1746 605/5011/1746
f 1038/5012/1747 1040/4991/1747 1421/4993/1747
f 1426/5013/1748 585/5014/1748 605/5015/1748
f 1032/5016/1749 1436/5017/1749 480/5018/1749
f 585/5019/1750 1426/5020/1750 1048/5021/1750
f 1141/5022/1751 1441/5023/1751 499/5024/1751
f 1052/5025/1752 543/5026/1752 675/5027/1752
f 1424/5028/1753 1438/5029/1753 1052/5030/1753
f 675/5031/1754 543/5032/1754 1468/5033/1754
f 1441/5034/1755 1141/5035/1755 1438/5036/1755
f 585/5037/1756 990/5038/1756 1038/5039/1756
f 585/5037/1757 1577/5040/1757 990/5038/1757
f 990/5041/1758 1577/5042/1758 1639/5043/1758
f 1048/5044/1759 1577/5045/1759 585/5046/1759
f 1577/5047/1760 1048/5048/1760 1425/5049/1760
f 1034/5050/1761 1031/5051/1761 496/5052/1761
f 1048/5053/1762 1037/5054/1762 1425/5049/1762
f 1580/5055/1763 1034/5056/1763 1050/5057/1763
f 1438/5058/1764 1079/5059/1764 1642/5060/1764
f 1048/673/1765 499/5061/1765 1441/5062/1765
f 496/5063/1766 529/5064/1766 1050/5065/1766
f 987/5066/1767 1033/5067/1767 1049/5068/1767
f 128/5069/1768 1050/5070/1768 1076/5071/1768
f 496/5072/1769 1050/5065/1769 1034/5073/1769
f 1031/5074/1770 521/5075/1770 496/5076/1770
f 1027/5077/1771 1049/5078/1771 1033/5079/1771
f 1076/5080/1772 1050/5081/1772 529/5082/1772
f 459/5083/1773 1076/5084/1773 529/5085/1773
f 531/5086/1774 1444/5087/1774 152/5088/1774
f 31/5089/1775 191/5090/1775 425/5091/1775
f 563/5092/1776 1051/5093/1776 433/5094/1776
f 535/5095/1777 191/5096/1777 31/5097/1777
f 535/5098/1778 1051/5099/1778 191/5100/1778
f 563/5101/1779 191/5102/1779 126/5103/1779
f 191/5104/1780 1051/5105/1780 563/5106/1780
f 128/5107/1781 536/5108/1781 1440/5109/1781
f 572/5110/1782 1236/5111/1782 144/5112/1782
f 507/5113/1783 1236/5114/1783 572/5115/1783
f 1087/5116/1784 1476/5117/1784 543/5118/1784
f 1581/5119/1785 1465/5120/1785 440/5121/1785
f 1138/5122/1786 1236/5123/1786 507/5124/1786
f 1144/5125/1787 433/5126/1787 453/5127/1787
f 453/5128/1788 1062/5129/1788 1144/5125/1788
f 453/5130/1789 1060/5131/1789 1062/5132/1789
f 144/5133/1790 433/5134/1790 136/5135/1790
f 543/5136/1791 499/5137/1791 1087/5138/1791
f 1043/5139/1792 191/5140/1792 126/5141/1792
f 1442/5142/1793 1062/5143/1793 563/5144/1793
f 1062/5145/1794 1060/5146/1794 1042/5147/1794
f 1060/5148/1795 563/5149/1795 1062/5150/1795
f 1060/5148/1796 126/5151/1796 563/5149/1796
f 559/5152/1797 1104/5153/1797 1435/5154/1797
f 562/5155/1798 1060/5156/1798 1042/5157/1798
f 602/5158/1799 1043/5159/1799 126/5160/1799
f 1059/5161/1800 1426/5013/1800 605/5015/1800
f 994/5162/1801 1061/5163/1801 548/5164/1801
f 994/5165/1802 502/5166/1802 152/5167/1802
f 191/5168/1803 548/5169/1803 1061/5170/1803
f 502/5171/1804 994/5172/1804 73/5173/1804
f 425/5174/1805 191/5175/1805 152/5176/1805
f 191/5177/1806 542/5178/1806 548/5179/1806
f 1051/5180/1807 538/5181/1807 433/5182/1807
f 535/5183/1808 538/5184/1808 1051/5185/1808
f 418/5186/1809 535/5187/1809 31/5188/1809
f 418/5189/1810 538/5190/1810 535/5191/1810
f 1473/5192/1811 1058/5193/1811 1466/5194/1811
f 158/5195/1812 510/5196/1812 453/5197/1812
f 510/5198/1813 453/5199/1813 144/5200/1813
f 538/5201/1814 136/5202/1814 433/5203/1814
f 144/5204/1815 453/5205/1815 433/5206/1815
f 136/5207/1816 572/5208/1816 144/5209/1816
f 1072/5210/1817 136/5211/1817 558/5212/1817
f 538/5213/1818 558/5214/1818 136/5215/1818
f 558/5216/1819 418/5217/1819 52/5218/1819
f 533/5219/1820 1072/5220/1820 1068/5221/1820
f 558/5222/1821 1068/5223/1821 1072/5224/1821
f 52/5225/1822 724/5226/1822 1068/5227/1822
f 52/5228/1823 1068/5229/1823 558/5230/1823
f 52/5231/1824 418/5232/1824 546/5233/1824
f 546/5234/1825 522/5235/1825 52/5236/1825
f 418/5237/1826 31/5238/1826 546/5239/1826
f 31/5240/1827 534/5241/1827 546/5242/1827
f 546/5243/1828 534/5244/1828 539/5245/1828
f 546/5246/1829 539/5247/1829 522/5248/1829
f 52/5249/1830 522/5250/1830 461/5251/1830
f 724/5252/1831 52/5253/1831 461/5254/1831
f 1446/5255/1832 1046/5256/1832 1440/5257/1832
f 522/5258/1833 539/5259/1833 534/5260/1833
f 536/5261/1834 717/5262/1834 1440/5263/1834
f 717/5264/1835 1446/5265/1835 1440/5266/1835
f 490/5267/1836 536/5268/1836 726/5269/1836
f 1445/5270/1837 1076/5271/1837 619/5272/1837
f 717/5273/1838 1075/5274/1838 531/5275/1838
f 490/5276/1839 717/5277/1839 536/5278/1839
f 987/5279/1840 1446/5280/1840 717/5281/1840
f 536/5282/1841 128/5283/1841 1076/5284/1841
f 1049/5285/1842 1446/5286/1842 987/5287/1842
f 1076/5288/1843 1445/5289/1843 536/5290/1843
f 459/5291/1844 619/5292/1844 1076/5293/1844
f 987/5294/1845 717/5295/1845 531/5296/1845
f 490/5297/1846 690/5298/1846 1447/5299/1846
f 461/5300/1847 1447/5301/1847 690/5302/1847
f 1075/5303/1848 539/5304/1848 490/5305/1848
f 1447/5306/1849 461/5307/1849 539/5308/1849
f 461/5307/1850 522/5309/1850 539/5308/1850
f 1447/5310/1851 539/5311/1851 490/5312/1851
f 1075/5313/1852 539/5314/1852 534/5315/1852
f 523/5316/1853 531/5317/1853 506/5318/1853
f 1083/5319/1854 987/5320/1854 531/5321/1854
f 531/5317/1855 523/5316/1855 1083/5322/1855
f 506/5323/1856 532/5324/1856 523/5325/1856
f 523/5326/1857 532/5327/1857 1422/5328/1857
f 532/5329/1858 419/5330/1858 1422/5331/1858
f 1422/5332/1859 504/5333/1859 1022/5334/1859
f 1422/5335/1860 1022/5336/1860 523/5337/1860
f 1029/5338/1861 523/5339/1861 1022/5340/1861
f 1083/5341/1862 523/5342/1862 1029/5343/1862
f 1029/5344/1863 987/5345/1863 1083/5346/1863
f 502/5347/1864 531/5348/1864 152/5349/1864
f 531/5350/1865 1075/5351/1865 534/5352/1865
f 502/5353/1866 506/5354/1866 531/5355/1866
f 506/5356/1867 502/5357/1867 1084/5358/1867
f 532/5359/1868 506/5360/1868 1084/5361/1868
f 1444/5362/1869 425/5363/1869 152/5364/1869
f 534/5365/1870 1444/5366/1870 531/5367/1870
f 425/5368/1871 534/5369/1871 31/5370/1871
f 532/5371/1872 1084/5372/1872 1082/5373/1872
f 552/5374/1873 542/5375/1873 382/5376/1873
f 552/5377/1874 548/5378/1874 542/5379/1874
f 73/5380/1875 548/5381/1875 552/5382/1875
f 73/5383/1876 994/5384/1876 548/5385/1876
f 1013/5386/1877 73/5387/1877 513/5388/1877
f 1016/5389/1878 73/5390/1878 513/5391/1878
f 1084/5392/1879 502/5393/1879 73/5394/1879
f 1082/5395/1880 1084/5392/1880 73/5394/1880
f 550/5396/1881 419/5397/1881 1448/5398/1881
f 549/5399/1882 1081/5400/1882 970/5401/1882
f 504/5402/1883 419/5403/1883 1081/5404/1883
f 419/5405/1884 504/5406/1884 1422/5407/1884
f 1082/5408/1885 502/5409/1885 1084/5410/1885
f 532/5411/1886 1082/5412/1886 419/5413/1886
f 460/5414/1887 419/5415/1887 1082/5416/1887
f 73/5417/1888 460/5418/1888 1082/5419/1888
f 1082/5420/1889 460/5421/1889 1448/5422/1889
f 1448/5423/1890 460/5424/1890 550/5425/1890
f 1016/5426/1891 73/5427/1891 1584/5428/1891
f 73/5427/1892 1016/5426/1892 460/5429/1892
f 550/5430/1893 1081/5431/1893 419/5432/1893
f 550/5433/1894 1019/5434/1894 119/5435/1894
f 121/5436/1895 1019/5437/1895 1016/5438/1895
f 1019/5437/1896 460/5439/1896 1016/5440/1896
f 550/5441/1897 460/5442/1897 1019/5443/1897
f 552/5444/1898 1013/5445/1898 73/5446/1898
f 1016/4978/1899 513/5447/1899 122/5448/1899
f 1013/5449/1900 413/5450/1900 513/5451/1900
f 1041/5452/1901 413/5453/1901 1013/5454/1901
f 413/5455/1902 1041/5456/1902 1014/5457/1902
f 1014/5458/1903 1041/5459/1903 554/5460/1903
f 554/5461/1904 1041/5462/1904 1086/5463/1904
f 1086/5464/1905 1585/5465/1905 552/5466/1905
f 552/5467/1906 1585/5468/1906 1013/5469/1906
f 1585/5468/1907 1041/5470/1907 1013/5469/1907
f 1585/5465/1908 1086/5471/1908 1041/5472/1908
f 382/5473/1909 555/5474/1909 1086/5475/1909
f 516/5476/1910 554/5477/1910 1086/5478/1910
f 1450/5479/1911 1043/5480/1911 602/5481/1911
f 542/5482/1912 1043/5483/1912 382/5484/1912
f 382/5485/1913 1043/5486/1913 1450/5487/1913
f 602/5488/1914 555/5489/1914 1450/5490/1914
f 1450/5491/1915 555/5492/1915 382/5493/1915
f 476/5494/1916 1089/5495/1916 1014/5496/1916
f 554/5497/1917 516/5498/1917 498/5499/1917
f 1089/5500/1918 413/5501/1918 1014/5502/1918
f 513/5503/1919 413/5504/1919 1089/5505/1919
f 480/5506/1920 1092/5507/1920 513/5508/1920
f 1092/5509/1921 605/5510/1921 513/5511/1921
f 559/5512/1922 605/5510/1922 1092/5513/1922
f 480/5514/1923 513/5515/1923 1089/5516/1923
f 1089/5517/1924 476/5518/1924 480/5519/1924
f 476/5520/1925 1014/5521/1925 557/5522/1925
f 1014/5523/1926 554/5524/1926 557/5525/1926
f 557/5526/1927 554/5527/1927 498/5528/1927
f 1032/5529/1928 1419/5530/1928 131/5531/1928
f 498/5532/1929 1091/5533/1929 557/5534/1929
f 1032/5535/1930 476/5536/1930 131/5537/1930
f 480/5538/1931 476/5539/1931 1032/5540/1931
f 480/5541/1932 1436/5542/1932 559/5543/1932
f 1435/5544/1933 559/5545/1933 599/5546/1933
f 599/5547/1934 559/5548/1934 1436/5549/1934
f 1419/5550/1935 476/5551/1935 1091/5552/1935
f 498/5553/1936 595/5554/1936 1091/5555/1936
f 1091/5556/1937 131/5557/1937 1419/5558/1937
f 595/5559/1938 498/5560/1938 606/5561/1938
f 1419/5530/1939 1032/5529/1939 476/5562/1939
f 562/5563/1940 1090/5564/1940 1449/5565/1940
f 1090/5566/1941 602/5567/1941 126/5568/1941
f 562/5569/1942 1449/5570/1942 1060/5571/1942
f 1090/5572/1943 126/5573/1943 1449/5574/1943
f 1060/5575/1944 1449/5576/1944 126/5577/1944
f 606/5578/1945 555/5579/1945 1090/5580/1945
f 1090/5581/1946 555/5582/1946 602/5583/1946
f 1090/5584/1947 562/5585/1947 606/5586/1947
f 606/5587/1948 562/5588/1948 595/5589/1948
f 498/5590/1949 516/5591/1949 606/5592/1949
f 606/5593/1950 516/5594/1950 555/5595/1950
f 595/5596/1951 131/5597/1951 1091/5598/1951
f 131/5599/1952 145/5600/1952 1436/5601/1952
f 131/5602/1953 1436/5603/1953 1032/5604/1953
f 595/5605/1954 525/5606/1954 131/5607/1954
f 562/5608/1955 1042/5609/1955 525/5610/1955
f 376/5611/1956 1093/5612/1956 1042/5613/1956
f 515/5614/1957 145/5615/1957 525/5616/1957
f 131/5617/1958 525/5618/1958 145/5619/1958
f 1042/5620/1959 525/5621/1959 515/5622/1959
f 595/5623/1960 562/5624/1960 525/5625/1960
f 599/5626/1961 1436/5627/1961 145/5628/1961
f 599/5629/1962 1104/5630/1962 1435/5631/1962
f 1451/5632/1963 8/5633/1963 590/5634/1963
f 8/5635/1964 691/5636/1964 1451/5637/1964
f 691/5638/1965 594/5639/1965 1586/5640/1965
f 947/5641/1966 391/5642/1966 388/5643/1966
f 368/5644/1967 392/5645/1967 945/5646/1967
f 1134/5647/1968 590/5648/1968 8/5649/1968
f 594/5650/1969 564/5651/1969 691/5652/1969
f 945/5653/1970 392/5654/1970 1097/5655/1970
f 691/5656/1971 564/5657/1971 8/5658/1971
f 949/5659/1972 596/5660/1972 1370/5661/1972
f 381/5662/1973 949/5663/1973 1370/5664/1973
f 943/5665/1974 907/5666/1974 641/5667/1974
f 385/5668/1975 1121/5669/1975 931/5670/1975
f 1121/5671/1976 385/5672/1976 596/5673/1976
f 949/5674/1977 381/5675/1977 943/5676/1977
f 949/5677/1978 641/5678/1978 596/5679/1978
f 641/5680/1979 582/5681/1979 596/5682/1979
f 1036/5683/1980 1096/738/1980 1104/735/1980
f 1063/5684/1981 1036/5685/1981 515/5686/1981
f 1093/5687/1982 515/5688/1982 525/5689/1982
f 515/5690/1983 1093/5691/1983 1063/5692/1983
f 376/5693/1984 80/5694/1984 1093/5695/1984
f 1063/5696/1985 1093/5697/1985 80/5698/1985
f 946/5699/1986 161/5700/1986 576/5701/1986
f 576/5702/1987 569/5703/1987 161/5704/1987
f 4/5705/1988 1130/5706/1988 573/5707/1988
f 1130/5708/1989 4/5709/1989 40/5710/1989
f 370/5711/1990 40/5712/1990 4/5713/1990
f 575/5714/1991 40/5715/1991 1587/5716/1991
f 1587/5716/1992 370/5717/1992 575/5714/1992
f 370/5717/1993 1587/5716/1993 40/5718/1993
f 78/5719/1994 370/5720/1994 4/5721/1994
f 4/5722/1995 573/5723/1995 592/5724/1995
f 4/5725/1996 578/5726/1996 78/5727/1996
f 578/5728/1997 29/5729/1997 78/5730/1997
f 4/5731/1998 592/5732/1998 578/5733/1998
f 592/5734/1999 1454/5735/1999 689/5736/1999
f 578/5737/2000 592/5738/2000 689/5739/2000
f 571/5740/2001 1454/5741/2001 592/5742/2001
f 571/5743/2002 689/5744/2002 1454/5745/2002
f 1109/5746/2003 561/5747/2003 571/5748/2003
f 611/5749/2004 561/5750/2004 1109/5751/2004
f 1109/5752/2005 573/5753/2005 611/5754/2005
f 571/5755/2006 573/5756/2006 1109/5757/2006
f 1452/5758/2007 603/5759/2007 1588/5760/2007
f 573/5761/2008 571/5762/2008 592/5763/2008
f 29/5764/2009 689/748/2009 1467/5765/2009
f 603/5766/2010 1467/5765/2010 689/748/2010
f 630/5767/2011 29/5768/2011 1467/5769/2011
f 609/5770/2012 29/5771/2012 581/5772/2012
f 164/5773/2013 609/752/2013 871/751/2013
f 581/5774/2014 24/5775/2014 634/5776/2014
f 581/5777/2015 634/5778/2015 609/5779/2015
f 581/5780/2016 630/5781/2016 24/5782/2016
f 1112/5783/2017 24/5784/2017 630/5785/2017
f 601/5786/2018 98/5787/2018 1110/5788/2018
f 24/5789/2019 366/5790/2019 634/5791/2019
f 634/5792/2020 871/5793/2020 621/5794/2020
f 609/5795/2021 78/5796/2021 29/5797/2021
f 1155/5798/2022 366/5799/2022 1458/5800/2022
f 78/5801/2023 1117/5802/2023 370/5803/2023
f 1117/5804/2024 78/5805/2024 164/5806/2024
f 1456/5807/2025 1107/5808/2025 871/5809/2025
f 164/5810/2026 871/5809/2026 1107/5808/2026
f 575/5811/2027 370/5812/2027 1117/5813/2027
f 1117/5814/2028 1107/5815/2028 575/5816/2028
f 1107/5817/2029 1117/5818/2029 164/5819/2029
f 1107/5820/2030 927/5821/2030 575/5822/2030
f 650/5823/2031 927/5824/2031 870/5825/2031
f 650/5826/2032 40/5827/2032 575/5828/2032
f 1372/5829/2033 55/5830/2033 374/5831/2033
f 40/5832/2034 650/5833/2034 374/5834/2034
f 1372/5835/2035 364/5836/2035 327/5837/2035
f 374/5838/2036 364/5839/2036 1372/5840/2036
f 55/5841/2037 327/5842/2037 117/5843/2037
f 327/5844/2038 55/5845/2038 1372/5846/2038
f 1121/5847/2039 55/5848/2039 931/5849/2039
f 589/5850/2040 588/5851/2040 651/5852/2040
f 1102/5853/2041 327/5854/2041 364/5855/2041
f 651/5856/2042 851/5857/2042 1179/5858/2042
f 1369/5859/2043 651/5860/2043 588/5861/2043
f 632/5862/2044 1369/5863/2044 588/5864/2044
f 651/5865/2045 1369/5866/2045 851/5867/2045
f 851/5868/2046 1369/5869/2046 632/5870/2046
f 851/5871/2047 632/5872/2047 67/5873/2047
f 1102/5874/2048 851/5875/2048 327/5876/2048
f 651/5877/2049 1179/5878/2049 1159/5879/2049
f 870/5880/2050 364/5881/2050 650/5882/2050
f 650/5883/2051 364/5884/2051 1106/777/2051
f 364/5885/2052 870/5886/2052 1102/5887/2052
f 1102/5888/2053 870/5889/2053 1128/5890/2053
f 374/5891/2054 1106/5892/2054 364/5893/2054
f 917/5894/2055 1461/5895/2055 876/5896/2055
f 1179/5897/2056 851/5898/2056 876/5899/2056
f 851/5900/2057 1102/5901/2057 876/5902/2057
f 1218/5903/2058 1125/5904/2058 1374/5905/2058
f 641/5906/2059 1125/5907/2059 582/5908/2059
f 374/5909/2060 1121/5910/2060 596/5911/2060
f 596/5912/2061 582/5913/2061 374/5914/2061
f 374/5915/2062 582/5916/2062 1131/5917/2062
f 582/5918/2063 611/5919/2063 1131/5920/2063
f 611/5921/2064 1125/5922/2064 561/5923/2064
f 1131/5924/2065 611/5925/2065 573/5926/2065
f 1131/5927/2066 573/5928/2066 1130/5929/2066
f 40/5930/2067 374/5931/2067 1131/5932/2067
f 1130/5933/2068 40/5934/2068 1131/5935/2068
f 1107/5936/2069 1126/5937/2069 927/5938/2069
f 870/5939/2070 927/5940/2070 1126/5941/2070
f 1107/5942/2071 1456/5943/2071 1180/5944/2071
f 1180/5945/2072 1126/5946/2072 1107/5947/2072
f 1180/5948/2073 1590/5949/2073 1488/5950/2073
f 1456/5951/2074 871/5952/2074 621/5953/2074
f 1110/5954/2075 98/5955/2075 1112/5956/2075
f 593/5957/2076 630/5958/2076 1466/5959/2076
f 1466/5959/2077 630/5958/2077 1452/5960/2077
f 630/5961/2078 593/5962/2078 1112/5963/2078
f 593/5964/2079 1110/5965/2079 1112/5966/2079
f 1110/5967/2080 593/5968/2080 1464/5969/2080
f 574/5970/2081 1464/5971/2081 593/5972/2081
f 1115/5973/2082 1464/5974/2082 574/5975/2082
f 1464/5976/2083 1115/5973/2083 1110/5977/2083
f 593/5978/2084 1466/5959/2084 1452/5960/2084
f 1095/5979/2085 1116/5980/2085 1147/5981/2085
f 574/5982/2086 593/5983/2086 1094/5984/2086
f 1095/5985/2087 1146/5986/2087 1116/5987/2087
f 583/5988/2088 574/5989/2088 1094/5990/2088
f 1133/5991/2089 1100/5992/2089 571/5993/2089
f 561/5994/2090 1125/5995/2090 1453/5996/2090
f 571/5997/2091 561/5998/2091 1133/5991/2091
f 1133/5999/2092 561/6000/2092 946/6001/2092
f 1455/6002/2093 641/6003/2093 907/6004/2093
f 1374/6005/2094 1455/6006/2094 907/6007/2094
f 1453/6008/2095 1133/6009/2095 946/6010/2095
f 1374/6011/2096 641/6012/2096 1455/6013/2096
f 910/6014/2097 1374/6015/2097 1463/6016/2097
f 1455/6017/2098 907/6018/2098 915/6019/2098
f 1374/6020/2099 1125/6021/2099 641/6022/2099
f 1125/6023/2100 1218/6024/2100 1453/797/2100
f 1469/6025/2101 1467/786/2101 603/788/2101
f 1452/6026/2102 630/6027/2102 1469/6028/2102
f 603/6029/2103 689/6030/2103 571/6031/2103
f 571/6032/2104 1100/6033/2104 603/6034/2104
f 1591/6035/2105 1140/6036/2105 1452/6037/2105
f 603/6038/2106 1452/6039/2106 1469/6040/2106
f 1100/6041/2107 1133/870/2107 1492/6042/2107
f 1591/6043/2108 1452/5758/2108 1588/5760/2108
f 1588/5760/2109 603/6044/2109 1100/6045/2109
f 1588/5760/2110 1100/6046/2110 1492/6047/2110
f 1455/6048/2111 915/6049/2111 1463/6050/2111
f 1492/6051/2112 1493/6052/2112 1140/6053/2112 1591/6054/2112
f 1317/6055/2113 997/6056/2113 1392/6057/2113
f 1244/6058/2114 1478/6059/2114 623/6060/2114
f 1108/6061/2115 1474/6062/2115 1133/6063/2115
f 1392/6064/2116 1139/6065/2116 1317/6066/2116
f 440/6067/2117 1465/6068/2117 1036/6069/2117
f 1044/6070/2118 1137/6071/2118 157/6072/2118
f 1317/6073/2119 1035/6074/2119 997/6075/2119
f 1588/5760/2120 1492/6076/2120 1591/6043/2120
f 1134/6077/2121 590/6078/2121 909/6079/2121
f 440/6080/2122 1096/6081/2122 1465/6082/2122
f 1044/6070/2123 157/6083/2123 1409/6084/2123
f 1465/5120/2124 1476/6085/2124 1096/6086/2124
f 1096/6087/2125 1476/6088/2125 1468/6089/2125
f 1456/6090/2126 1486/6091/2126 1180/6092/2126
f 1025/6093/2127 1052/6094/2127 1055/6095/2127
f 1055/6096/2128 1392/6097/2128 997/6098/2128
f 1055/6099/2129 1437/6100/2129 1392/6101/2129
f 1137/6102/2130 1317/6103/2130 524/6104/2130
f 1139/6105/2131 1392/6106/2131 1437/6107/2131
f 1632/6108/2132 1197/6109/2132 1589/6110/2132
f 997/6098/2133 1025/6111/2133 1055/6112/2133
f 1035/6113/2134 1044/6114/2134 997/6115/2134
f 1044/6116/2135 1317/6117/2135 1137/6118/2135
f 1429/6119/2136 1044/6120/2136 135/6121/2136
f 590/6122/2137 909/6123/2137 961/6124/2137
f 135/6125/2138 909/6126/2138 982/6127/2138
f 909/6126/2139 961/6128/2139 982/6127/2139
f 135/6129/2140 961/6130/2140 909/6131/2140
f 1104/6132/2141 599/6133/2141 145/6134/2141
f 576/6135/2142 1108/6136/2142 1474/6137/2142
f 1036/6138/2143 1465/6139/2143 1096/6140/2143
f 440/6141/2144 1036/6142/2144 1063/6143/2144
f 515/6144/2145 1104/6132/2145 145/6145/2145
f 1063/6146/2146 80/6147/2146 1111/6148/2146
f 80/6149/2147 376/6150/2147 1095/6151/2147
f 80/6152/2148 1475/6153/2148 583/6154/2148
f 1475/6155/2149 80/6152/2149 1095/6156/2149
f 1095/6157/2150 583/6158/2150 1475/6155/2150
f 440/6159/2151 1094/6160/2151 1135/6161/2151
f 66/6162/2152 601/6163/2152 1064/6164/2152
f 1087/6165/2153 1096/6166/2153 1476/5117/2153
f 1063/6167/2154 1111/6168/2154 440/6169/2154
f 1111/6170/2155 1094/6171/2155 440/6172/2155
f 593/6173/2156 1135/6174/2156 1094/6175/2156
f 583/6176/2157 1094/6177/2157 1111/6178/2157
f 1147/6179/2158 583/6180/2158 1095/6181/2158
f 623/6182/2159 1478/6183/2159 1140/6184/2159
f 1135/6185/2160 593/6186/2160 1466/6187/2160
f 1473/6188/2161 1244/6189/2161 1235/6190/2161
f 1058/6191/2162 1138/6192/2162 1468/6193/2162
f 1138/6194/2163 675/6195/2163 1468/6196/2163
f 1581/6197/2164 1058/6198/2164 1476/6199/2164
f 1058/6200/2165 1468/6201/2165 1476/6202/2165
f 1581/6203/2166 1476/6204/2166 1465/5120/2166
f 1058/6205/2167 1235/6206/2167 1236/6207/2167
f 1085/6208/2168 1640/6209/2168 1236/6207/2168 1235/6210/2168
f 1058/6211/2169 1236/6212/2169 1138/6213/2169
f 1581/6214/2170 1644/6215/2170 1058/6216/2170
f 1235/6217/2171 597/6218/2171 1085/6219/2171
f 1085/6220/2172 1069/6221/2172 598/6222/2172
f 66/6223/2173 1477/816/2173 1085/6224/2173
f 598/6225/2174 1069/6226/2174 158/6227/2174
f 66/6223/2175 1069/6228/2175 1477/816/2175
f 66/6229/2176 1085/6230/2176 597/6231/2176
f 66/6232/2177 1064/6233/2177 1053/6234/2177
f 601/6235/2178 66/6236/2178 597/6237/2178
f 601/6238/2179 1110/6239/2179 1064/6240/2179
f 1150/6241/2180 98/6242/2180 601/6243/2180
f 1064/6244/2181 1110/6245/2181 1115/6246/2181
f 574/6247/2182 1479/825/2182 1115/6248/2182
f 1116/6249/2183 574/6250/2183 1147/6251/2183
f 1479/825/2184 1116/6252/2184 1115/6253/2184
f 1064/6254/2185 1115/6255/2185 1053/6256/2185
f 1116/6257/2186 1053/6258/2186 1479/6259/2186
f 1479/6259/2187 1053/6260/2187 1115/6261/2187
f 574/6262/2188 583/6263/2188 1147/6264/2188
f 1070/6265/2189 1480/834/2189 1146/836/2189
f 1095/6266/2190 376/6267/2190 1070/6268/2190
f 1070/6269/2191 376/6270/2191 1042/6271/2191
f 1060/6272/2192 1070/6273/2192 1042/6274/2192
f 1054/6275/2193 1060/6276/2193 453/6277/2193
f 1070/6278/2194 1060/6279/2194 1054/6280/2194
f 1070/6281/2195 1145/6282/2195 1480/834/2195
f 1070/6283/2196 1146/6284/2196 1095/6285/2196
f 1145/6286/2197 1054/6287/2197 1142/6288/2197
f 1145/6289/2198 1070/6290/2198 1054/6291/2198
f 158/6292/2199 1054/6293/2199 1583/6294/2199
f 510/6295/2200 1054/6296/2200 453/6297/2200
f 510/6298/2201 1583/6294/2201 1054/6299/2201
f 158/6300/2202 1583/6294/2202 510/6301/2202
f 1142/6302/2203 158/6303/2203 1066/6304/2203
f 1054/6305/2204 158/6306/2204 1142/6307/2204
f 1145/6308/2205 1143/6309/2205 1116/6310/2205
f 1116/6311/2206 1143/6312/2206 1053/6313/2206
f 1143/6314/2207 1142/6315/2207 1066/6316/2207
f 1066/842/2208 1234/6317/2208 66/840/2208
f 158/6318/2209 1069/6319/2209 1234/6320/2209
f 1069/6321/2210 66/6322/2210 1234/6323/2210
f 613/6324/2211 636/6325/2211 615/6326/2211
f 601/6327/2212 597/6328/2212 617/6329/2212
f 159/6330/2213 636/6331/2213 613/6332/2213
f 601/6333/2214 617/6334/2214 1150/6335/2214
f 151/6336/2215 1150/6337/2215 617/6338/2215
f 159/6339/2216 613/6340/2216 88/6341/2216
f 363/6342/2217 1150/6343/2217 151/6344/2217
f 659/6345/2218 1156/6346/2218 613/6347/2218
f 88/6348/2219 613/6349/2219 1156/6350/2219
f 88/6351/2220 1156/107/2220 1153/109/2220
f 659/6352/2221 699/6353/2221 610/6354/2221
f 551/6355/2222 610/6356/2222 699/6357/2222
f 699/6358/2223 659/6359/2223 613/6360/2223
f 88/6361/2224 659/6362/2224 1153/6363/2224
f 615/6364/2225 551/6365/2225 699/6366/2225
f 615/6367/2226 1154/6368/2226 551/6369/2226
f 615/6370/2227 608/6371/2227 1154/6372/2227
f 551/6373/2228 1154/6374/2228 100/6375/2228
f 198/6376/2229 100/6377/2229 1154/6378/2229
f 100/6379/2230 680/6380/2230 551/6381/2230
f 624/6382/2231 319/6383/2231 680/6384/2231
f 680/6385/2232 100/6386/2232 624/6387/2232
f 685/6388/2233 608/6389/2233 615/6390/2233
f 636/6391/2234 685/6392/2234 615/6393/2234
f 685/6394/2235 636/6395/2235 686/6396/2235
f 1067/6397/2236 697/6398/2236 1230/6399/2236
f 319/6400/2237 659/6401/2237 610/6402/2237
f 319/6403/2238 618/6404/2238 659/6405/2238
f 1151/6406/2239 659/6407/2239 618/6408/2239
f 1153/6409/2240 659/6410/2240 1151/6411/2240
f 88/6412/2241 1153/6413/2241 604/6414/2241
f 1153/6415/2242 647/6416/2242 604/6417/2242
f 624/6418/2243 1482/6419/2243 319/6420/2243
f 622/6421/2244 151/6422/2244 159/6423/2244
f 319/6424/2245 1482/6425/2245 701/6426/2245
f 363/6427/2246 366/6428/2246 98/6429/2246
f 363/6430/2247 151/6431/2247 622/6432/2247
f 363/6433/2248 98/6434/2248 1150/6435/2248
f 686/6436/2249 1118/6437/2249 695/6438/2249
f 686/6439/2250 636/6440/2250 159/6441/2250
f 159/6442/2251 151/6443/2251 1118/6444/2251
f 695/6445/2252 1157/6446/2252 1113/6447/2252
f 1481/6448/2253 695/6449/2253 1118/6450/2253
f 151/6451/2254 617/6452/2254 1118/6453/2254
f 1481/6454/2255 1118/6455/2255 617/6456/2255
f 577/6457/2256 1481/6458/2256 597/6459/2256
f 1481/6460/2257 577/6461/2257 1157/6462/2257
f 1481/6463/2258 617/6464/2258 597/6465/2258
f 695/6466/2259 1113/6467/2259 686/6468/2259
f 695/6469/2260 1481/6470/2260 1157/6471/2260
f 686/6472/2261 159/6473/2261 1118/6474/2261
f 652/6475/2262 622/6476/2262 612/6477/2262
f 1484/6478/2263 313/6479/2263 622/6480/2263
f 622/6481/2264 1484/6482/2264 612/6483/2264
f 1484/6482/2265 313/6484/2265 612/6483/2265
f 319/6485/2266 701/6486/2266 618/6487/2266
f 616/6488/2267 696/6489/2267 198/6490/2267
f 1067/6491/2268 198/6492/2268 608/6493/2268
f 1482/6494/2269 624/6495/2269 701/6496/2269
f 1485/6497/2270 1162/6498/2270 1161/6499/2270
f 147/6500/2271 1484/6501/2271 604/6502/2271
f 604/6503/2272 1484/6504/2272 622/6505/2272
f 622/6506/2273 88/6507/2273 604/6508/2273
f 622/6509/2274 159/6510/2274 88/6511/2274
f 1484/6512/2275 147/6513/2275 313/6514/2275
f 1321/6515/2276 1405/6516/2276 1527/6517/2276
f 1164/6518/2277 313/6519/2277 147/6520/2277
f 1175/6521/2278 1164/6522/2278 879/6523/2278
f 879/6524/2279 1164/6525/2279 147/6526/2279
f 1172/6527/2280 1161/6528/2280 1163/6529/2280
f 1172/6530/2281 646/6531/2281 1161/6532/2281
f 883/6533/2282 1166/6534/2282 60/6535/2282
f 60/6536/2283 1172/6537/2283 1163/6538/2283
f 645/6539/2284 1487/6540/2284 646/6541/2284
f 612/6542/2285 313/6543/2285 1166/6544/2285
f 60/6545/2286 1166/6546/2286 313/6547/2286
f 1171/6548/2287 1462/873/2287 1635/875/2287 1170/6549/2287
f 1491/6550/2288 1567/6551/2288 494/6552/2288
f 1589/6553/2289 1491/6554/2289 1139/6555/2289
f 1139/6556/2290 494/6557/2290 1625/6558/2290
f 1165/6559/2291 623/6560/2291 1457/6561/2291
f 883/6562/2292 1457/6563/2292 1486/6564/2292
f 1140/6565/2293 1486/6566/2293 1457/6567/2293
f 623/6568/2294 1140/6569/2294 1457/6570/2294
f 1486/6571/2295 1456/6572/2295 883/6573/2295
f 494/6574/2296 1592/6575/2296 1491/6576/2296
f 1592/6577/2297 494/6578/2297 1139/6579/2297
f 1592/6580/2298 1139/6581/2298 1491/6582/2298
f 1594/6583/2299 1472/6584/2299 1471/6585/2299 1470/6586/2299
f 60/6587/2300 1593/6588/2300 883/6589/2300
f 1595/6590/2301 1155/6591/2301 612/6592/2301
f 621/6593/2302 1166/6594/2302 883/6595/2302
f 621/6596/2303 612/6597/2303 1166/6598/2303
f 621/6599/2304 883/6600/2304 1456/6601/2304
f 60/6602/2305 1175/6603/2305 1172/6604/2305
f 646/6605/2306 1487/6606/2306 1161/6607/2306
f 645/6608/2307 1159/6609/2307 1495/6610/2307
f 1159/6611/2308 1461/6612/2308 1129/768/2308
f 1461/6613/2309 1159/6614/2309 876/6615/2309
f 1155/6616/2310 1595/6590/2310 621/6617/2310
f 1155/6618/2311 621/6619/2311 871/877/2311
f 612/6620/2312 621/6621/2312 1595/6622/2312
f 1155/6623/2313 652/6624/2313 612/6625/2313
f 1159/6611/2314 1129/768/2314 1495/6626/2314
f 645/6627/2315 1495/6628/2315 1487/6629/2315
f 1129/6630/2316 1487/6631/2316 1495/6632/2316
f 876/6615/2317 1159/6614/2317 1179/6633/2317
f 1172/6634/2318 1494/6635/2318 1502/6636/2318
f 1494/6635/2319 1172/6637/2319 1175/6638/2319
f 1103/6639/2320 1460/6640/2320 646/6641/2320
f 857/6642/2321 874/6643/2321 631/6644/2321
f 60/6645/2322 1164/6646/2322 1175/6647/2322
f 625/6648/2323 166/6649/2323 933/6650/2323
f 1173/6651/2324 701/6652/2324 653/6653/2324
f 933/6654/2325 1185/6655/2325 1173/6656/2325
f 584/6657/2326 1185/6658/2326 933/6659/2326
f 647/6660/2327 584/6661/2327 125/6662/2327
f 1173/6663/2328 1185/6664/2328 701/6665/2328
f 701/6665/2329 1185/6664/2329 618/6666/2329
f 1173/6667/2330 701/6668/2330 933/6669/2330
f 584/6670/2331 618/6671/2331 1185/6672/2331
f 1151/6673/2332 647/6674/2332 1153/6675/2332
f 604/6676/2333 647/6677/2333 147/6678/2333
f 652/6679/2334 1155/6680/2334 363/6681/2334
f 1155/6680/2335 1458/5800/2335 363/6681/2335
f 1458/6682/2336 366/5799/2336 363/6683/2336
f 366/6684/2337 1155/6685/2337 634/6686/2337
f 589/6687/2338 651/6688/2338 1459/6689/2338
f 1459/6690/2339 1159/6691/2339 645/6692/2339
f 651/6693/2340 1159/6694/2340 1459/6695/2340
f 1176/6696/2341 371/6697/2341 589/6698/2341
f 1460/6699/2342 1459/6700/2342 645/6701/2342
f 1183/6702/2343 640/6703/2343 627/6704/2343
f 627/6705/2344 560/6706/2344 1119/6707/2344
f 1199/6708/2345 874/6709/2345 631/6710/2345
f 874/6711/2346 44/6712/2346 631/6713/2346
f 1222/6714/2347 1496/6715/2347 1597/6716/2347
f 857/6717/2348 44/6718/2348 874/6643/2348
f 631/6719/2349 874/6720/2349 640/6721/2349
f 640/6722/2350 874/6723/2350 1178/6724/2350
f 1178/6725/2351 874/6726/2351 631/6727/2351
f 44/6728/2352 334/6729/2352 1178/6730/2352
f 1178/6731/2353 631/6732/2353 44/6733/2353
f 710/6734/2354 324/6735/2354 181/6736/2354
f 614/6737/2355 1178/6738/2355 334/6739/2355
f 620/6740/2356 1499/6741/2356 671/6742/2356
f 1178/6743/2357 671/6744/2357 640/6745/2357
f 1178/6746/2358 1596/6747/2358 671/6748/2358
f 614/6749/2359 1596/6747/2359 1178/6750/2359
f 1596/6747/2360 614/6751/2360 671/6752/2360
f 22/6753/2361 671/6754/2361 614/6755/2361
f 671/6756/2362 627/6757/2362 640/6758/2362
f 1499/6759/2363 627/6760/2363 671/6761/2363
f 620/6762/2364 627/6763/2364 1499/6764/2364
f 589/6765/2365 1368/6766/2365 588/6767/2365
f 671/6768/2366 22/6769/2366 1499/6770/2366
f 620/6771/2367 1499/6772/2367 22/6773/2367
f 1368/6774/2368 93/6775/2368 588/6776/2368
f 93/6777/2369 1368/6778/2369 338/6779/2369
f 22/6780/2370 83/6781/2370 620/6782/2370
f 83/6783/2371 337/6784/2371 620/6785/2371
f 873/6786/2372 703/6787/2372 12/6788/2372
f 868/6789/2373 337/6790/2373 160/6791/2373
f 620/6792/2374 337/6793/2374 868/6794/2374
f 868/6795/2375 627/6796/2375 620/6797/2375
f 1182/6798/2376 627/6799/2376 868/6800/2376
f 1182/6801/2377 371/6802/2377 560/6803/2377
f 371/6804/2378 160/6805/2378 1368/6806/2378
f 1368/6807/2379 160/6808/2379 338/6809/2379
f 1176/6810/2380 286/6811/2380 560/6812/2380
f 589/6813/2381 286/6814/2381 1176/6815/2381
f 286/6816/2382 1103/6817/2382 1503/6818/2382
f 1183/6819/2383 627/6820/2383 1119/6821/2383
f 20/6822/2384 1119/6823/2384 587/6824/2384
f 635/6825/2385 1186/6826/2385 20/6827/2385
f 155/6828/2386 587/6829/2386 1500/6830/2386
f 1500/6831/2387 1119/6832/2387 1103/6833/2387
f 635/6834/2388 155/6835/2388 637/6836/2388
f 155/6837/2389 1483/6838/2389 637/6839/2389
f 1483/6840/2390 155/6841/2390 879/6842/2390
f 879/6843/2391 125/6844/2391 637/6845/2391
f 637/6846/2392 1483/6838/2392 879/6847/2392
f 879/6848/2393 155/6849/2393 1175/6850/2393
f 1502/6851/2394 1103/6852/2394 1172/6853/2394
f 1502/6851/2395 1494/6854/2395 1103/6855/2395
f 1460/6856/2396 645/6857/2396 646/6858/2396
f 1460/6859/2397 1103/6860/2397 286/6861/2397
f 1459/6862/2398 1460/6863/2398 286/6864/2398
f 286/6865/2399 589/6866/2399 1459/6867/2399
f 1103/6868/2400 155/6869/2400 1500/6870/2400
f 1503/6818/2401 1119/6871/2401 286/6872/2401
f 1503/6818/2402 1103/6817/2402 1119/6873/2402
f 1494/6874/2403 1175/6875/2403 155/6876/2403
f 1175/6877/2404 1103/6878/2404 1494/6879/2404
f 1494/6880/2405 155/6881/2405 1103/6882/2405
f 169/6883/2406 166/6884/2406 625/6885/2406
f 667/6886/2407 631/6887/2407 660/6888/2407
f 166/6889/2408 698/6890/2408 1120/6891/2408
f 637/6892/2409 584/6893/2409 1120/6894/2409
f 698/6895/2410 166/6896/2410 660/6897/2410
f 933/6898/2411 1188/6899/2411 584/6900/2411
f 1199/6901/2412 631/6902/2412 667/6903/2412
f 2/6904/2413 1504/6905/2413 311/6906/2413
f 166/6907/2414 169/6908/2414 667/6909/2414
f 1199/6910/2415 667/6911/2415 169/6912/2415
f 1188/6913/2416 1120/6914/2416 584/6915/2416
f 647/6916/2417 1151/6917/2417 584/6918/2417
f 584/6919/2418 1151/6920/2418 618/6921/2418
f 1120/6922/2419 933/6923/2419 166/6924/2419
f 1186/6925/2420 637/6926/2420 1501/6927/2420
f 635/6928/2421 1186/6929/2421 698/6930/2421
f 1501/6931/2422 698/6932/2422 1186/6933/2422
f 1120/6934/2423 1501/6935/2423 637/6936/2423
f 587/6937/2424 635/6825/2424 20/6827/2424
f 1186/6938/2425 698/6939/2425 20/6940/2425
f 698/6941/2426 660/6942/2426 20/6943/2426
f 1183/6944/2427 1497/6945/2427 640/6946/2427
f 1183/6947/2428 20/6948/2428 1497/6949/2428
f 1497/6950/2429 660/6951/2429 631/6952/2429
f 181/6953/2430 148/6954/2430 32/6955/2430
f 32/6956/2431 1195/6957/2431 260/6958/2431
f 32/6959/2432 311/6960/2432 1195/6961/2432
f 311/6962/2433 32/6963/2433 2/6964/2433
f 169/6965/2434 625/947/2434 2/6966/2434
f 311/6967/2435 625/6968/2435 1504/6969/2435
f 638/6970/2436 260/6971/2436 311/6972/2436
f 661/6973/2437 260/6974/2437 638/6975/2437
f 865/6976/2438 661/6977/2438 1505/6978/2438
f 311/6979/2439 260/6980/2439 1195/6981/2439
f 1339/6982/2440 1184/6983/2440 661/6984/2440
f 638/6985/2441 653/6986/2441 1339/6987/2441
f 1339/6988/2442 653/6989/2442 1184/938/2442
f 1505/6990/2443 672/6991/2443 258/6992/2443
f 625/6993/2444 1173/6994/2444 1504/6995/2444
f 1507/6996/2445 2/6997/2445 148/6998/2445
f 2/6999/2446 1507/7000/2446 169/7001/2446
f 168/7002/2447 1508/7003/2447 666/7004/2447
f 1504/7005/2448 653/7006/2448 638/7007/2448
f 1173/7008/2449 653/7009/2449 1504/7010/2449
f 1177/7011/2450 1203/7012/2450 148/7013/2450
f 1177/7014/2451 1203/7015/2451 324/7016/2451
f 1203/7017/2452 1507/7018/2452 148/7019/2452
f 2/7020/2453 32/7021/2453 148/7022/2453
f 171/7023/2454 626/7024/2454 1198/7025/2454
f 865/7026/2455 171/7027/2455 1195/7028/2455
f 528/7029/2456 1598/7030/2456 1510/7031/2456
f 171/7032/2457 666/7033/2457 644/7034/2457
f 1194/7035/2458 666/7036/2458 1508/7037/2458
f 661/7038/2459 1505/7039/2459 258/7040/2459
f 1506/7041/2460 672/6991/2460 1505/6990/2460
f 661/7042/2461 1506/944/2461 1505/6990/2461
f 1506/7041/2462 1184/943/2462 672/7043/2462
f 260/7044/2463 661/7045/2463 865/7046/2463
f 1505/6978/2464 258/7047/2464 865/7048/2464
f 865/7049/2465 258/7050/2465 649/7051/2465
f 171/7052/2466 865/7053/2466 649/7054/2466
f 626/7055/2467 171/7056/2467 644/7057/2467
f 1198/7058/2468 1195/7059/2468 171/7060/2468
f 644/7061/2469 1187/7062/2469 626/7063/2469
f 684/7064/2470 1187/7065/2470 644/7066/2470
f 684/7067/2471 644/7068/2471 49/7069/2471
f 1198/7070/2472 626/7071/2472 32/7072/2472
f 626/7073/2473 1187/7074/2473 1498/7075/2473
f 1498/7076/2474 658/7077/2474 181/7078/2474
f 658/7079/2475 1498/7080/2475 1187/7081/2475
f 181/7082/2476 626/7083/2476 1498/7084/2476
f 684/7085/2477 134/7086/2477 1187/7087/2477
f 1511/7088/2478 643/7089/2478 134/7090/2478
f 860/7091/2479 643/7092/2479 1511/7088/2479
f 860/7093/2480 869/7094/2480 656/7095/2480
f 869/7096/2481 1511/7097/2481 134/7098/2481
f 869/7099/2482 860/7100/2482 1511/7101/2482
f 1187/7102/2483 134/7103/2483 658/7104/2483
f 643/7105/2484 872/7106/2484 134/7107/2484
f 862/7108/2485 658/7109/2485 872/7110/2485
f 872/7111/2486 658/7112/2486 134/7113/2486
f 1338/7114/2487 44/7115/2487 1512/7116/2487
f 295/7117/2488 1512/7118/2488 710/7119/2488
f 1512/7118/2489 44/7120/2489 710/7119/2489
f 658/7121/2490 862/7122/2490 710/7123/2490
f 295/7124/2491 61/7125/2491 172/7126/2491
f 295/7127/2492 44/7128/2492 1512/7129/2492
f 710/7130/2493 862/7131/2493 295/7132/2493
f 1338/7114/2494 1512/7116/2494 295/7133/2494
f 1338/7134/2495 1181/7135/2495 44/7136/2495
f 334/7137/2496 1181/7138/2496 873/7139/2496
f 873/7140/2497 1181/7141/2497 1338/7142/2497
f 1338/7143/2498 703/7144/2498 873/7145/2498
f 703/7146/2499 1338/7147/2499 326/7148/2499
f 326/7149/2500 1338/7150/2500 295/7151/2500
f 862/7152/2501 872/7153/2501 643/7154/2501
f 115/7155/2502 862/7156/2502 643/7157/2502
f 664/7158/2503 860/7159/2503 656/7160/2503
f 307/7161/2504 656/7162/2504 344/7163/2504
f 307/7164/2505 1201/7165/2505 30/7166/2505
f 307/7167/2506 344/7168/2506 1201/7169/2506
f 307/7170/2507 30/7171/2507 35/7172/2507
f 643/7173/2508 860/7174/2508 664/7175/2508
f 44/7176/2509 857/7177/2509 324/7178/2509
f 295/7179/2510 710/7180/2510 324/7181/2510
f 710/7182/2511 44/7183/2511 324/7184/2511
f 684/7185/2512 869/7186/2512 134/7187/2512
f 857/7188/2513 1177/7189/2513 324/7190/2513
f 1203/7015/2514 148/7191/2514 324/7016/2514
f 1177/7192/2515 857/7193/2515 1496/7194/2515
f 148/7195/2516 181/7196/2516 324/7197/2516
f 658/7198/2517 710/7199/2517 181/7200/2517
f 49/7201/2518 869/7202/2518 684/7203/2518
f 869/7204/2519 49/7205/2519 1205/7206/2519
f 1194/7207/2520 1205/7208/2520 344/7209/2520
f 869/7210/2521 1205/7211/2521 344/7212/2521
f 869/7213/2522 344/7214/2522 656/7215/2522
f 49/7216/2523 1194/7217/2523 1205/7218/2523
f 1200/7219/2524 1510/7220/2524 665/7221/2524
f 665/7222/2525 528/7223/2525 799/7224/2525
f 528/7225/2526 665/7226/2526 1598/7030/2526
f 1510/7227/2527 1598/7228/2527 665/7229/2527
f 787/7230/2528 642/7231/2528 1258/7232/2528
f 642/7233/2529 665/7234/2529 74/7235/2529
f 668/7236/2530 74/7237/2530 665/7238/2530
f 799/7239/2531 668/7240/2531 665/7241/2531
f 1192/7242/2532 1088/7243/2532 74/7244/2532
f 168/7245/2533 1192/7246/2533 74/7247/2533
f 1258/7248/2534 1088/7249/2534 787/7250/2534
f 258/7251/2535 1190/7252/2535 649/7253/2535
f 171/7254/2536 1508/7255/2536 666/7256/2536
f 171/7257/2537 1192/7258/2537 1508/7259/2537
f 1508/7260/2538 1192/7261/2538 168/7262/2538
f 74/7263/2539 668/7264/2539 168/7265/2539
f 668/7266/2540 1194/7267/2540 1508/7268/2540
f 668/7269/2541 1508/7270/2541 168/7271/2541
f 666/7272/2542 1194/7273/2542 49/7274/2542
f 1194/7275/2543 1201/7276/2543 1205/7277/2543
f 1513/7278/2544 180/7279/2544 799/7280/2544
f 180/7281/2545 668/7282/2545 799/7283/2545
f 668/7284/2546 794/7285/2546 1194/7286/2546
f 670/7287/2547 855/7288/2547 180/7289/2547
f 855/7290/2548 30/7291/2548 1201/7292/2548
f 855/7293/2549 570/7294/2549 30/7295/2549
f 1210/7296/2550 855/7297/2550 670/7298/2550
f 570/7299/2551 855/7300/2551 1210/7301/2551
f 853/7302/2552 854/7303/2552 792/7304/2552
f 670/7305/2553 244/7306/2553 792/7307/2553
f 854/7308/2554 1210/7309/2554 792/7310/2554
f 670/7311/2555 792/7312/2555 1210/7313/2555
f 244/7314/2556 670/7315/2556 1202/7316/2556
f 244/7317/2557 677/7318/2557 255/7319/2557
f 798/7320/2558 792/7321/2558 1209/7322/2558
f 25/7323/2559 195/7324/2559 1209/7325/2559
f 528/7326/2560 1513/7327/2560 799/7328/2560
f 1513/7329/2561 670/7330/2561 180/7331/2561
f 669/7332/2562 528/7333/2562 1510/7334/2562
f 180/7335/2563 794/7336/2563 668/7337/2563
f 1202/963/2564 670/7338/2564 1513/964/2564
f 1509/7339/2565 1510/7340/2565 1200/7341/2565
f 669/7342/2566 1510/7343/2566 1509/7344/2566
f 1509/7345/2567 1200/7346/2567 669/7347/2567
f 1202/7348/2568 528/7349/2568 1208/7350/2568
f 669/7351/2569 1204/7352/2569 1208/7353/2569
f 1204/7354/2570 214/7355/2570 1208/7356/2570
f 1208/989/2571 677/7357/2571 1202/7358/2571
f 1204/7359/2572 669/7360/2572 455/7361/2572
f 1226/7362/2573 683/7363/2573 1213/7364/2573
f 683/7365/2574 1226/7366/2574 133/7367/2574
f 683/7368/2575 133/7369/2575 676/7370/2575
f 133/7371/2576 455/7372/2576 676/7373/2576
f 1509/7374/2577 669/7375/2577 676/7376/2577
f 1509/7374/2578 676/7376/2578 455/7377/2578
f 455/7378/2579 669/7379/2579 1509/7374/2579
f 676/7380/2580 1509/7381/2580 1200/7382/2580
f 1200/7383/2581 642/7384/2581 676/7385/2581
f 665/7386/2582 642/7387/2582 1200/7388/2582
f 676/7389/2583 642/7390/2583 683/7391/2583
f 74/7392/2584 1258/7393/2584 642/7394/2584
f 1088/7395/2585 1258/7396/2585 74/7397/2585
f 649/7398/2586 1190/7399/2586 1088/7400/2586
f 1192/7401/2587 1190/7402/2587 1088/7403/2587
f 1192/7404/2588 649/7405/2588 1190/7406/2588
f 171/7407/2589 649/7408/2589 1192/7409/2589
f 1216/7410/2590 787/7411/2590 1088/7412/2590
f 1217/7413/2591 787/7414/2591 1216/7415/2591
f 411/7416/2592 1231/7417/2592 1599/7418/2592
f 1196/7419/2593 1215/7420/2593 223/7421/2593
f 1217/7422/2594 223/7423/2594 787/7424/2594
f 654/7425/2595 1196/7426/2595 250/7427/2595
f 696/7428/2596 1196/7429/2596 1212/7430/2596
f 1221/7431/2597 1223/7432/2597 682/7433/2597
f 1221/7434/2598 682/7435/2598 1212/7436/2598
f 1221/7437/2599 1216/7438/2599 1223/7439/2599
f 682/7440/2600 1223/7441/2600 1515/7442/2600
f 1196/7443/2601 696/7444/2601 1174/7445/2601
f 682/7446/2602 624/7447/2602 100/7448/2602
f 682/7449/2603 100/7450/2603 1158/7451/2603
f 696/7452/2604 1158/7453/2604 198/7454/2604
f 1158/7455/2605 100/7456/2605 198/7457/2605
f 1152/7458/2606 701/7459/2606 624/7460/2606
f 682/7461/2607 1220/7462/2607 624/7463/2607
f 1515/7464/2608 1223/7465/2608 1220/7466/2608
f 1152/7467/2609 624/7468/2609 1220/7469/2609
f 1223/7470/2610 672/7471/2610 1220/7472/2610
f 672/7473/2611 1223/7474/2611 1216/7475/2611
f 1184/7476/2612 1220/7477/2612 672/7478/2612
f 258/7479/2613 672/7480/2613 1191/7481/2613
f 258/7482/2614 1191/7483/2614 1190/7484/2614
f 1190/7485/2615 1191/7486/2615 1088/7487/2615
f 1216/7488/2616 1191/7489/2616 672/7490/2616
f 1191/7491/2617 1216/7492/2617 1088/7493/2617
f 1196/7494/2618 1174/7495/2618 250/7496/2618
f 1221/7497/2619 1217/7498/2619 1216/7499/2619
f 1217/7500/2620 1221/7501/2620 1196/7502/2620
f 1221/7503/2621 1212/7504/2621 1196/7505/2621
f 1534/7506/2622 1204/7507/2622 45/7508/2622
f 616/7509/2623 586/7510/2623 1211/7511/2623
f 696/7512/2624 616/7513/2624 1219/7514/2624
f 586/7515/2625 616/7516/2625 1230/7517/2625
f 1211/7518/2626 173/7519/2626 616/7520/2626
f 250/7521/2627 1174/7522/2627 173/7523/2627
f 1174/7524/2628 1219/7525/2628 173/7526/2628
f 696/7527/2629 1219/7514/2629 1174/7528/2629
f 173/7529/2630 1224/7530/2630 1242/7531/2630
f 197/7532/2631 186/7533/2631 1224/7534/2631
f 1242/7535/2632 250/7536/2632 173/7537/2632
f 186/7538/2633 250/7539/2633 1242/7540/2633
f 1242/7531/2634 1224/7530/2634 186/7541/2634
f 1224/7542/2635 678/120/2635 197/7543/2635
f 1225/7544/2636 238/7545/2636 678/7546/2636
f 706/7547/2637 654/7548/2637 186/7549/2637
f 1600/7550/2638 162/7551/2638 212/7552/2638
f 238/7553/2639 217/7554/2639 1520/7555/2639
f 41/7556/2640 217/7557/2640 238/7558/2640
f 678/7559/2641 238/7560/2641 176/7561/2641
f 586/7562/2642 1225/7563/2642 1211/7564/2642
f 678/7565/2643 1211/7566/2643 1225/7567/2643
f 1225/7568/2644 586/7569/2644 41/7570/2644
f 1229/7571/2645 568/7572/2645 194/7573/2645
f 628/7574/2646 457/7575/2646 1229/7576/2646
f 457/7577/2647 568/7578/2647 1229/7579/2647
f 1229/7580/2648 694/7581/2648 628/7582/2648
f 1229/7583/2649 194/7584/2649 864/7585/2649
f 1519/1035/2650 694/7586/2650 1229/7587/2650
f 864/1033/2651 1519/1035/2651 1229/7587/2651
f 1519/1035/2652 579/7588/2652 694/7586/2652
f 457/7589/2653 607/7590/2653 1168/7591/2653
f 457/7592/2654 1168/7593/2654 568/7594/2654
f 688/7595/2655 41/7596/2655 586/7597/2655
f 217/7598/2656 194/7599/2656 568/7600/2656
f 586/7601/2657 1230/7602/2657 688/7603/2657
f 1230/7604/2658 697/7605/2658 688/7606/2658
f 217/7607/2659 41/7608/2659 1521/7609/2659
f 688/7610/2660 1521/7611/2660 41/7612/2660
f 217/7613/2661 1521/7614/2661 194/7615/2661
f 1521/7616/2662 688/7617/2662 194/7615/2662
f 1230/7618/2663 616/7619/2663 198/7620/2663
f 198/7621/2664 1067/7622/2664 1230/7623/2664
f 697/7624/2665 608/7625/2665 1601/7626/2665
f 692/7627/2666 1227/7628/2666 608/7629/2666
f 1227/7630/2667 697/7631/2667 1601/7632/2667
f 608/7633/2668 685/7634/2668 692/7635/2668
f 1601/7632/2669 608/7636/2669 1227/7630/2669
f 697/7637/2670 1227/7638/2670 688/7639/2670
f 688/7640/2671 1227/7641/2671 864/7642/2671
f 864/7643/2672 1227/7644/2672 579/7645/2672
f 688/7646/2673 864/7647/2673 194/7648/2673
f 1227/7649/2674 692/7650/2674 537/7651/2674
f 1227/7652/2675 537/7653/2675 579/7654/2675
f 693/7655/2676 537/7656/2676 1114/7657/2676
f 1073/7658/2677 537/7659/2677 1114/7660/2677
f 537/7661/2678 1113/7662/2678 1114/7663/2678
f 1114/7664/2679 1113/7665/2679 693/7666/2679
f 1113/7667/2680 537/7668/2680 692/7669/2680
f 1073/7670/2681 1148/7671/2681 725/7672/2681
f 1073/7673/2682 579/7674/2682 537/7675/2682
f 1073/7676/2683 694/7677/2683 1602/7678/2683
f 579/7679/2684 1602/7678/2684 694/7680/2684
f 1073/7681/2685 1602/7678/2685 579/7679/2685
f 628/7682/2686 694/7683/2686 1228/7684/2686
f 628/7685/2687 1228/7686/2687 727/7687/2687
f 725/7688/2688 1148/7689/2688 1065/7690/2688
f 681/7691/2689 1232/7692/2689 1228/7693/2689
f 725/7694/2690 681/7695/2690 1228/7696/2690
f 1056/7697/2691 681/7698/2691 1065/7699/2691
f 1065/7700/2692 681/7701/2692 725/7702/2692
f 1148/7703/2693 693/7704/2693 1065/7705/2693
f 693/7706/2694 1148/7707/2694 1073/7708/2694
f 1114/7660/2695 693/7709/2695 1073/7710/2695
f 1065/7711/2696 693/7712/2696 1241/7713/2696
f 600/7714/2697 1237/7715/2697 507/7716/2697
f 1065/7717/2698 1241/7718/2698 600/7719/2698
f 600/7720/2699 1241/7721/2699 1237/7722/2699
f 1138/7723/2700 507/7724/2700 1522/7725/2700
f 1056/7726/2701 572/7727/2701 533/7728/2701
f 533/7729/2702 572/7730/2702 1072/7731/2702
f 1065/7732/2703 600/7733/2703 1056/7734/2703
f 572/7735/2704 600/7736/2704 507/7737/2704
f 600/7738/2705 572/7739/2705 1056/7740/2705
f 1232/7741/2706 716/7742/2706 1167/7743/2706
f 1167/7744/2707 716/7745/2707 448/7746/2707
f 727/7747/2708 1167/7748/2708 607/7749/2708
f 727/7750/2709 457/7751/2709 628/7752/2709
f 607/7753/2710 457/7754/2710 727/7755/2710
f 1232/7756/2711 727/7757/2711 1228/7758/2711
f 1167/7759/2712 727/7760/2712 1232/7761/2712
f 1168/7762/2713 607/7763/2713 1149/7764/2713
f 1232/7765/2714 681/7766/2714 533/7767/2714
f 1237/7768/2715 1241/7769/2715 1157/7770/2715
f 685/7771/2716 1113/7772/2716 692/7773/2716
f 693/7774/2717 1113/7775/2717 1157/7776/2717
f 133/7777/2718 1226/7778/2718 1213/7779/2718
f 250/7780/2719 186/7781/2719 654/7782/2719
f 1226/7783/2720 1248/7784/2720 133/7785/2720
f 790/7786/2721 133/7787/2721 1248/7788/2721
f 1213/7789/2722 1231/7790/2722 1226/7791/2722
f 1160/7792/2723 706/7793/2723 1259/7794/2723
f 1160/7795/2724 1259/7796/2724 212/7797/2724
f 706/7793/2725 197/7798/2725 1259/7794/2725
f 186/7799/2726 197/7800/2726 706/7801/2726
f 1259/7802/2727 452/7803/2727 1160/7804/2727
f 212/7805/2728 197/7806/2728 176/7807/2728
f 138/7808/2729 242/7809/2729 765/7810/2729
f 138/7811/2730 765/7812/2730 212/7813/2730
f 765/7814/2731 1259/7815/2731 212/7816/2731
f 39/7817/2732 687/7818/2732 251/7819/2732
f 251/7820/2733 238/7821/2733 1520/7822/2733
f 251/7823/2734 687/7824/2734 162/7825/2734
f 448/7826/2735 1149/7827/2735 607/7828/2735
f 1149/7829/2736 1246/7830/2736 1168/7831/2736
f 1531/7832/2737 162/7833/2737 1252/7834/2737
f 448/7835/2738 1239/7836/2738 1149/7837/2738
f 39/7838/2739 251/7839/2739 1245/7840/2739
f 217/7841/2740 251/7842/2740 1520/7843/2740
f 1168/7844/2741 1245/7845/2741 568/7846/2741
f 568/7846/2742 1245/7845/2742 217/7847/2742
f 1243/7848/2743 1235/7849/2743 1244/7850/2743
f 1235/7851/2744 1522/7852/2744 577/7853/2744
f 1237/7854/2745 1522/7855/2745 507/7856/2745
f 577/7857/2746 1522/7858/2746 1237/7859/2746
f 1245/7860/2747 251/7861/2747 217/7862/2747
f 1600/7863/2748 212/7864/2748 176/7865/2748
f 162/7866/2749 238/7867/2749 251/7820/2749
f 176/7868/2750 238/7869/2750 1600/7870/2750
f 238/7871/2751 162/7872/2751 1600/7873/2751
f 162/7874/2752 1514/7875/2752 212/7876/2752
f 1243/7877/2753 1522/7878/2753 1235/7879/2753
f 1522/7880/2754 1243/7881/2754 1525/7882/2754
f 448/7883/2755 1080/7884/2755 1239/7885/2755
f 39/7886/2756 1245/7887/2756 1168/7888/2756
f 1525/7889/2757 675/7890/2757 1622/7891/2757
f 1522/7892/2758 1525/7893/2758 1138/7894/2758
f 1253/7895/2759 1215/7896/2759 654/7897/2759
f 1253/7898/2760 654/7899/2760 706/7900/2760
f 1253/7901/2761 706/7902/2761 1160/7903/2761
f 1213/7904/2762 1215/7905/2762 1231/7906/2762
f 1533/7907/2763 411/7908/2763 1160/7909/2763
f 1265/7910/2764 452/7911/2764 411/7912/2764
f 1253/7913/2765 411/7914/2765 1599/7915/2765
f 1171/7916/2766 1526/7917/2766 1470/7918/2766
f 1319/7919/2767 1405/7920/2767 1321/7921/2767 1646/7922/2767
f 1405/7923/2768 992/7924/2768 1526/7925/2768
f 1405/7926/2769 1319/7927/2769 992/7928/2769
f 1231/7929/2770 1253/7930/2770 1599/7931/2770
f 1525/7889/2771 1524/7932/2771 675/7933/2771
f 1243/7934/2772 1524/7935/2772 1525/7936/2772
f 1524/7937/2773 1243/7938/2773 1623/7939/2773
f 1471/7940/2774 1574/7941/2774 1628/7942/2774 1162/7943/2774
f 1132/7944/2775 1594/7945/2775 1626/7946/2775
f 1491/7947/2776 1594/7948/2776 1567/7949/2776
f 1139/7950/2777 1397/7951/2777 1392/7952/2777
f 524/7953/2778 1397/7954/2778 1403/7955/2778
f 1437/7956/2779 1055/7957/2779 1197/7958/2779
f 1579/7959/2780 1197/7960/2780 1524/7961/2780
f 1605/7962/2781 1318/7963/2781 1472/7964/2781
f 1431/7965/2782 1579/7966/2782 1524/7967/2782
f 1605/7968/2783 1197/7969/2783 1579/7959/2783
f 1579/7959/2784 1431/7970/2784 1605/7968/2784
f 1606/7971/2785 1617/7972/2785 1605/7973/2785 1431/7974/2785
f 1424/7975/2786 1197/7976/2786 1055/7977/2786
f 1424/7978/2787 1524/7979/2787 1197/7980/2787
f 1292/7981/2788 1616/7982/2788 1604/7983/2788
f 1431/7974/2789 1616/7984/2789 1292/7981/2789 1604/7985/2789 1606/7986/2789
f 1271/7987/2790 1542/7988/2790 1541/7989/2790
f 1606/7990/2791 1318/7991/2791 1617/7992/2791
f 1529/7993/2792 1532/7994/2792 1604/7995/2792
f 1531/7996/2793 1252/7997/2793 190/7998/2793
f 162/7999/2794 687/8000/2794 1252/8001/2794
f 1274/8002/2795 85/8003/2795 505/8004/2795
f 765/8005/2796 1514/8006/2796 138/8007/2796
f 1539/8008/2797 1540/8009/2797 248/8010/2797
f 192/8011/2798 768/8012/2798 248/8013/2798
f 190/8014/2799 1275/8015/2799 138/8016/2799
f 242/8017/2800 138/8018/2800 1536/8019/2800
f 185/8020/2801 452/8021/2801 242/8022/2801
f 1160/8023/2802 452/8024/2802 1533/8025/2802
f 452/8026/2803 1265/1086/2803 1533/8027/2803
f 765/8028/2804 212/8029/2804 1514/8030/2804
f 190/8031/2805 138/8032/2805 1514/8033/2805
f 785/8034/2806 330/8035/2806 1270/8036/2806
f 707/8037/2807 1266/8038/2807 785/8039/2807
f 707/8040/2808 785/8041/2808 1270/8042/2808
f 761/8043/2809 1270/8044/2809 330/8045/2809
f 1266/8046/2810 707/8047/2810 781/8048/2810
f 185/8049/2811 1207/8050/2811 452/8051/2811
f 1214/8052/2812 1249/8053/2812 1257/8054/2812
f 1261/8055/2813 1257/8056/2813 1249/8057/2813
f 1207/8058/2814 1265/8059/2814 452/8060/2814
f 1261/8061/2815 411/8062/2815 1265/8063/2815
f 1207/8064/2816 1261/8061/2816 1265/8063/2816
f 1248/8065/2817 411/8066/2817 1261/8067/2817
f 1231/8068/2818 411/8069/2818 1248/8070/2818
f 1231/8071/2819 1248/8072/2819 1226/8073/2819
f 187/8074/2820 45/8075/2820 705/8076/2820
f 1263/8077/2821 705/8078/2821 1249/8079/2821
f 1263/8080/2822 708/8081/2822 705/8082/2822
f 187/8083/2823 705/8084/2823 708/8085/2823
f 708/8086/2824 784/8087/2824 25/8088/2824
f 255/8089/2825 187/8090/2825 708/8091/2825
f 708/8092/2826 25/8093/2826 700/8094/2826
f 187/8095/2827 677/8096/2827 214/8097/2827
f 214/8098/2828 1534/8099/2828 45/8100/2828
f 1204/8101/2829 679/8102/2829 45/8103/2829
f 214/8104/2830 1204/7507/2830 1534/7506/2830
f 45/8105/2831 187/8106/2831 214/8098/2831
f 455/8107/2832 679/8108/2832 1204/8109/2832
f 679/8110/2833 790/8111/2833 45/8112/2833
f 679/8113/2834 455/8114/2834 133/8115/2834
f 1254/8116/2835 1535/8117/2835 1261/8118/2835
f 790/8119/2836 1535/8120/2836 1254/8121/2836
f 1535/8122/2837 790/8123/2837 1248/8124/2837
f 1535/8125/2838 1248/8126/2838 1261/8127/2838
f 45/8128/2839 790/8129/2839 1254/8130/2839
f 1261/8131/2840 1249/8132/2840 1254/8133/2840
f 1523/8134/2841 1261/8135/2841 1207/8136/2841
f 1207/8137/2842 1257/8138/2842 1523/8139/2842
f 1257/8140/2843 1261/8141/2843 1523/8142/2843
f 781/8143/2844 1214/8144/2844 1257/8145/2844
f 707/8146/2845 1214/8147/2845 781/8148/2845
f 1264/8149/2846 1207/8150/2846 185/8151/2846
f 1207/8152/2847 1277/8153/2847 1257/8154/2847
f 1207/8155/2848 674/8156/2848 1277/8157/2848
f 674/8158/2849 1257/8159/2849 1277/8160/2849
f 705/8161/2850 45/8162/2850 1254/8163/2850
f 1537/8164/2851 1254/8165/2851 1249/8166/2851
f 708/8167/2852 1262/8168/2852 784/8169/2852
f 1262/8170/2853 708/8171/2853 1263/8172/2853
f 1254/8173/2854 1537/8174/2854 705/8175/2854
f 1214/8176/2855 1256/8177/2855 1249/8178/2855
f 1256/8177/2856 1263/8179/2856 1249/8178/2856
f 705/8180/2857 1537/8174/2857 1249/8181/2857
f 1257/8182/2858 674/8183/2858 781/8184/2858
f 1312/8185/2859 1314/8186/2859 1262/8187/2859
f 38/8188/2860 784/8189/2860 1314/8190/2860
f 704/8191/2861 1538/8192/2861 1312/8193/2861
f 1538/8194/2862 1314/8195/2862 1312/8196/2862
f 1538/8197/2863 740/8198/2863 1314/8199/2863
f 1262/8200/2864 1314/8201/2864 784/8202/2864
f 740/8203/2865 1538/8204/2865 704/8205/2865
f 773/8206/2866 704/8207/2866 240/8208/2866
f 740/8209/2867 704/8210/2867 773/8211/2867
f 1269/8212/2868 1313/8213/2868 704/8214/2868
f 1313/8215/2869 240/8216/2869 704/8217/2869
f 1256/8218/2870 1269/8219/2870 704/8220/2870
f 1256/8221/2871 1262/8222/2871 1263/8223/2871
f 1256/8224/2872 1312/8225/2872 1262/8226/2872
f 1312/8227/2873 1256/8228/2873 704/8229/2873
f 707/8230/2874 1269/8231/2874 1256/8232/2874
f 1214/8233/2875 707/8234/2875 1256/8235/2875
f 707/8236/2876 1270/8237/2876 1269/8238/2876
f 1313/8239/2877 1270/8240/2877 240/8241/2877
f 1270/8242/2878 1313/8243/2878 1269/8244/2878
f 1321/8245/2879 1554/8246/2879 992/8247/2879
f 380/8248/2880 1308/8249/2880 764/8250/2880
f 732/8251/2881 1539/8252/2881 248/8253/2881
f 312/8254/2882 153/8255/2882 732/8256/2882
f 785/8257/2883 1276/8258/2883 330/8259/2883
f 785/8260/2884 1266/8261/2884 1276/8262/2884
f 199/8263/2885 330/8264/2885 1276/8265/2885
f 177/8266/2886 330/8267/2886 199/8268/2886
f 174/8269/2887 1266/8270/2887 781/8271/2887
f 174/8272/2888 1278/8273/2888 1266/8274/2888
f 1276/8275/2889 153/8276/2889 312/8277/2889
f 153/8276/2890 1276/8275/2890 1278/8278/2890
f 1278/8279/2891 174/8280/2891 423/8281/2891
f 674/8282/2892 1264/8283/2892 174/8284/2892
f 674/8285/2893 174/8286/2893 781/8287/2893
f 182/8288/2894 423/8289/2894 174/8290/2894
f 1251/8291/2895 192/8292/2895 1267/8293/2895
f 732/8294/2896 153/8295/2896 1539/8296/2896
f 192/8297/2897 1539/8008/2897 248/8298/2897
f 248/8299/2898 1540/8300/2898 768/8301/2898
f 768/8302/2899 1540/8303/2899 192/8304/2899
f 192/8305/2900 1539/8296/2900 153/8306/2900
f 1540/8009/2901 1539/8008/2901 192/8307/2901
f 1267/8308/2902 153/8309/2902 1278/8310/2902
f 192/8311/2903 153/8312/2903 1267/8313/2903
f 1293/8314/2904 1267/8315/2904 423/8316/2904
f 1024/8317/2905 221/8318/2905 712/8319/2905
f 229/8320/2906 380/8321/2906 1273/8322/2906
f 1273/8323/2907 221/8324/2907 229/8325/2907
f 1281/8326/2908 712/8327/2908 221/8328/2908
f 423/8329/2909 1267/8330/2909 1278/8331/2909
f 769/8332/2910 778/8333/2910 768/8334/2910
f 769/8335/2911 768/8336/2911 192/8337/2911
f 380/8338/2912 248/8339/2912 1273/8340/2912
f 1273/8341/2913 768/8342/2913 221/8343/2913
f 1607/8344/2914 768/8345/2914 778/8346/2914
f 1607/8347/2915 221/8348/2915 768/8349/2915
f 221/8350/2916 1607/8344/2916 778/8346/2916
f 226/8351/2917 731/8352/2917 754/8353/2917
f 226/8354/2918 312/8355/2918 732/8356/2918
f 248/8357/2919 731/8358/2919 732/8359/2919
f 731/8360/2920 226/8361/2920 732/8362/2920
f 208/8363/2921 770/8364/2921 226/8365/2921
f 770/8366/2922 199/8367/2922 226/8368/2922
f 1307/8369/2923 754/8370/2923 235/8371/2923
f 1544/8372/2924 754/8373/2924 731/8374/2924
f 731/8375/2925 235/8376/2925 1544/8377/2925
f 1282/8378/2926 380/8379/2926 764/8380/2926
f 731/8381/2927 380/8382/2927 1282/8383/2927
f 731/8384/2928 248/8385/2928 380/8386/2928
f 193/8387/2929 228/8388/2929 1288/8389/2929
f 1255/8390/2930 1284/8391/2930 719/8392/2930
f 1306/8393/2931 1255/8394/2931 462/8395/2931
f 580/8396/2932 1284/8397/2932 1255/8398/2932
f 580/8399/2933 719/8400/2933 1284/8401/2933
f 1271/8402/2934 1541/8403/2934 519/8404/2934
f 519/8405/2935 1541/8403/2935 1283/8406/2935
f 519/8407/2936 380/8408/2936 229/8409/2936
f 380/8410/2937 519/8411/2937 1308/8412/2937
f 519/8413/2938 1553/8414/2938 764/8415/2938
f 519/8416/2939 1283/8417/2939 1553/8418/2939
f 27/8419/2940 1255/8420/2940 760/8421/2940
f 1255/8422/2941 1284/8423/2941 1541/8424/2941
f 1283/8425/2942 1541/8426/2942 1284/8427/2942
f 1546/8428/2943 1271/8429/2943 229/8430/2943
f 1542/8431/2944 760/8432/2944 1255/8433/2944
f 1255/8434/2945 1541/8435/2945 1542/8436/2945
f 27/8437/2946 462/8438/2946 1255/8439/2946
f 105/8440/2947 1530/8441/2947 1000/8442/2947
f 1284/8443/2948 719/8444/2948 1283/8445/2948
f 580/8446/2949 1255/8447/2949 1306/8448/2949
f 1000/8449/2950 1306/8450/2950 462/8451/2950
f 1000/8452/2951 462/8453/2951 544/8454/2951
f 580/8455/2952 1306/8456/2952 105/8457/2952
f 424/8458/2953 767/8459/2953 1286/8460/2953
f 1306/8461/2954 1000/8462/2954 1530/8463/2954
f 1000/8464/2955 1386/8465/2955 508/8466/2955
f 1000/8464/2956 544/8467/2956 1386/8465/2956
f 1386/8468/2957 1286/8469/2957 508/8470/2957
f 1030/8471/2958 508/8472/2958 429/8473/2958
f 512/8474/2959 508/8475/2959 1030/8476/2959
f 1386/8477/2960 544/8478/2960 228/8479/2960
f 228/8480/2961 424/8481/2961 1386/8482/2961
f 1609/8483/2962 424/8481/2962 228/8480/2962
f 1386/8482/2963 424/8484/2963 544/8485/2963
f 228/8486/2964 1414/8487/2964 424/8488/2964
f 1288/8489/2965 1414/8490/2965 228/8491/2965
f 424/8492/2966 1545/8493/2966 1028/8494/2966
f 437/8495/2967 1545/8496/2967 424/8497/2967
f 424/8498/2968 1414/8499/2968 437/8500/2968
f 437/8501/2969 1028/8502/2969 1545/8503/2969
f 767/8504/2970 1028/8505/2970 459/8506/2970
f 1288/8507/2971 437/8508/2971 1414/8509/2971
f 1028/8510/2972 767/8511/2972 424/8512/2972
f 722/8513/2973 27/8514/2973 760/8515/2973
f 1542/8516/2974 1271/8517/2974 760/8518/2974
f 1271/8519/2975 1546/8520/2975 760/8521/2975
f 722/8522/2976 1024/8523/2976 712/8524/2976
f 1024/1152/2977 1546/8428/2977 229/8430/2977
f 760/8525/2978 1024/8526/2978 722/8527/2978
f 722/8528/2979 432/8529/2979 193/8530/2979
f 432/8531/2980 1077/8532/2980 193/8533/2980
f 1608/8534/2981 193/8535/2981 1288/8536/2981
f 228/8537/2982 1608/8538/2982 1288/8539/2982
f 27/8540/2983 1608/8541/2983 228/8542/2983
f 27/8543/2984 193/8544/2984 1608/8545/2984
f 437/8546/2985 1288/8547/2985 1077/8548/2985
f 193/8549/2986 1077/8550/2986 1288/8551/2986
f 437/8552/2987 1077/8553/2987 1074/8554/2987
f 1074/8555/2988 1077/8556/2988 718/8557/2988
f 718/8558/2989 432/8559/2989 239/8560/2989
f 1077/8561/2990 432/8562/2990 718/8563/2990
f 721/124/2991 1279/123/2991 239/8564/2991
f 1057/8565/2992 237/8566/2992 505/8567/2992
f 237/8568/2993 556/8569/2993 721/8570/2993
f 1279/8571/2994 541/8572/2994 1518/8573/2994
f 1290/8574/2995 505/8575/2995 237/8566/2995
f 505/8576/2996 85/8577/2996 1057/8578/2996
f 237/8579/2997 729/8580/2997 1532/8581/2997
f 1071/8582/2998 1247/8583/2998 1518/8584/2998
f 1518/8585/2999 1247/8586/2999 1074/8587/2999
f 1074/8588/3000 718/8589/3000 1518/8590/3000
f 556/8591/3001 85/8592/3001 541/8593/3001
f 85/8594/3002 556/8595/3002 1057/8596/3002
f 1445/8597/3003 1071/8598/3003 726/8599/3003
f 1445/8600/3004 619/8601/3004 726/8602/3004
f 1445/8603/3005 726/8604/3005 536/8605/3005
f 690/8606/3006 490/8607/3006 726/5269/3006
f 1071/8598/3007 1445/8597/3007 619/8608/3007
f 619/8609/3008 459/8610/3008 1547/8611/3008
f 1028/8612/3009 437/8613/3009 1291/8614/3009
f 1291/8615/3010 437/8616/3010 1074/8617/3010
f 1074/8618/3011 1247/8619/3011 1291/8620/3011
f 1247/8621/3012 1028/8622/3012 1291/8623/3012
f 1247/8624/3013 1547/8625/3013 1028/8626/3013
f 619/8627/3014 1547/8628/3014 1247/8629/3014
f 728/8630/3015 690/8631/3015 726/8632/3015
f 461/8633/3016 1549/8634/3016 724/8635/3016
f 1238/8636/3017 724/8637/3017 1549/8638/3017
f 1068/8639/3018 724/8640/3018 1238/8641/3018
f 533/8642/3019 1068/8643/3019 1238/8644/3019
f 1240/8645/3020 85/8646/3020 1080/8647/3020
f 716/8648/3021 533/8649/3021 1238/8650/3021
f 85/8651/3022 1240/8652/3022 726/8653/3022
f 85/8654/3023 728/8655/3023 1240/8656/3023
f 726/8657/3024 1240/8658/3024 728/8659/3024
f 461/8660/3025 728/8661/3025 1549/8662/3025
f 1549/8663/3026 728/8664/3026 1240/8665/3026
f 716/8666/3027 1549/8667/3027 1240/8668/3027
f 1548/8669/3028 541/8670/3028 85/8671/3028
f 1548/8672/3029 85/8673/3029 726/8674/3029
f 1548/8669/3030 726/8675/3030 541/8676/3030
f 1080/8677/3031 448/8678/3031 716/8679/3031
f 1240/8680/3032 1080/8681/3032 716/8682/3032
f 556/8683/3033 541/8684/3033 1279/8685/3033
f 541/8686/3034 1071/8687/3034 1518/8688/3034
f 726/8689/3035 1071/8690/3035 541/8691/3035
f 239/8692/3036 1279/8693/3036 541/8694/3036
f 1518/8695/3037 239/8696/3037 1279/8571/3037
f 718/8697/3038 239/8698/3038 1518/8699/3038
f 540/8700/3039 1516/8701/3039 1289/8702/3039
f 1289/8703/3040 1516/8704/3040 1189/8705/3040
f 1189/8706/3041 1516/8707/3041 730/8708/3041
f 713/8709/3042 1280/8710/3042 730/8711/3042
f 1280/8712/3043 1543/8713/3043 730/8714/3043
f 1281/8715/3044 723/8716/3044 712/8717/3044
f 1281/8718/3045 1189/8719/3045 723/8720/3045
f 712/8721/3046 723/8722/3046 1543/8723/3046
f 722/8724/3047 1280/8725/3047 432/8726/3047
f 722/8727/3048 1543/8728/3048 1280/8729/3048
f 1543/8730/3049 722/8731/3049 712/8732/3049
f 723/8733/3050 730/8734/3050 1543/8735/3050
f 239/8736/3051 432/8737/3051 1280/8738/3051
f 721/8739/3052 239/8740/3052 1280/8741/3052
f 713/8742/3053 721/8743/3053 1280/8744/3053
f 721/8745/3054 713/8746/3054 729/8747/3054
f 721/8748/3055 729/8749/3055 237/8750/3055
f 729/8751/3056 1149/8752/3056 1532/8581/3056
f 729/8753/3057 714/8754/3057 1246/8755/3057
f 1149/8756/3058 729/8757/3058 1246/8758/3058
f 714/8759/3059 729/8760/3059 713/8761/3059
f 714/8762/3060 39/8763/3060 1246/8764/3060
f 1168/8765/3061 1246/8766/3061 39/8767/3061
f 714/8768/3062 713/8769/3062 540/8770/3062
f 1289/8771/3063 540/8772/3063 1287/8773/3063
f 1289/8774/3064 1517/8775/3064 540/8776/3064
f 1517/8777/3065 714/8778/3065 540/8779/3065
f 1287/8780/3066 1517/8781/3066 1289/8782/3066
f 39/8783/3067 714/8784/3067 1517/8785/3067
f 1287/8786/3068 687/8787/3068 1517/8788/3068
f 687/8789/3069 39/8790/3069 1517/8791/3069
f 1252/8792/3070 687/8793/3070 1233/8794/3070
f 1233/8795/3071 687/8796/3071 1287/8797/3071
f 1536/8798/3072 1272/8799/3072 242/8800/3072
f 1272/8799/3073 1536/8798/3073 1293/8801/3073
f 185/8802/3074 1272/8803/3074 182/8804/3074
f 242/8805/3075 1272/8806/3075 185/8807/3075
f 1275/8808/3076 1251/8809/3076 138/8810/3076
f 1275/1175/3077 190/8811/3077 1252/8812/3077
f 1264/8813/3078 185/8814/3078 182/8815/3078
f 1275/8816/3079 192/8817/3079 1251/8818/3079
f 769/8819/3080 192/8820/3080 1275/8821/3080
f 769/8822/3081 1275/8823/3081 1233/8824/3081
f 1293/8825/3082 182/8826/3082 1272/8827/3082
f 182/8828/3083 1293/8829/3083 423/8830/3083
f 1268/8831/3084 1281/8832/3084 778/8833/3084
f 778/8834/3085 769/8835/3085 1268/8836/3085
f 1281/8837/3086 1268/8838/3086 1189/8839/3086
f 769/8840/3087 1233/8841/3087 1268/8842/3087
f 1268/8843/3088 1289/8844/3088 1189/8845/3088
f 1268/8846/3089 1233/8847/3089 1550/8848/3089
f 1287/8849/3090 1550/8848/3090 1233/8850/3090
f 1289/8851/3091 1550/8848/3091 1287/8849/3091
f 1289/8851/3092 1268/8852/3092 1550/8848/3092
f 1222/8853/3093 1597/8854/3093 1177/8855/3093
f 1507/8856/3094 1203/8857/3094 1597/8858/3094
f 1507/8859/3095 1496/8860/3095 169/8861/3095
f 874/8862/3096 1199/8863/3096 1496/8864/3096
f 1177/8865/3097 1496/8866/3097 1222/8867/3097
f 874/8868/3098 1496/8869/3098 857/8870/3098
f 1496/8871/3099 1199/8872/3099 169/8873/3099
f 1177/8874/3100 1597/8875/3100 1203/8876/3100
f 1507/8877/3101 1597/8878/3101 1496/8879/3101
f 172/8880/3102 308/8881/3102 302/8882/3102
f 172/8883/3103 859/8884/3103 308/8885/3103
f 992/8886/3104 1626/8887/3104 1526/8888/3104
f 991/8889/3105 992/8890/3105 1554/8891/3105
f 655/8892/3106 1610/8893/3106 887/8894/3106
f 1558/8895/3107 922/8896/3107 887/8897/3107
f 54/8898/3108 1558/8899/3108 884/8900/3108
f 934/8901/3109 655/8902/3109 1611/8903/3109
f 887/8904/3110 882/8905/3110 1611/8906/3110
f 922/8907/3111 1558/8908/3111 54/8909/3111
f 884/8910/3112 885/8911/3112 1169/8912/3112
f 882/8913/3113 887/8914/3113 163/8915/3113
f 887/8916/3114 1610/8917/3114 1558/8918/3114
f 1610/8917/3115 806/8919/3115 1558/8918/3115
f 1611/8920/3116 655/8921/3116 887/8922/3116
f 806/8923/3117 1170/8924/3117 1558/8925/3117
f 886/8926/3118 806/8927/3118 1610/8928/3118
f 655/8929/3119 886/8930/3119 1610/8931/3119
f 882/8932/3120 934/8933/3120 1611/8934/3120
f 1170/8935/3121 806/8936/3121 1610/337/3121
f 1613/8937/3122 1169/8938/3122 1170/8939/3122
f 1612/338/3123 1610/337/3123 806/8940/3123
f 884/8941/3124 1558/8942/3124 1170/8943/3124
f 992/8944/3125 1319/8945/3125 1646/8946/3125
f 806/8947/3126 884/8948/3126 1612/8949/3126
f 884/8948/3127 1170/8950/3127 1612/8951/3127
f 933/8952/3128 1173/8953/3128 625/8954/3128
f 1212/8955/3129 682/8956/3129 1158/8957/3129
f 1253/8958/3130 1160/8959/3130 1599/8960/3130
f 1599/8961/3131 1160/8962/3131 411/8963/3131
f 1231/8964/3132 1215/8965/3132 1253/8966/3132
f 1215/8967/3133 1213/8968/3133 223/8969/3133
f 1514/8970/3134 162/8971/3134 1531/8972/3134
f 1531/8973/3135 190/8974/3135 1514/8975/3135
f 1290/8976/3136 1529/8977/3136 1606/8978/3136
f 505/8979/3137 1290/8980/3137 1606/8981/3137
f 1431/8982/3138 1430/8983/3138 1603/8984/3138
f 1149/8985/3139 1239/8986/3139 1292/8987/3139
f 1604/8988/3140 1532/7994/3140 1149/8989/3140
f 1603/8990/3141 1604/8991/3141 1616/8992/3141
f 1274/8993/3142 1292/8994/3142 1239/8995/3142
f 237/8996/3143 1532/8997/3143 1529/8998/3143
f 237/8999/3144 1529/9000/3144 1290/9001/3144
f 1404/9002/3145 1472/9003/3145 1319/9004/3145
f 1471/9005/3146 1472/9006/3146 1404/9007/3146
f 1487/9008/3147 1366/9009/3147 1161/9010/3147
f 1366/9011/3148 1129/9012/3148 1462/9013/3148
f 1615/9014/3149 1366/9011/3149 1171/9015/3149
f 1366/9011/3150 1462/9016/3150 1171/9015/3150
f 1162/9017/3151 1470/9018/3151 1471/9019/3151
f 1529/9020/3152 1603/9021/3152 1606/9022/3152
f 1318/9023/3153 1606/9024/3153 1603/9025/3153
f 1318/9026/3154 1319/9004/3154 1472/9027/3154
f 1617/7992/3155 1318/9028/3155 1605/9029/3155
f 1606/9030/3156 1618/9031/3156 505/9032/3156
f 1618/9031/3157 1274/9033/3157 505/9032/3157
f 1616/9034/3158 1618/9031/3158 1606/9035/3158
f 1616/9034/3159 1292/9036/3159 1618/9031/3159
f 1292/9036/3160 1274/9033/3160 1618/9031/3160
f 1604/9037/3161 1616/9038/3161 1606/9039/3161
f 1274/9040/3162 1239/9041/3162 1080/9042/3162
f 85/9043/3163 1274/9044/3163 1080/9045/3163
f 1235/9046/3164 1058/9047/3164 1473/5192/3164
f 1463/9048/3165 915/9049/3165 1360/9050/3165
f 1360/9051/3166 910/9052/3166 1463/9053/3166
f 1360/9054/3167 1122/9055/3167 910/9056/3167
f 450/9057/3168 1565/9058/3168 1564/9059/3168
f 930/9060/3169 1122/9061/3169 1360/9062/3169
f 908/3207/3170 1564/3206/3170 915/9063/3170
f 1360/9064/3171 915/9065/3171 1564/9066/3171
f 1374/9067/3172 1455/9068/3172 1463/9069/3172
f 152/9070/3173 1061/9071/3173 994/9072/3173
f 1078/9073/3174 1079/9074/3174 1427/9075/3174
f 1026/9076/3175 1620/9077/3175 1025/9078/3175
f 1426/9079/3176 499/9080/3176 585/9081/3176
f 1578/9082/3177 720/9083/3177 1441/9084/3177
f 1438/9085/3178 1578/9086/3178 1441/9087/3178
f 1034/9088/3179 1078/9089/3179 1037/9090/3179
f 1441/9091/3180 720/9092/3180 1048/9093/3180
f 1578/9094/3181 720/9095/3181 1078/9096/3181
f 1141/9097/3182 1052/9098/3182 1438/9099/3182
f 1396/9100/3183 1427/9101/3183 1619/9102/3183
f 1407/9103/3184 1396/9104/3184 1619/9105/3184
f 1025/9106/3185 1424/5028/3185 1055/9107/3185
f 1052/9108/3186 1055/9107/3186 1424/5028/3186
f 1438/9109/3187 1424/5028/3187 1439/9110/3187
f 1318/9111/3188 1603/9112/3188 1614/9113/3188
f 1404/9114/3189 1318/9111/3189 1614/9113/3189
f 1404/9114/3190 1319/9115/3190 1318/9111/3190
f 1621/9116/3191 1430/9117/3191 1431/9118/3191 1579/9119/3191
f 1138/9120/3192 1525/9121/3192 1622/7891/3192
f 1574/9122/3193 1637/9123/3193 1614/9124/3193
f 1575/9125/3194 1574/9126/3194 1621/9127/3194
f 675/9128/3195 1524/9129/3195 1528/9130/3195
f 1574/9131/3196 1430/9132/3196 1621/9127/3196
f 1430/9133/3197 1574/9134/3197 1614/9135/3197
f 1430/9136/3198 1627/9137/3198 1603/9138/3198
f 1430/9136/3199 1614/9139/3199 1627/9137/3199
f 1403/9140/3200 1567/9141/3200 1132/9142/3200
f 1624/1931/3201 1322/1930/3201 345/9143/3201
f 1169/9144/3202 1321/9145/3202 1527/9146/3202
f 1169/1917/3203 1322/1930/3203 1321/1915/3203
f 345/9147/3204 1321/9148/3204 1624/9149/3204
f 1391/9150/3205 1569/9151/3205 1123/9152/3205
f 623/9153/3206 1165/9154/3206 1575/9155/3206
f 623/9156/3207 1575/9157/3207 1623/9158/3207
f 1623/9158/3208 1244/9159/3208 623/9160/3208
f 1165/9161/3209 1628/9162/3209 1575/9163/3209
f 1628/9162/3210 1574/9164/3210 1575/9163/3210
f 1621/9165/3211 1243/9166/3211 1623/9167/3211
f 1625/9168/3212 1139/9169/3212 1567/9170/3212
f 1317/9171/3213 1397/9172/3213 524/9173/3213
f 1397/9174/3214 1625/9175/3214 1403/9176/3214
f 1567/9177/3215 1403/9178/3215 1625/9179/3215
f 1139/9180/3216 1625/9181/3216 1397/9182/3216
f 494/9183/3217 1567/9184/3217 1625/9185/3217
f 1526/9186/3218 1594/9187/3218 1470/9188/3218
f 1527/9189/3219 1526/9190/3219 1169/9191/3219
f 1580/9192/3220 720/9193/3220 1578/9194/3220
f 1578/9195/3221 1078/9196/3221 1580/9197/3221
f 1078/9198/3222 1034/9199/3222 1580/9200/3222
f 128/9201/3223 720/9202/3223 1050/9203/3223
f 720/9204/3224 1580/9205/3224 1050/9206/3224
f 128/9207/3225 1440/9208/3225 720/9209/3225
f 530/9210/3226 1432/9211/3226 1425/9212/3226
f 1473/9213/3227 1466/9214/3227 1452/9215/3227
f 1473/9216/3228 1630/1073/3228 1478/1072/3228
f 1473/9217/3229 1452/9215/3229 1630/1073/3229
f 1244/9218/3230 1473/9219/3230 1478/1072/3230
f 1577/9220/3231 1425/9221/3231 1432/9222/3231
f 1141/9223/3232 543/9224/3232 1052/9225/3232
f 1047/9226/3233 1031/9227/3233 1037/9228/3233
f 1031/9229/3234 1047/9230/3234 1027/9231/3234
f 1048/9232/3235 1047/9233/3235 1037/5054/3235
f 1048/9232/3236 1046/9234/3236 1047/9233/3236
f 1446/9235/3237 1049/5285/3237 1046/9236/3237
f 1526/9237/3238 1626/9238/3238 1594/9239/3238
f 991/9240/3239 1626/9241/3239 992/9242/3239
f 991/9240/3240 1132/9243/3240 1626/9241/3240
f 1589/9244/3241 1605/9245/3241 1472/9246/3241
f 1605/9247/3242 1589/9248/3242 1197/9249/3242
f 1163/9250/3243 1593/9251/3243 60/9252/3243
f 1472/9253/3244 1491/9254/3244 1589/9255/3244
f 1162/9256/3245 1163/9257/3245 1161/9258/3245
f 1139/9259/3246 1632/6108/3246 1589/9260/3246
f 1139/9261/3247 1437/9262/3247 1632/6108/3247
f 1437/9262/3248 1197/9263/3248 1632/6108/3248
f 1397/9264/3249 1317/9265/3249 1392/9266/3249
f 1361/9267/3250 905/9268/3250 919/9269/3250 1391/9270/3250
f 1123/9271/3251 905/9272/3251 1361/9273/3251
f 919/9274/3252 905/9275/3252 1127/9276/3252
f 788/9277/3253 1388/9278/3253 826/9279/3253
f 1634/3188/3254 916/9280/3254 1633/9281/3254
f 916/9280/3255 1569/9282/3255 1633/9283/3255
f 1388/9284/3256 788/9285/3256 983/9286/3256
f 447/9287/3257 1433/9288/3257 1432/9289/3257
f 1432/9290/3258 1411/9291/3258 447/9292/3258
f 974/9293/3259 1433/9294/3259 447/9295/3259
f 1633/9296/3260 1462/873/3260 1363/9297/3260
f 1635/875/3261 885/9298/3261 1170/1922/3261
f 1635/875/3262 1633/874/3262 885/9298/3262
f 1487/9299/3263 1129/9300/3263 1366/9301/3263
f 1315/9302/3264 758/9303/3264 1320/9304/3264
f 1636/9305/3265 1315/9306/3265 1320/9307/3265
f 33/9308/3266 288/9309/3266 292/9310/3266
f 1320/9311/3267 758/9312/3267 807/9313/3267
f 1320/9314/3268 807/9315/3268 774/9316/3268
f 292/9317/3269 817/9318/3269 1636/9319/3269
f 1636/9320/3270 758/9321/3270 1315/9322/3270
f 292/9323/3271 1315/9324/3271 1636/9325/3271
f 292/9326/3272 1636/9327/3272 1320/9328/3272
f 817/9329/3273 758/9330/3273 1636/9320/3273
f 1594/9331/3274 1491/9332/3274 1472/9333/3274
f 60/9334/3275 313/9335/3275 1164/9336/3275
f 1403/9337/3276 1132/9338/3276 1250/9339/3276
f 1403/3145/3277 919/9340/3277 524/9341/3277
f 1526/9342/3278 1171/9343/3278 1629/9344/3278
f 1526/9345/3279 1629/9346/3279 1169/9347/3279
f 1614/9124/3280 1637/9123/3280 1471/9348/3280
f 1614/9349/3281 1471/9350/3281 1404/9351/3281
f 1574/9352/3282 1471/9353/3282 1637/9123/3282
f 1575/9157/3283 1621/9354/3283 1623/9355/3283
f 1621/9356/3284 1524/7937/3284 1623/7939/3284
f 1244/9357/3285 1623/9358/3285 1243/9359/3285
f 1524/9360/3286 1621/9361/3286 1579/9362/3286
f 1363/9363/3287 1638/9364/3287 916/9365/3287
f 917/9366/3288 1638/9367/3288 1363/9368/3288
f 917/9369/3289 930/9370/3289 916/9371/3289 1638/9367/3289
f 916/9372/3290 1365/9373/3290 905/9374/3290
f 1365/9375/3291 930/9376/3291 1566/9377/3291
f 1365/9375/3292 916/9378/3292 930/9376/3292
f 499/9379/3293 1443/9380/3293 1087/9381/3293
f 1059/9382/3294 1443/9383/3294 499/9384/3294
f 1426/9385/3295 1059/9386/3295 499/9387/3295
f 67/9388/3296 648/9389/3296 851/9390/3296
f 914/9391/3297 1565/9392/3297 450/9393/3297
f 910/9394/3298 1122/9395/3298 876/9396/3298
f 1489/9397/3299 876/9398/3299 930/9399/3299
f 876/9398/3300 1122/9400/3300 930/9399/3300
f 1365/9401/3301 1362/3215/3301 1358/9402/3301
f 1362/9403/3302 1565/9404/3302 914/9405/3302
f 1461/9406/3303 1489/864/3303 917/9407/3303
f 1489/9397/3304 1461/9406/3304 876/9408/3304
f 1489/9397/3305 930/865/3305 1461/9406/3305
f 1488/9409/3306 910/9410/3306 1128/9411/3306
f 876/9412/3307 1128/9413/3307 1122/9414/3307
f 910/9415/3308 1122/9414/3308 1128/9416/3308
f 1046/9417/3309 1047/9418/3309 1027/9419/3309
f 1046/9420/3310 1048/9421/3310 720/9422/3310
f 1049/9423/3311 1047/9424/3311 1046/9425/3311
f 1027/9426/3312 1047/9427/3312 1049/9423/3312
f 1432/9428/3313 1433/9429/3313 1639/9430/3313
f 1038/9431/3314 1639/9432/3314 1433/9433/3314
f 1038/9434/3315 990/9435/3315 1639/9432/3315
f 1411/9436/3316 1432/9437/3316 530/9438/3316
f 1639/5043/3317 1577/5042/3317 1432/9439/3317
f 1062/9440/3318 1442/9441/3318 1144/9442/3318
f 1144/9443/3319 1442/9444/3319 1582/9445/3319
f 1144/9446/3320 563/9447/3320 433/9448/3320
f 563/9449/3321 1144/9450/3321 1442/9451/3321
f 1640/9452/3322 1085/9453/3322 1236/9454/3322
f 1085/9453/3323 598/9455/3323 1236/9454/3323
f 144/9456/3324 1236/9457/3324 598/9458/3324
f 1061/9459/3325 152/9460/3325 191/9461/3325
f 1439/9462/3326 1025/9463/3326 1620/9464/3326
f 1619/9465/3327 1620/9466/3327 1407/9467/3327
f 1025/9468/3328 997/9469/3328 1026/9470/3328
f 1424/9471/3329 1025/9472/3329 1439/9473/3329
f 1026/9474/3330 1407/9475/3330 1620/9077/3330
f 1619/9476/3331 1079/9477/3331 1439/9478/3331
f 1438/9479/3332 1439/9480/3332 1079/9481/3332
f 1079/9482/3333 1078/9483/3333 1578/9484/3333
f 1427/9485/3334 1079/9486/3334 1619/9487/3334
f 997/9488/3335 1044/9489/3335 1026/9490/3335
f 1642/5060/3336 1578/9491/3336 1438/9085/3336
f 1642/5060/3337 1079/5059/3337 1578/9491/3337
f 1408/9492/3338 1026/9493/3338 1044/9494/3338 1429/9495/3338
f 1439/9496/3339 1620/9497/3339 1619/9498/3339
f 1396/9499/3340 1407/9500/3340 1401/9501/3340
f 1641/9502/3341 1026/9503/3341 1408/9504/3341
f 135/9505/3342 1406/9506/3342 492/9507/3342
f 1573/9508/3343 492/9509/3343 135/9510/3343
f 1485/9511/3344 1161/9512/3344 1366/9513/3344
f 1218/9514/3345 1374/9515/3345 910/9516/3345
f 1590/9517/3346 1493/9518/3346 1488/9519/3346
f 1590/9520/3347 1140/9521/3347 1493/9522/3347
f 1493/9523/3348 1492/9524/3348 1218/9525/3348
f 1360/9526/3349 1564/9527/3349 930/9528/3349
f 908/9529/3350 915/9530/3350 907/9531/3350
f 910/9532/3351 1488/9533/3351 1493/9534/3351
f 910/9535/3352 1493/9536/3352 1218/9537/3352
f 1104/9538/3353 1443/9539/3353 1435/9540/3353
f 1104/9541/3354 1096/9542/3354 1443/804/3354
f 1407/9543/3355 1641/9544/3355 1408/9545/3355
f 1408/9546/3356 1044/9547/3356 1429/9548/3356
f 1429/9549/3357 1406/9550/3357 1408/9551/3357
f 1408/9552/3358 880/9553/3358 988/9554/3358
f 1408/9555/3359 1406/9556/3359 880/9557/3359
f 135/9558/3360 982/9559/3360 1429/9560/3360
f 988/9561/3361 1641/4325/3361 1408/9562/3361
f 1400/9563/3362 1410/9564/3362 1136/9565/3362
f 1643/4340/3363 1136/9566/3363 1399/9567/3363
f 140/9568/3364 1399/9567/3364 1393/9569/3364
f 1399/9567/3365 1136/9566/3365 1393/9569/3365
f 1643/4340/3366 1400/4339/3366 1136/9570/3366
f 471/9571/3367 1400/4232/3367 966/4231/3367
f 1399/9572/3368 447/9573/3368 966/9574/3368
f 991/9575/3369 1402/9576/3369 1132/9577/3369
f 1644/6215/3370 1466/5194/3370 1058/9578/3370
f 1644/9579/3371 1581/9580/3371 1466/9581/3371
f 1581/9580/3372 1135/9582/3372 1466/9581/3372
f 1135/9583/3373 1581/9584/3373 440/9585/3373
f 1401/9586/3374 1316/9587/3374 1396/9588/3374
f 1389/9589/3375 824/9590/3375 1645/9591/3375
f 1389/1893/3376 826/9592/3376 1388/1891/3376
f 824/9593/3377 1250/9594/3377 1402/9595/3377
f 1316/9596/3378 1401/9597/3378 989/9598/3378
f 1250/9594/3379 1132/9599/3379 1402/9595/3379
f 1391/9600/3380 1123/9601/3380 1361/9602/3380
f 1127/9603/3381 1362/9604/3381 102/9605/3381
f 47/9606/3382 1362/9607/3382 1361/9608/3382
f 926/9609/3383 1362/9610/3383 47/9611/3383
f 1361/9612/3384 1362/9604/3384 1127/9613/3384
f 914/9614/3385 102/9615/3385 1362/9616/3385
f 921/9617/3386 881/9618/3386 1124/9619/3386
f 1123/9620/3387 811/9621/3387 47/9622/3387
f 205/9623/3388 1645/9624/3388 824/9625/3388
f 205/9626/3389 989/9627/3389 1645/9628/3389
f 1321/9629/3390 992/9630/3390 1646/8946/3390
f 1303/1868/3391 1554/9631/3391 345/9632/3391
f 1039/9633/3392 1396/9634/3392 1316/9635/3392
f 1039/9636/3393 1316/9637/3393 236/9638/3393
f 559/9639/3394 1647/9640/3394 605/9641/3394
f 559/9639/3395 1435/9642/3395 1647/9640/3395
f 1138/9643/3396 1622/9644/3396 675/9645/3396
f 1180/9646/3397 1486/9647/3397 1590/9648/3397
f 1486/9647/3398 1140/9649/3398 1590/9648/3398
f 1488/9650/3399 1126/9651/3399 1180/9652/3399
f 870/9653/3400 1488/9654/3400 1128/9655/3400
f 870/9653/3401 1126/9656/3401 1488/9654/3401
f 675/9657/3402 1528/9658/3402 1052/9659/3402
f 1052/9660/3403 1528/9661/3403 1424/9662/3403
f 1528/9663/3404 1524/9664/3404 1424/9665/3404
f 1567/7949/3405 1594/9666/3405 1132/9667/3405
f 1628/9668/3406 1631/9669/3406 1162/9670/3406
f 1631/9671/3407 1593/9672/3407 1163/9673/3407
f 1631/9674/3408 1163/9675/3408 1162/9676/3408
f 1165/9677/3409 1457/9678/3409 1593/9679/3409 1631/9680/3409
f 1631/9681/3410 1628/9682/3410 1165/9683/3410
f 1614/9684/3411 1603/9685/3411 1627/9686/3411
f 883/9687/3412 1593/9688/3412 1457/9689/3412
f 345/9690/3413 1322/9691/3413 442/1912/3413
f 1490/1914/3414 1648/1911/3414 885/9692/3414
f 917/9693/3415 1363/9694/3415 1462/9695/3415
f 1129/9696/3416 917/9697/3416 1462/9698/3416
f 1171/9699/3417 1470/9700/3417 1485/9701/3417
f 1162/9702/3418 1485/9703/3418 1470/9704/3418
f 1485/9705/3419 1366/9706/3419 1171/9707/3419
f 608/9708/3420 697/9709/3420 1067/9710/3420
f 1603/9711/3421 1616/9712/3421 1431/9713/3421
f 1604/9714/3422 1149/8985/3422 1292/9715/3422
f 1603/9716/3423 1529/9717/3423 1604/9718/3423
l 909 1035
l 1129 494
l 377 564
l 569 8
l 391 594
l 1098 996
l 94 392
l 565 395
l 993 120
l 161 514
l 566 961
l 377 942
l 456 120
l 982 990
l 1165 1592
l 576 1036
l 440 1108
l 599 1105
l 1059 994
