# Blender 4.4.3
# www.blender.org
mtllib 4.mtl
o texturedMesh
v 0.097018 0.218864 -0.086801
v -0.078714 -0.129476 0.150068
v 0.164058 -0.066169 0.091171
v -0.101775 0.144873 0.148381
v 0.122611 0.139355 -0.124780
v 0.006455 0.303470 -0.063361
v -0.052041 0.279571 -0.077961
v -0.021213 0.193934 0.017432
v 0.165231 0.108122 0.053398
v 0.061007 0.239433 -0.104996
v 0.049942 -0.291754 -0.008323
v 0.032586 -0.092825 0.220557
v -0.050613 0.185761 -0.200069
v 0.158182 -0.072655 -0.055139
v 0.044540 -0.024144 -0.162238
v 0.173782 -0.099499 -0.021318
v 0.077845 0.104520 -0.102652
v -0.035397 0.244562 -0.039880
v -0.075464 -0.050359 0.196862
v 0.019578 -0.046440 0.206468
v 0.132125 0.190133 0.042943
v -0.148958 0.085448 0.106215
v 0.008767 -0.284697 0.018793
v 0.079794 -0.303490 0.085414
v -0.027454 -0.026329 -0.162351
v 0.099141 -0.043415 -0.056506
v -0.127819 0.128684 0.113327
v 0.002638 -0.274279 0.128398
v -0.177902 0.127458 -0.115006
v 0.089495 -0.160996 -0.063336
v 0.037116 0.041337 -0.181800
v 0.039285 -0.259135 0.137655
v 0.026044 0.309059 -0.110514
v 0.046099 -0.255667 -0.083683
v -0.137900 -0.081469 -0.072557
v -0.060318 0.135401 0.157656
v -0.175241 -0.098991 -0.036256
v 0.117847 0.089351 -0.061589
v -0.019906 -0.114661 0.192113
v -0.085319 -0.273656 -0.003968
v 0.107567 0.007462 0.157857
v 0.112962 0.076473 0.015843
v 0.114552 0.049319 -0.020358
v -0.056738 -0.234475 0.148160
v 0.113391 -0.229142 0.147387
v 0.151201 -0.109143 -0.079258
v -0.194042 0.081361 -0.116951
v 0.136119 -0.173809 0.145728
v 0.114169 -0.021199 0.093085
v -0.006182 0.147617 0.173454
v 0.039097 0.023153 0.218606
v 0.084291 -0.243966 0.113699
v 0.104932 -0.122277 -0.094078
v -0.095626 -0.000359 0.109140
v 0.019322 -0.170147 0.181129
v 0.063352 -0.062968 -0.142559
v 0.158151 -0.063643 0.046636
v -0.044240 0.221644 -0.161496
v -0.206348 0.082927 0.032248
v 0.033374 0.065585 0.169756
v 0.147694 0.026172 -0.026930
v 0.130177 0.092816 0.122900
v 0.151393 -0.131866 0.107874
v 0.128932 -0.204330 0.108747
v -0.128403 0.197263 -0.125713
v -0.085611 -0.223482 0.098258
v 0.020164 0.229305 -0.037719
v 0.071189 0.147119 0.023951
v -0.114804 0.099080 0.153391
v 0.146468 -0.228916 0.030375
v -0.158430 0.173701 0.033947
v 0.175679 0.172191 0.065002
v 0.184221 0.017394 0.072104
v 0.048035 0.227872 -0.154875
v -0.122059 0.021939 -0.111497
v 0.205159 -0.000830 0.025811
v 0.103221 0.157013 -0.072376
v -0.180537 -0.018657 0.105924
v 0.058514 0.003574 0.182771
v 0.138630 -0.180596 -0.015682
v 0.048975 0.111022 0.173057
v 0.121183 0.235912 -0.139924
v 0.004588 0.053272 0.217816
v -0.021467 0.301378 0.005280
v 0.138961 0.202323 0.097532
v 0.073618 0.179186 0.113438
v 0.189631 -0.037586 0.050123
v -0.183094 -0.101136 0.065148
v 0.051621 0.103149 0.037209
v 0.016158 0.014215 -0.152669
v 0.162156 0.128184 0.124854
v 0.068623 0.179205 0.061847
v 0.081212 0.245779 -0.147060
v 0.073936 0.044100 -0.130763
v 0.020908 0.129822 0.185238
v 0.110133 0.206006 -0.187165
v -0.071893 0.233053 -0.138531
v 0.077723 0.191251 -0.004159
v -0.075504 0.217765 -0.093854
v 0.045587 0.262307 -0.059490
v 0.096102 0.124449 0.136765
v -0.132137 -0.038858 0.142142
v -0.179696 0.161276 -0.054859
v 0.062411 -0.284932 -0.053564
v -0.085965 0.080443 -0.150082
v -0.000711 0.269526 -0.032691
v -0.008597 0.296542 -0.140391
v -0.131948 0.225907 -0.017036
v -0.124562 -0.245327 0.025896
v -0.033778 -0.212749 0.192445
v 0.008849 0.147360 -0.029361
v -0.195020 0.092496 -0.055751
v 0.137040 -0.156981 0.071496
v -0.108532 -0.165944 -0.092414
v 0.153432 0.057708 0.051872
v 0.041436 0.164371 -0.067655
v 0.159744 0.146310 0.029725
v 0.090582 0.080569 0.160942
v -0.112735 0.186338 -0.003072
v 0.042572 0.182583 0.146997
v 0.096481 -0.129099 0.154432
v -0.189533 0.031684 0.083593
v -0.132873 0.148708 -0.115917
v -0.039360 -0.175416 -0.118451
v 0.057888 -0.142037 -0.158379
v -0.097553 -0.009171 0.170091
v 0.097250 -0.007552 -0.095982
v 0.024777 0.121689 0.013667
v -0.221694 0.114459 -0.010043
v -0.009528 0.006268 0.232688
v -0.079761 0.196518 0.032250
v -0.131054 -0.131582 -0.066803
v 0.061161 -0.014256 0.145317
v -0.100083 0.074636 0.142143
v 0.096838 -0.199517 0.187157
v -0.107637 -0.091160 0.163675
v -0.065696 -0.210722 0.117511
v -0.095001 -0.194496 0.145932
v -0.178343 -0.151482 0.004957
v 0.129715 -0.021739 -0.032276
v -0.056449 -0.225777 -0.107133
v 0.031776 -0.325500 0.072500
v -0.158708 -0.160673 -0.040072
v 0.031820 -0.210418 -0.103480
v 0.094261 -0.030367 -0.128713
v -0.031438 -0.253904 0.089541
v -0.048630 -0.165695 0.177519
v -0.097153 -0.211055 -0.109617
v 0.090068 -0.167305 -0.125953
v 0.073624 -0.196721 -0.107928
v -0.106876 -0.224783 -0.072467
v -0.140192 -0.184233 -0.001529
v -0.045548 -0.283355 0.010218
v 0.040030 -0.189486 -0.148507
v -0.096041 -0.141295 -0.069151
v -0.167102 0.162234 -0.094233
v -0.068705 -0.025545 -0.191669
v 0.022474 0.129133 -0.179749
v -0.005261 -0.193204 -0.118277
v 0.119403 -0.069793 -0.082423
v 0.140885 -0.084182 0.022696
v 0.080524 -0.110578 -0.126296
v 0.082250 -0.232085 -0.059249
v 0.066675 0.007467 -0.051783
v 0.014032 -0.165592 -0.158409
v 0.086436 -0.075798 -0.096508
v 0.121330 0.132631 0.011682
v -0.120125 -0.178329 -0.048520
v -0.055086 -0.100614 -0.154315
v 0.067710 -0.269594 0.026425
v -0.118151 -0.188638 0.047064
v 0.052382 -0.095330 -0.131985
v -0.010287 -0.151862 -0.144161
v -0.027672 0.008238 -0.200045
v -0.019806 -0.069239 -0.134488
v 0.058497 0.164199 -0.030509
v 0.123525 -0.092986 -0.092229
v 0.013212 -0.118193 -0.150546
v 0.058956 0.048273 -0.089938
v -0.099150 -0.021044 -0.104302
v -0.110667 -0.018714 -0.159495
v 0.013805 -0.059679 -0.150097
v 0.153402 -0.142591 -0.059125
v 0.086840 -0.273321 0.059366
v -0.021028 -0.289638 0.053733
v 0.026979 -0.018995 0.223086
v -0.027250 -0.125900 -0.124514
v 0.088985 -0.254521 -0.010599
v 0.010426 -0.301061 -0.036506
v -0.144044 -0.192271 0.125771
v 0.103527 -0.246430 0.037400
v -0.119587 -0.159543 0.159634
v 0.189615 0.033769 0.002556
v 0.159772 -0.018393 0.087922
v 0.071385 -0.287811 0.121411
v 0.019250 0.190393 0.069048
v 0.070236 -0.117450 0.195275
v 0.059641 -0.224274 0.163555
v 0.158315 -0.121328 0.054626
v 0.164465 0.099452 0.089282
v 0.177622 0.158630 0.105889
v 0.033954 -0.222197 0.139836
v 0.173317 -0.099900 0.074499
v 0.162226 -0.190473 0.044697
v 0.064355 0.149388 0.163245
v 0.165670 -0.044469 -0.010264
v 0.119555 -0.054305 0.122351
v 0.181679 -0.005993 -0.020952
v -0.054387 0.020222 0.181841
v 0.101325 -0.168792 -0.028746
v 0.122840 -0.235008 0.069069
v 0.062608 -0.160433 0.186238
v 0.096467 -0.220438 -0.022299
v 0.049916 -0.041509 0.171306
v 0.109144 -0.165536 0.183754
v -0.137573 0.002236 0.112843
v 0.152156 -0.200009 0.002842
v 0.029186 -0.212937 0.173974
v 0.118699 -0.213390 0.083680
v 0.102687 -0.088019 0.145424
v 0.072308 -0.060257 0.163796
v -0.179839 -0.087977 0.120413
v 0.129158 0.169761 0.136501
v -0.025418 -0.138401 0.156322
v 0.021202 -0.133841 0.210228
v -0.012461 -0.080723 0.205496
v 0.132439 -0.203010 0.165774
v 0.068796 0.045453 0.178208
v 0.134553 0.046668 0.148647
v 0.188634 0.046978 0.039735
v 0.139726 0.034794 0.098133
v 0.063720 -0.047759 -0.016464
v 0.070435 -0.073973 0.199584
v 0.124553 -0.158070 0.111636
v 0.157363 -0.109816 0.011899
v 0.186276 0.130298 0.074803
v 0.181759 -0.048982 0.015018
v 0.156286 -0.164045 0.036690
v 0.077246 0.007196 -0.137580
v 0.050920 0.286360 -0.083504
v -0.028361 0.106012 0.154254
v -0.015638 0.358846 0.001188
v 0.105522 0.061613 0.066395
v -0.036974 0.030918 0.216987
v 0.129992 -0.130442 0.025057
v 0.030158 0.231653 0.011789
v 0.014654 0.190013 0.115211
v -0.179433 0.207987 -0.098873
v 0.009920 0.179785 0.158518
v 0.153026 -0.096078 0.130382
v 0.048263 0.204755 -0.071279
v -0.021094 0.246620 0.009230
v 0.052265 0.171662 -0.175146
v 0.097873 0.201648 0.068280
v 0.158215 0.059083 0.008614
v 0.090083 0.123420 -0.157487
v 0.120749 0.127017 -0.058528
v 0.139975 0.191282 -0.102834
v -0.027863 0.295930 -0.058521
v 0.073918 0.210299 -0.186433
v -0.004934 0.238289 -0.152986
v -0.018302 0.166596 -0.168380
v -0.100898 -0.210573 -0.022469
v -0.128827 0.239755 -0.091785
v 0.144027 0.169033 -0.156340
v -0.116313 0.194151 -0.183775
v -0.043036 0.041368 -0.205166
v 0.009830 0.082225 -0.199543
v 0.065993 0.122612 -0.181316
v -0.174988 0.128492 -0.044085
v -0.032115 0.271026 -0.146741
v -0.001336 -0.208428 0.195859
v 0.098409 0.158269 -0.020266
v -0.079810 0.011087 -0.213027
v 0.129263 0.113081 -0.023591
v -0.116814 0.149354 0.036509
v 0.088325 -0.003338 -0.016930
v 0.098342 0.160727 -0.189427
v 0.002061 0.187991 -0.122163
v -0.157141 0.000385 -0.085313
v 0.074295 -0.012041 -0.153235
v -0.181503 -0.043889 -0.078432
v 0.127655 0.170073 -0.181746
v -0.082888 0.062392 -0.190212
v 0.054596 0.014261 -0.153721
v -0.161720 0.062037 -0.139653
v 0.070461 0.086318 -0.189635
v 0.098280 0.236605 -0.172182
v 0.073550 0.186685 -0.068310
v 0.027881 0.178940 -0.143483
v -0.034345 0.305469 -0.107958
v 0.149974 0.204209 -0.138235
v -0.132317 0.250120 -0.054201
v -0.091061 0.218305 -0.048584
v -0.057562 0.266811 -0.117038
v -0.127211 0.079063 -0.149942
v -0.015848 0.036316 0.055875
v -0.027556 0.077270 -0.169500
v -0.175830 0.241436 -0.054561
v -0.082797 0.126009 -0.065478
v -0.090133 0.181343 -0.206184
v -0.080821 0.008660 -0.075801
v -0.128198 0.149195 -0.168050
v -0.173452 0.052733 -0.024905
v -0.059692 0.134005 -0.195170
v 0.002040 0.140537 -0.139142
v -0.016767 0.198120 -0.042252
v -0.020366 0.114361 -0.169789
v -0.102480 0.139681 -0.195463
v 0.017312 0.066638 0.020791
v 0.086450 0.072453 -0.157769
v -0.071297 -0.281720 0.078898
v -0.188380 0.038327 -0.078346
v -0.221142 -0.027392 -0.005472
v -0.103764 0.117065 -0.161965
v -0.174409 -0.079366 0.022629
v -0.155623 0.112821 -0.145499
v -0.130722 -0.076591 -0.132225
v -0.127192 0.025487 -0.148309
v -0.083452 0.089483 -0.033708
v -0.094968 0.222051 -0.170475
v -0.207764 -0.063548 0.074061
v -0.170847 0.239744 -0.088707
v -0.198265 0.209532 -0.059839
v -0.047791 0.197746 -0.073882
v -0.087200 0.191895 -0.044037
v -0.043555 -0.016714 0.204592
v -0.072746 0.166278 0.090256
v -0.176563 0.194938 -0.017950
v 0.040369 0.199445 0.040621
v -0.174573 0.126587 0.064992
v -0.072851 0.097266 0.165343
v -0.177045 0.038716 0.026411
v -0.028343 0.163118 0.122048
v -0.200810 0.114698 -0.087326
v -0.061134 0.166481 -0.079578
v -0.187530 -0.111355 -0.001764
v -0.021404 0.065267 0.187111
v 0.044451 0.155912 -0.001160
v -0.082811 0.169157 0.125347
v -0.143160 0.096756 0.064017
v -0.188751 0.081846 -0.015069
v -0.145964 0.147964 0.058537
v -0.187712 0.071054 0.069564
v -0.108744 0.135742 0.078279
v -0.202168 -0.038308 0.080267
v -0.190177 -0.038452 0.039595
v -0.172022 -0.127392 0.037428
v -0.015034 -0.031464 0.215380
v -0.111400 0.041359 0.120891
v -0.076472 0.043114 0.053453
v -0.049796 -0.086078 0.177226
v -0.138900 -0.129243 0.146684
v -0.025932 -0.047212 0.182795
v -0.118831 -0.237562 0.073988
v -0.040809 0.036157 0.142236
v -0.110917 0.159600 0.106530
v -0.158571 0.034864 0.122752
v 0.061767 -0.051278 0.117525
v -0.007133 -0.245814 0.167977
v -0.180420 -0.053885 0.130863
v -0.140703 -0.083529 0.131962
v 0.035979 -0.315586 0.115231
v -0.104819 -0.285745 0.045018
v -0.213294 0.012390 -0.052648
v -0.152796 -0.130901 0.074745
v -0.183364 -0.029535 0.030229
v -0.198847 -0.067014 -0.018582
v -0.207420 0.013883 0.004947
v -0.218547 -0.033249 -0.053511
v -0.172533 -0.001282 0.049285
v 0.079972 -0.183911 -0.080743
v -0.044624 -0.244074 0.111184
v -0.141659 -0.112272 0.123514
v 0.048845 -0.310917 0.041694
v -0.005743 -0.276845 -0.063587
v -0.024694 -0.234998 -0.065958
v -0.021939 -0.269283 -0.009388
v -0.116328 -0.052550 0.182340
v 0.073181 0.036599 -0.067181
v -0.079096 -0.140848 -0.126327
v -0.067375 0.097289 -0.107056
v -0.075011 -0.057123 -0.158278
v -0.100605 -0.087343 -0.160781
v -0.159170 0.033734 -0.117041
v -0.125087 -0.042557 -0.108501
v 0.156606 -0.144348 -0.009585
v 0.129159 -0.157482 -0.058775
v 0.146131 -0.196342 0.078825
v 0.090283 0.056266 -0.064677
v 0.064292 -0.185298 -0.029318
v 0.009777 -0.091553 -0.122703
v 0.033525 0.275230 -0.143871
v 0.000992 -0.006618 -0.159772
v 0.008271 -0.244700 -0.085657
v 0.123622 -0.218171 -0.015757
v -0.051865 -0.238465 -0.028011
v -0.005721 -0.200726 -0.081677
v 0.088385 -0.243817 0.078514
v -0.006081 -0.310959 0.091949
v 0.075151 -0.037934 0.096068
v 0.148223 -0.218028 0.069900
v 0.126048 -0.232161 -0.004458
v 0.146013 -0.149360 0.022101
v 0.088472 -0.265564 -0.043920
v 0.195748 -0.029878 0.003280
v 0.140724 -0.026090 0.088271
v 0.115068 -0.008436 0.123444
v 0.002724 -0.304987 0.111978
v -0.032788 -0.248835 0.160318
v -0.195531 -0.009105 -0.082648
v 0.143249 -0.071729 0.133159
v 0.067813 -0.186959 0.191403
v 0.097795 0.046224 0.178152
v -0.001332 0.075280 0.132626
v -0.058309 0.002755 0.130695
v 0.011238 0.125199 -0.091410
v 0.077905 0.103812 0.118770
v 0.065437 -0.025367 0.060968
v 0.132649 0.006585 0.123338
v 0.086118 -0.084901 0.175206
v 0.105060 0.201957 0.108022
v 0.185311 0.137663 0.057466
v 0.157910 0.171480 0.127378
v 0.065938 0.061945 0.046513
v 0.079513 0.137832 0.137056
v 0.100917 0.169310 0.027500
v 0.008771 0.159040 0.080790
v -0.016711 0.137744 0.008009
v -0.017537 0.118659 0.088420
v 0.018138 0.045356 0.089887
v 0.039087 0.085232 0.081080
v 0.036443 0.159864 0.180908
v 0.026953 -0.028817 0.135933
v -0.019102 0.339576 0.022022
v 0.016480 0.201142 0.027068
v 0.125987 0.227201 -0.103818
v 0.112730 0.148866 -0.037251
v 0.057565 0.274447 -0.106501
v 0.142314 0.205401 -0.166938
v 0.155423 -0.005597 -0.035684
v 0.087428 0.087488 -0.125630
v 0.052096 0.067013 -0.199916
v 0.039201 0.001037 -0.008351
v 0.010716 0.069378 -0.079644
v 0.094387 0.021495 -0.026492
v -0.023056 0.156660 -0.061830
v 0.027131 -0.027290 0.005165
v -0.026978 0.078926 -0.001398
v -0.006388 0.172894 -0.024419
v 0.052293 0.277905 -0.122325
v 0.039832 0.105125 -0.204394
v -0.069468 0.213639 -0.194921
v -0.034694 0.063833 -0.031458
v -0.093847 0.037706 -0.206905
v -0.077224 0.119062 -0.181630
v -0.028668 0.090730 -0.118213
v -0.093070 0.170253 0.008376
v 0.004676 0.089983 -0.028594
v -0.058970 0.111403 -0.152438
v -0.070157 0.111344 -0.161155
v -0.214323 0.152524 0.000208
v -0.133801 0.090165 0.000734
v -0.109740 0.159753 -0.080019
v -0.149333 0.151977 -0.030111
v -0.212793 0.023495 -0.022035
v -0.228299 0.122278 0.035402
v -0.111759 0.015588 -0.194111
v -0.120032 0.042063 -0.174516
v -0.091968 -0.020171 -0.196091
v -0.193995 -0.066347 -0.053928
v -0.030600 0.065946 -0.078887
v -0.148436 -0.162181 0.047109
v -0.112465 0.143608 -0.013257
v -0.062536 0.243530 -0.073273
v -0.067088 0.078870 -0.030849
v -0.202129 0.161480 0.034572
v -0.017229 0.222881 0.014687
v -0.069654 0.170599 0.028413
v -0.179709 0.060041 0.106581
v -0.213607 0.130974 0.052570
v -0.058812 0.075229 0.139373
v -0.027795 0.062029 0.161225
v 0.031189 0.126346 0.072935
v -0.035944 0.144069 0.082258
v -0.205187 0.103477 0.059403
v 0.029712 0.015514 0.019533
v -0.072433 0.143060 0.059446
v -0.021043 0.035703 0.018903
v -0.059306 0.084643 0.082179
v -0.126519 -0.030743 -0.075320
v -0.178260 -0.010025 0.071023
v -0.077438 -0.173489 0.157732
v -0.040393 -0.008068 0.070449
v 0.042345 -0.046264 0.029667
v 0.009151 -0.024172 0.046797
v -0.078250 0.035601 0.089223
v -0.109224 -0.092083 0.125743
v -0.086749 0.004631 0.140199
v -0.032407 -0.118456 0.124802
v -0.163068 -0.036582 0.134269
v -0.165580 -0.153606 0.120320
v -0.069736 -0.203499 0.173977
v -0.102891 -0.271071 0.079632
v -0.050128 -0.106959 0.130196
v -0.134337 -0.206758 0.093717
v -0.021261 -0.172037 0.197977
v -0.061647 0.041111 -0.012045
v -0.020643 -0.285782 0.095016
v -0.025273 -0.249796 0.125358
v -0.066873 -0.300089 0.040132
v -0.074326 -0.242188 -0.061670
v -0.156698 -0.180932 0.082206
v -0.114591 -0.199266 0.016586
v -0.169620 -0.155249 0.092593
v -0.119460 -0.123258 -0.122121
v -0.121485 -0.199096 -0.059945
v -0.110716 0.043192 0.007084
v -0.106925 -0.243925 -0.009872
v -0.020532 -0.280470 -0.032211
v 0.026933 -0.290452 -0.069663
v -0.011201 -0.093021 -0.108799
v -0.103788 -0.004438 -0.059039
v -0.031032 -0.037877 -0.128226
v -0.005694 0.036664 -0.176885
v -0.100706 -0.118529 -0.150077
v 0.066885 -0.175169 -0.153172
v 0.059981 -0.197586 -0.066203
v 0.174297 -0.129239 -0.034812
v 0.086474 -0.063921 -0.124142
v 0.061976 -0.086419 -0.098915
v 0.171316 0.050999 -0.000202
v -0.045157 -0.023542 -0.023178
v -0.011052 -0.039951 0.006780
v 0.038215 -0.072176 0.000633
v 0.053342 -0.151314 -0.034645
v 0.128209 -0.124081 0.135312
v 0.043486 -0.299399 0.131820
v 0.143944 -0.000625 0.094085
v 0.071590 -0.043849 0.068457
v 0.140342 0.064599 0.126939
v 0.124329 0.090091 0.050861
v 0.122702 0.074801 0.086524
v -0.008649 0.008306 0.098931
v 0.052228 0.083535 0.146836
v 0.124389 0.075555 0.153411
v 0.006859 0.092428 0.170806
v 0.080566 0.163591 -0.047899
v 0.146507 0.165035 -0.117422
v 0.083274 0.079252 -0.085944
v 0.066990 0.025500 0.006076
v 0.043124 0.041224 -0.058482
v 0.011643 0.042283 -0.069843
v 0.014079 0.191983 -0.061682
v 0.008856 0.056694 -0.046228
v 0.070217 0.042405 -0.169045
v -0.014037 0.191955 -0.144580
v 0.051540 0.290143 -0.111188
v -0.005469 0.320480 -0.090574
v -0.101051 0.223470 -0.128770
v -0.100510 0.106545 -0.135209
v -0.079575 0.154713 -0.211656
v -0.047166 0.066314 -0.192058
v -0.065765 -0.005842 0.007581
v -0.017850 0.148601 -0.110944
v -0.020335 0.177728 -0.076893
v -0.087395 0.185202 -0.080722
v -0.106818 0.066086 -0.021915
v -0.205455 0.072806 -0.087988
v -0.150533 0.221999 -0.113310
v -0.154113 0.178727 -0.110726
v -0.164707 0.230232 -0.019469
v -0.149394 0.182405 0.000598
v -0.005793 0.181764 0.103369
v -0.110036 0.086048 0.045614
v -0.043110 0.084854 0.117694
v -0.139024 0.058350 0.127781
v -0.051795 0.120181 0.065472
v -0.022483 -0.017417 0.023023
v 0.080731 0.096895 0.069630
v -0.194934 0.171397 0.000443
v 0.016410 -0.044594 0.020096
v -0.012791 -0.093504 0.113919
v 0.036552 0.026492 0.063030
v -0.073928 -0.013730 0.188746
v -0.049719 -0.144573 0.127469
v -0.043859 -0.295827 0.033234
v -0.125805 -0.217680 0.046909
v -0.183943 -0.137437 -0.029940
v -0.122476 -0.182194 -0.028823
v -0.230000 -0.002138 -0.031166
v -0.185912 0.048278 -0.113250
v -0.112288 -0.053369 -0.148927
v 0.018503 -0.027671 0.028027
v -0.088376 0.026889 0.005433
v -0.078505 -0.020764 -0.055322
v -0.084210 -0.178885 -0.123955
v -0.054776 -0.241801 -0.077593
v -0.006367 -0.137819 -0.148713
v -0.137665 -0.104208 -0.104225
v -0.121799 -0.107649 -0.144145
v 0.082831 -0.118644 0.126851
v 0.082501 -0.070986 0.128638
v 0.059179 0.107404 0.077130
v -0.006017 0.136300 0.077366
v 0.073533 0.121886 0.156656
v 0.095337 0.130117 -0.100985
v 0.005969 0.155416 -0.056671
v 0.027095 0.154853 -0.113096
v -0.021124 0.111506 -0.108243
v -0.156052 0.072722 0.012610
v -0.148817 0.132604 -0.035905
v -0.136352 0.123340 -0.142387
v -0.012259 0.009119 0.025631
v -0.058587 0.020813 0.055069
v -0.086221 -0.081978 0.191254
v -0.160714 -0.136517 0.045934
v -0.087618 -0.006713 -0.036770
v -0.072548 0.014678 0.026877
v -0.028740 0.004084 0.002041
v 0.063936 0.038832 0.025950
v 0.006231 0.104423 -0.049786
vn 0.7289 -0.5370 -0.4247
vn 0.9186 -0.3734 0.1297
vn 0.8858 0.0922 -0.4549
vn 0.8243 -0.2520 0.5070
vn 0.2768 -0.6530 0.7049
vn -0.8009 -0.2329 -0.5517
vn 0.6217 -0.6601 -0.4216
vn -0.5760 -0.8167 -0.0335
vn 0.2725 0.7564 0.5946
vn 0.1753 0.7542 -0.6329
vn 0.5842 -0.1228 -0.8022
vn 0.6678 0.5004 0.5510
vn 0.9540 -0.2609 0.1478
vn 0.7505 0.1223 -0.6495
vn 0.4493 -0.8843 -0.1272
vn 0.4176 0.4838 -0.7691
vn 0.1111 -0.4060 -0.9071
vn -0.0879 0.7143 -0.6943
vn 0.1351 -0.2503 -0.9587
vn -0.3727 -0.6711 -0.6409
vn 0.1434 -0.6498 -0.7464
vn 0.6903 -0.7189 0.0819
vn 0.5085 -0.2785 -0.8148
vn 0.8954 -0.1893 0.4030
vn 0.9298 -0.2843 -0.2338
vn 0.4725 -0.0664 0.8788
vn 0.5868 -0.3063 -0.7495
vn 0.9332 -0.3266 -0.1501
vn 0.7553 -0.5238 -0.3939
vn 0.3574 -0.3258 0.8753
vn -0.2511 0.1999 -0.9471
vn 0.9439 0.3122 -0.1075
vn 0.9558 0.1358 -0.2609
vn 0.8559 0.3163 0.4091
vn 0.5217 -0.8507 -0.0639
vn 0.6001 0.7345 0.3168
vn 0.6697 -0.2124 -0.7116
vn 0.4167 -0.4447 0.7928
vn 0.2745 -0.0745 0.9587
vn 0.7775 -0.2585 0.5733
vn 0.3215 -0.6904 0.6481
vn 0.0745 0.2047 0.9760
vn 0.2855 -0.8573 0.4283
vn -0.0167 -0.7459 0.6658
vn 0.4997 0.1128 0.8588
vn 0.8625 -0.1174 0.4922
vn 0.8066 0.1118 0.5804
vn 0.9183 0.2219 0.3280
vn 0.9734 -0.2268 -0.0340
vn 0.7427 0.3339 -0.5805
vn 0.2158 0.8480 0.4840
vn -0.3072 0.0180 -0.9515
vn 0.8572 0.3613 0.3670
vn 0.9074 0.2823 -0.3115
vn -0.0101 0.4463 0.8948
vn 0.1822 0.9808 0.0693
vn 0.3526 0.8854 0.3030
vn 0.9515 -0.2518 0.1768
vn -0.0572 -0.1346 -0.9892
vn 0.2592 -0.0192 -0.9656
vn 0.8325 -0.1185 -0.5413
vn 0.5710 -0.6032 -0.5569
vn 0.5937 -0.6918 -0.4109
vn 0.7762 -0.3065 0.5509
vn 0.9569 -0.2106 0.2000
vn 0.9464 -0.0102 -0.3229
vn 0.4888 0.3696 -0.7902
vn 0.9623 -0.2294 -0.1458
vn 0.2095 0.7866 -0.5808
vn 0.8055 0.5619 -0.1882
vn -0.8243 0.5472 0.1455
vn -0.0392 0.9791 0.1997
vn 0.9072 -0.2242 0.3558
vn -0.6760 0.6854 -0.2708
vn 0.2549 0.0436 0.9660
vn 0.0178 -0.1199 0.9926
vn -0.0180 -0.7253 -0.6882
vn 0.2889 -0.6587 -0.6947
vn 0.4544 0.0417 -0.8898
vn -0.4652 0.4477 -0.7637
vn -0.7997 -0.1507 -0.5812
vn 0.1380 0.9694 -0.2028
vn 0.4574 -0.8851 0.0862
vn -0.0696 0.9463 -0.3157
vn 0.3034 0.3777 0.8748
vn -0.0444 0.6749 0.7366
vn -0.6635 0.7136 0.2247
vn 0.4869 0.8205 0.2995
vn -0.8509 0.5229 -0.0505
vn -0.9303 0.3636 0.0492
vn 0.6145 0.5244 -0.5894
vn 0.6313 -0.1821 -0.7538
vn 0.7958 0.4075 -0.4479
vn 0.0767 0.6186 0.7820
vn -0.0737 -0.1973 -0.9776
vn -0.2131 -0.4246 0.8800
vn -0.5441 0.0800 0.8352
vn -0.8833 -0.4687 0.0134
vn 0.1013 -0.7726 0.6267
vn -0.2777 0.5547 -0.7843
vn -0.7778 0.6161 -0.1245
vn -0.5323 0.3943 -0.7491
vn -0.6510 -0.0024 -0.7591
vn -0.8735 0.3096 0.3757
vn 0.9568 -0.2056 0.2056
vn -0.1889 0.2440 0.9512
vn -0.7494 0.4161 -0.5151
vn 0.3845 0.8019 -0.4573
vn -0.2825 0.1449 0.9483
vn 0.7388 0.3268 0.5894
vn -0.6519 -0.3020 0.6956
vn 0.5645 -0.0093 0.8254
vn -0.8747 0.4440 0.1947
vn -0.8492 -0.1134 -0.5158
vn -0.1659 0.5578 0.8132
vn -0.7829 0.1300 0.6084
vn -0.8971 0.0090 0.4417
vn -0.5025 0.4405 0.7440
vn -0.4321 0.4849 0.7603
vn -0.0445 0.9464 -0.3198
vn -0.5846 0.7961 0.1563
vn -0.3273 0.3853 0.8628
vn -0.5935 0.2600 0.7617
vn -0.6968 0.1948 0.6903
vn -0.5866 0.0707 0.8068
vn -0.1423 -0.6603 0.7373
vn -0.3138 -0.8632 0.3954
vn 0.9125 0.3974 0.0967
vn -0.6681 -0.3516 -0.6558
vn 0.5392 0.6999 0.4685
vn -0.5139 -0.7557 0.4060
vn -0.5860 -0.4260 -0.6892
vn -0.7859 -0.0472 -0.6166
vn -0.7885 0.1724 -0.5904
vn -0.9558 -0.0440 -0.2908
vn -0.7817 -0.5690 0.2552
vn -0.7177 -0.5024 -0.4822
vn -0.3518 -0.5938 -0.7236
vn -0.6504 -0.5991 -0.4669
vn 0.3514 0.6518 -0.6721
vn 0.5633 0.2998 -0.7700
vn -0.9629 0.1757 -0.2047
vn -0.2905 -0.8703 -0.3977
vn -0.8135 -0.3927 -0.4289
vn 0.7876 -0.5328 0.3097
vn -0.6972 0.0833 -0.7120
vn 0.1274 -0.0788 -0.9887
vn -0.4002 -0.8209 -0.4073
vn -0.2745 -0.5340 -0.7997
vn 0.7882 -0.1171 -0.6042
vn -0.8209 0.1051 -0.5614
vn -0.1118 -0.6885 -0.7165
vn 0.9498 0.0713 0.3046
vn -0.5646 -0.5438 -0.6209
vn -0.9845 0.1389 -0.1071
vn -0.8845 -0.3970 -0.2451
vn 0.9298 -0.3603 0.0753
vn 0.8780 -0.4783 0.0204
vn 0.9261 -0.3772 -0.0101
vn 0.9324 0.0079 -0.3613
vn -0.1234 -0.8855 -0.4479
vn 0.8526 -0.3589 -0.3799
vn 0.1144 -0.9600 -0.2555
vn 0.3257 -0.5483 -0.7703
vn 0.1043 -0.5079 -0.8551
vn 0.4911 -0.2592 -0.8316
vn 0.9300 -0.1427 -0.3387
vn 0.9256 0.0690 -0.3722
vn -0.3417 0.1584 0.9264
vn 0.5708 0.4037 -0.7150
vn 0.1111 -0.0078 -0.9938
vn 0.8127 0.1333 -0.5673
vn 0.7927 0.4697 0.3887
vn 0.4009 -0.0565 -0.9144
vn 0.9875 -0.1566 0.0190
vn 0.8759 0.3773 0.3008
vn 0.0432 0.7169 -0.6958
vn 0.4999 0.5717 -0.6506
vn -0.1415 -0.7470 0.6496
vn 0.5500 0.3848 -0.7413
vn 0.2922 0.4160 -0.8612
vn 0.9660 -0.2379 -0.1009
vn 0.5982 -0.2429 -0.7636
vn 0.8100 0.2959 -0.5062
vn -0.3835 0.9136 -0.1349
vn 0.4381 0.5406 -0.7182
vn 0.6839 -0.6706 -0.2873
vn 0.5541 -0.4222 -0.7175
vn 0.7591 -0.4199 -0.4975
vn 0.8351 0.2644 -0.4824
vn -0.0235 0.6332 -0.7736
vn 0.3769 -0.2669 -0.8869
vn 0.6268 -0.2866 -0.7245
vn 0.0597 0.2830 -0.9573
vn -0.2191 -0.6199 -0.7535
vn 0.1188 -0.3445 -0.9312
vn 0.1157 0.4990 -0.8589
vn -0.0861 0.1616 -0.9831
vn 0.6976 -0.5941 0.4004
vn -0.0744 -0.4193 -0.9048
vn 0.2536 -0.8940 -0.3694
vn 0.6169 -0.1439 -0.7738
vn 0.3184 -0.9442 0.0845
vn -0.0771 -0.1752 -0.9815
vn 0.7435 0.0979 -0.6616
vn 0.5332 -0.6383 -0.5552
vn 0.8344 0.4863 -0.2595
vn 0.7029 0.5547 -0.4453
vn 0.6653 -0.3222 -0.6734
vn 0.2340 -0.9538 -0.1887
vn -0.4130 -0.7874 -0.4576
vn -0.2692 -0.2287 -0.9355
vn 0.4177 -0.5281 -0.7394
vn 0.5280 0.0770 0.8457
vn 0.6987 0.3222 -0.6388
vn 0.6468 -0.7370 0.1962
vn 0.7681 -0.6290 0.1198
vn -0.3488 -0.9171 -0.1929
vn 0.1613 -0.8674 0.4707
vn 0.0230 -0.9585 0.2843
vn 0.2749 -0.9590 -0.0688
vn 0.2226 -0.4257 -0.8770
vn 0.5108 -0.8184 0.2633
vn 0.9790 -0.1976 0.0504
vn 0.6895 -0.7167 0.1045
vn 0.5803 -0.7000 -0.4162
vn 0.9585 -0.2627 0.1104
vn 0.4477 -0.8783 -0.1677
vn 0.7205 -0.5047 -0.4755
vn 0.8971 -0.2726 0.3477
vn 0.2866 -0.9436 0.1655
vn 0.6996 -0.7103 0.0784
vn 0.3439 -0.4797 0.8072
vn -0.1317 -0.9145 -0.3826
vn 0.5483 -0.8359 -0.0252
vn 0.0734 -0.1303 -0.9888
vn 0.6750 0.3715 0.6374
vn -0.6403 -0.3160 -0.7001
vn -0.3108 -0.3890 -0.8672
vn -0.2853 0.1481 -0.9469
vn 0.8197 0.4409 0.3655
vn -0.8690 0.4801 -0.1196
vn -0.7977 -0.0213 0.6027
vn -0.2431 0.1426 0.9595
vn -0.2406 0.0942 0.9660
vn -0.4081 0.8733 -0.2662
vn 0.2954 -0.1161 -0.9483
vn 0.8637 0.4966 -0.0864
vn 0.6600 -0.6048 -0.4458
vn 0.7764 -0.3090 -0.5493
vn 0.2358 -0.5855 -0.7756
vn 0.3574 -0.9258 -0.1233
vn 0.3891 -0.9165 0.0933
vn 0.3735 0.5536 -0.7443
vn 0.8691 -0.4724 -0.1467
vn 0.9444 0.1873 -0.2703
vn 0.6612 -0.7344 0.1532
vn 0.5107 -0.8272 -0.2343
vn 0.8907 0.0403 0.4528
vn 0.9403 0.1947 -0.2792
vn 0.6947 0.1503 0.7034
vn 0.6593 0.5822 -0.4757
vn 0.4643 0.3385 -0.8184
vn 0.4425 -0.4062 -0.7995
vn 0.2012 -0.4984 -0.8433
vn -0.3473 0.6877 0.6375
vn -0.9887 -0.0801 0.1266
vn 0.5953 0.3971 0.6985
vn 0.5270 -0.7129 -0.4627
vn 0.6265 -0.7716 0.1100
vn 0.7186 -0.1960 0.6672
vn 0.8943 -0.0875 0.4389
vn 0.5350 -0.4254 -0.7299
vn 0.8890 0.0637 -0.4534
vn 0.9032 -0.4244 -0.0648
vn 0.8480 -0.4679 0.2490
vn 0.5477 -0.6909 -0.4719
vn 0.6408 -0.7570 -0.1279
vn 0.8218 -0.5698 -0.0060
vn 0.3031 -0.4931 0.8154
vn 0.8610 -0.5085 0.0113
vn -0.6538 -0.2663 0.7083
vn 0.7433 0.5764 0.3396
vn 0.7670 0.6341 0.0982
vn 0.9486 -0.0052 0.3163
vn 0.6304 -0.4200 0.6529
vn -0.8927 -0.3426 0.2928
vn 0.8969 -0.2476 0.3664
vn 0.8922 0.2510 -0.3756
vn 0.8546 -0.2022 0.4782
vn 0.6162 0.3343 -0.7131
vn 0.5912 -0.8037 -0.0668
vn 0.5401 -0.8172 0.2011
vn 0.9136 -0.4005 0.0698
vn 0.8634 0.2778 0.4211
vn 0.9068 -0.0827 0.4134
vn 0.8333 0.3232 0.4486
vn 0.0525 0.1945 0.9795
vn 0.8551 -0.3623 -0.3709
vn 0.8139 0.2556 0.5218
vn -0.5701 0.6551 0.4958
vn 0.4974 -0.5312 0.6859
vn 0.9556 0.1076 -0.2745
vn 0.6988 -0.6872 0.1987
vn 0.9054 0.1113 -0.4098
vn 0.6639 -0.7478 -0.0007
vn 0.9182 0.2666 0.2929
vn 0.5829 -0.5057 0.6360
vn 0.7251 0.5667 0.3911
vn 0.7521 0.6573 0.0483
vn 0.6337 -0.7413 -0.2212
vn 0.9713 -0.0225 0.2367
vn 0.9637 -0.1791 0.1982
vn 0.5050 -0.7419 0.4411
vn 0.4839 -0.7257 0.4891
vn 0.4659 0.0150 0.8847
vn 0.2303 0.4594 -0.8579
vn -0.2708 -0.6249 0.7323
vn 0.3709 -0.9120 0.1751
vn -0.0279 -0.4714 0.8815
vn -0.4119 -0.1726 0.8947
vn 0.9855 0.1363 0.1007
vn 0.3521 -0.5297 0.7717
vn -0.2750 -0.9369 0.2157
vn -0.2849 -0.9313 0.2270
vn 0.1178 -0.7722 0.6243
vn 0.0307 -0.9244 0.3803
vn 0.4648 0.0189 0.8852
vn 0.3818 -0.0934 0.9195
vn 0.5054 -0.0972 0.8574
vn 0.1112 0.6462 0.7550
vn -0.0750 -0.1813 0.9806
vn 0.0473 -0.6041 0.7955
vn 0.4140 -0.5846 0.6978
vn -0.4558 0.0831 0.8862
vn -0.1304 -0.5745 0.8081
vn 0.0487 -0.6262 0.7781
vn -0.4799 -0.2287 0.8470
vn 0.3585 -0.2526 0.8987
vn 0.1617 0.0402 0.9860
vn 0.8210 -0.1784 0.5423
vn 0.3115 0.3551 0.8814
vn 0.5156 -0.0869 0.8524
vn 0.3731 -0.3226 0.8699
vn 0.2702 0.0246 0.9625
vn 0.8259 -0.2817 0.4883
vn 0.6882 -0.5025 0.5233
vn 0.9578 -0.2274 0.1759
vn 0.2503 -0.0673 0.9658
vn 0.4505 -0.7064 -0.5459
vn 0.5275 0.8487 -0.0379
vn 0.6424 0.7663 0.0023
vn 0.6696 0.6811 0.2961
vn 0.4633 0.7302 0.5021
vn 0.7325 0.6403 -0.2312
vn -0.0004 -0.8491 -0.5283
vn 0.2479 0.7457 0.6184
vn 0.6715 0.7409 -0.0092
vn -0.2120 0.6277 0.7491
vn 0.1310 -0.2364 0.9628
vn 0.0416 -0.1085 0.9932
vn 0.8998 -0.3937 -0.1880
vn 0.1246 -0.2648 0.9562
vn 0.6232 -0.7274 0.2873
vn 0.2843 -0.8300 0.4798
vn 0.3920 -0.8522 0.3466
vn 0.2750 -0.8486 0.4520
vn 0.5843 -0.6807 0.4418
vn 0.8273 -0.0592 0.5587
vn 0.7880 0.5600 0.2559
vn 0.7384 0.5761 0.3505
vn 0.8402 -0.0080 0.5422
vn -0.8325 0.2357 0.5014
vn -0.2157 0.6227 0.7522
vn 0.0286 0.5547 0.8315
vn 0.9380 0.0922 0.3343
vn 0.9023 -0.2583 0.3453
vn 0.6221 -0.4370 0.6497
vn 0.2872 0.0061 0.9579
vn 0.8428 0.2864 0.4556
vn 0.2500 0.6638 0.7049
vn 0.4545 0.8256 0.3345
vn 0.1126 -0.2347 0.9655
vn 0.2878 -0.0748 0.9548
vn 0.4653 0.8778 -0.1134
vn 0.3113 0.9481 0.0645
vn 0.6855 0.6916 -0.2276
vn 0.9310 0.3510 -0.1001
vn 0.7429 -0.3823 0.5495
vn 0.4174 0.6417 0.6434
vn 0.8876 -0.1894 0.4198
vn 0.7793 -0.6127 -0.1314
vn 0.8295 -0.4070 0.3825
vn 0.9666 0.2534 0.0381
vn 0.9648 0.2570 0.0555
vn 0.8141 -0.5169 -0.2649
vn 0.6373 -0.3378 -0.6927
vn 0.5027 -0.4021 -0.7653
vn 0.7467 0.0345 0.6643
vn 0.3037 -0.0257 0.9524
vn -0.5495 -0.4724 0.6891
vn 0.6207 -0.5898 0.5167
vn 0.5130 0.0287 0.8579
vn 0.5521 0.6704 0.4957
vn -0.6344 -0.7192 -0.2834
vn 0.7203 0.1077 -0.6853
vn 0.9039 0.2792 -0.3240
vn 0.3676 0.9273 0.0701
vn 0.3213 -0.6292 -0.7077
vn 0.9520 -0.1210 0.2812
vn 0.4968 -0.8056 -0.3227
vn 0.9016 0.2908 -0.3201
vn 0.0542 0.0175 -0.9984
vn 0.4673 -0.8267 0.3134
vn 0.9554 -0.1607 -0.2476
vn -0.2360 -0.8773 0.4178
vn -0.4120 0.4262 0.8054
vn -0.5747 0.1812 0.7980
vn -0.4141 -0.2097 -0.8858
vn 0.7487 -0.6210 -0.2321
vn 0.1677 0.9389 0.3007
vn 0.2236 0.8631 -0.4529
vn -0.6968 0.2674 -0.6656
vn -0.7800 0.2869 -0.5562
vn 0.4194 0.3706 -0.8287
vn -0.2876 0.0907 -0.9535
vn -0.1698 -0.9848 -0.0375
vn -0.4841 -0.7067 -0.5160
vn -0.5696 -0.7989 0.1930
vn 0.0178 -0.1910 -0.9814
vn -0.8283 0.3467 0.4401
vn 0.2996 0.6769 -0.6724
vn 0.8729 0.3298 0.3596
vn 0.6279 0.7780 0.0201
vn 0.4457 -0.3202 0.8359
vn 0.1851 -0.2203 0.9577
vn 0.1830 -0.1278 0.9748
vn 0.7872 0.3557 0.5037
vn 0.9791 -0.1516 0.1359
vn 0.9829 -0.1295 0.1311
vn -0.0009 0.1085 0.9941
vn 0.4488 -0.3231 0.8332
vn 0.0273 0.4274 0.9037
vn 0.1852 -0.1343 0.9735
vn 0.4478 0.2731 0.8514
vn 0.5590 -0.0121 0.8291
vn 0.8837 0.1928 0.4264
vn 0.7613 0.3694 0.5328
vn 0.3515 0.4175 0.8380
vn -0.8392 0.3201 -0.4397
vn -0.0251 -0.0638 0.9976
vn 0.4809 0.5685 0.6674
vn 0.3661 0.8249 0.4306
vn 0.3660 -0.0554 0.9290
vn 0.4943 -0.1318 0.8592
vn 0.5351 0.0015 0.8448
vn 0.8339 -0.1468 0.5320
vn 0.8724 0.2364 0.4279
vn 0.6092 -0.2419 0.7553
vn 0.2579 0.4756 0.8410
vn 0.2365 0.8258 0.5120
vn 0.2040 -0.0890 0.9749
vn 0.6227 0.0909 0.7772
vn 0.6003 0.3267 0.7300
vn 0.2362 0.5478 0.8025
vn 0.4612 0.8599 0.2188
vn -0.4393 0.3466 0.8288
vn -0.0867 0.4549 0.8863
vn -0.0744 0.9649 0.2520
vn -0.5727 0.8140 0.0972
vn -0.0630 0.8616 0.5037
vn 0.5991 0.6331 0.4902
vn 0.1135 0.7288 -0.6752
vn -0.3105 0.9501 0.0304
vn 0.9543 -0.2842 0.0927
vn -0.0024 0.9733 0.2296
vn -0.3840 0.5453 0.7451
vn -0.2014 0.7601 -0.6178
vn -0.5791 0.8005 -0.1546
vn -0.3456 -0.8372 -0.4239
vn -0.4314 0.6739 -0.5998
vn -0.4084 0.7001 -0.5857
vn -0.6159 0.7855 0.0599
vn 0.6622 0.6053 0.4416
vn 0.1504 0.9607 -0.2334
vn -0.0125 0.9999 -0.0055
vn 0.1643 0.7362 0.6565
vn -0.2460 0.5323 0.8100
vn 0.8292 0.5334 -0.1668
vn 0.1330 0.4540 -0.8810
vn 0.1955 0.7278 0.6573
vn 0.2570 0.4239 -0.8685
vn 0.5466 0.5380 -0.6417
vn 0.7173 0.6708 0.1884
vn 0.7024 0.6684 0.2447
vn 0.4737 0.8450 -0.2480
vn -0.1300 0.9598 0.2489
vn 0.4731 0.2448 0.8463
vn 0.7798 -0.4463 0.4389
vn -0.4516 0.6637 -0.5963
vn 0.3838 0.9170 0.1088
vn 0.2199 0.9201 -0.3240
vn 0.3689 0.2460 0.8963
vn 0.9655 0.0425 0.2570
vn 0.2000 0.9582 0.2046
vn -0.0201 0.9109 0.4121
vn 0.7371 0.6728 0.0643
vn 0.4528 0.2002 0.8689
vn 0.2002 -0.4375 0.8767
vn 0.8623 0.3459 0.3699
vn 0.9651 0.2596 -0.0349
vn 0.7434 -0.6588 -0.1151
vn 0.3644 0.7459 -0.5575
vn 0.7342 0.6577 -0.1686
vn 0.2643 0.9498 -0.1673
vn -0.4380 0.7067 -0.5557
vn 0.0354 0.4505 -0.8921
vn 0.7051 0.5129 -0.4896
vn -0.2871 0.0400 -0.9571
vn -0.0138 0.0535 -0.9985
vn -0.3159 -0.0986 -0.9437
vn 0.5293 0.1317 -0.8382
vn 0.9654 -0.0300 -0.2589
vn 0.6616 -0.4891 0.5684
vn 0.6952 0.0762 -0.7148
vn 0.6109 -0.6539 0.4464
vn 0.7773 -0.5509 0.3038
vn 0.5571 -0.8155 -0.1567
vn 0.6259 -0.7335 -0.2651
vn 0.6781 0.2425 -0.6938
vn 0.3797 -0.6487 -0.6596
vn 0.9479 0.1692 0.2699
vn 0.8911 0.3301 -0.3115
vn 0.9446 -0.3073 0.1150
vn 0.8814 -0.0602 -0.4685
vn 0.5998 -0.4372 -0.6702
vn 0.9975 -0.0711 0.0029
vn 0.6058 -0.3441 -0.7173
vn 0.7166 0.0015 -0.6975
vn 0.4826 0.3868 -0.7858
vn -0.0037 0.7343 -0.6788
vn 0.3151 0.6481 -0.6933
vn 0.9651 -0.0535 -0.2565
vn 0.8813 0.4534 -0.1334
vn 0.7776 0.5032 0.3771
vn 0.9150 0.3983 -0.0641
vn 0.8143 0.5656 -0.1303
vn 0.6294 -0.4683 -0.6201
vn -0.0185 0.1177 -0.9929
vn -0.0286 0.2349 -0.9716
vn -0.4272 -0.2322 -0.8738
vn 0.7561 -0.4414 -0.4832
vn -0.3625 -0.6017 0.7117
vn 0.7115 -0.4798 -0.5134
vn 0.7000 -0.5395 -0.4679
vn 0.8339 0.1006 0.5427
vn 0.6090 0.1966 -0.7685
vn -0.0222 0.6187 -0.7853
vn 0.9393 0.0210 0.3425
vn 0.7905 0.5800 -0.1966
vn -0.7949 0.4402 -0.4175
vn -0.2347 -0.9166 -0.3235
vn -0.1447 -0.0594 0.9877
vn 0.6249 -0.4634 -0.6283
vn 0.6332 -0.4127 -0.6547
vn 0.5785 -0.3597 -0.7321
vn 0.2948 0.8919 0.3430
vn 0.1145 0.9923 -0.0480
vn 0.0645 0.9519 0.2997
vn 0.0560 0.9594 0.2764
vn -0.2831 -0.5584 0.7798
vn 0.0679 -0.0685 0.9953
vn 0.1741 0.3921 0.9033
vn -0.0473 0.0972 0.9941
vn 0.0299 0.6911 0.7221
vn -0.6559 -0.4586 -0.5996
vn -0.6196 0.0733 -0.7815
vn 0.7228 -0.1063 0.6829
vn 0.9431 -0.0241 0.3317
vn 0.4083 -0.5394 0.7364
vn -0.1175 -0.9896 0.0831
vn -0.4710 -0.2170 -0.8550
vn -0.6786 -0.7117 0.1818
vn -0.3145 0.9375 0.1488
vn -0.4377 -0.8049 -0.4007
vn -0.4603 0.5623 0.6870
vn -0.3167 0.9416 0.1143
vn -0.5864 0.5814 0.5640
vn -0.4844 -0.8086 -0.3339
vn 0.2285 0.1534 -0.9614
vn -0.4887 0.2338 -0.8405
vn -0.7347 0.5407 0.4096
vn -0.7058 0.6234 0.3363
vn -0.0269 0.2232 -0.9744
vn 0.8105 -0.0787 -0.5805
vn 0.6078 0.4430 -0.6590
vn 0.3088 -0.5813 -0.7528
vn 0.8583 -0.5095 -0.0608
vn 0.8881 -0.4549 -0.0661
vn 0.7728 -0.1903 -0.6054
vn 0.7330 -0.4071 -0.5449
vn 0.5408 0.2506 -0.8030
vn 0.0876 0.7437 -0.6628
vn -0.1847 -0.4924 -0.8506
vn -0.7028 0.1939 -0.6844
vn -0.7619 0.1682 -0.6254
vn 0.5131 0.1609 0.8431
vn 0.9567 0.1057 0.2711
vn 0.4386 0.7618 -0.4766
vn 0.7082 0.7012 -0.0827
vn 0.8899 0.1066 0.4435
vn -0.2539 0.7414 -0.6211
vn 0.0104 0.2293 -0.9733
vn 0.0911 0.2518 -0.9635
vn 0.3021 0.7023 -0.6445
vn 0.0288 0.2163 -0.9759
vn 0.5298 0.6520 -0.5424
vn 0.9270 0.2820 -0.2472
vn 0.4417 0.6185 -0.6499
vn 0.7406 0.6597 -0.1277
vn 0.5109 0.5480 0.6623
vn 0.4857 0.5273 0.6971
vn 0.4550 0.8423 0.2889
vn -0.0839 -0.1663 0.9825
vn -0.4323 0.3630 0.8254
vn -0.7460 0.2949 0.5971
vn -0.6716 -0.2257 0.7057
vn -0.9578 0.2844 0.0424
vn -0.9184 0.3829 0.0993
vn -0.7478 -0.2490 0.6154
vn -0.7168 0.3284 0.6151
vn -0.1816 0.9609 0.2092
vn -0.6225 0.5114 0.5924
vn -0.0728 0.8115 -0.5798
vn -0.5193 0.6239 -0.5840
vn -0.6805 0.5280 -0.5081
vn 0.0292 0.2107 -0.9771
vn -0.6558 0.5834 -0.4791
vn -0.1922 0.7668 -0.6124
vn -0.2118 0.0106 -0.9773
vn 0.7503 0.4176 -0.5125
vn 0.8833 0.2332 -0.4067
vn 0.5427 0.0012 -0.8399
vn 0.0732 0.9255 -0.3716
vn 0.0559 0.9606 -0.2722
vn -0.3302 0.6000 -0.7287
vn -0.4788 0.5461 -0.6874
vn 0.1195 0.2579 -0.9588
vn -0.1119 -0.6444 -0.7564
vn -0.5548 -0.0493 -0.8305
vn 0.1650 -0.1216 -0.9788
vn -0.6315 0.1164 -0.7666
vn 0.5484 0.4583 -0.6994
vn -0.0393 -0.6452 -0.7630
vn -0.1201 0.9300 -0.3474
vn -0.0885 0.9058 -0.4143
vn -0.0953 0.4506 -0.8876
vn -0.3450 0.4423 -0.8278
vn -0.3817 0.8219 -0.4229
vn 0.8138 -0.0165 -0.5809
vn -0.6435 0.1636 0.7477
vn -0.3340 -0.3065 0.8914
vn 0.4426 -0.3652 0.8190
vn -0.0605 0.8458 0.5301
vn -0.4030 0.1710 0.8991
vn 0.1474 -0.9443 -0.2941
vn 0.7959 -0.6052 0.0171
vn 0.3669 -0.5442 0.7544
vn -0.1166 -0.9851 0.1261
vn 0.8126 0.1960 -0.5489
vn 0.7627 -0.2575 -0.5932
vn -0.5172 0.5410 0.6632
vn -0.0592 -0.0746 0.9955
vn 0.1328 0.1844 -0.9739
vn 0.9818 -0.1884 0.0248
vn -0.3356 0.9385 -0.0809
vn -0.6778 -0.3061 0.6685
vn -0.4195 0.0137 0.9076
vn -0.8985 0.4080 -0.1622
vn 0.9291 0.1904 0.3170
vn 0.9448 -0.3232 0.0540
vn 0.1807 0.3104 0.9333
vn 0.4368 0.4852 0.7575
vn 0.8162 0.2119 0.5375
vn 0.9244 0.3715 0.0863
vn 0.8266 -0.2705 0.4935
vn -0.3013 -0.9455 0.1232
vn 0.0504 -0.9970 -0.0579
vn -0.9794 0.1893 -0.0709
vn -0.5575 -0.0000 0.8301
vn 0.0532 -0.7692 0.6368
vn 0.5293 -0.5129 -0.6758
vn -0.0321 -0.3226 -0.9460
vn -0.1529 -0.9410 -0.3019
vn 0.3646 -0.8228 -0.4360
vn -0.0478 -0.8244 -0.5640
vn -0.9142 -0.2463 0.3218
vn 0.0908 -0.6264 0.7742
vn 0.0119 0.9644 0.2643
vn -0.8790 0.4104 0.2429
vn 0.6046 0.1883 -0.7740
vn 0.5894 -0.1745 -0.7888
vn -0.0577 0.3559 0.9328
vn -0.5633 -0.1133 -0.8185
vn -0.4737 -0.0538 -0.8791
vn -0.9134 -0.2765 -0.2989
vn -0.9249 -0.2319 -0.3015
vn -0.9602 0.2770 0.0354
vn -0.4802 0.8771 0.0069
vn -0.7982 0.3015 -0.5216
vn -0.8504 0.3442 0.3980
vn -0.7883 -0.2913 -0.5420
vn -0.6190 0.3138 -0.7200
vn -0.5981 0.5282 -0.6028
vn -0.7073 -0.7029 -0.0750
vn -0.9753 -0.2196 0.0244
vn -0.8435 -0.2916 0.4511
vn -0.7490 -0.4943 -0.4412
vn -0.2605 0.9332 0.2476
vn -0.7084 0.2755 -0.6498
vn -0.0193 0.4869 -0.8733
vn 0.7595 -0.5686 -0.3160
vn 0.6009 0.6214 -0.5029
vn -0.0592 -0.9669 -0.2482
vn -0.1493 -0.9263 -0.3460
vn -0.5839 -0.0233 -0.8115
vn -0.0319 0.9106 -0.4121
vn -0.2915 -0.1204 -0.9490
vn -0.2477 -0.0814 -0.9654
vn -0.2539 0.7148 -0.6517
vn -0.7358 -0.0419 -0.6759
vn -0.3385 -0.7738 -0.5354
vn -0.6780 -0.5969 -0.4290
vn -0.7866 -0.6127 -0.0763
vn -0.2694 0.6917 -0.6700
vn -0.9934 0.0736 -0.0884
vn -0.2839 0.7106 -0.6437
vn -0.3510 0.7180 -0.6011
vn -0.6281 -0.2442 -0.7389
vn 0.1954 -0.7661 -0.6122
vn -0.9609 0.1807 -0.2098
vn -0.7348 0.6517 -0.1879
vn -0.2049 0.9310 0.3020
vn 0.3742 0.9191 -0.1237
vn -0.2219 -0.6097 0.7609
vn -0.5632 0.5122 -0.6485
vn -0.6936 0.7093 -0.1253
vn 0.5031 -0.8434 0.1884
vn 0.2534 0.6051 -0.7547
vn -0.4597 0.0337 -0.8874
vn -0.5552 0.3859 -0.7368
vn -0.0448 0.7923 -0.6084
vn -0.7978 0.5851 -0.1454
vn -0.8349 0.3592 -0.4170
vn -0.8440 -0.3653 -0.3927
vn 0.3825 0.9161 0.1205
vn 0.6164 0.7719 -0.1556
vn -0.1945 0.9779 -0.0768
vn -0.0199 0.9634 -0.2675
vn 0.4981 0.7288 0.4699
vn 0.6212 0.2203 0.7520
vn 0.6945 0.5147 0.5027
vn -0.1691 0.8250 0.5392
vn -0.8850 -0.3041 0.3525
vn -0.7330 0.4279 0.5288
vn -0.0654 0.0648 0.9958
vn 0.1061 0.9565 0.2717
vn 0.3152 0.6149 0.7229
vn -0.2364 0.8675 0.4376
vn -0.0809 0.9696 0.2311
vn 0.8340 0.5477 -0.0673
vn -0.1451 0.7027 -0.6965
vn -0.1832 -0.7088 -0.6812
vn -0.2591 -0.4116 0.8738
vn -0.9925 0.0952 -0.0770
vn 0.3038 -0.5320 -0.7904
vn 0.0956 0.7318 -0.6748
vn -0.5080 0.8491 0.1450
vn -0.7182 0.2014 -0.6660
vn -0.4840 0.8379 0.2521
vn -0.6078 -0.3430 0.7162
vn -0.2430 0.0486 -0.9688
vn 0.7771 -0.5909 0.2169
vn -0.0043 0.6899 0.7238
vn -0.7872 0.5074 0.3505
vn -0.8434 0.3768 -0.3831
vn -0.2302 0.9623 -0.1450
vn -0.5165 0.7661 0.3824
vn -0.8166 0.4572 -0.3523
vn -0.5955 0.7257 0.3446
vn -0.6084 -0.2698 0.7464
vn -0.5559 -0.5997 0.5757
vn 0.5315 0.6382 0.5570
vn -0.8098 0.3144 0.4954
vn -0.8276 0.2882 0.4818
vn -0.2539 -0.5263 0.8115
vn -0.1581 0.2448 0.9566
vn -0.2624 0.1784 0.9483
vn 0.5376 -0.8430 0.0151
vn 0.0637 -0.5525 0.8311
vn 0.2170 0.1239 0.9683
vn -0.4744 -0.1476 0.8678
vn 0.0885 0.9509 0.2966
vn 0.1273 -0.3984 0.9083
vn -0.4694 -0.1589 0.8686
vn -0.1017 0.9352 0.3392
vn -0.0418 0.9926 -0.1139
vn -0.6354 -0.6443 0.4257
vn -0.4960 -0.7474 0.4421
vn -0.8588 0.2519 0.4462
vn 0.4781 0.4313 0.7651
vn 0.6636 -0.7317 0.1558
vn -0.8061 -0.5424 -0.2367
vn -0.3065 0.8800 -0.3628
vn -0.6865 0.5594 0.4646
vn 0.1070 0.9930 -0.0508
vn 0.1215 0.7274 0.6754
vn 0.3019 -0.6402 0.7064
vn 0.0553 -0.7464 0.6632
vn -0.2604 -0.2355 -0.9363
vn -0.3519 0.9231 0.1550
vn -0.4772 0.8630 0.1657
vn -0.7602 0.6460 0.0687
vn -0.6662 -0.6924 -0.2771
vn 0.0887 0.0609 0.9942
vn -0.2181 0.5378 0.8144
vn -0.2718 0.5927 0.7582
vn 0.1377 0.1129 0.9840
vn 0.5951 0.1177 0.7950
vn -0.3823 0.6913 -0.6132
vn -0.1034 0.2135 -0.9715
vn -0.2469 -0.3936 -0.8855
vn -0.1424 -0.0935 -0.9854
vn -0.1681 -0.3901 -0.9053
vn -0.4285 0.7195 -0.5465
vn 0.5285 0.4567 -0.7157
vn -0.2724 0.5334 -0.8008
vn 0.5095 0.2421 -0.8257
vn 0.3326 0.7548 -0.5654
vn -0.5460 0.7739 -0.3209
vn -0.3545 -0.4072 -0.8417
vn 0.5573 -0.1445 0.8176
vn 0.7427 -0.6547 0.1405
vn 0.3819 0.1353 0.9142
vn -0.9206 0.0721 0.3838
vn 0.8499 -0.1171 0.5138
vn 0.3911 0.7277 0.5634
vn -0.1675 0.6374 0.7521
vn 0.8388 0.3566 -0.4115
vn 0.2773 0.9590 -0.0589
vn -0.2590 -0.2217 -0.9401
vn -0.2845 -0.2644 -0.9215
vn -0.2551 -0.2516 -0.9336
vn 0.2833 -0.7598 -0.5852
vn 0.9324 -0.3406 0.1208
vn 0.4403 -0.5575 -0.7039
vn -0.8146 -0.5014 -0.2915
vn -0.7007 -0.6700 -0.2453
vn -0.7081 0.6495 0.2770
vn -0.8727 -0.3707 0.3179
vn -0.2848 0.1482 0.9471
vn -0.1959 0.5519 0.8105
vn -0.7821 0.6229 0.0161
vn -0.6966 0.7149 0.0609
vn 0.1131 0.9678 0.2249
vn -0.4228 -0.0115 -0.9061
vn -0.6220 -0.5516 0.5558
vn -0.6829 0.6989 0.2125
vn -0.9558 0.2333 -0.1791
vn -0.7427 -0.0617 0.6668
vn -0.7901 -0.4721 0.3910
vn -0.8740 -0.4840 -0.0438
vn -0.9228 0.2717 -0.2730
vn -0.9240 -0.0897 -0.3717
vn -0.7979 -0.0955 0.5952
vn -0.9784 -0.1741 -0.1114
vn -0.7396 0.6630 0.1157
vn -0.8308 0.3197 0.4555
vn -0.9031 0.0974 0.4182
vn -0.8800 -0.1528 0.4496
vn -0.8015 -0.5694 0.1828
vn -0.8095 -0.4388 -0.3900
vn -0.7526 -0.2373 0.6143
vn -0.9599 0.1324 0.2469
vn -0.8958 0.4406 -0.0588
vn -0.8665 0.4612 -0.1913
vn -0.7789 0.5827 -0.2317
vn -0.3954 0.7916 0.4659
vn -0.7992 -0.5589 0.2213
vn 0.2748 -0.3456 -0.8973
vn -0.0097 -0.2963 0.9550
vn -0.9670 -0.2255 -0.1189
vn -0.9369 -0.1595 -0.3110
vn -0.2449 -0.2659 0.9324
vn 0.1072 0.5866 0.8028
vn 0.6011 0.7843 0.1533
vn -0.2613 0.9335 -0.2454
vn 0.1716 0.2152 -0.9614
vn 0.0349 -0.0443 -0.9984
vn 0.5151 -0.8257 -0.2300
vn 0.6685 -0.1537 0.7277
vn -0.7398 -0.6133 -0.2767
vn 0.6950 0.0610 0.7164
vn 0.0701 -0.2458 0.9668
vn -0.6581 0.3082 -0.6869
vn -0.5042 0.5060 -0.6998
vn 0.0721 -0.2470 0.9663
vn 0.0748 -0.2679 0.9605
vn -0.4480 0.1856 0.8746
vn -0.6239 0.4776 -0.6186
vn 0.0111 0.9868 -0.1617
vn 0.0458 0.9842 -0.1712
vn -0.2558 -0.9661 0.0342
vn -0.5285 0.8489 0.0015
vn -0.7833 0.4533 0.4253
vn -0.0847 0.8177 0.5693
vn -0.5922 0.4643 0.6586
vn -0.2407 -0.2882 0.9268
vn -0.0989 -0.0958 0.9905
vn -0.4132 0.6328 0.6548
vn -0.3890 0.4821 0.7850
vn -0.8603 0.5012 -0.0933
vn -0.7984 0.5582 0.2257
vn -0.8073 0.5762 0.1272
vn -0.5395 -0.6732 0.5058
vn 0.2782 -0.3015 0.9120
vn -0.6060 0.2646 0.7502
vn -0.5757 -0.1875 0.7959
vn -0.4237 -0.8267 0.3701
vn -0.4319 0.3804 0.8178
vn -0.6993 0.6169 -0.3612
vn -0.3878 0.6987 0.6012
vn 0.1908 0.2436 0.9509
vn -0.2576 0.2140 0.9423
vn -0.0035 -0.5172 0.8558
vn -0.0450 -0.4111 0.9105
vn -0.4723 -0.3096 0.8253
vn -0.5777 -0.1299 0.8059
vn -0.2071 0.3511 0.9132
vn 0.2702 -0.4516 0.8503
vn -0.3940 0.3955 0.8297
vn -0.5834 0.1989 0.7874
vn -0.4356 0.2121 0.8748
vn -0.7625 0.4588 0.4562
vn -0.6875 0.7213 0.0846
vn -0.8666 0.4887 -0.1005
vn -0.1680 -0.4401 0.8821
vn -0.6955 -0.0302 0.7179
vn -0.2548 -0.1682 0.9523
vn -0.9125 -0.3253 0.2481
vn -0.2736 -0.4678 0.8404
vn 0.0115 -0.9514 0.3078
vn -0.8050 0.1732 0.5674
vn 0.3195 -0.2698 0.9084
vn 0.1016 0.1735 0.9796
vn -0.0993 -0.4229 0.9007
vn -0.0509 0.3649 0.9297
vn -0.0536 -0.3698 0.9275
vn -0.6539 -0.0960 0.7505
vn -0.6467 -0.2591 0.7174
vn -0.8020 0.4323 0.4122
vn -0.5686 0.0133 0.8225
vn 0.5971 -0.0515 0.8005
vn -0.7059 0.5173 0.4839
vn -0.6761 -0.6648 -0.3176
vn -0.7569 0.3907 0.5240
vn -0.3406 -0.5410 0.7689
vn -0.6715 -0.6200 0.4059
vn -0.4674 -0.6735 0.5727
vn -0.4206 0.1510 0.8946
vn -0.6689 -0.5679 0.4797
vn -0.2931 0.7294 0.6182
vn 0.2135 0.7704 0.6008
vn 0.3730 0.1509 0.9155
vn -0.0900 -0.1069 0.9902
vn -0.3786 -0.0853 -0.9216
vn -0.3471 -0.1373 0.9277
vn -0.5350 -0.5113 0.6726
vn -0.0048 -0.5973 0.8020
vn 0.5826 -0.0016 0.8128
vn 0.1699 -0.7797 0.6027
vn 0.0088 0.6087 0.7934
vn -0.9131 -0.4042 -0.0533
vn -0.7232 -0.5190 0.4556
vn -0.6148 -0.5338 0.5806
vn 0.3044 -0.2666 -0.9145
vn -0.4825 -0.8723 -0.0798
vn 0.1023 -0.9935 0.0493
vn -0.6413 -0.6892 0.3373
vn -0.3621 -0.9242 0.1213
vn -0.3885 -0.2101 0.8972
vn 0.3678 -0.7417 0.5609
vn -0.5509 -0.1230 0.8255
vn -0.1727 -0.5678 0.8048
vn 0.4462 0.3791 -0.8107
vn 0.4734 0.8741 -0.1086
vn 0.0378 -0.8505 0.5246
vn -0.4209 -0.2381 -0.8753
vn -0.2578 -0.6610 0.7047
vn 0.4633 0.4387 -0.7700
vn -0.4666 -0.8812 0.0759
vn -0.8323 -0.4702 -0.2935
vn -0.3926 -0.9036 0.1712
vn -0.6586 -0.7264 0.1967
vn -0.7170 -0.3302 0.6139
vn -0.7824 -0.1617 0.6014
vn -0.7385 -0.4843 0.4691
vn -0.2373 -0.9409 0.2416
vn -0.4675 -0.8371 -0.2841
vn -0.8614 -0.5049 0.0552
vn -0.3287 -0.7701 -0.5467
vn -0.3294 -0.8545 -0.4017
vn -0.9484 -0.3146 0.0382
vn 0.2583 -0.6452 0.7190
vn 0.2019 -0.9769 0.0700
vn 0.5707 -0.7037 -0.4232
vn 0.0196 -0.8784 -0.4775
vn 0.0759 -0.8977 0.4340
vn -0.2828 -0.8789 0.3842
vn -0.3701 -0.8569 -0.3588
vn -0.2864 -0.8763 0.3875
vn -0.9475 0.2508 -0.1981
vn -0.9535 0.1540 -0.2591
vn -0.9784 -0.1512 0.1410
vn -0.9148 -0.3672 0.1683
vn -0.8873 0.2317 0.3987
vn -0.8955 -0.3897 0.2151
vn 0.6452 -0.3752 -0.6655
vn -0.2794 -0.6136 0.7385
vn -0.1881 -0.9151 0.3566
vn -0.3277 -0.8346 0.4429
vn -0.7843 -0.5624 0.2617
vn -0.7145 -0.6277 0.3091
vn -0.7199 -0.3161 0.6179
vn -0.8619 -0.3979 0.3144
vn -0.7287 -0.6063 0.3184
vn -0.7901 -0.4085 0.4569
vn -0.9568 -0.1280 -0.2610
vn -0.7182 -0.6662 0.2009
vn -0.8657 0.5005 0.0065
vn -0.8563 -0.4931 0.1540
vn -0.7919 0.6054 0.0795
vn -0.7671 -0.6390 0.0565
vn -0.8738 -0.4681 0.1320
vn -0.6887 -0.0541 -0.7230
vn -0.5751 -0.6575 -0.4867
vn -0.9775 0.0455 -0.2058
vn -0.9384 -0.1639 0.3042
vn -0.9162 0.0757 0.3935
vn -0.6086 -0.7564 0.2398
vn -0.6585 -0.7402 -0.1361
vn -0.9461 0.1687 -0.2766
vn -0.6225 -0.1190 -0.7735
vn -0.4154 -0.0552 -0.9080
vn -0.7032 -0.6915 -0.1655
vn -0.9748 -0.2112 0.0714
vn -0.7980 -0.5904 -0.1207
vn -0.8299 -0.5440 -0.1242
vn -0.9686 0.2286 -0.0978
vn -0.3932 -0.5692 -0.7221
vn -0.3931 -0.6021 -0.6950
vn 0.8240 0.3723 0.4270
vn -0.8636 -0.0295 0.5033
vn -0.5966 -0.5339 0.5992
vn -0.8663 -0.2238 0.4466
vn -0.8696 -0.4937 0.0132
vn -0.6849 0.0441 0.7273
vn -0.5904 -0.3275 -0.7377
vn -0.7780 0.5946 -0.2030
vn -0.8182 0.1049 -0.5653
vn -0.9406 -0.3395 -0.0094
vn -0.6500 -0.2404 -0.7209
vn -0.9317 0.2412 0.2715
vn -0.7628 0.3099 0.5675
vn -0.7291 0.5859 0.3539
vn -0.5787 0.7961 0.1769
vn 0.5873 -0.7639 0.2675
vn -0.7154 0.6986 0.0115
vn -0.0944 0.1040 -0.9901
vn -0.0355 -0.1343 -0.9903
vn -0.7000 0.2934 0.6511
vn -0.6467 -0.7406 0.1827
vn -0.6410 -0.7341 0.2242
vn -0.6116 -0.7544 0.2383
vn -0.4504 -0.8416 -0.2981
vn -0.2185 -0.9523 -0.2130
vn -0.8192 -0.2047 -0.5358
vn -0.3708 -0.4122 -0.8322
vn -0.1697 -0.3931 -0.9037
vn -0.2688 -0.7833 0.5605
vn 0.0732 -0.0706 -0.9948
vn 0.1050 -0.2089 -0.9723
vn -0.9704 0.2113 -0.1171
vn -0.6434 -0.1735 -0.7456
vn -0.1836 0.7834 0.5938
vn 0.1401 -0.8642 -0.4833
vn -0.7545 -0.6211 -0.2119
vn -0.5350 -0.8430 0.0565
vn 0.3993 0.6947 -0.5984
vn -0.3351 0.3624 0.8697
vn -0.8022 -0.1169 0.5854
vn -0.8433 -0.2901 0.4523
vn 0.3033 0.6371 0.7086
vn 0.8571 0.1329 0.4978
vn -0.3467 -0.8944 0.2824
vn 0.2297 0.4602 0.8576
vn -0.5630 -0.7681 0.3051
vn -0.8557 0.5109 -0.0818
vn -0.1286 -0.6454 0.7529
vn -0.5307 -0.0926 -0.8425
vn -0.8844 -0.1792 0.4310
vn 0.5756 -0.5821 -0.5743
vn -0.5243 -0.8005 0.2902
vn -0.9240 0.1271 -0.3607
vn -0.2168 -0.6504 -0.7280
vn 0.1179 -0.6342 -0.7642
vn 0.2946 -0.9082 -0.2972
vn -0.5876 -0.7805 0.2133
vn -0.0305 -0.8629 -0.5045
vn -0.7195 -0.5513 -0.4224
vn -0.1836 -0.3181 -0.9301
vn -0.8968 -0.0050 -0.4424
vn -0.7130 -0.5926 -0.3748
vn 0.8840 0.3187 0.3422
vn -0.4259 -0.8233 0.3753
vn 0.1445 -0.9894 0.0130
vn 0.3614 -0.8109 -0.4603
vn 0.1555 -0.9736 0.1672
vn -0.3114 -0.8482 -0.4286
vn -0.2917 -0.3348 -0.8960
vn -0.6984 -0.4667 -0.5427
vn -0.3370 -0.8354 -0.4341
vn -0.5522 -0.7577 -0.3478
vn -0.4810 -0.7986 0.3618
vn -0.7653 -0.5953 0.2447
vn -0.5526 -0.2944 -0.7797
vn 0.5030 -0.8478 -0.1679
vn -0.1097 -0.5297 -0.8411
vn 0.5266 0.0443 0.8489
vn -0.4851 0.5584 -0.6729
vn 0.8609 -0.1958 -0.4696
vn -0.0931 -0.1881 -0.9777
vn 0.0747 -0.1392 -0.9875
vn 0.6164 -0.2144 -0.7577
vn 0.1321 -0.0298 -0.9908
vn -0.1430 0.4503 0.8813
vn -0.0806 -0.3785 -0.9221
vn 0.1375 -0.2614 -0.9554
vn 0.2103 -0.6397 -0.7393
vn -0.7572 -0.0004 -0.6532
vn 0.2845 -0.3666 -0.8858
vn -0.6282 -0.4663 -0.6228
vn -0.2253 -0.8671 -0.4442
vn -0.4408 0.1395 -0.8867
vn -0.5388 0.4724 -0.6976
vn -0.5141 0.5872 -0.6252
vn -0.1728 -0.6293 -0.7577
vn 0.4234 -0.6665 -0.6136
vn 0.1811 -0.1339 -0.9743
vn 0.4959 -0.6386 -0.5885
vn -0.1394 -0.2101 -0.9677
vn -0.3314 -0.7451 -0.5788
vn -0.2134 -0.5585 -0.8016
vn -0.9348 -0.2951 -0.1979
vn 0.6277 -0.2004 -0.7522
vn 0.6087 0.1622 -0.7767
vn 0.0018 -0.7325 -0.6807
vn 0.5775 0.4364 -0.6899
vn -0.6011 -0.1821 -0.7781
vn -0.0567 -0.4290 -0.9015
vn 0.2394 -0.0389 -0.9701
vn -0.0124 0.5639 -0.8258
vn 0.0165 0.2324 -0.9725
vn 0.4039 -0.7015 -0.5871
vn 0.2497 -0.4956 -0.8319
vn 0.4335 0.3231 -0.8413
vn 0.5158 -0.8265 -0.2256
vn 0.4132 0.1069 -0.9044
vn 0.1925 -0.4501 -0.8720
vn -0.5193 -0.2421 -0.8196
vn 0.0518 -0.4912 -0.8695
vn -0.5314 0.3904 -0.7518
vn -0.8119 -0.4273 -0.3978
vn -0.2120 -0.9748 -0.0695
vn -0.6453 0.7456 0.1661
vn -0.8852 -0.4585 0.0792
vn -0.9074 -0.3831 0.1732
vn -0.6784 -0.2457 0.6924
vn -0.5159 -0.0758 -0.8533
vn -0.8176 0.5242 -0.2384
vn 0.7018 0.0219 0.7120
vn -0.9632 -0.0085 -0.2686
vn 0.0719 -0.6186 -0.7824
vn -0.9579 -0.2510 -0.1393
vn -0.4186 -0.5896 -0.6908
vn -0.4893 -0.8290 -0.2709
vn -0.2956 -0.9540 -0.0507
vn -0.9258 -0.2827 -0.2509
vn -0.3973 -0.2967 -0.8684
vn -0.6677 0.0917 -0.7387
vn -0.8385 0.3981 -0.3720
vn -0.6843 0.0190 -0.7289
vn -0.8527 -0.1155 -0.5095
vn 0.0643 0.0281 -0.9975
vn -0.8104 -0.3040 -0.5008
vn -0.9615 -0.1572 -0.2252
vn -0.9472 -0.1266 -0.2947
vn -0.7684 0.5999 -0.2230
vn -0.7770 0.0654 -0.6260
vn -0.7835 0.0389 -0.6202
vn 0.1778 -0.6312 -0.7549
vn 0.0396 -0.3245 -0.9451
vn -0.3352 -0.5945 -0.7309
vn -0.5057 -0.7283 -0.4624
vn -0.9657 -0.2491 -0.0740
vn 0.1950 0.9126 -0.3594
vn 0.7071 -0.6481 0.2828
vn 0.3356 -0.8536 -0.3985
vn 0.8833 -0.2721 0.3818
vn 0.0359 -0.5996 0.7995
vn 0.9532 0.2461 -0.1757
vn 0.2068 -0.7094 -0.6738
vn -0.2386 -0.8407 0.4861
vn 0.1111 -0.2836 0.9525
vn -0.1951 -0.9343 -0.2985
vn -0.9045 0.1934 0.3801
vn -0.2502 -0.5663 -0.7853
vn 0.1627 -0.8576 -0.4879
vn 0.4477 0.1579 -0.8801
vn -0.5812 0.7584 -0.2951
vn -0.8981 0.3038 -0.3180
vn -0.6913 0.3579 -0.6277
vn -0.3837 -0.9078 0.1694
vn 0.2864 0.8042 0.5209
vn 0.2798 0.6272 0.7269
vn 0.5454 0.8152 0.1950
vn 0.3296 0.6836 0.6512
vn 0.4210 0.9038 0.0766
vn 0.5228 0.8418 -0.1341
vn 0.0355 0.3828 0.9232
vn 0.3899 0.3258 0.8613
vn -0.8162 0.2640 0.5139
vn 0.0851 0.3794 0.9213
vn 0.7065 0.5328 -0.4658
vn 0.7972 0.5320 -0.2855
vn 0.4027 0.6608 -0.6334
vn -0.7598 0.5350 -0.3694
vn -0.9919 -0.0778 -0.1002
vn 0.6725 0.7312 -0.1146
vn 0.8228 0.4445 -0.3541
vn -0.6283 0.7743 0.0754
vn -0.0246 -0.0305 0.9992
vn 0.9227 -0.1716 0.3453
vn 0.3695 0.9268 -0.0673
vn 0.2488 0.9669 -0.0563
vn 0.5533 0.8182 0.1563
vn 0.0465 0.9232 -0.3815
vn -0.0321 0.9666 -0.2544
vn -0.8504 0.4970 0.1728
vn -0.1247 -0.8943 -0.4298
vn 0.2493 0.9107 0.3294
vn 0.9026 -0.2691 0.3361
vn 0.2887 -0.7334 0.6155
vn -0.6075 -0.2536 0.7527
vn 0.7809 0.5943 0.1923
vn -0.9669 -0.0131 0.2548
vn -0.2943 0.7982 0.5256
vn 0.4378 0.3400 0.8323
vn -0.4643 0.0384 0.8848
vn -0.3388 -0.1518 -0.9285
vn -0.9969 0.0184 0.0764
vn -0.7675 -0.0585 -0.6384
vn 0.2439 0.1738 -0.9541
vn 0.5469 0.7745 -0.3179
vn 0.3889 -0.8612 -0.3271
vn -0.5171 -0.0875 -0.8515
vn -0.0668 0.2092 0.9756
vn 0.2060 -0.7154 0.6677
vn -0.9503 -0.2790 0.1382
vn 0.3960 -0.7333 0.5527
vn -0.4236 -0.5814 0.6947
vn 0.2701 0.9589 -0.0870
vn 0.5249 0.7584 -0.3864
vn 0.7138 0.4619 -0.5264
vn -0.6961 0.2144 -0.6852
vn -0.3645 0.6161 -0.6982
vn 0.8662 0.3190 0.3846
vn 0.7496 -0.6586 -0.0660
vn 0.7676 -0.2162 0.6033
vn 0.2452 0.2838 -0.9270
vn -0.1956 -0.4046 0.8933
vn -0.5182 0.8102 -0.2738
vn 0.1811 0.9817 0.0594
vn 0.5114 0.7591 -0.4028
vn -0.6588 0.0379 -0.7514
vn -0.2248 0.4339 -0.8725
vn 0.2060 0.8459 -0.4919
vn -0.0110 0.3398 0.9404
vn 0.0171 0.9850 -0.1719
vn 0.5512 0.2030 -0.8093
vn 0.6307 -0.7225 -0.2833
vn 0.4818 -0.4541 -0.7494
vn 0.8588 -0.5048 -0.0870
vn 0.7258 0.6612 0.1895
vn -0.9932 -0.0795 -0.0854
vn -0.9940 -0.0411 -0.1010
vn -0.9971 0.0722 -0.0240
vn -0.9916 -0.0177 -0.1281
vn -0.9929 0.0948 -0.0721
vn -0.6220 -0.6057 -0.4962
vn -0.7902 -0.5001 0.3541
vn 0.9139 -0.3671 0.1734
vn 0.3920 -0.7552 0.5255
vn 0.4379 -0.7706 0.4631
vn 0.3747 -0.9217 0.1006
vn -0.1241 0.9568 0.2630
vn 0.8472 -0.1133 0.5191
vn 0.0696 -0.0832 0.9941
vn 0.6216 0.3982 0.6746
vn 0.3331 0.3308 0.8829
vn 0.9309 -0.3639 -0.0302
vn 0.5783 0.8020 -0.1494
vn 0.8050 -0.5930 0.0184
vn 0.0550 0.4514 0.8906
vn 0.1657 -0.1595 0.9732
vn 0.5812 0.1609 0.7977
vn 0.7629 0.6241 0.1690
vn -0.8643 -0.3564 -0.3548
vn -0.8077 0.4433 -0.3886
vn -0.6110 -0.3585 0.7058
vn 0.0282 0.8527 -0.5216
vn 0.5728 0.7639 -0.2972
vn -0.2407 0.9658 0.0959
vn 0.3173 0.2855 -0.9043
vt 0.128066 0.234382
vt 0.128170 0.234952
vt 0.127811 0.234786
vt 0.053753 0.614436
vt 0.053567 0.614019
vt 0.053941 0.614189
vt 0.073503 0.497448
vt 0.073882 0.497146
vt 0.073991 0.497694
vt 0.108797 0.150118
vt 0.108145 0.150098
vt 0.108359 0.149745
vt 0.169594 0.004879
vt 0.170104 0.004424
vt 0.170296 0.004783
vt 0.243175 0.827503
vt 0.242786 0.827759
vt 0.242673 0.827186
vt 0.307603 0.384253
vt 0.308029 0.384026
vt 0.307971 0.384392
vt 0.269037 0.266523
vt 0.268756 0.266272
vt 0.269042 0.266081
vt 0.633200 0.918900
vt 0.632874 0.918571
vt 0.633411 0.918432
vt 0.061485 0.759947
vt 0.054793 0.764879
vt 0.059329 0.756477
vt 0.016966 0.061279
vt 0.016437 0.060936
vt 0.016585 0.060740
vt 0.210065 0.750248
vt 0.209569 0.750394
vt 0.209710 0.749978
vt 0.210113 0.178982
vt 0.210494 0.179048
vt 0.210271 0.179443
vt 0.185245 0.168540
vt 0.185693 0.168486
vt 0.185573 0.168806
vt 0.150337 0.791825
vt 0.150563 0.791316
vt 0.151003 0.791896
vt 0.190389 0.175538
vt 0.190730 0.175560
vt 0.190455 0.175756
vt 0.081049 0.770088
vt 0.080990 0.769620
vt 0.081513 0.769817
vt 0.311369 0.827271
vt 0.310714 0.827091
vt 0.311006 0.826790
vt 0.114245 0.870379
vt 0.114606 0.870920
vt 0.114075 0.870938
vt 0.124335 0.865074
vt 0.123974 0.864757
vt 0.124428 0.864612
vt 0.280341 0.224961
vt 0.280251 0.225534
vt 0.279915 0.225173
vt 0.124482 0.022974
vt 0.124278 0.022533
vt 0.124692 0.022579
vt 0.186862 0.470872
vt 0.187265 0.470678
vt 0.187291 0.471139
vt 0.045726 0.314804
vt 0.045141 0.314893
vt 0.045252 0.315724
vt 0.194342 0.432725
vt 0.194261 0.432967
vt 0.193768 0.432696
vt 0.289576 0.716118
vt 0.289813 0.716333
vt 0.289486 0.716376
vt 0.188690 0.441602
vt 0.188362 0.441900
vt 0.188151 0.441589
vt 0.150299 0.993573
vt 0.149729 0.993708
vt 0.149967 0.993271
vt 0.186019 0.438298
vt 0.186040 0.437896
vt 0.186364 0.438195
vt 0.018712 0.236761
vt 0.018447 0.236360
vt 0.019045 0.236404
vt 0.091764 0.497655
vt 0.091945 0.498197
vt 0.091585 0.498218
vt 0.145549 0.371286
vt 0.145550 0.370814
vt 0.145875 0.370995
vt 0.117089 0.146162
vt 0.117487 0.146310
vt 0.117123 0.146538
vt 0.106153 0.147701
vt 0.105807 0.147663
vt 0.106061 0.147324
vt 0.165908 0.860208
vt 0.165457 0.859727
vt 0.166086 0.859714
vt 0.118101 0.154681
vt 0.118476 0.155064
vt 0.118175 0.155209
vt 0.121625 0.148395
vt 0.121677 0.147803
vt 0.121977 0.148406
vt 0.043780 0.265797
vt 0.043368 0.265886
vt 0.043482 0.265337
vt 0.273729 0.851796
vt 0.273549 0.851173
vt 0.274020 0.851343
vt 0.126468 0.223230
vt 0.126004 0.223082
vt 0.126461 0.222796
vt 0.269336 0.247389
vt 0.269134 0.247884
vt 0.268778 0.247565
vt 0.222398 0.811949
vt 0.222853 0.812074
vt 0.222377 0.812488
vt 0.171341 0.208644
vt 0.171430 0.207992
vt 0.171717 0.208486
vt 0.369288 0.212948
vt 0.369423 0.213292
vt 0.369003 0.213434
vt 0.273248 0.851144
vt 0.273036 0.850803
vt 0.213815 0.866493
vt 0.214375 0.866650
vt 0.213915 0.866840
vt 0.177809 0.004619
vt 0.177338 0.004607
vt 0.177607 0.004178
vt 0.024916 0.155819
vt 0.024530 0.155796
vt 0.025001 0.155400
vt 0.119618 0.429427
vt 0.119328 0.429158
vt 0.119654 0.429055
vt 0.294037 0.303006
vt 0.294036 0.303478
vt 0.293754 0.302823
vt 0.003212 0.177388
vt 0.002729 0.176618
vt 0.003420 0.176654
vt 0.053438 0.822659
vt 0.056307 0.822618
vt 0.054624 0.822467
vt 0.141816 0.516215
vt 0.141317 0.516113
vt 0.141780 0.515611
vt 0.155202 0.511797
vt 0.154644 0.511208
vt 0.155062 0.510996
vt 0.086049 0.805809
vt 0.085998 0.805316
vt 0.086557 0.805352
vt 0.148854 0.876460
vt 0.148571 0.876246
vt 0.148718 0.875975
vt 0.017625 0.015712
vt 0.017134 0.015880
vt 0.017228 0.015456
vt 0.034007 0.408615
vt 0.033620 0.408476
vt 0.033847 0.408246
vt 0.399906 0.958838
vt 0.400217 0.958970
vt 0.399864 0.959320
vt 0.124418 0.319301
vt 0.124095 0.318958
vt 0.124697 0.319015
vt 0.110481 0.324978
vt 0.110337 0.324324
vt 0.111047 0.324610
vt 0.057524 0.034532
vt 0.057284 0.034274
vt 0.057766 0.034488
vt 0.279316 0.056519
vt 0.279432 0.056155
vt 0.279771 0.056462
vt 0.138701 0.092384
vt 0.138752 0.092722
vt 0.138309 0.092773
vt 0.190015 0.945748
vt 0.189999 0.946129
vt 0.189493 0.946018
vt 0.171874 0.037441
vt 0.171650 0.037879
vt 0.171222 0.037554
vt 0.083434 0.506929
vt 0.083817 0.507141
vt 0.083313 0.507379
vt 0.195853 0.944014
vt 0.195319 0.944019
vt 0.195577 0.943784
vt 0.210019 0.096781
vt 0.209674 0.097170
vt 0.209691 0.096587
vt 0.109182 0.775038
vt 0.108936 0.774551
vt 0.109264 0.774535
vt 0.292483 0.075466
vt 0.291507 0.079476
vt 0.292924 0.077609
vt 0.333524 0.662347
vt 0.335410 0.662739
vt 0.334748 0.663379
vt 0.137660 0.091693
vt 0.137445 0.092308
vt 0.137154 0.091998
vt 0.357681 0.209583
vt 0.358403 0.209901
vt 0.357837 0.210121
vt 0.188631 0.745975
vt 0.189414 0.745700
vt 0.189188 0.745321
vt 0.697311 0.960240
vt 0.697778 0.959636
vt 0.697999 0.960049
vt 0.298888 0.531696
vt 0.298346 0.531149
vt 0.299219 0.530427
vt 0.307575 0.383810
vt 0.307174 0.383547
vt 0.307632 0.383300
vt 0.399570 0.959094
vt 0.183565 0.365252
vt 0.183754 0.365641
vt 0.183321 0.365589
vt 0.698001 0.960609
vt 0.769845 0.918848
vt 0.770242 0.919284
vt 0.769955 0.919175
vt 0.078475 0.175011
vt 0.078677 0.175423
vt 0.078125 0.175232
vt 0.168228 0.577026
vt 0.167822 0.577357
vt 0.167640 0.577122
vt 0.073708 0.190760
vt 0.073278 0.190289
vt 0.073803 0.190340
vt 0.317566 0.538887
vt 0.317253 0.538804
vt 0.317474 0.538532
vt 0.059078 0.701008
vt 0.059078 0.701474
vt 0.058627 0.701403
vt 0.053455 0.089152
vt 0.053418 0.089570
vt 0.053135 0.089227
vt 0.012340 0.264113
vt 0.012117 0.263656
vt 0.012765 0.263810
vt 0.313893 0.878354
vt 0.314011 0.878785
vt 0.313537 0.878929
vt 0.019633 0.607711
vt 0.019145 0.607261
vt 0.019735 0.606929
vt 0.091588 0.273148
vt 0.091925 0.273481
vt 0.091461 0.273451
vt 0.083683 0.391325
vt 0.083245 0.391790
vt 0.083040 0.391110
vt 0.248612 0.145822
vt 0.248403 0.146043
vt 0.248265 0.145618
vt 0.055560 0.628665
vt 0.055166 0.628483
vt 0.055532 0.628293
vt 0.211085 0.282014
vt 0.208942 0.281826
vt 0.207538 0.284263
vt 0.259385 0.763461
vt 0.258815 0.763714
vt 0.259014 0.763204
vt 0.653412 0.931728
vt 0.653782 0.931101
vt 0.654187 0.931709
vt 0.350924 0.978624
vt 0.350042 0.981699
vt 0.353737 0.981785
vt 0.016319 0.305645
vt 0.016493 0.305169
vt 0.017072 0.305407
vt 0.206067 0.496599
vt 0.206422 0.496913
vt 0.205961 0.496952
vt 0.300101 0.224388
vt 0.300240 0.224725
vt 0.299865 0.224892
vt 0.344900 0.075285
vt 0.345292 0.075382
vt 0.345133 0.075583
vt 0.056795 0.121024
vt 0.057007 0.120812
vt 0.057178 0.121106
vt 0.307732 0.248837
vt 0.308087 0.248588
vt 0.308202 0.249048
vt 0.229504 0.617213
vt 0.229053 0.616843
vt 0.229287 0.616624
vt 0.250045 0.785845
vt 0.251594 0.782414
vt 0.250598 0.783446
vt 0.419997 0.958327
vt 0.420158 0.958742
vt 0.419744 0.958531
vt 0.052545 0.463465
vt 0.052850 0.463350
vt 0.052750 0.463758
vt 0.321115 0.237069
vt 0.321421 0.237590
vt 0.321032 0.237488
vt 0.047475 0.105584
vt 0.047727 0.105203
vt 0.047971 0.105623
vt 0.182819 0.266231
vt 0.181523 0.263478
vt 0.186677 0.264962
vt 0.029562 0.122714
vt 0.029287 0.122491
vt 0.029699 0.122255
vt 0.113930 0.612865
vt 0.114530 0.613169
vt 0.114078 0.613585
vt 0.125540 0.391181
vt 0.125611 0.390557
vt 0.125991 0.390747
vt 0.232156 0.720512
vt 0.232338 0.720798
vt 0.231943 0.720794
vt 0.042353 0.757816
vt 0.042322 0.757335
vt 0.042865 0.757627
vt 0.242584 0.343814
vt 0.241938 0.344015
vt 0.242373 0.343551
vt 0.242610 0.057146
vt 0.242842 0.056643
vt 0.243112 0.057186
vt 0.196813 0.484774
vt 0.196736 0.484246
vt 0.197504 0.484568
vt 0.196729 0.482658
vt 0.197058 0.482849
vt 0.196661 0.483070
vt 0.025026 0.739713
vt 0.024834 0.739214
vt 0.025240 0.739352
vt 0.167140 0.690167
vt 0.167462 0.690053
vt 0.167150 0.690493
vt 0.165581 0.689610
vt 0.165160 0.689301
vt 0.165597 0.689138
vt 0.140290 0.340856
vt 0.140763 0.341015
vt 0.140431 0.341435
vt 0.165571 0.415688
vt 0.165496 0.415183
vt 0.165938 0.415092
vt 0.186194 0.780274
vt 0.186032 0.779711
vt 0.186501 0.779829
vt 0.140232 0.257540
vt 0.140143 0.257246
vt 0.140529 0.257306
vt 0.226810 0.840422
vt 0.227205 0.840411
vt 0.227132 0.840736
vt 0.365635 0.218698
vt 0.365954 0.218286
vt 0.366179 0.218536
vt 0.543450 0.959942
vt 0.543211 0.960160
vt 0.543081 0.959960
vt 0.114605 0.730697
vt 0.114635 0.731210
vt 0.113878 0.731113
vt 0.066663 0.546170
vt 0.066982 0.546132
vt 0.066808 0.546538
vt 0.081615 0.114870
vt 0.081514 0.114477
vt 0.082091 0.114570
vt 0.208886 0.177942
vt 0.208762 0.178310
vt 0.208470 0.178028
vt 0.090792 0.240873
vt 0.090660 0.240437
vt 0.090931 0.240539
vt 0.109745 0.116178
vt 0.110167 0.115880
vt 0.110413 0.116249
vt 0.241926 0.736991
vt 0.242195 0.737401
vt 0.241649 0.737585
vt 0.208334 0.901295
vt 0.208008 0.901783
vt 0.207794 0.901158
vt 0.340417 0.181988
vt 0.338557 0.183287
vt 0.336632 0.184513
vt 0.336992 0.181524
vt 0.339081 0.179352
vt 0.362141 0.034630
vt 0.363146 0.035280
vt 0.363243 0.034055
vt 0.085687 0.249240
vt 0.085774 0.248551
vt 0.086220 0.248992
vt 0.188304 0.694040
vt 0.187823 0.694295
vt 0.187828 0.694001
vt 0.272953 0.602597
vt 0.272494 0.602234
vt 0.272908 0.602029
vt 0.274743 0.595350
vt 0.275172 0.595236
vt 0.274973 0.595731
vt 0.298003 0.702206
vt 0.297962 0.701902
vt 0.298338 0.701809
vt 0.149504 0.970694
vt 0.149854 0.971006
vt 0.149528 0.971226
vt 0.135567 0.018132
vt 0.135198 0.017955
vt 0.135539 0.017660
vt 0.243062 0.549732
vt 0.243579 0.550064
vt 0.243310 0.550422
vt 0.057879 0.348470
vt 0.057644 0.348946
vt 0.057510 0.348392
vt 0.089851 0.108226
vt 0.090260 0.108170
vt 0.090113 0.108659
vt 0.303166 0.437182
vt 0.302697 0.437452
vt 0.302707 0.436961
vt 0.239289 0.136780
vt 0.239497 0.137301
vt 0.238999 0.137218
vt 0.216165 0.638437
vt 0.216204 0.638090
vt 0.216656 0.638410
vt 0.086455 0.859936
vt 0.086806 0.859618
vt 0.086908 0.859993
vt 0.149667 0.015319
vt 0.149344 0.014767
vt 0.149910 0.014891
vt 0.173701 0.660360
vt 0.174119 0.660450
vt 0.173754 0.660869
vt 0.174651 0.655082
vt 0.174526 0.654847
vt 0.174848 0.654703
vt 0.204824 0.054519
vt 0.204304 0.054561
vt 0.204602 0.054129
vt 0.056690 0.192934
vt 0.057213 0.192784
vt 0.057234 0.193257
vt 0.334086 0.477152
vt 0.334191 0.477552
vt 0.333775 0.477409
vt 0.298339 0.616969
vt 0.298008 0.616416
vt 0.298491 0.616527
vt 0.303665 0.611738
vt 0.303906 0.612226
vt 0.303472 0.612033
vt 0.176565 0.864704
vt 0.176992 0.864608
vt 0.177030 0.865100
vt 0.175110 0.873956
vt 0.175195 0.874348
vt 0.174722 0.874279
vt 0.175649 0.873673
vt 0.175916 0.873798
vt 0.175508 0.873999
vt 0.072331 0.407238
vt 0.072486 0.406609
vt 0.072627 0.407041
vt 0.075339 0.411601
vt 0.074875 0.411476
vt 0.075165 0.411132
vt 0.176247 0.874862
vt 0.175679 0.875057
vt 0.175788 0.874399
vt 0.091981 0.416184
vt 0.092318 0.415925
vt 0.092423 0.416386
vt 0.096079 0.415377
vt 0.095861 0.415725
vt 0.095722 0.415442
vt 0.213168 0.062232
vt 0.213572 0.062392
vt 0.213363 0.062642
vt 0.320306 0.696177
vt 0.320580 0.695916
vt 0.320663 0.696266
vt 0.209724 0.326393
vt 0.210322 0.326437
vt 0.209937 0.326884
vt 0.210950 0.326447
vt 0.210558 0.326854
vt 0.209401 0.327190
vt 0.208937 0.326973
vt 0.209436 0.326809
vt 0.045354 0.424360
vt 0.045007 0.424885
vt 0.044854 0.424468
vt 0.045070 0.424040
vt 0.044926 0.424182
vt 0.044875 0.423929
vt 0.209474 0.323922
vt 0.208949 0.324068
vt 0.209162 0.323726
vt 0.123110 0.556018
vt 0.123329 0.556514
vt 0.122993 0.556422
vt 0.094496 0.417496
vt 0.094714 0.416995
vt 0.094937 0.417213
vt 0.164295 0.623129
vt 0.164230 0.622713
vt 0.164494 0.622767
vt 0.165379 0.622990
vt 0.165823 0.623151
vt 0.165524 0.623489
vt 0.163754 0.184916
vt 0.163386 0.184326
vt 0.163850 0.184405
vt 0.066934 0.771686
vt 0.067223 0.772090
vt 0.066840 0.771824
vt 0.166089 0.185472
vt 0.165634 0.185522
vt 0.165684 0.185118
vt 0.114829 0.366414
vt 0.114425 0.367018
vt 0.114306 0.366463
vt 0.115173 0.366933
vt 0.114853 0.365465
vt 0.115380 0.365485
vt 0.115317 0.366053
vt 0.122830 0.756147
vt 0.123243 0.755924
vt 0.123320 0.756320
vt 0.174687 0.638391
vt 0.175008 0.638346
vt 0.174647 0.638723
vt 0.173435 0.631602
vt 0.173709 0.631955
vt 0.173238 0.631934
vt 0.172100 0.631837
vt 0.171730 0.631766
vt 0.171900 0.631257
vt 0.230280 0.471449
vt 0.229866 0.471424
vt 0.230144 0.471166
vt 0.301148 0.718714
vt 0.301416 0.717673
vt 0.300967 0.718210
vt 0.303717 0.718595
vt 0.303153 0.718305
vt 0.303292 0.718705
vt 0.076084 0.564368
vt 0.075685 0.564505
vt 0.075803 0.564136
vt 0.079483 0.553795
vt 0.079746 0.553358
vt 0.079835 0.553784
vt 0.161391 0.648346
vt 0.161335 0.648703
vt 0.160998 0.648476
vt 0.333401 0.578692
vt 0.333016 0.578447
vt 0.333512 0.578325
vt 0.113811 0.857592
vt 0.113297 0.857253
vt 0.113773 0.857064
vt 0.275199 0.714968
vt 0.275182 0.715323
vt 0.274961 0.715149
vt 0.297825 0.903422
vt 0.298473 0.903146
vt 0.298347 0.903756
vt 0.152325 0.792371
vt 0.151865 0.792248
vt 0.152087 0.791717
vt 0.150933 0.792958
vt 0.150467 0.792866
vt 0.150757 0.792489
vt 0.148988 0.787525
vt 0.149030 0.788068
vt 0.148611 0.787867
vt 0.255317 0.236296
vt 0.255356 0.235891
vt 0.255824 0.236142
vt 0.284204 0.529480
vt 0.284414 0.530062
vt 0.283897 0.529822
vt 0.194255 0.473653
vt 0.194409 0.473167
vt 0.194781 0.473491
vt 0.227708 0.906118
vt 0.227207 0.906041
vt 0.227433 0.905634
vt 0.228847 0.905617
vt 0.228919 0.906086
vt 0.228506 0.906066
vt 0.115818 0.476481
vt 0.115455 0.476943
vt 0.115314 0.476528
vt 0.113557 0.475465
vt 0.113382 0.475105
vt 0.113996 0.475063
vt 0.278331 0.411336
vt 0.277610 0.412114
vt 0.276914 0.411488
vt 0.323521 0.350339
vt 0.324222 0.350213
vt 0.323526 0.350570
vt 0.166092 0.643808
vt 0.166193 0.643332
vt 0.166589 0.643807
vt 0.159389 0.648816
vt 0.159743 0.648727
vt 0.159533 0.649138
vt 0.038117 0.187235
vt 0.037984 0.186714
vt 0.038509 0.187156
vt 0.318038 0.726892
vt 0.317852 0.726444
vt 0.318304 0.726401
vt 0.310179 0.958150
vt 0.309672 0.958219
vt 0.309776 0.957845
vt 0.224195 0.899170
vt 0.224133 0.899529
vt 0.223928 0.899304
vt 0.248925 0.683040
vt 0.248442 0.683348
vt 0.248644 0.682875
vt 0.184512 0.467611
vt 0.184186 0.467217
vt 0.184639 0.467033
vt 0.054805 0.191989
vt 0.055129 0.192508
vt 0.054522 0.192343
vt 0.116315 0.029772
vt 0.116107 0.029234
vt 0.116682 0.029404
vt 0.256479 0.938184
vt 0.256891 0.938547
vt 0.256287 0.938572
vt 0.084385 0.224861
vt 0.084359 0.224412
vt 0.084737 0.224587
vt 0.123708 0.229964
vt 0.123473 0.230054
vt 0.123310 0.229671
vt 0.249654 0.561978
vt 0.249308 0.561643
vt 0.249556 0.561274
vt 0.094428 0.229465
vt 0.094015 0.229560
vt 0.094331 0.229257
vt 0.010340 0.215216
vt 0.010977 0.214875
vt 0.010785 0.215280
vt 0.326075 0.135013
vt 0.326466 0.134431
vt 0.326449 0.134911
vt 0.010294 0.216191
vt 0.009851 0.216375
vt 0.009862 0.215952
vt 0.192368 0.433140
vt 0.192668 0.432710
vt 0.192766 0.433176
vt 0.286174 0.677575
vt 0.285610 0.677442
vt 0.286241 0.676734
vt 0.046273 0.437978
vt 0.045520 0.438245
vt 0.045495 0.437456
vt 0.284475 0.422351
vt 0.284260 0.421714
vt 0.285274 0.422019
vt 0.337316 0.096367
vt 0.337953 0.097165
vt 0.337699 0.097346
vt 0.492218 0.958144
vt 0.492493 0.958578
vt 0.491896 0.958635
vt 0.182466 0.061595
vt 0.184160 0.061134
vt 0.182938 0.062652
vt 0.195572 0.058680
vt 0.197397 0.063682
vt 0.188560 0.060882
vt 0.190897 0.060148
vt 0.193587 0.063949
vt 0.189913 0.064393
vt 0.063207 0.754473
vt 0.059309 0.750335
vt 0.062078 0.753160
vt 0.044585 0.438145
vt 0.044601 0.437552
vt 0.045038 0.437926
vt 0.197594 0.443908
vt 0.197577 0.444232
vt 0.197095 0.444225
vt 0.285367 0.371781
vt 0.284195 0.372624
vt 0.283925 0.371641
vt 0.294110 0.626819
vt 0.294396 0.626482
vt 0.294692 0.626961
vt 0.307998 0.842321
vt 0.307929 0.842608
vt 0.307446 0.842749
vt 0.366814 0.042781
vt 0.366507 0.043637
vt 0.366322 0.042924
vt 0.189008 0.441920
vt 0.189200 0.441575
vt 0.190937 0.438147
vt 0.191377 0.438110
vt 0.191196 0.438455
vt 0.308109 0.458646
vt 0.308434 0.458451
vt 0.308321 0.458933
vt 0.022550 0.219414
vt 0.022915 0.219821
vt 0.022302 0.219921
vt 0.153087 0.369313
vt 0.153067 0.368418
vt 0.153330 0.368672
vt 0.152482 0.365328
vt 0.152843 0.365563
vt 0.152618 0.365730
vt 0.152778 0.368908
vt 0.152784 0.368468
vt 0.120202 0.497998
vt 0.119653 0.498292
vt 0.119629 0.497727
vt 0.373462 0.207389
vt 0.373346 0.207161
vt 0.373592 0.207173
vt 0.213615 0.722508
vt 0.214175 0.722342
vt 0.214139 0.722809
vt 0.330804 0.485397
vt 0.331386 0.485292
vt 0.331042 0.485671
vt 0.210316 0.723609
vt 0.210900 0.723434
vt 0.210846 0.724063
vt 0.109797 0.568557
vt 0.110139 0.569068
vt 0.109599 0.568918
vt 0.090853 0.498577
vt 0.090512 0.498244
vt 0.090883 0.498125
vt 0.089608 0.493909
vt 0.089869 0.494148
vt 0.089482 0.494253
vt 0.090041 0.493791
vt 0.089832 0.495147
vt 0.089886 0.494605
vt 0.090274 0.494965
vt 0.171515 0.004600
vt 0.171993 0.004418
vt 0.171791 0.004933
vt 0.149391 0.686927
vt 0.149969 0.687432
vt 0.149338 0.687381
vt 0.120980 0.497700
vt 0.120641 0.497154
vt 0.121510 0.497358
vt 0.187336 0.247912
vt 0.187408 0.248368
vt 0.186972 0.248395
vt 0.228341 0.931743
vt 0.228737 0.931582
vt 0.228884 0.932104
vt 0.164441 0.907117
vt 0.164720 0.906975
vt 0.164931 0.907322
vt 0.075721 0.489675
vt 0.076193 0.489554
vt 0.075981 0.490047
vt 0.072475 0.492306
vt 0.072123 0.492381
vt 0.072412 0.491802
vt 0.124560 0.514227
vt 0.124212 0.514063
vt 0.124507 0.513700
vt 0.125027 0.513927
vt 0.075156 0.488241
vt 0.074890 0.487961
vt 0.075402 0.487874
vt 0.229218 0.923458
vt 0.229478 0.923282
vt 0.229452 0.923601
vt 0.223614 0.369409
vt 0.223380 0.369018
vt 0.223880 0.368940
vt 0.019516 0.233508
vt 0.019402 0.233057
vt 0.019904 0.233307
vt 0.155237 0.243266
vt 0.154872 0.242963
vt 0.155184 0.242770
vt 0.115829 0.157480
vt 0.115715 0.157172
vt 0.116288 0.157396
vt 0.118555 0.156464
vt 0.118912 0.156193
vt 0.118657 0.156725
vt 0.116812 0.156613
vt 0.117259 0.156409
vt 0.117276 0.156946
vt 0.119682 0.147823
vt 0.119296 0.147380
vt 0.119751 0.147231
vt 0.011617 0.035818
vt 0.011502 0.036193
vt 0.011530 0.035663
vt 0.121186 0.141472
vt 0.121243 0.141112
vt 0.121506 0.141469
vt 0.022744 0.039729
vt 0.022655 0.040151
vt 0.022316 0.040155
vt 0.118867 0.147374
vt 0.119046 0.147006
vt 0.026595 0.038585
vt 0.027000 0.038645
vt 0.026509 0.039127
vt 0.032149 0.039098
vt 0.031879 0.039712
vt 0.031663 0.039172
vt 0.030427 0.035399
vt 0.031007 0.035586
vt 0.030504 0.035908
vt 0.190042 0.635167
vt 0.190537 0.635424
vt 0.190079 0.635664
vt 0.190428 0.635913
vt 0.184803 0.649335
vt 0.185235 0.649078
vt 0.185064 0.649684
vt 0.187717 0.640310
vt 0.187739 0.640943
vt 0.187209 0.640649
vt 0.187162 0.646952
vt 0.187642 0.647317
vt 0.187231 0.647476
vt 0.045591 0.264231
vt 0.045993 0.264440
vt 0.045675 0.264767
vt 0.052714 0.614009
vt 0.052864 0.614620
vt 0.052499 0.614375
vt 0.254013 0.277192
vt 0.253799 0.276870
vt 0.253977 0.276752
vt 0.195457 0.104669
vt 0.195076 0.105127
vt 0.195319 0.104434
vt 0.317627 0.650506
vt 0.317858 0.650295
vt 0.317951 0.650610
vt 0.232830 0.565274
vt 0.232388 0.565062
vt 0.232779 0.564682
vt 0.301224 0.586277
vt 0.301784 0.586124
vt 0.301861 0.586504
vt 0.342971 0.279332
vt 0.343323 0.279480
vt 0.342987 0.279827
vt 0.096643 0.691539
vt 0.096237 0.691531
vt 0.096267 0.690910
vt 0.043891 0.266486
vt 0.318922 0.649788
vt 0.318704 0.650413
vt 0.318385 0.649942
vt 0.167396 0.436122
vt 0.167065 0.436390
vt 0.166846 0.436022
vt 0.193126 0.105484
vt 0.193082 0.105200
vt 0.193528 0.105251
vt 0.091489 0.694123
vt 0.091499 0.693549
vt 0.091869 0.694150
vt 0.085875 0.221326
vt 0.085545 0.220968
vt 0.085871 0.220826
vt 0.086049 0.222634
vt 0.085787 0.222216
vt 0.086253 0.222355
vt 0.214259 0.558212
vt 0.214073 0.558841
vt 0.213697 0.558292
vt 0.152354 0.043556
vt 0.151817 0.043645
vt 0.151812 0.043213
vt 0.464421 0.957317
vt 0.463972 0.957792
vt 0.463620 0.957213
vt 0.140087 0.042040
vt 0.139581 0.041959
vt 0.140198 0.041547
vt 0.144812 0.043711
vt 0.145120 0.044040
vt 0.144698 0.044315
vt 0.310842 0.927550
vt 0.310378 0.927617
vt 0.310504 0.926951
vt 0.142772 0.045503
vt 0.143067 0.045939
vt 0.142594 0.045845
vt 0.143701 0.045667
vt 0.143970 0.045535
vt 0.144082 0.046027
vt 0.149077 0.317438
vt 0.148498 0.317583
vt 0.148746 0.316866
vt 0.148228 0.317139
vt 0.147891 0.317732
vt 0.147648 0.317068
vt 0.137154 0.146649
vt 0.136963 0.146870
vt 0.136941 0.146511
vt 0.142999 0.137078
vt 0.142668 0.136967
vt 0.143046 0.136704
vt 0.289460 0.662687
vt 0.289806 0.662764
vt 0.289491 0.663115
vt 0.152565 0.141712
vt 0.152866 0.141227
vt 0.152972 0.141737
vt 0.295588 0.930919
vt 0.295499 0.931277
vt 0.295319 0.931101
vt 0.151148 0.047368
vt 0.151031 0.047042
vt 0.151483 0.047138
vt 0.268539 0.251410
vt 0.268277 0.251848
vt 0.268095 0.251313
vt 0.225389 0.817249
vt 0.225145 0.817027
vt 0.225573 0.817029
vt 0.111504 0.211436
vt 0.111148 0.211788
vt 0.111231 0.211141
vt 0.115843 0.203672
vt 0.115632 0.204173
vt 0.115304 0.204016
vt 0.137638 0.319809
vt 0.137716 0.319305
vt 0.138187 0.319767
vt 0.114301 0.210328
vt 0.114122 0.210818
vt 0.113925 0.210429
vt 0.116746 0.203330
vt 0.116373 0.203149
vt 0.116980 0.202932
vt 0.112967 0.090770
vt 0.112476 0.091110
vt 0.112537 0.090599
vt 0.142108 0.081576
vt 0.142620 0.081223
vt 0.142496 0.081901
vt 0.117429 0.094634
vt 0.117533 0.095161
vt 0.116985 0.094951
vt 0.126186 0.213861
vt 0.126463 0.214357
vt 0.125859 0.214266
vt 0.245246 0.315385
vt 0.244917 0.315173
vt 0.245286 0.315000
vt 0.170969 0.224454
vt 0.171549 0.224353
vt 0.171129 0.224784
vt 0.175181 0.217689
vt 0.175099 0.218103
vt 0.174745 0.217629
vt 0.212448 0.105562
vt 0.212754 0.105435
vt 0.212612 0.105873
vt 0.095724 0.577728
vt 0.096007 0.578246
vt 0.095487 0.578167
vt 0.056531 0.044169
vt 0.056384 0.044434
vt 0.055991 0.044261
vt 0.055650 0.043219
vt 0.055860 0.042787
vt 0.056175 0.043201
vt 0.061706 0.045818
vt 0.061615 0.045195
vt 0.062105 0.045600
vt 0.247452 0.840986
vt 0.247166 0.840794
vt 0.247376 0.840626
vt 0.302558 0.896522
vt 0.302015 0.895380
vt 0.301673 0.896314
vt 0.264758 0.964810
vt 0.263174 0.965162
vt 0.263662 0.965649
vt 0.410610 0.907705
vt 0.409635 0.908483
vt 0.409488 0.907731
vt 0.174250 0.231558
vt 0.173838 0.230955
vt 0.174314 0.230908
vt 0.173159 0.231096
vt 0.172841 0.230680
vt 0.173323 0.230187
vt 0.311501 0.037795
vt 0.311668 0.038116
vt 0.311362 0.038242
vt 0.312971 0.040795
vt 0.313000 0.040224
vt 0.313310 0.040633
vt 0.311622 0.038583
vt 0.312052 0.038113
vt 0.312002 0.038729
vt 0.273807 0.842330
vt 0.273374 0.842898
vt 0.273300 0.842207
vt 0.269280 0.378691
vt 0.269300 0.379283
vt 0.268775 0.378953
vt 0.272621 0.787730
vt 0.272224 0.788012
vt 0.272201 0.787574
vt 0.272227 0.788853
vt 0.271751 0.789034
vt 0.271778 0.788609
vt 0.154455 0.922735
vt 0.154714 0.923440
vt 0.154187 0.923136
vt 0.273003 0.781845
vt 0.273155 0.781429
vt 0.273529 0.781618
vt 0.152047 0.921327
vt 0.152608 0.921381
vt 0.152392 0.921673
vt 0.176725 0.196629
vt 0.177222 0.196970
vt 0.176459 0.196861
vt 0.179083 0.196394
vt 0.179052 0.196620
vt 0.178424 0.196493
vt 0.144245 0.913448
vt 0.144579 0.914002
vt 0.143647 0.913998
vt 0.146066 0.924491
vt 0.146431 0.924293
vt 0.146469 0.924612
vt 0.212277 0.867775
vt 0.211814 0.867689
vt 0.211856 0.867287
vt 0.240263 0.452204
vt 0.239917 0.452533
vt 0.239899 0.452153
vt 0.242030 0.452397
vt 0.241825 0.452022
vt 0.242144 0.451896
vt 0.242995 0.445751
vt 0.243120 0.445259
vt 0.243291 0.445608
vt 0.045743 0.244595
vt 0.045441 0.244960
vt 0.045468 0.244713
vt 0.161248 0.815258
vt 0.161405 0.814744
vt 0.161683 0.815195
vt 0.196149 0.235025
vt 0.196624 0.235077
vt 0.196298 0.235242
vt 0.150714 0.662264
vt 0.150204 0.662488
vt 0.150064 0.661894
vt 0.232540 0.120115
vt 0.232763 0.119629
vt 0.232951 0.120086
vt 0.319287 0.650703
vt 0.319857 0.651005
vt 0.319388 0.651077
vt 0.197850 0.232694
vt 0.197726 0.232342
vt 0.198137 0.232400
vt 0.283243 0.794829
vt 0.282961 0.794951
vt 0.283006 0.794568
vt 0.149233 0.689597
vt 0.149663 0.689855
vt 0.149209 0.690172
vt 0.140426 0.676113
vt 0.140562 0.675612
vt 0.141011 0.675690
vt 0.240369 0.698829
vt 0.241032 0.698674
vt 0.240666 0.699096
vt 0.242262 0.700053
vt 0.242169 0.700474
vt 0.241910 0.700037
vt 0.025440 0.171786
vt 0.025668 0.171262
vt 0.025832 0.171698
vt 0.024940 0.171788
vt 0.025239 0.171397
vt 0.029264 0.170510
vt 0.028826 0.170983
vt 0.028847 0.170578
vt 0.027093 0.157073
vt 0.026930 0.157537
vt 0.026707 0.157103
vt 0.145337 0.927221
vt 0.144876 0.927481
vt 0.144953 0.927076
vt 0.018171 0.163498
vt 0.017710 0.163691
vt 0.017800 0.163255
vt 0.086488 0.310833
vt 0.086796 0.310748
vt 0.086724 0.311204
vt 0.093475 0.307552
vt 0.093454 0.307868
vt 0.092900 0.307479
vt 0.087007 0.309514
vt 0.086947 0.309961
vt 0.086647 0.309634
vt 0.289889 0.302420
vt 0.289709 0.302825
vt 0.289469 0.302174
vt 0.292730 0.303101
vt 0.292583 0.302559
vt 0.292862 0.302683
vt 0.210001 0.588893
vt 0.210365 0.588391
vt 0.210421 0.588955
vt 0.294685 0.300547
vt 0.294782 0.300232
vt 0.294947 0.300699
vt 0.191959 0.515135
vt 0.191373 0.515450
vt 0.191299 0.514871
vt 0.076659 0.602134
vt 0.077161 0.602077
vt 0.077023 0.602585
vt 0.071930 0.602675
vt 0.072185 0.602229
vt 0.072366 0.602752
vt 0.325306 0.146683
vt 0.325224 0.147762
vt 0.326475 0.146974
vt 0.083955 0.301971
vt 0.083483 0.301943
vt 0.083964 0.301721
vt 0.244319 0.701318
vt 0.244833 0.701554
vt 0.244223 0.701718
vt 0.246693 0.712738
vt 0.246480 0.713017
vt 0.246210 0.712524
vt 0.071619 0.752736
vt 0.071792 0.752319
vt 0.072101 0.752822
vt 0.174165 0.476079
vt 0.173797 0.476253
vt 0.173716 0.475755
vt 0.312572 0.978185
vt 0.313190 0.978373
vt 0.312922 0.978942
vt 0.205674 0.098678
vt 0.206199 0.098524
vt 0.206107 0.098889
vt 0.338863 0.011523
vt 0.339332 0.011191
vt 0.339383 0.011676
vt 0.186795 0.951601
vt 0.186457 0.951259
vt 0.186901 0.951011
vt 0.116635 0.424855
vt 0.117733 0.424485
vt 0.117489 0.425351
vt 0.313009 0.977833
vt 0.327368 0.468255
vt 0.327855 0.468555
vt 0.327434 0.468594
vt 0.115979 0.425055
vt 0.116011 0.425309
vt 0.115628 0.425234
vt 0.066450 0.028162
vt 0.067332 0.028656
vt 0.066575 0.028429
vt 0.208005 0.083512
vt 0.208594 0.084699
vt 0.206958 0.084049
vt 0.211909 0.699677
vt 0.212382 0.699268
vt 0.212386 0.699683
vt 0.212316 0.690283
vt 0.212398 0.689879
vt 0.212979 0.690238
vt 0.204746 0.078156
vt 0.208821 0.078578
vt 0.207102 0.080344
vt 0.203092 0.076017
vt 0.203426 0.074708
vt 0.204316 0.075448
vt 0.364289 0.554832
vt 0.363806 0.554981
vt 0.363961 0.555601
vt 0.357940 0.836749
vt 0.359631 0.837522
vt 0.358538 0.838406
vt 0.344462 0.903006
vt 0.342583 0.902267
vt 0.344102 0.900876
vt 0.053355 0.740870
vt 0.054424 0.742198
vt 0.051775 0.743112
vt 0.574217 0.959336
vt 0.573093 0.960916
vt 0.576270 0.959279
vt 0.216473 0.079346
vt 0.214157 0.078803
vt 0.216642 0.077375
vt 0.285185 0.913934
vt 0.283296 0.914167
vt 0.283495 0.917280
vt 0.309596 0.846941
vt 0.309793 0.847952
vt 0.310818 0.847416
vt 0.058802 0.811494
vt 0.057556 0.813604
vt 0.059773 0.813413
vt 0.217836 0.078221
vt 0.218071 0.079171
vt 0.143272 0.854528
vt 0.143697 0.854717
vt 0.143331 0.855107
vt 0.078854 0.814943
vt 0.079378 0.814692
vt 0.079601 0.815108
vt 0.104174 0.655544
vt 0.104691 0.655222
vt 0.104576 0.656309
vt 0.375936 0.238223
vt 0.375611 0.238338
vt 0.375745 0.238056
vt 0.108854 0.656232
vt 0.109196 0.656780
vt 0.108617 0.656916
vt 0.349718 0.185218
vt 0.350186 0.184681
vt 0.350162 0.185170
vt 0.176668 0.551499
vt 0.176183 0.551062
vt 0.176691 0.550959
vt 0.150612 0.510980
vt 0.151090 0.511040
vt 0.150592 0.511441
vt 0.153718 0.508438
vt 0.153266 0.508647
vt 0.153342 0.508139
vt 0.149170 0.930029
vt 0.148662 0.930136
vt 0.148766 0.929731
vt 0.209268 0.425531
vt 0.209074 0.425908
vt 0.208779 0.425739
vt 0.209893 0.424070
vt 0.210154 0.423684
vt 0.210276 0.424195
vt 0.081889 0.808353
vt 0.081494 0.808257
vt 0.081814 0.807814
vt 0.081182 0.811086
vt 0.081318 0.811476
vt 0.080948 0.811087
vt 0.191482 0.789227
vt 0.191463 0.789474
vt 0.191122 0.789120
vt 0.190651 0.790923
vt 0.190122 0.791183
vt 0.190217 0.790536
vt 0.191329 0.791111
vt 0.191094 0.790597
vt 0.191594 0.790688
vt 0.191822 0.789262
vt 0.192272 0.789523
vt 0.191795 0.789618
vt 0.192278 0.789092
vt 0.192882 0.789100
vt 0.078589 0.813765
vt 0.078917 0.814119
vt 0.078694 0.814155
vt 0.108944 0.069451
vt 0.109538 0.069317
vt 0.109307 0.069699
vt 0.145367 0.650017
vt 0.145160 0.650422
vt 0.144833 0.649849
vt 0.145730 0.650544
vt 0.198759 0.818314
vt 0.198740 0.817718
vt 0.199157 0.817999
vt 0.202701 0.513406
vt 0.202522 0.513982
vt 0.202344 0.513792
vt 0.199524 0.818400
vt 0.199548 0.817938
vt 0.149213 0.644906
vt 0.149314 0.645502
vt 0.148775 0.645170
vt 0.140903 0.514831
vt 0.140206 0.514944
vt 0.140493 0.514517
vt 0.096736 0.796542
vt 0.096291 0.796560
vt 0.096596 0.796187
vt 0.098974 0.807428
vt 0.099307 0.807506
vt 0.098969 0.807819
vt 0.140458 0.517988
vt 0.140060 0.518307
vt 0.139970 0.517800
vt 0.099506 0.808292
vt 0.099801 0.807940
vt 0.099743 0.808368
vt 0.099214 0.807112
vt 0.151498 0.844914
vt 0.151619 0.845677
vt 0.151127 0.845411
vt 0.283032 0.550088
vt 0.282920 0.550600
vt 0.282658 0.550090
vt 0.282317 0.548378
vt 0.282522 0.547988
vt 0.282732 0.548343
vt 0.278913 0.547141
vt 0.278492 0.547197
vt 0.278785 0.546929
vt 0.277426 0.547642
vt 0.277690 0.547419
vt 0.277729 0.547826
vt 0.291671 0.481087
vt 0.291127 0.481005
vt 0.291363 0.480751
vt 0.271352 0.124213
vt 0.270880 0.124109
vt 0.271215 0.123931
vt 0.109087 0.658749
vt 0.108753 0.659015
vt 0.108832 0.658490
vt 0.195686 0.802588
vt 0.195931 0.802464
vt 0.196021 0.802649
vt 0.154445 0.875291
vt 0.154652 0.875668
vt 0.154141 0.875736
vt 0.155172 0.875146
vt 0.154916 0.875371
vt 0.154818 0.875025
vt 0.154218 0.878938
vt 0.153931 0.878523
vt 0.154493 0.878430
vt 0.280842 0.008531
vt 0.280513 0.008761
vt 0.280289 0.008290
vt 0.291238 0.481448
vt 0.291757 0.481686
vt 0.372613 0.814640
vt 0.372309 0.814322
vt 0.372661 0.814179
vt 0.304445 0.785579
vt 0.304217 0.785791
vt 0.304196 0.785317
vt 0.304395 0.782758
vt 0.304225 0.783213
vt 0.304082 0.782718
vt 0.354892 0.436461
vt 0.354802 0.436754
vt 0.354581 0.436523
vt 0.354646 0.437127
vt 0.354091 0.437258
vt 0.354229 0.436669
vt 0.266662 0.122096
vt 0.266692 0.122619
vt 0.266400 0.122295
vt 0.366943 0.950153
vt 0.366245 0.950133
vt 0.366413 0.949637
vt 0.148416 0.542768
vt 0.148978 0.542660
vt 0.148809 0.543075
vt 0.139175 0.543451
vt 0.138700 0.543376
vt 0.138881 0.543085
vt 0.091823 0.082259
vt 0.091739 0.082867
vt 0.091135 0.082654
vt 0.257199 0.860004
vt 0.257535 0.859793
vt 0.257458 0.860264
vt 0.302704 0.782574
vt 0.302962 0.783015
vt 0.302391 0.783102
vt 0.300645 0.782481
vt 0.300376 0.782570
vt 0.300565 0.782208
vt 0.080852 0.087276
vt 0.081088 0.087136
vt 0.081336 0.087419
vt 0.197095 0.528560
vt 0.196995 0.528066
vt 0.197495 0.528369
vt 0.114616 0.036449
vt 0.115073 0.036561
vt 0.114803 0.036893
vt 0.093042 0.619155
vt 0.092555 0.619386
vt 0.092564 0.618918
vt 0.083332 0.617487
vt 0.083341 0.617866
vt 0.082983 0.617800
vt 0.258464 0.587136
vt 0.258044 0.587057
vt 0.258257 0.586634
vt 0.024206 0.430839
vt 0.024436 0.431256
vt 0.024040 0.431164
vt 0.012885 0.416222
vt 0.012964 0.415486
vt 0.013310 0.415881
vt 0.021516 0.403050
vt 0.021182 0.403477
vt 0.021098 0.403152
vt 0.271803 0.268828
vt 0.271495 0.268684
vt 0.271783 0.268406
vt 0.271298 0.268430
vt 0.270259 0.269770
vt 0.269896 0.269494
vt 0.270218 0.269193
vt 0.005391 0.417118
vt 0.005014 0.416915
vt 0.005372 0.416589
vt 0.056294 0.181544
vt 0.056304 0.182019
vt 0.055912 0.181806
vt 0.018898 0.014457
vt 0.019180 0.014634
vt 0.019084 0.014849
vt 0.018289 0.014753
vt 0.018143 0.014429
vt 0.018486 0.014516
vt 0.026962 0.428469
vt 0.026784 0.428934
vt 0.026542 0.428542
vt 0.023663 0.427382
vt 0.023138 0.426923
vt 0.023640 0.426912
vt 0.029427 0.404527
vt 0.029126 0.404651
vt 0.028936 0.404228
vt 0.025734 0.427113
vt 0.025466 0.427385
vt 0.025234 0.427108
vt 0.032839 0.407426
vt 0.032477 0.406835
vt 0.033030 0.407141
vt 0.030547 0.404124
vt 0.030897 0.404470
vt 0.030453 0.404611
vt 0.170500 0.389531
vt 0.170737 0.389745
vt 0.170315 0.389884
vt 0.107933 0.338478
vt 0.108647 0.338634
vt 0.108185 0.339167
vt 0.121987 0.351815
vt 0.122442 0.351448
vt 0.122545 0.351831
vt 0.013929 0.336249
vt 0.013366 0.335790
vt 0.013818 0.335634
vt 0.011545 0.333773
vt 0.011071 0.334192
vt 0.010908 0.333663
vt 0.121458 0.348395
vt 0.121722 0.347981
vt 0.121993 0.348363
vt 0.013481 0.092844
vt 0.013892 0.092912
vt 0.013405 0.093300
vt 0.239983 0.203605
vt 0.239364 0.203640
vt 0.239679 0.203281
vt 0.013507 0.101444
vt 0.013580 0.100798
vt 0.014189 0.101079
vt 0.113537 0.327798
vt 0.113098 0.327474
vt 0.113561 0.327444
vt 0.549907 0.909346
vt 0.549636 0.908882
vt 0.550140 0.908883
vt 0.048009 0.184734
vt 0.047432 0.185029
vt 0.047323 0.184612
vt 0.168940 0.052109
vt 0.168618 0.052555
vt 0.168460 0.051887
vt 0.225912 0.706183
vt 0.225723 0.705886
vt 0.226221 0.705898
vt 0.046820 0.185158
vt 0.046101 0.185375
vt 0.046519 0.184924
vt 0.242427 0.104495
vt 0.241694 0.104272
vt 0.242631 0.103852
vt 0.281484 0.481166
vt 0.282078 0.481066
vt 0.281760 0.481443
vt 0.081663 0.934216
vt 0.081849 0.934701
vt 0.081439 0.934737
vt 0.282220 0.056781
vt 0.281685 0.056678
vt 0.281911 0.056474
vt 0.144694 0.100224
vt 0.144301 0.100055
vt 0.144774 0.099849
vt 0.114165 0.764443
vt 0.114454 0.765168
vt 0.114047 0.764989
vt 0.143631 0.093342
vt 0.144024 0.093622
vt 0.143745 0.093886
vt 0.074763 0.930468
vt 0.075346 0.930493
vt 0.075046 0.930913
vt 0.168571 0.040028
vt 0.168243 0.039671
vt 0.168698 0.039724
vt 0.147097 0.098569
vt 0.146687 0.098462
vt 0.147027 0.098128
vt 0.168613 0.040482
vt 0.168805 0.041066
vt 0.168299 0.040771
vt 0.167131 0.046493
vt 0.167305 0.045824
vt 0.167777 0.046246
vt 0.079833 0.745978
vt 0.079537 0.746276
vt 0.079381 0.745981
vt 0.080431 0.750051
vt 0.080995 0.749953
vt 0.080569 0.750378
vt 0.210742 0.092801
vt 0.211053 0.093447
vt 0.210524 0.093373
vt 0.206564 0.143690
vt 0.207006 0.143590
vt 0.206745 0.144067
vt 0.212356 0.158037
vt 0.212016 0.158109
vt 0.212128 0.157778
vt 0.146810 0.195898
vt 0.147015 0.195454
vt 0.147273 0.195883
vt 0.208004 0.153530
vt 0.208067 0.153945
vt 0.207689 0.153843
vt 0.145607 0.194222
vt 0.145471 0.194706
vt 0.145118 0.194331
vt 0.146175 0.551396
vt 0.145574 0.551321
vt 0.145728 0.550637
vt 0.099982 0.743497
vt 0.100186 0.742965
vt 0.100354 0.743410
vt 0.334391 0.403788
vt 0.335080 0.404271
vt 0.335080 0.403555
vt 0.367272 0.817193
vt 0.367913 0.817268
vt 0.367585 0.817833
vt 0.141318 0.550900
vt 0.141770 0.550765
vt 0.141959 0.551275
vt 0.327962 0.863705
vt 0.328475 0.861813
vt 0.326338 0.864835
vt 0.145384 0.550827
vt 0.139015 0.559874
vt 0.138803 0.559222
vt 0.139261 0.559426
vt 0.229206 0.300411
vt 0.228851 0.300264
vt 0.229135 0.300019
vt 0.128689 0.771046
vt 0.128929 0.771433
vt 0.128426 0.771536
vt 0.129279 0.771702
vt 0.128516 0.772220
vt 0.113405 0.775102
vt 0.112717 0.774926
vt 0.112982 0.774533
vt 0.110683 0.776063
vt 0.110187 0.776034
vt 0.110201 0.775557
vt 0.230486 0.011128
vt 0.230093 0.009646
vt 0.230646 0.010470
vt 0.387959 0.939720
vt 0.389403 0.940046
vt 0.387079 0.940434
vt 0.267524 0.557580
vt 0.270359 0.558663
vt 0.269536 0.559930
vt 0.150476 0.558947
vt 0.150165 0.559201
vt 0.149985 0.558599
vt 0.171752 0.036878
vt 0.171940 0.036482
vt 0.172113 0.036983
vt 0.172736 0.036902
vt 0.172764 0.037382
vt 0.172452 0.037137
vt 0.271285 0.268703
vt 0.271384 0.268961
vt 0.271023 0.268789
vt 0.281587 0.064510
vt 0.281480 0.064162
vt 0.281916 0.064097
vt 0.241446 0.828981
vt 0.242036 0.829184
vt 0.241780 0.829530
vt 0.241213 0.827543
vt 0.240988 0.827047
vt 0.241453 0.827237
vt 0.243030 0.829957
vt 0.242861 0.829504
vt 0.243323 0.829546
vt 0.268091 0.668116
vt 0.268385 0.667486
vt 0.267602 0.667267
vt 0.273472 0.046642
vt 0.272869 0.046440
vt 0.273209 0.046085
vt 0.309369 0.061187
vt 0.309140 0.061619
vt 0.308919 0.061207
vt 0.001671 0.011323
vt 0.001374 0.011473
vt 0.001428 0.011091
vt 0.056478 0.626674
vt 0.056524 0.627322
vt 0.055907 0.627207
vt 0.299392 0.643806
vt 0.300250 0.643637
vt 0.299727 0.644247
vt 0.116865 0.922758
vt 0.116200 0.922841
vt 0.116635 0.922512
vt 0.121134 0.924410
vt 0.121006 0.923962
vt 0.121479 0.924031
vt 0.189413 0.748211
vt 0.190162 0.748705
vt 0.189935 0.747807
vt 0.470525 0.940238
vt 0.471364 0.939449
vt 0.470086 0.939145
vt 0.572908 0.924015
vt 0.573301 0.924441
vt 0.572928 0.924577
vt 0.174678 0.677651
vt 0.171056 0.678159
vt 0.173486 0.680031
vt 0.652789 0.905504
vt 0.652837 0.906067
vt 0.652237 0.905765
vt 0.278520 0.817843
vt 0.276873 0.817401
vt 0.277989 0.816542
vt 0.325188 0.111235
vt 0.325678 0.111318
vt 0.325420 0.111535
vt 0.255113 0.366279
vt 0.255757 0.366348
vt 0.255410 0.366920
vt 0.256314 0.364737
vt 0.256141 0.365180
vt 0.255800 0.364711
vt 0.286380 0.820862
vt 0.284253 0.816670
vt 0.286748 0.818275
vt 0.131646 0.765216
vt 0.132111 0.765387
vt 0.131685 0.765585
vt 0.041474 0.016987
vt 0.041423 0.017397
vt 0.041806 0.016918
vt 0.302844 0.261776
vt 0.303867 0.260654
vt 0.304186 0.262078
vt 0.295982 0.076392
vt 0.294341 0.075743
vt 0.295041 0.076521
vt 0.300259 0.052516
vt 0.300704 0.053132
vt 0.300130 0.052891
vt 0.298220 0.531605
vt 0.297731 0.531525
vt 0.129529 0.766125
vt 0.129954 0.766048
vt 0.130109 0.766420
vt 0.285412 0.327311
vt 0.285216 0.326991
vt 0.285752 0.326972
vt 0.284983 0.327449
vt 0.284368 0.327681
vt 0.284705 0.327082
vt 0.284847 0.327930
vt 0.307019 0.383936
vt 0.310481 0.387587
vt 0.310239 0.387917
vt 0.310120 0.387609
vt 0.099199 0.936527
vt 0.098710 0.936841
vt 0.098694 0.936206
vt 0.099138 0.937768
vt 0.099404 0.937483
vt 0.099576 0.937813
vt 0.076870 0.333832
vt 0.077188 0.333475
vt 0.077484 0.334002
vt 0.028895 0.323612
vt 0.028262 0.323481
vt 0.028611 0.323033
vt 0.039288 0.327864
vt 0.038934 0.327953
vt 0.038816 0.327320
vt 0.108373 0.678811
vt 0.108534 0.678353
vt 0.108921 0.678675
vt 0.056448 0.180182
vt 0.055996 0.180071
vt 0.056158 0.179720
vt 0.080963 0.178080
vt 0.081377 0.178498
vt 0.080619 0.178481
vt 0.075689 0.179892
vt 0.075273 0.179884
vt 0.075424 0.179446
vt 0.073919 0.179139
vt 0.073878 0.178753
vt 0.074309 0.178724
vt 0.018326 0.335034
vt 0.017640 0.335226
vt 0.017913 0.334727
vt 0.093028 0.175139
vt 0.093349 0.175094
vt 0.093351 0.175512
vt 0.082714 0.176658
vt 0.082695 0.177028
vt 0.082075 0.176853
vt 0.005700 0.461209
vt 0.005626 0.460656
vt 0.005969 0.461026
vt 0.014600 0.446442
vt 0.014437 0.445904
vt 0.015025 0.445822
vt 0.077912 0.190153
vt 0.077650 0.189696
vt 0.078065 0.189703
vt 0.073667 0.189996
vt 0.074193 0.189995
vt 0.074215 0.190679
vt 0.062172 0.188755
vt 0.062674 0.188845
vt 0.062511 0.189259
vt 0.120223 0.686436
vt 0.120393 0.686783
vt 0.119936 0.686724
vt 0.112410 0.685245
vt 0.112045 0.684748
vt 0.112514 0.684776
vt 0.124569 0.691483
vt 0.124467 0.691167
vt 0.125010 0.691344
vt 0.338009 0.266459
vt 0.337640 0.266420
vt 0.337884 0.265818
vt 0.316852 0.534869
vt 0.317083 0.534517
vt 0.317271 0.534988
vt 0.030268 0.251421
vt 0.030669 0.251377
vt 0.030738 0.251867
vt 0.028637 0.247804
vt 0.028263 0.247469
vt 0.028930 0.247430
vt 0.023194 0.250070
vt 0.023188 0.250721
vt 0.022764 0.250389
vt 0.022429 0.249820
vt 0.030516 0.248983
vt 0.030200 0.248896
vt 0.030354 0.248567
vt 0.034843 0.267236
vt 0.034526 0.267560
vt 0.034841 0.266829
vt 0.059608 0.087282
vt 0.059434 0.087800
vt 0.059130 0.087343
vt 0.053692 0.088813
vt 0.053708 0.089285
vt 0.052848 0.088892
vt 0.053240 0.088510
vt 0.053282 0.088896
vt 0.281924 0.290082
vt 0.282329 0.289816
vt 0.282212 0.290281
vt 0.284714 0.287624
vt 0.284561 0.287339
vt 0.284951 0.287178
vt 0.014413 0.441583
vt 0.014211 0.441257
vt 0.014816 0.441051
vt 0.005183 0.254067
vt 0.004736 0.254337
vt 0.004787 0.253972
vt 0.034518 0.438915
vt 0.035140 0.439124
vt 0.034816 0.439117
vt 0.035008 0.439533
vt 0.034971 0.439311
vt 0.035267 0.439551
vt 0.084273 0.287259
vt 0.084629 0.287488
vt 0.084389 0.287884
vt 0.299786 0.452049
vt 0.299421 0.452806
vt 0.299119 0.452348
vt 0.080741 0.269490
vt 0.081337 0.269510
vt 0.080871 0.269880
vt 0.024284 0.615108
vt 0.024790 0.614852
vt 0.024810 0.615519
vt 0.020595 0.607682
vt 0.020945 0.608075
vt 0.020280 0.608080
vt 0.031898 0.608791
vt 0.031468 0.609268
vt 0.031431 0.608714
vt 0.022225 0.606737
vt 0.022208 0.606165
vt 0.022689 0.606255
vt 0.021234 0.605128
vt 0.021644 0.605414
vt 0.021079 0.605647
vt 0.086647 0.389225
vt 0.086580 0.389793
vt 0.086131 0.389351
vt 0.087080 0.390098
vt 0.087057 0.389607
vt 0.243608 0.150492
vt 0.243779 0.150139
vt 0.244018 0.150444
vt 0.185954 0.419767
vt 0.186145 0.419331
vt 0.186380 0.419754
vt 0.075046 0.464781
vt 0.074704 0.464702
vt 0.075094 0.464454
vt 0.085133 0.389883
vt 0.084726 0.389572
vt 0.085172 0.389415
vt 0.076638 0.465905
vt 0.076328 0.465933
vt 0.076491 0.465501
vt 0.079931 0.473292
vt 0.080021 0.473655
vt 0.079542 0.473408
vt 0.076641 0.464138
vt 0.076293 0.463693
vt 0.076983 0.463934
vt 0.196259 0.366394
vt 0.196307 0.366831
vt 0.195822 0.366908
vt 0.232869 0.795090
vt 0.232456 0.795071
vt 0.232781 0.794637
vt 0.345803 0.320378
vt 0.345734 0.321153
vt 0.344763 0.321157
vt 0.265252 0.727414
vt 0.268733 0.726885
vt 0.266332 0.730645
vt 0.325200 0.740664
vt 0.325177 0.739422
vt 0.322918 0.739886
vt 0.171475 0.936717
vt 0.176853 0.933545
vt 0.174188 0.927568
vt 0.057592 0.800676
vt 0.056420 0.801254
vt 0.057122 0.799559
vt 0.353682 0.627759
vt 0.354317 0.627437
vt 0.354216 0.628111
vt 0.349133 0.267117
vt 0.350452 0.267187
vt 0.350629 0.268234
vt 0.416325 0.932966
vt 0.418479 0.930132
vt 0.416139 0.931025
vt 0.413799 0.931918
vt 0.488988 0.923804
vt 0.488147 0.924491
vt 0.488916 0.924713
vt 0.208185 0.286597
vt 0.204894 0.287629
vt 0.207379 0.289177
vt 0.298512 0.452769
vt 0.297918 0.453048
vt 0.297920 0.452433
vt 0.071249 0.294181
vt 0.070293 0.293904
vt 0.070764 0.293324
vt 0.419517 0.932025
vt 0.208926 0.301823
vt 0.209039 0.301264
vt 0.208364 0.301793
vt 0.076259 0.291366
vt 0.076251 0.290902
vt 0.076760 0.291512
vt 0.075612 0.290944
vt 0.075325 0.291467
vt 0.075068 0.291027
vt 0.089127 0.732818
vt 0.088835 0.732388
vt 0.089256 0.732499
vt 0.272487 0.680438
vt 0.273053 0.680175
vt 0.272989 0.680675
vt 0.312226 0.374614
vt 0.312018 0.374242
vt 0.312591 0.373966
vt 0.173526 0.668872
vt 0.170729 0.671014
vt 0.172144 0.670741
vt 0.317874 0.445791
vt 0.319556 0.445922
vt 0.317306 0.447355
vt 0.321765 0.443754
vt 0.320726 0.443669
vt 0.320813 0.442204
vt 0.363202 0.528862
vt 0.362781 0.528429
vt 0.363420 0.528228
vt 0.210864 0.281190
vt 0.292414 0.226209
vt 0.291914 0.226036
vt 0.292312 0.225555
vt 0.452486 0.956963
vt 0.451334 0.958079
vt 0.450195 0.957385
vt 0.318309 0.906303
vt 0.315082 0.900288
vt 0.315602 0.904766
vt 0.217876 0.198226
vt 0.212433 0.195466
vt 0.215182 0.200618
vt 0.421517 0.979264
vt 0.422004 0.978842
vt 0.422023 0.979591
vt 0.198166 0.420927
vt 0.198775 0.420151
vt 0.199183 0.421032
vt 0.326034 0.749389
vt 0.328993 0.741044
vt 0.324340 0.742582
vt 0.171130 0.928541
vt 0.168072 0.929514
vt 0.310351 0.996092
vt 0.311233 0.995277
vt 0.309093 0.996005
vt 0.312740 0.995093
vt 0.313490 0.996552
vt 0.372660 0.742434
vt 0.373681 0.743352
vt 0.373218 0.742312
vt 0.424028 0.979576
vt 0.423819 0.979408
vt 0.424271 0.979130
vt 0.421108 0.979693
vt 0.421564 0.980119
vt 0.216597 0.490218
vt 0.217048 0.490100
vt 0.216963 0.490488
vt 0.046131 0.534397
vt 0.046845 0.535053
vt 0.047016 0.534273
vt 0.348656 0.308524
vt 0.350008 0.310382
vt 0.351507 0.308435
vt 0.702659 0.941212
vt 0.703485 0.940586
vt 0.703116 0.941213
vt 0.039767 0.049376
vt 0.039421 0.049980
vt 0.038962 0.049436
vt 0.259516 0.920945
vt 0.258524 0.920992
vt 0.258384 0.919690
vt 0.282155 0.829195
vt 0.279228 0.824865
vt 0.278859 0.828065
vt 0.229212 0.878044
vt 0.228825 0.878026
vt 0.228900 0.877706
vt 0.230624 0.879955
vt 0.231054 0.879768
vt 0.231139 0.880092
vt 0.139988 0.895512
vt 0.139472 0.895933
vt 0.139448 0.895468
vt 0.028462 0.295907
vt 0.028495 0.295549
vt 0.028918 0.295909
vt 0.024566 0.293228
vt 0.025076 0.292859
vt 0.024941 0.293445
vt 0.318794 0.472765
vt 0.319134 0.473143
vt 0.318680 0.473185
vt 0.021251 0.283624
vt 0.021683 0.284026
vt 0.021197 0.284121
vt 0.027623 0.286617
vt 0.027519 0.286987
vt 0.027121 0.286615
vt 0.005766 0.122391
vt 0.006033 0.122838
vt 0.005632 0.122869
vt 0.165735 0.896165
vt 0.166048 0.896081
vt 0.166132 0.896429
vt 0.162684 0.890097
vt 0.162803 0.889582
vt 0.163248 0.889751
vt 0.166677 0.881140
vt 0.166969 0.880745
vt 0.167081 0.880998
vt 0.024382 0.280549
vt 0.024040 0.280154
vt 0.024672 0.280315
vt 0.206946 0.495299
vt 0.207186 0.495606
vt 0.206761 0.495608
vt 0.205630 0.494978
vt 0.205600 0.495250
vt 0.205206 0.495207
vt 0.244831 0.084388
vt 0.245052 0.083942
vt 0.245311 0.084338
vt 0.174055 0.031169
vt 0.173429 0.031010
vt 0.173680 0.030635
vt 0.282356 0.459927
vt 0.282065 0.460204
vt 0.281809 0.459798
vt 0.282755 0.460317
vt 0.282822 0.460690
vt 0.282446 0.460496
vt 0.278802 0.461999
vt 0.278827 0.461221
vt 0.279169 0.461842
vt 0.241068 0.987814
vt 0.240119 0.988354
vt 0.241998 0.989141
vt 0.682773 0.932065
vt 0.682816 0.931273
vt 0.683431 0.932295
vt 0.173066 0.028637
vt 0.172778 0.029009
vt 0.172558 0.028535
vt 0.301494 0.228668
vt 0.301175 0.229075
vt 0.301167 0.228788
vt 0.293282 0.550256
vt 0.292919 0.550306
vt 0.292870 0.549965
vt 0.167472 0.027948
vt 0.167890 0.027678
vt 0.167904 0.028163
vt 0.043184 0.127759
vt 0.043508 0.128141
vt 0.043097 0.128121
vt 0.105076 0.538068
vt 0.105171 0.537681
vt 0.105397 0.537943
vt 0.087573 0.378345
vt 0.088277 0.378587
vt 0.087701 0.378873
vt 0.279284 0.779820
vt 0.278988 0.779569
vt 0.279298 0.779487
vt 0.122361 0.524752
vt 0.122947 0.525013
vt 0.122401 0.525227
vt 0.292488 0.552943
vt 0.292962 0.553078
vt 0.292613 0.553222
vt 0.124712 0.538636
vt 0.124141 0.538548
vt 0.124400 0.537965
vt 0.043964 0.127996
vt 0.044270 0.128264
vt 0.043880 0.128316
vt 0.281831 0.265439
vt 0.282016 0.265037
vt 0.282235 0.265486
vt 0.231305 0.879489
vt 0.231636 0.879115
vt 0.231654 0.879582
vt 0.230484 0.879054
vt 0.230483 0.879461
vt 0.230146 0.879319
vt 0.084591 0.709781
vt 0.085016 0.709509
vt 0.085013 0.709882
vt 0.083573 0.724721
vt 0.083323 0.724365
vt 0.083749 0.724326
vt 0.059114 0.364921
vt 0.059426 0.365049
vt 0.059105 0.365175
vt 0.060661 0.363401
vt 0.061024 0.363109
vt 0.060906 0.363456
vt 0.061286 0.363189
vt 0.061422 0.362883
vt 0.060547 0.363006
vt 0.060846 0.362666
vt 0.088957 0.730546
vt 0.088273 0.730662
vt 0.088635 0.730213
vt 0.097641 0.892600
vt 0.097579 0.893152
vt 0.096994 0.892811
vt 0.223336 0.462678
vt 0.223037 0.462906
vt 0.222931 0.462454
vt 0.223223 0.462352
vt 0.223175 0.462062
vt 0.223488 0.462258
vt 0.098175 0.893295
vt 0.097864 0.893572
vt 0.097444 0.893691
vt 0.123782 0.944583
vt 0.123340 0.944047
vt 0.123847 0.943889
vt 0.118887 0.940820
vt 0.119411 0.940757
vt 0.118991 0.941227
vt 0.144218 0.899970
vt 0.144690 0.900438
vt 0.144259 0.900457
vt 0.262837 0.326395
vt 0.262082 0.325911
vt 0.263039 0.325983
vt 0.076161 0.909535
vt 0.075660 0.909270
vt 0.075958 0.908925
vt 0.096782 0.911532
vt 0.096787 0.911014
vt 0.097192 0.911388
vt 0.096119 0.910243
vt 0.095821 0.910867
vt 0.095518 0.910347
vt 0.349099 0.581556
vt 0.348912 0.581123
vt 0.349328 0.581354
vt 0.290946 0.227436
vt 0.291011 0.227893
vt 0.290554 0.227842
vt 0.290290 0.227479
vt 0.290720 0.227069
vt 0.258123 0.077780
vt 0.257978 0.077340
vt 0.258486 0.077390
vt 0.270017 0.495942
vt 0.269606 0.495897
vt 0.269758 0.495570
vt 0.326556 0.684363
vt 0.326419 0.684853
vt 0.326116 0.684528
vt 0.058795 0.120639
vt 0.058890 0.120403
vt 0.059098 0.120670
vt 0.058458 0.122280
vt 0.058097 0.122310
vt 0.058140 0.121894
vt 0.523357 0.965143
vt 0.522798 0.965279
vt 0.523449 0.965616
vt 0.312881 0.242024
vt 0.312905 0.242416
vt 0.312537 0.242221
vt 0.307668 0.249681
vt 0.308086 0.249780
vt 0.307855 0.250009
vt 0.308078 0.247394
vt 0.308245 0.247035
vt 0.308541 0.247349
vt 0.306989 0.249577
vt 0.306885 0.249296
vt 0.307268 0.249449
vt 0.269955 0.451617
vt 0.269680 0.451926
vt 0.269595 0.451789
vt 0.229078 0.612031
vt 0.229144 0.611688
vt 0.229573 0.612025
vt 0.362624 0.143501
vt 0.362938 0.143557
vt 0.362830 0.143847
vt 0.040464 0.024828
vt 0.040035 0.024200
vt 0.040654 0.024202
vt 0.246383 0.388004
vt 0.246078 0.388310
vt 0.245989 0.387842
vt 0.246006 0.121917
vt 0.245832 0.121587
vt 0.246192 0.121586
vt 0.246544 0.386045
vt 0.246488 0.386468
vt 0.246222 0.386342
vt 0.240297 0.122187
vt 0.240381 0.122747
vt 0.240032 0.122425
vt 0.289149 0.973039
vt 0.289432 0.972312
vt 0.287891 0.972355
vt 0.361652 0.279455
vt 0.361995 0.279242
vt 0.362014 0.279684
vt 0.279163 0.296913
vt 0.279153 0.297730
vt 0.279664 0.298150
vt 0.055665 0.332332
vt 0.056112 0.332108
vt 0.056110 0.332690
vt 0.369944 0.695090
vt 0.370432 0.695610
vt 0.369983 0.695690
vt 0.208848 0.356374
vt 0.208412 0.356161
vt 0.208616 0.355905
vt 0.243137 0.017615
vt 0.243507 0.017935
vt 0.243346 0.018150
vt 0.298397 0.301615
vt 0.298209 0.301221
vt 0.298460 0.301270
vt 0.349472 0.747647
vt 0.349253 0.747955
vt 0.349070 0.747841
vt 0.134965 0.415947
vt 0.134537 0.415801
vt 0.134911 0.415562
vt 0.153869 0.417003
vt 0.154383 0.417012
vt 0.154347 0.417497
vt 0.271515 0.908252
vt 0.270923 0.908364
vt 0.271030 0.908068
vt 0.153532 0.415642
vt 0.153749 0.415461
vt 0.153833 0.415859
vt 0.271899 0.911024
vt 0.271689 0.911437
vt 0.271544 0.911098
vt 0.205730 0.233016
vt 0.206038 0.232699
vt 0.206101 0.233053
vt 0.075407 0.440255
vt 0.075724 0.440716
vt 0.075265 0.440687
vt 0.217516 0.397665
vt 0.217087 0.397734
vt 0.217070 0.397132
vt 0.216620 0.396606
vt 0.216364 0.396967
vt 0.229526 0.502113
vt 0.226928 0.502056
vt 0.227503 0.500487
vt 0.080174 0.423533
vt 0.080711 0.423823
vt 0.080178 0.423802
vt 0.212887 0.380779
vt 0.213436 0.381000
vt 0.213033 0.381272
vt 0.214307 0.627017
vt 0.214879 0.627080
vt 0.214556 0.627560
vt 0.190859 0.157601
vt 0.191068 0.157129
vt 0.191512 0.157594
vt 0.108353 0.071436
vt 0.108122 0.070841
vt 0.108655 0.071040
vt 0.105464 0.072179
vt 0.105668 0.072021
vt 0.105814 0.072371
vt 0.141664 0.594151
vt 0.141615 0.594299
vt 0.141228 0.594136
vt 0.143209 0.593300
vt 0.143356 0.593634
vt 0.142752 0.593321
vt 0.107084 0.065437
vt 0.107527 0.065578
vt 0.106955 0.065924
vt 0.342972 0.568052
vt 0.342514 0.568300
vt 0.342892 0.567771
vt 0.184358 0.661983
vt 0.184826 0.661987
vt 0.184516 0.662432
vt 0.365842 0.388657
vt 0.365525 0.388322
vt 0.366022 0.388092
vt 0.284043 0.785473
vt 0.284458 0.785612
vt 0.284328 0.785163
vt 0.321464 0.095976
vt 0.320135 0.094932
vt 0.319660 0.095984
vt 0.244974 0.380735
vt 0.244347 0.381127
vt 0.244498 0.380246
vt 0.216658 0.577597
vt 0.217188 0.577438
vt 0.216927 0.577872
vt 0.190060 0.023164
vt 0.190017 0.022781
vt 0.190489 0.022879
vt 0.300192 0.637358
vt 0.299756 0.637292
vt 0.299997 0.636990
vt 0.090276 0.431882
vt 0.090568 0.432398
vt 0.090233 0.432429
vt 0.082509 0.428675
vt 0.083033 0.428612
vt 0.082917 0.428979
vt 0.054070 0.100825
vt 0.054644 0.101653
vt 0.054239 0.101712
vt 0.230653 0.504968
vt 0.228507 0.504215
vt 0.167692 0.590157
vt 0.168168 0.590404
vt 0.167613 0.590711
vt 0.348123 0.746495
vt 0.347886 0.746786
vt 0.347703 0.746709
vt 0.168587 0.592597
vt 0.168096 0.592085
vt 0.168682 0.592139
vt 0.057170 0.460838
vt 0.057550 0.460756
vt 0.057183 0.461201
vt 0.359251 0.753614
vt 0.359074 0.754144
vt 0.358609 0.753737
vt 0.063295 0.669208
vt 0.062961 0.669307
vt 0.063126 0.668916
vt 0.353591 0.132568
vt 0.354008 0.132535
vt 0.353774 0.132775
vt 0.355175 0.133073
vt 0.354627 0.133001
vt 0.354857 0.132641
vt 0.258666 0.719972
vt 0.259136 0.719952
vt 0.258842 0.720371
vt 0.343180 0.082512
vt 0.342995 0.081664
vt 0.341952 0.082614
vt 0.310630 0.589358
vt 0.311110 0.588776
vt 0.311477 0.589876
vt 0.344237 0.081850
vt 0.343752 0.080850
vt 0.343267 0.079850
vt 0.281921 0.030605
vt 0.282710 0.032600
vt 0.282816 0.031823
vt 0.280686 0.592796
vt 0.280910 0.592773
vt 0.281111 0.593229
vt 0.056588 0.000655
vt 0.052160 0.000950
vt 0.051488 0.003144
vt 0.492932 0.918077
vt 0.493446 0.918173
vt 0.493027 0.918382
vt 0.272246 0.164888
vt 0.271526 0.165057
vt 0.271619 0.164556
vt 0.553902 0.908566
vt 0.554113 0.908244
vt 0.553738 0.908285
vt 0.336594 0.238344
vt 0.337250 0.240018
vt 0.336083 0.240724
vt 0.058424 0.007538
vt 0.059388 0.004892
vt 0.055046 0.006621
vt 0.353548 0.826365
vt 0.355408 0.825396
vt 0.354052 0.825531
vt 0.427144 0.905309
vt 0.427775 0.905668
vt 0.427310 0.905927
vt 0.316210 0.209218
vt 0.316959 0.209113
vt 0.316680 0.209739
vt 0.336481 0.241961
vt 0.337432 0.240939
vt 0.322932 0.448644
vt 0.325445 0.452184
vt 0.325574 0.447922
vt 0.269505 0.862149
vt 0.269222 0.862379
vt 0.269098 0.862187
vt 0.359049 0.755226
vt 0.358649 0.755459
vt 0.358604 0.755047
vt 0.043489 0.299621
vt 0.046527 0.300443
vt 0.045130 0.297853
vt 0.046684 0.305300
vt 0.046993 0.301306
vt 0.042942 0.300211
vt 0.373108 0.371921
vt 0.372351 0.371709
vt 0.372941 0.370795
vt 0.372356 0.373403
vt 0.302917 0.928561
vt 0.301746 0.929142
vt 0.301795 0.927989
vt 0.229294 0.080339
vt 0.229816 0.082178
vt 0.230425 0.080416
vt 0.051901 0.067352
vt 0.050853 0.068741
vt 0.053039 0.070514
vt 0.185084 0.965671
vt 0.185095 0.963675
vt 0.183492 0.965257
vt 0.639079 0.932309
vt 0.638851 0.932018
vt 0.639425 0.931813
vt 0.255395 0.576482
vt 0.255450 0.576067
vt 0.255735 0.576058
vt 0.045266 0.251610
vt 0.044928 0.251486
vt 0.045237 0.251210
vt 0.263290 0.552559
vt 0.263831 0.552479
vt 0.263665 0.552789
vt 0.050747 0.465925
vt 0.050507 0.465697
vt 0.050822 0.465401
vt 0.262333 0.522159
vt 0.262028 0.522523
vt 0.261902 0.522135
vt 0.344042 0.742385
vt 0.344458 0.742149
vt 0.344509 0.742475
vt 0.345485 0.740404
vt 0.345238 0.740203
vt 0.345552 0.740023
vt 0.008050 0.128558
vt 0.008300 0.129033
vt 0.007862 0.128986
vt 0.009551 0.130215
vt 0.010002 0.129834
vt 0.009954 0.130524
vt 0.007446 0.130958
vt 0.007732 0.130720
vt 0.008017 0.131154
vt 0.327145 0.239453
vt 0.326719 0.239616
vt 0.326789 0.239233
vt 0.343894 0.629612
vt 0.344273 0.629084
vt 0.344251 0.629545
vt 0.258700 0.555431
vt 0.258421 0.554887
vt 0.258815 0.554847
vt 0.258227 0.554385
vt 0.258471 0.553877
vt 0.258636 0.554381
vt 0.274639 0.922787
vt 0.274583 0.923190
vt 0.274260 0.922910
vt 0.119471 0.618772
vt 0.119193 0.618593
vt 0.119465 0.618398
vt 0.192114 0.724257
vt 0.192054 0.723807
vt 0.192407 0.723956
vt 0.149557 0.767732
vt 0.149766 0.768367
vt 0.149202 0.768393
vt 0.191685 0.724046
vt 0.191313 0.723703
vt 0.191749 0.723720
vt 0.261896 0.376664
vt 0.262214 0.376900
vt 0.261798 0.377117
vt 0.309931 0.528635
vt 0.310345 0.528660
vt 0.310182 0.529030
vt 0.346149 0.748084
vt 0.346177 0.748509
vt 0.345785 0.748439
vt 0.267132 0.695592
vt 0.266834 0.695337
vt 0.267178 0.695113
vt 0.207239 0.008119
vt 0.207870 0.008220
vt 0.207641 0.008485
vt 0.115855 0.608990
vt 0.115922 0.609361
vt 0.115566 0.609303
vt 0.188247 0.613496
vt 0.187921 0.613196
vt 0.188328 0.613256
vt 0.227949 0.050177
vt 0.228322 0.049991
vt 0.228413 0.050413
vt 0.257593 0.375112
vt 0.257442 0.375421
vt 0.257205 0.374935
vt 0.257041 0.375267
vt 0.256711 0.375070
vt 0.259354 0.374769
vt 0.259614 0.374795
vt 0.259541 0.375095
vt 0.145076 0.760901
vt 0.145681 0.761138
vt 0.145369 0.761480
vt 0.246382 0.974425
vt 0.246843 0.974667
vt 0.246215 0.974926
vt 0.195161 0.618255
vt 0.194960 0.618451
vt 0.194764 0.617871
vt 0.234012 0.718260
vt 0.234327 0.718241
vt 0.234354 0.718623
vt 0.225762 0.715063
vt 0.225831 0.715295
vt 0.225423 0.715264
vt 0.198142 0.713875
vt 0.197929 0.713624
vt 0.198184 0.713599
vt 0.209126 0.476691
vt 0.209347 0.477155
vt 0.208757 0.477283
vt 0.269795 0.883592
vt 0.269818 0.884135
vt 0.269396 0.884142
vt 0.191066 0.600371
vt 0.190149 0.600849
vt 0.191407 0.601177
vt 0.054113 0.641648
vt 0.056129 0.642158
vt 0.054521 0.642373
vt 0.291257 0.522202
vt 0.291213 0.517723
vt 0.293747 0.521961
vt 0.815792 0.924957
vt 0.815876 0.924538
vt 0.816148 0.924797
vt 0.326199 0.279493
vt 0.327723 0.276467
vt 0.322877 0.278385
vt 0.325127 0.276102
vt 0.259968 0.973494
vt 0.258377 0.972155
vt 0.259334 0.970845
vt 0.335187 0.779928
vt 0.334875 0.779786
vt 0.334997 0.780458
vt 0.193133 0.834288
vt 0.192722 0.833994
vt 0.193150 0.833748
vt 0.290240 0.689317
vt 0.287556 0.691791
vt 0.292004 0.691342
vt 0.330170 0.828313
vt 0.331962 0.828267
vt 0.330033 0.826996
vt 0.183867 0.834888
vt 0.184052 0.835296
vt 0.183615 0.835251
vt 0.183351 0.846760
vt 0.183151 0.846385
vt 0.183571 0.846259
vt 0.152553 0.412390
vt 0.152865 0.412197
vt 0.152812 0.412569
vt 0.290563 0.695246
vt 0.190478 0.486032
vt 0.190816 0.486361
vt 0.190062 0.486172
vt 0.242599 0.057559
vt 0.242901 0.057542
vt 0.135439 0.219559
vt 0.135036 0.219892
vt 0.135113 0.219094
vt 0.088303 0.054351
vt 0.088919 0.054441
vt 0.088404 0.055013
vt 0.087203 0.050747
vt 0.087443 0.050764
vt 0.086999 0.051087
vt 0.125740 0.383175
vt 0.125309 0.383373
vt 0.125398 0.382944
vt 0.124425 0.380875
vt 0.124498 0.380439
vt 0.124794 0.380818
vt 0.052484 0.493931
vt 0.052666 0.494283
vt 0.052352 0.494511
vt 0.222122 0.197907
vt 0.222061 0.198290
vt 0.221544 0.198132
vt 0.125285 0.390772
vt 0.125024 0.391162
vt 0.124928 0.390598
vt 0.152099 0.413375
vt 0.152476 0.413317
vt 0.152547 0.413825
vt 0.030613 0.779383
vt 0.030257 0.779489
vt 0.030479 0.778860
vt 0.143675 0.577420
vt 0.143399 0.577051
vt 0.143996 0.577000
vt 0.140507 0.580654
vt 0.139976 0.580750
vt 0.140207 0.580202
vt 0.241541 0.871796
vt 0.241062 0.872063
vt 0.241136 0.871633
vt 0.152649 0.742905
vt 0.152875 0.743295
vt 0.152499 0.743518
vt 0.205794 0.542141
vt 0.205787 0.542759
vt 0.205439 0.542458
vt 0.205009 0.538331
vt 0.205027 0.538796
vt 0.204375 0.538556
vt 0.476882 0.949406
vt 0.476392 0.950129
vt 0.477284 0.950146
vt 0.210687 0.546434
vt 0.210885 0.546875
vt 0.210365 0.546887
vt 0.135484 0.592116
vt 0.135677 0.592740
vt 0.135271 0.592246
vt 0.151848 0.580778
vt 0.152019 0.580255
vt 0.152247 0.580484
vt 0.192104 0.135501
vt 0.191591 0.135752
vt 0.191492 0.135356
vt 0.222184 0.531314
vt 0.222667 0.531136
vt 0.222450 0.531723
vt 0.162073 0.338217
vt 0.161786 0.338066
vt 0.162253 0.337739
vt 0.161682 0.341014
vt 0.161213 0.341268
vt 0.161258 0.340830
vt 0.076365 0.575244
vt 0.076801 0.575322
vt 0.076306 0.575796
vt 0.072852 0.579486
vt 0.073216 0.579695
vt 0.072642 0.579887
vt 0.155539 0.575558
vt 0.155245 0.575573
vt 0.155363 0.575237
vt 0.248733 0.336208
vt 0.248741 0.336668
vt 0.248268 0.336675
vt 0.243278 0.343011
vt 0.243666 0.343052
vt 0.243045 0.343217
vt 0.031122 0.750132
vt 0.030740 0.750033
vt 0.031083 0.749472
vt 0.032218 0.750725
vt 0.032573 0.750616
vt 0.032216 0.751198
vt 0.167287 0.325301
vt 0.167738 0.325279
vt 0.167541 0.325745
vt 0.243450 0.056790
vt 0.244109 0.057282
vt 0.243572 0.057334
vt 0.349231 0.854192
vt 0.349542 0.854831
vt 0.349107 0.855019
vt 0.307764 0.885353
vt 0.308462 0.885025
vt 0.308180 0.885560
vt 0.333075 0.244915
vt 0.332956 0.245534
vt 0.332421 0.245407
vt 0.222563 0.197701
vt 0.222478 0.198125
vt 0.163636 0.316658
vt 0.163677 0.317090
vt 0.163300 0.316978
vt 0.175730 0.315344
vt 0.175314 0.315391
vt 0.175367 0.314941
vt 0.153413 0.222513
vt 0.153364 0.222007
vt 0.153723 0.222195
vt 0.153027 0.223181
vt 0.153235 0.222829
vt 0.153336 0.223078
vt 0.153776 0.222652
vt 0.014446 0.061078
vt 0.014456 0.061571
vt 0.013953 0.061471
vt 0.014121 0.058787
vt 0.014461 0.059268
vt 0.013996 0.059209
vt 0.006103 0.071414
vt 0.006626 0.071684
vt 0.006031 0.071869
vt 0.006041 0.074681
vt 0.005737 0.074260
vt 0.006227 0.074397
vt 0.082926 0.031066
vt 0.082445 0.030851
vt 0.082899 0.030745
vt 0.082391 0.029521
vt 0.082731 0.029000
vt 0.082971 0.029560
vt 0.079101 0.039929
vt 0.079271 0.040486
vt 0.078784 0.040479
vt 0.018498 0.059100
vt 0.018241 0.058458
vt 0.018849 0.058861
vt 0.245773 0.840061
vt 0.246211 0.839665
vt 0.246345 0.840314
vt 0.254421 0.302378
vt 0.254021 0.302421
vt 0.254591 0.303027
vt 0.048824 0.456530
vt 0.048307 0.456484
vt 0.048509 0.456068
vt 0.046787 0.454281
vt 0.047145 0.454066
vt 0.047125 0.454529
vt 0.162743 0.958238
vt 0.163041 0.958422
vt 0.162841 0.958598
vt 0.343922 0.109147
vt 0.344268 0.109489
vt 0.343819 0.109666
vt 0.167605 0.684241
vt 0.168156 0.684308
vt 0.167872 0.684704
vt 0.169857 0.689357
vt 0.169584 0.688924
vt 0.170187 0.688903
vt 0.359694 0.768071
vt 0.359206 0.768373
vt 0.359350 0.768159
vt 0.145594 0.348676
vt 0.145171 0.348565
vt 0.145409 0.348338
vt 0.147912 0.349058
vt 0.147301 0.349439
vt 0.147592 0.348816
vt 0.147854 0.343971
vt 0.148126 0.344264
vt 0.147597 0.344207
vt 0.143303 0.339663
vt 0.142781 0.340137
vt 0.142551 0.339579
vt 0.333197 0.338553
vt 0.333352 0.338900
vt 0.333103 0.338988
vt 0.244258 0.809902
vt 0.244229 0.810175
vt 0.243859 0.809970
vt 0.368679 0.873765
vt 0.369206 0.873315
vt 0.369020 0.874103
vt 0.173575 0.421677
vt 0.174077 0.421439
vt 0.174133 0.421851
vt 0.165293 0.245422
vt 0.165617 0.245178
vt 0.165717 0.245654
vt 0.144354 0.307966
vt 0.144615 0.307736
vt 0.144697 0.308084
vt 0.299552 0.294431
vt 0.299081 0.294568
vt 0.299231 0.294195
vt 0.319384 0.430062
vt 0.319464 0.429657
vt 0.319690 0.430128
vt 0.319999 0.429883
vt 0.163145 0.414771
vt 0.162838 0.414929
vt 0.162796 0.414438
vt 0.164222 0.411438
vt 0.164801 0.411721
vt 0.164365 0.411956
vt 0.185365 0.571696
vt 0.185110 0.571409
vt 0.185749 0.571365
vt 0.186936 0.571895
vt 0.187336 0.572205
vt 0.186731 0.572218
vt 0.187449 0.571887
vt 0.187877 0.572103
vt 0.184787 0.568129
vt 0.185256 0.567955
vt 0.185236 0.568327
vt 0.170593 0.791148
vt 0.170180 0.791344
vt 0.170137 0.790796
vt 0.171430 0.456377
vt 0.171936 0.456424
vt 0.171635 0.456958
vt 0.169043 0.791228
vt 0.169406 0.790970
vt 0.169492 0.791381
vt 0.170883 0.790752
vt 0.170503 0.790700
vt 0.171093 0.791245
vt 0.307479 0.327531
vt 0.307712 0.327132
vt 0.308015 0.327253
vt 0.174279 0.948000
vt 0.174511 0.948356
vt 0.173968 0.948432
vt 0.246523 0.841536
vt 0.246719 0.842057
vt 0.246395 0.842086
vt 0.309544 0.329384
vt 0.308758 0.329521
vt 0.309571 0.328958
vt 0.283596 0.687926
vt 0.283562 0.688618
vt 0.283043 0.688262
vt 0.283920 0.688211
vt 0.044323 0.444228
vt 0.044546 0.443840
vt 0.044777 0.443947
vt 0.188786 0.566283
vt 0.188704 0.566697
vt 0.188333 0.566290
vt 0.067449 0.601731
vt 0.066982 0.600518
vt 0.066881 0.601403
vt 0.215808 0.958022
vt 0.215935 0.957734
vt 0.216290 0.957989
vt 0.169660 0.305679
vt 0.169093 0.305663
vt 0.169298 0.305336
vt 0.214254 0.955956
vt 0.214454 0.955633
vt 0.214505 0.955904
vt 0.187728 0.775378
vt 0.187615 0.776141
vt 0.187407 0.775786
vt 0.209374 0.945919
vt 0.209659 0.945614
vt 0.209704 0.946038
vt 0.211910 0.956470
vt 0.212333 0.956189
vt 0.212325 0.956691
vt 0.058809 0.233387
vt 0.058335 0.233277
vt 0.058572 0.233063
vt 0.055783 0.235576
vt 0.055490 0.235871
vt 0.055517 0.235398
vt 0.211271 0.959364
vt 0.211057 0.958912
vt 0.211523 0.958922
vt 0.316021 0.687339
vt 0.316186 0.687004
vt 0.316425 0.687449
vt 0.282588 0.092343
vt 0.282372 0.092757
vt 0.282176 0.092262
vt 0.283091 0.092502
vt 0.282751 0.092691
vt 0.282297 0.091875
vt 0.282798 0.092072
vt 0.060497 0.433875
vt 0.060153 0.433968
vt 0.060065 0.433595
vt 0.253505 0.165655
vt 0.253356 0.166157
vt 0.253116 0.165955
vt 0.231016 0.104222
vt 0.230847 0.104643
vt 0.230540 0.104324
vt 0.298655 0.821611
vt 0.299125 0.821506
vt 0.298942 0.821935
vt 0.337287 0.692367
vt 0.336906 0.692118
vt 0.337239 0.691815
vt 0.336710 0.690831
vt 0.336816 0.690438
vt 0.337047 0.690622
vt 0.258838 0.603665
vt 0.258558 0.604208
vt 0.258443 0.603895
vt 0.285723 0.849509
vt 0.285799 0.849898
vt 0.285343 0.849653
vt 0.337590 0.691956
vt 0.337974 0.692028
vt 0.337664 0.692505
vt 0.194837 0.042605
vt 0.194540 0.043156
vt 0.194312 0.042530
vt 0.768166 0.924250
vt 0.767592 0.924906
vt 0.767444 0.924132
vt 0.143765 0.256034
vt 0.143303 0.255966
vt 0.143721 0.255738
vt 0.146509 0.257210
vt 0.146895 0.257408
vt 0.146633 0.257565
vt 0.146658 0.256324
vt 0.146871 0.256638
vt 0.146481 0.256603
vt 0.228149 0.840364
vt 0.227732 0.840544
vt 0.227584 0.840225
vt 0.315749 0.812863
vt 0.315839 0.812118
vt 0.316136 0.812619
vt 0.274347 0.873164
vt 0.274086 0.873002
vt 0.274469 0.872887
vt 0.274661 0.873285
vt 0.274156 0.873412
vt 0.271227 0.870922
vt 0.271029 0.870556
vt 0.271531 0.870492
vt 0.268867 0.879143
vt 0.268501 0.879152
vt 0.268573 0.878869
vt 0.144601 0.283863
vt 0.144431 0.283343
vt 0.144871 0.283513
vt 0.070826 0.041467
vt 0.071189 0.041773
vt 0.070924 0.041916
vt 0.223095 0.493900
vt 0.223399 0.493835
vt 0.223299 0.494219
vt 0.196905 0.397928
vt 0.197181 0.397924
vt 0.196950 0.398291
vt 0.319656 0.016197
vt 0.319307 0.016726
vt 0.319014 0.016261
vt 0.226406 0.487932
vt 0.226505 0.488495
vt 0.225922 0.488291
vt 0.193966 0.395775
vt 0.193532 0.395876
vt 0.193535 0.395271
vt 0.226847 0.846839
vt 0.226727 0.847190
vt 0.226488 0.846944
vt 0.229090 0.854582
vt 0.228727 0.854814
vt 0.228821 0.854425
vt 0.226278 0.093869
vt 0.226099 0.093490
vt 0.226522 0.093376
vt 0.227593 0.096961
vt 0.227914 0.097304
vt 0.227318 0.097186
vt 0.143866 0.394964
vt 0.144194 0.395100
vt 0.143824 0.395471
vt 0.053735 0.712683
vt 0.054020 0.712332
vt 0.054067 0.712722
vt 0.115321 0.983827
vt 0.115988 0.983986
vt 0.115506 0.984379
vt 0.173778 0.063782
vt 0.173100 0.063492
vt 0.173714 0.063285
vt 0.114374 0.983916
vt 0.114279 0.983445
vt 0.114810 0.983464
vt 0.117601 0.980323
vt 0.118208 0.980302
vt 0.117833 0.980599
vt 0.118894 0.980981
vt 0.118639 0.981500
vt 0.118396 0.980860
vt 0.119770 0.729981
vt 0.119367 0.729782
vt 0.119961 0.729399
vt 0.117290 0.726697
vt 0.118036 0.726405
vt 0.117844 0.726777
vt 0.086844 0.873735
vt 0.087274 0.873154
vt 0.087336 0.873686
vt 0.240118 0.735058
vt 0.239677 0.735501
vt 0.239497 0.735051
vt 0.240192 0.734588
vt 0.239797 0.734556
vt 0.362471 0.804531
vt 0.362548 0.804134
vt 0.362979 0.804238
vt 0.404392 0.950162
vt 0.404010 0.950407
vt 0.404115 0.949849
vt 0.171645 0.371626
vt 0.171368 0.372079
vt 0.171280 0.371556
vt 0.333786 0.346975
vt 0.333331 0.346636
vt 0.333804 0.346373
vt 0.161318 0.372674
vt 0.161089 0.372442
vt 0.161484 0.372127
vt 0.144157 0.763798
vt 0.144801 0.763799
vt 0.144518 0.764294
vt 0.108253 0.744451
vt 0.108663 0.744890
vt 0.108252 0.744984
vt 0.169244 0.775589
vt 0.169297 0.774850
vt 0.169612 0.775374
vt 0.168203 0.773591
vt 0.167639 0.773638
vt 0.168024 0.773173
vt 0.171872 0.771592
vt 0.171574 0.771067
vt 0.172069 0.771057
vt 0.245206 0.087892
vt 0.245054 0.087519
vt 0.245532 0.087473
vt 0.126607 0.167450
vt 0.126293 0.167014
vt 0.126664 0.167116
vt 0.174203 0.774589
vt 0.174543 0.774379
vt 0.174402 0.774947
vt 0.128534 0.186958
vt 0.128285 0.186798
vt 0.128610 0.186502
vt 0.127688 0.187462
vt 0.127448 0.187327
vt 0.127755 0.187174
vt 0.159156 0.491624
vt 0.159553 0.491802
vt 0.159324 0.491844
vt 0.113926 0.184034
vt 0.114394 0.183850
vt 0.114437 0.184183
vt 0.080988 0.114620
vt 0.079569 0.108419
vt 0.079791 0.107844
vt 0.080161 0.108401
vt 0.150124 0.774506
vt 0.150271 0.774959
vt 0.149886 0.774856
vt 0.150151 0.386042
vt 0.150208 0.386532
vt 0.149836 0.386310
vt 0.149424 0.388517
vt 0.149237 0.388138
vt 0.149672 0.388286
vt 0.149644 0.385840
vt 0.149352 0.386150
vt 0.208608 0.905598
vt 0.208475 0.906074
vt 0.208152 0.905630
vt 0.208128 0.902416
vt 0.207669 0.902678
vt 0.207673 0.902239
vt 0.083756 0.247443
vt 0.083671 0.246766
vt 0.084262 0.247295
vt 0.046314 0.538902
vt 0.046880 0.538573
vt 0.046801 0.538988
vt 0.515698 0.918361
vt 0.515283 0.918318
vt 0.515717 0.918064
vt 0.088580 0.857468
vt 0.088514 0.857000
vt 0.088923 0.857247
vt 0.240673 0.665225
vt 0.240251 0.665049
vt 0.240642 0.664705
vt 0.241064 0.668324
vt 0.241747 0.668040
vt 0.241421 0.668802
vt 0.093175 0.877358
vt 0.093154 0.877837
vt 0.092537 0.877539
vt 0.167613 0.070259
vt 0.167027 0.070102
vt 0.167216 0.069849
vt 0.046758 0.532565
vt 0.044472 0.532294
vt 0.045775 0.533257
vt 0.249931 0.854605
vt 0.249600 0.856114
vt 0.249474 0.855367
vt 0.206811 0.901154
vt 0.207193 0.901380
vt 0.206773 0.901644
vt 0.212374 0.895571
vt 0.212350 0.895983
vt 0.212028 0.895736
vt 0.127579 0.417024
vt 0.127368 0.414649
vt 0.126314 0.415191
vt 0.313219 0.046579
vt 0.313441 0.045864
vt 0.312456 0.045529
vt 0.217989 0.863315
vt 0.216838 0.862604
vt 0.217790 0.861074
vt 0.217190 0.854350
vt 0.215137 0.854387
vt 0.213083 0.854423
vt 0.214130 0.852724
vt 0.188222 0.311106
vt 0.189874 0.309966
vt 0.191525 0.308826
vt 0.190560 0.308545
vt 0.269577 0.174114
vt 0.265239 0.169428
vt 0.273207 0.169757
vt 0.287550 0.829390
vt 0.294424 0.836196
vt 0.296041 0.830753
vt 0.311777 0.393479
vt 0.310671 0.390257
vt 0.308748 0.391693
vt 0.292633 0.826799
vt 0.289337 0.824567
vt 0.287759 0.828572
vt 0.305035 0.336469
vt 0.305462 0.336452
vt 0.305119 0.336921
vt 0.150906 0.010264
vt 0.151116 0.010694
vt 0.150434 0.010483
vt 0.040270 0.183640
vt 0.040102 0.183832
vt 0.039715 0.183620
vt 0.093093 0.248245
vt 0.093448 0.248202
vt 0.093351 0.248618
vt 0.138174 0.609818
vt 0.137612 0.609537
vt 0.138077 0.609298
vt 0.310239 0.633889
vt 0.309793 0.633763
vt 0.310296 0.633551
vt 0.166087 0.846923
vt 0.165881 0.847258
vt 0.165557 0.846836
vt 0.225413 0.004250
vt 0.224868 0.003994
vt 0.225297 0.003837
vt 0.230239 0.004313
vt 0.230008 0.004756
vt 0.229739 0.004124
vt 0.290368 0.284042
vt 0.290018 0.283932
vt 0.290433 0.283588
vt 0.259066 0.124980
vt 0.259176 0.125574
vt 0.258717 0.125346
vt 0.229140 0.104124
vt 0.229235 0.104481
vt 0.228783 0.104352
vt 0.313502 0.519787
vt 0.313901 0.519382
vt 0.313905 0.519744
vt 0.243952 0.182181
vt 0.244436 0.182434
vt 0.243967 0.182674
vt 0.162209 0.840745
vt 0.162531 0.841111
vt 0.162182 0.841120
vt 0.162483 0.837285
vt 0.162253 0.837713
vt 0.162112 0.837328
vt 0.241393 0.181960
vt 0.241363 0.181623
vt 0.241587 0.181820
vt 0.327975 0.419450
vt 0.327668 0.419157
vt 0.328062 0.418895
vt 0.304349 0.622232
vt 0.304705 0.622022
vt 0.304808 0.622316
vt 0.349409 0.412451
vt 0.349506 0.412875
vt 0.348780 0.412739
vt 0.349350 0.410958
vt 0.348661 0.410456
vt 0.349309 0.410163
vt 0.155259 0.603249
vt 0.155797 0.603624
vt 0.155338 0.603820
vt 0.240469 0.181330
vt 0.240664 0.180992
vt 0.240950 0.181839
vt 0.273405 0.602454
vt 0.273373 0.601965
vt 0.273787 0.602468
vt 0.206174 0.314706
vt 0.206637 0.315018
vt 0.206209 0.315196
vt 0.273403 0.591176
vt 0.273661 0.590931
vt 0.273690 0.591323
vt 0.258285 0.121556
vt 0.258818 0.121360
vt 0.258377 0.121929
vt 0.268961 0.929808
vt 0.269364 0.929586
vt 0.268953 0.930317
vt 0.123646 0.485676
vt 0.123168 0.485584
vt 0.123670 0.485078
vt 0.137770 0.610969
vt 0.138171 0.611534
vt 0.137539 0.611458
vt 0.119512 0.483328
vt 0.119613 0.483959
vt 0.119023 0.483841
vt 0.265710 0.996209
vt 0.262623 0.998447
vt 0.264593 0.997215
vt 0.275740 0.703161
vt 0.275257 0.703565
vt 0.275307 0.702657
vt 0.365382 0.197543
vt 0.364982 0.197224
vt 0.365434 0.196884
vt 0.317809 0.005561
vt 0.317178 0.005709
vt 0.317569 0.005181
vt 0.392070 0.931012
vt 0.393377 0.931612
vt 0.392353 0.931747
vt 0.278365 0.126486
vt 0.278138 0.126218
vt 0.278391 0.125984
vt 0.084781 0.526088
vt 0.084361 0.525510
vt 0.084734 0.525574
vt 0.189406 0.451853
vt 0.189321 0.451515
vt 0.189528 0.451502
vt 0.189482 0.451161
vt 0.188914 0.451523
vt 0.345951 0.708263
vt 0.345333 0.707789
vt 0.345852 0.707798
vt 0.091492 0.554378
vt 0.091812 0.554569
vt 0.091580 0.554862
vt 0.091141 0.554217
vt 0.091069 0.554561
vt 0.090755 0.554354
vt 0.130508 0.865818
vt 0.130820 0.865520
vt 0.130845 0.865956
vt 0.125239 0.856869
vt 0.125593 0.857194
vt 0.125221 0.857336
vt 0.086444 0.551655
vt 0.086206 0.551872
vt 0.086187 0.551367
vt 0.091361 0.555267
vt 0.091747 0.555221
vt 0.092022 0.564469
vt 0.091863 0.564098
vt 0.092169 0.564245
vt 0.298480 0.722708
vt 0.298830 0.723233
vt 0.298994 0.722746
vt 0.063508 0.537885
vt 0.063240 0.538143
vt 0.063377 0.537612
vt 0.088944 0.777453
vt 0.089309 0.777702
vt 0.089041 0.777898
vt 0.056347 0.344732
vt 0.056383 0.344227
vt 0.056628 0.344555
vt 0.087310 0.778222
vt 0.087337 0.778555
vt 0.086905 0.778260
vt 0.370202 0.745806
vt 0.370615 0.747298
vt 0.369456 0.746403
vt 0.093510 0.770678
vt 0.093985 0.770408
vt 0.094070 0.771062
vt 0.097851 0.772131
vt 0.097475 0.771656
vt 0.097777 0.771610
vt 0.055902 0.349925
vt 0.056219 0.349515
vt 0.056301 0.350263
vt 0.060431 0.351396
vt 0.060750 0.351235
vt 0.060942 0.351523
vt 0.091327 0.322236
vt 0.091239 0.322553
vt 0.090814 0.322253
vt 0.060973 0.356399
vt 0.060848 0.357022
vt 0.060366 0.356630
vt 0.197174 0.349919
vt 0.196832 0.349978
vt 0.196799 0.349670
vt 0.089939 0.327688
vt 0.089317 0.327201
vt 0.090019 0.327052
vt 0.112892 0.454259
vt 0.113347 0.454207
vt 0.113312 0.454660
vt 0.224300 0.204833
vt 0.224844 0.204750
vt 0.224833 0.205107
vt 0.082757 0.452047
vt 0.082733 0.452582
vt 0.082368 0.452301
vt 0.210045 0.635917
vt 0.210058 0.635179
vt 0.210550 0.635443
vt 0.077087 0.537538
vt 0.076891 0.536966
vt 0.077376 0.537291
vt 0.232608 0.235881
vt 0.231848 0.235711
vt 0.232439 0.235420
vt 0.566474 0.904378
vt 0.566085 0.904932
vt 0.566691 0.905166
vt 0.076901 0.532032
vt 0.076930 0.531659
vt 0.077187 0.532031
vt 0.062465 0.317579
vt 0.062994 0.317851
vt 0.062420 0.318162
vt 0.125720 0.445401
vt 0.125603 0.445767
vt 0.125173 0.445377
vt 0.124275 0.444851
vt 0.124647 0.445132
vt 0.124160 0.445276
vt 0.109726 0.894144
vt 0.109504 0.894401
vt 0.109418 0.894118
vt 0.053208 0.451244
vt 0.053507 0.451431
vt 0.053166 0.451620
vt 0.053342 0.448881
vt 0.053699 0.448461
vt 0.053692 0.448869
vt 0.300360 0.669323
vt 0.300725 0.669853
vt 0.300011 0.669690
vt 0.214675 0.761308
vt 0.214503 0.761813
vt 0.214250 0.761388
vt 0.199833 0.977761
vt 0.199532 0.978192
vt 0.199284 0.977602
vt 0.358092 0.063978
vt 0.357402 0.064272
vt 0.358191 0.064665
vt 0.092808 0.447109
vt 0.092873 0.447526
vt 0.092588 0.447226
vt 0.107819 0.893534
vt 0.107486 0.893866
vt 0.107315 0.893578
vt 0.202341 0.752828
vt 0.202639 0.752431
vt 0.203030 0.752748
vt 0.122325 0.893340
vt 0.122380 0.893833
vt 0.121909 0.893643
vt 0.208768 0.752023
vt 0.208527 0.752252
vt 0.208293 0.752032
vt 0.246012 0.087473
vt 0.245760 0.087960
vt 0.244774 0.083024
vt 0.245086 0.083382
vt 0.244622 0.083475
vt 0.245321 0.082858
vt 0.245625 0.083074
vt 0.299595 0.438719
vt 0.299722 0.438360
vt 0.299984 0.438577
vt 0.239476 0.134232
vt 0.238886 0.134076
vt 0.239456 0.133734
vt 0.070319 0.857840
vt 0.069667 0.857911
vt 0.070078 0.857465
vt 0.070298 0.858412
vt 0.070360 0.858864
vt 0.069973 0.858708
vt 0.208639 0.177551
vt 0.207881 0.176465
vt 0.207510 0.176979
vt 0.207349 0.176402
vt 0.206540 0.177549
vt 0.206547 0.178102
vt 0.206000 0.177581
vt 0.203512 0.178261
vt 0.203807 0.177966
vt 0.204105 0.178330
vt 0.083975 0.857889
vt 0.084073 0.857379
vt 0.084528 0.857798
vt 0.089263 0.856760
vt 0.089195 0.857105
vt 0.088792 0.856756
vt 0.076052 0.246097
vt 0.076052 0.245700
vt 0.076371 0.245774
vt 0.152788 0.979642
vt 0.152723 0.979151
vt 0.153182 0.979323
vt 0.153539 0.972220
vt 0.153910 0.972421
vt 0.153583 0.972806
vt 0.155947 0.967186
vt 0.156320 0.967481
vt 0.155888 0.967753
vt 0.084164 0.512252
vt 0.084366 0.512502
vt 0.083926 0.512524
vt 0.086238 0.514816
vt 0.085677 0.514631
vt 0.086240 0.514471
vt 0.388331 0.922775
vt 0.388830 0.923185
vt 0.388465 0.923373
vt 0.073307 0.855097
vt 0.073274 0.855481
vt 0.072973 0.855379
vt 0.075000 0.855794
vt 0.075265 0.856139
vt 0.074780 0.856160
vt 0.252962 0.303647
vt 0.253363 0.303565
vt 0.253008 0.302893
vt 0.323732 0.876516
vt 0.324193 0.876779
vt 0.323730 0.876943
vt 0.401920 0.982519
vt 0.402211 0.981196
vt 0.403752 0.981678
vt 0.170514 0.195227
vt 0.169308 0.194653
vt 0.171358 0.194171
vt 0.161578 0.196876
vt 0.161698 0.197255
vt 0.160890 0.197867
vt 0.056920 0.751359
vt 0.058139 0.751488
vt 0.057996 0.752215
vt 0.339797 0.182421
vt 0.339541 0.184295
vt 0.339022 0.182963
vt 0.245173 0.863686
vt 0.245258 0.863854
vt 0.245070 0.863946
vt 0.368922 0.298474
vt 0.369225 0.298904
vt 0.368886 0.298677
vt 0.057318 0.250275
vt 0.057283 0.250820
vt 0.056776 0.250449
vt 0.275796 0.949924
vt 0.274869 0.949320
vt 0.275130 0.950432
vt 0.245490 0.851470
vt 0.244396 0.852318
vt 0.243711 0.851597
vt 0.250512 0.854589
vt 0.251675 0.854557
vt 0.250763 0.856082
vt 0.266162 0.113714
vt 0.266070 0.112676
vt 0.266456 0.112790
vt 0.310751 0.608454
vt 0.311411 0.609425
vt 0.310739 0.609383
vt 0.061961 0.817451
vt 0.060680 0.820731
vt 0.063178 0.819571
vt 0.059463 0.818611
vt 0.061041 0.810364
vt 0.313930 0.714375
vt 0.313674 0.713609
vt 0.312246 0.713315
vt 0.293515 0.149851
vt 0.294741 0.153017
vt 0.293446 0.152356
vt 0.290449 0.146235
vt 0.291829 0.146573
vt 0.292219 0.149191
vt 0.215774 0.813842
vt 0.215044 0.811418
vt 0.216422 0.814007
vt 0.218204 0.809270
vt 0.216114 0.810821
vt 0.216547 0.809548
vt 0.125093 0.403109
vt 0.123078 0.403490
vt 0.124008 0.404430
vt 0.266961 0.472962
vt 0.268669 0.474117
vt 0.269072 0.475250
vt 0.321180 0.750601
vt 0.321453 0.750345
vt 0.320718 0.748734
vt 0.217590 0.858833
vt 0.216438 0.858122
vt 0.217390 0.856592
vt 0.187982 0.318092
vt 0.187881 0.318593
vt 0.188642 0.317864
vt 0.126764 0.421636
vt 0.125500 0.419803
vt 0.125092 0.422110
vt 0.119567 0.420550
vt 0.119950 0.419552
vt 0.119257 0.416826
vt 0.124686 0.405194
vt 0.125997 0.404128
vt 0.126031 0.402894
vt 0.193051 0.050190
vt 0.194592 0.049744
vt 0.194031 0.050732
vt 0.281346 0.887120
vt 0.283702 0.884097
vt 0.280291 0.880839
vt 0.128843 0.418856
vt 0.128527 0.415294
vt 0.127658 0.414810
vt 0.341543 0.947472
vt 0.340753 0.947874
vt 0.341828 0.948010
vt 0.326998 0.101809
vt 0.327816 0.102014
vt 0.327423 0.101351
vt 0.280393 0.214222
vt 0.280850 0.215128
vt 0.281434 0.214234
vt 0.059690 0.110108
vt 0.059469 0.110277
vt 0.059297 0.109795
vt 0.283892 0.212472
vt 0.282603 0.212447
vt 0.283307 0.213365
vt 0.054555 0.109947
vt 0.056268 0.110520
vt 0.055359 0.111318
vt 0.301188 0.381581
vt 0.299147 0.380247
vt 0.298524 0.381599
vt 0.079050 0.483763
vt 0.078070 0.482945
vt 0.079071 0.482685
vt 0.079326 0.481501
vt 0.078091 0.481867
vt 0.077111 0.481048
vt 0.241372 0.988878
vt 0.239361 0.988804
vt 0.257855 0.227611
vt 0.258250 0.226275
vt 0.256256 0.227819
vt 0.168453 0.926615
vt 0.165395 0.927588
vt 0.337253 0.184622
vt 0.337809 0.184657
vt 0.337591 0.185234
vt 0.215487 0.859652
vt 0.214535 0.861182
vt 0.214336 0.858941
vt 0.270376 0.475273
vt 0.270780 0.476405
vt 0.129354 0.827652
vt 0.128684 0.827372
vt 0.129501 0.826999
vt 0.247186 0.469632
vt 0.247436 0.468494
vt 0.248269 0.469680
vt 0.246353 0.468446
vt 0.409889 0.958881
vt 0.409122 0.958609
vt 0.409332 0.957808
vt 0.375246 0.344053
vt 0.374494 0.344949
vt 0.374509 0.343440
vt 0.141405 0.130614
vt 0.143269 0.132741
vt 0.145206 0.125526
vt 0.148559 0.131176
vt 0.149527 0.127569
vt 0.147367 0.126548
vt 0.054427 0.266059
vt 0.051988 0.266977
vt 0.052246 0.264084
vt 0.140968 0.122791
vt 0.134478 0.125169
vt 0.137010 0.126828
vt 0.290693 0.823435
vt 0.292397 0.825412
vt 0.292162 0.824025
vt 0.320597 0.357298
vt 0.321176 0.357650
vt 0.320619 0.356895
vt 0.049550 0.477833
vt 0.049615 0.478461
vt 0.049089 0.478209
vt 0.056683 0.112444
vt 0.055156 0.111891
vt 0.056219 0.111917
vt 0.274900 0.823711
vt 0.276037 0.824014
vt 0.275988 0.823084
vt 0.291828 0.559368
vt 0.291457 0.558492
vt 0.290837 0.557925
vt 0.224787 0.011461
vt 0.223634 0.010093
vt 0.226597 0.010868
vt 0.270862 0.559251
vt 0.272371 0.561013
vt 0.229148 0.388201
vt 0.229190 0.386218
vt 0.230324 0.386762
vt 0.269284 0.974169
vt 0.270066 0.973770
vt 0.270386 0.974409
vt 0.312589 0.575623
vt 0.311650 0.575722
vt 0.312147 0.576692
vt 0.366367 0.609262
vt 0.367781 0.610557
vt 0.367554 0.608588
vt 0.511068 0.982978
vt 0.509678 0.982939
vt 0.509656 0.982181
vt 0.301331 0.032215
vt 0.303023 0.034034
vt 0.302467 0.031053
vt 0.327540 0.408276
vt 0.327376 0.407762
vt 0.326684 0.408697
vt 0.205380 0.201981
vt 0.204991 0.201437
vt 0.204221 0.201577
vt 0.340270 0.597921
vt 0.340376 0.598337
vt 0.340075 0.598243
vt 0.228312 0.080623
vt 0.059631 0.651655
vt 0.060786 0.651667
vt 0.060883 0.652799
vt 0.211349 0.797177
vt 0.210619 0.798074
vt 0.210348 0.795764
vt 0.064601 0.793269
vt 0.064422 0.794324
vt 0.063306 0.793823
vt 0.337986 0.877749
vt 0.337257 0.880675
vt 0.336955 0.878560
vt 0.056351 0.651293
vt 0.054213 0.650881
vt 0.056751 0.650242
vt 0.258172 0.447769
vt 0.260429 0.447960
vt 0.261089 0.449256
vt 0.061594 0.796251
vt 0.062889 0.795696
vt 0.062653 0.796515
vt 0.225157 0.398403
vt 0.226119 0.398847
vt 0.225493 0.399623
vt 0.268975 0.163071
vt 0.267214 0.162115
vt 0.268527 0.162392
vt 0.269365 0.797317
vt 0.268808 0.799125
vt 0.268923 0.798402
vt 0.275076 0.798226
vt 0.275847 0.798067
vt 0.275611 0.799617
vt 0.357300 0.980689
vt 0.357951 0.977447
vt 0.355570 0.978128
vt 0.356221 0.974886
vt 0.240873 0.351227
vt 0.239844 0.353178
vt 0.241438 0.353011
vt 0.241660 0.355447
vt 0.238773 0.357515
vt 0.241275 0.358482
vt 0.238387 0.360550
vt 0.243502 0.359810
vt 0.244162 0.356414
vt 0.240614 0.361878
vt 0.322070 0.580302
vt 0.321273 0.581393
vt 0.321231 0.580290
vt 0.337668 0.359910
vt 0.337288 0.358845
vt 0.336484 0.359342
vt 0.107097 0.003825
vt 0.110982 0.004016
vt 0.110965 0.001485
vt 0.258920 0.954943
vt 0.258720 0.955421
vt 0.259208 0.955389
vt 0.256234 0.956700
vt 0.255512 0.955831
vt 0.255054 0.957250
vt 0.253261 0.956661
vt 0.253719 0.955241
vt 0.251468 0.956071
vt 0.327232 0.217274
vt 0.327282 0.217452
vt 0.326477 0.217690
vt 0.223274 0.645482
vt 0.222287 0.644634
vt 0.221744 0.646389
vt 0.265308 0.997436
vt 0.267902 0.996704
vt 0.266564 0.995983
vt 0.278685 0.424160
vt 0.278209 0.422880
vt 0.278782 0.421958
vt 0.311224 0.145216
vt 0.310549 0.143837
vt 0.312420 0.144170
vt 0.324251 0.811073
vt 0.325657 0.811650
vt 0.325325 0.810810
vt 0.258504 0.950367
vt 0.257708 0.948109
vt 0.257377 0.950224
vt 0.284539 0.789218
vt 0.283653 0.788565
vt 0.283111 0.789404
vt 0.186577 0.315456
vt 0.186256 0.314074
vt 0.185273 0.315558
vt 0.292857 0.093013
vt 0.294241 0.092517
vt 0.293653 0.094123
vt 0.128082 0.825951
vt 0.128230 0.825297
vt 0.128580 0.825660
vt 0.128641 0.829737
vt 0.129731 0.829239
vt 0.129372 0.830414
vt 0.194940 0.067460
vt 0.191265 0.067904
vt 0.189337 0.059866
vt 0.191675 0.059132
vt 0.292108 0.520217
vt 0.293890 0.519919
vt 0.240504 0.781029
vt 0.241605 0.782414
vt 0.243069 0.779691
vt 0.109757 0.408094
vt 0.109370 0.409123
vt 0.110248 0.409471
vt 0.058153 0.479489
vt 0.058740 0.478608
vt 0.058804 0.479719
vt 0.312846 0.287800
vt 0.313496 0.288030
vt 0.314055 0.287818
s 0
usemtl material_1001
f 375/1/1 184/2/1 24/3/1
f 48/4/2 45/5/2 64/6/2
f 76/7/3 208/8/3 193/9/3
f 199/10/4 113/11/4 238/12/4
f 407/13/5 57/14/5 194/15/5
f 98/16/6 273/17/6 68/18/6
f 311/19/7 31/20/7 443/21/7
f 438/22/8 273/23/8 77/24/8
f 71/25/9 458/26/9 119/27/9
f 495/28/10 496/29/10 419/30/10
f 2/31/11 147/32/11 493/33/11
f 286/34/12 385/35/12 319/36/12
f 386/37/13 318/38/13 181/39/13
f 149/40/14 125/41/14 162/42/14
f 149/43/15 154/44/15 527/45/15
f 162/46/16 125/47/16 172/48/16
f 15/49/17 56/50/17 182/51/17
f 392/52/18 172/53/18 178/54/18
f 154/55/19 165/56/19 125/57/19
f 165/58/20 154/59/20 159/60/20
f 30/61/21 53/62/21 388/63/21
f 188/64/22 11/65/22 104/66/22
f 405/67/23 104/68/23 163/69/23
f 448/70/24 444/71/24 487/72/24
f 188/73/25 213/74/25 191/75/25
f 245/76/26 235/77/26 161/78/26
f 403/79/27 80/80/27 217/81/27
f 217/82/28 204/83/28 70/84/28
f 217/85/29 70/86/29 403/87/29
f 389/88/30 219/89/30 402/90/30
f 140/91/31 61/92/31 441/93/31
f 3/94/32 203/95/32 57/96/32
f 204/97/33 217/98/33 238/99/33
f 238/100/34 113/101/34 204/102/34
f 183/103/35 387/104/35 388/105/35
f 238/106/36 387/107/36 404/108/36
f 387/109/37 217/110/37 80/111/37
f 389/112/38 234/113/38 219/114/38
f 220/115/39 537/116/39 250/117/39
f 121/118/40 197/119/40 212/120/40
f 45/121/41 227/122/41 135/123/41
f 413/124/42 215/125/42 212/126/42
f 79/127/43 133/128/43 41/129/43
f 57/130/44 407/131/44 49/132/44
f 220/133/45 121/134/45 537/116/45
f 197/135/46 220/136/46 421/137/46
f 87/138/47 194/139/47 3/140/47
f 230/141/48 73/142/48 76/143/48
f 9/144/49 200/145/49 115/146/49
f 117/147/50 72/148/50 423/149/50
f 243/150/51 231/151/51 115/152/51
f 428/153/52 92/154/52 484/155/52
f 62/156/53 546/157/53 541/158/53
f 62/159/54 541/160/54 231/161/54
f 118/162/55 228/163/55 414/164/55
f 247/165/56 120/166/56 86/167/56
f 93/168/57 10/169/57 1/170/57
f 292/171/58 258/172/58 265/173/58
f 443/174/59 268/175/59 452/176/59
f 96/177/60 283/178/60 278/179/60
f 440/180/61 265/181/61 283/182/61
f 278/183/62 256/184/62 269/185/62
f 265/186/63 256/187/63 283/188/63
f 94/189/64 442/190/64 17/191/64
f 43/192/65 275/193/65 42/194/65
f 550/195/66 17/196/66 390/197/66
f 208/198/67 61/199/67 193/200/67
f 38/201/68 275/202/68 43/203/68
f 43/204/69 42/205/69 255/206/69
f 380/207/70 127/208/70 239/209/70
f 417/210/71 116/211/71 609/212/71
f 179/213/72 553/214/72 552/215/72
f 94/216/73 17/217/73 179/218/73
f 116/219/74 417/220/74 111/221/74
f 251/222/75 554/223/75 116/224/75
f 253/225/76 158/226/76 269/227/76
f 31/228/77 285/229/77 90/230/77
f 443/231/78 556/232/78 31/233/78
f 287/234/79 443/174/79 452/176/79
f 268/235/80 158/236/80 452/237/80
f 290/238/81 253/225/81 269/227/81
f 158/239/82 306/240/82 269/241/82
f 74/242/83 93/243/83 10/244/83
f 107/245/84 291/246/84 33/247/84
f 33/248/85 439/249/85 558/250/85
f 6/251/86 259/252/86 106/253/86
f 7/254/87 259/255/87 291/256/87
f 559/257/88 6/258/88 33/259/88
f 291/260/89 295/261/89 7/262/89
f 99/263/90 295/264/90 97/265/90
f 58/266/91 13/267/91 453/268/91
f 305/269/92 13/270/92 262/271/92
f 562/272/93 301/273/93 305/274/93
f 309/275/94 456/276/94 305/277/94
f 261/278/95 74/279/95 290/280/95
f 325/281/96 566/282/96 554/283/96
f 325/284/97 99/285/97 336/286/97
f 112/287/98 304/288/98 342/289/98
f 464/290/99 336/291/99 326/292/99
f 123/293/100 29/294/100 156/295/100
f 569/296/101 112/297/101 47/298/101
f 469/299/102 296/300/102 284/301/102
f 301/302/103 309/303/103 266/304/103
f 299/305/104 329/306/104 572/307/104
f 465/308/105 573/309/105 71/310/105
f 108/311/106 329/312/106 119/313/106
f 431/314/107 496/315/107 544/316/107
f 485/317/108 328/318/108 334/319/108
f 486/320/109 344/321/109 331/322/109
f 111/323/110 450/324/110 429/325/110
f 119/326/111 458/327/111 131/328/111
f 474/329/112 463/330/112 320/331/112
f 477/332/113 462/333/113 481/334/113
f 316/335/114 322/336/114 347/337/114
f 216/338/115 501/339/115 102/340/115
f 78/341/116 358/342/116 122/343/116
f 209/344/117 327/345/117 244/346/117
f 209/347/118 126/348/118 585/349/118
f 216/350/119 102/351/119 499/352/119
f 416/353/120 499/354/120 209/355/120
f 126/356/121 209/357/121 499/358/121
f 126/359/122 379/360/122 19/361/122
f 493/362/123 503/363/123 147/364/123
f 493/365/124 138/366/124 503/367/124
f 110/368/125 507/369/125 147/370/125
f 110/371/126 410/372/126 360/373/126
f 409/374/127 400/375/127 363/376/127
f 190/377/128 355/378/128 506/379/128
f 171/380/129 355/381/129 513/382/129
f 88/383/130 366/384/130 316/385/130
f 374/386/131 222/387/131 366/388/131
f 471/389/132 370/390/132 282/391/132
f 367/392/133 316/393/133 347/394/133
f 313/395/134 411/396/134 365/397/134
f 386/398/135 181/399/135 593/400/135
f 517/401/136 151/402/136 263/403/136
f 385/404/137 280/405/137 313/406/137
f 37/407/138 471/408/138 282/409/138
f 152/410/139 590/411/139 263/412/139
f 534/413/140 582/414/140 594/415/140 495/416/140 535/417/140
f 575/418/141 490/419/141 351/420/141
f 114/421/142 517/422/142 168/423/142
f 151/424/143 148/425/143 141/426/143
f 377/427/144 376/428/144 520/429/144
f 376/430/145 378/431/145 520/432/145
f 187/433/146 173/434/146 124/435/146
f 597/436/147 381/437/147 124/438/147
f 516/439/148 526/440/148 381/441/148
f 159/442/149 124/443/149 173/444/149
f 174/445/150 525/446/150 394/447/150
f 411/448/151 370/449/151 365/450/151
f 280/451/152 385/452/152 75/453/152
f 469/454/153 319/455/153 468/456/153
f 157/457/154 383/458/154 181/459/154
f 318/460/155 600/461/155 35/462/155
f 516/463/156 114/464/156 132/465/156
f 372/466/157 149/467/157 53/468/157
f 372/469/158 150/470/158 149/471/158
f 53/472/159 30/473/159 372/474/159
f 213/475/160 405/476/160 163/477/160
f 210/478/161 388/479/161 80/480/161
f 387/481/162 80/482/162 388/483/162
f 30/484/163 388/485/163 210/486/163
f 183/487/164 388/488/164 53/489/164
f 183/490/165 177/491/165 46/492/165
f 183/493/166 53/494/166 177/495/166
f 16/496/167 183/497/167 46/498/167
f 14/499/168 16/500/168 46/501/168
f 53/502/169 46/503/169 177/504/169
f 46/505/170 177/506/170 160/507/170
f 53/508/171 166/509/171 177/510/171
f 53/511/172 149/512/172 162/513/172
f 164/514/173 26/515/173 127/516/173
f 160/517/174 166/518/174 127/519/174
f 166/518/175 145/520/175 127/521/175
f 127/522/176 26/523/176 160/524/176
f 160/525/177 26/526/177 140/527/177
f 160/528/178 140/529/178 14/530/178
f 160/531/179 26/532/179 166/533/179
f 46/534/180 160/535/180 14/536/180
f 160/537/181 177/538/181 166/539/181
f 145/540/182 166/541/182 530/542/182
f 530/543/183 56/544/183 145/545/183
f 166/546/184 53/547/184 162/548/184
f 172/549/185 531/550/185 166/551/185
f 172/552/186 166/553/186 162/554/186
f 172/555/187 530/556/187 166/557/187
f 56/558/188 530/556/188 172/555/188
f 166/559/189 172/560/189 56/561/189
f 145/562/190 281/563/190 239/564/190
f 281/565/191 15/566/191 239/567/191
f 56/568/192 15/569/192 281/570/192
f 281/571/193 145/572/193 56/573/193
f 90/574/194 15/575/194 394/576/194
f 182/577/195 172/578/195 392/579/195
f 56/580/196 172/581/196 182/582/196
f 178/583/197 172/584/197 125/585/197
f 125/586/198 165/587/198 178/588/198
f 372/589/199 30/590/199 528/591/199
f 144/592/200 34/593/200 395/594/200
f 154/595/201 150/596/201 144/597/201
f 34/598/202 144/599/202 163/600/202
f 528/601/203 144/602/203 150/603/203
f 125/604/204 527/605/204 154/606/204
f 125/607/205 149/608/205 527/609/205
f 150/610/206 154/611/206 149/612/206
f 391/613/207 163/614/207 528/615/207
f 163/616/208 391/617/208 213/618/208
f 163/619/209 104/620/209 34/621/209
f 521/622/210 104/623/210 189/624/210
f 189/625/211 376/626/211 521/627/211
f 376/628/212 34/629/212 521/630/212
f 34/631/213 104/632/213 521/633/213
f 377/634/214 395/635/214 144/636/214
f 163/637/215 144/638/215 528/639/215
f 372/640/216 528/641/216 150/642/216
f 391/643/217 528/644/217 30/645/217
f 159/646/218 144/647/218 398/648/218
f 170/649/219 23/650/219 11/651/219
f 11/652/220 23/653/220 189/654/220
f 189/655/221 104/656/221 11/657/221
f 23/658/222 170/659/222 375/660/222
f 405/661/223 188/662/223 104/663/223
f 405/664/224 213/665/224 188/666/224
f 170/667/225 11/668/225 188/669/225
f 184/670/226 170/671/226 191/672/226
f 52/673/227 195/674/227 399/675/227
f 375/676/228 24/677/228 142/678/228
f 170/679/229 184/680/229 375/681/229
f 191/682/230 399/683/230 184/684/230
f 399/685/231 191/686/231 211/687/231
f 52/688/232 399/689/232 219/690/232
f 211/691/233 219/692/233 399/693/233
f 403/694/234 191/695/234 213/696/234
f 188/697/235 191/698/235 170/699/235
f 391/700/236 210/701/236 213/702/236
f 164/703/237 232/704/237 26/705/237
f 391/706/238 536/707/238 30/708/238
f 164/709/239 552/710/239 380/711/239
f 140/712/240 232/713/240 277/714/240
f 495/715/241 419/716/241 232/717/241 277/718/241
f 232/717/242 419/719/242 277/720/242
f 495/721/243 540/722/243 419/723/243
f 210/724/244 213/725/244 396/726/244
f 213/727/245 396/728/245 80/729/245
f 232/730/246 140/731/246 26/732/246
f 80/733/247 396/734/247 210/735/247
f 3/736/248 57/737/248 407/738/248
f 245/739/249 199/740/249 113/741/249
f 80/742/250 403/79/250 396/743/250
f 403/744/251 213/745/251 396/746/251
f 70/747/252 191/748/252 403/749/252
f 191/750/253 70/751/253 211/752/253
f 57/753/254 235/754/254 161/755/254
f 199/756/255 235/757/255 203/758/255
f 235/754/256 57/759/256 203/760/256
f 237/761/257 57/762/257 161/763/257
f 235/764/258 199/765/258 245/766/258
f 235/767/259 16/768/259 206/769/259
f 16/770/260 14/771/260 206/772/260
f 161/773/261 235/774/261 206/775/261
f 14/776/262 140/777/262 206/778/262
f 61/779/263 208/780/263 441/781/263
f 206/782/264 441/783/264 208/784/264
f 441/783/265 206/782/265 140/785/265
f 208/786/266 441/787/266 140/788/266
f 57/789/267 3/790/267 194/791/267
f 3/792/268 407/793/268 207/794/268
f 237/795/269 161/796/269 206/797/269
f 237/798/270 87/799/270 57/800/270
f 194/801/271 87/802/271 73/803/271
f 73/804/272 87/805/272 76/806/272
f 406/807/273 206/808/273 208/809/273
f 208/810/274 76/811/274 406/812/274
f 76/813/275 87/814/275 237/815/275
f 237/815/276 406/816/276 76/813/276
f 406/817/277 237/818/277 206/819/277
f 3/820/278 57/821/278 87/822/278
f 203/823/279 63/824/279 199/825/279
f 219/826/280 211/827/280 402/828/280
f 199/829/281 63/830/281 113/831/281
f 238/832/282 199/833/282 245/834/282
f 404/835/283 387/836/283 245/837/283
f 238/838/284 404/839/284 245/840/284
f 387/841/285 404/842/285 217/843/285
f 387/844/286 235/845/286 245/846/286
f 217/847/287 204/848/287 80/849/287
f 387/850/288 16/851/288 235/852/288
f 238/853/289 217/854/289 404/842/289
f 387/855/290 529/856/290 16/857/290
f 183/858/291 16/859/291 529/860/291
f 387/861/292 183/862/292 529/863/292
f 211/864/293 70/865/293 402/866/293
f 402/866/294 70/865/294 204/867/294
f 389/868/295 238/869/295 113/870/295
f 402/871/296 204/872/296 389/873/296
f 389/874/297 204/875/297 238/876/297
f 219/877/298 389/878/298 113/879/298
f 45/880/299 48/881/299 227/882/299
f 48/883/300 215/884/300 227/885/300
f 63/886/301 234/887/301 48/888/301
f 121/889/302 234/890/302 537/891/302
f 234/892/303 48/893/303 64/894/303
f 234/895/304 113/896/304 63/897/304
f 64/898/305 219/899/305 234/900/305
f 219/901/306 64/902/306 52/903/306
f 113/904/307 234/113/307 389/112/307
f 63/905/308 537/906/308 234/907/308
f 48/908/309 121/909/309 215/910/309
f 121/911/310 48/912/310 234/913/310
f 45/914/311 52/915/311 64/916/311
f 184/917/312 195/918/312 24/919/312
f 399/920/313 195/921/313 184/922/313
f 24/923/314 195/924/314 363/925/314
f 195/926/315 538/927/315 363/928/315
f 52/929/316 202/930/316 32/931/316
f 409/932/317 28/933/317 363/934/317
f 363/935/318 538/936/318 409/937/318
f 24/938/319 363/939/319 142/940/319
f 409/941/320 32/942/320 28/943/320
f 409/944/321 538/945/321 32/946/321
f 202/947/322 218/948/322 32/949/322
f 32/950/323 218/951/323 360/952/323
f 198/953/324 218/954/324 202/955/324
f 198/956/325 202/957/325 52/958/325
f 198/959/326 45/960/326 135/961/326
f 198/962/327 52/963/327 45/964/327
f 195/965/328 52/966/328 32/967/328
f 32/968/329 538/969/329 195/970/329
f 227/971/330 215/972/330 135/973/330
f 121/974/331 212/975/331 215/976/331
f 212/977/332 55/978/332 218/979/332
f 198/980/333 413/981/333 218/982/333
f 272/983/334 360/984/334 218/985/334
f 413/986/335 212/987/335 218/988/335
f 413/989/336 198/990/336 135/991/336
f 212/992/337 225/993/337 55/994/337
f 39/995/338 225/996/338 226/997/338
f 212/998/339 197/999/339 225/1000/339
f 135/1001/340 215/1002/340 413/1003/340
f 51/1004/341 186/1005/341 79/1006/341
f 12/1007/342 233/1008/342 20/1009/342
f 197/1010/343 233/1011/343 12/1012/343
f 225/1013/344 197/1014/344 12/1015/344
f 186/1016/345 51/1017/345 130/1018/345
f 214/1019/346 79/1020/346 186/1021/346
f 186/1022/347 20/1023/347 214/1024/347
f 79/1025/348 214/1026/348 133/1027/348
f 500/1028/349 505/1029/349 586/1030/349
f 133/1031/350 214/1032/350 434/1033/350
f 359/1034/351 434/1035/351 214/1036/351
f 359/1037/352 214/1038/352 221/1039/352
f 214/1040/353 233/1041/353 221/1042/353
f 214/1043/354 20/1044/354 233/1045/354
f 220/1046/355 603/1047/355 359/1048/355
f 359/1049/356 401/1050/356 207/1051/356
f 359/1052/357 220/1053/357 401/1054/357
f 359/1055/358 221/1056/358 220/1057/358
f 207/1058/359 49/1059/359 401/1060/359
f 407/1061/360 539/1062/360 49/1063/360
f 539/1064/361 231/1065/361 49/1066/361
f 49/1067/362 231/1068/362 420/1069/362
f 49/1070/363 407/1071/363 194/1072/363
f 408/1073/364 49/1074/364 420/1075/364
f 401/1076/365 408/1077/365 133/1078/365
f 49/1079/366 408/1080/366 401/1081/366
f 133/1082/367 408/1083/367 41/1084/367
f 41/1085/368 408/1086/368 420/1087/368
f 421/1088/369 233/1089/369 197/1090/369
f 421/1091/370 221/1092/370 233/1093/370
f 221/1094/371 421/1095/371 220/1096/371
f 197/1097/372 121/1098/372 220/1099/372
f 121/1100/373 220/1101/373 602/1102/373
f 401/1103/374 220/1104/374 207/1105/374
f 220/1106/375 412/1107/375 207/1108/375
f 203/1109/376 3/1110/376 250/1111/376
f 250/1112/377 63/1113/377 203/1114/377
f 537/1115/378 63/1116/378 250/1117/378
f 412/1118/379 220/1119/379 250/1120/379
f 3/1121/380 412/1122/380 250/1123/380
f 207/1124/381 407/1125/381 49/1126/381
f 207/1127/382 412/1128/382 3/1129/382
f 407/1130/383 194/1131/383 539/1132/383
f 194/1133/384 231/1134/384 539/1135/384
f 255/1136/385 230/1137/385 532/1138/385
f 255/1136/386 115/1139/386 230/1140/386
f 193/1141/387 532/1142/387 230/1143/387
f 76/1144/388 193/1145/388 230/1146/388
f 420/1147/389 229/1148/389 41/1149/389
f 230/1150/390 115/1151/390 73/1152/390
f 91/1153/391 236/1154/391 201/1155/391
f 9/1156/392 236/1157/392 200/1158/392
f 200/1159/393 236/1160/393 91/1161/393
f 236/1162/394 72/1163/394 201/1164/394
f 72/1165/395 236/1166/395 423/1167/395
f 236/1168/396 9/1169/396 423/1170/396
f 423/1171/397 9/1172/397 117/1173/397
f 167/1174/398 117/1175/398 9/1176/398
f 91/1177/399 201/1178/399 424/1179/399
f 223/1180/400 91/1181/400 424/1182/400
f 200/1183/401 542/1184/401 115/1185/401
f 91/1186/402 62/1187/402 200/1188/402
f 194/1189/403 73/1190/403 231/1191/403
f 73/1192/404 115/1193/404 231/1194/404
f 532/1195/405 193/1196/405 255/1197/405
f 243/1198/406 543/1199/406 231/1200/406
f 541/1201/407 543/1202/407 62/1203/407
f 115/1204/408 255/1205/408 42/1206/408
f 9/1207/409 542/1208/409 167/1209/409
f 167/1210/410 42/1211/410 275/1212/410
f 543/1213/411 542/1214/411 200/1215/411
f 231/1216/412 543/1202/412 541/1201/412
f 115/1217/413 542/1218/413 9/1219/413
f 543/1220/414 200/1221/414 62/1222/414
f 542/1223/415 42/1224/415 167/1225/415
f 542/1226/416 89/1227/416 42/1228/416
f 128/1229/417 89/1230/417 68/1231/417
f 128/1232/418 310/1233/418 89/1234/418
f 243/1235/419 580/1236/419 542/1237/419
f 542/1238/420 543/1239/420 243/1240/420
f 243/1241/421 115/1242/421 42/1243/421
f 584/1244/422 297/1245/422 431/1246/422
f 431/1247/423 425/1248/423 584/1249/423
f 431/1250/424 415/1251/424 432/1252/424
f 425/1253/425 580/1254/425 243/1255/425
f 604/1256/426 580/1257/426 432/1258/426
f 542/1259/427 580/1260/427 89/1261/427
f 415/1262/428 430/1263/428 432/1264/428
f 604/1265/429 484/1266/429 89/1267/429
f 432/1268/430 484/1269/430 604/1256/430
f 118/1270/431 101/1271/431 418/1272/431
f 545/1273/432 81/1274/432 118/1275/432
f 205/1276/433 426/1277/433 86/1278/433
f 426/1279/434 205/1280/434 101/1281/434
f 101/1282/435 223/1283/435 205/1284/435
f 101/1285/436 62/1286/436 91/1287/436
f 223/1288/437 101/1289/437 91/1290/437
f 229/1291/438 541/1292/438 62/1293/438
f 231/1294/439 541/1295/439 229/1296/439
f 231/1297/440 229/1298/440 420/1299/440
f 414/1300/441 228/1301/441 79/1302/441
f 79/1303/442 41/1304/442 414/1305/442
f 118/1306/443 60/1307/443 228/1308/443
f 118/1309/444 81/1310/444 60/1311/444
f 118/1312/445 606/1313/445 81/1314/445
f 606/1315/446 205/1316/446 81/1317/446
f 205/1318/447 606/1319/447 426/1320/447
f 118/1321/448 426/1322/448 606/1323/448
f 426/1322/449 118/1324/449 101/1325/449
f 60/1326/450 81/1327/450 545/1328/450
f 547/1329/451 60/1330/451 81/1331/451
f 228/1332/452 83/1333/452 51/1334/452
f 228/1332/453 60/1335/453 83/1333/453
f 95/1336/454 81/1337/454 433/1338/454
f 205/1339/455 433/1340/455 95/1341/455
f 205/1342/456 433/1338/456 81/1343/456
f 79/1344/457 228/1345/457 51/1346/457
f 541/1347/458 546/1348/458 229/1349/458
f 229/1350/459 414/1351/459 41/1352/459
f 414/1353/460 546/1354/460 118/1355/460
f 62/1356/461 118/1357/461 546/1358/461
f 118/1359/462 229/1360/462 546/1361/462
f 229/1362/463 546/1354/463 414/1353/463
f 118/1363/464 62/1364/464 101/1365/464
f 205/1366/465 120/1367/465 249/1368/465
f 249/1369/466 433/1370/466 205/1371/466
f 433/1372/467 249/1373/467 95/1374/467
f 50/1375/468 95/1376/468 249/1377/468
f 330/1378/469 436/1379/469 196/1380/469
f 422/1381/470 254/1382/470 86/1383/470
f 223/1384/471 86/1385/471 205/1386/471
f 120/1387/472 205/1388/472 86/1389/472
f 86/1390/473 428/1391/473 247/1392/473
f 92/1393/474 428/1394/474 86/1395/474
f 196/1396/475 247/1397/475 428/1398/475
f 120/1399/476 247/1400/476 249/1401/476
f 436/1402/477 330/1378/477 246/1403/477
f 254/1404/478 21/1405/478 427/1406/478
f 68/1407/479 427/1408/479 273/1409/479
f 68/1410/480 273/1411/480 167/1412/480
f 68/1413/481 92/1414/481 427/1415/481
f 92/1416/482 254/1417/482 427/1418/482
f 86/1419/483 254/1420/483 92/1421/483
f 98/1422/484 246/1423/484 330/1424/484
f 85/1425/485 21/1426/485 254/1427/485
f 254/1428/486 422/1429/486 85/1430/486
f 424/1431/487 85/1432/487 223/1433/487
f 86/1434/488 223/1435/488 422/1436/488
f 167/1437/489 273/1438/489 427/1439/489
f 427/1440/490 21/1441/490 167/1442/490
f 422/1443/491 223/1444/491 85/1445/491
f 21/1446/492 117/1447/492 167/1448/492
f 72/1449/493 117/1450/493 21/1451/493
f 72/1452/494 85/1453/494 201/1454/494
f 201/1455/495 85/1456/495 424/1457/495
f 21/1458/496 85/1459/496 72/1460/496
f 437/1461/497 82/1462/497 1/1463/497
f 1/1464/498 77/1465/498 258/1466/498
f 5/1467/499 258/1468/499 77/1469/499
f 176/1470/500 548/1471/500 77/1472/500
f 548/1471/501 438/1473/501 77/1472/501
f 176/1474/502 273/1475/502 438/1476/502
f 1/1477/503 289/1478/503 77/1479/503
f 439/1480/504 240/1481/504 100/1482/504
f 437/1483/505 82/1484/505 93/1485/505
f 93/1486/506 1/1487/506 437/1488/506
f 292/1489/507 82/1490/507 437/1491/507
f 437/1492/508 1/1493/508 258/1494/508
f 549/1495/509 258/1496/509 5/1497/509
f 292/1498/510 437/1499/510 258/1500/510
f 258/1501/511 549/1502/511 265/1503/511
f 5/1504/512 265/1505/512 549/1506/512
f 440/1507/513 96/1508/513 82/1509/513
f 292/1510/514 440/1511/514 82/1512/514
f 82/1513/515 288/1514/515 93/1515/515
f 93/1516/516 288/1517/516 260/1518/516
f 260/1519/517 288/1520/517 96/1521/517
f 82/1522/518 96/1523/518 288/1524/518
f 269/1525/519 253/1526/519 278/1527/519
f 260/1528/520 96/1529/520 278/1530/520
f 260/1531/521 278/1532/521 253/1533/521
f 96/1534/522 440/1535/522 283/1536/522
f 292/1537/523 265/1538/523 440/1539/523
f 5/1540/524 607/1541/524 17/1542/524
f 17/1543/525 77/1544/525 257/1545/525
f 77/1546/526 607/1547/526 5/1548/526
f 607/1549/527 77/1550/527 17/1551/527
f 256/1552/528 5/1553/528 17/1554/528
f 5/1555/529 256/1556/529 265/1557/529
f 287/1558/530 269/1559/530 256/1560/530
f 278/1561/531 283/1562/531 256/1563/531
f 256/1564/532 17/1565/532 442/1566/532
f 145/1567/533 239/1568/533 127/1569/533
f 94/1570/534 311/1571/534 442/1572/534
f 311/1573/535 287/1574/535 256/1575/535
f 550/1576/536 38/1577/536 390/1578/536
f 256/1579/537 442/1580/537 311/1581/537
f 550/1582/538 17/1583/538 38/1584/538
f 257/1585/539 38/1586/539 17/1587/539
f 61/1588/540 532/1589/540 193/1590/540
f 532/1591/541 61/1592/541 255/1593/541
f 61/1594/542 43/1595/542 255/1596/542
f 275/1597/543 38/1598/543 257/1599/543
f 77/1600/544 438/1601/544 257/1602/544
f 273/1603/545 275/1604/545 438/1605/545
f 257/1606/546 438/1607/546 275/1608/546
f 275/1609/547 273/1610/547 167/1611/547
f 380/1612/548 390/1613/548 164/1614/548
f 61/1615/549 140/1616/549 446/1617/549
f 446/1618/550 43/1619/550 61/1620/550
f 140/1621/551 277/1622/551 446/1623/551
f 43/1624/552 446/1625/552 390/1626/552
f 425/1627/553 621/1628/553 243/1629/553
f 390/1613/554 446/1630/554 164/1614/554
f 38/1631/555 43/1632/555 390/1633/555
f 380/1634/556 164/1635/556 127/1636/556
f 239/1637/557 285/1638/557 94/1639/557
f 285/1638/558 90/1640/558 94/1641/558
f 94/1642/559 179/1643/559 239/1644/559
f 179/1645/560 380/1646/560 239/1647/560
f 425/1648/561 551/1649/561 621/1650/561
f 380/1651/562 552/1652/562 179/1653/562
f 487/1654/563 621/1655/563 310/1656/563
f 179/1657/564 390/1658/564 380/1659/564
f 390/1660/565 179/1661/565 550/1662/565
f 179/1663/566 17/1664/566 550/1665/566
f 548/1666/567 176/1667/567 438/1668/567
f 176/1669/568 77/1670/568 116/1671/568
f 339/1672/569 273/1673/569 176/1674/569
f 339/1675/570 68/1676/570 273/1677/570
f 176/1678/571 273/1679/571 98/1680/571
f 289/1681/572 116/1682/572 77/1683/572
f 1/1684/573 251/1685/573 289/1686/573
f 289/1687/574 251/1688/574 116/1689/574
f 1/1690/575 10/1691/575 251/1692/575
f 279/1693/576 261/1694/576 290/1695/576
f 290/1696/577 279/1697/577 74/1698/577
f 100/1699/578 67/1700/578 251/1701/578
f 100/1702/579 251/1703/579 10/1704/579
f 251/1705/580 67/1706/580 554/1707/580
f 330/1708/581 436/1709/581 98/1710/581
f 436/1711/582 246/1712/582 98/1713/582
f 554/1714/583 279/1715/583 116/1716/583
f 111/1717/584 176/1718/584 116/1719/584
f 445/1720/585 179/1721/585 552/1722/585
f 128/1723/586 68/1724/586 339/1725/586
f 111/1726/587 339/1727/587 176/1728/587
f 128/1729/588 339/1730/588 111/1731/588
f 445/1732/589 552/1733/589 555/1734/589
f 281/1735/590 15/1736/590 285/1737/590
f 306/1738/591 290/1739/591 269/1740/591
f 290/1741/592 306/1742/592 609/1743/592
f 306/1744/593 417/1745/593 609/1746/593
f 15/1747/594 90/1748/594 285/1749/594
f 285/229/595 31/1750/595 94/1751/595
f 239/1752/596 281/1753/596 285/1754/596
f 556/1755/597 285/1756/597 31/1757/597
f 556/1758/598 94/1759/598 285/1760/598
f 94/1759/599 556/1758/599 311/1761/599
f 311/1762/600 556/232/600 443/231/600
f 443/1763/601 287/1764/601 311/1765/601
f 452/1766/602 269/1767/602 287/1768/602
f 269/1769/603 452/1770/603 158/1771/603
f 443/1772/604 31/1773/604 268/1774/604
f 74/1775/605 260/1776/605 253/1777/605
f 290/1778/606 74/1779/606 253/1780/606
f 106/1781/607 67/1782/607 100/1783/607
f 439/1784/608 100/1785/608 10/1786/608
f 93/1787/609 393/1788/609 451/1789/609
f 451/1790/610 439/1791/610 93/1792/610
f 439/1793/611 10/1794/611 93/1795/611
f 74/1796/612 93/1797/612 260/1798/612
f 74/1799/613 261/1800/613 393/1801/613
f 74/1802/614 393/1803/614 93/1804/614
f 33/1805/615 393/1806/615 107/1807/615
f 107/1808/616 393/1809/616 271/1810/616
f 33/1811/617 451/1812/617 393/1813/617
f 439/1814/618 451/1815/618 558/250/618
f 451/1815/619 33/1816/619 558/250/619
f 240/1817/620 439/1818/620 33/1819/620
f 100/1820/621 240/1821/621 6/1822/621
f 6/1823/622 106/1824/622 100/1825/622
f 6/1826/623 240/1827/623 33/1828/623
f 106/1829/624 18/1830/624 67/1831/624
f 259/1832/625 18/1833/625 106/1834/625
f 475/1835/626 18/1836/626 7/1837/626
f 475/1838/627 99/1839/627 325/1840/627
f 475/1841/628 7/1842/628 295/1843/628
f 99/1844/629 475/1841/629 295/1843/629
f 18/1845/630 475/1846/630 325/1847/630
f 259/1848/631 7/1849/631 18/1850/631
f 259/1851/632 6/1852/632 291/1853/632
f 559/257/633 291/1854/633 6/1855/633
f 33/1856/634 291/1857/634 559/1858/634
f 107/1859/635 271/1860/635 291/1861/635
f 291/1862/636 271/1863/636 295/1864/636
f 271/1865/637 393/1866/637 261/1867/637
f 295/1868/638 271/1869/638 97/1870/638
f 58/1871/639 97/1872/639 261/1873/639
f 271/1874/640 261/1875/640 97/1876/640
f 262/1877/641 13/1878/641 58/1879/641
f 262/1880/642 557/1881/642 306/1882/642
f 308/1883/643 305/1884/643 262/1885/643
f 58/1886/644 321/1887/644 97/1888/644
f 453/1889/645 321/1890/645 58/1891/645
f 266/1892/646 321/1893/646 301/1894/646
f 321/1895/647 453/1896/647 301/1897/647
f 13/1898/648 301/1899/648 453/1900/648
f 309/1901/649 562/1902/649 456/1903/649
f 301/1904/650 562/1902/650 309/1905/650
f 13/1906/651 305/1907/651 301/1908/651
f 308/1909/652 268/1910/652 298/1911/652
f 563/1912/653 298/1913/653 267/1914/653
f 562/1915/654 305/1916/654 456/1917/654
f 284/1918/655 298/1919/655 563/1920/655
f 284/1921/656 105/1922/656 298/1923/656
f 563/1924/657 267/1925/657 284/1926/657
f 268/1927/658 308/1928/658 158/1929/658
f 306/1930/659 158/1931/659 308/1932/659
f 308/1933/660 262/1934/660 306/1935/660
f 457/1936/661 445/1937/661 417/1938/661
f 610/1939/662 457/1940/662 417/1941/662
f 565/1942/663 336/1943/663 382/1944/663
f 445/1945/664 457/1946/664 472/1947/664
f 449/1948/665 310/1949/665 128/1950/665
f 116/1951/666 111/1952/666 608/1953/666
f 554/1954/667 447/1955/667 565/1956/667 279/1957/667
f 307/1958/668 554/1959/668 67/1960/668
f 325/1961/669 554/1962/669 307/1963/669
f 557/1964/670 279/1965/670 306/1966/670
f 261/1967/671 279/1968/671 557/1969/671
f 566/1970/672 447/1955/672 554/1954/672
f 18/1971/673 307/1972/673 67/1973/673
f 261/1974/674 262/1975/674 58/1976/674
f 262/1977/675 261/1978/675 557/1979/675
f 97/1980/676 321/1981/676 560/1982/676
f 325/1983/677 307/1984/677 18/1985/677
f 447/1986/678 325/1987/678 336/1988/678
f 447/1989/679 279/1990/679 565/1991/679
f 326/1992/680 99/1993/680 294/1994/680
f 99/1995/681 326/1996/681 567/1997/681
f 99/1998/682 567/1999/682 336/2000/682
f 566/282/683 325/281/683 447/2001/683
f 294/2002/684 119/2003/684 326/2004/684
f 382/2005/685 300/2006/685 476/2007/685
f 300/2008/686 382/2009/686 336/2010/686
f 336/2011/687 565/2012/687 447/2013/687
f 308/2014/688 460/2015/688 461/2016/688
f 308/2017/689 298/2018/689 457/2019/689
f 565/2020/690 457/2021/690 417/2022/690
f 382/1944/691 460/2023/691 457/2024/691 565/1942/691
f 105/2025/692 461/2026/692 460/2027/692
f 315/2028/693 461/2026/693 105/2029/693
f 456/2030/694 461/2031/694 315/2032/694
f 305/2033/695 461/2034/695 456/2035/695
f 308/2036/696 461/2016/696 305/2037/696
f 313/2038/697 304/2039/697 112/2040/697
f 568/2041/698 463/2042/698 304/2043/698
f 304/2044/699 333/2045/699 518/2046/699
f 112/2047/700 342/2048/700 270/2049/700
f 474/2050/701 119/2051/701 458/2052/701
f 103/2053/702 465/2054/702 270/2055/702
f 464/2056/703 300/2057/703 336/2058/703
f 156/2059/704 65/2060/704 123/2061/704
f 65/2062/705 571/2063/705 248/2064/705
f 103/2065/706 248/2066/706 156/2067/706
f 156/2068/707 270/2069/707 103/2070/707
f 29/2071/708 270/2072/708 156/2073/708
f 335/2074/709 270/2075/709 29/2076/709
f 47/2077/710 335/2078/710 29/2079/710
f 112/2080/711 270/2081/711 335/2082/711
f 270/2083/712 462/2084/712 103/2085/712
f 270/2086/713 129/2087/713 462/2088/713
f 270/2089/714 112/2090/714 129/2091/714
f 112/2092/715 342/2093/715 129/2094/715
f 335/2095/716 47/2096/716 112/2097/716
f 313/2098/717 112/2099/717 569/2100/717
f 313/2101/718 569/2102/718 47/2103/718
f 286/2104/719 592/2105/719 313/2106/719
f 29/2107/720 317/2108/720 47/2109/720
f 296/2110/721 561/2111/721 105/2112/721
f 296/2113/722 315/2114/722 561/2115/722
f 382/2116/723 105/2117/723 561/2118/723
f 561/2119/724 461/2120/724 382/2121/724
f 461/2122/725 561/2123/725 315/2124/725
f 47/2125/726 317/2126/726 286/2127/726
f 296/2128/727 105/2129/727 284/2130/727
f 317/2131/728 315/2132/728 296/2133/728
f 296/2134/729 286/2135/729 317/2136/729
f 315/2137/730 613/2138/730 123/2139/730
f 266/2140/731 309/2141/731 303/2142/731
f 315/2143/732 309/2144/732 456/2145/732
f 303/2146/733 309/2147/733 315/2148/733
f 315/2149/734 123/2150/734 303/2151/734
f 315/2152/735 317/2153/735 613/2154/735
f 65/2155/736 303/2156/736 123/2157/736
f 613/2158/737 317/2159/737 123/2160/737
f 123/2161/738 317/2162/738 29/2163/738
f 571/2164/739 156/2165/739 248/2166/739
f 156/2167/740 571/2168/740 65/2169/740
f 266/2170/741 303/2171/741 65/2172/741
f 321/2173/742 266/2174/742 65/2175/742
f 560/2176/743 99/2177/743 97/2178/743
f 560/2179/744 264/2180/744 99/2181/744
f 99/2182/745 264/2180/745 65/2183/745
f 560/2184/746 65/2185/746 264/2180/746
f 560/2186/747 321/2187/747 65/2188/747
f 248/2189/748 570/2190/748 264/2191/748
f 570/2192/749 264/2193/749 65/2194/749
f 570/2195/750 65/2196/750 248/2197/750
f 248/2198/751 323/2199/751 570/2190/751
f 570/2190/752 323/2199/752 264/2200/752
f 299/2201/753 323/2202/753 324/2203/753
f 248/2204/754 324/2205/754 323/2206/754
f 103/2207/755 324/2208/755 248/2209/755
f 264/2210/756 294/2211/756 99/2212/756
f 293/2213/757 294/2214/757 264/2215/757
f 293/2216/758 323/2217/758 299/2218/758
f 323/2219/759 293/2220/759 264/2221/759
f 108/2222/760 294/2223/760 293/2224/760
f 326/2225/761 294/2226/761 108/2227/761
f 108/2228/762 119/2229/762 326/2225/762
f 293/2230/763 299/2231/763 108/2232/763
f 329/2233/764 324/2234/764 103/2235/764
f 329/2236/765 299/2237/765 324/2238/765
f 572/2239/766 329/2240/766 108/2241/766
f 108/2242/767 299/2243/767 572/2244/767
f 276/2245/768 458/2246/768 71/2247/768
f 477/2248/769 71/2249/769 329/2250/769
f 573/2251/770 71/2252/770 119/2253/770
f 465/2254/771 329/2255/771 71/2256/771
f 119/2257/772 465/2258/772 573/2259/772
f 276/2260/773 119/2261/773 458/2262/773
f 329/2263/774 465/2264/774 119/2265/774
f 84/2266/775 435/2267/775 242/2268/775
f 246/2269/776 436/2270/776 8/2271/776
f 574/2272/777 247/2273/777 428/2274/777
f 247/2275/778 334/2276/778 249/2277/778
f 334/2278/779 574/2279/779 428/2280/779
f 334/2281/780 247/2282/780 574/2283/780
f 479/2284/781 131/2285/781 458/2286/781
f 8/2287/782 479/2288/782 131/2289/782
f 276/2290/783 458/2291/783 131/2292/783
f 4/2293/784 36/2294/784 340/2295/784
f 27/2296/785 4/2297/785 357/2298/785
f 357/2299/786 345/2300/786 27/2301/786
f 357/2302/787 340/2303/787 328/2304/787
f 340/2305/788 357/2306/788 4/2307/788
f 22/2308/789 27/2309/789 345/2310/789
f 22/2311/790 344/2312/790 480/2313/790
f 22/2314/791 350/2315/791 134/2316/791
f 69/2317/792 22/2318/792 134/2319/792
f 22/2320/793 577/2321/793 350/2322/793
f 69/2323/794 27/2324/794 22/2325/794
f 27/2326/795 69/2327/795 4/2328/795
f 134/2329/796 332/2330/796 69/2331/796
f 36/2332/797 4/2333/797 332/2334/797
f 69/2335/798 332/2334/798 4/2336/798
f 576/2337/799 482/2338/799 350/2339/799
f 350/2340/800 482/2341/800 134/2342/800
f 332/2343/801 241/2344/801 36/2345/801
f 241/2346/802 95/2347/802 50/2348/802
f 338/2349/803 83/2350/803 60/2351/803
f 95/2352/804 547/2353/804 81/2354/804
f 241/2355/805 547/2356/805 95/2357/805
f 483/2358/806 60/2359/806 415/2360/806
f 338/2361/807 60/2362/807 483/2363/807
f 415/2364/808 60/2365/808 547/2366/808
f 547/2367/809 241/2368/809 415/2369/809
f 241/2370/810 50/2371/810 334/2372/810
f 334/2373/811 36/2374/811 241/2375/811
f 576/2376/812 241/2377/812 482/2378/812
f 430/2379/813 415/2380/813 241/2381/813
f 334/2382/814 428/2383/814 485/2384/814
f 334/2385/815 50/2386/815 249/2387/815
f 328/2388/816 340/2389/816 334/2390/816
f 334/2391/817 340/2392/817 36/2393/817
f 482/2394/818 241/2395/818 332/2396/818
f 134/2397/819 482/2398/819 332/2399/819
f 432/2400/820 430/2401/820 484/2402/820
f 576/2337/821 490/2403/821 482/2404/821
f 344/2405/822 22/2406/822 341/2407/822
f 22/2408/823 345/2409/823 341/2410/823
f 331/2411/824 341/2412/824 22/2413/824
f 344/2414/825 341/2415/825 331/2416/825
f 331/2417/826 343/2418/826 477/2419/826
f 343/2420/827 71/2421/827 331/2422/827
f 331/2423/828 341/2424/828 343/2425/828
f 276/2426/829 343/2427/829 341/2428/829
f 345/2429/830 357/2430/830 328/2431/830
f 428/2432/831 605/2433/831 485/2434/831
f 605/2435/832 430/2436/832 485/2437/832
f 605/2433/833 428/2438/833 484/2439/833 430/2440/833
f 490/2441/834 488/2442/834 578/2443/834
f 488/2444/835 345/2445/835 328/2446/835
f 490/2447/836 575/2448/836 345/2449/836
f 345/2450/837 575/2451/837 341/2452/837
f 488/2453/838 485/2454/838 578/2455/838
f 328/2456/839 485/2457/839 488/2458/839
f 449/2459/840 128/2460/840 459/2461/840
f 488/2462/841 490/2463/841 345/2464/841
f 320/2465/842 463/2466/842 568/2467/842
f 276/2468/843 474/2469/843 458/2470/843
f 611/2471/844 333/2472/844 463/2473/844
f 111/2474/845 459/2461/845 128/2475/845
f 326/2476/846 119/2477/846 474/2478/846
f 276/2479/847 71/2480/847 343/2481/847
f 343/2482/848 71/2483/848 477/2484/848
f 463/2485/849 575/2486/849 518/2487/849
f 341/2488/850 575/2489/850 463/2490/850
f 611/2491/851 518/2492/851 333/2493/851
f 463/2494/852 518/2492/852 611/2491/852
f 333/2495/853 463/2496/853 518/2497/853
f 342/2498/854 463/2499/854 611/2500/854
f 463/2501/855 474/2502/855 276/2503/855
f 611/2504/856 333/2505/856 342/2506/856
f 59/2507/857 342/2508/857 333/2509/857
f 129/2510/858 342/2511/858 59/2512/858
f 481/2513/859 462/2514/859 467/2515/859
f 59/2516/860 344/2517/860 486/2518/860
f 331/2519/861 481/2520/861 486/2521/861
f 331/2522/862 477/2523/862 481/2524/862
f 329/2525/863 581/2526/863 477/2527/863
f 477/2528/864 581/2529/864 462/2530/864
f 462/2531/865 465/2532/865 103/2533/865
f 465/2534/866 462/2535/866 329/2536/866
f 103/2537/867 465/2538/867 329/2539/867
f 581/2540/868 329/2541/868 462/2542/868
f 129/2543/869 467/2544/869 462/2545/869
f 481/2546/870 467/2547/870 486/2548/870
f 467/2549/871 59/2550/871 486/2551/871
f 59/2552/872 467/2553/872 129/2554/872
f 346/2555/873 347/2556/873 322/2557/873
f 344/2558/874 371/2559/874 122/2560/874
f 367/2561/875 371/2562/875 369/2563/875
f 344/2564/876 333/2565/876 371/2566/876
f 346/2567/877 78/2568/877 492/2569/877
f 346/2570/878 361/2571/878 78/2572/878
f 361/2573/879 346/2574/879 322/2575/879
f 361/2576/880 322/2577/880 222/2578/880
f 88/2579/881 222/2580/881 322/2581/881
f 88/2582/882 322/2583/882 316/2584/882
f 480/2585/883 122/2586/883 358/2587/883
f 344/2588/884 122/2589/884 480/2590/884
f 492/2591/885 371/2592/885 347/2593/885
f 347/2593/886 371/2594/886 367/2595/886
f 347/2596/887 346/2597/887 492/2598/887
f 314/2599/888 347/2600/888 367/2601/888
f 333/2602/889 344/2603/889 59/2604/889
f 480/2605/890 22/2606/890 358/2607/890
f 78/2608/891 216/2609/891 358/2610/891
f 492/2611/892 78/2612/892 122/2613/892
f 122/2614/893 371/2615/893 492/2616/893
f 374/2617/894 362/2618/894 222/2619/894
f 102/2620/895 54/2621/895 216/2622/895
f 594/2623/896 496/2624/896 495/2625/896
f 494/2626/897 416/2627/897 544/2628/897
f 584/2629/898 496/2630/898 297/2631/898
f 351/2632/899 297/2633/899 615/2634/899
f 576/2635/900 350/2636/900 490/2637/900
f 350/2636/901 497/2638/901 490/2637/901
f 351/2639/902 615/2640/902 494/2641/902
f 350/2642/903 54/2643/903 497/2644/903
f 350/2645/904 216/2646/904 54/2647/904
f 544/2648/905 356/2649/905 431/2650/905
f 356/2651/906 544/2652/906 416/2653/906
f 216/2654/907 350/2655/907 358/2656/907
f 577/2657/908 358/2658/908 350/2659/908
f 480/2660/909 358/2661/909 577/2662/909
f 415/2663/910 431/2650/910 356/2649/910
f 499/2664/911 416/2665/911 54/2666/911
f 54/2667/912 216/350/912 499/2668/912
f 136/2669/913 362/2670/913 498/2671/913
f 374/2672/914 136/2673/914 498/2674/914
f 353/2675/915 136/2676/915 374/2677/915
f 102/2678/916 78/2679/916 501/2680/916
f 78/2681/917 361/2682/917 501/2683/917
f 222/2684/918 362/2685/918 361/2686/918
f 362/2687/919 501/2688/919 361/2689/919
f 501/2690/920 216/2691/920 78/2692/920
f 22/2693/921 480/2694/921 577/2695/921
f 483/2696/922 356/2697/922 209/2698/922
f 338/2699/923 209/2700/923 244/2701/923
f 338/2702/924 483/2703/924 209/2704/924
f 349/2705/925 327/2706/925 354/2707/925
f 352/2708/926 354/2709/926 19/2710/926
f 226/2711/927 354/2712/927 352/2713/927
f 39/2714/928 226/2715/928 352/2716/928
f 500/2717/929 352/2718/929 505/2719/929
f 226/2720/930 20/2721/930 354/2722/930
f 483/2723/931 415/2724/931 356/2725/931
f 338/2726/932 244/2727/932 83/2728/932
f 51/2729/933 83/2730/933 130/2731/933
f 226/2732/934 12/2733/934 20/2734/934
f 186/2735/935 349/2736/935 20/2737/935
f 186/2738/936 130/2739/936 349/2740/936
f 327/2741/937 349/2742/937 130/2743/937
f 327/2744/938 130/2745/938 244/2746/938
f 83/2747/939 244/2748/939 130/2749/939
f 354/2750/940 327/2751/940 19/2752/940
f 327/2753/941 209/2754/941 585/2755/941
f 585/2756/942 126/2757/942 19/2758/942
f 585/2759/943 19/2760/943 327/2761/943
f 102/2762/944 379/2763/944 126/2764/944
f 102/2765/945 126/2766/945 499/2767/945
f 416/2768/946 209/2769/946 356/2770/946
f 136/2771/947 2/2772/947 352/2773/947
f 136/2774/948 102/2775/948 362/2776/948
f 362/2687/949 102/2777/949 501/2778/949
f 136/2779/950 379/2780/950 102/2781/950
f 19/2782/951 379/2783/951 136/2784/951
f 616/2785/952 136/2786/952 352/2787/952
f 136/2788/953 616/2789/953 19/2790/953
f 352/2787/954 19/2791/954 616/2785/954
f 493/2792/955 2/2793/955 192/2794/955
f 138/2795/956 493/2796/956 192/2797/956
f 192/2798/957 2/2799/957 353/2800/957
f 136/2801/958 353/2802/958 2/2803/958
f 353/2804/959 502/2805/959 192/2806/959
f 502/2807/960 190/2808/960 192/2809/960
f 502/2810/961 353/2811/961 374/2812/961
f 493/2813/962 138/2814/962 147/2815/962
f 2/2816/963 586/2817/963 505/2818/963
f 500/2819/964 586/2820/964 224/2821/964
f 138/2822/965 137/2823/965 44/2824/965
f 66/2825/966 44/2826/966 137/2827/966
f 190/2828/967 138/2829/967 192/2830/967
f 44/2831/968 503/2832/968 138/2833/968
f 44/2834/969 110/2835/969 503/2836/969
f 147/2837/970 503/2838/970 110/2839/970
f 55/2840/971 39/2841/971 224/2842/971
f 224/2843/972 147/2844/972 507/2845/972
f 55/2846/973 224/2847/973 507/2848/973
f 272/2849/974 55/2850/974 507/2851/974
f 272/2852/975 507/2853/975 110/2854/975
f 55/2855/976 507/2856/976 39/2857/976
f 225/2858/977 12/2859/977 226/2860/977
f 39/2861/978 55/2862/978 225/2863/978
f 110/2864/979 360/2865/979 272/2866/979
f 272/2867/980 218/2868/980 55/2869/980
f 360/2870/981 28/2871/981 32/2872/981
f 147/2873/982 224/2874/982 2/2875/982
f 500/2876/983 224/2877/983 352/2878/983
f 352/2878/984 224/2877/984 39/2879/984
f 410/2880/985 110/2881/985 44/2882/985
f 44/2883/986 360/2884/986 410/2885/986
f 410/2886/987 44/2887/987 510/2888/987
f 510/2889/988 360/2890/988 410/2891/988
f 360/2890/989 510/2892/989 28/2893/989
f 44/2894/990 373/2895/990 510/2896/990
f 373/2897/991 66/2898/991 504/2899/991
f 312/2900/992 146/2901/992 373/2902/992
f 355/2903/993 504/2904/993 66/2905/993
f 312/2906/994 373/2897/994 504/2907/994
f 312/2906/995 66/2908/995 373/2897/995
f 66/2909/996 373/2910/996 146/2911/996
f 66/2912/997 137/2913/997 138/2914/997
f 505/2915/998 500/2916/998 2/2917/998
f 137/2918/999 66/2919/999 146/2920/999
f 373/2921/1000 66/2922/1000 137/2923/1000
f 44/2924/1001 66/2922/1001 373/2921/1001
f 137/2925/1002 146/2926/1002 373/2927/1002
f 146/2928/1003 510/2929/1003 373/2930/1003
f 146/2931/1004 28/2932/1004 510/2933/1004
f 509/2934/1005 409/2935/1005 28/2936/1005
f 28/2937/1006 146/2938/1006 509/2939/1006
f 509/2940/1007 400/2941/1007 409/2942/1007
f 142/2943/1008 363/2944/1008 400/2945/1008
f 185/2946/1009 142/2947/1009 400/2948/1009
f 185/2949/1010 400/2950/1010 509/2951/1010
f 185/2952/1011 375/2953/1011 142/2954/1011
f 185/2955/1012 23/2956/1012 375/2957/1012
f 146/2958/1013 185/2959/1013 509/2960/1013
f 312/2961/1014 185/2962/1014 146/2963/1014
f 587/2964/1015 185/2965/1015 511/2966/1015
f 153/2967/1016 185/2968/1016 587/2964/1016
f 587/2964/1017 511/2969/1017 153/2970/1017
f 185/2971/1018 312/2972/1018 511/2973/1018
f 511/2974/1019 312/2975/1019 364/2976/1019
f 364/2977/1020 40/2978/1020 511/2979/1020
f 364/2980/1021 312/2981/1021 504/2982/1021
f 171/2983/1022 514/2984/1022 588/2985/1022
f 514/2986/1023 109/2987/1023 588/2988/1023
f 355/2989/1024 588/2990/1024 109/2991/1024
f 364/2992/1025 355/2993/1025 109/2994/1025
f 588/2995/1026 355/2996/1026 171/2997/1026
f 504/2998/1027 355/2999/1027 364/3000/1027
f 355/3001/1028 171/3002/1028 66/3003/1028
f 506/3004/1029 355/3005/1029 66/3006/1029
f 506/3007/1030 138/3008/1030 190/3009/1030
f 66/3010/1031 138/3011/1031 506/3012/1031
f 506/3013/1032 513/3014/1032 355/3015/1032
f 88/3016/1033 348/3017/1033 366/3018/1033
f 617/3019/1034 348/3020/1034 473/3021/1034
f 473/3021/1035 366/3022/1035 617/3019/1035
f 366/3022/1036 348/3023/1036 617/3019/1036
f 348/3024/1037 139/3025/1037 473/3026/1037
f 88/3027/1038 316/3028/1038 348/3029/1038
f 222/3030/1039 88/3031/1039 366/3032/1039
f 502/3033/1040 374/3034/1040 366/3035/1040
f 513/3036/1041 502/3037/1041 515/3038/1041
f 515/3039/1042 502/3040/1042 366/3041/1042
f 190/3042/1043 513/3043/1043 506/3044/1043
f 190/3045/1044 502/3046/1044 513/3047/1044
f 515/3048/1045 366/3049/1045 513/3050/1045
f 513/3051/1046 473/3052/1046 171/3053/1046
f 513/3054/1047 366/3055/1047 473/3056/1047
f 337/3057/1048 139/3058/1048 348/3059/1048
f 348/3060/1049 316/3061/1049 337/3062/1049
f 152/3063/1050 473/3064/1050 139/3065/1050
f 143/3066/1051 152/3067/1051 139/3068/1051
f 589/3069/1052 337/3070/1052 37/3071/1052
f 37/3072/1053 132/3073/1053 143/3074/1053
f 37/3075/1054 143/3076/1054 589/3077/1054
f 143/3078/1055 139/3079/1055 589/3080/1055
f 139/3081/1056 337/3082/1056 589/3083/1056
f 370/3084/1057 471/3085/1057 368/3086/1057
f 471/3087/1058 37/3088/1058 368/3089/1058
f 318/3090/1059 35/3091/1059 386/3092/1059
f 471/3093/1060 282/3094/1060 35/3095/1060
f 37/3096/1061 471/3093/1061 35/3097/1061
f 337/3098/1062 37/3099/1062 368/3100/1062
f 316/3101/1063 368/3102/1063 337/3103/1063
f 367/3104/1064 314/3105/1064 368/3106/1064
f 367/3107/1065 368/3108/1065 316/3109/1065
f 314/3110/1066 370/3111/1066 368/3112/1066
f 314/3113/1067 367/3114/1067 369/3115/1067
f 282/3116/1068 370/3117/1068 411/3118/1068
f 365/3119/1069 591/3120/1069 466/3121/1069
f 591/3122/1070 365/3123/1070 370/3124/1070
f 591/3125/1071 370/3126/1071 314/3127/1071
f 47/3128/1072 286/3129/1072 592/3130/1072
f 369/3131/1073 466/3132/1073 314/3133/1073
f 591/3134/1074 314/3135/1074 466/3136/1074
f 333/3137/1075 466/3138/1075 369/3139/1075
f 333/3140/1076 304/3141/1076 466/3142/1076
f 365/3143/1077 304/3144/1077 466/3145/1077
f 313/3146/1078 365/3147/1078 304/3148/1078
f 313/395/1079 280/3149/1079 411/396/1079
f 280/3150/1080 282/3151/1080 411/3152/1080
f 371/3153/1081 333/3154/1081 369/3155/1081
f 514/3156/1082 171/3157/1082 473/3158/1082
f 473/3159/1083 152/3160/1083 171/3161/1083
f 514/3162/1084 473/3158/1084 152/3163/1084
f 152/3164/1085 143/3165/1085 168/3166/1085
f 152/3167/1086 168/3168/1086 590/3169/1086
f 114/3170/1087 151/3171/1087 517/3172/1087
f 168/3173/1088 143/3174/1088 132/3175/1088
f 132/3176/1089 155/3177/1089 168/3178/1089
f 600/3179/1090 516/3180/1090 35/3181/1090
f 282/3182/1091 491/3183/1091 35/3184/1091
f 491/3185/1092 282/3186/1092 280/3187/1092
f 35/3188/1093 491/3189/1093 386/3190/1093
f 37/3191/1094 35/3192/1094 132/3193/1094
f 304/3194/1095 518/3195/1095 568/3196/1095
f 523/3197/1096 75/3198/1096 302/3199/1096
f 263/3200/1097 590/3201/1097 168/3202/1097
f 514/3203/1098 152/3204/1098 263/3205/1098
f 619/3206/1099 579/3207/1099 564/3208/1099
f 449/3209/1100 489/3210/1100 310/3211/1100
f 489/3212/1101 620/3213/1101 614/3214/1101
f 579/3215/1102 620/3216/1102 533/3217/1102 534/3218/1102
f 508/3219/1103 568/3220/1103 518/3221/1103 595/3222/1103
f 508/3223/1104 564/3224/1104 533/3225/1104
f 596/3226/1105 533/3227/1105 564/3228/1105
f 476/3229/1106 508/3230/1106 454/3231/1106
f 564/3228/1107 618/3232/1107 523/3233/1107 596/3234/1107
f 114/3235/1108 168/3236/1108 155/3237/1108
f 155/3238/1109 132/3239/1109 114/3240/1109
f 377/3241/1110 398/3242/1110 395/3243/1110
f 517/3244/1111 263/3245/1111 168/3246/1111
f 141/3247/1112 398/3248/1112 377/3249/1112
f 263/3250/1113 151/3251/1113 512/3252/1113
f 109/3253/1114 514/3254/1114 263/3255/1114
f 397/3256/1115 378/3257/1115 153/3258/1115
f 40/3259/1116 397/3260/1116 153/3261/1116
f 378/3262/1117 185/3263/1117 153/3264/1117
f 189/3265/1118 23/3266/1118 378/3267/1118
f 511/3268/1119 40/3269/1119 153/3270/1119
f 40/3271/1120 364/3272/1120 109/3273/1120
f 40/3274/1121 519/3275/1121 263/3276/1121
f 519/3277/1122 109/3278/1122 263/3279/1122
f 109/3280/1123 519/3281/1123 40/3282/1123
f 263/3283/1124 40/3284/1124 512/3285/1124
f 263/3286/1125 512/3287/1125 397/3288/1125
f 377/3289/1126 397/3290/1126 512/3291/1126
f 598/3292/1127 141/3293/1127 377/3294/1127
f 598/3295/1128 377/3296/1128 512/3297/1128
f 512/3298/1129 151/3299/1129 141/3300/1129
f 397/3301/1130 40/3302/1130 263/3303/1130
f 377/3304/1131 520/3305/1131 397/3306/1131
f 598/3307/1132 512/3308/1132 141/3309/1132
f 376/3310/1133 189/3311/1133 520/3312/1133
f 520/3313/1134 189/3314/1134 378/3315/1134
f 520/3316/1135 378/3317/1135 397/3318/1135
f 377/3319/1136 395/3320/1136 376/3321/1136
f 398/3322/1137 141/3323/1137 159/3324/1137
f 376/3325/1138 395/3326/1138 34/3327/1138
f 535/3328/1139 232/3329/1139 448/3330/1139
f 522/3331/1140 392/3332/1140 187/3333/1140
f 175/3334/1141 522/3335/1141 187/3336/1141
f 124/3337/1142 159/3338/1142 141/3339/1142
f 124/3340/1143 381/3341/1143 187/3342/1143
f 169/3343/1144 175/3344/1144 187/3345/1144
f 383/3346/1145 169/3347/1145 384/3348/1145
f 124/3349/1146 597/3350/1146 148/3351/1146
f 597/3350/1147 141/3352/1147 148/3351/1147
f 124/3353/1148 141/3352/1148 597/3350/1148
f 169/3354/1149 187/3355/1149 381/3356/1149
f 173/3357/1150 187/3358/1150 599/3359/1150
f 173/3360/1151 599/3361/1151 178/3362/1151
f 165/3363/1152 159/3364/1152 173/3365/1152
f 144/3366/1153 159/3367/1153 154/3368/1153
f 173/3369/1154 178/3370/1154 165/3371/1154
f 178/3372/1155 599/3359/1155 187/3373/1155
f 392/3374/1156 178/3375/1156 187/3376/1156
f 392/3377/1157 175/3378/1157 182/3379/1157
f 157/3380/1158 174/3381/1158 25/3382/1158
f 182/3383/1159 25/3384/1159 394/3385/1159
f 394/3386/1160 25/3387/1160 174/3388/1160
f 182/3389/1161 394/3390/1161 15/3391/1161
f 522/3392/1162 175/3393/1162 392/3394/1162
f 182/3395/1163 175/3396/1163 25/3397/1163
f 25/3398/1164 175/3399/1164 524/3400/1164
f 90/3401/1165 394/3402/1165 525/3403/1165
f 525/3404/1166 174/3405/1166 267/3406/1166
f 90/3407/1167 525/3408/1167 31/3409/1167
f 267/3410/1168 298/3411/1168 525/3412/1168
f 298/3413/1169 268/3414/1169 525/3415/1169
f 268/3416/1170 31/3417/1170 525/3418/1170
f 174/3419/1171 274/3420/1171 267/3421/1171
f 267/3422/1172 455/3423/1172 284/3424/1172
f 274/3425/1173 455/3426/1173 267/3427/1173
f 25/3428/1174 383/3429/1174 157/3430/1174
f 25/3431/1175 175/3432/1175 383/3433/1175
f 383/3434/1176 524/3435/1176 175/3436/1176
f 383/3437/1177 25/3438/1177 524/3439/1177
f 175/3440/1178 169/3441/1178 383/3442/1178
f 157/3443/1179 274/3444/1179 174/3445/1179
f 468/3446/1180 274/3447/1180 470/3448/1180
f 157/3449/1181 470/3450/1181 274/3451/1181
f 469/3452/1182 284/3453/1182 468/3454/1182
f 470/3455/1183 181/3456/1183 468/3457/1183
f 470/3458/1184 157/3459/1184 181/3460/1184
f 386/3461/1185 180/3462/1185 181/3463/1185
f 180/3464/1186 75/3465/1186 319/3466/1186
f 180/3467/1187 319/3468/1187 181/3469/1187
f 180/3470/1188 302/3471/1188 75/3472/1188
f 468/3473/1189 455/3474/1189 274/3475/1189
f 468/3476/1190 284/3477/1190 455/3478/1190
f 385/3479/1191 319/3480/1191 296/3481/1191
f 319/3482/1192 296/3483/1192 469/3484/1192
f 286/3485/1193 296/3486/1193 385/3487/1193
f 592/3130/1194 313/3488/1194 47/3489/1194
f 385/3490/1195 592/3491/1195 286/3492/1195
f 385/3493/1196 313/3494/1196 592/3491/1196
f 319/3495/1197 75/3496/1197 385/3497/1197
f 319/3498/1198 468/3499/1198 181/3500/1198
f 601/3501/1199 384/3502/1199 526/3503/1199
f 601/3504/1200 318/3505/1200 384/3506/1200
f 318/3507/1201 386/398/1201 593/400/1201
f 318/3508/1202 593/3509/1202 384/3510/1202
f 593/3511/1203 181/3512/1203 384/3513/1203
f 383/3514/1204 384/3515/1204 181/3516/1204
f 318/3517/1205 516/3518/1205 600/3519/1205
f 132/3520/1206 35/3521/1206 516/3522/1206
f 114/3523/1207 148/3524/1207 151/3525/1207
f 155/3526/1208 381/3527/1208 114/3528/1208
f 597/3529/1209 114/3530/1209 381/3531/1209
f 148/3532/1210 114/3533/1210 597/3534/1210
f 381/3535/1211 526/3536/1211 169/3537/1211
f 384/3538/1212 169/3539/1212 526/3540/1212
f 381/3541/1213 114/3542/1213 516/3543/1213
f 516/3544/1214 601/3545/1214 526/3546/1214
f 516/3547/1215 318/3548/1215 601/3549/1215
f 2/3550/1216 224/3551/1216 586/3552/1216
f 505/3553/1217 352/3554/1217 2/3555/1217
f 49/3556/1218 401/3557/1218 419/3558/1218
f 133/3559/1219 359/3560/1219 401/3561/1219
f 359/3562/1220 133/3563/1220 434/3564/1220
f 401/3565/1221 540/3566/1221 419/3567/1221
f 534/3568/1222 448/3569/1222 582/3570/1222
f 354/3571/1223 20/3572/1223 349/3573/1223
f 374/3574/1224 498/3575/1224 362/3576/1224
f 185/3577/1225 378/3578/1225 23/3579/1225
f 180/3580/1226 596/3581/1226 302/3582/1226
f 523/3583/1227 302/3584/1227 596/3585/1227
f 523/3586/1228 280/3587/1228 75/3588/1228
f 523/3589/1229 491/3590/1229 280/3591/1229
f 386/3592/1230 491/3593/1230 180/3594/1230
f 89/3595/1231 92/3596/1231 68/3597/1231
f 89/3595/1232 484/3598/1232 92/3596/1232
f 89/1267/1233 580/3599/1233 604/1265/1233
f 382/3600/1234 472/3601/1234 457/3602/1234
f 476/3603/1235 300/3604/1235 320/3605/1235
f 472/3606/1236 382/3607/1236 476/3608/1236
f 476/3609/1237 454/3610/1237 320/3611/1237
f 472/3612/1238 476/3613/1238 454/3614/1238
f 534/3615/1239 533/3616/1239 564/3617/1239
f 564/3618/1240 620/3619/1240 508/3620/1240
f 508/3621/1241 595/3622/1241 564/3623/1241
f 614/3624/1242 620/3625/1242 579/3626/1242
f 476/3627/1243 320/3628/1243 568/3629/1243
f 615/3630/1244 619/3631/1244 351/3632/1244
f 595/3633/1245 619/3634/1245 564/3635/1245
f 564/3636/1246 579/3637/1246 534/3638/1246
f 232/3639/1247 535/3640/1247 495/3641/1247
f 621/3642/1248 551/3643/1248 419/3644/1248
f 615/3645/1249 494/3646/1249 579/3647/1249 619/3206/1249
f 619/3648/1250 595/3649/1250 351/3650/1250
f 310/3651/1251 489/3652/1251 297/3653/1251
f 487/3654/1252 310/3655/1252 489/3656/1252
f 448/3657/1253 487/3658/1253 594/3659/1253
f 297/3660/1254 487/3661/1254 489/3662/1254
f 496/3663/1255 594/3664/1255 579/3665/1255
f 565/3666/1256 417/3667/1256 306/3668/1256
f 382/3669/1257 457/3670/1257 105/3671/1257
f 105/3672/1258 457/3673/1258 298/3674/1258
f 382/3675/1259 461/2120/1259 105/3676/1259
f 457/3677/1260 460/3678/1260 308/3679/1260
f 460/2023/1261 382/3680/1261 457/3681/1261
f 594/3682/1262 582/3683/1262 448/3684/1262
f 620/3685/1263 564/3686/1263 533/3687/1263
f 508/3620/1264 620/3688/1264 489/3689/1264
f 615/3690/1265 497/3691/1265 494/3692/1265
f 454/3693/1266 489/3694/1266 449/3695/1266
f 454/3693/1267 508/3696/1267 489/3694/1267
f 42/3697/1268 89/3698/1268 425/3699/1268
f 425/3700/1269 89/3701/1269 310/3702/1269
f 584/3703/1270 425/3704/1270 419/3705/1270
f 425/3706/1271 621/3707/1271 419/3708/1271
f 551/3709/1272 446/3710/1272 277/3711/1272
f 419/3712/1273 496/3713/1273 584/3714/1273
f 523/3715/1274 618/3716/1274 596/3717/1274
f 210/3718/1275 391/3719/1275 30/3720/1275
f 395/3721/1276 398/3722/1276 144/3723/1276
f 487/3724/1277 579/3725/1277 594/3726/1277
f 487/3727/1278 297/3728/1278 614/3729/1278
f 297/3730/1279 489/3731/1279 614/3732/1279
f 621/3733/1280 487/3734/1280 551/3735/1280
f 310/1656/1281 621/3736/1281 425/3737/1281
f 494/3738/1282 496/3739/1282 579/3740/1282
f 351/3741/1283 595/3742/1283 518/3743/1283
f 351/3744/1284 518/3745/1284 575/3746/1284
f 431/3747/1285 432/3748/1285 425/3749/1285
f 432/3750/1286 580/3751/1286 425/3752/1286
f 300/3753/1287 474/3754/1287 320/3755/1287
f 105/3756/1288 460/3757/1288 382/3758/1288
f 279/3759/1289 565/3760/1289 306/3761/1289
f 270/3762/1290 465/3763/1290 612/3764/1290
f 463/2499/1291 342/2498/1291 304/3765/1291
f 454/3766/1292 449/3767/1292 459/3768/1292
f 472/3769/1293 454/3770/1293 555/3771/1293
f 555/3772/1294 553/3773/1294 472/3774/1294
f 449/3775/1295 111/3776/1295 459/3777/1295
f 459/3778/1296 555/3779/1296 454/3780/1296
f 552/3781/1297 553/3782/1297 555/3783/1297
f 472/3784/1298 553/3785/1298 445/3786/1298
f 416/3787/1299 494/3788/1299 54/3789/1299
f 485/3790/1300 430/3791/1300 578/3792/1300
f 490/3793/1301 430/3794/1301 576/3795/1301
f 490/3796/1302 578/3797/1302 430/3798/1302
f 326/3799/1303 474/3800/1303 464/3801/1303
f 474/3800/1304 300/3802/1304 464/3801/1304
f 555/3803/1305 459/3804/1305 445/3805/1305
f 445/3806/1306 459/3807/1306 622/3808/1306
f 459/3807/1307 111/3809/1307 622/3808/1307
f 622/3808/1308 417/3810/1308 445/3811/1308
f 622/3808/1309 111/3812/1309 417/3810/1309
f 609/3813/1310 279/3814/1310 290/3815/1310
f 279/3816/1311 609/3817/1311 116/3818/1311
f 463/3819/1312 276/3820/1312 341/3821/1312
f 444/3822/1313 551/3823/1313 487/3824/1313
f 551/3825/1314 444/3826/1314 446/3827/1314
f 446/3828/1315 444/3829/1315 164/3830/1315
f 425/3831/1316 243/3832/1316 42/3833/1316
f 444/3834/1317 448/3835/1317 164/3836/1317
f 448/3837/1318 534/3838/1318 535/3839/1318
f 164/3840/1319 448/3841/1319 232/3842/1319
f 445/3843/1320 553/3844/1320 179/3845/1320
f 351/3846/1321 490/3847/1321 497/3848/1321
f 326/3849/1322 336/3850/1322 567/3851/1322
f 241/3852/1323 576/3853/1323 430/3854/1323
f 568/3855/1324 508/3856/1324 476/3857/1324
f 579/3858/1325 487/3859/1325 614/3860/1325
f 497/3861/1326 54/3862/1326 494/3863/1326
f 497/3864/1327 615/3865/1327 351/3866/1327
f 277/720/1328 419/3867/1328 551/3868/1328
f 277/718/1329 232/3869/1329 495/3870/1329
f 431/3871/1330 297/3872/1330 496/2630/1330
f 494/3873/1331 544/3874/1331 496/3875/1331
f 596/3876/1332 618/3877/1332 564/3878/1332
f 596/3879/1333 180/3880/1333 491/3881/1333
f 491/3882/1334 523/3883/1334 596/3884/1334
l 449 429
l 111 447
l 307 450
l 429 128
l 429 8
l 478 8
l 92 330
l 478 252
l 252 84
l 583 500
l 488 479
l 464 123
l 131 328
