# Blender 4.4.3
# www.blender.org
mtllib 0.01.mtl
o mesh_base_material_0
v -0.392039 -0.024529 0.261139
v -0.394432 -0.050585 0.273924
v -0.391529 -0.005908 0.247879
v -0.407343 -0.055617 0.250512
v -0.409070 -0.033565 0.240379
v -0.416710 -0.076643 0.237025
v -0.125442 -0.422063 0.011850
v -0.147836 -0.422055 0.014963
v -0.102321 -0.422421 -0.007246
v -0.093008 -0.422625 0.026943
v -0.099730 -0.416342 0.230515
v -0.128175 -0.412278 0.224594
v 0.057588 0.522920 0.028512
v -0.002400 0.311980 0.005775
v -0.034338 0.329110 0.002978
v -0.005479 0.335365 0.015051
v -0.016028 0.295895 -0.010156
v 0.089128 0.531829 0.066743
v 0.064170 0.244936 0.132595
v 0.081220 0.228915 0.130777
v 0.056697 0.267967 0.122846
v 0.034562 0.265964 0.155963
v 0.038070 0.246579 0.159059
v 0.042173 0.229945 0.168998
v 0.064580 0.225046 0.152705
v 0.257317 -0.353142 -0.211964
v 0.236299 -0.375078 -0.198059
v 0.236051 -0.353543 -0.236404
v -0.373485 -0.360428 -0.226600
v -0.360150 -0.379403 -0.212232
v -0.369529 -0.344439 -0.249274
v -0.393559 -0.355218 -0.206788
v 0.041774 0.547732 0.055286
v 0.067893 0.194530 -0.183203
v 0.074970 0.184896 -0.208309
v 0.060164 0.203104 -0.160640
v 0.060017 0.539398 0.083456
v -0.071513 0.256273 0.172064
v -0.068165 0.281179 0.162254
v -0.090448 0.288444 0.157347
v -0.097871 0.269549 0.165290
v -0.108496 0.250870 0.174578
v -0.089197 0.239672 0.182155
v -0.045967 0.258572 0.174360
v -0.047152 0.277950 0.164281
v -0.073551 0.222431 0.188835
v -0.048610 0.235604 0.186158
v 0.220549 0.131218 0.182433
v -0.395052 0.061526 0.174247
v -0.377001 0.079865 0.163769
v -0.407677 0.068094 0.137237
v -0.400535 0.044711 0.193445
v -0.156848 0.252579 0.088306
v -0.170385 0.234830 0.111424
v -0.170244 0.242763 0.133789
v -0.158007 0.260602 0.116058
v -0.144467 0.278432 0.112914
v -0.137333 0.276018 0.062624
v -0.151899 0.258571 0.063302
v -0.170070 0.235723 0.068452
v -0.177561 0.222196 0.089440
v -0.163803 0.245488 0.040716
v 0.248460 -0.193379 0.378254
v 0.250565 -0.172477 0.400033
v 0.237218 -0.174181 0.418102
v 0.236458 -0.199134 0.408354
v 0.241525 -0.222337 0.372649
v 0.257021 -0.210650 0.346308
v 0.230827 -0.226480 0.397786
v 0.249232 -0.169558 0.360701
v 0.252114 -0.160087 0.380748
v 0.261355 -0.169391 0.340435
v 0.248736 -0.130804 0.380916
v 0.246962 -0.119037 0.407947
v 0.244907 -0.113974 0.356914
v -0.065879 0.173581 0.283294
v -0.045439 0.181941 0.303171
v -0.058371 0.187069 0.259401
v 0.172031 -0.368309 0.303557
v 0.154446 -0.389562 0.289727
v 0.196648 -0.347053 0.298007
v 0.185528 -0.349695 0.317552
v 0.176419 -0.379403 0.270889
v 0.207004 -0.347397 0.277931
v 0.199564 -0.369165 0.253657
v 0.230626 -0.340032 0.264120
v 0.226697 -0.324569 0.289383
v 0.224768 -0.364355 0.239064
v 0.256716 -0.334448 0.251140
v 0.249938 -0.316614 0.274583
v 0.254001 -0.361492 0.226459
v 0.268824 -0.349903 0.233200
v 0.281748 -0.335833 0.238806
v 0.293531 -0.320381 0.244056
v 0.279398 -0.305140 0.262933
v 0.286165 -0.360477 0.217312
v 0.300953 -0.346538 0.224527
v 0.314255 -0.330590 0.230941
v 0.325934 -0.312954 0.236467
v 0.304316 -0.303965 0.249333
v 0.319328 -0.357406 0.210093
v 0.334263 -0.340663 0.217113
v 0.346936 -0.321754 0.222790
v 0.358611 -0.302473 0.228594
v 0.336627 -0.294547 0.241648
v 0.351797 -0.347456 0.198755
v 0.365085 -0.327385 0.204151
v 0.377640 -0.307298 0.210297
v 0.388650 -0.286297 0.215751
v 0.369380 -0.282102 0.234213
v 0.380062 -0.330527 0.182743
v 0.392563 -0.309155 0.187967
v 0.402876 -0.287028 0.192186
v 0.413653 -0.265194 0.196765
v 0.398732 -0.264302 0.220375
v 0.404017 -0.309637 0.163309
v 0.416075 -0.288058 0.167643
v 0.426261 -0.265712 0.171352
v 0.434981 -0.242893 0.174527
v 0.422177 -0.242327 0.200470
v 0.425775 -0.288111 0.140982
v 0.435490 -0.265644 0.143824
v 0.442449 -0.242509 0.145928
v 0.448034 -0.219244 0.147924
v 0.440430 -0.219093 0.176846
v 0.443431 -0.265212 0.115183
v 0.452508 -0.242695 0.117189
v 0.457673 -0.219468 0.118748
v 0.461115 -0.196170 0.119900
v 0.451990 -0.195853 0.149490
v 0.458841 -0.241743 0.087312
v 0.465202 -0.218883 0.088452
v 0.470193 -0.195958 0.089597
v 0.471867 -0.172844 0.090218
v 0.462727 -0.172947 0.120641
v 0.471416 -0.218225 0.057312
v 0.475756 -0.195139 0.057720
v 0.477653 -0.172024 0.058267
v 0.477402 -0.149019 0.058933
v 0.471103 -0.149692 0.090547
v 0.477850 -0.194148 0.025235
v 0.481227 -0.171067 0.025672
v 0.482877 -0.147998 0.026417
v 0.481715 -0.125066 0.027147
v 0.475899 -0.126034 0.059478
v 0.480963 -0.169606 -0.007596
v 0.483349 -0.146677 -0.007218
v 0.483491 -0.123747 -0.006369
v 0.481317 -0.100860 -0.005159
v 0.478749 -0.102260 0.027859
v 0.480282 -0.144571 -0.040608
v 0.480300 -0.121560 -0.039735
v 0.478783 -0.098710 -0.038461
v 0.475545 -0.075907 -0.036718
v 0.476939 -0.078278 -0.003876
v 0.476026 -0.118910 -0.073249
v 0.474023 -0.095835 -0.071612
v 0.470386 -0.072913 -0.069337
v 0.463738 -0.050761 -0.066193
v 0.470027 -0.053409 -0.034550
v 0.465155 -0.092305 -0.103463
v 0.461356 -0.069328 -0.100568
v 0.456330 -0.046579 -0.097169
v 0.450436 -0.023866 -0.093328
v 0.456359 -0.028621 -0.062848
v 0.449551 -0.064899 -0.130335
v 0.444226 -0.042200 -0.126399
v 0.437994 -0.019805 -0.122032
v 0.431412 0.002409 -0.117575
v 0.441671 -0.001999 -0.088662
v 0.433119 -0.036971 -0.156195
v 0.426376 -0.014872 -0.151222
v 0.417953 0.006224 -0.145579
v 0.409460 0.027502 -0.139913
v 0.422443 0.023781 -0.112448
v 0.414005 -0.010180 -0.179882
v 0.406742 0.011592 -0.174423
v 0.398843 0.033093 -0.168096
v 0.388925 0.053930 -0.161082
v 0.399699 0.048256 -0.133600
v 0.391047 0.015251 -0.202146
v 0.382503 0.036169 -0.194556
v 0.372592 0.056377 -0.186455
v 0.360995 0.075485 -0.177479
v 0.376465 0.073038 -0.152585
v 0.359908 0.034994 -0.216669
v 0.350621 0.054800 -0.207934
v 0.341022 0.074620 -0.199371
v 0.329613 0.093035 -0.189351
v 0.348000 0.093525 -0.167711
v 0.328973 0.053594 -0.229643
v 0.319353 0.072677 -0.219669
v 0.310117 0.092310 -0.210353
v 0.298323 0.109403 -0.199017
v 0.316410 0.109817 -0.178399
v 0.299815 0.072671 -0.241851
v 0.289896 0.090520 -0.230450
v 0.279790 0.108374 -0.219049
v 0.266826 0.123988 -0.206454
v 0.284508 0.124994 -0.187055
v 0.272454 0.092161 -0.252589
v 0.262026 0.108678 -0.239779
v 0.250004 0.124154 -0.226712
v 0.236316 0.137999 -0.213645
v 0.252800 0.138765 -0.194083
v 0.240033 0.103027 -0.256905
v 0.230086 0.119320 -0.245479
v 0.218413 0.134430 -0.231966
v 0.205415 0.148639 -0.218118
v 0.221868 0.151690 -0.200360
v 0.206569 0.108553 -0.257258
v 0.196692 0.124691 -0.244303
v 0.186591 0.138572 -0.230334
v 0.174453 0.153203 -0.214881
v 0.191365 0.162072 -0.203850
v 0.173994 0.115789 -0.252652
v 0.166916 0.131615 -0.238488
v 0.157668 0.147354 -0.223749
v 0.146419 0.163043 -0.207259
v 0.147989 0.131894 -0.251271
v 0.133932 0.150219 -0.239836
v 0.120169 0.175893 -0.196245
v 0.118536 0.166201 -0.225046
v 0.098892 0.189596 -0.179069
v 0.100590 0.172839 -0.230582
v 0.071500 0.177137 -0.232410
v 0.107330 0.163107 -0.251770
v 0.085682 0.167078 -0.254239
v 0.056539 0.170356 -0.256024
v 0.036915 0.181370 -0.232436
v 0.036168 0.189476 -0.208562
v 0.036643 0.197929 -0.184446
v 0.030667 0.207833 -0.157473
v 0.004635 0.190988 -0.205979
v 0.006964 0.198773 -0.184089
v -0.005255 0.205547 -0.161989
v 0.003166 0.212138 -0.144318
v 0.025710 0.217791 -0.127517
v 0.020439 0.225906 -0.104123
v -0.027411 0.213664 -0.134168
v -0.013635 0.221379 -0.116002
v 0.018205 0.234505 -0.082854
v -0.013253 0.231639 -0.092318
v 0.015337 0.246021 -0.061670
v -0.014237 0.243977 -0.069611
v 0.012120 0.260572 -0.040756
v -0.015909 0.259126 -0.047488
v 0.006177 0.278409 -0.020477
v -0.019694 0.278032 -0.025024
v 0.013567 0.289773 -0.007451
v -0.041407 0.274043 -0.032342
v -0.043160 0.293922 -0.014080
v -0.066422 0.285083 -0.017680
v -0.066118 0.307908 -0.001125
v -0.063446 0.328408 0.007500
v -0.051301 0.354275 0.010746
v -0.068000 0.340382 0.022261
v -0.052369 0.375312 0.012999
v -0.067816 0.359709 0.033760
v -0.054601 0.399362 0.015775
v -0.067253 0.382279 0.036370
v -0.051823 0.423419 0.012824
v -0.051180 0.449814 0.014585
v -0.066049 0.407553 0.043858
v -0.046736 0.476821 0.023037
v -0.066868 0.431789 0.050925
v -0.063220 0.453136 0.047161
v -0.033843 0.500320 0.040674
v -0.054348 0.478266 0.056996
v -0.010879 0.514057 0.051223
v 0.010897 0.527184 0.061364
v -0.039816 0.510027 0.072233
v -0.011447 0.518965 0.078461
v 0.020490 0.535995 0.078257
v 0.050822 0.555315 0.074188
v 0.075543 0.553626 0.066989
v 0.065181 0.547189 0.045297
v 0.022263 0.527311 0.036079
v 0.002060 0.507450 0.024316
v -0.018740 0.495882 0.015549
v -0.034583 0.474660 0.007188
v -0.033625 0.446757 0.001700
v -0.029325 0.418501 -0.000563
v -0.033846 0.392684 0.002723
v -0.026916 0.367370 0.006682
v -0.011578 0.384607 0.005394
v -0.001668 0.355442 0.013545
v 0.009829 0.372390 0.015380
v 0.026193 0.354469 0.030167
v 0.013246 0.320711 0.029412
v 0.035688 0.337018 0.041999
v 0.026103 0.302783 0.036666
v 0.019042 0.297644 0.014794
v 0.037109 0.279749 0.002402
v 0.038827 0.267650 -0.022346
v 0.045232 0.253557 -0.041012
v 0.050121 0.239416 -0.060358
v 0.054875 0.228334 -0.080449
v 0.059235 0.220654 -0.100473
v 0.063306 0.213715 -0.122007
v 0.060648 0.208517 -0.143061
v 0.086912 0.204784 -0.135185
v 0.092612 0.197879 -0.154727
v 0.123563 0.186291 -0.165805
v 0.118109 0.196713 -0.140943
v 0.153582 0.180529 -0.175552
v 0.149977 0.191438 -0.147550
v 0.176316 0.172471 -0.187394
v 0.174643 0.184113 -0.157491
v 0.191269 0.174489 -0.172390
v 0.207014 0.163863 -0.186779
v 0.205721 0.175777 -0.156099
v 0.222039 0.164571 -0.168844
v 0.237670 0.152178 -0.181464
v 0.236762 0.166310 -0.150792
v 0.253172 0.153351 -0.162706
v 0.269406 0.140106 -0.175132
v 0.266953 0.152974 -0.143432
v 0.284401 0.139808 -0.155514
v 0.301022 0.125331 -0.167106
v 0.298312 0.139185 -0.135728
v 0.315300 0.123861 -0.146202
v 0.332158 0.108846 -0.156824
v 0.327013 0.120413 -0.124177
v 0.344796 0.105383 -0.133632
v 0.361878 0.090400 -0.143415
v 0.355060 0.101122 -0.109967
v 0.372827 0.085445 -0.118368
v 0.388249 0.068219 -0.126636
v 0.381424 0.080222 -0.093252
v 0.398346 0.063391 -0.100303
v 0.411824 0.044386 -0.106729
v 0.405478 0.058381 -0.073600
v 0.419687 0.039301 -0.078770
v 0.431550 0.019096 -0.083800
v 0.424451 0.034699 -0.050850
v 0.436756 0.014264 -0.054901
v 0.447614 -0.006805 -0.059052
v 0.440125 0.010873 -0.026229
v 0.451748 -0.010000 -0.029249
v 0.461374 -0.031665 -0.032105
v 0.452358 -0.012332 0.000469
v 0.461823 -0.034064 -0.001182
v 0.470461 -0.055862 -0.002547
v 0.459866 -0.034762 0.029440
v 0.467591 -0.057034 0.028936
v 0.474114 -0.079562 0.028458
v 0.462126 -0.057488 0.059370
v 0.468826 -0.080119 0.059721
v 0.473438 -0.103020 0.059813
v 0.462644 -0.079907 0.089825
v 0.466708 -0.103179 0.090387
v 0.469501 -0.126490 0.090647
v 0.459178 -0.102746 0.119845
v 0.461024 -0.126293 0.120404
v 0.462401 -0.149689 0.120739
v 0.452787 -0.125325 0.149590
v 0.454021 -0.148827 0.150253
v 0.453922 -0.172342 0.150300
v 0.444063 -0.147848 0.178699
v 0.444529 -0.171543 0.179036
v 0.443252 -0.195293 0.178368
v 0.432957 -0.170750 0.206232
v 0.431271 -0.194579 0.205312
v 0.427794 -0.218538 0.203344
v 0.415164 -0.193783 0.229479
v 0.411945 -0.217758 0.227298
v 0.406364 -0.241298 0.224022
v 0.390505 -0.215833 0.245409
v 0.385664 -0.238623 0.242500
v 0.378591 -0.260851 0.238770
v 0.360688 -0.234204 0.253800
v 0.354542 -0.255172 0.250916
v 0.346288 -0.275197 0.246496
v 0.330718 -0.250213 0.264130
v 0.323210 -0.268974 0.259809
v 0.314411 -0.286934 0.254904
v 0.300985 -0.264093 0.275650
v 0.273308 -0.277435 0.289249
v 0.247461 -0.290611 0.303902
v 0.223851 -0.304989 0.318866
v 0.208453 -0.330515 0.306491
v 0.202614 -0.321615 0.333496
v 0.181971 -0.339621 0.345268
v 0.159860 -0.365673 0.335783
v 0.162620 -0.354320 0.354115
v 0.147321 -0.382258 0.319875
v 0.137611 -0.370916 0.354851
v 0.127016 -0.397061 0.312460
v 0.127178 -0.404225 0.291734
v 0.140858 -0.404764 0.270328
v 0.159848 -0.399593 0.249947
v 0.169680 -0.402624 0.230496
v 0.194403 -0.387376 0.232707
v 0.202339 -0.393524 0.213546
v 0.220474 -0.382878 0.216319
v 0.238056 -0.372662 0.220977
v 0.230917 -0.391684 0.198619
v 0.250542 -0.381540 0.203144
v 0.269292 -0.371890 0.209823
v 0.263310 -0.392347 0.185929
v 0.284046 -0.383133 0.193573
v 0.302559 -0.371825 0.202354
v 0.297400 -0.393248 0.175914
v 0.318282 -0.381800 0.184718
v 0.336338 -0.365923 0.192286
v 0.331375 -0.387390 0.163878
v 0.350030 -0.370242 0.170841
v 0.366434 -0.351418 0.177330
v 0.361211 -0.372148 0.147791
v 0.377859 -0.352735 0.153738
v 0.391024 -0.331080 0.158511
v 0.386615 -0.352001 0.128589
v 0.400861 -0.331064 0.133314
v 0.414264 -0.310003 0.137555
v 0.409057 -0.330285 0.106920
v 0.422910 -0.309713 0.110460
v 0.434312 -0.287877 0.113142
v 0.430368 -0.309207 0.082537
v 0.441274 -0.287154 0.084429
v 0.451267 -0.264767 0.086065
v 0.447704 -0.286559 0.055245
v 0.457389 -0.264092 0.056273
v 0.465076 -0.241189 0.056914
v 0.462184 -0.263436 0.025475
v 0.469834 -0.240690 0.025493
v 0.474333 -0.217373 0.025231
v 0.472742 -0.239694 -0.006754
v 0.475871 -0.216033 -0.007421
v 0.478246 -0.192686 -0.007714
v 0.473536 -0.213911 -0.040505
v 0.475637 -0.190504 -0.041084
v 0.478373 -0.167504 -0.041134
v 0.473733 -0.188350 -0.074464
v 0.475779 -0.165113 -0.074793
v 0.476261 -0.142022 -0.074237
v 0.466854 -0.162019 -0.107244
v 0.467918 -0.138665 -0.106833
v 0.467593 -0.115443 -0.105623
v 0.454200 -0.134618 -0.136742
v 0.454217 -0.111293 -0.135431
v 0.452638 -0.088047 -0.133314
v 0.442400 -0.106331 -0.165093
v 0.440476 -0.083020 -0.162891
v 0.437548 -0.059914 -0.159972
v 0.426914 -0.077955 -0.191727
v 0.422875 -0.055285 -0.188392
v 0.418911 -0.032605 -0.184493
v 0.408323 -0.050812 -0.217671
v 0.403607 -0.028439 -0.213211
v 0.397466 -0.006665 -0.207706
v 0.381119 -0.027240 -0.237598
v 0.375818 -0.005619 -0.232212
v 0.368386 0.014985 -0.224935
v 0.353117 -0.005401 -0.256419
v 0.346302 0.014943 -0.248721
v 0.337951 0.034399 -0.239478
v 0.324377 0.015117 -0.272951
v 0.317360 0.035024 -0.263448
v 0.309990 0.055080 -0.253611
v 0.298809 0.036711 -0.287728
v 0.291595 0.056859 -0.277254
v 0.282555 0.075326 -0.265104
v 0.264383 0.049533 -0.290217
v 0.257517 0.068293 -0.280289
v 0.249048 0.086141 -0.268851
v 0.228796 0.059679 -0.293056
v 0.222303 0.076982 -0.281833
v 0.214493 0.093602 -0.269487
v 0.193884 0.069049 -0.293124
v 0.187889 0.085054 -0.280013
v 0.181286 0.100427 -0.266495
v 0.164795 0.086927 -0.297211
v 0.159271 0.101919 -0.281698
v 0.154491 0.117206 -0.267432
v 0.143422 0.114467 -0.300512
v 0.138016 0.127940 -0.283603
v 0.133714 0.141466 -0.264646
v 0.117703 0.142330 -0.293161
v 0.112515 0.152874 -0.272337
v 0.094908 0.147466 -0.298408
v 0.090188 0.157982 -0.276251
v 0.072874 0.149042 -0.301663
v 0.069306 0.159747 -0.278686
v 0.051165 0.150372 -0.303351
v 0.049140 0.161481 -0.280061
v 0.029509 0.151091 -0.303072
v 0.029030 0.162596 -0.279674
v 0.019441 0.173542 -0.254937
v 0.009166 0.163765 -0.277865
v 0.002728 0.183276 -0.229168
v -0.017767 0.176172 -0.249912
v -0.033216 0.183244 -0.222641
v -0.029816 0.190917 -0.200242
v -0.026383 0.198679 -0.178647
v -0.037509 0.205574 -0.153846
v -0.060036 0.195372 -0.169346
v -0.068480 0.203711 -0.142221
v -0.055382 0.214815 -0.121244
v -0.040427 0.226186 -0.101856
v -0.039298 0.240327 -0.077153
v -0.065335 0.231281 -0.085922
v -0.039954 0.255608 -0.053638
v -0.064288 0.248521 -0.061052
v -0.064992 0.266936 -0.038318
v -0.087745 0.255460 -0.043449
v -0.090142 0.274926 -0.020504
v -0.108627 0.260649 -0.023686
v -0.086696 0.291597 -0.005351
v -0.109122 0.278557 0.000285
v -0.085970 0.307116 0.015105
v -0.104569 0.292667 0.020954
v -0.080943 0.323900 0.030365
v -0.097233 0.308866 0.034970
v -0.078721 0.342730 0.047297
v -0.088965 0.324856 0.049450
v -0.077930 0.364713 0.049326
v -0.075094 0.390008 0.059529
v -0.073108 0.414682 0.068917
v -0.076826 0.439351 0.076059
v -0.071683 0.460691 0.070111
v -0.058832 0.488628 0.078893
v -0.070432 0.467713 0.094162
v -0.029178 0.503951 0.088291
v 0.017082 0.519971 0.087386
v 0.037662 0.541882 0.084391
v 0.086254 0.543424 0.050133
v 0.078741 0.534221 0.038947
v 0.045578 0.535890 0.034730
v 0.021139 0.517270 0.025300
v 0.015017 0.496409 0.016225
v 0.002817 0.478505 0.011159
v -0.013649 0.464356 0.006976
v -0.012522 0.438556 0.002707
v 0.004526 0.451825 0.005994
v -0.006907 0.408437 0.002971
v 0.008827 0.422344 0.004490
v 0.019567 0.400597 0.013699
v 0.044568 0.398819 0.025105
v 0.037516 0.379919 0.028409
v 0.061824 0.374283 0.041381
v 0.053759 0.353482 0.046581
v 0.050418 0.328433 0.061508
v 0.036333 0.314362 0.050839
v 0.040786 0.283678 0.057735
v 0.037814 0.281833 0.032878
v 0.055638 0.267799 0.020235
v 0.059317 0.268984 -0.009261
v 0.076618 0.258825 -0.010741
v 0.071828 0.248639 -0.037744
v 0.092240 0.243623 -0.029408
v 0.078305 0.234921 -0.056401
v 0.093804 0.234571 -0.050163
v 0.077085 0.227216 -0.071715
v 0.101988 0.223705 -0.070424
v 0.083056 0.218183 -0.091810
v 0.110379 0.214639 -0.091590
v 0.088415 0.210920 -0.111740
v 0.117897 0.205792 -0.113148
v 0.143618 0.200726 -0.121430
v 0.175520 0.195586 -0.122076
v 0.188355 0.185694 -0.142878
v 0.201127 0.187831 -0.126949
v 0.219610 0.178024 -0.138996
v 0.213114 0.190843 -0.110374
v 0.232548 0.180156 -0.121381
v 0.250175 0.167019 -0.132260
v 0.244298 0.183042 -0.104139
v 0.263054 0.168937 -0.114205
v 0.280978 0.154498 -0.124975
v 0.273482 0.168683 -0.095523
v 0.291669 0.152519 -0.105236
v 0.309217 0.136275 -0.114842
v 0.300163 0.149651 -0.085147
v 0.317799 0.132459 -0.093577
v 0.336266 0.116359 -0.101839
v 0.324112 0.127806 -0.072068
v 0.343480 0.111495 -0.079239
v 0.362780 0.096008 -0.086221
v 0.349273 0.107476 -0.056750
v 0.368956 0.091229 -0.062351
v 0.388219 0.075567 -0.068010
v 0.373345 0.088005 -0.038691
v 0.392779 0.071689 -0.042860
v 0.409726 0.053894 -0.046848
v 0.395678 0.069536 -0.017632
v 0.412643 0.051407 -0.020359
v 0.427262 0.031619 -0.023218
v 0.413009 0.049527 0.005825
v 0.427763 0.029692 0.004055
v 0.440886 0.008929 0.002229
v 0.426669 0.029343 0.031331
v 0.439564 0.008668 0.030686
v 0.450956 -0.012631 0.030061
v 0.436203 0.009287 0.058906
v 0.446766 -0.012347 0.059126
v 0.455421 -0.034699 0.059270
v 0.441653 -0.011453 0.087448
v 0.450034 -0.033950 0.088242
v 0.456852 -0.056851 0.089014
v 0.443299 -0.033133 0.116298
v 0.450297 -0.056001 0.117660
v 0.455906 -0.079167 0.118943
v 0.442519 -0.055079 0.145590
v 0.447892 -0.078218 0.147366
v 0.450903 -0.101754 0.148621
v 0.439147 -0.076975 0.175292
v 0.442000 -0.100527 0.176955
v 0.443438 -0.124193 0.178093
v 0.432179 -0.099252 0.204436
v 0.433547 -0.123253 0.205898
v 0.433640 -0.147063 0.206288
v 0.416352 -0.122581 0.229301
v 0.416996 -0.146217 0.230403
v 0.416597 -0.169949 0.230632
v 0.396243 -0.145334 0.250075
v 0.395669 -0.169030 0.250148
v 0.393629 -0.192547 0.247852
v 0.370297 -0.167840 0.261602
v 0.368440 -0.190435 0.259546
v 0.364843 -0.212310 0.255678
v 0.344084 -0.189219 0.272958
v 0.341029 -0.210233 0.270332
v 0.336691 -0.230711 0.267686
v 0.317931 -0.208961 0.286379
v 0.314043 -0.228408 0.284136
v 0.291433 -0.226582 0.301535
v 0.267738 -0.244110 0.319547
v 0.244937 -0.261159 0.336880
v 0.223722 -0.279557 0.353343
v 0.203862 -0.300362 0.368255
v 0.180929 -0.320214 0.379577
v 0.155238 -0.342008 0.382969
v 0.131913 -0.357538 0.384022
v 0.126775 -0.369383 0.368678
v 0.099351 -0.374078 0.376937
v 0.096761 -0.384992 0.357557
v 0.103814 -0.394733 0.336395
v 0.094815 -0.405612 0.316095
v 0.094683 -0.413582 0.293883
v 0.094561 -0.418570 0.271237
v 0.103616 -0.420175 0.248744
v 0.123696 -0.418020 0.227038
v 0.143172 -0.413538 0.228121
v 0.156280 -0.412485 0.208431
v 0.183815 -0.402621 0.211335
v 0.160913 -0.415397 0.188226
v 0.190006 -0.409637 0.192430
v 0.210303 -0.400735 0.194840
v 0.195555 -0.415919 0.172766
v 0.218067 -0.408285 0.175947
v 0.240827 -0.400083 0.180090
v 0.225087 -0.415393 0.156672
v 0.249918 -0.408484 0.161378
v 0.274487 -0.401459 0.167586
v 0.258442 -0.415875 0.142100
v 0.284322 -0.409291 0.148527
v 0.309061 -0.400120 0.155982
v 0.293114 -0.413316 0.127740
v 0.318934 -0.403988 0.134440
v 0.342075 -0.390117 0.141330
v 0.326477 -0.404329 0.111831
v 0.349731 -0.389564 0.117559
v 0.369175 -0.371122 0.123112
v 0.355485 -0.387708 0.093582
v 0.375502 -0.369376 0.098354
v 0.393889 -0.350680 0.102977
v 0.381497 -0.368137 0.073391
v 0.400346 -0.349762 0.076983
v 0.416374 -0.329786 0.079953
v 0.405814 -0.348783 0.050464
v 0.422252 -0.329020 0.052312
v 0.436103 -0.308230 0.053894
v 0.426703 -0.328150 0.024098
v 0.440512 -0.307321 0.024585
v 0.452115 -0.285527 0.025065
v 0.442820 -0.305946 -0.005276
v 0.454971 -0.284481 -0.005740
v 0.464951 -0.262339 -0.006197
v 0.452730 -0.281600 -0.036854
v 0.462647 -0.259823 -0.038256
v 0.470775 -0.237556 -0.039603
v 0.458791 -0.257480 -0.070409
v 0.465737 -0.234790 -0.072361
v 0.470614 -0.211645 -0.073617
v 0.456272 -0.231240 -0.103566
v 0.460123 -0.208160 -0.105041
v 0.463595 -0.185106 -0.106408
v 0.447504 -0.204328 -0.135036
v 0.450744 -0.181094 -0.136726
v 0.453538 -0.158036 -0.137512
v 0.442062 -0.176911 -0.166876
v 0.442792 -0.153423 -0.166937
v 0.443164 -0.129767 -0.166555
v 0.428781 -0.147909 -0.194735
v 0.429774 -0.124458 -0.195098
v 0.429663 -0.101024 -0.194150
v 0.413847 -0.119794 -0.223987
v 0.413504 -0.096640 -0.223144
v 0.411665 -0.073589 -0.221051
v 0.391184 -0.093950 -0.248893
v 0.388297 -0.071605 -0.245559
v 0.384806 -0.049436 -0.241565
v 0.364555 -0.070226 -0.270208
v 0.361752 -0.048278 -0.266653
v 0.357989 -0.026617 -0.262144
v 0.339704 -0.047077 -0.292989
v 0.335555 -0.025815 -0.287857
v 0.330420 -0.005065 -0.281054
v 0.311517 -0.025382 -0.312478
v 0.307371 -0.004725 -0.304918
v 0.303769 0.016136 -0.297136
v 0.276746 -0.009193 -0.318401
v 0.273734 0.011020 -0.310196
v 0.269652 0.030248 -0.299976
v 0.241742 0.005793 -0.324755
v 0.238327 0.023990 -0.314336
v 0.233997 0.041749 -0.303299
v 0.206040 0.019210 -0.329329
v 0.202860 0.035951 -0.317649
v 0.198665 0.052180 -0.305103
v 0.176514 0.040107 -0.339687
v 0.172911 0.055668 -0.325701
v 0.169192 0.071169 -0.311518
v 0.156594 0.069694 -0.350810
v 0.153089 0.085705 -0.334497
v 0.148632 0.100029 -0.317800
v 0.134260 0.101011 -0.351378
v 0.129041 0.115610 -0.332024
v 0.123331 0.129262 -0.313216
v 0.105657 0.122662 -0.340621
v 0.100295 0.135944 -0.320026
v 0.080803 0.123318 -0.344964
v 0.076806 0.137034 -0.323959
v 0.055989 0.123157 -0.346538
v 0.053443 0.137449 -0.325662
v 0.031182 0.123144 -0.346129
v 0.030176 0.137623 -0.325203
v 0.006957 0.123759 -0.344130
v 0.007361 0.138376 -0.322992
v 0.008115 0.152195 -0.301200
v -0.015408 0.141070 -0.320998
v -0.013106 0.154631 -0.298708
v -0.010699 0.165984 -0.275361
v -0.034183 0.158182 -0.295300
v -0.030556 0.168521 -0.271923
v -0.050949 0.167372 -0.266184
v -0.046482 0.175309 -0.243281
v -0.065479 0.170929 -0.236803
v -0.060865 0.179941 -0.215010
v -0.064974 0.186301 -0.190209
v -0.079206 0.176113 -0.208283
v -0.092010 0.182098 -0.180359
v -0.093988 0.191841 -0.156189
v -0.096172 0.204062 -0.125722
v -0.080384 0.216588 -0.104686
v -0.103918 0.220902 -0.085556
v -0.089063 0.236831 -0.068156
v -0.126550 0.227499 -0.065728
v -0.111030 0.242468 -0.048715
v -0.146512 0.235697 -0.045921
v -0.130798 0.249853 -0.029349
v -0.124505 0.265173 -0.005904
v -0.122484 0.281579 0.017811
v -0.116289 0.297614 0.034888
v -0.103881 0.308138 0.054599
v -0.092425 0.326015 0.071634
v -0.085857 0.347419 0.071292
v -0.086176 0.371678 0.074015
v -0.099012 0.353389 0.084051
v -0.086478 0.396570 0.081088
v -0.098241 0.377541 0.093051
v -0.086444 0.420380 0.089044
v -0.091500 0.398517 0.101789
v -0.078195 0.444044 0.101675
v -0.082022 0.420092 0.110786
v -0.049141 0.487392 0.093567
v -0.055871 0.464187 0.106768
v 0.000126 0.504645 0.091325
v -0.014306 0.489797 0.096274
v 0.035163 0.516424 0.090383
v 0.033358 0.495817 0.097383
v 0.060622 0.506790 0.091722
v 0.076582 0.502043 0.085420
v 0.085902 0.494376 0.067253
v 0.090652 0.504517 0.047753
v 0.085817 0.507041 0.032873
v 0.040521 0.498118 0.017083
v 0.030240 0.482253 0.012776
v 0.026209 0.459200 0.008592
v 0.051890 0.466042 0.013687
v 0.020038 0.438218 0.006219
v 0.051000 0.441226 0.016316
v 0.040982 0.422450 0.016547
v 0.071649 0.437156 0.028979
v 0.066437 0.416681 0.030371
v 0.066837 0.395684 0.036396
v 0.064447 0.356501 0.059424
v 0.069551 0.380957 0.063312
v 0.064387 0.342941 0.079742
v 0.056296 0.317779 0.080365
v 0.047837 0.296355 0.077719
v 0.052717 0.270108 0.081460
v 0.056943 0.263285 0.056685
v 0.072628 0.253344 0.038803
v 0.087343 0.246618 0.013450
v 0.092660 0.244792 -0.004664
v 0.109099 0.235804 -0.011840
v 0.123510 0.231001 -0.033765
v 0.137241 0.224993 -0.056142
v 0.150373 0.216404 -0.079030
v 0.166422 0.206683 -0.096066
v 0.197745 0.202631 -0.091889
v 0.185671 0.216571 -0.067181
v 0.223914 0.194683 -0.093982
v 0.215830 0.209100 -0.059528
v 0.237738 0.197448 -0.068174
v 0.254175 0.183917 -0.086160
v 0.262552 0.183338 -0.067839
v 0.282080 0.167116 -0.076508
v 0.268981 0.181411 -0.049259
v 0.288227 0.163899 -0.057058
v 0.306446 0.145732 -0.064770
v 0.292761 0.160650 -0.037586
v 0.311200 0.142008 -0.044353
v 0.329469 0.123803 -0.050759
v 0.314244 0.138860 -0.023883
v 0.333370 0.120855 -0.029286
v 0.353336 0.104468 -0.034261
v 0.336559 0.119372 -0.008098
v 0.356848 0.103222 -0.011851
v 0.376559 0.086566 -0.014926
v 0.357916 0.101814 0.010835
v 0.377310 0.085221 0.008840
v 0.396044 0.068062 0.007305
v 0.376816 0.084886 0.032598
v 0.395013 0.067504 0.032165
v 0.411788 0.049061 0.031811
v 0.392542 0.068430 0.057045
v 0.408656 0.049719 0.057793
v 0.423059 0.029770 0.058469
v 0.404312 0.051104 0.083297
v 0.418438 0.031116 0.085057
v 0.431410 0.010500 0.086461
v 0.412053 0.032379 0.110643
v 0.424536 0.011372 0.113019
v 0.435242 -0.010481 0.114883
v 0.416429 0.012236 0.138376
v 0.427371 -0.009601 0.141372
v 0.436010 -0.032119 0.143686
v 0.418111 -0.008600 0.166607
v 0.427358 -0.030881 0.170171
v 0.434294 -0.053694 0.173041
v 0.415643 -0.030057 0.194976
v 0.422468 -0.052708 0.198718
v 0.428026 -0.075734 0.201951
v 0.406013 -0.052662 0.221467
v 0.410947 -0.075610 0.224764
v 0.414298 -0.099026 0.227107
v 0.390664 -0.076034 0.244237
v 0.393358 -0.099055 0.246227
v 0.395000 -0.122037 0.248254
v 0.367603 -0.100013 0.257402
v 0.369443 -0.122311 0.259661
v 0.370716 -0.144998 0.261992
v 0.343960 -0.123795 0.270739
v 0.345863 -0.145530 0.274371
v 0.346167 -0.167652 0.275198
v 0.320483 -0.146839 0.285256
v 0.321166 -0.167949 0.287247
v 0.320448 -0.188804 0.287791
v 0.299314 -0.168472 0.304836
v 0.298734 -0.189107 0.306182
v 0.277154 -0.199782 0.325695
v 0.235049 -0.246789 0.364827
v 0.220304 -0.260102 0.384589
v 0.199910 -0.271351 0.400811
v 0.175117 -0.290901 0.411722
v 0.169268 -0.308256 0.404267
v 0.148796 -0.310287 0.418427
v 0.143081 -0.327245 0.408588
v 0.137345 -0.343273 0.397236
v 0.122034 -0.329183 0.419158
v 0.117183 -0.345723 0.406550
v 0.112642 -0.360553 0.391768
v 0.095916 -0.346641 0.413039
v 0.092632 -0.361675 0.396943
v 0.072342 -0.362494 0.400819
v 0.061458 -0.376579 0.383155
v 0.061261 -0.388787 0.362689
v 0.061466 -0.400252 0.341395
v 0.061931 -0.410417 0.319272
v 0.062354 -0.417588 0.296108
v 0.062661 -0.421878 0.272725
v 0.063105 -0.425463 0.249883
v 0.071206 -0.425789 0.227368
v 0.104092 -0.422312 0.226834
v 0.088346 -0.424529 0.205661
v 0.126581 -0.417709 0.206267
v 0.109480 -0.421643 0.184973
v 0.131154 -0.418432 0.185843
v 0.146881 -0.419649 0.166555
v 0.174942 -0.418237 0.169353
v 0.162113 -0.422205 0.147538
v 0.200693 -0.420450 0.152425
v 0.176406 -0.425451 0.128142
v 0.206319 -0.425713 0.132275
v 0.232186 -0.421710 0.136874
v 0.212470 -0.430068 0.112269
v 0.239384 -0.425773 0.116661
v 0.266208 -0.419616 0.121632
v 0.246446 -0.428724 0.096158
v 0.273227 -0.421514 0.100790
v 0.300459 -0.414945 0.106254
v 0.279481 -0.422189 0.079528
v 0.306785 -0.415240 0.084251
v 0.332116 -0.402687 0.088835
v 0.312364 -0.414885 0.062061
v 0.337668 -0.401974 0.065869
v 0.360907 -0.386275 0.069682
v 0.342385 -0.400695 0.042757
v 0.365825 -0.385110 0.045525
v 0.386598 -0.366990 0.048068
v 0.370638 -0.384923 0.021247
v 0.391189 -0.366382 0.022509
v 0.410609 -0.348264 0.023520
v 0.394670 -0.365888 -0.003573
v 0.413825 -0.347546 -0.004041
v 0.429204 -0.326907 -0.004673
v 0.414123 -0.345464 -0.032004
v 0.429067 -0.324923 -0.033757
v 0.441726 -0.303441 -0.035349
v 0.426644 -0.322379 -0.063007
v 0.439580 -0.301458 -0.065759
v 0.450711 -0.279997 -0.068352
v 0.431759 -0.297405 -0.095229
v 0.442344 -0.276265 -0.098606
v 0.450818 -0.254220 -0.101419
v 0.432002 -0.272322 -0.127942
v 0.440664 -0.250744 -0.131651
v 0.445254 -0.227766 -0.133935
v 0.428670 -0.246527 -0.159736
v 0.435513 -0.224178 -0.163358
v 0.439787 -0.200879 -0.165727
v 0.417594 -0.216768 -0.187567
v 0.421941 -0.194210 -0.190595
v 0.425552 -0.171014 -0.193167
v 0.407203 -0.188669 -0.219228
v 0.411649 -0.166057 -0.222614
v 0.413184 -0.142979 -0.223677
v 0.389914 -0.161634 -0.248361
v 0.391338 -0.139223 -0.249553
v 0.391729 -0.116655 -0.249680
v 0.367334 -0.136733 -0.274163
v 0.367957 -0.114542 -0.274537
v 0.366946 -0.092289 -0.273155
v 0.344864 -0.113373 -0.300677
v 0.343899 -0.091102 -0.299214
v 0.342299 -0.068981 -0.296743
v 0.318173 -0.090890 -0.323311
v 0.316447 -0.068888 -0.320485
v 0.314399 -0.047112 -0.317111
v 0.284304 -0.071417 -0.335303
v 0.282101 -0.050324 -0.331049
v 0.279597 -0.029559 -0.325516
v 0.248745 -0.053852 -0.344953
v 0.246568 -0.033605 -0.339393
v 0.244377 -0.013563 -0.333178
v 0.212679 -0.036622 -0.353911
v 0.209966 -0.018016 -0.346699
v 0.208106 0.001002 -0.338305
v 0.182430 -0.015298 -0.371658
v 0.180256 0.003887 -0.362472
v 0.178365 0.022545 -0.351825
v 0.160726 0.012295 -0.391263
v 0.160028 0.032818 -0.379324
v 0.158846 0.052118 -0.365859
v 0.139098 0.042424 -0.401624
v 0.139751 0.064465 -0.387449
v 0.137803 0.083754 -0.370197
v 0.116428 0.073132 -0.400889
v 0.114189 0.092011 -0.381311
v 0.110796 0.108625 -0.360935
v 0.087655 0.093060 -0.385273
v 0.084756 0.109119 -0.365442
v 0.060459 0.091882 -0.385755
v 0.058464 0.108273 -0.366797
v 0.033721 0.091516 -0.385497
v 0.032424 0.108101 -0.366379
v 0.007625 0.091988 -0.384457
v 0.007031 0.108441 -0.364708
v -0.018030 0.095014 -0.384218
v -0.017765 0.111491 -0.363344
v -0.016978 0.126631 -0.342281
v -0.042481 0.116873 -0.361912
v -0.040691 0.131851 -0.340003
v -0.037772 0.145916 -0.318184
v -0.064523 0.134164 -0.334780
v -0.060404 0.146790 -0.311944
v -0.055629 0.157895 -0.288988
v -0.081186 0.141545 -0.303365
v -0.075790 0.152485 -0.280890
v -0.070639 0.162310 -0.258765
v -0.094913 0.145054 -0.271545
v -0.089528 0.155915 -0.250153
v -0.084487 0.166645 -0.229351
v -0.108717 0.150718 -0.240843
v -0.103636 0.162941 -0.221112
v -0.097785 0.172655 -0.200574
v -0.122929 0.160014 -0.211916
v -0.116797 0.170852 -0.192350
v -0.110601 0.181092 -0.173009
v -0.135912 0.169938 -0.183118
v -0.136206 0.181929 -0.158423
v -0.123419 0.194091 -0.137556
v -0.120187 0.207855 -0.105486
v -0.149159 0.199740 -0.115639
v -0.143552 0.213923 -0.084313
v -0.173061 0.207741 -0.094210
v -0.164599 0.223000 -0.064142
v -0.193935 0.220254 -0.073751
v -0.181564 0.233127 -0.043997
v -0.162252 0.244130 -0.026924
v -0.147157 0.255574 -0.009366
v -0.138395 0.267792 0.011713
v -0.155798 0.253919 0.008727
v -0.132637 0.280716 0.035523
v -0.145083 0.262077 0.036356
v -0.122292 0.294605 0.057185
v -0.111384 0.311133 0.074964
v -0.132277 0.296982 0.082926
v -0.107355 0.333556 0.083303
v -0.124878 0.318254 0.096064
v -0.113575 0.337644 0.109214
v -0.104646 0.357225 0.107598
v -0.091399 0.375756 0.117062
v -0.081253 0.396291 0.120124
v -0.066575 0.417571 0.122486
v -0.062878 0.441646 0.116227
v -0.039831 0.434405 0.120122
v -0.035750 0.455581 0.111747
v -0.027543 0.474210 0.102312
v -0.001409 0.468178 0.107710
v 0.011737 0.495051 0.096450
v 0.017616 0.474046 0.106309
v 0.041483 0.469061 0.109363
v 0.062514 0.477755 0.098746
v 0.062034 0.454101 0.104901
v 0.077245 0.468729 0.084894
v 0.082666 0.461503 0.062697
v 0.087087 0.477611 0.043050
v 0.079482 0.479254 0.026238
v 0.074327 0.500410 0.025068
v 0.060192 0.484668 0.018619
v 0.070167 0.458856 0.022543
v 0.083103 0.457783 0.035165
v 0.081004 0.438850 0.046420
v 0.077015 0.418843 0.049248
v 0.073331 0.400229 0.057701
v 0.073294 0.406963 0.076833
v 0.068122 0.369644 0.087736
v 0.066531 0.353003 0.100676
v 0.064951 0.331364 0.107099
v 0.058712 0.303482 0.109325
v 0.052513 0.284019 0.101565
v 0.063812 0.256880 0.102872
v 0.072507 0.250041 0.080187
v 0.090962 0.239504 0.062796
v 0.098151 0.237784 0.032994
v 0.117871 0.229361 0.032898
v 0.135803 0.226235 0.010140
v 0.153827 0.224587 -0.012181
v 0.171958 0.223183 -0.034996
v 0.198888 0.217548 -0.034595
v 0.226869 0.205169 -0.025182
v 0.249677 0.193781 -0.032444
v 0.274651 0.175829 -0.021265
v 0.256100 0.186502 0.003442
v 0.295580 0.156976 -0.018182
v 0.278541 0.168656 0.016399
v 0.297547 0.153890 0.001412
v 0.316806 0.136639 -0.003583
v 0.299009 0.151698 0.021244
v 0.318333 0.134915 0.016897
v 0.337566 0.118090 0.013558
v 0.319313 0.134363 0.037851
v 0.338138 0.117926 0.035350
v 0.357877 0.101704 0.033518
v 0.337903 0.118288 0.057074
v 0.356633 0.102377 0.056332
v 0.374796 0.085692 0.056401
v 0.354748 0.103907 0.079348
v 0.371930 0.087316 0.080120
v 0.388544 0.069732 0.081525
v 0.368180 0.088779 0.103782
v 0.383652 0.071236 0.105699
v 0.398554 0.052574 0.108122
v 0.376639 0.071768 0.129479
v 0.390821 0.053305 0.132255
v 0.404135 0.033420 0.135286
v 0.381879 0.054094 0.155809
v 0.395527 0.034620 0.159283
v 0.407524 0.013375 0.162850
v 0.384456 0.034667 0.181803
v 0.396254 0.013666 0.185739
v 0.406592 -0.008098 0.190374
v 0.381603 0.012377 0.206033
v 0.391857 -0.008394 0.211953
v 0.399993 -0.030132 0.217448
v 0.372178 -0.011106 0.228615
v 0.379789 -0.031764 0.235376
v 0.386225 -0.053322 0.241109
v 0.354556 -0.036712 0.245535
v 0.360530 -0.056829 0.251513
v 0.364876 -0.078090 0.255298
v 0.334131 -0.061638 0.259827
v 0.337984 -0.081869 0.262939
v 0.341374 -0.102499 0.266972
v 0.312836 -0.085007 0.275092
v 0.316513 -0.104770 0.279084
v 0.318813 -0.125718 0.282072
v 0.292512 -0.107243 0.292194
v 0.295629 -0.127283 0.296484
v 0.298360 -0.147544 0.301619
v 0.275503 -0.127393 0.313423
v 0.277754 -0.147726 0.318291
v 0.278477 -0.169013 0.322460
v 0.260905 -0.146578 0.334684
v 0.258863 -0.125742 0.329868
v 0.249975 -0.143798 0.351636
v 0.243625 -0.095110 0.342683
v 0.253998 -0.097292 0.324677
v 0.272047 -0.107962 0.308685
v 0.264426 -0.080381 0.301867
v 0.243984 -0.061556 0.317546
v 0.287619 -0.088483 0.286581
v 0.281854 -0.060530 0.282092
v 0.254145 -0.045658 0.292042
v 0.309052 -0.065668 0.271951
v 0.301030 -0.038836 0.263950
v 0.270629 -0.027137 0.269723
v 0.328786 -0.042684 0.254431
v 0.322170 -0.024923 0.247956
v 0.314685 -0.007723 0.241649
v 0.290434 -0.014552 0.252537
v 0.347844 -0.017168 0.239439
v 0.339923 0.001152 0.233908
v 0.330582 0.018421 0.228395
v 0.306589 0.009682 0.237347
v 0.363097 0.008433 0.222079
v 0.352621 0.027509 0.218039
v 0.340178 0.044949 0.213213
v 0.319839 0.035568 0.224458
v 0.370390 0.032795 0.201949
v 0.357369 0.051749 0.198325
v 0.343354 0.069249 0.194731
v 0.326560 0.061359 0.208802
v 0.370536 0.053709 0.178039
v 0.356157 0.070987 0.174406
v 0.341740 0.086613 0.170606
v 0.328421 0.084126 0.189998
v 0.367602 0.071793 0.152579
v 0.353836 0.088760 0.149812
v 0.339415 0.104319 0.146886
v 0.327476 0.101439 0.166722
v 0.362479 0.089333 0.127231
v 0.347358 0.105278 0.125209
v 0.331611 0.120428 0.123393
v 0.325086 0.119131 0.143931
v 0.351975 0.104995 0.102494
v 0.335155 0.120266 0.101850
v 0.317973 0.135719 0.101697
v 0.315501 0.135842 0.122013
v 0.336972 0.119298 0.079543
v 0.319283 0.135093 0.080505
v 0.300437 0.150080 0.081959
v 0.297604 0.150051 0.111377
v 0.319746 0.134368 0.058934
v 0.300973 0.149949 0.061546
v 0.280871 0.165125 0.064473
v 0.300274 0.150437 0.041219
v 0.259821 0.180046 0.049089
v 0.236453 0.193362 0.035294
v 0.210791 0.204251 0.022953
v 0.232114 0.199292 0.000489
v 0.184205 0.213677 0.012312
v 0.204785 0.210656 -0.010145
v 0.162679 0.217907 0.026349
v 0.142953 0.220800 0.048567
v 0.167220 0.213547 0.057620
v 0.190043 0.207454 0.052265
v 0.214421 0.198521 0.064467
v 0.191430 0.203410 0.084330
v 0.237336 0.188460 0.078719
v 0.212644 0.194414 0.097242
v 0.258305 0.177984 0.094656
v 0.232197 0.185807 0.112372
v 0.277753 0.165127 0.111578
v 0.250713 0.175754 0.130673
v 0.269356 0.160689 0.142545
v 0.286856 0.145504 0.147709
v 0.309989 0.133728 0.140804
v 0.299143 0.129347 0.157001
v 0.313417 0.115605 0.162410
v 0.279761 0.119887 0.176305
v 0.300291 0.111040 0.178141
v 0.314742 0.098447 0.185032
v 0.286617 0.104932 0.191776
v 0.299586 0.091458 0.199288
v 0.312681 0.076757 0.204497
v 0.283496 0.082446 0.208670
v 0.295477 0.066957 0.214193
v 0.307856 0.051425 0.219362
v 0.277339 0.059573 0.224017
v 0.287641 0.043398 0.229203
v 0.297734 0.027389 0.234454
v 0.262476 0.045207 0.235869
v 0.279039 0.011312 0.245084
v 0.253178 0.015051 0.253653
v 0.260685 -0.002069 0.259562
v 0.243984 -0.012183 0.278724
v 0.232000 -0.019212 0.301112
v 0.223788 -0.033709 0.330583
v 0.233066 -0.067524 0.346981
v 0.223726 -0.047003 0.357113
v 0.238168 -0.081592 0.366916
v 0.232396 -0.061569 0.370574
v 0.244682 -0.097869 0.378877
v 0.239879 -0.075167 0.405808
v 0.244223 -0.097221 0.408330
v 0.231417 -0.098606 0.430427
v 0.235065 -0.122583 0.430488
v 0.240579 -0.147224 0.421383
v 0.217328 -0.123912 0.441022
v 0.220133 -0.148726 0.439205
v 0.220861 -0.173909 0.434930
v 0.196984 -0.149050 0.452247
v 0.197686 -0.172782 0.448876
v 0.196453 -0.195455 0.443578
v 0.219074 -0.197521 0.427764
v 0.193574 -0.216399 0.437435
v 0.215378 -0.217772 0.420543
v 0.189921 -0.236024 0.431146
v 0.210765 -0.236361 0.413648
v 0.185294 -0.254714 0.424813
v 0.180161 -0.272835 0.418160
v 0.162280 -0.254563 0.439529
v 0.158446 -0.273634 0.433355
v 0.153909 -0.292169 0.426291
v 0.134189 -0.273705 0.444885
v 0.130601 -0.292667 0.437629
v 0.126580 -0.311289 0.429301
v 0.106434 -0.293389 0.447357
v 0.103246 -0.312008 0.438038
v 0.099599 -0.329833 0.426617
v 0.079577 -0.313192 0.445580
v 0.077067 -0.330991 0.432951
v 0.074452 -0.347432 0.417779
v 0.054157 -0.331419 0.436845
v 0.052878 -0.347861 0.420977
v 0.051956 -0.362816 0.403199
v 0.031237 -0.348126 0.423045
v 0.031764 -0.363315 0.404784
v 0.023364 -0.378165 0.386017
v 0.025219 -0.391020 0.365421
v 0.027005 -0.402431 0.343733
v 0.028621 -0.412776 0.321398
v 0.029935 -0.419791 0.297816
v 0.031191 -0.423904 0.273879
v 0.032608 -0.427731 0.250639
v 0.034087 -0.428255 0.227926
v 0.043041 -0.428435 0.205987
v 0.058954 -0.425914 0.184818
v 0.089433 -0.421649 0.184740
v 0.076770 -0.426478 0.164351
v 0.115406 -0.422433 0.164802
v 0.098000 -0.424501 0.144149
v 0.121235 -0.421686 0.144845
v 0.129016 -0.422710 0.124869
v 0.151615 -0.424748 0.126251
v 0.164084 -0.425970 0.106236
v 0.189125 -0.432047 0.109059
v 0.167073 -0.429888 0.086147
v 0.194796 -0.434081 0.088794
v 0.219769 -0.433108 0.092048
v 0.201631 -0.436098 0.068496
v 0.226553 -0.434222 0.071467
v 0.252805 -0.429386 0.075221
v 0.232460 -0.434019 0.050522
v 0.258530 -0.429674 0.053980
v 0.285179 -0.422532 0.057946
v 0.263279 -0.427907 0.032532
v 0.290279 -0.422165 0.036172
v 0.317286 -0.414132 0.039736
v 0.295346 -0.423479 0.014248
v 0.322169 -0.414188 0.017186
v 0.347127 -0.400462 0.019440
v 0.326203 -0.413409 -0.005792
v 0.351211 -0.400137 -0.004366
v 0.374585 -0.384661 -0.003613
v 0.353870 -0.398451 -0.028691
v 0.376607 -0.382849 -0.029110
v 0.396076 -0.364429 -0.030245
v 0.376293 -0.379680 -0.055195
v 0.395199 -0.361824 -0.057523
v 0.412255 -0.342798 -0.060263
v 0.391620 -0.357926 -0.084870
v 0.406971 -0.338577 -0.088357
v 0.420257 -0.318267 -0.091847
v 0.397363 -0.332766 -0.115282
v 0.410354 -0.313440 -0.119724
v 0.421765 -0.293263 -0.123949
v 0.395923 -0.305976 -0.144870
v 0.407955 -0.287077 -0.150153
v 0.419092 -0.267257 -0.155168
v 0.391674 -0.278268 -0.173952
v 0.401761 -0.258640 -0.179079
v 0.410178 -0.237951 -0.183289
v 0.386021 -0.251330 -0.204752
v 0.395363 -0.231708 -0.210996
v 0.402054 -0.210512 -0.215368
v 0.376402 -0.225124 -0.235559
v 0.381935 -0.204335 -0.240602
v 0.386340 -0.183167 -0.244870
v 0.360333 -0.201431 -0.265724
v 0.363449 -0.180191 -0.269679
v 0.366153 -0.158708 -0.272847
v 0.339949 -0.179401 -0.294271
v 0.342173 -0.157609 -0.297594
v 0.344605 -0.135689 -0.300441
v 0.317078 -0.158054 -0.321153
v 0.319050 -0.135864 -0.324268
v 0.319368 -0.113206 -0.324959
v 0.287968 -0.136961 -0.340434
v 0.287707 -0.114728 -0.340732
v 0.286387 -0.092826 -0.338945
v 0.255213 -0.117241 -0.355444
v 0.253318 -0.095534 -0.353371
v 0.251140 -0.074350 -0.349984
v 0.219214 -0.098623 -0.363724
v 0.216512 -0.077081 -0.360884
v 0.214464 -0.056507 -0.358429
v 0.187169 -0.077356 -0.383251
v 0.185553 -0.055656 -0.382104
v 0.184377 -0.034998 -0.378458
v 0.162109 -0.054074 -0.410515
v 0.161736 -0.031324 -0.407775
v 0.161004 -0.009068 -0.400788
v 0.138847 -0.029318 -0.432934
v 0.137974 -0.004289 -0.424738
v 0.138432 0.019525 -0.414409
v 0.114031 -0.000070 -0.441889
v 0.115314 0.026043 -0.430743
v 0.116617 0.050812 -0.417511
v 0.088661 0.029608 -0.436063
v 0.089667 0.053746 -0.421719
v 0.089353 0.074432 -0.403920
v 0.062120 0.054266 -0.422027
v 0.061816 0.074082 -0.404498
v 0.035032 0.054410 -0.422043
v 0.034686 0.073888 -0.404356
v 0.009243 0.054781 -0.421864
v 0.008403 0.074456 -0.403945
v -0.016611 0.056888 -0.423105
v -0.017570 0.076947 -0.404374
v -0.042855 0.061366 -0.425220
v -0.043242 0.082152 -0.405641
v -0.043131 0.100662 -0.384350
v -0.069115 0.085742 -0.403316
v -0.068049 0.103979 -0.380828
v -0.066726 0.119442 -0.357299
v -0.091434 0.099581 -0.371912
v -0.089109 0.114079 -0.348575
v -0.085753 0.128252 -0.325734
v -0.109887 0.105920 -0.337616
v -0.105746 0.120580 -0.315368
v -0.100572 0.133643 -0.293320
v -0.124130 0.111563 -0.302355
v -0.119254 0.125677 -0.281651
v -0.113974 0.138412 -0.261096
v -0.138969 0.119802 -0.269675
v -0.133833 0.133797 -0.250265
v -0.128597 0.147306 -0.231101
v -0.155070 0.132531 -0.239798
v -0.149086 0.146381 -0.221028
v -0.142831 0.159410 -0.202509
v -0.169735 0.147292 -0.210581
v -0.162769 0.160405 -0.192268
v -0.154714 0.170797 -0.172787
v -0.181765 0.163043 -0.181353
v -0.179231 0.176669 -0.156262
v -0.165048 0.188517 -0.136183
v -0.208060 0.189531 -0.135400
v -0.191146 0.198938 -0.114908
v -0.234202 0.202997 -0.112654
v -0.214576 0.212065 -0.093112
v -0.233960 0.221731 -0.067131
v -0.210627 0.227210 -0.049259
v -0.194111 0.234535 -0.019136
v -0.173409 0.243017 -0.003419
v -0.181858 0.234536 0.025612
v -0.203866 0.228587 0.010602
v -0.210458 0.217835 0.034872
v -0.188516 0.223912 0.051085
v -0.216182 0.208044 0.051358
v -0.194910 0.213876 0.069748
v -0.223539 0.198520 0.067186
v -0.204360 0.203621 0.087192
v -0.189710 0.209746 0.108336
v -0.216185 0.193330 0.102618
v -0.205800 0.200098 0.123731
v -0.202208 0.207185 0.145986
v -0.186651 0.220897 0.130048
v -0.196281 0.207438 0.167286
v -0.177626 0.223647 0.159707
v -0.178822 0.203824 0.190013
v -0.154079 0.241033 0.160031
v -0.145657 0.260425 0.143636
v -0.157464 0.221728 0.184379
v -0.131297 0.278299 0.140353
v -0.136987 0.238133 0.176235
v -0.126529 0.257075 0.164183
v -0.117643 0.275892 0.154387
v -0.115516 0.295521 0.139303
v -0.114500 0.316434 0.124757
v -0.135007 0.299204 0.115533
v -0.090344 0.331844 0.135464
v -0.083523 0.308756 0.151727
v -0.069844 0.349783 0.140381
v -0.064138 0.302989 0.156646
v -0.049863 0.322564 0.150856
v -0.050468 0.368726 0.139379
v -0.029268 0.341145 0.146966
v -0.033911 0.387532 0.133859
v -0.011826 0.360274 0.144276
v -0.018627 0.406204 0.129500
v 0.003454 0.379845 0.143269
v -0.001600 0.423658 0.126962
v 0.019108 0.398265 0.140234
v 0.016815 0.444283 0.121569
v 0.033751 0.416074 0.133539
v 0.049957 0.430175 0.121310
v 0.047066 0.451644 0.116817
v 0.065908 0.425812 0.103690
v 0.075590 0.437233 0.085637
v 0.079951 0.442623 0.063735
v 0.065149 0.398190 0.105344
v 0.059634 0.381372 0.117805
v 0.057193 0.360414 0.122052
v 0.054365 0.339402 0.124965
v 0.051508 0.319109 0.127974
v 0.049894 0.299439 0.130472
v 0.087216 0.236214 0.102470
v 0.106752 0.228424 0.087047
v 0.125358 0.222382 0.079022
v 0.147067 0.216504 0.079297
v 0.169663 0.209297 0.088803
v 0.149583 0.210114 0.109498
v 0.169470 0.201133 0.119703
v 0.189460 0.197254 0.116096
v 0.206291 0.185414 0.130927
v 0.224626 0.177407 0.139228
v 0.240636 0.161339 0.151497
v 0.250877 0.142497 0.162906
v 0.265896 0.131197 0.168304
v 0.248885 0.115218 0.191293
v 0.264657 0.094019 0.207194
v 0.240174 0.101728 0.208871
v 0.266989 0.075145 0.217890
v 0.238640 0.078298 0.225524
v 0.235534 0.057298 0.239494
v 0.245624 0.032083 0.247878
v 0.221504 0.047846 0.254947
v 0.234283 0.013240 0.268129
v 0.209282 0.033492 0.284999
v 0.215258 0.014974 0.292090
v 0.212359 -0.000480 0.316171
v 0.213613 -0.012645 0.341021
v 0.221056 -0.022589 0.365697
v 0.228518 -0.036911 0.383035
v 0.235723 -0.055666 0.390701
v 0.224674 -0.031132 0.403165
v 0.224196 -0.052358 0.420758
v 0.213161 -0.029895 0.419766
v 0.226414 -0.075401 0.428927
v 0.202423 -0.054829 0.437321
v 0.208480 -0.077426 0.440040
v 0.213453 -0.100240 0.441180
v 0.184740 -0.080250 0.451348
v 0.189937 -0.102425 0.453529
v 0.194153 -0.125362 0.453608
v 0.161924 -0.105237 0.463749
v 0.166079 -0.127387 0.464398
v 0.169355 -0.149877 0.463902
v 0.137325 -0.129268 0.475034
v 0.140779 -0.151132 0.475013
v 0.143125 -0.172859 0.473605
v 0.171032 -0.172356 0.461595
v 0.143701 -0.194303 0.469284
v 0.170498 -0.194131 0.456673
v 0.142194 -0.214599 0.463388
v 0.168696 -0.215156 0.451502
v 0.139956 -0.234552 0.457558
v 0.165827 -0.235159 0.445653
v 0.137564 -0.254423 0.452027
v 0.112871 -0.234462 0.467476
v 0.110506 -0.253994 0.460424
v 0.108793 -0.273932 0.454396
v 0.085116 -0.255316 0.472564
v 0.083801 -0.275361 0.465165
v 0.081940 -0.294600 0.456405
v 0.056886 -0.275070 0.470222
v 0.056197 -0.294433 0.460807
v 0.055340 -0.313734 0.450346
v 0.030613 -0.294930 0.464596
v 0.030889 -0.313853 0.453109
v 0.031059 -0.331715 0.439288
v 0.006340 -0.314706 0.454844
v 0.007963 -0.332665 0.440692
v 0.009676 -0.348976 0.424031
v -0.014978 -0.334272 0.440987
v -0.011936 -0.350267 0.423965
v -0.008749 -0.365156 0.405683
v 0.011621 -0.364056 0.405659
v -0.015080 -0.379787 0.386315
v -0.011100 -0.392420 0.366057
v -0.007417 -0.403411 0.344467
v -0.004228 -0.413395 0.321984
v -0.001542 -0.420536 0.298282
v 0.000755 -0.423902 0.273784
v 0.002961 -0.427677 0.250034
v 0.005711 -0.426863 0.227153
v 0.009427 -0.428445 0.205055
v 0.019058 -0.427327 0.184124
v 0.034436 -0.428877 0.163650
v 0.049564 -0.428562 0.143549
v 0.077980 -0.426234 0.143868
v 0.066623 -0.428029 0.123398
v 0.103837 -0.427564 0.124248
v 0.078397 -0.429438 0.103324
v 0.110402 -0.428683 0.104305
v 0.135424 -0.426782 0.105212
v 0.115503 -0.430180 0.084437
v 0.139860 -0.430955 0.085373
v 0.152816 -0.431913 0.065068
v 0.179776 -0.435307 0.066466
v 0.165477 -0.432424 0.045029
v 0.184905 -0.435885 0.046037
v 0.207615 -0.435683 0.047883
v 0.189288 -0.435335 0.025456
v 0.212450 -0.434765 0.026998
v 0.237313 -0.432622 0.029362
v 0.216199 -0.434014 0.006051
v 0.241481 -0.432530 0.008147
v 0.268126 -0.428873 0.010942
v 0.244511 -0.429968 -0.012839
v 0.271442 -0.425793 -0.010522
v 0.299082 -0.421707 -0.008005
v 0.274155 -0.424528 -0.031867
v 0.302145 -0.420519 -0.030303
v 0.329040 -0.411382 -0.029120
v 0.303388 -0.416709 -0.052373
v 0.330189 -0.407823 -0.052400
v 0.354864 -0.395435 -0.053472
v 0.329593 -0.403185 -0.075739
v 0.353343 -0.391074 -0.078234
v 0.373775 -0.375525 -0.081339
v 0.347904 -0.383624 -0.102540
v 0.366233 -0.368163 -0.106619
v 0.382995 -0.351326 -0.110936
v 0.354265 -0.358013 -0.129339
v 0.369418 -0.341585 -0.134241
v 0.383066 -0.324112 -0.139384
v 0.355363 -0.331957 -0.156845
v 0.368506 -0.315260 -0.162831
v 0.380624 -0.297264 -0.168589
v 0.353616 -0.306215 -0.184940
v 0.365769 -0.289095 -0.192061
v 0.376591 -0.270922 -0.198922
v 0.349010 -0.281087 -0.213515
v 0.358855 -0.262820 -0.221052
v 0.368019 -0.244259 -0.228453
v 0.341597 -0.259106 -0.245084
v 0.349883 -0.241101 -0.253618
v 0.356179 -0.222083 -0.260714
v 0.329701 -0.241202 -0.278646
v 0.334883 -0.221900 -0.286096
v 0.337805 -0.201012 -0.290633
v 0.310427 -0.222748 -0.308048
v 0.312805 -0.201658 -0.312931
v 0.314835 -0.179793 -0.317094
v 0.283572 -0.202743 -0.329417
v 0.285663 -0.181111 -0.334304
v 0.287166 -0.159178 -0.338095
v 0.255201 -0.183737 -0.348458
v 0.256067 -0.161806 -0.352459
v 0.256146 -0.139535 -0.355155
v 0.224230 -0.164283 -0.363229
v 0.223188 -0.142125 -0.364957
v 0.221521 -0.119901 -0.365534
v 0.195698 -0.144822 -0.383848
v 0.192935 -0.122032 -0.384527
v 0.190238 -0.099565 -0.384553
v 0.168274 -0.124924 -0.407420
v 0.166106 -0.101914 -0.409137
v 0.163385 -0.077904 -0.409870
v 0.141696 -0.106626 -0.431915
v 0.139923 -0.081739 -0.433446
v 0.139252 -0.055985 -0.435669
v 0.110927 -0.085438 -0.448149
v 0.112070 -0.057518 -0.450266
v 0.113051 -0.028191 -0.448657
v 0.082738 -0.053280 -0.458451
v 0.085397 -0.024244 -0.456582
v 0.087329 0.003948 -0.448830
v 0.056977 -0.018050 -0.461997
v 0.059721 0.007452 -0.451078
v 0.061281 0.031407 -0.437121
v 0.033763 0.007855 -0.449305
v 0.034750 0.031928 -0.436801
v 0.011970 0.008580 -0.450413
v 0.010364 0.032376 -0.437050
v -0.011963 0.010466 -0.453465
v -0.015089 0.033910 -0.438560
v -0.040438 0.014166 -0.457324
v -0.042159 0.038183 -0.441881
v -0.070886 0.018261 -0.457363
v -0.070452 0.042281 -0.441877
v -0.069896 0.065158 -0.424065
v -0.098602 0.041736 -0.432332
v -0.096171 0.063318 -0.414589
v -0.093080 0.082154 -0.393816
v -0.119366 0.055748 -0.398037
v -0.115654 0.073471 -0.379321
v -0.112344 0.089704 -0.358924
v -0.134996 0.062075 -0.360518
v -0.131427 0.078949 -0.342208
v -0.128151 0.095786 -0.322915
v -0.151520 0.070584 -0.324632
v -0.147609 0.087804 -0.307134
v -0.143153 0.103786 -0.288201
v -0.169359 0.083288 -0.291867
v -0.165011 0.100405 -0.274941
v -0.160377 0.117170 -0.257687
v -0.188195 0.100201 -0.262694
v -0.182739 0.117487 -0.246291
v -0.176498 0.133027 -0.228741
v -0.205303 0.120490 -0.235915
v -0.197992 0.136182 -0.218278
v -0.190173 0.150538 -0.200146
v -0.218663 0.140982 -0.208076
v -0.209590 0.156051 -0.190252
v -0.199168 0.168234 -0.170920
v -0.228384 0.163341 -0.180538
v -0.216189 0.175634 -0.160874
v -0.245159 0.170451 -0.170038
v -0.231234 0.183208 -0.150498
v -0.261453 0.177238 -0.158573
v -0.252713 0.192471 -0.132308
v -0.276661 0.182702 -0.145688
v -0.290341 0.186724 -0.131358
v -0.277359 0.201872 -0.104299
v -0.256342 0.214007 -0.085933
v -0.274222 0.219887 -0.053751
v -0.249087 0.225762 -0.036108
v -0.223331 0.228600 -0.020360
v -0.259910 0.220003 -0.001986
v -0.232969 0.220766 0.012445
v -0.268815 0.201352 0.028265
v -0.244458 0.199942 0.045510
v -0.276715 0.183979 0.049877
v -0.253194 0.184966 0.064796
v -0.232342 0.187511 0.082250
v -0.260803 0.173690 0.079296
v -0.242938 0.176872 0.097320
v -0.228491 0.181254 0.116977
v -0.221128 0.187122 0.137432
v -0.255273 0.166061 0.111942
v -0.243264 0.169779 0.130908
v -0.236433 0.174150 0.150070
v -0.256755 0.160607 0.153258
v -0.245760 0.161079 0.180792
v -0.230656 0.176269 0.170841
v -0.216816 0.191563 0.159189
v -0.220060 0.172369 0.189205
v -0.207936 0.189488 0.179254
v -0.208029 0.169845 0.207373
v -0.195157 0.184975 0.195652
v -0.191755 0.171966 0.228969
v -0.178859 0.186640 0.215284
v -0.151692 0.202306 0.211302
v -0.124802 0.213326 0.203753
v -0.120605 0.233418 0.186502
v -0.103994 0.224316 0.193678
v -0.093422 0.193070 0.218349
v -0.089271 0.211148 0.199126
v -0.068256 0.206995 0.207927
v -0.063342 0.197387 0.228419
v -0.035946 0.212829 0.220802
v -0.039866 0.221354 0.202281
v -0.006852 0.215636 0.218128
v -0.010753 0.225163 0.200607
v -0.014284 0.240049 0.187051
v -0.016593 0.257610 0.176044
v -0.009267 0.274963 0.166895
v 0.014859 0.241383 0.180066
v 0.006765 0.291999 0.161293
v 0.019543 0.260950 0.167644
v 0.023422 0.309193 0.155632
v 0.034215 0.285625 0.152928
v 0.032079 0.327951 0.148963
v 0.039133 0.304067 0.143679
v 0.036855 0.347966 0.144409
v 0.038854 0.369340 0.141046
v 0.042431 0.390488 0.135533
v 0.049473 0.408945 0.126082
v 0.023962 0.374397 0.145573
v 0.016134 0.354005 0.149446
v 0.001867 0.334907 0.151965
v -0.014401 0.316143 0.154380
v -0.025005 0.296475 0.158674
v -0.044989 0.298667 0.156536
v 0.047163 0.281199 0.136698
v 0.022834 0.222365 0.194066
v 0.062161 0.212911 0.172679
v 0.045175 0.208290 0.202689
v 0.082510 0.199838 0.179888
v 0.091754 0.208266 0.153314
v 0.111613 0.196103 0.162646
v 0.103997 0.214885 0.131174
v 0.124157 0.203412 0.139709
v 0.110901 0.220289 0.114996
v 0.130192 0.213029 0.115187
v 0.150909 0.195533 0.139289
v 0.174160 0.183845 0.145016
v 0.190379 0.171147 0.154158
v 0.205420 0.158642 0.162064
v 0.221953 0.148222 0.166062
v 0.190957 0.142058 0.184702
v 0.184934 0.127416 0.208749
v 0.208021 0.113315 0.208613
v 0.196139 0.103173 0.231336
v 0.224700 0.111085 0.204861
v 0.218058 0.094816 0.221908
v 0.202013 0.080329 0.249787
v 0.197338 0.062682 0.271936
v 0.192502 0.052645 0.291966
v 0.193972 0.036421 0.314647
v 0.200891 0.018555 0.320780
v 0.207619 0.010080 0.345273
v 0.200981 0.029753 0.342939
v 0.215688 -0.001409 0.363825
v 0.200479 0.024397 0.371149
v 0.210003 0.007927 0.382440
v 0.218409 -0.010767 0.393618
v 0.197518 0.011116 0.400234
v 0.205517 -0.009015 0.410282
v 0.179323 0.007584 0.414417
v 0.187608 -0.011923 0.423341
v 0.195589 -0.032653 0.431921
v 0.165070 -0.017031 0.435124
v 0.172076 -0.037350 0.442102
v 0.178791 -0.058372 0.447966
v 0.145606 -0.041570 0.452476
v 0.151572 -0.062199 0.457766
v 0.157044 -0.083500 0.461508
v 0.123134 -0.064993 0.467533
v 0.128373 -0.086001 0.471463
v 0.133093 -0.107499 0.473857
v 0.098663 -0.088112 0.478615
v 0.103247 -0.109428 0.481012
v 0.107516 -0.130810 0.482922
v 0.073375 -0.110401 0.488424
v 0.077516 -0.131606 0.490828
v 0.081073 -0.152726 0.492016
v 0.111111 -0.152171 0.483678
v 0.084079 -0.173837 0.492342
v 0.113656 -0.173435 0.482661
v 0.085799 -0.194855 0.489618
v 0.114742 -0.194386 0.479187
v 0.086129 -0.215031 0.483760
v 0.114546 -0.214814 0.474278
v 0.085763 -0.235016 0.477709
v 0.056209 -0.214171 0.487787
v 0.056774 -0.234376 0.481751
v 0.057104 -0.254962 0.477011
v 0.028325 -0.235520 0.489115
v 0.029409 -0.255642 0.482488
v 0.030200 -0.275509 0.474578
v 0.001117 -0.256577 0.484801
v 0.003097 -0.276541 0.477126
v 0.004806 -0.296023 0.467099
v -0.024098 -0.278165 0.477875
v -0.021039 -0.297536 0.467578
v -0.018050 -0.316257 0.455152
v -0.046720 -0.299195 0.465284
v -0.042422 -0.317903 0.453275
v -0.038093 -0.335687 0.439183
v -0.066726 -0.319028 0.448884
v -0.061296 -0.336868 0.435556
v -0.055775 -0.352636 0.419543
v -0.033780 -0.351536 0.422443
v -0.050206 -0.367478 0.402424
v -0.029350 -0.366530 0.404778
v -0.044424 -0.381052 0.384085
v -0.047530 -0.393160 0.362977
v -0.040919 -0.402753 0.342070
v -0.035087 -0.411661 0.320043
v -0.029949 -0.418121 0.296581
v -0.025638 -0.421849 0.272298
v -0.022763 -0.425127 0.248087
v -0.019930 -0.425663 0.224846
v -0.017239 -0.426902 0.203028
v -0.014030 -0.426287 0.182578
v -0.006068 -0.427309 0.162791
v 0.007602 -0.428108 0.143299
v 0.020949 -0.428724 0.123338
v 0.035739 -0.430269 0.103415
v 0.053468 -0.432578 0.083613
v 0.092614 -0.429768 0.083687
v 0.074395 -0.434173 0.063981
v 0.095805 -0.432845 0.064083
v 0.119774 -0.431600 0.064369
v 0.098016 -0.432817 0.044152
v 0.121605 -0.432141 0.044272
v 0.145125 -0.432932 0.044550
v 0.123189 -0.431736 0.024217
v 0.146656 -0.432721 0.024309
v 0.168396 -0.431904 0.024604
v 0.147968 -0.433034 0.004290
v 0.170441 -0.433049 0.004332
v 0.192490 -0.434954 0.004754
v 0.172093 -0.433175 -0.016160
v 0.194838 -0.433841 -0.015952
v 0.218986 -0.432630 -0.014776
v 0.196761 -0.432790 -0.036613
v 0.221085 -0.431288 -0.035440
v 0.246785 -0.428180 -0.033740
v 0.222291 -0.428414 -0.055894
v 0.247799 -0.423714 -0.054146
v 0.275417 -0.420552 -0.052805
v 0.248073 -0.420906 -0.074698
v 0.275759 -0.417336 -0.073629
v 0.303393 -0.412136 -0.074095
v 0.274824 -0.411923 -0.093234
v 0.301789 -0.405270 -0.094524
v 0.326472 -0.396266 -0.098247
v 0.298302 -0.397918 -0.114696
v 0.319680 -0.386946 -0.119488
v 0.338108 -0.373480 -0.124648
v 0.309867 -0.377145 -0.139976
v 0.326301 -0.363250 -0.145766
v 0.341302 -0.347992 -0.151276
v 0.314161 -0.354274 -0.165761
v 0.327743 -0.338650 -0.171458
v 0.340515 -0.322136 -0.177569
v 0.315006 -0.331586 -0.191089
v 0.326554 -0.314844 -0.197782
v 0.337862 -0.298150 -0.205363
v 0.312387 -0.309168 -0.217308
v 0.322686 -0.293154 -0.226434
v 0.332378 -0.276367 -0.235813
v 0.306583 -0.291352 -0.248068
v 0.315247 -0.274785 -0.258855
v 0.322729 -0.258242 -0.269110
v 0.295507 -0.277530 -0.281602
v 0.301456 -0.261061 -0.292217
v 0.305676 -0.242204 -0.300488
v 0.275439 -0.263829 -0.310095
v 0.277974 -0.243979 -0.317110
v 0.280923 -0.223606 -0.323631
v 0.249769 -0.247970 -0.331834
v 0.252029 -0.227173 -0.338518
v 0.253797 -0.205612 -0.343703
v 0.222824 -0.230389 -0.350513
v 0.224031 -0.208711 -0.355959
v 0.224361 -0.186532 -0.359962
v 0.197355 -0.212733 -0.372619
v 0.198108 -0.190311 -0.378187
v 0.197938 -0.167682 -0.382414
v 0.171182 -0.193947 -0.395037
v 0.171924 -0.171446 -0.401347
v 0.171144 -0.148332 -0.405448
v 0.144571 -0.176729 -0.419010
v 0.144607 -0.154053 -0.424929
v 0.143422 -0.130757 -0.429173
v 0.112496 -0.158242 -0.439852
v 0.111280 -0.134469 -0.443595
v 0.110750 -0.110367 -0.446248
v 0.077776 -0.133101 -0.460541
v 0.078506 -0.107924 -0.460281
v 0.080411 -0.081930 -0.459714
v 0.044428 -0.099525 -0.472443
v 0.054276 -0.072955 -0.470766
v 0.055310 -0.044845 -0.468007
v 0.026554 -0.069378 -0.470270
v 0.025567 -0.043003 -0.464686
v 0.023791 -0.016846 -0.459625
v -0.004234 -0.042297 -0.468728
v -0.007136 -0.015585 -0.462625
v -0.036170 -0.038377 -0.474990
v -0.037792 -0.011142 -0.469797
v -0.071960 -0.033153 -0.478448
v -0.071424 -0.006612 -0.470601
v -0.106641 -0.029061 -0.473512
v -0.103660 -0.004535 -0.461690
v -0.100918 0.019037 -0.448035
v -0.131329 -0.006912 -0.443359
v -0.127372 0.015110 -0.430102
v -0.123607 0.036359 -0.415188
v -0.148338 0.006664 -0.406559
v -0.144067 0.026561 -0.393009
v -0.139580 0.044998 -0.377835
v -0.163743 0.016680 -0.369707
v -0.160186 0.035641 -0.356482
v -0.155728 0.053312 -0.341309
v -0.181615 0.028583 -0.335592
v -0.177830 0.047343 -0.322656
v -0.173248 0.064983 -0.307381
v -0.203900 0.047468 -0.310289
v -0.198574 0.065182 -0.295053
v -0.193645 0.083388 -0.279736
v -0.224476 0.068283 -0.285639
v -0.218311 0.085939 -0.269401
v -0.211883 0.103069 -0.252464
v -0.242683 0.090406 -0.260548
v -0.235128 0.108087 -0.243588
v -0.227192 0.125096 -0.226054
v -0.257177 0.113619 -0.234449
v -0.248344 0.131604 -0.217009
v -0.238737 0.148337 -0.199009
v -0.268151 0.138823 -0.207853
v -0.257202 0.155868 -0.189295
v -0.287074 0.144855 -0.196839
v -0.274961 0.161831 -0.177709
v -0.304346 0.148719 -0.183757
v -0.291304 0.166712 -0.164851
v -0.319569 0.151621 -0.169990
v -0.306107 0.170551 -0.150845
v -0.332187 0.151852 -0.154461
v -0.318716 0.171521 -0.134929
v -0.302154 0.188345 -0.115183
v -0.334615 0.170607 -0.109865
v -0.316988 0.189076 -0.090106
v -0.298238 0.206102 -0.068707
v -0.310973 0.204288 -0.039815
v -0.287256 0.215624 -0.018395
v -0.321744 0.191401 -0.002929
v -0.295329 0.199738 0.012109
v -0.327566 0.169605 0.027485
v -0.303581 0.175645 0.042651
v -0.282019 0.171074 0.063600
v -0.310775 0.157504 0.064588
v -0.289181 0.159935 0.078444
v -0.270405 0.162657 0.094349
v -0.297753 0.148529 0.093728
v -0.281197 0.151119 0.109462
v -0.268944 0.154906 0.126687
v -0.294334 0.140559 0.125348
v -0.280262 0.145278 0.150251
v -0.301789 0.132219 0.157624
v -0.285463 0.133577 0.191532
v -0.266627 0.147359 0.182159
v -0.264224 0.124488 0.216590
v -0.249889 0.140275 0.207166
v -0.234497 0.156530 0.198371
v -0.236035 0.138080 0.225830
v -0.222351 0.154867 0.217303
v -0.220506 0.135768 0.242314
v -0.204117 0.154421 0.238952
v -0.198734 0.133504 0.260950
v -0.171988 0.148849 0.258948
v -0.159763 0.166729 0.248063
v -0.147705 0.182810 0.233702
v -0.122058 0.189282 0.223323
v -0.116986 0.167707 0.247059
v -0.094456 0.177945 0.241603
v -0.095637 0.164908 0.266736
v -0.078619 0.176418 0.260473
v -0.050011 0.197581 0.244099
v -0.033673 0.204455 0.262151
v -0.029289 0.210180 0.240451
v -0.011486 0.205945 0.260266
v -0.002796 0.208795 0.237794
v 0.014872 0.198798 0.255971
v 0.026145 0.203623 0.231034
v 0.014506 0.213342 0.214428
v 0.058272 0.198950 0.217979
v 0.046627 0.192202 0.245343
v 0.078285 0.186419 0.228944
v 0.087288 0.190896 0.199050
v 0.106060 0.179094 0.208618
v 0.114982 0.184806 0.179994
v 0.132174 0.171757 0.188645
v 0.143762 0.182976 0.160590
v 0.159353 0.164516 0.175855
v 0.169811 0.151245 0.187761
v 0.155812 0.143069 0.215495
v 0.170293 0.115884 0.241922
v 0.180931 0.092439 0.258130
v 0.171076 0.079667 0.291052
v 0.165953 0.073926 0.315674
v 0.178217 0.056055 0.319178
v 0.190665 0.044892 0.333159
v 0.173753 0.062160 0.348487
v 0.190904 0.040742 0.360675
v 0.165100 0.059290 0.371418
v 0.177286 0.044611 0.379940
v 0.188191 0.029190 0.389729
v 0.159345 0.040766 0.395979
v 0.169454 0.024511 0.404419
v 0.139081 0.036620 0.410402
v 0.148377 0.019376 0.418458
v 0.157185 0.001818 0.426989
v 0.124396 0.015270 0.430894
v 0.132012 -0.003120 0.438289
v 0.139097 -0.021990 0.445618
v 0.104855 -0.006523 0.447882
v 0.111297 -0.025240 0.455291
v 0.117386 -0.044732 0.461909
v 0.082461 -0.027102 0.463655
v 0.088392 -0.046465 0.470749
v 0.093750 -0.067008 0.475459
v 0.058406 -0.048128 0.475685
v 0.063772 -0.068514 0.480867
v 0.068773 -0.089388 0.484967
v 0.033908 -0.069153 0.486053
v 0.038786 -0.089910 0.490932
v 0.042919 -0.111002 0.493377
v 0.008650 -0.090152 0.495108
v 0.012346 -0.111255 0.497199
v 0.015813 -0.132296 0.499177
v 0.046664 -0.132088 0.495414
v 0.019131 -0.153275 0.501107
v 0.050044 -0.153077 0.496549
v 0.022215 -0.174216 0.501842
v 0.053035 -0.173875 0.496422
v 0.024769 -0.194858 0.499521
v 0.055100 -0.194232 0.493295
v 0.026741 -0.215272 0.494709
v -0.005955 -0.195548 0.501512
v -0.003356 -0.215895 0.496184
v -0.000982 -0.236151 0.490845
v -0.033245 -0.217091 0.496681
v -0.030137 -0.237738 0.492254
v -0.027083 -0.258222 0.486201
v -0.059133 -0.239399 0.490658
v -0.055282 -0.260198 0.484795
v -0.051135 -0.280051 0.476111
v -0.082515 -0.261152 0.478393
v -0.077493 -0.281172 0.470300
v -0.071993 -0.300103 0.459960
v -0.102805 -0.281334 0.461264
v -0.096663 -0.300433 0.451895
v -0.090353 -0.318804 0.441054
v -0.119056 -0.298541 0.438994
v -0.111804 -0.316140 0.428477
v -0.105016 -0.333569 0.417204
v -0.084127 -0.336501 0.428582
v -0.097791 -0.349898 0.404035
v -0.077750 -0.352963 0.414180
v -0.090292 -0.365006 0.389263
v -0.071032 -0.367771 0.397870
v -0.082222 -0.378608 0.373046
v -0.063855 -0.380975 0.380136
v -0.081935 -0.389110 0.351680
v -0.072663 -0.399329 0.333745
v -0.063524 -0.408087 0.314554
v -0.055153 -0.415762 0.293364
v -0.047988 -0.420645 0.269997
v -0.047422 -0.423338 0.244812
v -0.044012 -0.423058 0.221275
v -0.037533 -0.422982 0.200726
v -0.036940 -0.422107 0.180823
v -0.036443 -0.422857 0.155090
v -0.020324 -0.425423 0.142733
v -0.022653 -0.425415 0.123159
v -0.012419 -0.426552 0.103441
v -0.000293 -0.430615 0.083752
v 0.015248 -0.433557 0.063965
v 0.053643 -0.436082 0.064111
v 0.034055 -0.435856 0.044055
v 0.054453 -0.435623 0.044153
v 0.075720 -0.433884 0.044202
v 0.055101 -0.434953 0.024301
v 0.076836 -0.433680 0.024361
v 0.099656 -0.432673 0.024289
v 0.077901 -0.434570 0.004507
v 0.100950 -0.433813 0.004537
v 0.124469 -0.433015 0.004385
v 0.101848 -0.434270 -0.015248
v 0.125361 -0.432722 -0.015499
v 0.148952 -0.433148 -0.015752
v 0.126057 -0.433506 -0.035232
v 0.149766 -0.433896 -0.035726
v 0.173269 -0.433508 -0.036588
v 0.150354 -0.434029 -0.055648
v 0.174066 -0.433445 -0.056734
v 0.198102 -0.431226 -0.056959
v 0.174375 -0.432636 -0.076754
v 0.197941 -0.428398 -0.076850
v 0.222218 -0.425211 -0.076295
v 0.197041 -0.425895 -0.097041
v 0.221165 -0.421333 -0.096226
v 0.247167 -0.416297 -0.094313
v 0.219640 -0.417803 -0.115764
v 0.243907 -0.408004 -0.122216
v 0.272561 -0.405174 -0.111976
v 0.268858 -0.398433 -0.130731
v 0.291803 -0.389290 -0.134256
v 0.262181 -0.390029 -0.149073
v 0.281771 -0.379604 -0.152903
v 0.298721 -0.367676 -0.159223
v 0.272019 -0.371392 -0.170876
v 0.287828 -0.359412 -0.177176
v 0.302019 -0.346266 -0.184033
v 0.284335 -0.347003 -0.198039
v 0.301206 -0.324682 -0.208488
v 0.278532 -0.335800 -0.217716
v 0.287993 -0.321000 -0.226984
v 0.297924 -0.306504 -0.237525
v 0.273953 -0.320870 -0.246477
v 0.281501 -0.307138 -0.258636
v 0.288488 -0.292644 -0.269984
v 0.261974 -0.313021 -0.276417
v 0.267376 -0.298393 -0.289462
v 0.271952 -0.282045 -0.300878
v 0.242207 -0.304051 -0.303179
v 0.245327 -0.287292 -0.315185
v 0.247648 -0.268272 -0.324432
v 0.216947 -0.290759 -0.324268
v 0.218468 -0.271112 -0.333615
v 0.220409 -0.250858 -0.342008
v 0.191643 -0.275283 -0.346148
v 0.193916 -0.255702 -0.357059
v 0.195946 -0.234678 -0.365796
v 0.165949 -0.259363 -0.370928
v 0.168037 -0.238172 -0.380078
v 0.169690 -0.216213 -0.387718
v 0.139823 -0.242207 -0.395262
v 0.140829 -0.219889 -0.401971
v 0.142720 -0.198200 -0.410388
v 0.113080 -0.222955 -0.416198
v 0.113681 -0.201892 -0.425978
v 0.113584 -0.180984 -0.434550
v 0.083765 -0.202897 -0.442325
v 0.080460 -0.181397 -0.452823
v 0.078972 -0.157620 -0.459146
v 0.039656 -0.175194 -0.464635
v 0.042384 -0.152396 -0.467861
v 0.043102 -0.126767 -0.471629
v 0.020269 -0.122695 -0.475277
v 0.019270 -0.095687 -0.475236
v -0.003459 -0.093704 -0.477046
v -0.003240 -0.067858 -0.473483
v -0.035947 -0.090146 -0.481069
v -0.035609 -0.064512 -0.478207
v -0.072756 -0.085849 -0.484134
v -0.072367 -0.059560 -0.482141
v -0.109003 -0.082412 -0.481849
v -0.108285 -0.055631 -0.479465
v -0.140813 -0.080891 -0.466573
v -0.139496 -0.055138 -0.462816
v -0.135917 -0.030107 -0.454847
v -0.162211 -0.059194 -0.436612
v -0.157872 -0.035945 -0.428971
v -0.152301 -0.014642 -0.418038
v -0.177124 -0.043589 -0.402333
v -0.171843 -0.023086 -0.392575
v -0.167902 -0.002656 -0.381892
v -0.194698 -0.029490 -0.371004
v -0.189975 -0.009888 -0.359993
v -0.186042 0.009844 -0.348626
v -0.217386 -0.011797 -0.346135
v -0.213059 0.008388 -0.335240
v -0.208674 0.028300 -0.323448
v -0.241622 0.010633 -0.327142
v -0.236341 0.030527 -0.314462
v -0.230543 0.049764 -0.300617
v -0.264209 0.033867 -0.305858
v -0.257577 0.054262 -0.293021
v -0.250112 0.073320 -0.278140
v -0.283775 0.059212 -0.285487
v -0.274694 0.078057 -0.269929
v -0.265783 0.095661 -0.252236
v -0.296637 0.083001 -0.262369
v -0.287541 0.102282 -0.244993
v -0.278172 0.120876 -0.226446
v -0.308083 0.106754 -0.234127
v -0.298126 0.126210 -0.215565
v -0.327908 0.111318 -0.222532
v -0.316694 0.130653 -0.203414
v -0.344881 0.112990 -0.208122
v -0.332580 0.132960 -0.189762
v -0.359535 0.114875 -0.193911
v -0.345325 0.132678 -0.174400
v -0.369182 0.111155 -0.175431
v -0.357291 0.131871 -0.157872
v -0.343919 0.151271 -0.138130
v -0.371661 0.127510 -0.132020
v -0.359111 0.148882 -0.113092
v -0.352573 0.167778 -0.076121
v -0.334138 0.187594 -0.056272
v -0.365102 0.160130 -0.040542
v -0.345880 0.178946 -0.021175
v -0.371005 0.150926 -0.013656
v -0.350765 0.160046 0.011523
v -0.373541 0.142423 0.004006
v -0.374445 0.131767 0.021341
v -0.353803 0.142882 0.035430
v -0.332254 0.151574 0.049952
v -0.355843 0.130709 0.051550
v -0.337237 0.140686 0.066097
v -0.316754 0.145410 0.079439
v -0.342118 0.128342 0.082187
v -0.324067 0.133517 0.095469
v -0.307431 0.136889 0.109572
v -0.332994 0.121825 0.112950
v -0.319770 0.125667 0.127108
v -0.333557 0.113243 0.146884
v -0.313165 0.120241 0.185485
v -0.336261 0.101523 0.181435
v -0.320381 0.103630 0.209796
v -0.298884 0.117611 0.205246
v -0.301910 0.097691 0.228014
v -0.288913 0.095127 0.243415
v -0.277385 0.110636 0.229281
v -0.274669 0.092631 0.259614
v -0.262661 0.107950 0.246738
v -0.249738 0.122666 0.235193
v -0.246987 0.105363 0.263709
v -0.233766 0.120163 0.252237
v -0.230568 0.101348 0.276737
v -0.210921 0.116693 0.271572
v -0.214254 0.097991 0.287505
v -0.179248 0.110671 0.289062
v -0.168892 0.127657 0.277234
v -0.141683 0.139875 0.273646
v -0.130587 0.155109 0.260381
v -0.113738 0.139435 0.294754
v -0.103218 0.152991 0.282342
v -0.083768 0.158200 0.300383
v -0.089636 0.147734 0.316229
v -0.071536 0.151481 0.327068
v -0.066671 0.161647 0.310238
v -0.048869 0.162629 0.344623
v -0.046518 0.173499 0.323578
v -0.037276 0.196446 0.284121
v -0.027196 0.183234 0.331686
v -0.028422 0.193813 0.307926
v -0.019174 0.202119 0.283821
v -0.004880 0.189922 0.305947
v 0.004207 0.194870 0.280718
v 0.023734 0.180356 0.299305
v 0.034929 0.186729 0.272779
v 0.055945 0.173283 0.286982
v 0.067556 0.180625 0.258397
v 0.088172 0.167363 0.269095
v 0.097559 0.173331 0.238806
v 0.115431 0.158125 0.245869
v 0.122869 0.164445 0.216206
v 0.132700 0.150430 0.227557
v 0.142504 0.160406 0.201139
v 0.138259 0.139853 0.244613
v 0.138003 0.129391 0.266158
v 0.150227 0.115241 0.273853
v 0.151550 0.103252 0.293125
v 0.155507 0.091496 0.311484
v 0.137878 0.113365 0.315189
v 0.145871 0.099007 0.327803
v 0.155457 0.084358 0.338191
v 0.132721 0.106455 0.343655
v 0.142574 0.091368 0.355973
v 0.153644 0.074697 0.364614
v 0.126444 0.091103 0.369938
v 0.137730 0.074301 0.380423
v 0.148880 0.057378 0.388452
v 0.119048 0.071204 0.392909
v 0.129211 0.053698 0.401950
v 0.097879 0.066871 0.402824
v 0.106952 0.049909 0.413039
v 0.115764 0.032349 0.421656
v 0.082601 0.046082 0.421332
v 0.090437 0.029181 0.431158
v 0.097793 0.011642 0.439711
v 0.062906 0.026309 0.437166
v 0.069658 0.009359 0.446644
v 0.076231 -0.008553 0.455597
v 0.040505 0.008308 0.451384
v 0.046689 -0.009829 0.460409
v 0.052730 -0.028499 0.468985
v 0.017413 -0.009558 0.463897
v 0.023170 -0.028742 0.472811
v 0.028619 -0.048839 0.479738
v -0.005487 -0.028294 0.475360
v -0.000502 -0.048940 0.482539
v 0.004254 -0.069409 0.489556
v -0.028769 -0.048730 0.484978
v -0.024910 -0.069404 0.491841
v -0.021312 -0.090272 0.497450
v -0.053943 -0.069586 0.491997
v -0.051225 -0.090600 0.497595
v -0.048432 -0.111825 0.500462
v -0.018050 -0.111446 0.500300
v -0.045528 -0.133103 0.502683
v -0.014857 -0.132591 0.502216
v -0.042628 -0.154312 0.504249
v -0.011756 -0.153683 0.503832
v -0.039633 -0.175586 0.504770
v -0.008767 -0.174754 0.504327
v -0.036453 -0.196678 0.501968
v -0.069923 -0.176419 0.500806
v -0.066524 -0.197698 0.498888
v -0.062853 -0.218541 0.494863
v -0.095743 -0.198401 0.492197
v -0.091626 -0.219594 0.488920
v -0.087098 -0.240467 0.484156
v -0.118941 -0.220107 0.479658
v -0.113834 -0.241082 0.475169
v -0.108643 -0.261662 0.469251
v -0.136972 -0.239387 0.459632
v -0.131998 -0.260022 0.454809
v -0.125961 -0.279878 0.447898
v -0.152086 -0.257022 0.437423
v -0.145654 -0.276459 0.430895
v -0.138447 -0.294731 0.422622
v -0.163155 -0.272267 0.412602
v -0.156161 -0.290380 0.405278
v -0.147745 -0.306807 0.395918
v -0.130408 -0.311621 0.412602
v -0.139095 -0.322512 0.385468
v -0.122615 -0.328088 0.401803
v -0.130889 -0.338258 0.374621
v -0.114945 -0.344122 0.390017
v -0.122555 -0.353731 0.363255
v -0.107192 -0.359477 0.377132
v -0.113942 -0.368774 0.350859
v -0.098984 -0.374191 0.363026
v -0.111757 -0.380808 0.331606
v -0.101349 -0.393366 0.317806
v -0.089557 -0.403051 0.302733
v -0.077966 -0.411520 0.286005
v -0.067696 -0.417677 0.266087
v -0.055919 -0.422562 0.191879
v -0.061256 -0.422763 0.154262
v -0.046456 -0.425234 0.142156
v -0.063513 -0.423021 0.122931
v -0.053941 -0.423588 0.103525
v -0.044934 -0.425369 0.083688
v -0.035533 -0.428001 0.058909
v -0.014159 -0.431803 0.043940
v 0.013897 -0.433885 0.043963
v -0.015262 -0.429762 0.024256
v 0.012897 -0.433368 0.013639
v 0.033987 -0.435514 0.024038
v 0.033698 -0.435400 0.003878
v 0.055529 -0.435523 0.004217
v 0.033455 -0.434229 -0.025698
v 0.055895 -0.434845 -0.025271
v 0.078548 -0.434448 -0.015188
v 0.079310 -0.433514 -0.044452
v 0.102461 -0.434100 -0.034889
v 0.103007 -0.434039 -0.054403
v 0.126629 -0.433540 -0.054938
v 0.103505 -0.433884 -0.074172
v 0.126989 -0.433601 -0.074822
v 0.150601 -0.433742 -0.075650
v 0.127131 -0.433442 -0.095079
v 0.150595 -0.433302 -0.095885
v 0.174038 -0.431630 -0.096847
v 0.150544 -0.432699 -0.116308
v 0.173301 -0.428940 -0.117301
v 0.195771 -0.423761 -0.117252
v 0.172567 -0.427833 -0.138181
v 0.194798 -0.421403 -0.137483
v 0.217782 -0.413634 -0.134917
v 0.193916 -0.417990 -0.157774
v 0.215868 -0.408673 -0.153712
v 0.239231 -0.398618 -0.149107
v 0.214034 -0.403251 -0.172466
v 0.235344 -0.392739 -0.167615
v 0.254451 -0.381765 -0.166088
v 0.230893 -0.385763 -0.185764
v 0.263510 -0.364680 -0.187295
v 0.212137 -0.396679 -0.191673
v 0.209933 -0.387439 -0.210387
v 0.209071 -0.376586 -0.229166
v 0.225899 -0.367759 -0.222025
v 0.209945 -0.365634 -0.247767
v 0.212236 -0.354581 -0.266357
v 0.231305 -0.345444 -0.257247
v 0.190915 -0.387583 -0.237183
v 0.191396 -0.376236 -0.256338
v 0.192751 -0.364725 -0.275591
v 0.193005 -0.350587 -0.293677
v 0.214750 -0.342580 -0.284548
v 0.170838 -0.385426 -0.263753
v 0.171315 -0.373070 -0.283491
v 0.170009 -0.356305 -0.300324
v 0.167928 -0.337723 -0.316116
v 0.191657 -0.332958 -0.308908
v 0.148536 -0.378493 -0.289069
v 0.146893 -0.360493 -0.305971
v 0.144380 -0.341215 -0.321939
v 0.141507 -0.321501 -0.337912
v 0.165710 -0.318227 -0.331082
v 0.124267 -0.363562 -0.311047
v 0.121762 -0.343781 -0.327364
v 0.119078 -0.324629 -0.344801
v 0.116364 -0.305862 -0.362924
v 0.139288 -0.302794 -0.354997
v 0.100108 -0.344652 -0.331544
v 0.098227 -0.325712 -0.349833
v 0.096473 -0.306287 -0.367821
v 0.086253 -0.286657 -0.388435
v 0.114105 -0.286185 -0.380313
v 0.078064 -0.325480 -0.354305
v 0.077468 -0.306675 -0.373805
v 0.075958 -0.267825 -0.411714
v 0.092555 -0.264533 -0.399247
v 0.056586 -0.306443 -0.380952
v 0.056126 -0.287241 -0.401641
v 0.053245 -0.267500 -0.421979
v 0.046625 -0.244977 -0.439329
v 0.070519 -0.247226 -0.430233
v 0.031665 -0.285602 -0.409574
v 0.029224 -0.265353 -0.429542
v 0.025852 -0.243152 -0.445980
v 0.021918 -0.220289 -0.458519
v 0.005104 -0.264370 -0.436977
v 0.005033 -0.243229 -0.453916
v 0.010465 -0.195215 -0.467517
v -0.024612 -0.240653 -0.460190
v -0.026517 -0.216802 -0.471736
v -0.028858 -0.192006 -0.476207
v -0.031162 -0.166311 -0.478401
v 0.008582 -0.169801 -0.469893
v -0.067756 -0.210925 -0.475403
v -0.070950 -0.187325 -0.480285
v -0.071914 -0.162774 -0.481318
v -0.072542 -0.137856 -0.483522
v -0.032475 -0.141281 -0.480949
v -0.113386 -0.183259 -0.478445
v -0.113613 -0.159512 -0.480024
v -0.111912 -0.135029 -0.481275
v -0.110115 -0.109159 -0.482315
v -0.072739 -0.112103 -0.484725
v -0.150408 -0.156400 -0.466711
v -0.146211 -0.131519 -0.467175
v -0.142744 -0.106432 -0.467798
v -0.169029 -0.132095 -0.439619
v -0.164446 -0.107870 -0.438916
v -0.163033 -0.083641 -0.438745
v -0.183759 -0.112875 -0.411427
v -0.182904 -0.088797 -0.410946
v -0.181620 -0.065245 -0.408982
v -0.202169 -0.093750 -0.388120
v -0.202015 -0.070682 -0.386317
v -0.199310 -0.049292 -0.380514
v -0.226438 -0.074025 -0.372392
v -0.225424 -0.051693 -0.367318
v -0.222006 -0.031297 -0.357501
v -0.253256 -0.052894 -0.357517
v -0.250522 -0.030876 -0.348923
v -0.246425 -0.009496 -0.339116
v -0.278578 -0.030787 -0.338874
v -0.274815 -0.008120 -0.330024
v -0.269973 0.013274 -0.318625
v -0.303156 -0.004886 -0.323283
v -0.297792 0.016664 -0.310387
v -0.291538 0.038379 -0.298456
v -0.328380 0.018880 -0.296539
v -0.320548 0.041350 -0.285913
v -0.305950 0.063597 -0.278627
v -0.322569 0.063451 -0.266388
v -0.316401 0.085685 -0.250951
v -0.343406 0.068211 -0.257201
v -0.337543 0.090710 -0.240445
v -0.361740 0.067908 -0.238540
v -0.354797 0.090989 -0.223975
v -0.380130 0.070792 -0.225590
v -0.371796 0.094327 -0.211339
v -0.392594 0.070022 -0.210108
v -0.380767 0.090452 -0.192998
v -0.403723 0.067739 -0.192125
v -0.394209 0.090525 -0.176055
v -0.385324 0.108614 -0.150734
v -0.401421 0.085680 -0.158242
v -0.396639 0.102454 -0.123328
v -0.383943 0.122984 -0.105819
v -0.371531 0.144919 -0.087167
v -0.390268 0.118803 -0.086778
v -0.377691 0.140833 -0.068808
v -0.395695 0.114414 -0.067214
v -0.383027 0.136348 -0.050045
v -0.399498 0.109155 -0.046929
v -0.386960 0.130911 -0.030963
v -0.402141 0.103288 -0.026631
v -0.389585 0.124331 -0.012017
v -0.404554 0.097015 -0.006067
v -0.390453 0.115553 0.006674
v -0.405064 0.088819 0.014697
v -0.391593 0.105943 0.026205
v -0.375907 0.120781 0.039129
v -0.392524 0.095830 0.045820
v -0.378677 0.110550 0.057424
v -0.360837 0.121151 0.069776
v -0.382190 0.100242 0.076809
v -0.365564 0.110489 0.088107
v -0.349369 0.118141 0.100207
v -0.372183 0.100491 0.107937
v -0.357923 0.106236 0.120311
v -0.367782 0.094113 0.142107
v -0.351155 0.084212 0.193319
v -0.368528 0.065352 0.202124
v -0.348776 0.066099 0.226832
v -0.336139 0.085483 0.216974
v -0.328811 0.062374 0.247669
v -0.318882 0.081792 0.235838
v -0.309934 0.059627 0.268835
v -0.300380 0.078732 0.257312
v -0.295020 0.056946 0.283153
v -0.285763 0.075811 0.272211
v -0.278555 0.053777 0.297336
v -0.269364 0.072186 0.286746
v -0.258907 0.089531 0.275405
v -0.251019 0.066797 0.298338
v -0.241322 0.084147 0.287320
v -0.232411 0.062353 0.308997
v -0.223923 0.080555 0.298452
v -0.212273 0.057981 0.317129
v -0.205094 0.076069 0.306351
v -0.196489 0.093386 0.294647
v -0.186611 0.074194 0.316330
v -0.178902 0.091609 0.304627
v -0.161655 0.092637 0.317775
v -0.154049 0.109943 0.306232
v -0.144311 0.123957 0.292175
v -0.136333 0.110463 0.318397
v -0.127592 0.125020 0.304825
v -0.119787 0.114152 0.332133
v -0.111541 0.128404 0.317854
v -0.104230 0.120098 0.346377
v -0.096611 0.134950 0.331635
v -0.087659 0.124892 0.359007
v -0.079344 0.139608 0.343446
v -0.064783 0.130285 0.375507
v -0.055120 0.147508 0.361817
v -0.032416 0.129296 0.385880
v -0.029108 0.148553 0.370610
v -0.029000 0.167153 0.352450
v 0.000680 0.159594 0.348744
v -0.004232 0.177227 0.328855
v 0.033753 0.151691 0.342285
v 0.028666 0.166953 0.320428
v 0.058216 0.148862 0.333242
v 0.061108 0.161983 0.308137
v 0.075185 0.148264 0.323321
v 0.092466 0.147306 0.312139
v 0.086264 0.158914 0.293988
v 0.109132 0.144879 0.300004
v 0.109150 0.153434 0.276509
v 0.121615 0.138103 0.286175
v 0.128857 0.125459 0.301101
v 0.115638 0.131892 0.315293
v 0.123513 0.119459 0.329621
v 0.099028 0.134300 0.328212
v 0.107187 0.121556 0.343424
v 0.116408 0.107453 0.357500
v 0.089733 0.119662 0.355553
v 0.098935 0.104977 0.369644
v 0.108794 0.088448 0.382131
v 0.080184 0.100208 0.380257
v 0.089016 0.083913 0.392107
v 0.059852 0.095432 0.389869
v 0.066919 0.079194 0.400722
v 0.074711 0.063282 0.411649
v 0.042127 0.076780 0.407175
v 0.049023 0.060379 0.417755
v 0.056008 0.043463 0.427719
v 0.022307 0.061200 0.421649
v 0.028194 0.043543 0.432375
v 0.034244 0.025824 0.441583
v 0.000709 0.046139 0.434835
v 0.005791 0.027646 0.444390
v 0.011513 0.009208 0.454367
v -0.021673 0.030297 0.446639
v -0.016466 0.011102 0.456740
v -0.010873 -0.008268 0.466645
v -0.042899 0.013234 0.459517
v -0.037912 -0.006892 0.469467
v -0.033122 -0.027750 0.477634
v -0.063462 -0.006990 0.470730
v -0.059741 -0.028111 0.478187
v -0.056707 -0.048885 0.485355
v -0.086779 -0.028903 0.472777
v -0.084662 -0.049575 0.479662
v -0.082735 -0.070199 0.486308
v -0.111498 -0.049558 0.469606
v -0.110639 -0.070347 0.476362
v -0.109682 -0.091132 0.482862
v -0.080976 -0.090900 0.492775
v -0.108088 -0.112309 0.488116
v -0.078674 -0.112192 0.496647
v -0.105724 -0.133820 0.491479
v -0.075937 -0.133634 0.498690
v -0.102793 -0.155407 0.493292
v -0.073050 -0.154992 0.500382
v -0.099519 -0.176961 0.493901
v -0.130713 -0.155520 0.481069
v -0.127449 -0.177046 0.482570
v -0.123404 -0.198616 0.481933
v -0.149704 -0.176178 0.462607
v -0.145793 -0.197345 0.463859
v -0.141634 -0.218467 0.462783
v -0.164568 -0.195481 0.442762
v -0.161331 -0.216155 0.443444
v -0.157236 -0.236836 0.441553
v -0.178976 -0.213929 0.423544
v -0.173965 -0.233484 0.421223
v -0.168891 -0.253128 0.417783
v -0.194002 -0.232174 0.404777
v -0.187436 -0.250694 0.400194
v -0.180536 -0.268782 0.394527
v -0.208826 -0.250773 0.385933
v -0.200616 -0.268228 0.379612
v -0.191702 -0.284548 0.371955
v -0.172748 -0.286016 0.387271
v -0.182335 -0.300249 0.363362
v -0.164539 -0.302569 0.378926
v -0.171849 -0.314478 0.353335
v -0.154959 -0.317517 0.368956
v -0.161761 -0.329216 0.343459
v -0.146114 -0.333171 0.358962
v -0.152168 -0.344720 0.333819
v -0.137450 -0.349050 0.348552
v -0.142503 -0.360244 0.323874
v -0.128333 -0.364164 0.337610
v -0.138723 -0.373140 0.306659
v -0.126409 -0.386210 0.295533
v -0.113617 -0.398667 0.284140
v -0.099896 -0.408934 0.272170
v -0.085770 -0.416016 0.258176
v -0.071124 -0.419608 0.239381
v -0.070548 -0.419723 0.215443
v -0.080357 -0.419735 0.189313
v -0.064931 -0.420834 0.178398
v -0.087782 -0.422043 0.151494
v -0.072990 -0.420739 0.141962
v -0.097456 -0.420880 0.124472
v -0.104037 -0.420458 0.105963
v -0.083218 -0.422501 0.104461
v -0.079781 -0.423191 0.084541
v -0.076762 -0.423439 0.064766
v -0.065763 -0.425649 0.040176
v -0.046516 -0.426218 0.025176
v -0.040928 -0.428010 0.000759
v -0.007903 -0.432955 0.004054
v -0.020141 -0.429388 -0.021086
v 0.012070 -0.432678 -0.025759
v -0.008479 -0.430751 -0.043276
v 0.012665 -0.430957 -0.062866
v 0.034019 -0.432656 -0.063178
v 0.056558 -0.433055 -0.063587
v 0.080216 -0.432572 -0.073533
v 0.058311 -0.432099 -0.093216
v 0.081003 -0.431990 -0.093869
v 0.103892 -0.433244 -0.094461
v 0.081643 -0.430045 -0.114492
v 0.104123 -0.431830 -0.115282
v 0.127136 -0.432679 -0.115783
v 0.104160 -0.431857 -0.136607
v 0.127075 -0.432400 -0.137051
v 0.150061 -0.432220 -0.137621
v 0.127071 -0.431368 -0.159036
v 0.149929 -0.431981 -0.159465
v 0.171905 -0.425374 -0.159186
v 0.149778 -0.428772 -0.181892
v 0.171744 -0.422106 -0.180581
v 0.193179 -0.413284 -0.177692
v 0.171336 -0.415801 -0.201754
v 0.192254 -0.406635 -0.197577
v 0.170695 -0.406947 -0.222738
v 0.191259 -0.397918 -0.217602
v 0.170685 -0.397179 -0.243671
v 0.148948 -0.413595 -0.226113
v 0.148658 -0.403130 -0.247823
v 0.148822 -0.392083 -0.269283
v 0.126301 -0.406842 -0.250581
v 0.125940 -0.395576 -0.272668
v 0.125586 -0.382100 -0.293546
v 0.103107 -0.396776 -0.274839
v 0.102682 -0.382633 -0.296188
v 0.101875 -0.363927 -0.313949
v 0.080310 -0.380360 -0.297232
v 0.079990 -0.362933 -0.316402
v 0.078981 -0.344314 -0.335195
v 0.057856 -0.359968 -0.318033
v 0.057207 -0.342654 -0.338681
v 0.056780 -0.324644 -0.359661
v 0.034610 -0.340120 -0.341762
v 0.033637 -0.322890 -0.364719
v 0.033250 -0.304934 -0.387793
v 0.009963 -0.322981 -0.370203
v 0.008287 -0.304997 -0.394970
v 0.006581 -0.285457 -0.417573
v -0.015816 -0.305953 -0.399197
v -0.018900 -0.285520 -0.422441
v -0.022135 -0.263140 -0.442517
v -0.045052 -0.286573 -0.425955
v -0.051534 -0.262675 -0.447028
v -0.060235 -0.236781 -0.464223
v -0.079397 -0.263459 -0.445909
v -0.093133 -0.236353 -0.461763
v -0.106732 -0.208950 -0.472315
v -0.119510 -0.239988 -0.452559
v -0.136950 -0.211021 -0.460768
v -0.148154 -0.182540 -0.464832
v -0.158494 -0.216667 -0.443614
v -0.170496 -0.187533 -0.442822
v -0.173806 -0.159015 -0.441491
v -0.184675 -0.194456 -0.420641
v -0.188181 -0.166281 -0.416926
v -0.186245 -0.138710 -0.412971
v -0.204871 -0.171796 -0.398648
v -0.202805 -0.144533 -0.392601
v -0.201721 -0.118110 -0.389447
v -0.225531 -0.146737 -0.382814
v -0.225204 -0.121630 -0.378036
v -0.226175 -0.097411 -0.375384
v -0.251205 -0.124014 -0.368839
v -0.252656 -0.099923 -0.365392
v -0.253550 -0.076217 -0.361613
v -0.281060 -0.102338 -0.355860
v -0.282141 -0.077967 -0.352703
v -0.281051 -0.054187 -0.346507
v -0.310474 -0.078933 -0.345892
v -0.309252 -0.053828 -0.339628
v -0.306719 -0.028940 -0.332417
v -0.343065 -0.052365 -0.327248
v -0.339358 -0.027479 -0.318354
v -0.334209 -0.003883 -0.307789
v -0.354860 -0.003535 -0.294026
v -0.351013 0.019955 -0.282465
v -0.347839 0.044133 -0.270400
v -0.374204 0.022598 -0.269145
v -0.369391 0.045710 -0.254000
v -0.391993 0.022070 -0.251569
v -0.394173 0.047157 -0.232440
v -0.408377 0.023710 -0.239912
v -0.419032 0.020796 -0.221472
v -0.410577 0.043877 -0.206856
v -0.432730 0.018709 -0.201942
v -0.424266 0.042288 -0.188445
v -0.416450 0.062110 -0.164858
v -0.429403 0.037062 -0.168726
v -0.409072 0.082122 -0.139836
v -0.422915 0.055224 -0.136762
v -0.414433 0.077913 -0.120675
v -0.403015 0.098371 -0.103746
v -0.420746 0.074861 -0.099846
v -0.407586 0.093583 -0.083200
v -0.424493 0.069673 -0.075994
v -0.410822 0.087970 -0.061637
v -0.426882 0.063674 -0.051184
v -0.414865 0.083089 -0.039302
v -0.429676 0.058808 -0.027149
v -0.416415 0.076988 -0.017206
v -0.431668 0.054069 -0.002800
v -0.418711 0.071527 0.005352
v -0.431660 0.048298 0.021407
v -0.419573 0.064663 0.027888
v -0.407081 0.080766 0.036261
v -0.426393 0.050301 0.047610
v -0.408260 0.071836 0.057171
v -0.394816 0.086088 0.066114
v -0.416231 0.056965 0.075481
v -0.399735 0.078319 0.086769
v -0.385017 0.089717 0.096080
v -0.405536 0.071138 0.108810
v -0.425750 0.046415 0.121161
v -0.424103 0.043913 0.151066
v -0.426050 0.030776 0.174154
v -0.410576 0.021634 0.205078
v -0.386546 0.038027 0.216598
v -0.368526 0.047682 0.225698
v -0.372257 0.029073 0.241489
v -0.349598 0.044659 0.245602
v -0.345715 0.022521 0.268542
v -0.331948 0.041461 0.264199
v -0.328162 0.020884 0.289313
v -0.318986 0.040149 0.279293
v -0.312766 0.019027 0.304261
v -0.304440 0.038538 0.294380
v -0.294864 0.015912 0.317457
v -0.286983 0.035007 0.307578
v -0.274192 0.010838 0.326916
v -0.267353 0.030075 0.318583
v -0.259544 0.048571 0.308676
v -0.246191 0.024724 0.327763
v -0.239570 0.043521 0.318554
v -0.224161 0.020552 0.336841
v -0.218475 0.039184 0.327022
v -0.201485 0.018118 0.346855
v -0.197010 0.036657 0.336705
v -0.192070 0.055339 0.326211
v -0.175690 0.036568 0.347702
v -0.171443 0.055119 0.336718
v -0.167959 0.074652 0.328366
v -0.154762 0.059211 0.353764
v -0.149989 0.077169 0.342825
v -0.143872 0.094399 0.331071
v -0.133297 0.081259 0.358647
v -0.126786 0.097965 0.345434
v -0.116689 0.085816 0.374297
v -0.111045 0.103427 0.360520
v -0.100013 0.090255 0.388398
v -0.095128 0.108515 0.374211
v -0.076194 0.095920 0.405304
v -0.071223 0.113305 0.390139
v -0.048649 0.093231 0.412821
v -0.035894 0.109765 0.399562
v -0.028363 0.087755 0.412459
v -0.007029 0.102697 0.398443
v -0.006516 0.123287 0.384850
v 0.002521 0.140957 0.368012
v 0.012890 0.118321 0.383064
v 0.033661 0.114055 0.380870
v 0.038071 0.132719 0.361483
v 0.053192 0.113902 0.376463
v 0.071564 0.116360 0.367023
v 0.064186 0.132712 0.351451
v 0.081878 0.134354 0.340612
v 0.037068 0.094885 0.395103
v 0.014682 0.098426 0.396950
v 0.017712 0.079202 0.409673
v -0.006183 0.082922 0.411197
v -0.003515 0.064273 0.423288
v -0.027767 0.068559 0.424686
v -0.025516 0.049743 0.436505
v -0.050353 0.073576 0.425900
v -0.049784 0.053722 0.438205
v -0.047089 0.033257 0.449027
v -0.071514 0.057429 0.438877
v -0.070399 0.035578 0.450219
v -0.067433 0.014016 0.460999
v -0.091034 0.035490 0.444060
v -0.090030 0.013490 0.455439
v -0.088316 -0.008189 0.464807
v -0.110486 0.012513 0.441443
v -0.111261 -0.008177 0.451684
v -0.111653 -0.028921 0.461093
v -0.130935 -0.009916 0.434029
v -0.132927 -0.030140 0.443820
v -0.134584 -0.050430 0.452749
v -0.152440 -0.032106 0.424656
v -0.155380 -0.051693 0.433706
v -0.157100 -0.071945 0.440991
v -0.135791 -0.070817 0.460744
v -0.157720 -0.092658 0.446872
v -0.136432 -0.091424 0.468061
v -0.157196 -0.113374 0.451852
v -0.135544 -0.112514 0.473922
v -0.155192 -0.134233 0.456067
v -0.133619 -0.133964 0.478095
v -0.152410 -0.155152 0.459669
v -0.173612 -0.134072 0.433995
v -0.170976 -0.154483 0.437709
v -0.167867 -0.174927 0.440738
v -0.189351 -0.153532 0.418144
v -0.185399 -0.173727 0.420961
v -0.182638 -0.193922 0.423173
v -0.209002 -0.173132 0.408742
v -0.204469 -0.193302 0.409201
v -0.199733 -0.212956 0.407782
v -0.229228 -0.193565 0.394770
v -0.223872 -0.213655 0.394940
v -0.217091 -0.232989 0.392016
v -0.247946 -0.215539 0.381383
v -0.240809 -0.235460 0.380432
v -0.232221 -0.254113 0.375934
v -0.263601 -0.238905 0.369348
v -0.254490 -0.257936 0.365141
v -0.244380 -0.275125 0.357902
v -0.222358 -0.270686 0.367980
v -0.233150 -0.289502 0.347523
v -0.212010 -0.285707 0.358760
v -0.221667 -0.303457 0.337201
v -0.201258 -0.300087 0.349075
v -0.209811 -0.316560 0.326603
v -0.190083 -0.313830 0.338948
v -0.197620 -0.329178 0.316071
v -0.178823 -0.327468 0.328821
v -0.184994 -0.341743 0.305714
v -0.168221 -0.342493 0.319641
v -0.172859 -0.355880 0.296505
v -0.157344 -0.357488 0.310296
v -0.159157 -0.368504 0.286425
v -0.153025 -0.382124 0.270635
v -0.139125 -0.395775 0.261996
v -0.123294 -0.405797 0.252234
v -0.106251 -0.417388 0.196829
v -0.122210 -0.418430 0.173078
v -0.100919 -0.418992 0.169591
v -0.137989 -0.419260 0.139396
v -0.115928 -0.418949 0.135750
v -0.158009 -0.421529 0.114063
v -0.127228 -0.420196 0.108721
v -0.164272 -0.423304 0.095013
v -0.134184 -0.420703 0.089722
v -0.110376 -0.420724 0.086838
v -0.139786 -0.421682 0.069730
v -0.115751 -0.421797 0.067082
v -0.119377 -0.423370 0.046926
v -0.098200 -0.424442 0.046095
v -0.078469 -0.424836 0.008366
v -0.065989 -0.424150 -0.016989
v -0.050891 -0.426930 -0.037215
v -0.036217 -0.424414 -0.057179
v -0.016176 -0.426913 -0.071457
v -0.005681 -0.427602 -0.091236
v 0.015095 -0.429741 -0.092046
v 0.036172 -0.431701 -0.092647
v 0.037669 -0.431331 -0.113599
v 0.059519 -0.431847 -0.114251
v 0.016352 -0.430175 -0.112729
v 0.017648 -0.427272 -0.134491
v 0.038815 -0.429933 -0.135155
v -0.004098 -0.428105 -0.112210
v -0.002678 -0.423682 -0.133688
v -0.001985 -0.421224 -0.156755
v 0.018653 -0.422801 -0.157098
v -0.032256 -0.421987 -0.110439
v -0.031741 -0.420058 -0.132201
v -0.031636 -0.417861 -0.155153
v -0.022130 -0.413547 -0.178724
v -0.001883 -0.416406 -0.179758
v -0.041739 -0.410526 -0.176715
v -0.042618 -0.403467 -0.199609
v -0.022864 -0.408500 -0.202220
v -0.060426 -0.416025 -0.152492
v -0.061701 -0.410333 -0.174836
v -0.063062 -0.403164 -0.197105
v -0.064781 -0.397680 -0.220692
v -0.044035 -0.398778 -0.223587
v -0.081877 -0.408762 -0.171562
v -0.083387 -0.400743 -0.193374
v -0.085292 -0.395321 -0.216667
v -0.086305 -0.384900 -0.238848
v -0.066395 -0.389821 -0.244251
v -0.104105 -0.399349 -0.189399
v -0.106214 -0.393234 -0.212241
v -0.107017 -0.381684 -0.233661
v -0.108430 -0.371533 -0.256684
v -0.088009 -0.375215 -0.262530
v -0.126869 -0.389108 -0.207151
v -0.128191 -0.379814 -0.228874
v -0.129452 -0.369003 -0.250747
v -0.131557 -0.357394 -0.272893
v -0.110470 -0.359773 -0.279744
v -0.150259 -0.381115 -0.225429
v -0.151708 -0.371171 -0.246980
v -0.153529 -0.359480 -0.268627
v -0.155827 -0.346498 -0.290553
v -0.133755 -0.342731 -0.294429
v -0.173807 -0.378184 -0.245592
v -0.175938 -0.366161 -0.266682
v -0.178005 -0.354835 -0.288671
v -0.182021 -0.340458 -0.308825
v -0.159549 -0.332826 -0.312652
v -0.198488 -0.374205 -0.265109
v -0.201287 -0.361695 -0.285653
v -0.205527 -0.347449 -0.304545
v -0.212377 -0.331998 -0.320801
v -0.188801 -0.326268 -0.327674
v -0.225386 -0.366055 -0.281083
v -0.229894 -0.351862 -0.298684
v -0.236656 -0.336477 -0.313622
v -0.245367 -0.320138 -0.326488
v -0.221689 -0.317103 -0.335675
v -0.254642 -0.355114 -0.292126
v -0.261093 -0.339533 -0.305962
v -0.269261 -0.322710 -0.318261
v -0.278348 -0.304094 -0.329151
v -0.255432 -0.302536 -0.338056
v -0.285210 -0.341125 -0.297751
v -0.292725 -0.324280 -0.309850
v -0.301059 -0.305483 -0.320542
v -0.309270 -0.284207 -0.329317
v -0.287763 -0.283642 -0.339495
v -0.315820 -0.324946 -0.300831
v -0.323380 -0.306185 -0.311332
v -0.330949 -0.285283 -0.320293
v -0.338287 -0.262818 -0.327790
v -0.317524 -0.261564 -0.336943
v -0.345074 -0.306047 -0.300682
v -0.352380 -0.285856 -0.310138
v -0.359154 -0.263721 -0.318365
v -0.364706 -0.239690 -0.324236
v -0.345200 -0.239177 -0.334089
v -0.373762 -0.285496 -0.297080
v -0.380334 -0.263470 -0.304652
v -0.386799 -0.239880 -0.311474
v -0.392505 -0.214405 -0.315768
v -0.370099 -0.214497 -0.328539
v -0.400946 -0.262202 -0.287659
v -0.407033 -0.238472 -0.293073
v -0.411966 -0.213071 -0.295850
v -0.416775 -0.186758 -0.297239
v -0.396598 -0.187547 -0.316365
v -0.426407 -0.237191 -0.273131
v -0.432505 -0.212436 -0.276481
v -0.436697 -0.186284 -0.277030
v -0.438315 -0.159629 -0.274535
v -0.420770 -0.159668 -0.296605
v -0.446851 -0.211313 -0.252146
v -0.450962 -0.185886 -0.252135
v -0.452111 -0.160204 -0.249699
v -0.453126 -0.134439 -0.246027
v -0.439923 -0.133076 -0.270898
v -0.460711 -0.186375 -0.225463
v -0.463627 -0.161554 -0.223823
v -0.465454 -0.136351 -0.220726
v -0.465917 -0.110933 -0.216615
v -0.453647 -0.108695 -0.241454
v -0.472117 -0.163287 -0.196418
v -0.473774 -0.138659 -0.193462
v -0.474092 -0.113614 -0.189659
v -0.472145 -0.088460 -0.185041
v -0.462976 -0.085760 -0.210924
v -0.479403 -0.140797 -0.165457
v -0.479545 -0.115980 -0.161866
v -0.477118 -0.091138 -0.157528
v -0.473159 -0.066263 -0.152486
v -0.467883 -0.063400 -0.179639
v -0.483755 -0.118000 -0.133935
v -0.480788 -0.093355 -0.129694
v -0.476659 -0.068788 -0.124677
v -0.471845 -0.043963 -0.119222
v -0.467140 -0.041529 -0.147062
v -0.481823 -0.095221 -0.102004
v -0.477464 -0.070857 -0.097309
v -0.472324 -0.046517 -0.092105
v -0.464826 -0.022647 -0.086304
v -0.464850 -0.019474 -0.113632
v -0.479056 -0.072376 -0.071430
v -0.473250 -0.048652 -0.066442
v -0.467085 -0.025231 -0.060370
v -0.460992 -0.002079 -0.053570
v -0.458403 0.001312 -0.079806
v -0.475525 -0.050585 -0.038891
v -0.469737 -0.027763 -0.032622
v -0.460977 -0.006124 -0.025870
v -0.453605 0.015585 -0.018316
v -0.453137 0.020107 -0.045541
v -0.469113 -0.030987 -0.001976
v -0.461272 -0.009675 0.004352
v -0.453107 0.011460 0.010202
v -0.442529 0.030554 0.015625
v -0.442802 0.035284 -0.010816
v -0.458908 -0.012940 0.033489
v -0.450862 0.007976 0.037955
v -0.440674 0.026219 0.040592
v -0.445105 0.004512 0.061259
v -0.434179 0.030244 0.065725
v -0.436889 0.018587 0.086026
v -0.425396 0.045670 0.095099
v -0.436418 0.021870 0.110060
v -0.441114 0.017386 0.133143
v -0.440695 0.010201 0.160336
v -0.435448 0.001736 0.186874
v -0.420528 -0.002071 0.209615
v -0.401356 0.005811 0.227517
v -0.381478 0.010583 0.246179
v -0.365779 0.005169 0.265735
v -0.360752 -0.018357 0.290720
v -0.351552 0.002633 0.282253
v -0.344582 -0.019715 0.308286
v -0.337306 0.001472 0.299203
v -0.326045 -0.022218 0.321685
v -0.320354 -0.000890 0.313655
v -0.306930 -0.024548 0.334567
v -0.301579 -0.004099 0.326026
v -0.285961 -0.028628 0.341732
v -0.280498 -0.008612 0.334910
v -0.264188 -0.031445 0.351827
v -0.258155 -0.012802 0.343776
v -0.252271 0.006080 0.336074
v -0.234735 -0.015464 0.355055
v -0.229144 0.001910 0.345380
v -0.211272 -0.016372 0.368156
v -0.206291 0.001034 0.357902
v -0.188566 -0.016663 0.381311
v -0.184041 0.001301 0.370816
v -0.179370 0.018410 0.358488
v -0.165236 0.003846 0.387029
v -0.162233 0.022647 0.376203
v -0.159395 0.041428 0.365276
v -0.145222 0.026755 0.394653
v -0.141749 0.045111 0.382653
v -0.138237 0.063579 0.371052
v -0.124659 0.049432 0.400578
v -0.121132 0.067865 0.387684
v -0.107705 0.053670 0.417395
v -0.104644 0.072632 0.403422
v -0.090879 0.057103 0.431388
v -0.088428 0.076747 0.416325
v -0.070583 0.078115 0.425108
v -0.109475 0.033412 0.430188
v -0.127307 0.030286 0.412766
v -0.129012 0.010295 0.423650
v -0.147429 0.007291 0.405351
v -0.149697 -0.012369 0.415350
v -0.168089 -0.015357 0.396698
v -0.170862 -0.034610 0.405427
v -0.192805 -0.034574 0.391440
v -0.195947 -0.053717 0.399160
v -0.173744 -0.053995 0.413420
v -0.198709 -0.072578 0.406803
v -0.176433 -0.073230 0.420699
v -0.199416 -0.092196 0.412939
v -0.176835 -0.093144 0.426267
v -0.196783 -0.112741 0.415430
v -0.175994 -0.113492 0.430193
v -0.192958 -0.133128 0.414980
v -0.219234 -0.112358 0.399879
v -0.215455 -0.132575 0.401902
v -0.212179 -0.152836 0.405086
v -0.244376 -0.133140 0.386467
v -0.240120 -0.153284 0.390606
v -0.234172 -0.173524 0.393222
v -0.269717 -0.154672 0.375206
v -0.261921 -0.174968 0.377787
v -0.255111 -0.195268 0.380578
v -0.294510 -0.177590 0.360399
v -0.278817 -0.197741 0.368699
v -0.271301 -0.218531 0.369772
v -0.298189 -0.200149 0.357627
v -0.292757 -0.221823 0.360955
v -0.285394 -0.243177 0.360530
v -0.313020 -0.225691 0.354315
v -0.306146 -0.247911 0.351985
v -0.297499 -0.268256 0.346092
v -0.276499 -0.263000 0.355942
v -0.287356 -0.286570 0.337937
v -0.266209 -0.280603 0.348145
v -0.276064 -0.302963 0.328333
v -0.254810 -0.295839 0.338166
v -0.263927 -0.317543 0.317721
v -0.242846 -0.310087 0.327658
v -0.250887 -0.329723 0.305586
v -0.230317 -0.322619 0.316224
v -0.237173 -0.341058 0.293779
v -0.217287 -0.334337 0.304904
v -0.222100 -0.351271 0.281986
v -0.203566 -0.345209 0.293649
v -0.206478 -0.360653 0.270350
v -0.189235 -0.356350 0.282955
v -0.191013 -0.371276 0.260295
v -0.174760 -0.368547 0.273217
v -0.175056 -0.382013 0.250344
v -0.160733 -0.395348 0.242572
v -0.145273 -0.406097 0.233893
v -0.175537 -0.395923 0.227565
v -0.159810 -0.406066 0.219025
v -0.142419 -0.411837 0.210241
v -0.171856 -0.405033 0.202147
v -0.146364 -0.414338 0.190760
v -0.124938 -0.414046 0.201792
v -0.165740 -0.415379 0.177155
v -0.151220 -0.418558 0.161683
v -0.173783 -0.417272 0.159113
v -0.180368 -0.418199 0.140090
v -0.161073 -0.422306 0.134832
v -0.186414 -0.418305 0.121183
v -0.192357 -0.418994 0.101709
v -0.198293 -0.419729 0.082843
v -0.169664 -0.423808 0.075256
v -0.186945 -0.424470 0.049139
v -0.164131 -0.428761 0.054166
v -0.142937 -0.422552 0.049214
v -0.169149 -0.425428 0.026974
v -0.194519 -0.426920 0.015799
v -0.174598 -0.425005 -0.004824
v -0.200461 -0.428035 -0.017310
v -0.153467 -0.422270 -0.025649
v -0.131716 -0.419319 -0.038312
v -0.179223 -0.424092 -0.039541
v -0.204497 -0.426715 -0.045001
v -0.156723 -0.420373 -0.052501
v -0.158868 -0.420405 -0.072060
v -0.136067 -0.418058 -0.075823
v -0.182497 -0.423774 -0.068557
v -0.184790 -0.422623 -0.090512
v -0.161100 -0.419374 -0.093345
v -0.206175 -0.430462 -0.065335
v -0.208642 -0.429061 -0.087797
v -0.209648 -0.430800 -0.110641
v -0.186197 -0.423329 -0.112724
v -0.230994 -0.432530 -0.062408
v -0.232992 -0.432957 -0.084530
v -0.234457 -0.433481 -0.107319
v -0.259713 -0.434257 -0.103208
v -0.260898 -0.434235 -0.126232
v -0.235625 -0.433396 -0.130350
v -0.210689 -0.429797 -0.133526
v -0.258205 -0.433896 -0.080444
v -0.283520 -0.433228 -0.075709
v -0.285156 -0.433905 -0.098520
v -0.256031 -0.433298 -0.058336
v -0.281188 -0.432111 -0.053590
v -0.306341 -0.426615 -0.048612
v -0.308768 -0.428748 -0.070704
v -0.253264 -0.432102 -0.037409
v -0.278322 -0.430518 -0.032439
v -0.303352 -0.424397 -0.027296
v -0.328364 -0.416192 -0.021805
v -0.331194 -0.417858 -0.043509
v -0.274598 -0.426182 -0.012398
v -0.299397 -0.420190 -0.006912
v -0.324039 -0.412138 -0.000838
v -0.347428 -0.400464 0.005103
v -0.352382 -0.404450 -0.016171
v -0.295143 -0.416664 0.013184
v -0.318843 -0.407288 0.019364
v -0.341158 -0.394851 0.025719
v -0.360757 -0.378320 0.030884
v -0.368414 -0.384405 0.010470
v -0.312483 -0.400676 0.038760
v -0.333328 -0.387337 0.045071
v -0.352474 -0.371506 0.050885
v -0.370555 -0.354490 0.056679
v -0.379322 -0.360778 0.036212
v -0.324530 -0.379269 0.063696
v -0.342942 -0.363604 0.069808
v -0.360076 -0.346687 0.075850
v -0.375636 -0.328035 0.081053
v -0.386153 -0.335001 0.061303
v -0.332923 -0.356766 0.088577
v -0.349764 -0.340169 0.095007
v -0.365964 -0.323097 0.101523
v -0.382688 -0.306857 0.108939
v -0.392397 -0.311163 0.088195
v -0.339745 -0.336082 0.114975
v -0.356847 -0.320640 0.122484
v -0.373848 -0.305569 0.130479
v -0.390665 -0.290877 0.138837
v -0.399970 -0.292034 0.117278
v -0.348682 -0.321017 0.143995
v -0.365850 -0.307224 0.152539
v -0.381901 -0.292353 0.161149
v -0.397729 -0.277672 0.169687
v -0.406478 -0.275028 0.146708
v -0.358852 -0.311522 0.175186
v -0.373680 -0.296259 0.184071
v -0.387461 -0.280340 0.192807
v -0.398491 -0.262439 0.200543
v -0.408731 -0.258808 0.176499
v -0.364104 -0.300109 0.207126
v -0.376014 -0.283330 0.215917
v -0.386133 -0.265552 0.224123
v -0.395158 -0.247419 0.231881
v -0.407096 -0.243492 0.207400
v -0.365088 -0.287377 0.239478
v -0.374578 -0.269545 0.247771
v -0.382536 -0.250889 0.255378
v -0.389104 -0.231455 0.261696
v -0.402165 -0.228423 0.238850
v -0.360726 -0.272063 0.270367
v -0.367167 -0.252381 0.276641
v -0.374169 -0.232909 0.281822
v -0.378364 -0.211868 0.284763
v -0.393169 -0.210689 0.265888
v -0.359219 -0.256125 0.301376
v -0.364276 -0.235025 0.305754
v -0.368713 -0.213411 0.309185
v -0.372623 -0.190328 0.311057
v -0.382039 -0.189878 0.287400
v -0.350309 -0.234083 0.326974
v -0.355745 -0.211909 0.329207
v -0.359723 -0.187807 0.329866
v -0.362590 -0.162904 0.329221
v -0.375369 -0.166526 0.310936
v -0.338538 -0.207629 0.343450
v -0.341993 -0.184283 0.342324
v -0.343182 -0.160125 0.341550
v -0.344057 -0.136759 0.341446
v -0.363875 -0.139137 0.327357
v -0.321688 -0.180228 0.353898
v -0.315162 -0.157427 0.353256
v -0.316734 -0.135644 0.351416
v -0.317900 -0.113297 0.350692
v -0.345692 -0.113376 0.339495
v -0.311124 -0.091195 0.350241
v -0.295162 -0.134974 0.359010
v -0.296256 -0.113753 0.356660
v -0.302043 -0.069661 0.348864
v -0.278407 -0.113278 0.368790
v -0.278257 -0.092177 0.366159
v -0.274761 -0.071315 0.362403
v -0.269710 -0.051069 0.357878
v -0.290147 -0.049391 0.347049
v -0.248632 -0.092687 0.379805
v -0.247556 -0.072641 0.375549
v -0.244339 -0.052948 0.370132
v -0.239774 -0.033910 0.363172
v -0.221311 -0.072922 0.391177
v -0.218702 -0.053905 0.384083
v -0.215461 -0.034901 0.376679
v -0.221406 -0.092503 0.396219
v -0.247543 -0.112939 0.383018
v -0.275217 -0.133987 0.371347
v -0.291068 -0.155859 0.361867
v -0.318550 -0.202814 0.354330
v -0.333539 -0.230512 0.344198
v -0.344282 -0.255731 0.322848
v -0.326832 -0.253153 0.341155
v -0.336994 -0.276542 0.317094
v -0.318199 -0.273465 0.334252
v -0.327777 -0.295894 0.309258
v -0.308242 -0.292191 0.325680
v -0.316733 -0.313656 0.300208
v -0.296975 -0.309163 0.315994
v -0.303346 -0.328615 0.289091
v -0.284358 -0.323931 0.305017
v -0.288265 -0.340280 0.277034
v -0.270521 -0.336524 0.293137
v -0.272624 -0.351323 0.265035
v -0.255610 -0.347179 0.280651
v -0.256037 -0.360911 0.253062
v -0.239822 -0.357454 0.268994
v -0.239163 -0.370072 0.241670
v -0.223448 -0.366201 0.257242
v -0.221878 -0.378252 0.230565
v -0.206776 -0.375036 0.246173
v -0.205148 -0.387136 0.220412
v -0.190297 -0.383466 0.235589
v -0.189024 -0.397289 0.211430
v -0.218362 -0.389472 0.203343
v -0.201005 -0.398915 0.194007
v -0.183588 -0.408270 0.185267
v -0.211107 -0.399515 0.175410
v -0.192501 -0.409102 0.166739
v -0.220162 -0.400737 0.156606
v -0.200724 -0.411316 0.148272
v -0.227900 -0.401377 0.137160
v -0.207849 -0.412123 0.128929
v -0.234905 -0.401713 0.117558
v -0.214592 -0.413271 0.109595
v -0.241131 -0.401742 0.098231
v -0.223922 -0.414687 0.081388
v -0.247935 -0.404108 0.079563
v -0.207765 -0.422241 0.055625
v -0.235434 -0.418401 0.045853
v -0.217269 -0.425856 0.021929
v -0.244720 -0.424886 0.010774
v -0.224335 -0.429382 -0.012688
v -0.250152 -0.429983 -0.017423
v -0.228629 -0.430903 -0.041687
v -0.270684 -0.421640 0.007003
v -0.266269 -0.418097 0.026013
v -0.289709 -0.410686 0.032181
v -0.258246 -0.411729 0.053332
v -0.283337 -0.403129 0.050081
v -0.305130 -0.393080 0.057307
v -0.276325 -0.398157 0.069011
v -0.295969 -0.384954 0.075067
v -0.314469 -0.370782 0.081341
v -0.287348 -0.379154 0.093668
v -0.305680 -0.365865 0.100740
v -0.324216 -0.353142 0.108453
v -0.297410 -0.363402 0.121039
v -0.316264 -0.351983 0.129249
v -0.331950 -0.336053 0.136297
v -0.308233 -0.352347 0.150455
v -0.324983 -0.338524 0.158356
v -0.341182 -0.324010 0.166474
v -0.317927 -0.341838 0.180663
v -0.334234 -0.328378 0.189132
v -0.350794 -0.316052 0.198163
v -0.325887 -0.332882 0.212410
v -0.340933 -0.319514 0.221661
v -0.354044 -0.304328 0.230778
v -0.330199 -0.323495 0.245358
v -0.343035 -0.308298 0.254631
v -0.353303 -0.290880 0.263078
v -0.331829 -0.312508 0.278495
v -0.343137 -0.295320 0.287390
v -0.352383 -0.276507 0.295325
v -0.318384 -0.327483 0.268372
v -0.315680 -0.336900 0.235518
v -0.303283 -0.339956 0.257365
v -0.299952 -0.349103 0.225482
v -0.287240 -0.351135 0.246215
v -0.282780 -0.360063 0.215339
v -0.270488 -0.361671 0.235140
v -0.265426 -0.370930 0.205129
v -0.253361 -0.371869 0.224225
v -0.247405 -0.380141 0.194716
v -0.235588 -0.379886 0.213199
v -0.229527 -0.390093 0.184862
v -0.257111 -0.379198 0.175044
v -0.239095 -0.390184 0.165677
v -0.264988 -0.377705 0.154645
v -0.247072 -0.389833 0.145858
v -0.272340 -0.376676 0.133981
v -0.254058 -0.389587 0.125874
v -0.279749 -0.377063 0.113606
v -0.261039 -0.389951 0.105981
v -0.268446 -0.392623 0.087010
v -0.289648 -0.363330 0.142121
v -0.282734 -0.365784 0.163600
v -0.301099 -0.354995 0.172327
v -0.275292 -0.368833 0.184914
v -0.293036 -0.358113 0.194295
v -0.310313 -0.346237 0.203356
v -0.309701 -0.046534 0.340529
v -0.329830 -0.044200 0.330287
v -0.330012 -0.066953 0.338460
v -0.349776 -0.042774 0.317330
v -0.350744 -0.066467 0.326386
v -0.348506 -0.089886 0.333853
v -0.367367 -0.069220 0.308997
v -0.366527 -0.092715 0.317337
v -0.365165 -0.115671 0.323919
v -0.382631 -0.096262 0.301367
v -0.380860 -0.119206 0.306659
v -0.378233 -0.142560 0.309764
v -0.394569 -0.122309 0.289471
v -0.390618 -0.144881 0.290237
v -0.386223 -0.167629 0.289407
v -0.402523 -0.146018 0.271745
v -0.400339 -0.168034 0.271295
v -0.396878 -0.189582 0.269493
v -0.410707 -0.166417 0.250378
v -0.408838 -0.187383 0.247833
v -0.406359 -0.208214 0.244116
v -0.421388 -0.184054 0.222055
v -0.418535 -0.204282 0.218326
v -0.414380 -0.224301 0.213612
v -0.433267 -0.200881 0.193115
v -0.426668 -0.220345 0.188087
v -0.418069 -0.239328 0.182361
v -0.439681 -0.218131 0.163703
v -0.431492 -0.238115 0.159211
v -0.418953 -0.256438 0.153138
v -0.442266 -0.237636 0.135856
v -0.429546 -0.256540 0.130633
v -0.415793 -0.274971 0.124593
v -0.439071 -0.258332 0.108253
v -0.425058 -0.277185 0.102591
v -0.409407 -0.294964 0.095928
v -0.433229 -0.280077 0.080020
v -0.418418 -0.299088 0.074299
v -0.402653 -0.317296 0.067837
v -0.426930 -0.302821 0.052224
v -0.412145 -0.322346 0.046577
v -0.395864 -0.341413 0.041019
v -0.420969 -0.326533 0.025337
v -0.404915 -0.346785 0.020487
v -0.387142 -0.365911 0.015334
v -0.411384 -0.349582 -0.001405
v -0.393314 -0.369407 -0.006258
v -0.374452 -0.388628 -0.010937
v -0.397154 -0.371041 -0.028534
v -0.377614 -0.390159 -0.033240
v -0.355339 -0.405845 -0.038319
v -0.379618 -0.390659 -0.055650
v -0.357241 -0.406456 -0.060633
v -0.333429 -0.419390 -0.065685
v -0.358712 -0.406704 -0.082913
v -0.334751 -0.419447 -0.088169
v -0.310377 -0.429424 -0.093415
v -0.336016 -0.419230 -0.110634
v -0.311659 -0.429155 -0.116290
v -0.286346 -0.433998 -0.121566
v -0.312625 -0.427045 -0.138968
v -0.287356 -0.431906 -0.144582
v -0.261995 -0.432533 -0.149408
v -0.288412 -0.425967 -0.166919
v -0.263323 -0.426715 -0.171992
v -0.238360 -0.424895 -0.175913
v -0.236860 -0.430844 -0.153445
v -0.213617 -0.420770 -0.178701
v -0.211983 -0.426250 -0.156431
v -0.190001 -0.412204 -0.179743
v -0.188335 -0.417891 -0.157843
v -0.187614 -0.420709 -0.135242
v -0.167130 -0.406846 -0.157706
v -0.165090 -0.413586 -0.136388
v -0.163034 -0.418334 -0.114996
v -0.142775 -0.408793 -0.137885
v -0.140528 -0.415455 -0.117762
v -0.138297 -0.416135 -0.096529
v -0.118561 -0.415429 -0.121205
v -0.116092 -0.416663 -0.100317
v -0.113858 -0.418525 -0.079919
v -0.094933 -0.418157 -0.103744
v -0.092348 -0.419652 -0.083413
v -0.090180 -0.421509 -0.054380
v -0.110991 -0.419380 -0.051078
v -0.089616 -0.426644 -0.026281
v -0.070426 -0.420793 -0.056909
v -0.055351 -0.424556 -0.068576
v -0.064427 -0.420717 -0.087281
v -0.066485 -0.420124 -0.107742
v -0.032807 -0.421955 -0.089939
v -0.068326 -0.417666 -0.128946
v -0.097609 -0.416078 -0.124691
v -0.100156 -0.412677 -0.146076
v -0.080029 -0.414463 -0.149662
v -0.120608 -0.408987 -0.141415
v -0.122686 -0.401984 -0.162520
v -0.102377 -0.406948 -0.167738
v -0.144721 -0.401170 -0.158649
v -0.146181 -0.397071 -0.181634
v -0.125000 -0.397026 -0.185119
v -0.168502 -0.400811 -0.179596
v -0.170209 -0.395533 -0.201746
v -0.148509 -0.389274 -0.203429
v -0.191960 -0.405303 -0.201370
v -0.194133 -0.396852 -0.223196
v -0.172105 -0.388039 -0.223983
v -0.215386 -0.413839 -0.200780
v -0.217671 -0.403370 -0.221668
v -0.219808 -0.392744 -0.242530
v -0.196333 -0.386010 -0.244261
v -0.240103 -0.417364 -0.197912
v -0.242226 -0.407226 -0.218716
v -0.244419 -0.396167 -0.238791
v -0.246776 -0.382662 -0.257444
v -0.222293 -0.379307 -0.261833
v -0.267102 -0.409300 -0.214364
v -0.269206 -0.397626 -0.233617
v -0.271442 -0.384215 -0.251541
v -0.274594 -0.370516 -0.268520
v -0.249961 -0.369166 -0.275564
v -0.293669 -0.397507 -0.227272
v -0.295965 -0.384840 -0.245036
v -0.298831 -0.370587 -0.260726
v -0.303124 -0.356884 -0.275768
v -0.279104 -0.356616 -0.284243
v -0.319564 -0.384221 -0.237870
v -0.322391 -0.370245 -0.253033
v -0.326382 -0.355889 -0.266721
v -0.331664 -0.340772 -0.279029
v -0.308755 -0.341457 -0.288754
v -0.345905 -0.361008 -0.250292
v -0.353043 -0.338724 -0.267426
v -0.359447 -0.322777 -0.277914
v -0.338067 -0.324335 -0.290325
v -0.379274 -0.320884 -0.262703
v -0.386648 -0.303429 -0.271758
v -0.366490 -0.305252 -0.287871
v -0.388998 -0.336590 -0.238058
v -0.397327 -0.320397 -0.245886
v -0.405978 -0.302838 -0.254446
v -0.413356 -0.282690 -0.261913
v -0.393989 -0.283909 -0.280361
v -0.412890 -0.321687 -0.227493
v -0.422139 -0.302717 -0.234597
v -0.429766 -0.281942 -0.241095
v -0.436894 -0.259589 -0.246722
v -0.419766 -0.260511 -0.267974
v -0.433691 -0.302379 -0.212228
v -0.440933 -0.280627 -0.217447
v -0.447746 -0.258184 -0.221965
v -0.453171 -0.234885 -0.224789
v -0.442000 -0.235866 -0.250218
v -0.449894 -0.280655 -0.192759
v -0.456437 -0.257922 -0.196044
v -0.461497 -0.234799 -0.198031
v -0.466724 -0.211489 -0.198972
v -0.457370 -0.210933 -0.225866
v -0.461176 -0.258344 -0.169374
v -0.467747 -0.235699 -0.170958
v -0.472994 -0.212486 -0.171275
v -0.475701 -0.188948 -0.170196
v -0.470386 -0.187600 -0.198454
v -0.470580 -0.236971 -0.143658
v -0.474670 -0.213802 -0.143220
v -0.478081 -0.190444 -0.141928
v -0.481047 -0.166751 -0.140038
v -0.477450 -0.165072 -0.168173
v -0.478696 -0.215721 -0.115937
v -0.480618 -0.191978 -0.114249
v -0.482034 -0.168036 -0.112138
v -0.484043 -0.143984 -0.109563
v -0.483392 -0.142575 -0.137479
v -0.479971 -0.192897 -0.087369
v -0.480151 -0.168814 -0.084738
v -0.483188 -0.144924 -0.082262
v -0.484375 -0.120883 -0.079258
v -0.483909 -0.119724 -0.106096
v -0.481151 -0.169539 -0.058285
v -0.483242 -0.145653 -0.055510
v -0.484481 -0.121676 -0.052426
v -0.483412 -0.097674 -0.048773
v -0.482854 -0.096594 -0.075747
v -0.483362 -0.146121 -0.028506
v -0.483861 -0.122302 -0.024930
v -0.482076 -0.098805 -0.020524
v -0.478039 -0.075821 -0.015177
v -0.480193 -0.073877 -0.044363
v -0.483209 -0.122950 0.002468
v -0.481996 -0.099797 0.007721
v -0.478806 -0.077152 0.014077
v -0.473593 -0.055239 0.021111
v -0.474300 -0.053164 -0.008556
v -0.478875 -0.100924 0.033233
v -0.475621 -0.078656 0.038808
v -0.471798 -0.056894 0.044652
v -0.464349 -0.035914 0.051047
v -0.466446 -0.034036 0.027730
v -0.472295 -0.079835 0.060388
v -0.465604 -0.058747 0.066153
v -0.458498 -0.037931 0.072041
v -0.450715 -0.017459 0.086721
v -0.454501 -0.015785 0.056337
v -0.463155 -0.059006 0.089234
v -0.454932 -0.038730 0.092871
v -0.444058 0.001965 0.100723
v -0.455671 -0.038865 0.115214
v -0.446939 -0.011283 0.120604
v -0.453181 -0.024186 0.145180
v -0.444178 -0.024143 0.173078
v -0.436325 -0.033419 0.198066
v -0.421303 -0.034761 0.221641
v -0.402502 -0.015470 0.241928
v -0.439586 -0.065622 0.186049
v -0.429695 -0.072475 0.212841
v -0.434826 -0.100007 0.208342
v -0.419666 -0.103793 0.233109
v -0.408489 -0.097800 0.259171
v -0.399397 -0.077745 0.277934
v -0.396547 -0.099753 0.286664
v -0.383447 -0.071853 0.293715
v -0.366232 -0.043750 0.299738
v -0.404478 -0.124243 0.271305
v -0.411843 -0.124657 0.252898
v -0.411736 -0.145471 0.252008
v -0.421025 -0.123185 0.230253
v -0.421572 -0.143176 0.227498
v -0.421898 -0.163589 0.225043
v -0.437703 -0.139441 0.202287
v -0.437978 -0.159918 0.199645
v -0.436415 -0.180386 0.196531
v -0.453076 -0.155543 0.173778
v -0.450549 -0.176669 0.170977
v -0.445910 -0.197398 0.167575
v -0.464501 -0.174017 0.147661
v -0.459686 -0.195888 0.144008
v -0.452736 -0.217432 0.140422
v -0.464824 -0.193599 0.119243
v -0.458209 -0.215687 0.115901
v -0.449690 -0.237502 0.112316
v -0.461838 -0.215191 0.091258
v -0.454966 -0.237742 0.088183
v -0.445535 -0.259591 0.084575
v -0.461666 -0.239193 0.064204
v -0.452437 -0.261382 0.061065
v -0.440449 -0.282484 0.057132
v -0.458192 -0.262402 0.037098
v -0.447761 -0.284456 0.034166
v -0.435600 -0.306055 0.030216
v -0.452641 -0.285196 0.010139
v -0.441073 -0.307222 0.006974
v -0.427383 -0.328862 0.003021
v -0.445794 -0.308608 -0.016878
v -0.431536 -0.329947 -0.020259
v -0.415329 -0.350798 -0.024091
v -0.434261 -0.330379 -0.043946
v -0.417853 -0.351299 -0.047124
v -0.399582 -0.371676 -0.051045
v -0.419504 -0.351116 -0.070084
v -0.401391 -0.371748 -0.073441
v -0.381092 -0.390621 -0.077875
v -0.402837 -0.371322 -0.095549
v -0.382193 -0.389964 -0.099739
v -0.359719 -0.406004 -0.104953
v -0.382909 -0.388374 -0.121146
v -0.360619 -0.404539 -0.126516
v -0.336955 -0.417581 -0.132667
v -0.360929 -0.401478 -0.147350
v -0.337569 -0.414023 -0.154090
v -0.313042 -0.421494 -0.160704
v -0.338256 -0.408751 -0.174613
v -0.314223 -0.415562 -0.181850
v -0.289812 -0.418526 -0.188223
v -0.291547 -0.408599 -0.208242
v -0.265040 -0.419035 -0.193674
v -0.315675 -0.406866 -0.201719
v -0.317314 -0.396080 -0.220279
v -0.338771 -0.401457 -0.193972
v -0.339634 -0.392048 -0.212364
v -0.341300 -0.380983 -0.229111
v -0.360451 -0.391129 -0.186207
v -0.380738 -0.374968 -0.189571
v -0.400611 -0.361256 -0.178835
v -0.360706 -0.396842 -0.167200
v -0.382575 -0.381972 -0.161625
v -0.403011 -0.364997 -0.159073
v -0.420924 -0.346504 -0.159582
v -0.417427 -0.343843 -0.180829
v -0.383165 -0.385835 -0.141845
v -0.403899 -0.367958 -0.138368
v -0.421719 -0.348055 -0.137573
v -0.437452 -0.327602 -0.138647
v -0.435481 -0.325886 -0.161816
v -0.403613 -0.369992 -0.117258
v -0.421598 -0.349444 -0.115358
v -0.438098 -0.329070 -0.115173
v -0.451823 -0.307944 -0.115851
v -0.450318 -0.306184 -0.140535
v -0.421004 -0.350658 -0.092826
v -0.437724 -0.330086 -0.091447
v -0.452043 -0.309002 -0.090980
v -0.461366 -0.286279 -0.090960
v -0.459891 -0.284764 -0.116493
v -0.436144 -0.330351 -0.067728
v -0.450301 -0.309158 -0.066170
v -0.459266 -0.286282 -0.065377
v -0.467575 -0.263640 -0.064747
v -0.469536 -0.263535 -0.090725
v -0.448072 -0.308855 -0.041503
v -0.457916 -0.286302 -0.039859
v -0.466045 -0.263457 -0.038687
v -0.473725 -0.240720 -0.037649
v -0.473749 -0.240569 -0.063936
v -0.456310 -0.286045 -0.014483
v -0.464446 -0.263099 -0.012973
v -0.471654 -0.240350 -0.011591
v -0.476471 -0.217190 -0.009960
v -0.479804 -0.217574 -0.036093
v -0.461954 -0.262753 0.012246
v -0.471003 -0.240506 0.014204
v -0.477329 -0.217481 0.016067
v -0.479437 -0.193911 0.018308
v -0.478309 -0.193780 -0.007814
v -0.467217 -0.240099 0.039655
v -0.473964 -0.217296 0.041926
v -0.476804 -0.193817 0.043965
v -0.478298 -0.170295 0.046213
v -0.479467 -0.170270 0.020865
v -0.469573 -0.216764 0.067272
v -0.473122 -0.193302 0.069149
v -0.475366 -0.170034 0.071356
v -0.475849 -0.147046 0.074230
v -0.480043 -0.147062 0.048954
v -0.467913 -0.192635 0.094138
v -0.472343 -0.170100 0.097236
v -0.474059 -0.147354 0.100675
v -0.473463 -0.124779 0.104096
v -0.475463 -0.124397 0.077272
v -0.469302 -0.171366 0.122836
v -0.471385 -0.148874 0.126057
v -0.471856 -0.126361 0.129244
v -0.469847 -0.103719 0.132264
v -0.470455 -0.102677 0.107469
v -0.467009 -0.151744 0.150263
v -0.466379 -0.129409 0.152607
v -0.463718 -0.107401 0.154749
v -0.459458 -0.086574 0.157779
v -0.465214 -0.081978 0.135159
v -0.452846 -0.134442 0.176120
v -0.450692 -0.113844 0.178173
v -0.447131 -0.093924 0.180920
v -0.454889 -0.066546 0.161292
v -0.436554 -0.119377 0.204987
v -0.449460 -0.047951 0.164853
v -0.460213 -0.061240 0.137334
v -0.460737 -0.059608 0.112573
v -0.465334 -0.081082 0.110319
v -0.470639 -0.079952 0.084510
v -0.473635 -0.102006 0.080802
v -0.477079 -0.101566 0.056285
v -0.479767 -0.124082 0.052425
v -0.481507 -0.123658 0.028445
v -0.481409 -0.146889 0.024160
v -0.481590 -0.146459 -0.001649
v -0.478459 -0.169925 -0.004980
v -0.483044 -0.169929 -0.031548
v -0.483029 -0.193870 -0.034028
v -0.480812 -0.193445 -0.060741
v -0.478464 -0.217163 -0.062665
v -0.479337 -0.216807 -0.088970
v -0.475061 -0.240241 -0.090123
v -0.473933 -0.239000 -0.116891
v -0.467676 -0.261995 -0.117129
v -0.464967 -0.259991 -0.143088
v -0.458429 -0.283055 -0.142035
v -0.454278 -0.281061 -0.167239
v -0.445743 -0.303578 -0.164588
v -0.441257 -0.302483 -0.188587
v -0.431178 -0.324177 -0.184578
v -0.423678 -0.322656 -0.206416
v -0.411453 -0.341111 -0.201325
v -0.402150 -0.338323 -0.220629
v -0.442079 0.040158 -0.036583
v -0.438070 0.044121 -0.062726
v -0.450439 0.024182 -0.072147
v -0.436466 0.049967 -0.089548
v -0.448628 0.029022 -0.100037
v -0.457645 0.005122 -0.107924
v -0.441580 0.030951 -0.126691
v -0.452032 0.007652 -0.135280
v -0.460156 -0.016852 -0.141506
v -0.447003 0.010801 -0.158655
v -0.455143 -0.013836 -0.166848
v -0.460755 -0.038957 -0.173238
v -0.447163 -0.010800 -0.189665
v -0.455140 -0.035264 -0.197892
v -0.459783 -0.060516 -0.204970
v -0.445512 -0.031891 -0.220778
v -0.449830 -0.057396 -0.228847
v -0.452034 -0.083127 -0.235557
v -0.438308 -0.054153 -0.251646
v -0.440308 -0.080277 -0.259680
v -0.440603 -0.106622 -0.265944
v -0.423355 -0.078255 -0.280320
v -0.422958 -0.105283 -0.286922
v -0.422435 -0.132378 -0.292685
v -0.405226 -0.104157 -0.307082
v -0.403966 -0.132029 -0.312645
v -0.400566 -0.159987 -0.315502
v -0.382931 -0.132512 -0.325694
v -0.379646 -0.160498 -0.329304
v -0.374663 -0.187964 -0.329450
v -0.361148 -0.161278 -0.339754
v -0.343676 -0.188310 -0.344156
v -0.351014 -0.214483 -0.338950
v -0.331971 -0.213174 -0.345409
v -0.325642 -0.237988 -0.342818
v -0.313736 -0.211996 -0.358795
v -0.305236 -0.236844 -0.354734
v -0.296737 -0.261045 -0.348314
v -0.282050 -0.234736 -0.363217
v -0.274278 -0.259530 -0.356669
v -0.265486 -0.282543 -0.348407
v -0.251481 -0.257266 -0.361354
v -0.243074 -0.281259 -0.357427
v -0.231951 -0.299344 -0.346403
v -0.220178 -0.277696 -0.366605
v -0.208300 -0.295502 -0.356797
v -0.197872 -0.312158 -0.344534
v -0.184683 -0.291071 -0.368447
v -0.174128 -0.306028 -0.352909
v -0.165531 -0.319931 -0.334050
v -0.149895 -0.300462 -0.361978
v -0.142373 -0.314258 -0.340498
v -0.136831 -0.327727 -0.317158
v -0.120281 -0.315756 -0.349397
v -0.115703 -0.330379 -0.325457
v -0.112733 -0.345911 -0.302487
v -0.095702 -0.337129 -0.335394
v -0.092668 -0.351713 -0.311259
v -0.089969 -0.364083 -0.286699
v -0.072259 -0.356774 -0.318063
v -0.069681 -0.368639 -0.292547
v -0.067547 -0.378821 -0.267452
v -0.048604 -0.369737 -0.295769
v -0.046689 -0.380481 -0.270692
v -0.045431 -0.392667 -0.247705
v -0.025388 -0.380675 -0.272395
v -0.024274 -0.393846 -0.249899
v -0.023298 -0.400620 -0.225592
v -0.003301 -0.394677 -0.250504
v -0.002275 -0.401273 -0.226029
v -0.002284 -0.411361 -0.203324
v 0.018426 -0.403599 -0.226514
v 0.018730 -0.413016 -0.203660
v 0.019054 -0.418003 -0.180125
v 0.039901 -0.414783 -0.203964
v 0.040202 -0.419385 -0.180372
v 0.039878 -0.423951 -0.157168
v 0.060891 -0.423701 -0.181147
v 0.061083 -0.426186 -0.158025
v 0.060334 -0.431074 -0.135908
v 0.082664 -0.425009 -0.157947
v 0.082325 -0.427882 -0.136451
v 0.104624 -0.428882 -0.158559
v 0.104424 -0.429279 -0.181678
v 0.126926 -0.429664 -0.181760
v 0.082797 -0.424623 -0.181493
v 0.082721 -0.420908 -0.205222
v 0.104484 -0.425700 -0.205615
v 0.061083 -0.417851 -0.204737
v 0.060479 -0.411138 -0.228362
v 0.082056 -0.415433 -0.229125
v 0.039780 -0.405408 -0.226764
v 0.038694 -0.397152 -0.250737
v 0.059721 -0.401853 -0.251782
v 0.017669 -0.395913 -0.250804
v 0.016820 -0.381790 -0.272960
v 0.037961 -0.384576 -0.273403
v -0.004400 -0.381206 -0.273172
v -0.006002 -0.368840 -0.297560
v 0.015446 -0.368724 -0.296772
v -0.027280 -0.369464 -0.297316
v -0.029451 -0.357764 -0.323285
v -0.008022 -0.356297 -0.322963
v -0.050914 -0.358321 -0.321770
v -0.053723 -0.344063 -0.347835
v -0.032108 -0.343447 -0.349536
v -0.075212 -0.342643 -0.343522
v -0.079471 -0.327784 -0.369621
v -0.057509 -0.328791 -0.374743
v -0.100281 -0.322758 -0.360403
v -0.106231 -0.307114 -0.385059
v -0.084755 -0.310006 -0.394905
v -0.126921 -0.301392 -0.372452
v -0.136684 -0.286228 -0.393528
v -0.114441 -0.288289 -0.406959
v -0.160553 -0.287391 -0.380424
v -0.173736 -0.271635 -0.395711
v -0.149350 -0.269409 -0.410919
v -0.197108 -0.274243 -0.380390
v -0.208197 -0.253311 -0.386096
v -0.185457 -0.251140 -0.402726
v -0.231073 -0.255737 -0.373453
v -0.238460 -0.230876 -0.376721
v -0.218200 -0.229766 -0.390901
v -0.258520 -0.231949 -0.364798
v -0.264765 -0.205405 -0.367037
v -0.244455 -0.203851 -0.378533
v -0.289897 -0.208918 -0.368084
v -0.297374 -0.182184 -0.365869
v -0.270976 -0.178534 -0.366880
v -0.321459 -0.186819 -0.358889
v -0.335227 -0.161299 -0.349565
v -0.304462 -0.156048 -0.360993
v -0.348276 -0.133728 -0.342371
v -0.358206 -0.105992 -0.333376
v -0.384508 -0.104514 -0.320680
v -0.384669 -0.077055 -0.313905
v -0.358062 -0.078647 -0.327053
v -0.405551 -0.076719 -0.300068
v -0.404379 -0.050315 -0.290205
v -0.383313 -0.050459 -0.305045
v -0.422754 -0.051587 -0.272303
v -0.418722 -0.026589 -0.261301
v -0.400466 -0.025766 -0.277753
v -0.435011 -0.028282 -0.242541
v -0.427524 -0.003451 -0.232725
v -0.413987 -0.001512 -0.250712
v -0.439387 -0.006489 -0.212053
v -0.438612 0.013585 -0.179846
v -0.436063 0.033872 -0.148873
v -0.432419 0.054569 -0.115753
v -0.396321 -0.001933 -0.264763
v -0.377126 -0.001090 -0.282746
v -0.380746 -0.024905 -0.294775
v -0.359316 -0.027329 -0.304107
v -0.363304 -0.052143 -0.313988
v -0.333218 -0.079492 -0.337509
v -0.333289 -0.106505 -0.343559
v -0.310662 -0.104375 -0.352945
v -0.308700 -0.130300 -0.357382
v -0.279049 -0.126859 -0.358873
v -0.275791 -0.151834 -0.362769
v -0.249676 -0.148966 -0.373028
v -0.247962 -0.176139 -0.377116
v -0.226768 -0.174113 -0.389161
v -0.224820 -0.202378 -0.392208
v -0.202479 -0.199319 -0.403104
v -0.195438 -0.226536 -0.404366
v -0.175392 -0.222878 -0.422832
v -0.162863 -0.248835 -0.421479
v -0.141301 -0.244142 -0.438819
v -0.126035 -0.267918 -0.425528
v -0.103304 -0.265503 -0.437308
v -0.092221 -0.289021 -0.418042
v -0.069184 -0.288406 -0.425375
v -0.062353 -0.310128 -0.400753
v -0.039585 -0.308378 -0.401919
v -0.035363 -0.327667 -0.376506
v -0.012838 -0.325248 -0.374737
v -0.010426 -0.341537 -0.348774
v 0.011837 -0.339793 -0.345370
v 0.013696 -0.355589 -0.321287
v 0.035735 -0.356927 -0.319493
v 0.036943 -0.371287 -0.296499
v 0.058360 -0.376254 -0.297275
v 0.059057 -0.389913 -0.274733
v 0.080645 -0.395108 -0.275662
v 0.081425 -0.406019 -0.252443
v 0.103790 -0.407667 -0.252015
v 0.104412 -0.417968 -0.229136
v 0.126691 -0.416774 -0.227858
v 0.126772 -0.424013 -0.204616
v 0.149293 -0.421952 -0.203942
v -0.034757 -0.115806 -0.482030
v -0.001320 -0.119635 -0.478358
v 0.001260 -0.145224 -0.476742
v 0.021691 -0.148542 -0.471503
v 0.032437 -0.196809 -0.461832
v 0.051474 -0.199063 -0.455338
v 0.061067 -0.223747 -0.444877
v 0.086593 -0.223730 -0.428379
v 0.089700 -0.244011 -0.413640
v 0.112900 -0.244561 -0.407089
v 0.113530 -0.266308 -0.396366
v 0.138198 -0.263105 -0.384223
v 0.137728 -0.282858 -0.370142
v 0.164721 -0.279353 -0.358902
v 0.164897 -0.299212 -0.346071
v 0.190482 -0.294789 -0.334978
v 0.190603 -0.314214 -0.322686
v 0.216478 -0.309924 -0.314045
v 0.215549 -0.326942 -0.300106
v 0.239063 -0.319977 -0.289679
v 0.235558 -0.333821 -0.274108
v 0.255362 -0.325084 -0.261137
v 0.249647 -0.337638 -0.247231
v 0.265405 -0.334804 -0.233493
v -0.015001 0.447037 0.115919
v -0.048407 0.413689 0.125785
v -0.063249 0.393626 0.130286
v -0.078954 0.373229 0.129363
v -0.094980 0.354312 0.122172
vn -0.0332 -0.9990 -0.0292
vn -0.1002 -0.9950 -0.0050
vn -0.0529 -0.9983 -0.0263
vn 0.5762 0.5072 -0.6409
vn 0.0444 0.2791 -0.9592
vn 0.4387 0.1400 -0.8877
vn 0.1703 0.5352 -0.8274
vn 0.7764 0.5257 0.3477
vn 0.9256 0.2732 0.2620
vn 0.6525 0.3090 0.6920
vn 0.6120 0.3125 0.7265
vn 0.4789 0.5605 0.6757
vn 0.5308 0.5941 0.6044
vn 0.5800 0.7065 0.4054
vn -0.0567 0.4386 0.8969
vn -0.0622 0.3499 0.9347
vn -0.2580 0.4228 0.8687
vn -0.1590 0.4764 0.8647
vn -0.1312 0.5669 0.8133
vn 0.0328 0.5052 0.8624
vn -0.0809 0.4440 0.8923
vn -0.0368 0.3788 0.9247
vn -0.0660 0.5949 0.8011
vn -0.1167 0.5809 0.8055
vn -0.6131 0.7017 0.3629
vn -0.5508 0.7657 0.3323
vn -0.6601 0.7358 0.1510
vn -0.8243 0.5614 -0.0728
vn -0.8274 0.5509 -0.1094
vn -0.7566 0.6384 0.1413
vn -0.8050 0.5921 0.0370
vn -0.9005 0.4343 0.0240
vn -0.8088 0.5705 -0.1426
vn -0.7367 0.6758 -0.0255
vn -0.7257 0.6818 0.0922
vn -0.7217 0.6897 0.0599
vn -0.6531 0.7561 0.0428
vn 0.9457 -0.1761 0.2733
vn 0.9505 -0.1235 0.2852
vn 0.7599 -0.2269 0.6092
vn 0.7978 -0.3290 0.5052
vn 0.8715 -0.3176 0.3735
vn 0.8603 -0.1620 0.4833
vn 0.7954 -0.3783 0.4734
vn 0.9705 0.0726 0.2299
vn 0.9985 0.0267 0.0480
vn 0.8080 0.1098 0.5788
vn 0.6321 -0.7093 0.3119
vn 0.6703 -0.6686 0.3219
vn 0.6707 -0.6699 0.3186
vn 0.6229 -0.7115 0.3252
vn 0.5867 -0.6981 0.4103
vn 0.4712 -0.7408 0.4788
vn 0.5052 -0.7006 0.5039
vn 0.5878 -0.6536 0.4768
vn 0.3829 -0.6995 0.6034
vn 0.3202 -0.6426 0.6961
vn 0.5172 -0.6283 0.5812
vn 0.2688 -0.7085 0.6525
vn 0.2234 -0.5968 0.7707
vn 0.3084 -0.5696 0.7619
vn 0.3383 -0.5179 0.7857
vn 0.4541 -0.4844 0.7477
vn 0.1678 -0.6871 0.7069
vn 0.2257 -0.5756 0.7860
vn 0.2967 -0.5043 0.8109
vn 0.3259 -0.4561 0.8281
vn 0.3754 -0.4787 0.7936
vn 0.2860 -0.5677 0.7720
vn 0.2992 -0.5119 0.8052
vn 0.3118 -0.5326 0.7868
vn 0.3296 -0.4294 0.8408
vn 0.3463 -0.4231 0.8373
vn 0.5385 -0.5958 0.5959
vn 0.5872 -0.5425 0.6007
vn 0.6221 -0.5072 0.5965
vn 0.6594 -0.4571 0.5969
vn 0.5004 -0.5202 0.6921
vn 0.7049 -0.5514 0.4462
vn 0.7371 -0.5090 0.4444
vn 0.7627 -0.4653 0.4492
vn 0.7870 -0.4108 0.4603
vn 0.6873 -0.3891 0.6133
vn 0.7832 -0.5154 0.3478
vn 0.8099 -0.4632 0.3599
vn 0.8469 -0.3985 0.3520
vn 0.8903 -0.3025 0.3404
vn 0.8215 -0.3108 0.4781
vn 0.8486 -0.4482 0.2810
vn 0.8855 -0.3748 0.2745
vn 0.9161 -0.2901 0.2769
vn 0.9379 -0.2004 0.2830
vn 0.9185 -0.1993 0.3415
vn 0.8969 -0.3706 0.2414
vn 0.9211 -0.2944 0.2546
vn 0.9393 -0.2098 0.2714
vn 0.9502 -0.1280 0.2841
vn 0.9493 -0.1193 0.2908
vn 0.9345 -0.2955 0.1984
vn 0.9516 -0.2263 0.2079
vn 0.9651 -0.1363 0.2234
vn 0.9722 -0.0300 0.2324
vn 0.9580 -0.0338 0.2846
vn 0.9668 -0.2161 0.1364
vn 0.9820 -0.1409 0.1255
vn 0.9880 -0.0531 0.1448
vn 0.9844 0.0246 0.1740
vn 0.9709 0.0406 0.2361
vn 0.9900 -0.1344 0.0436
vn 0.9943 -0.0921 0.0537
vn 0.9962 -0.0123 0.0860
vn 0.9910 0.0734 0.1123
vn 0.9785 0.0842 0.1881
vn 0.9933 -0.1065 -0.0445
vn 0.9985 -0.0397 -0.0376
vn 0.9984 0.0532 -0.0179
vn 0.9904 0.1380 0.0075
vn 0.9806 0.1513 0.1243
vn 0.9943 -0.0327 -0.1015
vn 0.9934 0.0444 -0.1056
vn 0.9876 0.1237 -0.0970
vn 0.9729 0.2154 -0.0837
vn 0.9744 0.2225 0.0322
vn 0.9808 0.0570 -0.1867
vn 0.9726 0.1344 -0.1899
vn 0.9569 0.2229 -0.1863
vn 0.9389 0.3026 -0.1640
vn 0.9466 0.3149 -0.0686
vn 0.9398 0.1477 -0.3082
vn 0.9315 0.2247 -0.2860
vn 0.9225 0.2853 -0.2598
vn 0.9117 0.3416 -0.2282
vn 0.9235 0.3615 -0.1280
vn 0.9175 0.2136 -0.3356
vn 0.9050 0.2830 -0.3176
vn 0.8869 0.3424 -0.3101
vn 0.8658 0.4046 -0.2946
vn 0.8907 0.4160 -0.1832
vn 0.8961 0.2784 -0.3458
vn 0.8811 0.3506 -0.3175
vn 0.8639 0.4023 -0.3032
vn 0.8651 0.4226 -0.2702
vn 0.8441 0.4459 -0.2978
vn 0.8581 0.3461 -0.3793
vn 0.8709 0.3833 -0.3075
vn 0.8763 0.3950 -0.2760
vn 0.8010 0.5383 -0.2618
vn 0.8183 0.4966 -0.2894
vn 0.7591 0.4620 -0.4586
vn 0.6879 0.5023 -0.5240
vn 0.6533 0.5644 -0.5047
vn 0.6263 0.6350 -0.4522
vn 0.7143 0.6434 -0.2754
vn 0.5943 0.5274 -0.6072
vn 0.5703 0.5578 -0.6030
vn 0.5589 0.5976 -0.5749
vn 0.5397 0.6775 -0.4998
vn 0.5869 0.7222 -0.3660
vn 0.6035 0.5716 -0.5559
vn 0.5713 0.5961 -0.5641
vn 0.5374 0.6437 -0.5448
vn 0.4931 0.7264 -0.4787
vn 0.5132 0.7535 -0.4111
vn 0.6158 0.6281 -0.4757
vn 0.5763 0.6499 -0.4955
vn 0.5171 0.7150 -0.4706
vn 0.4659 0.7736 -0.4296
vn 0.4624 0.7782 -0.4250
vn 0.4660 0.6749 -0.5721
vn 0.4480 0.7109 -0.5421
vn 0.4177 0.7660 -0.4887
vn 0.3939 0.8040 -0.4455
vn 0.4283 0.8092 -0.4022
vn 0.2728 0.7001 -0.6599
vn 0.2248 0.7108 -0.6665
vn 0.2127 0.7605 -0.6135
vn 0.2004 0.7940 -0.5740
vn 0.3732 0.8326 -0.4092
vn 0.0779 0.6598 -0.7474
vn 0.0516 0.6889 -0.7230
vn 0.0469 0.7225 -0.6897
vn 0.0624 0.7648 -0.6412
vn 0.1707 0.8401 -0.5148
vn 0.2413 0.7112 -0.6603
vn 0.2112 0.7400 -0.6386
vn 0.2493 0.7573 -0.6037
vn 0.2191 0.8424 -0.4923
vn 0.5472 0.7150 -0.4352
vn 0.5077 0.7635 -0.3992
vn 0.4138 0.8428 -0.3443
vn 0.2333 0.9063 -0.3523
vn 0.2805 0.9114 -0.3012
vn 0.1863 0.9332 -0.3073
vn 0.1585 0.9344 -0.3189
vn 0.2344 0.8996 -0.3684
vn 0.1352 0.9336 -0.3320
vn 0.3595 0.8766 -0.3198
vn 0.1760 0.9222 -0.3442
vn 0.0973 0.9272 -0.3616
vn 0.0680 0.9394 -0.3360
vn 0.0634 0.9442 -0.3231
vn 0.0754 0.9399 -0.3330
vn 0.0519 0.9495 -0.3094
vn 0.1622 0.9419 -0.2942
vn -0.0195 0.9460 -0.3235
vn -0.0195 0.9443 -0.3286
vn -0.0536 0.9484 -0.3126
vn -0.0409 0.9496 -0.3109
vn 0.0711 0.9511 -0.3005
vn -0.0919 0.9306 -0.3543
vn -0.0206 0.9298 -0.3676
vn 0.0819 0.9358 -0.3429
vn 0.0175 0.9043 -0.4266
vn 0.1107 0.9027 -0.4157
vn 0.0503 0.8622 -0.5041
vn 0.1212 0.8522 -0.5090
vn 0.0806 0.8011 -0.5931
vn 0.1453 0.8021 -0.5793
vn 0.0630 0.6867 -0.7242
vn 0.1289 0.7293 -0.6719
vn 0.3716 0.7335 -0.5691
vn -0.0086 0.7195 -0.6945
vn -0.0832 0.5585 -0.8253
vn -0.2209 0.6339 -0.7412
vn -0.3660 0.4480 -0.8157
vn -0.3060 0.4320 -0.8484
vn -0.5409 0.1464 -0.8282
vn -0.8020 0.3406 -0.4907
vn -0.8348 0.2107 -0.5086
vn -0.6164 0.0731 -0.7840
vn -0.9048 0.1177 -0.4093
vn -0.7506 -0.1239 -0.6490
vn -0.7804 -0.0206 -0.6250
vn -0.9313 0.1287 -0.3408
vn -0.7931 -0.0321 -0.6082
vn -0.9348 0.0556 -0.3509
vn -0.9065 0.2664 -0.3276
vn -0.8459 0.4193 -0.3297
vn -0.8229 0.4510 -0.3456
vn -0.6739 0.5430 -0.5010
vn -0.3566 0.8902 -0.2835
vn -0.2710 0.9462 -0.1768
vn -0.4132 0.8882 -0.2008
vn -0.3994 0.8586 0.3213
vn -0.5899 0.7382 0.3273
vn -0.4070 0.8617 -0.3030
vn -0.1478 0.9516 0.2696
vn 0.4729 0.8402 0.2653
vn 0.0783 0.8385 -0.5392
vn -0.3236 0.7967 -0.5104
vn -0.2403 0.7556 -0.6094
vn -0.1868 0.7126 -0.6763
vn -0.4451 0.4184 -0.7917
vn -0.2331 0.1214 -0.9648
vn -0.1587 -0.0224 -0.9871
vn -0.2355 -0.0939 -0.9673
vn -0.0027 -0.0864 -0.9963
vn 0.2087 -0.1534 -0.9659
vn 0.3797 -0.1514 -0.9126
vn 0.4134 -0.2126 -0.8854
vn 0.4980 -0.2550 -0.8288
vn 0.6772 0.0530 -0.7339
vn 0.5964 -0.3088 -0.7409
vn 0.7527 0.2947 -0.5887
vn 0.6679 0.6195 -0.4125
vn 0.5109 0.8280 -0.2313
vn 0.2542 0.8195 -0.5137
vn 0.1986 0.8175 -0.5406
vn 0.1962 0.8452 -0.4972
vn 0.1861 0.9047 -0.3832
vn 0.1833 0.9382 -0.2936
vn 0.1833 0.9467 -0.2650
vn 0.1696 0.9465 -0.2746
vn 0.2034 0.9391 -0.2770
vn 0.2043 0.9451 -0.2552
vn 0.1630 0.9247 -0.3440
vn 0.1371 0.9372 -0.3206
vn 0.1132 0.9124 -0.3934
vn 0.1162 0.9384 -0.3255
vn 0.1399 0.8870 -0.4401
vn 0.1820 0.9293 -0.3213
vn 0.2633 0.9036 -0.3378
vn 0.3269 0.8716 -0.3655
vn 0.2945 0.8939 -0.3379
vn 0.3548 0.8642 -0.3567
vn 0.3952 0.8384 -0.3754
vn 0.3857 0.8514 -0.3554
vn 0.4152 0.8389 -0.3520
vn 0.4356 0.8164 -0.3791
vn 0.4394 0.8299 -0.3438
vn 0.4660 0.8185 -0.3359
vn 0.4963 0.7904 -0.3591
vn 0.5349 0.8013 -0.2678
vn 0.5520 0.7935 -0.2560
vn 0.5551 0.7812 -0.2857
vn 0.5991 0.7858 -0.1533
vn 0.5962 0.7866 -0.1606
vn 0.6430 0.7366 -0.2099
vn 0.6209 0.7799 -0.0792
vn 0.6649 0.7377 -0.1169
vn 0.7445 0.6410 -0.1867
vn 0.6674 0.7423 -0.0601
vn 0.7445 0.6552 -0.1277
vn 0.7922 0.5691 -0.2203
vn 0.7512 0.6581 -0.0498
vn 0.8051 0.5764 -0.1400
vn 0.8646 0.4836 -0.1367
vn 0.8356 0.5427 -0.0851
vn 0.8662 0.4958 -0.0621
vn 0.8973 0.4317 -0.0920
vn 0.8641 0.5031 -0.0150
vn 0.8975 0.4399 -0.0316
vn 0.9229 0.3817 -0.0509
vn 0.9008 0.4330 0.0335
vn 0.9265 0.3739 0.0430
vn 0.9494 0.3106 0.0466
vn 0.9315 0.3473 0.1079
vn 0.9460 0.2986 0.1264
vn 0.9636 0.2336 0.1301
vn 0.9451 0.2807 0.1674
vn 0.9566 0.2293 0.1799
vn 0.9707 0.1497 0.1879
vn 0.9552 0.2119 0.2064
vn 0.9644 0.1376 0.2257
vn 0.9683 0.0837 0.2353
vn 0.9590 0.1202 0.2567
vn 0.9602 0.0765 0.2685
vn 0.9603 0.0363 0.2767
vn 0.9545 0.0675 0.2906
vn 0.9543 0.0299 0.2973
vn 0.9540 -0.0355 0.2977
vn 0.9405 0.0189 0.3392
vn 0.9364 -0.0340 0.3493
vn 0.9306 -0.1120 0.3485
vn 0.8787 -0.0420 0.4755
vn 0.8683 -0.1151 0.4824
vn 0.8498 -0.2051 0.4856
vn 0.7423 -0.1264 0.6580
vn 0.7267 -0.2070 0.6550
vn 0.7100 -0.2961 0.6389
vn 0.5746 -0.3078 0.7583
vn 0.6316 -0.2686 0.7273
vn 0.6081 -0.2554 0.7517
vn 0.4163 -0.2200 0.8822
vn 0.3925 -0.3032 0.8683
vn 0.3674 -0.3739 0.8516
vn 0.4401 -0.3186 0.8395
vn 0.4227 -0.3942 0.8161
vn 0.3909 -0.4441 0.8062
vn 0.4858 -0.3826 0.7858
vn 0.5831 -0.4764 0.6580
vn 0.6372 -0.5416 0.5484
vn 0.6921 -0.5701 0.4427
vn 0.6639 -0.6441 0.3800
vn 0.7216 -0.5955 0.3531
vn 0.6930 -0.6327 0.3457
vn 0.6059 -0.7195 0.3396
vn 0.5898 -0.7134 0.3785
vn 0.5486 -0.7692 0.3276
vn 0.4488 -0.7996 0.3989
vn 0.3863 -0.8453 0.3691
vn 0.3541 -0.8927 0.2789
vn 0.5346 -0.7666 0.3557
vn 0.3877 -0.8929 0.2291
vn 0.4501 -0.8346 0.3175
vn 0.4037 -0.8587 0.3158
vn 0.4417 -0.7453 0.4995
vn 0.3806 -0.8051 0.4550
vn 0.3459 -0.7680 0.5390
vn 0.2853 -0.7599 0.5840
vn 0.2631 -0.8063 0.5298
vn 0.2156 -0.7766 0.5920
vn 0.1848 -0.7397 0.6471
vn 0.1552 -0.8192 0.5522
vn 0.1543 -0.7787 0.6081
vn 0.2201 -0.7107 0.6682
vn 0.2027 -0.8402 0.5029
vn 0.3254 -0.7726 0.5452
vn 0.3922 -0.6981 0.5991
vn 0.4546 -0.7728 0.4428
vn 0.5478 -0.7014 0.4560
vn 0.6521 -0.6155 0.4426
vn 0.6430 -0.7143 0.2764
vn 0.7207 -0.6221 0.3060
vn 0.7659 -0.5517 0.3301
vn 0.7411 -0.6372 0.2116
vn 0.7813 -0.5679 0.2589
vn 0.8061 -0.5214 0.2800
vn 0.7822 -0.5873 0.2080
vn 0.8244 -0.5180 0.2281
vn 0.8704 -0.4323 0.2355
vn 0.8378 -0.5140 0.1840
vn 0.8811 -0.4305 0.1958
vn 0.9086 -0.3669 0.1994
vn 0.8877 -0.4359 0.1483
vn 0.9191 -0.3611 0.1578
vn 0.9465 -0.2828 0.1555
vn 0.9258 -0.3642 0.1015
vn 0.9615 -0.2572 0.0965
vn 0.9832 -0.1695 0.0672
vn 0.9714 -0.2375 -0.0061
vn 0.9918 -0.1267 -0.0174
vn 0.9924 -0.1173 -0.0366
vn 0.9878 -0.1257 -0.0917
vn 0.9910 -0.1077 -0.0795
vn 0.9921 -0.0903 -0.0870
vn 0.9735 -0.1214 -0.1936
vn 0.9801 -0.0747 -0.1840
vn 0.9830 -0.0109 -0.1835
vn 0.9359 -0.0755 -0.3441
vn 0.9427 0.0002 -0.3337
vn 0.9437 0.0695 -0.3235
vn 0.9247 0.0070 -0.3806
vn 0.9240 0.0705 -0.3757
vn 0.9225 0.1409 -0.3594
vn 0.9226 0.0764 -0.3781
vn 0.9147 0.1476 -0.3763
vn 0.9047 0.2099 -0.3707
vn 0.8928 0.1652 -0.4192
vn 0.8839 0.2187 -0.4135
vn 0.8719 0.2744 -0.4054
vn 0.8536 0.3146 -0.4151
vn 0.8640 0.2938 -0.4089
vn 0.8430 0.2776 -0.4607
vn 0.7047 0.2951 -0.6453
vn 0.6809 0.3828 -0.6244
vn 0.6720 0.4463 -0.5910
vn 0.6783 0.3951 -0.6195
vn 0.6748 0.4925 -0.5497
vn 0.6273 0.5343 -0.5665
vn 0.6848 0.4935 -0.5362
vn 0.6777 0.5072 -0.5325
vn 0.6562 0.5759 -0.4875
vn 0.6087 0.6520 -0.4520
vn 0.6795 0.5859 -0.4416
vn 0.5937 0.5753 -0.5626
vn 0.2416 0.5293 -0.8133
vn 0.2880 0.5753 -0.7656
vn 0.3163 0.6078 -0.7283
vn 0.1918 0.5691 -0.7996
vn 0.1774 0.6149 -0.7684
vn 0.1333 0.6391 -0.7575
vn 0.3932 0.5791 -0.7141
vn 0.2840 0.6821 -0.6739
vn 0.2584 0.6977 -0.6682
vn 0.6495 0.6294 -0.4267
vn 0.6212 0.6564 -0.4280
vn 0.5961 0.6753 -0.4343
vn 0.7248 0.6260 -0.2878
vn 0.6815 0.6669 -0.3015
vn 0.6243 0.7261 -0.2880
vn 0.4689 0.8082 -0.3562
vn 0.4083 0.8465 -0.3415
vn 0.2120 0.8864 -0.4114
vn 0.1901 0.9077 -0.3741
vn 0.1028 0.8932 -0.4377
vn 0.1131 0.9147 -0.3879
vn 0.0516 0.8858 -0.4613
vn 0.0732 0.9145 -0.3978
vn 0.0093 0.8770 -0.4804
vn 0.0292 0.9098 -0.4141
vn 0.0350 0.9283 -0.3701
vn 0.0286 0.9057 -0.4230
vn -0.0113 0.9489 -0.3152
vn -0.0368 0.9476 -0.3173
vn -0.1353 0.9457 -0.2956
vn -0.1329 0.9403 -0.3133
vn -0.1139 0.9404 -0.3204
vn -0.1419 0.9356 -0.3233
vn -0.2113 0.9141 -0.3460
vn -0.1955 0.9136 -0.3566
vn -0.1647 0.9015 -0.4003
vn -0.0979 0.8933 -0.4387
vn -0.0445 0.8547 -0.5172
vn -0.1740 0.8294 -0.5309
vn -0.0156 0.8022 -0.5968
vn -0.1520 0.7903 -0.5936
vn -0.1282 0.7625 -0.6341
vn -0.2735 0.7434 -0.6103
vn -0.3743 0.6696 -0.6415
vn -0.4416 0.7304 -0.5211
vn -0.3390 0.6537 -0.6766
vn -0.5242 0.6748 -0.5194
vn -0.6200 0.6157 -0.4863
vn -0.5591 0.7185 -0.4137
vn -0.7379 0.5260 -0.4229
vn -0.7166 0.6248 -0.3101
vn -0.8600 0.3291 -0.3899
vn -0.8196 0.5167 -0.2475
vn -0.8723 0.0285 -0.4881
vn -0.9129 0.1666 -0.3725
vn -0.9029 0.1092 -0.4157
vn -0.9517 0.1550 -0.2650
vn -0.8983 0.3593 -0.2530
vn -0.7989 0.5967 -0.0756
vn -0.7440 0.6074 0.2786
vn -0.2383 0.5992 0.7643
vn -0.2049 0.4170 0.8855
vn -0.2091 0.5730 0.7924
vn 0.2887 0.3594 0.8874
vn 0.8801 0.3034 0.3653
vn 0.7838 0.5432 -0.3011
vn 0.5377 0.4394 -0.7196
vn -0.1415 0.6813 -0.7182
vn -0.1640 0.6315 -0.7578
vn -0.0583 0.5099 -0.8582
vn -0.0316 0.3293 -0.9437
vn 0.0417 0.2326 -0.9717
vn 0.0746 0.1983 -0.9773
vn 0.1025 0.0848 -0.9911
vn 0.0768 0.1308 -0.9884
vn 0.2038 -0.1154 -0.9722
vn 0.2252 -0.1080 -0.9683
vn 0.3767 -0.2165 -0.9007
vn 0.4014 -0.2610 -0.8779
vn 0.4363 -0.2874 -0.8527
vn 0.7550 -0.3326 -0.5651
vn 0.5758 -0.4086 -0.7081
vn 0.7713 -0.3004 -0.5611
vn 0.7843 -0.1577 -0.6000
vn 0.9449 0.2382 -0.2247
vn 0.7157 0.6962 -0.0555
vn 0.5696 0.8203 0.0518
vn 0.4083 0.8935 -0.1869
vn 0.5391 0.8359 -0.1032
vn 0.2983 0.8347 -0.4629
vn 0.4239 0.8760 -0.2302
vn 0.1996 0.8512 -0.4854
vn 0.2541 0.8767 -0.4085
vn 0.1772 0.8933 -0.4131
vn 0.1539 0.9201 -0.3602
vn 0.1643 0.9302 -0.3284
vn 0.1091 0.9337 -0.3409
vn 0.1718 0.9431 -0.2846
vn 0.1267 0.9387 -0.3206
vn 0.1108 0.9408 -0.3204
vn 0.1825 0.9245 -0.3346
vn 0.2287 0.9206 -0.3166
vn 0.2443 0.9085 -0.3391
vn 0.3151 0.8834 -0.3470
vn 0.2658 0.8924 -0.3645
vn 0.3406 0.8671 -0.3636
vn 0.4141 0.8342 -0.3641
vn 0.3954 0.8521 -0.3429
vn 0.4652 0.8217 -0.3291
vn 0.5014 0.8109 -0.3016
vn 0.5523 0.8010 -0.2311
vn 0.5969 0.7775 -0.1980
vn 0.6108 0.7738 -0.1679
vn 0.6586 0.7434 -0.1169
vn 0.6508 0.7542 -0.0879
vn 0.6224 0.7793 -0.0729
vn 0.6679 0.7434 -0.0375
vn 0.6315 0.7750 -0.0245
vn 0.6312 0.7751 -0.0294
vn 0.6329 0.7741 -0.0142
vn 0.6335 0.7737 -0.0126
vn 0.6714 0.7408 -0.0214
vn 0.6392 0.7687 -0.0222
vn 0.6838 0.7296 -0.0146
vn 0.7600 0.6497 -0.0202
vn 0.6980 0.7161 0.0041
vn 0.7678 0.6406 0.0053
vn 0.8070 0.5898 -0.0307
vn 0.7718 0.6347 0.0384
vn 0.8242 0.5663 -0.0064
vn 0.8646 0.5016 0.0304
vn 0.8409 0.5399 0.0371
vn 0.8654 0.4956 0.0737
vn 0.9048 0.4168 0.0868
vn 0.8654 0.4871 0.1172
vn 0.9065 0.3996 0.1360
vn 0.9333 0.3245 0.1535
vn 0.9036 0.3901 0.1771
vn 0.9298 0.3181 0.1851
vn 0.9437 0.2700 0.1912
vn 0.9204 0.3198 0.2251
vn 0.9362 0.2659 0.2297
vn 0.9508 0.1948 0.2411
vn 0.9286 0.2638 0.2610
vn 0.9441 0.1860 0.2723
vn 0.9528 0.1104 0.2827
vn 0.9256 0.1949 0.3244
vn 0.9409 0.1144 0.3188
vn 0.9443 0.0552 0.3244
vn 0.8696 0.1342 0.4751
vn 0.8809 0.0579 0.4697
vn 0.8837 0.0084 0.4680
vn 0.7411 0.0820 0.6663
vn 0.7552 0.0194 0.6552
vn 0.7549 -0.0521 0.6537
vn 0.6624 -0.0691 0.7460
vn 0.6836 -0.0776 0.7257
vn 0.6337 -0.0436 0.7723
vn 0.4439 -0.0634 0.8939
vn 0.4360 -0.1584 0.8859
vn 0.4262 -0.1869 0.8851
vn 0.4969 -0.1383 0.8567
vn 0.5162 -0.1899 0.8352
vn 0.4957 -0.2529 0.8309
vn 0.5386 -0.1285 0.8327
vn 0.5320 -0.2819 0.7985
vn 0.6496 -0.2804 0.7067
vn 0.7122 -0.3448 0.6115
vn 0.7523 -0.4253 0.5032
vn 0.7753 -0.4914 0.3968
vn 0.7458 -0.5288 0.4051
vn 0.6543 -0.5808 0.4842
vn 0.5650 -0.6673 0.4853
vn 0.4209 -0.7437 0.5195
vn 0.3326 -0.8490 0.4105
vn 0.2187 -0.8415 0.4940
vn 0.2331 -0.8526 0.4677
vn 0.2633 -0.8663 0.4244
vn 0.2086 -0.9095 0.3596
vn 0.1992 -0.9452 0.2588
vn 0.1972 -0.9639 0.1786
vn 0.2097 -0.9677 0.1398
vn 0.2439 -0.9611 0.1298
vn 0.2588 -0.9346 0.2441
vn 0.2349 -0.9561 0.1750
vn 0.3258 -0.8764 0.3546
vn 0.1264 -0.9719 0.1986
vn 0.2394 -0.8993 0.3659
vn 0.2958 -0.8371 0.4601
vn 0.1654 -0.9315 0.3239
vn 0.2306 -0.8801 0.4150
vn 0.1979 -0.8473 0.4928
vn 0.1650 -0.9155 0.3669
vn 0.1572 -0.8877 0.4327
vn 0.1492 -0.8703 0.4693
vn 0.1584 -0.9325 0.3246
vn 0.1879 -0.9191 0.3465
vn 0.2886 -0.8835 0.3690
vn 0.2396 -0.9481 0.2089
vn 0.3714 -0.9001 0.2277
vn 0.4449 -0.8454 0.2955
vn 0.4371 -0.8923 0.1127
vn 0.5614 -0.7989 0.2159
vn 0.6773 -0.7175 0.1624
vn 0.6318 -0.7588 0.1584
vn 0.6743 -0.7276 0.1260
vn 0.7324 -0.6596 0.1688
vn 0.6659 -0.7373 0.1135
vn 0.7232 -0.6759 0.1420
vn 0.7836 -0.5978 0.1691
vn 0.7221 -0.6818 0.1168
vn 0.7921 -0.5968 0.1282
vn 0.8474 -0.5129 0.1372
vn 0.8059 -0.5864 0.0816
vn 0.8541 -0.5138 0.0809
vn 0.8921 -0.4426 0.0907
vn 0.8612 -0.5082 -0.0115
vn 0.8948 -0.4462 -0.0164
vn 0.9283 -0.3718 -0.0112
vn 0.8966 -0.4323 -0.0961
vn 0.9248 -0.3638 -0.1113
vn 0.9648 -0.2382 -0.1113
vn 0.9182 -0.3371 -0.2083
vn 0.9450 -0.2395 -0.2228
vn 0.9646 -0.1562 -0.2126
vn 0.9195 -0.2108 -0.3319
vn 0.9217 -0.1592 -0.3537
vn 0.9242 -0.1388 -0.3558
vn 0.9300 -0.1460 -0.3373
vn 0.9285 -0.1246 -0.3498
vn 0.9264 -0.0611 -0.3715
vn 0.8977 -0.1120 -0.4261
vn 0.9120 -0.0520 -0.4068
vn 0.9213 0.0085 -0.3887
vn 0.8793 -0.0680 -0.4713
vn 0.8914 0.0005 -0.4532
vn 0.8969 0.0823 -0.4344
vn 0.8685 0.0522 -0.4929
vn 0.8780 0.0619 -0.4747
vn 0.8805 0.0814 -0.4670
vn 0.7315 0.1087 -0.6731
vn 0.7179 0.1927 -0.6690
vn 0.7117 0.2348 -0.6621
vn 0.7339 0.1853 -0.6535
vn 0.7311 0.2341 -0.6408
vn 0.7111 0.3018 -0.6351
vn 0.7121 0.2323 -0.6625
vn 0.6973 0.3173 -0.6428
vn 0.6805 0.3915 -0.6194
vn 0.5139 0.3238 -0.7944
vn 0.5079 0.3904 -0.7679
vn 0.6244 0.3626 -0.6919
vn 0.3268 0.3745 -0.8677
vn 0.2987 0.4445 -0.8445
vn 0.2593 0.5009 -0.8257
vn 0.2980 0.4512 -0.8412
vn 0.2702 0.5225 -0.8087
vn 0.2339 0.5497 -0.8020
vn 0.5256 0.4652 -0.7122
vn 0.2597 0.5701 -0.7794
vn 0.1937 0.6407 -0.7429
vn 0.6416 0.4374 -0.6301
vn 0.5570 0.5964 -0.5780
vn 0.6567 0.5247 -0.5417
vn 0.8347 0.4686 -0.2894
vn 0.8110 0.5170 -0.2738
vn 0.7581 0.5884 -0.2813
vn 0.6097 0.6735 -0.4180
vn 0.5714 0.7276 -0.3796
vn 0.5275 0.7642 -0.3710
vn 0.2632 0.8261 -0.4983
vn 0.2395 0.8541 -0.4616
vn 0.0729 0.8314 -0.5509
vn 0.0881 0.8606 -0.5016
vn 0.0098 0.8191 -0.5736
vn 0.0281 0.8486 -0.5282
vn -0.0188 0.8125 -0.5827
vn -0.0099 0.8389 -0.5442
vn 0.0141 0.8136 -0.5812
vn 0.0145 0.8360 -0.5486
vn 0.0226 0.8729 -0.4873
vn 0.0780 0.8381 -0.5400
vn 0.0631 0.8767 -0.4769
vn 0.0461 0.9130 -0.4054
vn -0.0234 0.8993 -0.4368
vn -0.0561 0.9338 -0.3533
vn -0.2327 0.9223 -0.3087
vn -0.1965 0.9430 -0.2686
vn -0.3127 0.9055 -0.2870
vn -0.2470 0.9237 -0.2930
vn -0.2384 0.9186 -0.3151
vn -0.2955 0.9034 -0.3107
vn -0.2410 0.9026 -0.3568
vn -0.2075 0.9043 -0.3732
vn -0.1873 0.9033 -0.3860
vn -0.1880 0.8795 -0.4371
vn -0.2050 0.8532 -0.4796
vn -0.2220 0.8048 -0.5504
vn -0.1928 0.8418 -0.5041
vn -0.2540 0.7995 -0.5443
vn -0.1521 0.8537 -0.4981
vn -0.2385 0.8400 -0.4873
vn -0.4142 0.7805 -0.4683
vn -0.4544 0.7424 -0.4923
vn -0.5163 0.7239 -0.4575
vn -0.6581 0.7181 -0.2265
vn -0.6516 0.5445 -0.5282
vn -0.8441 0.2535 -0.4725
vn -0.8524 0.1240 -0.5080
vn -0.7897 0.2378 -0.5655
vn -0.8686 0.2193 -0.4443
vn -0.9467 0.2624 -0.1869
vn -0.9569 0.2156 -0.1945
vn -0.9532 0.2620 0.1511
vn -0.8644 0.2970 0.4058
vn -0.7621 0.4342 0.4803
vn -0.4422 0.6282 0.6401
vn -0.2735 0.4765 0.8356
vn -0.1432 0.4521 0.8804
vn -0.0934 0.4126 0.9061
vn -0.0159 0.2916 0.9564
vn -0.0117 0.3800 0.9249
vn 0.2839 0.2841 0.9158
vn 0.7120 0.2408 0.6596
vn 0.9432 -0.0811 0.3221
vn 0.9930 0.0203 -0.1166
vn 0.7916 0.1501 -0.5923
vn 0.1611 0.3968 -0.9037
vn 0.1704 -0.3351 0.9267
vn 0.1601 -0.3008 0.9402
vn 0.0063 -0.3072 0.9516
vn 0.1249 0.2897 -0.9489
vn 0.0903 0.1923 -0.9772
vn 0.1562 0.0859 -0.9840
vn 0.2794 0.0316 -0.9596
vn 0.2295 -0.0321 -0.9728
vn 0.3644 -0.1473 -0.9195
vn 0.3895 -0.2307 -0.8917
vn 0.5407 -0.3330 -0.7725
vn 0.7352 -0.0887 -0.6720
vn 0.7632 -0.2234 -0.6063
vn 0.8826 -0.2420 -0.4030
vn 0.9754 -0.1864 -0.1173
vn 0.9564 -0.2419 -0.1634
vn 0.8992 -0.2763 -0.3392
vn 0.9289 -0.1002 -0.3565
vn 0.8880 0.4574 -0.0472
vn 0.6962 0.7178 -0.0082
vn 0.5833 0.8074 0.0882
vn 0.5475 0.8284 0.1181
vn 0.5555 0.8299 0.0515
vn 0.3907 0.9200 0.0300
vn 0.2587 0.9588 -0.1172
vn 0.1305 0.9681 -0.2140
vn 0.1183 0.9403 -0.3192
vn 0.1429 0.9152 -0.3769
vn 0.2305 0.9033 -0.3619
vn 0.1841 0.9476 -0.2610
vn 0.3057 0.8931 -0.3300
vn 0.3569 0.9193 -0.1660
vn 0.4243 0.8888 -0.1733
vn 0.4766 0.8431 -0.2489
vn 0.5450 0.8270 -0.1383
vn 0.6222 0.7696 -0.1434
vn 0.5891 0.8071 -0.0379
vn 0.6671 0.7429 -0.0565
vn 0.6930 0.7189 -0.0542
vn 0.6743 0.7384 0.0043
vn 0.7007 0.7133 -0.0177
vn 0.6660 0.7457 -0.0197
vn 0.6885 0.7252 -0.0004
vn 0.6544 0.7558 -0.0234
vn 0.6312 0.7751 -0.0289
vn 0.6437 0.7652 -0.0104
vn 0.6333 0.7738 -0.0144
vn 0.6522 0.7580 -0.0065
vn 0.6409 0.7675 0.0127
vn 0.6659 0.7456 0.0244
vn 0.7087 0.7046 0.0358
vn 0.6766 0.7358 0.0280
vn 0.7171 0.6955 0.0456
vn 0.7735 0.6309 0.0609
vn 0.7269 0.6839 0.0627
vn 0.7834 0.6177 0.0692
vn 0.8153 0.5723 0.0878
vn 0.8010 0.5912 0.0945
vn 0.8199 0.5537 0.1456
vn 0.8611 0.4815 0.1632
vn 0.8134 0.5434 0.2076
vn 0.8479 0.4818 0.2211
vn 0.8904 0.3959 0.2247
vn 0.8347 0.4838 0.2630
vn 0.8707 0.4132 0.2667
vn 0.9065 0.3319 0.2608
vn 0.8382 0.4296 0.3360
vn 0.8732 0.3544 0.3345
vn 0.9035 0.2730 0.3304
vn 0.8071 0.3661 0.4632
vn 0.8317 0.2857 0.4760
vn 0.8506 0.2164 0.4792
vn 0.7550 0.2506 0.6059
vn 0.7303 0.2100 0.6501
vn 0.7317 0.1417 0.6668
vn 0.6626 0.0632 0.7463
vn 0.6783 0.1265 0.7238
vn 0.6391 0.2118 0.7394
vn 0.3565 0.1466 0.9227
vn 0.3946 0.1336 0.9091
vn 0.4286 0.0624 0.9013
vn 0.3900 0.1699 0.9050
vn 0.4211 0.1010 0.9014
vn 0.4619 -0.0295 0.8864
vn 0.4886 0.1477 0.8599
vn 0.5619 0.1156 0.8191
vn 0.5451 -0.1655 0.8219
vn 0.6759 0.0475 0.7354
vn 0.6642 -0.0709 0.7442
vn 0.7073 -0.1010 0.6997
vn 0.8279 -0.3830 0.4098
vn 0.7766 -0.4374 0.4534
vn 0.6560 -0.4608 0.5978
vn 0.5869 -0.4604 0.6660
vn 0.5828 -0.5278 0.6178
vn 0.4798 -0.5715 0.6657
vn 0.5185 -0.6113 0.5979
vn 0.4676 -0.6569 0.5914
vn 0.3725 -0.6108 0.6987
vn 0.3073 -0.6770 0.6688
vn 0.2764 -0.7672 0.5787
vn 0.2123 -0.6935 0.6885
vn 0.1758 -0.7758 0.6060
vn 0.1278 -0.7794 0.6133
vn 0.1046 -0.8321 0.5447
vn 0.1177 -0.8634 0.4905
vn 0.1317 -0.8877 0.4412
vn 0.1187 -0.9262 0.3578
vn 0.1106 -0.9650 0.2379
vn 0.0968 -0.9804 0.1714
vn 0.0870 -0.9917 0.0943
vn 0.0843 -0.9962 0.0234
vn 0.1625 -0.9855 0.0493
vn 0.1074 -0.9938 -0.0288
vn 0.1685 -0.9846 0.0471
vn 0.0862 -0.9957 0.0330
vn 0.1265 -0.9874 0.0950
vn 0.1016 -0.9854 0.1369
vn 0.0599 -0.9746 0.2159
vn -0.0089 -0.9891 0.1468
vn 0.0851 -0.9600 0.2666
vn -0.0532 -0.9834 0.1735
vn 0.0481 -0.9632 0.2645
vn 0.1370 -0.9457 0.2949
vn 0.0885 -0.9774 0.1919
vn 0.1534 -0.9647 0.2140
vn 0.1875 -0.9603 0.2067
vn 0.1843 -0.9727 0.1412
vn 0.2186 -0.9672 0.1298
vn 0.2873 -0.9507 0.1164
vn 0.2404 -0.9671 0.0834
vn 0.3286 -0.9412 0.0788
vn 0.4759 -0.8759 0.0791
vn 0.3560 -0.9325 0.0616
vn 0.4957 -0.8653 0.0748
vn 0.5455 -0.8285 0.1264
vn 0.5050 -0.8594 0.0807
vn 0.5816 -0.7969 0.1634
vn 0.6649 -0.7394 0.1055
vn 0.6367 -0.7559 0.1523
vn 0.6722 -0.7345 0.0933
vn 0.7318 -0.6760 0.0866
vn 0.6880 -0.7250 0.0332
vn 0.7501 -0.6611 0.0162
vn 0.8209 -0.5710 0.0011
vn 0.7625 -0.6433 -0.0696
vn 0.8261 -0.5579 -0.0793
vn 0.8643 -0.4956 -0.0853
vn 0.8150 -0.5500 -0.1827
vn 0.8498 -0.4928 -0.1871
vn 0.8871 -0.4199 -0.1917
vn 0.8134 -0.4879 -0.3167
vn 0.8512 -0.4198 -0.3151
vn 0.8953 -0.3157 -0.3141
vn 0.8025 -0.4429 -0.3998
vn 0.8656 -0.3313 -0.3754
vn 0.9152 -0.2010 -0.3492
vn 0.8632 -0.2937 -0.4106
vn 0.9008 -0.2993 -0.3146
vn 0.9006 -0.2422 -0.3608
vn 0.7263 -0.3040 -0.6165
vn 0.7958 -0.2321 -0.5593
vn 0.8540 -0.1428 -0.5003
vn 0.8526 -0.2020 -0.4819
vn 0.8800 -0.1785 -0.4401
vn 0.8613 -0.1368 -0.4893
vn 0.7248 -0.1496 -0.6725
vn 0.7362 -0.0522 -0.6747
vn 0.7388 0.0122 -0.6738
vn 0.7282 -0.0632 -0.6824
vn 0.7348 0.0218 -0.6779
vn 0.7326 0.1160 -0.6707
vn 0.7194 0.0283 -0.6940
vn 0.7162 0.1113 -0.6889
vn 0.7148 0.1679 -0.6788
vn 0.5589 0.1233 -0.8200
vn 0.5431 0.1760 -0.8210
vn 0.5297 0.2324 -0.8157
vn 0.3862 0.1996 -0.9006
vn 0.3602 0.2452 -0.9001
vn 0.3392 0.3095 -0.8884
vn 0.3425 0.2465 -0.9066
vn 0.3391 0.3059 -0.8896
vn 0.3203 0.3743 -0.8702
vn 0.4977 0.2888 -0.8179
vn 0.4849 0.3731 -0.7910
vn 0.4641 0.4307 -0.7740
vn 0.7516 0.2726 -0.6006
vn 0.6328 0.3874 -0.6705
vn 0.8241 0.2867 -0.4885
vn 0.8242 0.3223 -0.4656
vn 0.8282 0.3317 -0.4517
vn 0.8274 0.3777 -0.4157
vn 0.7383 0.3801 -0.5572
vn 0.7765 0.4117 -0.4771
vn 0.6464 0.5910 -0.4826
vn 0.3948 0.6580 -0.6412
vn 0.3182 0.7201 -0.6166
vn 0.2891 0.7873 -0.5446
vn 0.0585 0.7462 -0.6631
vn 0.0621 0.7991 -0.5980
vn -0.0105 0.7415 -0.6709
vn -0.0045 0.7853 -0.6191
vn -0.0135 0.7452 -0.6667
vn -0.0198 0.7806 -0.6247
vn 0.0324 0.7547 -0.6552
vn 0.0209 0.7868 -0.6168
vn 0.1234 0.7614 -0.6365
vn 0.1068 0.7945 -0.5978
vn 0.0911 0.8152 -0.5720
vn 0.0663 0.8156 -0.5748
vn 0.0387 0.8343 -0.5500
vn 0.0089 0.8643 -0.5029
vn -0.2265 0.8437 -0.4867
vn -0.2370 0.8737 -0.4248
vn -0.2432 0.8988 -0.3646
vn -0.3817 0.8664 -0.3219
vn -0.3797 0.8685 -0.3188
vn -0.3738 0.8800 -0.2929
vn -0.4467 0.8432 -0.2992
vn -0.4090 0.8494 -0.3336
vn -0.3435 0.8775 -0.3345
vn -0.3862 0.8306 -0.4011
vn -0.3273 0.8644 -0.3817
vn -0.2724 0.8961 -0.3505
vn -0.2801 0.8599 -0.4268
vn -0.2397 0.8887 -0.3909
vn -0.2087 0.8950 -0.3942
vn -0.2064 0.8853 -0.4168
vn -0.1758 0.8857 -0.4296
vn -0.1622 0.9055 -0.3921
vn -0.1476 0.9009 -0.4082
vn -0.0862 0.9096 -0.4066
vn -0.1132 0.8899 -0.4418
vn 0.0104 0.8938 -0.4484
vn -0.0318 0.8772 -0.4790
vn 0.0164 0.9179 -0.3964
vn -0.1517 0.9342 -0.3228
vn -0.2751 0.9005 -0.3367
vn -0.3801 0.8780 -0.2911
vn -0.5205 0.7860 -0.3335
vn -0.5596 0.8251 -0.0774
vn -0.7476 0.6526 -0.1234
vn -0.7465 0.6636 -0.0483
vn -0.7126 0.6741 -0.1944
vn -0.5735 0.5491 -0.6079
vn -0.8390 0.4738 -0.2677
vn -0.6488 0.3588 -0.6711
vn -0.8374 0.5271 -0.1443
vn -0.8327 0.5408 0.1191
vn -0.9228 0.3622 0.1312
vn -0.8274 0.2323 0.5113
vn -0.7008 0.1686 0.6931
vn -0.3466 0.2714 0.8979
vn -0.3321 0.3709 0.8673
vn -0.0633 0.3282 0.9425
vn -0.0218 0.4164 0.9089
vn -0.0642 0.4450 0.8932
vn -0.0828 0.4162 0.9055
vn -0.0769 0.3862 0.9192
vn -0.0524 0.4271 0.9027
vn 0.1556 0.3860 0.9093
vn 0.4884 0.2470 0.8369
vn 0.6726 0.2711 0.6885
vn 0.8721 -0.0204 0.4888
vn 0.9796 -0.1299 0.1535
vn 0.9808 -0.1241 -0.1507
vn 0.7059 0.0668 -0.7051
vn 0.4076 0.2328 -0.8830
vn 0.2674 0.1437 -0.9528
vn 0.5552 -0.1325 -0.8211
vn 0.8665 -0.1579 -0.4736
vn 0.9671 -0.2140 -0.1375
vn 0.9596 -0.2103 -0.1869
vn 0.9697 -0.2299 -0.0828
vn 0.9797 -0.1191 0.1615
vn 0.9896 -0.0855 0.1161
vn 0.9784 0.0116 0.2066
vn 0.9697 -0.1505 0.1926
vn 0.9802 -0.1689 0.1036
vn 0.9810 0.0170 -0.1934
vn 0.7840 0.5990 0.1629
vn 0.6391 0.7683 0.0356
vn 0.5011 0.8608 0.0891
vn 0.4636 0.8837 0.0646
vn 0.3322 0.9400 0.0773
vn 0.2529 0.9637 0.0856
vn 0.1997 0.9781 0.0594
vn 0.1667 0.9857 -0.0261
vn 0.2947 0.9550 0.0324
vn 0.4154 0.9077 0.0591
vn 0.5034 0.8638 0.0217
vn 0.6226 0.7805 0.0564
vn 0.5243 0.8472 0.0860
vn 0.6774 0.7345 0.0396
vn 0.6123 0.7885 0.0589
vn 0.6587 0.7514 0.0383
vn 0.6695 0.7428 0.0075
vn 0.6454 0.7635 0.0217
vn 0.6582 0.7529 0.0061
vn 0.6431 0.7658 0.0044
vn 0.6523 0.7579 -0.0077
vn 0.6469 0.7626 -0.0049
vn 0.6500 0.7598 0.0100
vn 0.6539 0.7566 -0.0042
vn 0.6623 0.7491 0.0115
vn 0.6899 0.7231 0.0357
vn 0.6745 0.7378 0.0273
vn 0.7064 0.7055 0.0567
vn 0.7389 0.6676 0.0916
vn 0.7191 0.6846 0.1192
vn 0.7470 0.6467 0.1540
vn 0.7682 0.6221 0.1512
vn 0.7387 0.6302 0.2391
vn 0.7763 0.5906 0.2205
vn 0.8026 0.5405 0.2523
vn 0.7538 0.5859 0.2974
vn 0.7754 0.5446 0.3197
vn 0.8109 0.4831 0.3302
vn 0.7164 0.5380 0.4442
vn 0.7496 0.4828 0.4528
vn 0.7754 0.4405 0.4525
vn 0.7232 0.3934 0.5677
vn 0.7383 0.4534 0.4994
vn 0.7156 0.4481 0.5358
vn 0.4274 0.4253 0.7978
vn 0.4576 0.3745 0.8064
vn 0.5529 0.3643 0.7494
vn 0.2574 0.3590 0.8971
vn 0.2868 0.2750 0.9177
vn 0.3205 0.1825 0.9295
vn 0.3089 0.2790 0.9093
vn 0.3341 0.2119 0.9184
vn 0.3616 0.1943 0.9119
vn 0.3934 0.2454 0.8860
vn 0.4199 0.2390 0.8756
vn 0.4523 0.2005 0.8690
vn 0.5214 0.2886 0.8031
vn 0.5617 0.2421 0.7911
vn 0.5985 0.1901 0.7782
vn 0.6271 0.3091 0.7150
vn 0.6154 0.2022 0.7619
vn 0.6678 0.1380 0.7315
vn 0.7859 0.1708 0.5943
vn 0.8114 0.2272 0.5385
vn 0.9697 0.2043 0.1336
vn 0.9516 0.0901 0.2939
vn 0.9911 0.1267 0.0420
vn 0.8078 0.3022 0.5061
vn 0.9007 0.3140 0.3002
vn 0.7242 0.2725 0.6334
vn 0.7034 0.4141 0.5776
vn 0.8012 0.3720 0.4687
vn 0.4977 0.3109 0.8097
vn 0.4476 0.3515 0.8222
vn 0.5742 0.5643 0.5932
vn 0.3761 0.2859 0.8814
vn 0.3374 0.4269 0.8390
vn 0.4225 0.4589 0.7816
vn 0.2765 0.3695 0.8871
vn 0.2450 0.4197 0.8740
vn 0.2282 0.3982 0.8884
vn 0.3399 0.4361 0.8332
vn 0.2407 0.3873 0.8900
vn 0.2366 0.3825 0.8931
vn 0.2502 0.3683 0.8954
vn 0.2471 0.3423 0.9065
vn 0.4190 0.4323 0.7985
vn 0.3966 0.4381 0.8067
vn 0.3569 0.4712 0.8066
vn 0.2546 0.4043 0.8785
vn 0.5092 0.4699 0.7211
vn 0.5324 0.4208 0.7345
vn 0.3669 0.5497 0.7505
vn 0.3207 0.5042 0.8018
vn 0.6585 0.6065 0.4455
vn 0.6382 0.6428 0.4237
vn 0.5962 0.6686 0.4444
vn 0.6192 0.5897 0.5186
vn 0.6996 0.6322 0.3331
vn 0.6667 0.6570 0.3520
vn 0.6316 0.6854 0.3624
vn 0.5516 0.6850 0.4760
vn 0.7133 0.6643 0.2233
vn 0.6803 0.7049 0.2007
vn 0.6667 0.7225 0.1832
vn 0.6066 0.7018 0.3736
vn 0.6847 0.7235 0.0880
vn 0.6702 0.7393 0.0658
vn 0.6328 0.7727 0.0497
vn 0.6129 0.7706 0.1750
vn 0.6614 0.7499 0.0108
vn 0.6431 0.7657 0.0125
vn 0.6109 0.7911 0.0311
vn 0.5815 0.8013 0.1405
vn 0.6494 0.7604 -0.0070
vn 0.6199 0.7846 0.0002
vn 0.5760 0.8168 0.0334
vn 0.6288 0.7775 0.0035
vn 0.5095 0.8584 0.0603
vn 0.4050 0.9095 0.0943
vn 0.4134 0.9033 0.1146
vn 0.3162 0.9418 0.1142
vn 0.3182 0.9371 0.1433
vn 0.2682 0.9556 0.1219
vn 0.2521 0.9621 0.1039
vn 0.2566 0.9614 0.0991
vn 0.2672 0.9580 0.1041
vn 0.2862 0.9523 0.1057
vn 0.3197 0.9406 0.1141
vn 0.2846 0.9459 0.1556
vn 0.3753 0.9213 0.1015
vn 0.2921 0.9354 0.1992
vn 0.4498 0.8881 0.0951
vn 0.2780 0.9335 0.2264
vn 0.5425 0.8243 0.1618
vn 0.4622 0.8354 0.2975
vn 0.4708 0.7449 0.4728
vn 0.4956 0.7638 0.4136
vn 0.5529 0.7496 0.3639
vn 0.4780 0.7160 0.5088
vn 0.4706 0.7481 0.4679
vn 0.2314 0.7412 0.6302
vn 0.3581 0.7736 0.5227
vn 0.4270 0.7570 0.4946
vn 0.2217 0.6774 0.7014
vn 0.2839 0.5882 0.7572
vn 0.3012 0.5308 0.7922
vn 0.2306 0.5093 0.8291
vn 0.2374 0.4724 0.8488
vn 0.2426 0.4534 0.8576
vn 0.2439 0.4689 0.8489
vn 0.2490 0.4360 0.8648
vn 0.2468 0.3646 0.8979
vn 0.2752 0.4304 0.8597
vn 0.3014 0.3764 0.8761
vn 0.4236 0.4508 0.7857
vn 0.4185 0.4606 0.7828
vn 0.5248 0.5287 0.6671
vn 0.7509 0.4536 0.4800
vn 0.8907 0.3757 0.2560
vn 0.9193 0.3547 0.1702
vn 0.9589 0.2794 -0.0503
vn 0.9573 0.2817 -0.0643
vn 0.9295 0.3295 -0.1660
vn 0.9755 0.2072 -0.0738
vn 0.9292 0.2619 0.2606
vn 0.9463 0.1703 0.2749
vn 0.9684 0.0213 0.2486
vn 0.7927 0.0521 0.6074
vn 0.8306 0.0260 0.5563
vn 0.7858 -0.0138 0.6183
vn 0.5135 0.0201 0.8578
vn 0.6203 -0.0539 0.7825
vn 0.6699 -0.1146 0.7336
vn 0.4433 -0.0495 0.8950
vn 0.4634 -0.1706 0.8696
vn 0.5017 -0.2454 0.8295
vn 0.6300 -0.2544 0.7337
vn 0.5497 -0.2902 0.7833
vn 0.6307 -0.3653 0.6847
vn 0.5908 -0.3321 0.7353
vn 0.6338 -0.4120 0.6547
vn 0.5937 -0.4288 0.6809
vn 0.5716 -0.4095 0.7110
vn 0.4937 -0.3817 0.7814
vn 0.5396 -0.3854 0.7485
vn 0.5312 -0.3898 0.7522
vn 0.3641 -0.3705 0.8545
vn 0.3707 -0.4205 0.8281
vn 0.3599 -0.4985 0.7887
vn 0.3365 -0.4260 0.8398
vn 0.3001 -0.5146 0.8032
vn 0.3069 -0.5708 0.7615
vn 0.2221 -0.5386 0.8128
vn 0.2499 -0.6346 0.7313
vn 0.1501 -0.7139 0.6840
vn 0.1484 -0.6799 0.7181
vn 0.0943 -0.7281 0.6789
vn 0.0812 -0.7819 0.6180
vn 0.0687 -0.7345 0.6751
vn 0.0645 -0.7819 0.6201
vn 0.0578 -0.8229 0.5653
vn 0.0617 -0.8644 0.4990
vn 0.0587 -0.8934 0.4454
vn 0.0561 -0.9331 0.3552
vn 0.0490 -0.9724 0.2281
vn 0.0451 -0.9857 0.1625
vn 0.0272 -0.9948 0.0977
vn 0.0002 -0.9994 0.0333
vn 0.0292 -0.9994 -0.0181
vn 0.0693 -0.9976 -0.0038
vn 0.0816 -0.9967 0.0026
vn 0.1031 -0.9933 0.0519
vn 0.0794 -0.9949 0.0617
vn 0.1016 -0.9944 0.0308
vn 0.0706 -0.9934 0.0907
vn 0.0385 -0.9904 0.1330
vn -0.0590 -0.9879 0.1433
vn -0.1398 -0.9815 0.1311
vn -0.0896 -0.9812 0.1707
vn -0.0983 -0.9865 0.1313
vn -0.0642 -0.9907 0.1203
vn 0.0930 -0.9873 0.1286
vn 0.0055 -0.9986 0.0518
vn 0.1112 -0.9921 0.0580
vn 0.2039 -0.9757 0.0804
vn 0.1239 -0.9923 -0.0034
vn 0.2065 -0.9781 0.0248
vn 0.2499 -0.9672 0.0460
vn 0.1877 -0.9818 0.0297
vn 0.2469 -0.9673 0.0586
vn 0.3752 -0.9242 0.0717
vn 0.2441 -0.9694 0.0267
vn 0.3883 -0.9194 0.0622
vn 0.5075 -0.8575 0.0843
vn 0.3913 -0.9202 0.0057
vn 0.5117 -0.8586 0.0306
vn 0.5637 -0.8211 0.0894
vn 0.5141 -0.8561 -0.0530
vn 0.6247 -0.7805 0.0257
vn 0.6997 -0.7123 -0.0550
vn 0.6640 -0.7415 -0.0963
vn 0.7016 -0.6971 -0.1473
vn 0.7636 -0.6236 -0.1673
vn 0.6775 -0.6755 -0.2911
vn 0.7385 -0.6020 -0.3038
vn 0.7822 -0.5394 -0.3119
vn 0.7411 -0.5405 -0.3981
vn 0.7377 -0.5584 -0.3794
vn 0.7555 -0.4990 -0.4244
vn 0.6555 -0.5465 -0.5212
vn 0.6843 -0.5466 -0.4826
vn 0.7117 -0.5388 -0.4509
vn 0.6280 -0.5166 -0.5820
vn 0.6543 -0.4705 -0.5921
vn 0.7140 -0.3346 -0.6150
vn 0.6992 -0.4624 -0.5453
vn 0.7493 -0.4415 -0.4936
vn 0.7798 -0.3698 -0.5051
vn 0.6778 -0.4057 -0.6131
vn 0.7078 -0.2980 -0.6405
vn 0.7125 -0.2429 -0.6583
vn 0.7146 -0.2612 -0.6489
vn 0.7062 -0.2120 -0.6755
vn 0.7115 -0.1477 -0.6870
vn 0.6865 -0.1932 -0.7009
vn 0.6949 -0.1652 -0.6999
vn 0.7125 -0.0836 -0.6966
vn 0.5826 -0.1723 -0.7943
vn 0.5790 -0.0861 -0.8107
vn 0.5723 0.0348 -0.8193
vn 0.4437 -0.0663 -0.8937
vn 0.4269 0.0464 -0.9031
vn 0.4078 0.1408 -0.9021
vn 0.3456 0.0553 -0.9367
vn 0.3343 0.1452 -0.9312
vn 0.3345 0.2001 -0.9209
vn 0.4325 0.1352 -0.8914
vn 0.4559 0.1636 -0.8749
vn 0.4887 0.1971 -0.8499
vn 0.6756 0.1067 -0.7295
vn 0.7048 0.1221 -0.6989
vn 0.7214 0.2205 -0.6564
vn 0.7513 0.0623 -0.6570
vn 0.7611 0.1688 -0.6263
vn 0.7965 0.2201 -0.5632
vn 0.6329 0.1523 -0.7591
vn 0.6531 0.2592 -0.7116
vn 0.6715 0.3171 -0.6698
vn 0.4271 0.2897 -0.8565
vn 0.4270 0.3899 -0.8159
vn 0.4037 0.4905 -0.7723
vn 0.1533 0.4680 -0.8703
vn 0.1667 0.5791 -0.7981
vn 0.1118 0.6472 -0.7541
vn 0.0611 0.6450 -0.7618
vn -0.0017 0.6924 -0.7215
vn 0.0574 0.6526 -0.7555
vn -0.0038 0.7015 -0.7127
vn 0.1000 0.6561 -0.7480
vn 0.0414 0.7086 -0.7043
vn 0.1801 0.6569 -0.7322
vn 0.1291 0.7101 -0.6921
vn 0.1640 0.6629 -0.7306
vn 0.1076 0.7213 -0.6842
vn 0.0925 0.7810 -0.6177
vn -0.1483 0.7409 -0.6550
vn -0.1709 0.7976 -0.5785
vn -0.1990 0.8276 -0.5249
vn -0.3830 0.8181 -0.4289
vn -0.3717 0.7987 -0.4732
vn -0.4176 0.7830 -0.4610
vn -0.5972 0.6938 -0.4024
vn -0.5547 0.7462 -0.3681
vn -0.5136 0.7914 -0.3315
vn -0.5888 0.7091 -0.3881
vn -0.5182 0.7669 -0.3787
vn -0.4312 0.8042 -0.4091
vn -0.4071 0.7716 -0.4888
vn -0.3997 0.7780 -0.4847
vn -0.3226 0.8245 -0.4649
vn -0.2907 0.7939 -0.5341
vn -0.2556 0.8226 -0.5080
vn -0.2238 0.8613 -0.4562
vn -0.1954 0.8224 -0.5343
vn -0.1691 0.8673 -0.4682
vn -0.1496 0.8848 -0.4414
vn -0.0860 0.8645 -0.4952
vn -0.0331 0.8785 -0.4765
vn -0.0762 0.8901 -0.4494
vn 0.0401 0.8841 -0.4655
vn 0.0431 0.8924 -0.4492
vn -0.0140 0.8966 -0.4427
vn 0.0194 0.9133 -0.4069
vn -0.0629 0.9623 -0.2647
vn -0.1172 0.9694 -0.2156
vn -0.2737 0.9595 -0.0662
vn -0.3837 0.9232 -0.0215
vn -0.5769 0.7901 0.2073
vn -0.3018 0.9323 0.1993
vn -0.4129 0.8528 0.3197
vn -0.5771 0.7727 0.2644
vn -0.4859 0.8075 0.3345
vn -0.5469 0.8034 0.2355
vn -0.5025 0.8077 0.3083
vn -0.5293 0.8294 0.1787
vn -0.6639 0.7470 -0.0352
vn -0.5599 0.8177 0.1338
vn -0.6565 0.7531 -0.0434
vn -0.6921 0.7211 0.0304
vn -0.7336 0.6770 -0.0599
vn -0.5628 0.7839 0.2624
vn -0.5573 0.7599 0.3348
vn -0.4796 0.7669 0.4264
vn -0.5287 0.7166 0.4551
vn -0.6416 0.5858 0.4952
vn -0.4012 0.7118 0.5765
vn -0.6522 0.5770 0.4917
vn -0.3322 0.6801 0.6535
vn -0.3897 0.6137 0.6867
vn -0.4202 0.5563 0.7170
vn -0.5187 0.5381 0.6644
vn -0.6769 0.3579 0.6432
vn -0.7317 0.4436 0.5175
vn -0.2516 0.4647 0.8490
vn -0.4855 0.3562 0.7984
vn -0.0799 0.3357 0.9386
vn -0.1164 0.2873 0.9507
vn -0.3145 0.2446 0.9172
vn -0.0718 0.2314 0.9702
vn -0.1394 0.2504 0.9580
vn -0.1028 0.2039 0.9736
vn -0.0892 0.3040 0.9485
vn -0.1360 0.2332 0.9629
vn -0.1262 0.3043 0.9442
vn 0.0228 0.2889 0.9571
vn -0.1089 0.3395 0.9343
vn 0.2211 0.3246 0.9196
vn -0.0243 0.3968 0.9176
vn 0.4846 0.1905 0.8537
vn 0.3299 0.3440 0.8791
vn 0.8508 0.0102 0.5254
vn 0.9335 -0.0830 0.3488
vn 0.9827 -0.1538 0.1032
vn 0.9145 -0.0095 0.4044
vn 0.8670 0.0287 0.4975
vn 0.8822 0.0251 0.4702
vn 0.8506 0.1262 0.5105
vn 0.8238 -0.0044 0.5668
vn 0.8406 0.0661 0.5375
vn 0.5872 0.7744 0.2354
vn 0.4054 0.8998 0.1610
vn 0.3048 0.9415 0.1440
vn 0.2481 0.9578 0.1455
vn 0.2718 0.9454 0.1798
vn 0.2300 0.9303 0.2858
vn 0.2514 0.8869 0.3875
vn 0.2552 0.9062 0.3371
vn 0.1412 0.8989 0.4147
vn 0.2207 0.8615 0.4573
vn 0.2188 0.6593 0.7194
vn 0.2124 0.6525 0.7274
vn 0.2586 0.6804 0.6857
vn 0.2181 0.7012 0.6788
vn 0.2389 0.5924 0.7694
vn 0.2498 0.6300 0.7353
vn 0.2575 0.4874 0.8343
vn 0.3557 0.5174 0.7783
vn 0.4565 0.4509 0.7670
vn 0.4161 0.4378 0.7970
vn 0.5127 0.5162 0.6860
vn 0.5663 0.4007 0.7202
vn 0.7506 0.4732 0.4612
vn 0.7650 0.4575 0.4532
vn 0.8510 0.4416 0.2843
vn 0.9340 0.3560 -0.0316
vn 0.9628 0.2567 -0.0845
vn 0.9461 0.3109 -0.0904
vn 0.9555 0.2948 0.0112
vn 0.8677 0.3797 0.3208
vn 0.7951 0.3312 0.5081
vn 0.7017 0.2321 0.6736
vn 0.7936 0.2438 0.5574
vn 0.4506 0.3048 0.8391
vn 0.4536 0.1958 0.8694
vn 0.4764 0.1194 0.8711
vn 0.3607 0.1976 0.9115
vn 0.3908 0.1223 0.9123
vn 0.4184 0.0425 0.9073
vn 0.3276 0.1297 0.9359
vn 0.3502 0.0589 0.9348
vn 0.3791 -0.0195 0.9252
vn 0.2971 0.0800 0.9515
vn 0.3222 0.0093 0.9466
vn 0.3463 -0.1041 0.9323
vn 0.4055 -0.1360 0.9039
vn 0.3635 -0.2188 0.9055
vn 0.4181 -0.2389 0.8764
vn 0.3662 -0.2854 0.8857
vn 0.4244 -0.2945 0.8562
vn 0.3593 -0.3149 0.8785
vn 0.4377 -0.3284 0.8370
vn 0.3562 -0.3365 0.8717
vn 0.3362 -0.3109 0.8890
vn 0.3490 -0.3195 0.8810
vn 0.3534 -0.3543 0.8658
vn 0.2740 -0.2986 0.9142
vn 0.2727 -0.3697 0.8882
vn 0.2472 -0.4512 0.8575
vn 0.1584 -0.3862 0.9087
vn 0.1453 -0.4655 0.8731
vn 0.1322 -0.5494 0.8250
vn 0.1150 -0.4798 0.8698
vn 0.0946 -0.5612 0.8223
vn 0.1259 -0.6222 0.7726
vn 0.0662 -0.5748 0.8156
vn 0.1293 -0.6584 0.7415
vn 0.0544 -0.7405 0.6699
vn 0.0732 -0.7053 0.7051
vn 0.0246 -0.7461 0.6654
vn 0.0309 -0.7874 0.6157
vn 0.0484 -0.7842 0.6186
vn 0.0157 -0.8300 0.5575
vn 0.0041 -0.8711 0.4911
vn -0.0105 -0.9053 0.4246
vn -0.0170 -0.9393 0.3427
vn -0.0441 -0.9752 0.2169
vn -0.0582 -0.9883 0.1411
vn -0.0541 -0.9972 0.0520
vn -0.0609 -0.9980 0.0140
vn -0.0472 -0.9987 -0.0191
vn 0.0077 -0.9996 -0.0280
vn 0.0250 -0.9992 0.0315
vn 0.0175 -0.9998 0.0044
vn 0.0632 -0.9973 0.0365
vn 0.0481 -0.9977 0.0483
vn 0.0840 -0.9885 0.1254
vn 0.0094 -0.9983 0.0567
vn 0.0431 -0.9929 0.1109
vn 0.0258 -0.9870 0.1584
vn -0.0126 -0.9937 0.1110
vn -0.0071 -0.9936 0.1126
vn -0.0440 -0.9979 0.0485
vn -0.1025 -0.9928 0.0625
vn -0.0715 -0.9971 -0.0254
vn -0.0884 -0.9958 -0.0223
vn 0.0406 -0.9991 -0.0155
vn -0.0572 -0.9980 -0.0253
vn 0.0522 -0.9983 -0.0242
vn 0.1209 -0.9926 -0.0066
vn 0.0607 -0.9973 -0.0406
vn 0.1173 -0.9925 -0.0351
vn 0.1690 -0.9856 -0.0105
vn 0.1267 -0.9890 -0.0768
vn 0.1566 -0.9852 -0.0692
vn 0.2370 -0.9709 -0.0350
vn 0.1422 -0.9834 -0.1123
vn 0.2315 -0.9685 -0.0918
vn 0.3891 -0.9185 -0.0696
vn 0.2338 -0.9576 -0.1686
vn 0.3801 -0.9122 -0.1531
vn 0.5115 -0.8480 -0.1386
vn 0.3629 -0.8953 -0.2582
vn 0.4959 -0.8267 -0.2659
vn 0.5790 -0.7792 -0.2400
vn 0.4956 -0.7645 -0.4122
vn 0.5704 -0.7319 -0.3728
vn 0.5779 -0.7160 -0.3917
vn 0.4899 -0.6603 -0.5692
vn 0.5317 -0.6225 -0.5743
vn 0.5759 -0.5884 -0.5675
vn 0.5002 -0.6247 -0.5996
vn 0.5353 -0.6050 -0.5895
vn 0.5862 -0.5642 -0.5814
vn 0.5046 -0.6194 -0.6014
vn 0.5539 -0.5791 -0.5982
vn 0.6086 -0.5258 -0.5942
vn 0.5490 -0.5939 -0.5881
vn 0.5963 -0.5465 -0.5880
vn 0.6324 -0.5049 -0.5875
vn 0.6225 -0.5745 -0.5314
vn 0.7002 -0.4986 -0.5110
vn 0.7046 -0.3704 -0.6052
vn 0.6224 -0.4657 -0.6291
vn 0.6766 -0.3391 -0.6536
vn 0.6880 -0.2280 -0.6890
vn 0.5567 -0.3269 -0.7637
vn 0.5713 -0.2332 -0.7869
vn 0.5823 -0.2012 -0.7877
vn 0.4619 -0.2464 -0.8520
vn 0.4628 -0.2059 -0.8622
vn 0.4566 -0.1550 -0.8761
vn 0.3942 -0.1906 -0.8990
vn 0.3760 -0.1343 -0.9169
vn 0.3599 -0.0503 -0.9317
vn 0.4593 -0.0986 -0.8828
vn 0.4379 -0.0185 -0.8988
vn 0.4274 0.0611 -0.9020
vn 0.6095 0.0010 -0.7928
vn 0.6228 0.0543 -0.7805
vn 0.6454 0.0999 -0.7573
vn 0.6675 0.0057 -0.7446
vn 0.6967 0.0408 -0.7162
vn 0.7263 0.0422 -0.6861
vn 0.5624 -0.0291 -0.8264
vn 0.5882 -0.0266 -0.8082
vn 0.6103 0.0146 -0.7921
vn 0.3987 -0.0486 -0.9158
vn 0.3887 -0.0046 -0.9214
vn 0.4053 0.1359 -0.9040
vn 0.3136 0.0394 -0.9487
vn 0.2607 0.1702 -0.9503
vn 0.2078 0.3508 -0.9131
vn 0.0790 0.2600 -0.9624
vn 0.0514 0.4183 -0.9069
vn 0.0297 0.5086 -0.8605
vn -0.0099 0.4330 -0.9013
vn 0.0058 0.5167 -0.8561
vn 0.0939 0.4408 -0.8927
vn 0.0620 0.5287 -0.8465
vn 0.1639 0.4609 -0.8722
vn 0.1400 0.5484 -0.8244
vn 0.1374 0.4890 -0.8614
vn 0.1254 0.5625 -0.8172
vn -0.0829 0.5142 -0.8536
vn -0.0999 0.5826 -0.8066
vn -0.0790 0.6282 -0.7741
vn -0.3030 0.6716 -0.6761
vn -0.2740 0.6773 -0.6828
vn -0.3793 0.6452 -0.6632
vn -0.6455 0.5925 -0.4820
vn -0.6431 0.6270 -0.4397
vn -0.6312 0.6509 -0.4219
vn -0.6904 0.5924 -0.4153
vn -0.6705 0.6102 -0.4220
vn -0.6402 0.6500 -0.4095
vn -0.6114 0.6212 -0.4902
vn -0.5717 0.6598 -0.4876
vn -0.5135 0.7083 -0.4844
vn -0.4997 0.6184 -0.6066
vn -0.4468 0.6985 -0.5590
vn -0.3655 0.7190 -0.5911
vn -0.2626 0.7179 -0.6447
vn -0.2491 0.7410 -0.6236
vn -0.2176 0.7891 -0.5744
vn -0.1605 0.7443 -0.6482
vn -0.1420 0.7848 -0.6033
vn -0.1159 0.8226 -0.5566
vn -0.0688 0.7720 -0.6319
vn -0.0290 0.8139 -0.5803
vn 0.0072 0.8556 -0.5176
vn 0.0071 0.8103 -0.5860
vn 0.0473 0.8496 -0.5253
vn -0.0293 0.8246 -0.5650
vn 0.0296 0.8631 -0.5042
vn -0.0953 0.8416 -0.5317
vn -0.0805 0.8901 -0.4487
vn -0.1720 0.8617 -0.4773
vn -0.2801 0.8643 -0.4177
vn -0.2381 0.9047 -0.3533
vn -0.1539 0.9313 -0.3302
vn -0.2788 0.9484 -0.1512
vn -0.1427 0.9895 -0.0249
vn -0.1779 0.9832 0.0397
vn -0.2597 0.9218 0.2878
vn -0.2454 0.9185 0.3102
vn -0.3268 0.8163 0.4762
vn -0.3623 0.8187 0.4455
vn -0.3686 0.7779 0.5090
vn -0.4424 0.7690 0.4614
vn -0.4249 0.8419 0.3326
vn -0.4590 0.8215 0.3384
vn -0.4924 0.8338 0.2496
vn -0.5844 0.8039 0.1105
vn -0.6672 0.7449 0.0083
vn -0.4989 0.8436 0.1986
vn -0.5514 0.8305 0.0790
vn -0.6142 0.7865 0.0646
vn -0.5591 0.8172 0.1398
vn -0.4790 0.8417 0.2493
vn -0.6302 0.7564 0.1753
vn -0.6648 0.7283 0.1665
vn -0.5367 0.7407 0.4040
vn -0.6360 0.6952 0.3351
vn -0.4693 0.7636 0.4435
vn -0.4679 0.6713 0.5749
vn -0.4889 0.7065 0.5117
vn -0.4502 0.7179 0.5310
vn -0.2176 0.7314 0.6463
vn -0.0596 0.6633 0.7459
vn -0.1359 0.6376 0.7583
vn 0.0840 0.5945 0.7997
vn -0.0523 0.7919 0.6084
vn 0.1120 0.6691 0.7346
vn -0.2469 0.7840 0.5696
vn -0.3633 0.8166 0.4486
vn -0.3308 0.8891 0.3162
vn -0.0478 0.7942 0.6057
vn 0.0751 0.9183 0.3887
vn 0.2092 0.7841 0.5844
vn 0.0559 0.6079 0.7920
vn 0.0421 0.4884 0.8716
vn 0.3237 0.5126 0.7953
vn 0.0346 0.3815 0.9237
vn 0.4153 0.3454 0.8416
vn 0.1257 0.2462 0.9610
vn 0.5064 0.1485 0.8494
vn 0.2058 0.0324 0.9781
vn 0.7193 0.0989 0.6876
vn 0.4705 0.1425 0.8708
vn 0.6615 -0.0714 0.7465
vn 0.6484 0.1664 0.7429
vn 0.5116 0.0812 0.8554
vn 0.7012 0.0535 0.7109
vn 0.1789 0.1910 0.9652
vn 0.0726 0.1491 0.9862
vn -0.0228 0.1750 0.9843
vn -0.0458 0.2252 0.9732
vn -0.0485 0.2868 0.9568
vn -0.0265 0.2806 0.9595
vn 0.8119 0.0566 0.5811
vn 0.2445 0.7926 0.5585
vn 0.4446 0.7821 0.4366
vn 0.3324 0.8753 0.3511
vn 0.3931 0.8500 0.3506
vn 0.3924 0.8056 0.4440
vn 0.3539 0.8283 0.4345
vn 0.3874 0.8110 0.4384
vn 0.3060 0.8455 0.4376
vn 0.3722 0.8772 0.3033
vn 0.2878 0.9022 0.3212
vn 0.2602 0.8296 0.4940
vn 0.2112 0.7942 0.5698
vn 0.2257 0.7284 0.6469
vn 0.2171 0.6769 0.7034
vn 0.2243 0.6370 0.7375
vn 0.2331 0.6956 0.6796
vn 0.3150 0.7142 0.6250
vn 0.4652 0.7263 0.5061
vn 0.4248 0.6546 0.6253
vn 0.4889 0.6504 0.5813
vn 0.2359 0.7039 0.6700
vn 0.4176 0.6623 0.6220
vn 0.5937 0.5522 0.5854
vn 0.6809 0.5521 0.4812
vn 0.7461 0.5581 0.3632
vn 0.8109 0.5345 0.2383
vn 0.9008 0.4221 0.1016
vn 0.9199 0.3873 -0.0620
vn 0.9510 0.3051 0.0500
vn 0.9280 0.3639 -0.0803
vn 0.8934 0.4367 0.1057
vn 0.8625 0.4956 0.1028
vn 0.8569 0.4492 0.2528
vn 0.7288 0.4384 0.5259
vn 0.7148 0.5083 0.4804
vn 0.3734 0.5560 0.7426
vn 0.3845 0.4896 0.7826
vn 0.4085 0.3979 0.8215
vn 0.2960 0.4454 0.8450
vn 0.3028 0.3736 0.8768
vn 0.3279 0.2807 0.9020
vn 0.2749 0.3584 0.8922
vn 0.2916 0.2812 0.9143
vn 0.3092 0.2029 0.9291
vn 0.2605 0.2692 0.9272
vn 0.2643 0.1958 0.9443
vn 0.2754 0.1362 0.9516
vn 0.2115 0.1900 0.9587
vn 0.2286 0.1488 0.9621
vn 0.2503 0.1016 0.9628
vn 0.1936 0.1565 0.9685
vn 0.1986 0.1105 0.9738
vn 0.2074 0.0533 0.9768
vn 0.2755 0.0370 0.9606
vn 0.2196 -0.0503 0.9743
vn 0.3028 -0.0697 0.9505
vn 0.2233 -0.1899 0.9561
vn 0.3216 -0.1942 0.9267
vn 0.2225 -0.2761 0.9350
vn 0.3291 -0.2800 0.9018
vn 0.2441 -0.2828 0.9276
vn 0.1736 -0.2594 0.9500
vn 0.1812 -0.2586 0.9488
vn 0.1733 -0.2901 0.9412
vn 0.1506 -0.2659 0.9522
vn 0.1430 -0.3105 0.9398
vn 0.1300 -0.3971 0.9085
vn 0.0721 -0.3227 0.9437
vn 0.0756 -0.4078 0.9100
vn 0.0721 -0.4961 0.8653
vn 0.0115 -0.4268 0.9043
vn 0.0067 -0.5103 0.8600
vn 0.0109 -0.5837 0.8119
vn -0.0922 -0.5233 0.8472
vn -0.0413 -0.5861 0.8092
vn -0.0218 -0.6532 0.7568
vn -0.1410 -0.6114 0.7787
vn -0.1492 -0.6727 0.7247
vn -0.1067 -0.7432 0.6605
vn -0.0252 -0.7472 0.6641
vn -0.0797 -0.7901 0.6077
vn -0.0083 -0.7879 0.6157
vn -0.0534 -0.8400 0.5399
vn -0.1257 -0.8898 0.4387
vn -0.1154 -0.9241 0.3643
vn -0.1184 -0.9460 0.3018
vn -0.1049 -0.9734 0.2035
vn -0.0864 -0.9874 0.1324
vn -0.0814 -0.9952 0.0540
vn -0.1003 -0.9949 0.0024
vn -0.0937 -0.9954 -0.0183
vn -0.1218 -0.9925 -0.0092
vn -0.0775 -0.9970 -0.0029
vn -0.0608 -0.9982 -0.0004
vn -0.0273 -0.9996 0.0116
vn -0.0391 -0.9956 0.0853
vn 0.0246 -0.9937 0.1093
vn 0.0350 -0.9948 0.0960
vn 0.0565 -0.9941 0.0921
vn 0.0513 -0.9967 0.0634
vn 0.0015 -0.9986 0.0535
vn 0.0436 -0.9990 -0.0003
vn -0.0000 -1.0000 0.0023
vn -0.0032 -0.9999 0.0127
vn 0.0028 -0.9998 0.0184
vn -0.0020 -0.9999 0.0110
vn -0.0620 -0.9981 -0.0073
vn -0.0031 -0.9998 0.0192
vn -0.0423 -0.9991 0.0040
vn -0.0230 -0.9994 -0.0257
vn -0.0126 -0.9999 -0.0034
vn 0.0136 -0.9992 -0.0382
vn 0.0776 -0.9950 -0.0628
vn 0.0543 -0.9972 -0.0523
vn 0.1072 -0.9896 -0.0959
vn 0.1391 -0.9831 -0.1187
vn 0.1404 -0.9802 -0.1398
vn 0.1490 -0.9758 -0.1604
vn 0.1396 -0.9756 -0.1693
vn 0.1599 -0.9691 -0.1878
vn 0.1563 -0.9637 -0.2166
vn 0.2382 -0.9392 -0.2474
vn 0.1846 -0.9337 -0.3069
vn 0.2478 -0.9037 -0.3492
vn 0.3501 -0.8503 -0.3929
vn 0.2720 -0.8633 -0.4250
vn 0.3919 -0.7670 -0.5081
vn 0.4230 -0.7446 -0.5163
vn 0.4046 -0.7376 -0.5407
vn 0.4328 -0.6920 -0.5778
vn 0.4796 -0.6438 -0.5963
vn 0.4335 -0.6890 -0.5809
vn 0.4897 -0.6370 -0.5954
vn 0.4954 -0.6263 -0.6020
vn 0.4992 -0.6394 -0.5848
vn 0.5112 -0.6319 -0.5826
vn 0.5178 -0.6281 -0.5808
vn 0.5349 -0.6564 -0.5320
vn 0.5645 -0.6525 -0.5056
vn 0.6054 -0.5884 -0.5360
vn 0.6051 -0.6452 -0.4664
vn 0.6206 -0.6102 -0.4925
vn 0.6450 -0.5825 -0.4946
vn 0.6442 -0.5812 -0.4972
vn 0.6576 -0.4849 -0.5766
vn 0.5623 -0.4199 -0.7124
vn 0.5095 -0.4266 -0.7472
vn 0.4829 -0.3580 -0.7992
vn 0.4648 -0.3081 -0.8301
vn 0.4083 -0.3505 -0.8429
vn 0.4202 -0.2980 -0.8571
vn 0.4130 -0.2337 -0.8802
vn 0.4485 -0.3115 -0.8378
vn 0.4648 -0.2225 -0.8570
vn 0.4697 -0.1686 -0.8666
vn 0.5185 -0.2538 -0.8166
vn 0.5576 -0.1932 -0.8073
vn 0.5923 -0.0977 -0.7998
vn 0.5194 -0.2719 -0.8101
vn 0.5788 -0.1778 -0.7959
vn 0.6302 -0.0554 -0.7745
vn 0.5072 -0.2562 -0.8228
vn 0.5252 -0.1383 -0.8397
vn 0.5422 -0.0698 -0.8373
vn 0.4580 -0.1509 -0.8760
vn 0.4372 -0.0821 -0.8956
vn 0.4155 -0.0539 -0.9080
vn 0.3630 -0.0582 -0.9300
vn 0.3577 -0.0218 -0.9336
vn 0.3497 -0.0180 -0.9367
vn 0.2004 -0.0025 -0.9797
vn 0.1979 0.0335 -0.9796
vn 0.1333 0.1319 -0.9823
vn 0.0504 0.1518 -0.9871
vn 0.0161 0.2119 -0.9772
vn 0.0406 0.2958 -0.9544
vn 0.1594 0.1968 -0.9674
vn 0.1687 0.2973 -0.9398
vn 0.1593 0.1838 -0.9700
vn 0.1564 0.3293 -0.9312
vn -0.0068 0.2286 -0.9735
vn -0.0528 0.3920 -0.9185
vn -0.2352 0.3754 -0.8965
vn -0.1928 0.4690 -0.8619
vn -0.2819 0.4286 -0.8584
vn -0.6378 0.4526 -0.6232
vn -0.6443 0.4854 -0.5910
vn -0.6458 0.5373 -0.5424
vn -0.7614 0.4399 -0.4762
vn -0.7429 0.4936 -0.4522
vn -0.7166 0.5502 -0.4287
vn -0.7188 0.4875 -0.4957
vn -0.6870 0.5395 -0.4868
vn -0.6459 0.5917 -0.4824
vn -0.6480 0.4644 -0.6036
vn -0.3359 0.6127 -0.7154
vn -0.5030 0.7058 -0.4989
vn -0.2264 0.6576 -0.7186
vn -0.2618 0.6680 -0.6966
vn -0.2631 0.6965 -0.6676
vn -0.1454 0.6526 -0.7436
vn -0.1504 0.7111 -0.6868
vn -0.1619 0.7198 -0.6750
vn -0.0960 0.7192 -0.6882
vn -0.1059 0.7205 -0.6853
vn -0.0953 0.7427 -0.6628
vn -0.0594 0.7175 -0.6940
vn -0.0496 0.7343 -0.6770
vn -0.0287 0.7648 -0.6437
vn -0.0901 0.7471 -0.6585
vn -0.0705 0.7825 -0.6186
vn -0.1877 0.7713 -0.6082
vn -0.1582 0.8004 -0.5783
vn -0.2812 0.7835 -0.5541
vn -0.2485 0.8065 -0.5365
vn -0.3174 0.8321 -0.4547
vn -0.3097 0.7955 -0.5208
vn -0.5227 0.7589 -0.3884
vn -0.4597 0.7941 -0.3976
vn -0.4170 0.8299 -0.3708
vn -0.5658 0.7717 -0.2904
vn -0.4849 0.8231 -0.2955
vn -0.4151 0.8725 -0.2578
vn -0.4875 0.8721 -0.0413
vn -0.3328 0.9401 0.0730
vn -0.5467 0.7792 0.3066
vn -0.3777 0.8586 0.3466
vn -0.5228 0.7374 0.4277
vn -0.4173 0.7862 0.4559
vn -0.4067 0.7556 0.5135
vn -0.3753 0.8049 0.4596
vn -0.4431 0.7952 0.4139
vn -0.4206 0.8451 0.3298
vn -0.4377 0.8291 0.3477
vn -0.4746 0.8441 0.2496
vn -0.5113 0.8483 0.1375
vn -0.4671 0.8704 0.1557
vn -0.5067 0.8512 0.1368
vn -0.5023 0.8520 0.1475
vn -0.4044 0.8761 0.2625
vn -0.5150 0.8088 0.2840
vn -0.4091 0.7489 0.5213
vn -0.4553 0.7187 0.5255
vn -0.4661 0.7595 0.4538
vn -0.4945 0.7418 0.4531
vn -0.5890 0.7091 0.3876
vn -0.4760 0.6661 0.5742
vn -0.5127 0.6412 0.5710
vn -0.3496 0.6388 0.6853
vn -0.2576 0.6326 0.7304
vn -0.1933 0.6778 0.7094
vn -0.0796 0.7361 0.6722
vn 0.0149 0.7208 0.6930
vn -0.1934 0.7737 0.6033
vn -0.3045 0.7703 0.5603
vn -0.3814 0.8607 0.3374
vn -0.4041 0.8467 0.3462
vn -0.4901 0.8075 0.3282
vn -0.4754 0.8191 0.3209
vn -0.4116 0.9014 0.1347
vn -0.2835 0.9200 0.2706
vn 0.1427 0.9616 0.2345
vn 0.1641 0.9560 0.2433
vn 0.2870 0.9172 0.2764
vn 0.2636 0.9116 0.3154
vn 0.2237 0.8802 0.4186
vn 0.3443 0.8850 0.3134
vn 0.2935 0.9030 0.3137
vn 0.4003 0.8705 0.2864
vn 0.3807 0.8746 0.3002
vn 0.4670 0.8234 0.3223
vn 0.4148 0.8248 0.3843
vn 0.4390 0.8005 0.4080
vn 0.2992 0.7928 0.5309
vn 0.3879 0.7375 0.5529
vn 0.4333 0.7731 0.4632
vn 0.5021 0.7371 0.4522
vn 0.5857 0.6881 0.4283
vn 0.6560 0.6202 0.4303
vn 0.7511 0.5620 0.3464
vn 0.8123 0.5440 0.2103
vn 0.8172 0.5455 0.1861
vn 0.8233 0.5329 -0.1954
vn 0.6958 0.6974 0.1720
vn 0.7628 0.6353 0.1209
vn 0.5387 0.6925 0.4798
vn 0.6714 0.6694 0.3179
vn 0.5964 0.7479 0.2913
vn 0.4092 0.6121 0.6767
vn 0.3725 0.6035 0.7050
vn 0.3375 0.5618 0.7553
vn 0.3222 0.5499 0.7706
vn 0.3036 0.5066 0.8070
vn 0.2636 0.5072 0.8205
vn 0.2656 0.4608 0.8468
vn 0.2656 0.4176 0.8689
vn 0.2222 0.4502 0.8649
vn 0.2418 0.4103 0.8793
vn 0.2545 0.3486 0.9021
vn 0.1819 0.4074 0.8950
vn 0.1946 0.3312 0.9233
vn 0.2019 0.2487 0.9473
vn 0.1371 0.3238 0.9361
vn 0.1606 0.2568 0.9530
vn 0.1840 0.2003 0.9623
vn 0.1328 0.2867 0.9488
vn 0.1491 0.2022 0.9679
vn 0.1434 0.1374 0.9801
vn 0.1036 0.1997 0.9744
vn 0.1096 0.1201 0.9867
vn 0.1105 0.1034 0.9885
vn 0.1374 0.1049 0.9849
vn 0.1160 0.0674 0.9910
vn 0.1441 0.0582 0.9879
vn 0.1258 -0.0359 0.9914
vn 0.1528 -0.0436 0.9873
vn 0.1345 -0.1710 0.9760
vn 0.1608 -0.1824 0.9700
vn 0.1439 -0.2437 0.9591
vn 0.0450 -0.1815 0.9824
vn 0.0465 -0.2406 0.9695
vn 0.0588 -0.2626 0.9631
vn -0.0121 -0.2296 0.9732
vn 0.0065 -0.2493 0.9684
vn 0.0160 -0.3304 0.9437
vn -0.1216 -0.2603 0.9578
vn -0.1130 -0.3511 0.9295
vn -0.1020 -0.4540 0.8852
vn -0.2484 -0.3685 0.8958
vn -0.2306 -0.4665 0.8539
vn -0.2092 -0.5286 0.8227
vn -0.3800 -0.4718 0.7956
vn -0.2964 -0.5348 0.7913
vn -0.3170 -0.5552 0.7689
vn -0.4876 -0.5815 0.6512
vn -0.5298 -0.5958 0.6035
vn -0.5242 -0.6361 0.5662
vn -0.3272 -0.6595 0.6767
vn -0.4947 -0.6946 0.5224
vn -0.2803 -0.7317 0.6213
vn -0.4441 -0.7537 0.4845
vn -0.2365 -0.7903 0.5652
vn -0.3683 -0.8155 0.4465
vn -0.2048 -0.8459 0.4925
vn -0.3482 -0.8640 0.3636
vn -0.2757 -0.8972 0.3449
vn -0.2380 -0.9316 0.2747
vn -0.1677 -0.9620 0.2153
vn -0.1116 -0.9868 0.1174
vn -0.1277 -0.9918 0.0069
vn -0.1065 -0.9943 0.0092
vn -0.1136 -0.9931 -0.0296
vn -0.0651 -0.9979 -0.0017
vn -0.0597 -0.9976 0.0364
vn -0.1341 -0.9903 0.0361
vn -0.0685 -0.9976 -0.0040
vn -0.1112 -0.9913 0.0705
vn -0.1034 -0.9886 0.1092
vn -0.0728 -0.9954 0.0624
vn 0.0216 -0.9959 0.0882
vn -0.0466 -0.9989 -0.0041
vn 0.0397 -0.9991 -0.0129
vn 0.0641 -0.9979 -0.0104
vn 0.0375 -0.9993 0.0013
vn 0.0510 -0.9986 0.0168
vn 0.0388 -0.9989 0.0249
vn 0.0378 -0.9990 0.0241
vn 0.0362 -0.9988 0.0333
vn 0.0136 -0.9996 0.0256
vn 0.0302 -0.9995 0.0051
vn 0.0173 -0.9998 0.0139
vn -0.0048 -0.9998 0.0167
vn 0.0082 -0.9999 0.0149
vn -0.0016 -0.9998 0.0178
vn 0.0227 -0.9997 -0.0065
vn 0.0058 -1.0000 -0.0065
vn 0.0625 -0.9973 -0.0380
vn 0.1043 -0.9900 -0.0952
vn 0.1091 -0.9921 -0.0615
vn 0.1572 -0.9798 -0.1233
vn 0.1639 -0.9721 -0.1677
vn 0.2051 -0.9696 -0.1332
vn 0.2012 -0.9604 -0.1929
vn 0.1885 -0.9465 -0.2620
vn 0.2768 -0.9352 -0.2209
vn 0.2577 -0.9133 -0.3153
vn 0.2119 -0.9074 -0.3628
vn 0.2499 -0.8687 -0.4277
vn 0.2976 -0.8123 -0.5016
vn 0.3116 -0.8185 -0.4827
vn 0.3172 -0.7785 -0.5416
vn 0.3572 -0.7634 -0.5382
vn 0.3553 -0.7822 -0.5118
vn 0.3688 -0.7401 -0.5624
vn 0.4559 -0.6726 -0.5829
vn 0.4883 -0.7124 -0.5041
vn 0.5067 -0.6612 -0.5532
vn 0.5119 -0.7195 -0.4693
vn 0.5337 -0.6742 -0.5106
vn 0.5808 -0.6541 -0.4846
vn 0.5730 -0.6987 -0.4284
vn 0.6125 -0.6783 -0.4060
vn 0.6125 -0.6496 -0.4505
vn 0.6274 -0.6467 -0.4338
vn 0.5995 -0.6012 -0.5285
vn 0.5308 -0.5395 -0.6536
vn 0.4488 -0.5872 -0.6736
vn 0.4127 -0.4972 -0.7632
vn 0.3987 -0.4027 -0.8239
vn 0.3696 -0.4672 -0.8032
vn 0.3836 -0.4210 -0.8219
vn 0.4182 -0.3840 -0.8232
vn 0.4376 -0.4574 -0.7741
vn 0.4673 -0.4173 -0.7794
vn 0.4903 -0.3325 -0.8056
vn 0.4392 -0.4499 -0.7776
vn 0.4646 -0.3515 -0.8128
vn 0.4815 -0.2988 -0.8239
vn 0.4453 -0.3637 -0.8182
vn 0.4596 -0.3281 -0.8253
vn 0.4815 -0.3376 -0.8088
vn 0.4082 -0.3945 -0.8233
vn 0.4523 -0.3731 -0.8101
vn 0.4649 -0.2719 -0.8426
vn 0.4040 -0.3574 -0.8421
vn 0.3657 -0.2732 -0.8897
vn 0.3594 -0.1439 -0.9220
vn 0.1545 -0.1723 -0.9728
vn 0.1861 -0.1831 -0.9653
vn 0.2123 -0.0664 -0.9749
vn 0.1457 -0.0522 -0.9880
vn 0.1186 0.0786 -0.9898
vn 0.1192 0.0870 -0.9890
vn 0.1449 0.1570 -0.9769
vn 0.1127 0.0737 -0.9909
vn 0.1389 0.1242 -0.9825
vn 0.0161 0.0570 -0.9982
vn 0.0205 0.1211 -0.9924
vn -0.2486 0.0712 -0.9660
vn -0.2759 0.1689 -0.9462
vn -0.4500 0.2494 -0.8575
vn -0.4424 0.2303 -0.8667
vn -0.5660 0.3085 -0.7645
vn -0.7927 0.2081 -0.5730
vn -0.7733 0.3724 -0.5131
vn -0.7667 0.4203 -0.4854
vn -0.7546 0.3752 -0.5383
vn -0.7376 0.4328 -0.5184
vn -0.7345 0.4480 -0.5097
vn -0.6654 0.3710 -0.6478
vn -0.6886 0.4662 -0.5554
vn -0.6134 0.5953 -0.5190
vn -0.3038 0.5119 -0.8035
vn -0.2923 0.5362 -0.7919
vn -0.2827 0.5749 -0.7678
vn -0.1974 0.5350 -0.8215
vn -0.1893 0.5733 -0.7972
vn -0.1934 0.6317 -0.7507
vn -0.1571 0.5582 -0.8147
vn -0.0886 0.5930 -0.8003
vn -0.0818 0.6669 -0.7407
vn -0.0606 0.6340 -0.7710
vn -0.0872 0.6873 -0.7211
vn -0.0641 0.7147 -0.6965
vn -0.1203 0.7272 -0.6758
vn -0.1285 0.7102 -0.6921
vn -0.0974 0.7281 -0.6786
vn -0.2161 0.7091 -0.6712
vn -0.1949 0.7471 -0.6354
vn -0.2568 0.7536 -0.6051
vn -0.2943 0.7629 -0.5756
vn -0.3940 0.7329 -0.5546
vn -0.3484 0.7655 -0.5410
vn -0.5708 0.7149 -0.4038
vn -0.5375 0.7534 -0.3787
vn -0.6586 0.6892 -0.3020
vn -0.6164 0.7163 -0.3270
vn -0.5978 0.7338 -0.3227
vn -0.7007 0.6694 -0.2470
vn -0.6708 0.6904 -0.2707
vn -0.6633 0.7271 -0.1771
vn -0.5968 0.7969 -0.0939
vn -0.7355 0.6773 -0.0141
vn -0.6431 0.7537 0.1354
vn -0.7418 0.6484 0.1710
vn -0.6182 0.7104 0.3363
vn -0.7314 0.6262 0.2701
vn -0.7154 0.6185 0.3250
vn -0.6046 0.6874 0.4024
vn -0.5387 0.7303 0.4201
vn -0.5966 0.7249 0.3443
vn -0.5325 0.7575 0.3776
vn -0.4648 0.7995 0.3804
vn -0.5118 0.7929 0.3308
vn -0.4587 0.8205 0.3410
vn -0.4648 0.8451 0.2640
vn -0.4421 0.8606 0.2529
vn -0.4972 0.8457 0.1937
vn -0.5219 0.8267 0.2103
vn -0.5990 0.7635 0.2415
vn -0.5965 0.7530 0.2780
vn -0.5403 0.6505 0.5338
vn -0.4281 0.7748 0.4652
vn -0.4318 0.7136 0.5516
vn -0.4358 0.7392 0.5135
vn -0.3901 0.7658 0.5112
vn -0.4279 0.7269 0.5371
vn -0.4257 0.7592 0.4923
vn -0.4768 0.7324 0.4860
vn -0.3774 0.7242 0.5772
vn -0.4069 0.7267 0.5534
vn -0.3445 0.6668 0.6609
vn -0.3137 0.6703 0.6725
vn -0.2310 0.6366 0.7358
vn -0.3452 0.6282 0.6972
vn -0.2523 0.6808 0.6876
vn -0.2972 0.7109 0.6374
vn -0.1951 0.7428 0.6404
vn -0.5320 0.7038 0.4708
vn -0.5396 0.7733 0.3328
vn -0.4706 0.8260 0.3102
vn -0.4686 0.8201 0.3284
vn -0.4852 0.8031 0.3458
vn -0.5617 0.7716 0.2984
vn -0.4255 0.8181 0.3869
vn -0.5241 0.7610 0.3823
vn -0.5479 0.7666 0.3347
vn -0.5920 0.7471 0.3023
vn -0.5784 0.7736 0.2588
vn -0.2955 0.8958 0.3320
vn -0.3154 0.8360 0.4490
vn 0.0327 0.9680 0.2489
vn 0.2900 0.8738 0.3904
vn 0.3190 0.9047 0.2826
vn 0.3425 0.8556 0.3882
vn 0.3147 0.8913 0.3265
vn 0.3268 0.8667 0.3769
vn 0.3521 0.8792 0.3210
vn 0.4326 0.8486 0.3044
vn 0.4741 0.8281 0.2989
vn 0.5756 0.7651 0.2886
vn 0.5240 0.7759 0.3512
vn 0.5451 0.7494 0.3757
vn 0.4695 0.7774 0.4186
vn 0.5886 0.7298 0.3477
vn 0.6461 0.6936 0.3184
vn 0.6880 0.6650 0.2906
vn 0.7490 0.6236 0.2239
vn 0.7877 0.5809 0.2052
vn 0.7488 0.6201 0.2341
vn 0.7689 0.6169 0.1682
vn 0.7501 0.6189 0.2332
vn 0.5746 0.7201 0.3890
vn 0.6020 0.6784 0.4212
vn 0.6090 0.6599 0.4402
vn 0.4900 0.6377 0.5943
vn 0.5311 0.6432 0.5515
vn 0.4579 0.6529 0.6034
vn 0.3098 0.6069 0.7320
vn 0.3318 0.5726 0.7497
vn 0.2225 0.5887 0.7771
vn 0.2427 0.5572 0.7941
vn 0.2558 0.5394 0.8023
vn 0.1734 0.5448 0.8205
vn 0.1817 0.5255 0.8312
vn 0.1988 0.4923 0.8474
vn 0.1346 0.5168 0.8455
vn 0.1442 0.4943 0.8572
vn 0.1637 0.4579 0.8738
vn 0.1148 0.4943 0.8617
vn 0.1179 0.4593 0.8804
vn 0.1252 0.4001 0.9079
vn 0.1045 0.4560 0.8838
vn 0.1030 0.3937 0.9135
vn 0.1108 0.3339 0.9361
vn 0.0917 0.3819 0.9196
vn 0.0869 0.3390 0.9368
vn 0.0925 0.3009 0.9492
vn 0.0457 0.3300 0.9429
vn 0.0408 0.2943 0.9548
vn 0.0422 0.1995 0.9790
vn -0.0896 0.2784 0.9563
vn -0.0773 0.1974 0.9773
vn -0.0648 0.1130 0.9915
vn 0.0498 0.1172 0.9919
vn -0.0593 0.0787 0.9951
vn 0.0533 0.0947 0.9941
vn -0.0578 0.0413 0.9975
vn 0.0505 0.0606 0.9969
vn -0.0518 -0.0566 0.9971
vn 0.0478 -0.0440 0.9979
vn -0.0340 -0.1842 0.9823
vn -0.1730 -0.0632 0.9829
vn -0.1521 -0.1703 0.9736
vn -0.1301 -0.2237 0.9659
vn -0.2779 -0.1564 0.9478
vn -0.2580 -0.2276 0.9390
vn -0.2523 -0.2861 0.9244
vn -0.4566 -0.2321 0.8589
vn -0.4274 -0.3042 0.8513
vn -0.4043 -0.3824 0.8309
vn -0.6085 -0.2888 0.7391
vn -0.5763 -0.3775 0.7248
vn -0.5190 -0.4400 0.7328
vn -0.6600 -0.3988 0.6367
vn -0.6305 -0.4704 0.6174
vn -0.6286 -0.5511 0.5488
vn -0.6773 -0.4476 0.5840
vn -0.6616 -0.5467 0.5132
vn -0.6362 -0.6170 0.4632
vn -0.6186 -0.6035 0.5031
vn -0.6377 -0.6355 0.4352
vn -0.6250 -0.6237 0.4694
vn -0.6402 -0.6399 0.4250
vn -0.6139 -0.6544 0.4415
vn -0.6196 -0.6671 0.4136
vn -0.5778 -0.6979 0.4232
vn -0.5807 -0.7085 0.4010
vn -0.5172 -0.7576 0.3981
vn -0.5259 -0.7710 0.3591
vn -0.4318 -0.8444 0.3170
vn -0.3351 -0.9039 0.2658
vn -0.2511 -0.9422 0.2217
vn -0.2017 -0.9690 0.1425
vn -0.0742 -0.9971 -0.0152
vn -0.0619 -0.9965 0.0561
vn -0.0227 -0.9988 0.0445
vn -0.0874 -0.9962 0.0007
vn -0.0800 -0.9963 0.0305
vn -0.1018 -0.9927 0.0641
vn -0.1161 -0.9931 0.0179
vn -0.1609 -0.9868 -0.0168
vn -0.0943 -0.9955 -0.0039
vn -0.1274 -0.9918 0.0069
vn -0.0919 -0.9958 -0.0044
vn -0.0412 -0.9991 -0.0085
vn -0.0554 -0.9984 -0.0062
vn 0.0205 -0.9998 0.0007
vn -0.0439 -0.9981 -0.0434
vn -0.0026 -0.9995 -0.0312
vn 0.0212 -0.9997 -0.0138
vn -0.0039 -0.9997 -0.0261
vn 0.0126 -0.9999 -0.0042
vn -0.0024 -0.9999 -0.0159
vn 0.0018 -1.0000 -0.0009
vn -0.0227 -0.9996 -0.0167
vn 0.0007 -0.9999 -0.0106
vn 0.0193 -0.9996 -0.0207
vn -0.0055 -0.9995 -0.0301
vn 0.0425 -0.9982 -0.0414
vn 0.1531 -0.9846 -0.0843
vn 0.0737 -0.9963 -0.0442
vn 0.1937 -0.9773 -0.0854
vn 0.2492 -0.9587 -0.1372
vn 0.2425 -0.9663 -0.0864
vn 0.3063 -0.9386 -0.1589
vn 0.3482 -0.9041 -0.2476
vn 0.3715 -0.9063 -0.2017
vn 0.4157 -0.8656 -0.2791
vn 0.3761 -0.8454 -0.3793
vn 0.4746 -0.8223 -0.3139
vn 0.4617 -0.7958 -0.3918
vn 0.3943 -0.7902 -0.4692
vn 0.5165 -0.7558 -0.4024
vn 0.4978 -0.7533 -0.4299
vn 0.4170 -0.7732 -0.4777
vn 0.4737 -0.7404 -0.4769
vn 0.5163 -0.7726 -0.3695
vn 0.5624 -0.7165 -0.4126
vn 0.5627 -0.7088 -0.4253
vn 0.5168 -0.7323 -0.4435
vn 0.5168 -0.7472 -0.4178
vn 0.5368 -0.7377 -0.4095
vn 0.5701 -0.7317 -0.3737
vn 0.5386 -0.7420 -0.3992
vn 0.5838 -0.6896 -0.4285
vn 0.5855 -0.7098 -0.3916
vn 0.5545 -0.7308 -0.3980
vn 0.4715 -0.6425 -0.6040
vn 0.4551 -0.7411 -0.4936
vn 0.4129 -0.7847 -0.4623
vn 0.5033 -0.6710 -0.5444
vn 0.3385 -0.6297 -0.6993
vn 0.3150 -0.5758 -0.7545
vn 0.3774 -0.5778 -0.7237
vn 0.3510 -0.6528 -0.6713
vn 0.2714 -0.6251 -0.7319
vn 0.2742 -0.5910 -0.7587
vn 0.2996 -0.6003 -0.7416
vn 0.3313 -0.5613 -0.7584
vn 0.1851 -0.6447 -0.7417
vn 0.2147 -0.6257 -0.7500
vn 0.2482 -0.6392 -0.7279
vn 0.2657 -0.6219 -0.7367
vn 0.3414 -0.5808 -0.7390
vn 0.1346 -0.6711 -0.7290
vn 0.1758 -0.6744 -0.7172
vn 0.2104 -0.6542 -0.7265
vn 0.2894 -0.6309 -0.7199
vn 0.2993 -0.5942 -0.7466
vn 0.1480 -0.7088 -0.6897
vn 0.2460 -0.6578 -0.7119
vn 0.4324 -0.5537 -0.7116
vn 0.3389 -0.4769 -0.8110
vn 0.2278 -0.7042 -0.6725
vn 0.2421 -0.6883 -0.6839
vn 0.2420 -0.6236 -0.7433
vn 0.2425 -0.4871 -0.8390
vn 0.4512 -0.4465 -0.7727
vn 0.1845 -0.7040 -0.6859
vn 0.2103 -0.6211 -0.7550
vn 0.2532 -0.4965 -0.8303
vn 0.2500 -0.3105 -0.9171
vn 0.1807 -0.6278 -0.7571
vn 0.2183 -0.4658 -0.8575
vn 0.1168 -0.4982 -0.8592
vn 0.1369 -0.3005 -0.9439
vn 0.1449 -0.1252 -0.9815
vn 0.2028 -0.1445 -0.9685
vn 0.1224 -0.0947 -0.9880
vn 0.1814 -0.1165 -0.9765
vn -0.0145 -0.3030 -0.9529
vn 0.0045 -0.1338 -0.9910
vn 0.0113 -0.0692 -0.9975
vn 0.0026 -0.0605 -0.9982
vn 0.0879 -0.0687 -0.9938
vn -0.2147 -0.1630 -0.9630
vn -0.2075 -0.0498 -0.9770
vn -0.2187 -0.0226 -0.9755
vn -0.2350 0.0110 -0.9719
vn 0.0047 -0.0072 -1.0000
vn -0.3709 0.1048 -0.9227
vn -0.3544 0.0549 -0.9335
vn -0.4298 -0.1098 -0.8962
vn -0.8070 0.1440 -0.5727
vn -0.8065 0.0947 -0.5836
vn -0.8009 0.0775 -0.5937
vn -0.8043 0.0818 -0.5886
vn -0.7940 0.0595 -0.6049
vn -0.7862 0.1969 -0.5857
vn -0.7201 -0.0698 -0.6903
vn -0.7450 0.1357 -0.6532
vn -0.6486 0.4610 -0.6056
vn -0.4249 0.1638 -0.8903
vn -0.3904 0.3334 -0.8581
vn -0.3334 0.4742 -0.8149
vn -0.3305 0.2939 -0.8969
vn -0.2796 0.4174 -0.8647
vn -0.2228 0.4841 -0.8462
vn -0.2515 0.3637 -0.8969
vn -0.2117 0.4575 -0.8637
vn -0.1825 0.5306 -0.8277
vn -0.2644 0.4479 -0.8541
vn -0.2475 0.5217 -0.8164
vn -0.2096 0.5312 -0.8209
vn -0.3735 0.4582 -0.8066
vn -0.3163 0.5153 -0.7965
vn -0.2298 0.4733 -0.8504
vn -0.4509 0.6172 -0.6448
vn -0.2406 0.6106 -0.7545
vn -0.2493 0.6851 -0.6844
vn -0.2161 0.6154 -0.7580
vn -0.5145 0.5580 -0.6511
vn -0.4663 0.6259 -0.6251
vn -0.5207 0.6039 -0.6034
vn -0.5832 0.6414 -0.4984
vn -0.7341 0.5375 -0.4150
vn -0.6766 0.6484 -0.3490
vn -0.7491 0.5548 -0.3620
vn -0.6833 0.6528 -0.3270
vn -0.6970 0.6776 -0.2349
vn -0.7864 0.5856 -0.1965
vn -0.7743 0.6113 -0.1638
vn -0.7635 0.6197 -0.1817
vn -0.7502 0.6373 -0.1762
vn -0.8128 0.5715 -0.1130
vn -0.7887 0.6049 -0.1098
vn -0.8459 0.5301 -0.0577
vn -0.8237 0.5658 -0.0378
vn -0.8648 0.5021 -0.0065
vn -0.8390 0.5428 0.0388
vn -0.8672 0.4952 0.0517
vn -0.8402 0.5264 0.1300
vn -0.8538 0.5066 0.1199
vn -0.8234 0.5287 0.2064
vn -0.8254 0.5416 0.1591
vn -0.7990 0.5591 0.2214
vn -0.6977 0.6506 0.3000
vn -0.7843 0.5852 0.2060
vn -0.7021 0.6690 0.2439
vn -0.5843 0.7587 0.2880
vn -0.7080 0.6753 0.2068
vn -0.5960 0.7630 0.2503
vn -0.4978 0.8243 0.2696
vn -0.6120 0.7577 0.2266
vn -0.5123 0.8261 0.2349
vn -0.5521 0.8029 0.2246
vn -0.5876 0.7118 0.3848
vn -0.5782 0.6937 0.4295
vn -0.5724 0.6371 0.5162
vn -0.6504 0.6240 0.4332
vn -0.5385 0.5938 0.5978
vn -0.4812 0.6561 0.5813
vn -0.5394 0.5977 0.5932
vn -0.4916 0.6731 0.5526
vn -0.4749 0.6036 0.6404
vn -0.4532 0.6558 0.6038
vn -0.3726 0.5855 0.7200
vn -0.3669 0.6265 0.6877
vn -0.3612 0.6835 0.6343
vn -0.2958 0.5896 0.7516
vn -0.3075 0.6335 0.7100
vn -0.2570 0.5550 0.7911
vn -0.2548 0.6004 0.7580
vn -0.2613 0.5342 0.8039
vn -0.2555 0.5847 0.7699
vn -0.2688 0.6068 0.7480
vn -0.3926 0.5617 0.7283
vn -0.4305 0.5932 0.6803
vn -0.4944 0.6037 0.6253
vn -0.4124 0.6839 0.6018
vn -0.3619 0.7451 0.5602
vn -0.4503 0.6790 0.5798
vn -0.3972 0.7768 0.4887
vn -0.5869 0.6818 0.4367
vn -0.5769 0.7302 0.3660
vn -0.5917 0.6836 0.4273
vn -0.5467 0.7350 0.4011
vn -0.5359 0.7174 0.4451
vn -0.5201 0.7501 0.4084
vn -0.4011 0.7190 0.5676
vn -0.5332 0.6812 0.5017
vn -0.0148 0.6143 0.7889
vn -0.0186 0.6722 0.7402
vn -0.0003 0.6817 0.7316
vn 0.2516 0.7522 0.6090
vn 0.2704 0.8096 0.5211
vn 0.2417 0.7941 0.5576
vn 0.3401 0.8168 0.4661
vn 0.2646 0.8131 0.5186
vn 0.3191 0.8475 0.4241
vn 0.3314 0.8094 0.4848
vn 0.3890 0.8076 0.4431
vn 0.3658 0.8589 0.3584
vn 0.5359 0.7675 0.3518
vn 0.5589 0.7870 0.2613
vn 0.6634 0.7034 0.2551
vn 0.6706 0.6969 0.2542
vn 0.5480 0.7539 0.3625
vn 0.5477 0.7544 0.3618
vn 0.3999 0.7835 0.4756
vn 0.3865 0.7767 0.4973
vn 0.4068 0.7628 0.5027
vn 0.3161 0.7372 0.5972
vn 0.3079 0.7133 0.6297
vn 0.2896 0.6526 0.7001
vn 0.2199 0.6636 0.7151
vn 0.2091 0.6232 0.7536
vn 0.1855 0.6180 0.7640
vn 0.1666 0.6010 0.7817
vn 0.1661 0.5746 0.8014
vn 0.1445 0.5803 0.8015
vn 0.1382 0.5627 0.8150
vn 0.1376 0.5294 0.8371
vn 0.1312 0.5582 0.8193
vn 0.1285 0.5199 0.8445
vn 0.1208 0.5049 0.8547
vn 0.1237 0.5148 0.8484
vn 0.1155 0.4909 0.8635
vn 0.1087 0.4884 0.8658
vn 0.1262 0.4838 0.8660
vn 0.1186 0.4819 0.8681
vn 0.1056 0.4444 0.8896
vn 0.0970 0.4656 0.8797
vn 0.0767 0.4175 0.9055
vn 0.0566 0.3589 0.9316
vn -0.0893 0.3741 0.9231
vn -0.0909 0.3250 0.9413
vn -0.0927 0.3050 0.9478
vn -0.3035 0.3141 0.8996
vn -0.2724 0.2876 0.9182
vn -0.2560 0.2685 0.9286
vn -0.4590 0.3020 0.8355
vn -0.4216 0.2749 0.8641
vn -0.3950 0.2286 0.8898
vn -0.2352 0.2090 0.9492
vn -0.3681 0.1444 0.9185
vn -0.2066 0.1208 0.9709
vn -0.3393 0.0732 0.9378
vn -0.1868 0.0692 0.9800
vn -0.3179 0.0168 0.9480
vn -0.1802 0.0245 0.9833
vn -0.3002 -0.0652 0.9517
vn -0.5577 0.0069 0.8300
vn -0.5274 -0.0657 0.8471
vn -0.4917 -0.1512 0.8575
vn -0.7176 -0.0559 0.6943
vn -0.6866 -0.1274 0.7158
vn -0.6474 -0.2063 0.7337
vn -0.7438 -0.0919 0.6621
vn -0.7285 -0.1778 0.6616
vn -0.7129 -0.2703 0.6471
vn -0.6756 -0.1903 0.7123
vn -0.6944 -0.2885 0.6592
vn -0.7207 -0.3642 0.5899
vn -0.5440 -0.3304 0.7713
vn -0.5783 -0.4090 0.7059
vn -0.5794 -0.4506 0.6792
vn -0.4099 -0.4511 0.7928
vn -0.3918 -0.5304 0.7518
vn -0.4687 -0.6071 0.6417
vn -0.6073 -0.5627 0.5609
vn -0.4869 -0.6723 0.5576
vn -0.5932 -0.6377 0.4914
vn -0.5072 -0.7027 0.4990
vn -0.5991 -0.6635 0.4482
vn -0.5536 -0.6760 0.4864
vn -0.6233 -0.6466 0.4398
vn -0.5792 -0.6657 0.4705
vn -0.6200 -0.6575 0.4281
vn -0.5752 -0.6979 0.4266
vn -0.5947 -0.6931 0.4074
vn -0.5306 -0.7538 0.3877
vn -0.5003 -0.7939 0.3456
vn -0.4139 -0.8567 0.3078
vn -0.3197 -0.9173 0.2373
vn -0.2188 -0.9637 0.1529
vn -0.1387 -0.9899 0.0282
vn -0.1085 -0.9939 0.0207
vn -0.0928 -0.9955 0.0194
vn -0.1521 -0.9877 0.0352
vn -0.0669 -0.9975 0.0241
vn -0.0778 -0.9965 -0.0297
vn -0.0722 -0.9970 0.0278
vn -0.0598 -0.9971 0.0475
vn -0.0810 -0.9966 0.0139
vn -0.0733 -0.9969 0.0271
vn -0.0739 -0.9962 0.0456
vn -0.0706 -0.9975 0.0041
vn -0.0505 -0.9985 0.0202
vn -0.1130 -0.9936 -0.0000
vn -0.0964 -0.9951 0.0211
vn -0.1158 -0.9918 -0.0545
vn -0.0795 -0.9960 -0.0400
vn -0.1298 -0.9905 -0.0456
vn -0.0908 -0.9942 -0.0572
vn -0.0510 -0.9974 -0.0499
vn -0.0090 -0.9992 -0.0392
vn -0.0214 -0.9993 -0.0292
vn 0.0009 -0.9995 -0.0318
vn -0.0159 -0.9985 -0.0516
vn -0.0369 -0.9982 -0.0466
vn -0.0105 -0.9980 -0.0624
vn -0.0637 -0.9968 -0.0479
vn -0.0120 -0.9996 -0.0271
vn -0.1016 -0.9923 -0.0706
vn -0.0265 -0.9990 -0.0363
vn 0.1018 -0.9941 -0.0386
vn -0.0344 -0.9974 -0.0639
vn 0.1318 -0.9874 -0.0870
vn 0.2984 -0.9449 -0.1346
vn 0.1640 -0.9654 -0.2029
vn 0.3396 -0.9131 -0.2254
vn 0.4271 -0.8660 -0.2599
vn 0.3630 -0.8729 -0.3259
vn 0.4698 -0.8143 -0.3409
vn 0.3842 -0.8396 -0.3841
vn 0.5179 -0.7865 -0.3365
vn 0.4055 -0.8096 -0.4243
vn 0.2321 -0.8966 -0.3772
vn 0.2581 -0.8645 -0.4313
vn 0.2740 -0.8271 -0.4907
vn 0.1302 -0.8943 -0.4280
vn 0.1459 -0.8556 -0.4966
vn 0.2488 -0.7927 -0.5566
vn 0.0148 -0.8689 -0.4947
vn 0.1382 -0.7628 -0.6317
vn 0.0807 -0.6818 -0.7270
vn -0.0357 -0.7413 -0.6702
vn 0.0500 -0.7371 -0.6740
vn 0.1029 -0.7368 -0.6683
vn -0.0684 -0.7766 -0.6262
vn 0.0422 -0.7700 -0.6366
vn 0.1353 -0.7770 -0.6148
vn 0.0390 -0.7976 -0.6019
vn 0.1046 -0.7867 -0.6085
vn 0.1795 -0.7725 -0.6092
vn 0.1530 -0.7983 -0.5825
vn 0.2023 -0.7608 -0.6167
vn 0.1695 -0.6990 -0.6948
vn 0.1595 -0.7383 -0.6553
vn 0.1301 -0.6931 -0.7090
vn 0.1105 -0.6237 -0.7738
vn 0.1065 -0.6625 -0.7414
vn 0.0370 -0.6034 -0.7966
vn -0.0061 -0.4794 -0.8776
vn -0.1130 -0.6112 -0.7833
vn -0.1541 -0.4899 -0.8580
vn -0.1987 -0.3368 -0.9204
vn -0.3130 -0.5233 -0.7926
vn -0.4251 -0.3619 -0.8296
vn -0.4129 -0.2613 -0.8725
vn -0.5849 -0.2942 -0.7558
vn -0.6942 -0.1388 -0.7062
vn -0.8033 0.0492 -0.5936
vn -0.7503 -0.1084 -0.6521
vn -0.8055 0.0738 -0.5880
vn -0.8143 0.1429 -0.5626
vn -0.6865 -0.0304 -0.7265
vn -0.7741 0.1282 -0.6200
vn -0.7320 0.2013 -0.6509
vn -0.4089 0.1744 -0.8958
vn -0.4005 0.1168 -0.9088
vn -0.4174 0.0931 -0.9039
vn -0.3515 0.1179 -0.9287
vn -0.3415 0.1118 -0.9332
vn -0.3431 0.1629 -0.9251
vn -0.2267 0.1405 -0.9638
vn -0.2628 0.1957 -0.9448
vn -0.2780 0.2805 -0.9187
vn -0.2790 0.2289 -0.9326
vn -0.2824 0.2810 -0.9172
vn -0.2749 0.3530 -0.8943
vn -0.4437 0.2410 -0.8632
vn -0.3304 0.4038 -0.8531
vn -0.3918 0.4303 -0.8132
vn -0.4920 0.3927 -0.7770
vn -0.3762 0.4533 -0.8081
vn -0.3862 0.4721 -0.7925
vn -0.4727 0.5382 -0.6978
vn -0.5204 0.5261 -0.6726
vn -0.5548 0.4775 -0.6813
vn -0.6571 0.5368 -0.5291
vn -0.6700 0.5074 -0.5419
vn -0.7589 0.4881 -0.4311
vn -0.7151 0.5418 -0.4416
vn -0.8366 0.4435 -0.3216
vn -0.7992 0.5229 -0.2964
vn -0.8346 0.5188 -0.1855
vn -0.8732 0.4620 -0.1553
vn -0.8293 0.5374 -0.1534
vn -0.8399 0.5061 -0.1961
vn -0.8228 0.5486 -0.1486
vn -0.8052 0.5829 -0.1093
vn -0.8212 0.5640 -0.0872
vn -0.8285 0.5583 -0.0429
vn -0.8436 0.5368 0.0136
vn -0.8462 0.5329 0.0002
vn -0.8471 0.5311 0.0180
vn -0.8515 0.5236 0.0283
vn -0.8418 0.5386 0.0346
vn -0.8440 0.5322 0.0663
vn -0.8427 0.5317 0.0846
vn -0.8270 0.5516 0.1086
vn -0.8488 0.5131 0.1275
vn -0.8140 0.5635 0.1408
vn -0.7969 0.5772 0.1783
vn -0.8423 0.5194 0.1442
vn -0.7900 0.5929 0.1561
vn -0.7728 0.6141 0.1600
vn -0.8154 0.5752 0.0651
vn -0.7479 0.6608 0.0631
vn -0.6751 0.7193 0.1639
vn -0.6948 0.7156 0.0719
vn -0.8643 0.5020 -0.0309
vn -0.8012 0.5630 0.2027
vn -0.7617 0.5482 0.3454
vn -0.6137 0.6308 0.4749
vn -0.6727 0.5074 0.5386
vn -0.6314 0.5636 0.5327
vn -0.6037 0.6111 0.5120
vn -0.5803 0.5752 0.5765
vn -0.5406 0.5610 0.6269
vn -0.5892 0.5372 0.6036
vn -0.5676 0.5680 0.5961
vn -0.5747 0.5937 0.5632
vn -0.5703 0.5745 0.5871
vn -0.4874 0.5398 0.6863
vn -0.4847 0.5792 0.6554
vn -0.3606 0.4996 0.7876
vn -0.3659 0.5514 0.7497
vn -0.2695 0.4606 0.8457
vn -0.2746 0.5074 0.8168
vn -0.2856 0.5483 0.7860
vn -0.2508 0.4843 0.8382
vn -0.2498 0.5178 0.8182
vn -0.2874 0.4996 0.8172
vn -0.2656 0.5121 0.8168
vn -0.3616 0.5373 0.7619
vn -0.3444 0.5224 0.7801
vn -0.3602 0.5170 0.7765
vn -0.4707 0.4052 0.7837
vn -0.4783 0.5624 0.6745
vn -0.5293 0.5277 0.6643
vn -0.6511 0.4804 0.5875
vn -0.5720 0.5479 0.6105
vn -0.4988 0.6313 0.5939
vn -0.6395 0.5721 0.5136
vn -0.6116 0.6254 0.4846
vn -0.6340 0.5792 0.5125
vn -0.6203 0.6231 0.4764
vn -0.5958 0.6063 0.5267
vn -0.6020 0.6307 0.4897
vn -0.3409 0.6630 0.6665
vn -0.3258 0.6803 0.6565
vn 0.0199 0.6126 0.7901
vn 0.0395 0.5986 0.8001
vn 0.1625 0.5398 0.8259
vn 0.1645 0.5468 0.8210
vn 0.1923 0.5851 0.7878
vn 0.2485 0.6574 0.7114
vn 0.2135 0.5949 0.7750
vn 0.2026 0.6360 0.7447
vn 0.2491 0.6984 0.6710
vn 0.2106 0.6722 0.7098
vn 0.2461 0.7089 0.6610
vn 0.3030 0.7470 0.5918
vn 0.2809 0.7806 0.5583
vn 0.1629 0.5887 0.7918
vn 0.1668 0.5670 0.8067
vn 0.1404 0.5645 0.8134
vn 0.1500 0.5488 0.8224
vn 0.1351 0.5509 0.8236
vn 0.1517 0.5387 0.8287
vn 0.1373 0.5091 0.8497
vn 0.1187 0.5460 0.8293
vn 0.1233 0.5035 0.8551
vn 0.1118 0.4740 0.8734
vn -0.1161 0.5182 0.8473
vn -0.0926 0.4594 0.8834
vn -0.0870 0.4285 0.8994
vn -0.4297 0.4316 0.7932
vn -0.3860 0.3887 0.8366
vn -0.3449 0.3481 0.8717
vn -0.5980 0.3783 0.7066
vn -0.5556 0.3598 0.7496
vn -0.5061 0.3385 0.7933
vn -0.6560 0.3780 0.6533
vn -0.6336 0.3642 0.6826
vn -0.6108 0.3261 0.7215
vn -0.6801 0.3772 0.6287
vn -0.6808 0.3412 0.6482
vn -0.6909 0.2661 0.6722
vn -0.5957 0.2774 0.7538
vn -0.7116 0.1804 0.6791
vn -0.5920 0.2188 0.7756
vn -0.7313 0.0978 0.6750
vn -0.5897 0.1365 0.7960
vn -0.7381 0.0370 0.6737
vn -0.5802 0.0616 0.8121
vn -0.7331 -0.0017 0.6801
vn -0.7257 0.0107 0.6879
vn -0.7480 -0.0067 0.6637
vn -0.7526 -0.0400 0.6573
vn -0.6123 0.0233 0.7902
vn -0.6261 -0.0158 0.7796
vn -0.6484 -0.0830 0.7568
vn -0.4955 -0.0075 0.8686
vn -0.5135 -0.0991 0.8524
vn -0.5276 -0.2102 0.8231
vn -0.4883 -0.0997 0.8670
vn -0.4609 -0.1971 0.8653
vn -0.4220 -0.3361 0.8420
vn -0.4406 -0.1641 0.8826
vn -0.3897 -0.2991 0.8710
vn -0.3240 -0.4526 0.8308
vn -0.3567 -0.2594 0.8975
vn -0.2953 -0.4345 0.8509
vn -0.1825 -0.5233 0.8324
vn -0.3292 -0.5460 0.7704
vn -0.1938 -0.6587 0.7270
vn -0.3198 -0.6524 0.6871
vn -0.1945 -0.6960 0.6912
vn -0.3477 -0.7004 0.6234
vn -0.2097 -0.7315 0.6488
vn -0.3712 -0.7301 0.5738
vn -0.2591 -0.7512 0.6071
vn -0.4282 -0.7185 0.5480
vn -0.3516 -0.7506 0.5594
vn -0.4940 -0.6977 0.5188
vn -0.4223 -0.7660 0.4846
vn -0.5184 -0.7256 0.4526
vn -0.4697 -0.7732 0.4260
vn -0.4623 -0.7707 0.4385
vn -0.4057 -0.8257 0.3920
vn -0.2811 -0.9143 0.2917
vn -0.1830 -0.9772 0.1080
vn -0.0894 -0.9939 0.0648
vn -0.0770 -0.9936 0.0827
vn -0.0586 -0.9965 0.0602
vn 0.0320 -0.9981 0.0532
vn -0.0356 -0.9993 0.0122
vn -0.0025 -0.9995 0.0314
vn 0.0192 -0.9994 0.0271
vn -0.0337 -0.9982 0.0489
vn 0.0350 -0.9988 0.0349
vn -0.0338 -0.9987 0.0372
vn 0.0574 -0.9961 0.0670
vn -0.0339 -0.9979 0.0558
vn -0.0241 -0.9994 0.0241
vn -0.0221 -0.9997 0.0114
vn -0.0911 -0.9954 -0.0288
vn -0.0826 -0.9957 -0.0411
vn -0.1343 -0.9890 -0.0616
vn -0.0853 -0.9909 -0.1045
vn -0.1554 -0.9849 -0.0769
vn -0.1706 -0.9853 -0.0081
vn -0.0813 -0.9964 -0.0227
vn -0.0501 -0.9985 -0.0241
vn -0.0567 -0.9974 -0.0448
vn 0.0224 -0.9987 -0.0459
vn -0.1025 -0.9925 -0.0673
vn -0.1130 -0.9799 -0.1643
vn -0.0769 -0.9847 -0.1565
vn -0.1472 -0.9863 -0.0745
vn -0.1435 -0.9784 -0.1487
vn -0.1153 -0.9788 -0.1693
vn -0.0890 -0.9762 -0.1977
vn -0.1283 -0.9894 -0.0679
vn -0.1174 -0.9897 -0.0813
vn -0.1169 -0.9780 -0.1725
vn -0.1611 -0.9586 -0.2349
vn -0.1088 -0.9720 -0.2081
vn -0.1194 -0.9571 -0.2638
vn -0.1296 -0.9604 -0.2467
vn -0.1623 -0.9509 -0.2634
vn -0.0810 -0.9802 -0.1807
vn -0.0897 -0.9560 -0.2792
vn -0.1013 -0.9610 -0.2573
vn -0.1485 -0.9537 -0.2615
vn -0.1201 -0.9622 -0.2442
vn -0.1307 -0.9508 -0.2808
vn -0.1405 -0.9523 -0.2708
vn -0.1854 -0.9328 -0.3092
vn -0.2469 -0.8922 -0.3782
vn -0.2067 -0.9108 -0.3574
vn -0.1734 -0.9466 -0.2717
vn -0.1927 -0.9208 -0.3390
vn -0.2191 -0.8874 -0.4056
vn -0.2431 -0.8840 -0.3992
vn -0.2756 -0.8851 -0.3749
vn -0.1280 -0.9285 -0.3485
vn -0.1129 -0.9057 -0.4085
vn -0.1082 -0.8930 -0.4369
vn -0.1268 -0.8632 -0.4887
vn -0.2960 -0.8487 -0.4383
vn 0.1194 -0.9113 -0.3941
vn 0.1184 -0.8820 -0.4562
vn 0.1195 -0.8588 -0.4981
vn 0.1299 -0.8322 -0.5390
vn -0.1304 -0.8391 -0.5280
vn 0.2571 -0.8492 -0.4612
vn 0.2355 -0.8379 -0.4925
vn 0.2030 -0.8164 -0.5406
vn 0.1308 -0.7872 -0.6027
vn 0.1139 -0.8246 -0.5542
vn 0.1771 -0.8344 -0.5219
vn 0.1136 -0.8151 -0.5681
vn 0.0386 -0.7647 -0.6433
vn -0.0405 -0.7338 -0.6781
vn 0.0336 -0.7766 -0.6290
vn 0.0063 -0.8043 -0.5942
vn -0.0209 -0.7407 -0.6715
vn -0.0827 -0.7078 -0.7016
vn -0.1833 -0.6385 -0.7475
vn -0.1859 -0.6966 -0.6930
vn -0.1094 -0.7183 -0.6871
vn -0.1459 -0.6608 -0.7362
vn -0.2166 -0.6143 -0.7588
vn -0.2700 -0.5535 -0.7879
vn -0.2385 -0.5802 -0.7787
vn -0.2139 -0.6440 -0.7345
vn -0.2569 -0.6027 -0.7555
vn -0.2981 -0.5264 -0.7963
vn -0.3470 -0.4548 -0.8202
vn -0.3243 -0.4803 -0.8149
vn -0.3025 -0.5859 -0.7519
vn -0.3403 -0.5201 -0.7834
vn -0.3534 -0.4429 -0.8240
vn -0.3691 -0.3701 -0.8526
vn -0.3891 -0.3884 -0.8353
vn -0.4100 -0.5320 -0.7409
vn -0.4231 -0.4584 -0.7816
vn -0.4386 -0.3743 -0.8170
vn -0.4558 -0.2926 -0.8406
vn -0.3884 -0.2857 -0.8761
vn -0.5130 -0.4384 -0.7380
vn -0.5520 -0.3820 -0.7412
vn -0.5213 -0.3435 -0.7812
vn -0.4864 -0.1914 -0.8525
vn -0.4822 -0.1864 -0.8560
vn -0.6302 -0.3475 -0.6943
vn -0.6501 -0.2708 -0.7099
vn -0.6917 -0.1905 -0.6966
vn -0.7058 -0.1028 -0.7009
vn -0.6639 -0.1795 -0.7260
vn -0.7474 -0.2756 -0.6045
vn -0.7719 -0.1915 -0.6062
vn -0.8002 -0.0829 -0.5939
vn -0.8239 0.0070 -0.5667
vn -0.7319 -0.0140 -0.6813
vn -0.8821 -0.1771 -0.4365
vn -0.8987 -0.0793 -0.4314
vn -0.8970 -0.0040 -0.4419
vn -0.8923 0.0374 -0.4499
vn -0.8318 0.0599 -0.5518
vn -0.9333 -0.0928 -0.3468
vn -0.9342 -0.0333 -0.3552
vn -0.9319 0.0156 -0.3623
vn -0.9284 0.1033 -0.3570
vn -0.8932 0.1069 -0.4368
vn -0.9669 -0.0501 -0.2501
vn -0.9698 -0.0077 -0.2437
vn -0.9678 0.0799 -0.2385
vn -0.9585 0.1665 -0.2315
vn -0.9230 0.1792 -0.3405
vn -0.9855 -0.0232 -0.1678
vn -0.9846 0.0688 -0.1605
vn -0.9772 0.1556 -0.1442
vn -0.9634 0.2271 -0.1424
vn -0.9465 0.2428 -0.2123
vn -0.9953 0.0607 -0.0760
vn -0.9866 0.1477 -0.0688
vn -0.9778 0.1992 -0.0652
vn -0.9652 0.2546 -0.0603
vn -0.9488 0.2769 -0.1517
vn -0.9909 0.1320 -0.0246
vn -0.9809 0.1932 -0.0243
vn -0.9683 0.2497 -0.0115
vn -0.9610 0.2762 -0.0115
vn -0.9537 0.2949 -0.0589
vn -0.9804 0.1939 -0.0348
vn -0.9667 0.2521 -0.0433
vn -0.9581 0.2834 -0.0427
vn -0.9492 0.3140 -0.0189
vn -0.9520 0.3056 -0.0184
vn -0.9756 0.2197 0.0015
vn -0.9579 0.2869 0.0070
vn -0.9444 0.3274 0.0320
vn -0.9184 0.3914 0.0583
vn -0.9113 0.4117 0.0061
vn -0.9559 0.2853 0.0700
vn -0.9410 0.3287 0.0800
vn -0.9136 0.3950 0.0965
vn -0.8769 0.4672 0.1135
vn -0.8738 0.4804 0.0755
vn -0.9302 0.3309 0.1589
vn -0.9030 0.3859 0.1890
vn -0.8795 0.4444 0.1704
vn -0.9165 0.3756 0.1376
vn -0.8936 0.4374 0.1006
vn -0.9288 0.3695 0.0297
vn -0.8559 0.5169 -0.0131
vn -0.9210 0.3869 -0.0449
vn -0.9357 0.3484 0.0554
vn -0.9290 0.3168 0.1912
vn -0.8644 0.2901 0.4108
vn -0.7641 0.2990 0.5717
vn -0.7039 0.4038 0.5844
vn -0.6489 0.4775 0.5924
vn -0.6431 0.4703 0.6043
vn -0.7414 0.3484 0.5735
vn -0.6128 0.5052 0.6077
vn -0.6496 0.4456 0.6160
vn -0.6312 0.5277 0.5684
vn -0.5843 0.4337 0.6859
vn -0.6132 0.5155 0.5985
vn -0.4773 0.4072 0.7787
vn -0.4839 0.4804 0.7315
vn -0.3591 0.3678 0.8578
vn -0.3593 0.4458 0.8198
vn -0.3020 0.3609 0.8824
vn -0.2720 0.4259 0.8629
vn -0.3504 0.3993 0.8472
vn -0.2993 0.4506 0.8410
vn -0.2673 0.4609 0.8463
vn -0.3612 0.4882 0.7945
vn -0.3238 0.5051 0.8000
vn -0.4227 0.5074 0.7509
vn -0.3898 0.5506 0.7382
vn -0.4959 0.4921 0.7154
vn -0.5163 0.5321 0.6711
vn -0.4674 0.5057 0.7251
vn -0.6718 0.4435 0.5933
vn -0.6924 0.4092 0.5942
vn -0.6881 0.4767 0.5470
vn -0.6992 0.4519 0.5540
vn -0.6792 0.4815 0.5539
vn -0.6650 0.5183 0.5377
vn -0.6879 0.4849 0.5401
vn -0.6558 0.5325 0.5352
vn -0.6501 0.4548 0.6087
vn -0.6467 0.5601 0.5177
vn -0.4711 0.5045 0.7236
vn -0.4970 0.6024 0.6246
vn -0.1616 0.6187 0.7689
vn -0.6274 0.4154 0.6587
vn -0.6559 0.4348 0.6170
vn -0.6709 0.3889 0.6313
vn -0.6745 0.4050 0.6173
vn -0.6822 0.3879 0.6198
vn -0.6205 0.4312 0.6550
vn -0.6048 0.4045 0.6860
vn -0.4952 0.4336 0.7529
vn -0.5042 0.3834 0.7739
vn -0.6047 0.3677 0.7065
vn -0.5227 0.3122 0.7933
vn -0.6085 0.2924 0.7377
vn -0.5505 0.1597 0.8194
vn -0.6308 0.1671 0.7578
vn -0.5745 0.0094 0.8184
vn -0.6782 0.0519 0.7331
vn -0.5963 -0.0084 0.8027
vn -0.5343 0.0332 0.8447
vn -0.4996 0.0192 0.8660
vn -0.4846 0.0493 0.8733
vn -0.4612 0.0583 0.8854
vn -0.4702 0.0266 0.8821
vn -0.4893 -0.0323 0.8715
vn -0.4835 0.0076 0.8753
vn -0.4768 -0.0396 0.8781
vn -0.4624 -0.0759 0.8834
vn -0.3676 0.0052 0.9300
vn -0.4493 -0.0344 0.8927
vn -0.4070 -0.1218 0.9053
vn -0.3025 -0.0508 0.9518
vn -0.3389 -0.0842 0.9370
vn -0.3183 -0.2526 0.9137
vn -0.3502 -0.1153 0.9296
vn -0.3440 -0.2919 0.8924
vn -0.3092 -0.4546 0.8353
vn -0.2745 -0.4286 0.8608
vn -0.2437 -0.5219 0.8175
vn -0.2456 -0.5051 0.8274
vn -0.1962 -0.6412 0.7419
vn -0.1474 -0.6390 0.7549
vn -0.1406 -0.7104 0.6896
vn -0.1123 -0.6878 0.7172
vn -0.1085 -0.7643 0.6356
vn -0.1075 -0.7340 0.6705
vn -0.1075 -0.7932 0.5993
vn -0.1295 -0.7660 0.6296
vn -0.1141 -0.8203 0.5604
vn -0.1845 -0.7913 0.5829
vn -0.1669 -0.8296 0.5329
vn -0.2730 -0.7987 0.5363
vn -0.2514 -0.8344 0.4905
vn -0.3484 -0.7972 0.4930
vn -0.3653 -0.8042 0.4689
vn -0.3958 -0.8104 0.4318
vn -0.3030 -0.9013 0.3095
vn -0.1736 -0.9650 0.1967
vn -0.3737 -0.8388 0.3959
vn -0.3067 -0.9125 0.2705
vn -0.1834 -0.9719 0.1478
vn -0.2691 -0.9270 0.2614
vn -0.1373 -0.9761 0.1687
vn -0.1195 -0.9870 0.1078
vn -0.1629 -0.9558 0.2448
vn -0.0437 -0.9922 0.1166
vn -0.1852 -0.9692 0.1622
vn -0.2153 -0.9680 0.1292
vn -0.0468 -0.9984 0.0312
vn -0.1879 -0.9786 0.0840
vn -0.1642 -0.9828 0.0842
vn -0.1581 -0.9810 0.1120
vn -0.0129 -0.9968 0.0783
vn -0.1173 -0.9900 0.0785
vn 0.0849 -0.9921 0.0921
vn 0.0880 -0.9961 0.0086
vn 0.0678 -0.9970 -0.0363
vn 0.0410 -0.9985 -0.0353
vn -0.0102 -0.9987 0.0502
vn 0.0767 -0.9967 -0.0270
vn 0.0719 -0.9973 -0.0155
vn 0.0807 -0.9950 -0.0583
vn 0.0349 -0.9979 -0.0540
vn 0.1344 -0.9899 -0.0454
vn 0.1451 -0.9887 0.0366
vn 0.1060 -0.9934 -0.0437
vn 0.1189 -0.9925 -0.0270
vn 0.0261 -0.9977 -0.0620
vn 0.1833 -0.9826 -0.0284
vn 0.2115 -0.9768 -0.0322
vn 0.1344 -0.9894 -0.0544
vn 0.1889 -0.9816 0.0263
vn 0.1987 -0.9800 -0.0093
vn 0.2181 -0.9759 -0.0111
vn 0.2575 -0.9642 -0.0635
vn 0.0857 -0.9955 0.0407
vn 0.0816 -0.9966 0.0106
vn 0.0820 -0.9966 0.0068
vn 0.0104 -0.9999 0.0097
vn 0.0052 -0.9990 -0.0440
vn 0.0828 -0.9944 -0.0664
vn 0.2337 -0.9668 -0.1028
vn 0.0073 -0.9997 0.0254
vn -0.0978 -0.9940 0.0491
vn -0.0946 -0.9954 0.0180
vn 0.0040 -0.9988 0.0486
vn -0.1128 -0.9904 0.0804
vn -0.2505 -0.9617 0.1112
vn -0.2585 -0.9634 0.0704
vn -0.0068 -0.9958 0.0914
vn -0.1259 -0.9808 0.1486
vn -0.2341 -0.9556 0.1788
vn -0.3380 -0.9231 0.1834
vn -0.3715 -0.9219 0.1097
vn -0.1358 -0.9669 0.2159
vn -0.2158 -0.9465 0.2399
vn -0.3192 -0.9089 0.2682
vn -0.4487 -0.8360 0.3158
vn -0.4716 -0.8593 0.1981
vn -0.2186 -0.9333 0.2848
vn -0.3199 -0.8810 0.3485
vn -0.4359 -0.8026 0.4073
vn -0.5273 -0.7319 0.4315
vn -0.5637 -0.7483 0.3498
vn -0.3145 -0.8417 0.4389
vn -0.4191 -0.7701 0.4811
vn -0.4874 -0.7182 0.4966
vn -0.5548 -0.6616 0.5045
vn -0.5869 -0.6795 0.4402
vn -0.3986 -0.7503 0.5274
vn -0.4576 -0.7145 0.5292
vn -0.5346 -0.6659 0.5205
vn -0.5523 -0.6775 0.4857
vn -0.5763 -0.6514 0.4935
vn -0.4819 -0.7460 0.4596
vn -0.5539 -0.7030 0.4462
vn -0.5606 -0.7266 0.3973
vn -0.5456 -0.7646 0.3430
vn -0.5371 -0.7266 0.4285
vn -0.5968 -0.7369 0.3175
vn -0.5792 -0.7687 0.2713
vn -0.5774 -0.7821 0.2344
vn -0.6052 -0.7627 0.2283
vn -0.5807 -0.7485 0.3203
vn -0.6006 -0.7869 0.1417
vn -0.6117 -0.7810 0.1255
vn -0.6441 -0.7499 0.1509
vn -0.7184 -0.6613 0.2159
vn -0.6930 -0.6720 0.2611
vn -0.6333 -0.7699 0.0790
vn -0.6839 -0.7133 0.1533
vn -0.7285 -0.6417 0.2398
vn -0.7907 -0.5361 0.2955
vn -0.7881 -0.5447 0.2867
vn -0.7119 -0.6757 0.1913
vn -0.7485 -0.6109 0.2581
vn -0.7828 -0.5392 0.3107
vn -0.8256 -0.4763 0.3026
vn -0.8208 -0.4706 0.3238
vn -0.7669 -0.5759 0.2833
vn -0.7816 -0.5095 0.3597
vn -0.7832 -0.4509 0.4282
vn -0.8454 -0.3351 0.4159
vn -0.8237 -0.3898 0.4119
vn -0.8279 -0.4792 0.2917
vn -0.7590 -0.4111 0.5049
vn -0.8667 -0.3887 0.3125
vn -0.7708 -0.2379 0.5910
vn -0.7742 -0.2879 0.5637
vn -0.8804 -0.3046 0.3635
vn -0.8544 -0.2859 0.4339
vn -0.8645 -0.2129 0.4552
vn -0.8654 -0.1496 0.4783
vn -0.9090 -0.1025 0.4041
vn -0.7986 -0.2115 0.5635
vn -0.8200 -0.1887 0.5403
vn -0.7655 -0.2345 0.5992
vn -0.8066 -0.0605 0.5881
vn -0.8457 -0.0999 0.5242
vn -0.5448 -0.0975 0.8329
vn -0.5345 -0.0397 0.8443
vn -0.4837 0.0184 0.8751
vn -0.4739 0.0313 0.8800
vn -0.6361 -0.0106 0.7716
vn -0.3636 0.0502 0.9302
vn -0.3309 0.0590 0.9418
vn -0.3569 0.0339 0.9335
vn -0.3555 0.0662 0.9323
vn -0.5009 0.1018 0.8595
vn -0.4202 0.0506 0.9060
vn -0.4389 -0.0179 0.8984
vn -0.3958 0.1443 0.9069
vn -0.4737 0.0634 0.8784
vn -0.4122 0.1592 0.8971
vn -0.4128 0.2637 0.8718
vn -0.3544 0.2635 0.8972
vn -0.4024 0.3235 0.8564
vn -0.3445 0.2983 0.8901
vn -0.4602 0.1644 0.8725
vn -0.4435 0.2668 0.8557
vn -0.4155 0.3527 0.8384
vn -0.3900 0.4237 0.8175
vn -0.5158 0.2896 0.8062
vn -0.4814 0.3728 0.7932
vn -0.4545 0.4330 0.7784
vn -0.5448 0.1540 0.8243
vn -0.4626 0.0813 0.8828
vn -0.4899 0.0457 0.8706
vn -0.4370 0.0085 0.8994
vn -0.3454 -0.0422 0.9375
vn -0.5429 -0.1994 0.8158
vn -0.6802 -0.2834 0.6760
vn -0.5090 -0.3505 0.7862
vn -0.6298 -0.4363 0.6427
vn -0.4205 -0.5500 0.7216
vn -0.5713 -0.5910 0.5695
vn -0.3885 -0.5486 0.7403
vn -0.4942 -0.6957 0.5213
vn -0.3056 -0.6664 0.6801
vn -0.4037 -0.7967 0.4497
vn -0.2365 -0.7537 0.6132
vn -0.3372 -0.8536 0.3971
vn -0.1907 -0.8128 0.5505
vn -0.2995 -0.8783 0.3726
vn -0.1741 -0.8409 0.5124
vn -0.2672 -0.8929 0.3624
vn -0.1608 -0.8616 0.4814
vn -0.2358 -0.9061 0.3512
vn -0.1665 -0.8738 0.4569
vn -0.2362 -0.9043 0.3555
vn -0.2066 -0.8767 0.4345
vn -0.2944 -0.8760 0.3821
vn -0.3069 -0.8437 0.4405
vn -0.3260 -0.8775 0.3516
vn -0.3346 -0.8972 0.2881
vn -0.3341 -0.8999 0.2801
vn -0.2892 -0.9181 0.2711
vn -0.3653 -0.9019 0.2306
vn -0.3296 -0.9184 0.2190
vn -0.3940 -0.8952 0.2081
vn -0.3296 -0.9256 0.1863
vn -0.4298 -0.8851 0.1786
vn -0.3280 -0.9325 0.1509
vn -0.4494 -0.8773 0.1685
vn -0.3279 -0.9332 0.1467
vn -0.4336 -0.8770 0.2071
vn -0.3040 -0.9328 0.1937
vn -0.3875 -0.8692 0.3071
vn -0.1454 -0.9810 0.1284
vn -0.2008 -0.9638 0.1753
vn -0.0754 -0.9879 0.1357
vn -0.1013 -0.9776 0.1846
vn 0.0501 -0.9965 0.0670
vn -0.0459 -0.9876 0.1505
vn 0.0769 -0.9954 0.0574
vn -0.1522 -0.9596 0.2365
vn -0.1747 -0.9426 0.2845
vn -0.2419 -0.8986 0.3660
vn -0.2719 -0.9062 0.3239
vn -0.3056 -0.8574 0.4142
vn -0.3319 -0.8089 0.4853
vn -0.3426 -0.8460 0.4085
vn -0.3870 -0.7955 0.4662
vn -0.4141 -0.7772 0.4738
vn -0.4566 -0.8139 0.3593
vn -0.4568 -0.8239 0.3354
vn -0.5310 -0.7817 0.3271
vn -0.4848 -0.8444 0.2279
vn -0.5476 -0.8093 0.2125
vn -0.6259 -0.7566 0.1892
vn -0.5442 -0.8306 0.1178
vn -0.6225 -0.7753 0.1068
vn -0.6066 -0.7922 0.0658
vn -0.6059 -0.7925 0.0689
vn -0.6059 -0.7930 0.0632
vn -0.6435 -0.7572 0.1116
vn -0.6009 -0.7917 0.1100
vn -0.6491 -0.7450 0.1540
vn -0.7218 -0.6572 0.2170
vn -0.6361 -0.7499 0.1815
vn -0.7209 -0.6551 0.2260
vn -0.7898 -0.5476 0.2764
vn -0.6665 -0.6789 0.3080
vn -0.7484 -0.5648 0.3478
vn -0.8174 -0.4997 0.2865
vn -0.5652 -0.7820 0.2627
vn -0.5649 -0.8088 0.1635
vn -0.4796 -0.8433 0.2426
vn -0.5019 -0.8490 0.1650
vn -0.4201 -0.8750 0.2407
vn -0.4527 -0.8757 0.1681
vn -0.3776 -0.8921 0.2482
vn -0.4067 -0.8981 0.1675
vn -0.3265 -0.9115 0.2501
vn -0.3810 -0.9049 0.1896
vn -0.3079 -0.9139 0.2646
vn -0.3781 -0.8991 0.2206
vn -0.4517 -0.8813 0.1388
vn -0.4271 -0.8856 0.1826
vn -0.5077 -0.8522 0.1264
vn -0.4724 -0.8663 0.1622
vn -0.5252 -0.8341 0.1686
vn -0.4863 -0.8569 0.1708
vn -0.5041 -0.8283 0.2443
vn -0.4629 -0.8562 0.2295
vn -0.4055 -0.8457 0.3469
vn -0.5064 -0.8516 0.1353
vn -0.5034 -0.8607 0.0769
vn -0.5386 -0.8401 0.0642
vn -0.4649 -0.8794 0.1026
vn -0.5052 -0.8573 0.0985
vn -0.5663 -0.8179 0.1011
vn -0.3405 0.2858 0.8957
vn -0.4533 0.3349 0.8261
vn -0.4121 0.2361 0.8800
vn -0.6024 0.3449 0.7198
vn -0.6066 0.2523 0.7539
vn -0.5519 0.1670 0.8170
vn -0.7003 0.2332 0.6746
vn -0.6994 0.1624 0.6960
vn -0.6899 0.0868 0.7187
vn -0.7307 0.1406 0.6680
vn -0.7356 0.0420 0.6761
vn -0.7891 -0.0032 0.6143
vn -0.8029 -0.0946 0.5885
vn -0.8317 -0.1079 0.5446
vn -0.8565 -0.0995 0.5064
vn -0.8708 -0.0937 0.4827
vn -0.8104 -0.1344 0.5703
vn -0.7887 -0.1297 0.6009
vn -0.9029 -0.1016 0.4177
vn -0.8856 -0.1660 0.4338
vn -0.8707 -0.2386 0.4301
vn -0.8800 -0.1566 0.4484
vn -0.8738 -0.2526 0.4156
vn -0.8463 -0.3470 0.4043
vn -0.8591 -0.2839 0.4258
vn -0.8051 -0.4284 0.4103
vn -0.8077 -0.4828 0.3384
vn -0.7837 -0.4169 0.4605
vn -0.7727 -0.5139 0.3727
vn -0.7472 -0.5852 0.3150
vn -0.7458 -0.5777 0.3316
vn -0.7342 -0.5938 0.3292
vn -0.6665 -0.6698 0.3272
vn -0.7320 -0.5900 0.3407
vn -0.6852 -0.6450 0.3382
vn -0.5913 -0.7127 0.3774
vn -0.7351 -0.5972 0.3209
vn -0.6463 -0.6603 0.3824
vn -0.5787 -0.6824 0.4466
vn -0.7082 -0.6042 0.3653
vn -0.6422 -0.6437 0.4163
vn -0.6179 -0.6491 0.4437
vn -0.7128 -0.6161 0.3352
vn -0.6656 -0.6564 0.3552
vn -0.6249 -0.6942 0.3571
vn -0.7180 -0.6577 0.2277
vn -0.6744 -0.7010 0.2317
vn -0.6017 -0.7672 0.2222
vn -0.7016 -0.7012 0.1267
vn -0.6217 -0.7753 0.1110
vn -0.4972 -0.8618 0.1003
vn -0.6257 -0.7776 0.0620
vn -0.5138 -0.8559 0.0583
vn -0.3992 -0.9143 0.0679
vn -0.5259 -0.8503 0.0214
vn -0.4206 -0.9070 0.0228
vn -0.2720 -0.9620 0.0246
vn -0.4329 -0.9012 -0.0207
vn -0.2867 -0.9575 -0.0312
vn -0.1076 -0.9934 -0.0387
vn -0.2962 -0.9446 -0.1411
vn -0.1361 -0.9772 -0.1629
vn -0.0119 -0.9853 -0.1704
vn -0.1527 -0.9497 -0.2736
vn -0.0318 -0.9565 -0.2901
vn 0.0722 -0.9543 -0.2900
vn 0.0865 -0.9786 -0.1868
vn 0.2199 -0.9326 -0.2861
vn 0.2351 -0.9512 -0.1998
vn 0.3763 -0.8843 -0.2763
vn 0.3683 -0.9030 -0.2213
vn 0.3188 -0.9343 -0.1594
vn 0.3049 -0.9153 -0.2631
vn 0.2383 -0.9377 -0.2530
vn 0.1702 -0.9766 -0.1317
vn 0.0534 -0.9488 -0.3112
vn 0.0495 -0.9842 -0.1699
vn 0.0446 -0.9968 -0.0666
vn -0.0689 -0.9848 -0.1597
vn -0.0479 -0.9965 -0.0685
vn -0.0530 -0.9968 -0.0591
vn -0.0724 -0.9950 -0.0692
vn -0.0583 -0.9973 -0.0449
vn -0.0301 -0.9964 -0.0787
vn -0.0922 -0.9947 -0.0462
vn -0.0630 -0.9975 -0.0312
vn -0.1050 -0.9930 -0.0549
vn -0.0355 -0.9918 -0.1229
vn -0.0708 -0.9966 -0.0428
vn -0.0661 -0.9951 -0.0734
vn -0.1154 -0.9922 -0.0476
vn -0.0936 -0.9873 -0.1284
vn -0.0780 -0.9911 -0.1079
vn -0.1582 -0.9650 -0.2092
vn -0.1060 -0.9781 -0.1792
vn -0.1317 -0.9529 -0.2732
vn -0.1527 -0.9553 -0.2531
vn -0.1866 -0.9458 -0.2659
vn 0.0653 -0.9599 -0.2726
vn 0.0676 -0.9625 -0.2628
vn -0.1339 -0.9552 -0.2639
vn 0.3131 -0.9115 -0.2667
vn 0.3053 -0.8981 -0.3166
vn 0.0916 -0.9368 -0.3378
vn 0.3402 -0.8775 -0.3380
vn 0.2822 -0.8645 -0.4159
vn 0.2888 -0.8755 -0.3875
vn 0.1928 -0.9065 -0.3757
vn 0.1553 -0.8791 -0.4507
vn 0.1115 -0.8492 -0.5162
vn 0.2291 -0.8437 -0.4855
vn 0.0492 -0.9224 -0.3830
vn 0.0263 -0.8855 -0.4639
vn -0.0086 -0.8447 -0.5351
vn -0.0457 -0.8088 -0.5863
vn 0.0593 -0.8241 -0.5633
vn -0.0755 -0.8832 -0.4629
vn -0.0986 -0.8370 -0.5382
vn -0.1258 -0.7940 -0.5948
vn -0.1569 -0.7722 -0.6157
vn -0.0788 -0.7901 -0.6080
vn -0.1681 -0.8360 -0.5223
vn -0.1814 -0.7830 -0.5949
vn -0.2099 -0.7479 -0.6298
vn -0.2491 -0.7109 -0.6577
vn -0.1945 -0.7264 -0.6592
vn -0.2664 -0.7771 -0.5702
vn -0.2949 -0.7200 -0.6282
vn -0.3269 -0.6829 -0.6533
vn -0.3629 -0.6409 -0.6764
vn -0.2951 -0.6657 -0.6854
vn -0.4233 -0.6794 -0.5994
vn -0.4538 -0.6180 -0.6420
vn -0.4504 -0.5928 -0.6676
vn -0.4096 -0.6125 -0.6760
vn -0.5177 -0.6229 -0.5866
vn -0.5475 -0.5729 -0.6099
vn -0.5719 -0.5280 -0.6278
vn -0.5307 -0.5714 -0.6260
vn -0.5834 -0.6041 -0.5428
vn -0.5971 -0.5662 -0.5683
vn -0.5903 -0.5401 -0.5999
vn -0.6525 -0.4174 -0.6325
vn -0.6301 -0.4838 -0.6073
vn -0.6811 -0.5600 -0.4716
vn -0.7087 -0.4755 -0.5212
vn -0.7861 -0.3944 -0.4759
vn -0.8204 -0.3193 -0.4742
vn -0.7172 -0.3491 -0.6031
vn -0.8306 -0.4007 -0.3867
vn -0.8657 -0.3626 -0.3451
vn -0.8944 -0.2899 -0.3406
vn -0.9140 -0.2201 -0.3409
vn -0.8538 -0.2454 -0.4592
vn -0.9077 -0.3446 -0.2394
vn -0.9285 -0.2784 -0.2459
vn -0.9386 -0.2285 -0.2586
vn -0.9482 -0.1676 -0.2697
vn -0.9249 -0.1635 -0.3433
vn -0.9467 -0.2759 -0.1662
vn -0.9588 -0.2333 -0.1619
vn -0.9745 -0.1663 -0.1505
vn -0.9844 -0.0980 -0.1460
vn -0.9602 -0.0934 -0.2631
vn -0.9671 -0.2218 -0.1244
vn -0.9824 -0.1517 -0.1090
vn -0.9903 -0.1010 -0.0952
vn -0.9926 -0.0834 -0.0880
vn -0.9852 -0.0665 -0.1577
vn -0.9880 -0.1324 -0.0789
vn -0.9968 -0.0705 -0.0375
vn -0.9969 -0.0792 -0.0023
vn -0.9985 -0.0554 0.0016
vn -0.9958 -0.0379 -0.0837
vn -0.9992 -0.0407 0.0031
vn -0.9979 -0.0643 0.0084
vn -0.9974 -0.0713 0.0058
vn -0.9999 0.0148 -0.0086
vn -0.9991 0.0397 -0.0114
vn -0.9983 -0.0399 -0.0435
vn -0.9982 -0.0587 -0.0143
vn -1.0000 0.0055 0.0069
vn -0.9949 0.0995 0.0162
vn -0.9932 0.1136 -0.0247
vn -0.9978 -0.0563 0.0349
vn -0.9996 0.0059 0.0272
vn -0.9943 0.1026 0.0302
vn -0.9860 0.1627 0.0352
vn -0.9851 0.1711 0.0150
vn -0.9990 0.0074 0.0446
vn -0.9935 0.0993 0.0559
vn -0.9857 0.1566 0.0623
vn -0.9711 0.2255 0.0782
vn -0.9770 0.2077 0.0486
vn -0.9889 0.1056 0.1048
vn -0.9781 0.1525 0.1419
vn -0.9585 0.2233 0.1773
vn -0.9315 0.3022 0.2024
vn -0.9466 0.3016 0.1135
vn -0.9718 0.1909 0.1388
vn -0.9477 0.2608 0.1839
vn -0.9378 0.2878 0.1941
vn -0.9563 0.2812 0.0800
vn -0.9216 0.3386 0.1896
vn -0.9504 0.2907 0.1106
vn -0.9543 0.2928 0.0596
vn -0.9550 0.2961 -0.0151
vn -0.9702 0.2419 -0.0093
vn -0.9549 0.2964 0.0188
vn -0.9662 0.2413 0.0911
vn -0.9286 0.1482 0.3402
vn -0.8999 0.0480 0.4335
vn -0.8290 0.1753 0.5310
vn -0.8107 0.2244 0.5408
vn -0.7914 0.3369 0.5101
vn -0.8719 0.1405 0.4691
vn -0.9027 0.1086 0.4164
vn -0.9013 0.0792 0.4260
vn -0.8800 0.0671 0.4703
vn -0.8826 0.0599 0.4663
vn -0.8881 0.0228 0.4590
vn -0.9188 0.0539 0.3911
vn -0.8453 0.2890 0.4494
vn -0.7824 0.2766 0.5580
vn -0.8425 0.1937 0.5027
vn -0.7133 0.2142 0.6673
vn -0.6877 0.3287 0.6474
vn -0.8995 -0.0275 0.4360
vn -0.9259 -0.0116 0.3776
vn -0.9167 -0.0537 0.3960
vn -0.8913 -0.0148 0.4532
vn -0.8892 -0.0420 0.4556
vn -0.8849 -0.0836 0.4581
vn -0.8597 -0.0313 0.5099
vn -0.8605 -0.0940 0.5007
vn -0.8650 -0.1793 0.4687
vn -0.8664 -0.0998 0.4893
vn -0.8613 -0.2035 0.4655
vn -0.8479 -0.2982 0.4384
vn -0.9230 -0.1964 0.3309
vn -0.9015 -0.2903 0.3211
vn -0.8592 -0.3573 0.3662
vn -0.9549 -0.2603 0.1428
vn -0.9225 -0.3469 0.1695
vn -0.8706 -0.3960 0.2919
vn -0.9314 -0.2975 0.2099
vn -0.8905 -0.3853 0.2419
vn -0.8322 -0.4403 0.3369
vn -0.8974 -0.3662 0.2460
vn -0.8341 -0.4518 0.3165
vn -0.7834 -0.5406 0.3067
vn -0.8549 -0.4630 0.2340
vn -0.8322 -0.4653 0.3017
vn -0.7755 -0.5580 0.2952
vn -0.8613 -0.4668 0.2007
vn -0.8274 -0.5059 0.2437
vn -0.7706 -0.5979 0.2207
vn -0.8180 -0.5448 0.1843
vn -0.7956 -0.5906 0.1351
vn -0.7465 -0.6522 0.1321
vn -0.8042 -0.5888 0.0811
vn -0.7574 -0.6484 0.0769
vn -0.7090 -0.7015 0.0720
vn -0.7613 -0.6467 0.0473
vn -0.7114 -0.7016 0.0409
vn -0.6276 -0.7780 0.0293
vn -0.7122 -0.7020 0.0042
vn -0.6292 -0.7772 -0.0096
vn -0.5359 -0.8441 -0.0164
vn -0.6300 -0.7744 -0.0580
vn -0.5449 -0.8352 -0.0743
vn -0.4367 -0.8938 -0.1017
vn -0.5489 -0.8222 -0.1505
vn -0.4289 -0.8840 -0.1858
vn -0.2863 -0.9290 -0.2344
vn -0.4227 -0.8677 -0.2616
vn -0.2702 -0.9098 -0.3151
vn -0.1543 -0.9204 -0.3594
vn -0.1615 -0.8781 -0.4504
vn -0.0521 -0.9242 -0.3783
vn -0.2616 -0.8706 -0.4167
vn -0.2588 -0.8319 -0.4909
vn -0.4137 -0.8389 -0.3537
vn -0.4046 -0.8039 -0.4359
vn -0.4100 -0.7481 -0.5218
vn -0.5360 -0.7913 -0.2940
vn -0.5211 -0.7422 -0.4214
vn -0.6036 -0.7375 -0.3029
vn -0.5523 -0.6829 -0.4781
vn -0.6594 -0.7096 -0.2484
vn -0.6172 -0.6862 -0.3850
vn -0.5482 -0.8065 -0.2213
vn -0.6166 -0.7607 -0.2030
vn -0.6800 -0.7137 -0.1680
vn -0.7558 -0.6378 -0.1483
vn -0.7316 -0.6354 -0.2472
vn -0.6260 -0.7698 -0.1246
vn -0.7005 -0.7079 -0.0908
vn -0.7657 -0.6392 -0.0708
vn -0.8196 -0.5492 -0.1632
vn -0.8163 -0.5713 -0.0852
vn -0.7104 -0.7027 -0.0395
vn -0.7658 -0.6423 -0.0300
vn -0.8104 -0.5846 -0.0387
vn -0.8844 -0.4305 -0.1803
vn -0.8678 -0.4891 -0.0874
vn -0.7637 -0.6454 0.0126
vn -0.8043 -0.5940 0.0150
vn -0.8444 -0.5315 -0.0665
vn -0.9365 -0.3506 0.0032
vn -0.9410 -0.3295 -0.0766
vn -0.8041 -0.5919 0.0559
vn -0.8861 -0.4619 -0.0396
vn -0.9306 -0.3601 0.0660
vn -0.9508 -0.3052 0.0536
vn -0.9564 -0.2919 -0.0042
vn -0.9071 -0.4207 0.0154
vn -0.9266 -0.3703 0.0648
vn -0.9456 -0.3208 0.0539
vn -0.9629 -0.2662 0.0433
vn -0.9709 -0.2381 0.0252
vn -0.9126 -0.3940 0.1089
vn -0.9371 -0.3398 0.0796
vn -0.9576 -0.2820 0.0581
vn -0.9842 -0.1684 0.0547
vn -0.9841 -0.1731 0.0388
vn -0.9179 -0.3774 0.1228
vn -0.9465 -0.3120 0.0824
vn -0.9826 -0.1787 0.0510
vn -0.9979 -0.0583 0.0279
vn -0.9964 -0.0555 0.0633
vn -0.9218 -0.3463 0.1741
vn -0.9641 -0.2178 0.1518
vn -0.9880 -0.0976 0.1201
vn -0.9926 -0.0714 0.0982
vn -0.9982 -0.0584 0.0169
vn -0.9394 -0.2572 0.2269
vn -0.9716 -0.1555 0.1782
vn -0.9867 -0.0953 0.1318
vn -0.9925 -0.0310 0.1185
vn -0.9937 -0.0412 0.1044
vn -0.9621 -0.2202 0.1608
vn -0.9846 -0.1317 0.1151
vn -0.9954 -0.0390 0.0876
vn -0.9958 0.0499 0.0768
vn -0.9916 0.0420 0.1227
vn -0.9767 -0.1642 0.1383
vn -0.9883 -0.0622 0.1396
vn -0.9884 0.0376 0.1470
vn -0.9784 0.1407 0.1517
vn -0.9861 0.1426 0.0851
vn -0.9355 -0.0852 0.3428
vn -0.9301 0.0164 0.3668
vn -0.9186 0.0951 0.3836
vn -0.9109 0.1409 0.3879
vn -0.9690 0.1966 0.1495
vn -0.8686 -0.0060 0.4956
vn -0.8739 0.0521 0.4833
vn -0.8792 0.0972 0.4664
vn -0.9051 0.1508 0.3977
vn -0.8687 0.0037 0.4954
vn -0.9286 0.0999 0.3573
vn -0.9705 0.1954 0.1411
vn -0.9670 0.2480 0.0588
vn -0.9730 0.2120 0.0917
vn -0.9678 0.2172 0.1270
vn -0.9845 0.1202 0.1276
vn -0.9859 0.1202 0.1166
vn -0.9924 0.0407 0.1159
vn -0.9972 0.0282 0.0691
vn -0.9976 -0.0609 0.0334
vn -0.9965 -0.0726 0.0424
vn -0.9969 -0.0533 0.0572
vn -0.9982 -0.0386 0.0452
vn -0.9970 -0.0635 0.0443
vn -0.9979 -0.0458 -0.0452
vn -0.9890 -0.1473 -0.0138
vn -0.9922 -0.1243 -0.0009
vn -0.9760 -0.2178 -0.0030
vn -0.9716 -0.2161 -0.0961
vn -0.9551 -0.2811 -0.0936
vn -0.9525 -0.2743 -0.1324
vn -0.9382 -0.3186 -0.1356
vn -0.9278 -0.3291 -0.1757
vn -0.8942 -0.4089 -0.1822
vn -0.8769 -0.4168 -0.2394
vn -0.8616 -0.4683 -0.1959
vn -0.7795 -0.5435 -0.3115
vn -0.6931 -0.6336 -0.3437
vn -0.6352 -0.6254 -0.4532
vn -0.8626 0.5057 0.0160
vn -0.8616 0.5074 0.0098
vn -0.9047 0.4261 -0.0043
vn -0.8658 0.5002 -0.0153
vn -0.8981 0.4351 -0.0637
vn -0.9366 0.3424 -0.0746
vn -0.8629 0.4743 -0.1744
vn -0.9078 0.3913 -0.1507
vn -0.9373 0.3145 -0.1500
vn -0.8845 0.4208 -0.2016
vn -0.9185 0.3372 -0.2063
vn -0.9351 0.2938 -0.1981
vn -0.9023 0.3557 -0.2436
vn -0.9151 0.3029 -0.2663
vn -0.9223 0.2338 -0.3078
vn -0.8821 0.3116 -0.3533
vn -0.8965 0.2256 -0.3812
vn -0.8966 0.1722 -0.4079
vn -0.8303 0.2533 -0.4964
vn -0.8357 0.1744 -0.5208
vn -0.8316 0.1145 -0.5434
vn -0.7491 0.1926 -0.6339
vn -0.7554 0.1309 -0.6421
vn -0.7521 0.0712 -0.6552
vn -0.7175 0.0457 -0.6951
vn -0.7379 0.0581 -0.6724
vn -0.6792 0.0462 -0.7325
vn -0.4724 0.0980 -0.8759
vn -0.5064 -0.0018 -0.8623
vn -0.4827 -0.0941 -0.8707
vn -0.4469 0.0120 -0.8945
vn -0.4460 -0.0364 -0.8943
vn -0.3994 -0.1677 -0.9013
vn -0.4423 -0.2039 -0.8734
vn -0.4218 -0.2997 -0.8557
vn -0.4369 -0.1861 -0.8800
vn -0.3957 -0.3091 -0.8648
vn -0.3622 -0.3958 -0.8439
vn -0.1784 -0.2412 -0.9539
vn -0.2389 -0.3336 -0.9119
vn -0.2701 -0.4690 -0.8409
vn -0.3119 -0.2946 -0.9033
vn -0.2798 -0.4717 -0.8362
vn -0.2170 -0.5992 -0.7707
vn -0.3238 -0.5178 -0.7919
vn -0.2740 -0.6457 -0.7128
vn -0.1655 -0.6992 -0.6955
vn -0.1695 -0.7042 -0.6895
vn -0.0553 -0.7817 -0.6212
vn 0.0529 -0.8181 -0.5726
vn -0.1514 -0.8362 -0.5271
vn -0.1120 -0.8551 -0.5061
vn -0.1142 -0.8512 -0.5123
vn -0.3670 -0.8298 -0.4205
vn -0.3742 -0.8134 -0.4453
vn -0.3533 -0.8115 -0.4655
vn -0.4192 -0.8074 -0.4152
vn -0.3796 -0.8245 -0.4196
vn -0.3165 -0.8640 -0.3915
vn -0.2421 -0.8731 -0.4233
vn -0.2104 -0.8999 -0.3820
vn -0.2103 -0.8974 -0.3879
vn -0.0699 -0.9158 -0.3954
vn -0.0959 -0.9006 -0.4239
vn -0.1168 -0.9244 -0.3632
vn -0.0383 -0.8896 -0.4551
vn -0.0634 -0.9222 -0.3814
vn -0.1034 -0.9542 -0.2807
vn -0.0526 -0.9165 -0.3965
vn -0.0789 -0.9430 -0.3233
vn -0.1035 -0.9506 -0.2925
vn -0.0836 -0.9367 -0.3401
vn -0.0833 -0.9519 -0.2950
vn -0.0729 -0.9767 -0.2018
vn -0.1378 -0.9508 -0.2775
vn -0.1184 -0.9746 -0.1899
vn -0.0984 -0.9736 -0.2059
vn -0.1061 -0.9821 -0.1556
vn -0.0348 -0.9871 -0.1564
vn 0.0206 -0.9908 -0.1337
vn -0.0677 -0.9934 -0.0931
vn -0.0258 -0.9939 -0.1071
vn -0.1257 -0.9901 -0.0632
vn -0.1096 -0.9896 -0.0928
vn 0.0096 -0.9887 -0.1499
vn -0.1247 -0.9869 -0.1025
vn -0.1589 -0.9641 -0.2130
vn -0.0659 -0.9711 -0.2292
vn -0.1633 -0.9564 -0.2421
vn -0.2052 -0.9274 -0.3126
vn -0.1500 -0.9374 -0.3143
vn -0.1547 -0.9294 -0.3351
vn -0.1598 -0.9012 -0.4029
vn -0.2196 -0.8930 -0.3930
vn -0.0713 -0.9103 -0.4078
vn -0.0595 -0.8665 -0.4957
vn -0.1644 -0.8587 -0.4854
vn -0.0222 -0.8760 -0.4818
vn 0.0205 -0.8944 -0.4468
vn -0.0298 -0.8779 -0.4779
vn -0.0004 -0.9091 -0.4167
vn 0.0261 -0.8913 -0.4526
vn 0.0701 -0.8755 -0.4781
vn -0.0730 -0.8957 -0.4385
vn -0.0783 -0.8739 -0.4797
vn 0.0447 -0.8652 -0.4995
vn -0.2634 -0.8549 -0.4469
vn -0.2625 -0.8384 -0.4776
vn -0.0744 -0.8429 -0.5329
vn -0.4213 -0.8099 -0.4081
vn -0.3930 -0.7928 -0.4658
vn -0.2539 -0.7921 -0.5551
vn -0.3486 -0.8254 -0.4440
vn -0.3233 -0.7954 -0.5127
vn -0.3479 -0.7558 -0.5547
vn -0.2221 -0.7934 -0.5668
vn -0.2196 -0.6462 -0.7309
vn -0.3600 -0.7373 -0.5716
vn -0.2659 -0.6206 -0.7376
vn -0.4624 -0.3888 -0.7969
vn -0.5091 -0.4221 -0.7501
vn -0.4374 -0.3407 -0.8322
vn -0.5039 -0.2276 -0.8332
vn -0.4996 -0.2306 -0.8350
vn -0.2752 -0.2018 -0.9399
vn -0.2402 -0.0829 -0.9672
vn -0.5072 -0.0971 -0.8563
vn -0.1593 -0.1032 -0.9818
vn -0.1680 0.0564 -0.9842
vn -0.2306 0.0614 -0.9711
vn -0.3696 -0.0768 -0.9260
vn -0.2870 0.0641 -0.9558
vn -0.2241 0.1265 -0.9663
vn -0.3872 0.1307 -0.9127
vn -0.4790 0.1688 -0.8614
vn -0.4196 0.1658 -0.8924
vn -0.4271 0.2582 -0.8666
vn -0.4496 0.2068 -0.8690
vn -0.6063 0.1850 -0.7734
vn -0.6187 0.3404 -0.7080
vn -0.5170 0.2647 -0.8140
vn -0.7211 0.3049 -0.6222
vn -0.6786 0.3968 -0.6181
vn -0.6029 0.4235 -0.6761
vn -0.8083 0.3442 -0.4777
vn -0.7873 0.4095 -0.4609
vn -0.6587 0.4358 -0.6134
vn -0.8619 0.3814 -0.3340
vn -0.8865 0.4107 -0.2131
vn -0.8500 0.4956 -0.1785
vn -0.8345 0.5240 -0.1705
vn -0.5884 0.4474 -0.6735
vn -0.6220 0.4583 -0.6349
vn -0.5335 0.5159 -0.6703
vn -0.2979 0.3791 -0.8761
vn -0.3642 0.2699 -0.8913
vn -0.3688 0.2144 -0.9045
vn -0.3750 0.1894 -0.9075
vn -0.2476 0.1848 -0.9511
vn -0.2295 0.1221 -0.9656
vn -0.2128 0.1239 -0.9692
vn -0.2239 0.1258 -0.9664
vn -0.3886 0.1322 -0.9119
vn -0.4542 0.0553 -0.8892
vn -0.4542 0.1229 -0.8824
vn -0.4988 -0.0496 -0.8653
vn -0.4426 -0.0035 -0.8967
vn -0.4992 -0.2376 -0.8333
vn -0.7282 -0.2868 -0.6224
vn -0.5815 -0.4461 -0.6803
vn -0.4629 -0.5467 -0.6978
vn -0.3827 -0.6578 -0.6488
vn -0.2849 -0.6455 -0.7087
vn -0.2981 -0.6997 -0.6492
vn -0.1458 -0.7153 -0.6835
vn -0.0700 -0.7843 -0.6165
vn 0.0433 -0.7644 -0.6433
vn 0.0664 -0.8240 -0.5627
vn 0.1471 -0.8047 -0.5751
vn 0.1189 -0.8439 -0.5231
vn 0.1075 -0.8227 -0.5582
vn 0.0354 -0.8551 -0.5173
vn -0.0469 -0.8227 -0.5666
vn -0.1333 -0.8492 -0.5110
vn -0.1639 -0.8131 -0.5585
vn -0.2130 -0.8527 -0.4770
vn -0.1253 -0.8639 -0.4878
vn -0.1330 -0.9061 -0.4016
vn 0.0008 -0.9089 -0.4171
vn -0.0252 -0.9391 -0.3427
vn 0.1130 -0.9253 -0.3621
vn 0.0760 -0.9592 -0.2724
vn 0.1969 -0.9300 -0.3104
vn 0.0938 0.0007 -0.9956
vn 0.1290 -0.0102 -0.9916
vn 0.1677 -0.1228 -0.9782
vn 0.1534 -0.0931 -0.9838
vn 0.2391 -0.2138 -0.9472
vn 0.2970 -0.2616 -0.9183
vn 0.3726 -0.3572 -0.8565
vn 0.4499 -0.3907 -0.8031
vn 0.4353 -0.4357 -0.7878
vn 0.3294 -0.4248 -0.8432
vn 0.2902 -0.5065 -0.8119
vn 0.4247 -0.4778 -0.7690
vn 0.3869 -0.5410 -0.7468
vn 0.4081 -0.5001 -0.7638
vn 0.3722 -0.5349 -0.7586
vn 0.3987 -0.4818 -0.7804
vn 0.3674 -0.5278 -0.7658
vn 0.3914 -0.5408 -0.7445
vn 0.4414 -0.6114 -0.6568
vn 0.4425 -0.6808 -0.5837
vn 0.4923 -0.7099 -0.5036
vn 0.5376 -0.7306 -0.4211
vn 0.5305 -0.7346 -0.4231
vn 0.4944 -0.7316 -0.4694
vn -0.0761 0.4024 0.9123
vn -0.0736 0.2829 0.9563
vn -0.2525 0.2639 0.9309
vn -0.4962 0.2423 0.8337
vn -0.6483 0.3204 0.6907
vt 0.490240 0.776646
vt 0.484581 0.784287
vt 0.490908 0.789834
vt 0.851778 0.335249
vt 0.842668 0.346235
vt 0.850155 0.344567
vt 0.846515 0.327102
vt 0.839033 0.329396
vt 0.225391 0.368871
vt 0.224134 0.360192
vt 0.217941 0.360923
vt 0.217247 0.369783
vt 0.246007 0.712727
vt 0.238592 0.711000
vt 0.238821 0.720035
vt 0.245543 0.721879
vt 0.251411 0.723940
vt 0.187563 0.695069
vt 0.191698 0.683440
vt 0.182310 0.677388
vt 0.176964 0.685733
vt 0.170211 0.693757
vt 0.177851 0.701480
vt 0.199456 0.696966
vt 0.200912 0.687302
vt 0.183142 0.711438
vt 0.191663 0.708264
vt 0.200118 0.707690
vt 0.550561 0.433285
vt 0.543820 0.424433
vt 0.538555 0.427063
vt 0.538107 0.305763
vt 0.545947 0.318432
vt 0.557040 0.318072
vt 0.551621 0.306291
vt 0.550622 0.296381
vt 0.541851 0.294468
vt 0.533605 0.290883
vt 0.527814 0.299124
vt 0.526983 0.312253
vt 0.534422 0.321918
vt 0.519687 0.306014
vt 0.161237 0.425512
vt 0.171033 0.435657
vt 0.180284 0.434434
vt 0.176004 0.422655
vt 0.160163 0.415373
vt 0.146505 0.417301
vt 0.173004 0.413540
vt 0.152879 0.436360
vt 0.161907 0.441209
vt 0.145640 0.425881
vt 0.142701 0.436772
vt 0.126468 0.342623
vt 0.127677 0.347501
vt 0.137303 0.346232
vt 0.117049 0.341432
vt 0.117853 0.347308
vt 0.107653 0.339575
vt 0.108377 0.345584
vt 0.109845 0.351486
vt 0.121396 0.358977
vt 0.119369 0.353272
vt 0.511909 0.971057
vt 0.512020 0.965714
vt 0.501460 0.966519
vt 0.100781 0.348748
vt 0.102073 0.355597
vt 0.289804 0.457373
vt 0.284950 0.468707
vt 0.289804 0.468886
vt 0.500955 0.977821
vt 0.501036 0.972755
vt 0.490091 0.974724
vt 0.490073 0.981442
vt 0.000612 0.553575
vt 0.007270 0.558191
vt 0.014604 0.553444
vt 0.021536 0.547944
vt 0.013893 0.544358
vt 0.007385 0.549191
vt 0.013915 0.563113
vt 0.022124 0.558727
vt 0.029821 0.553235
vt 0.036913 0.546763
vt 0.028100 0.541924
vt 0.029245 0.563996
vt 0.037776 0.558340
vt 0.045444 0.551393
vt 0.052691 0.544201
vt 0.043616 0.539827
vt 0.176972 0.287121
vt 0.186461 0.285219
vt 0.188730 0.275564
vt 0.178668 0.277302
vt 0.168637 0.279434
vt 0.167363 0.289147
vt 0.158266 0.281347
vt 0.157297 0.291149
vt 0.179389 0.266412
vt 0.168766 0.268126
vt 0.157913 0.269516
vt 0.147171 0.271042
vt 0.147486 0.282939
vt 0.168451 0.255966
vt 0.157759 0.257296
vt 0.146813 0.258459
vt 0.135728 0.259470
vt 0.136073 0.272312
vt 0.157346 0.244322
vt 0.146372 0.245113
vt 0.135239 0.245742
vt 0.124120 0.246408
vt 0.124367 0.260297
vt 0.145835 0.231336
vt 0.134875 0.231781
vt 0.123798 0.232271
vt 0.112782 0.232683
vt 0.113032 0.246979
vt 0.134187 0.217535
vt 0.123217 0.217753
vt 0.112291 0.218062
vt 0.101459 0.218340
vt 0.101901 0.233021
vt 0.122677 0.202929
vt 0.111713 0.202938
vt 0.100868 0.203167
vt 0.090190 0.203588
vt 0.090740 0.218638
vt 0.111245 0.187754
vt 0.100336 0.187837
vt 0.089524 0.188174
vt 0.078929 0.188683
vt 0.079588 0.204033
vt 0.099779 0.172443
vt 0.088994 0.172562
vt 0.078328 0.173043
vt 0.067806 0.173838
vt 0.068489 0.189297
vt 0.088289 0.157293
vt 0.077592 0.157792
vt 0.067052 0.158576
vt 0.056625 0.159685
vt 0.057545 0.174806
vt 0.076700 0.142545
vt 0.066080 0.143527
vt 0.055618 0.144910
vt 0.045673 0.146883
vt 0.046462 0.161136
vt 0.065022 0.129347
vt 0.054540 0.131027
vt 0.044230 0.133018
vt 0.033981 0.135269
vt 0.035772 0.148997
vt 0.053216 0.118003
vt 0.042943 0.120262
vt 0.032859 0.122777
vt 0.022877 0.125356
vt 0.024278 0.138082
vt 0.041209 0.107184
vt 0.031288 0.110011
vt 0.021922 0.113252
vt 0.012474 0.116509
vt 0.013414 0.128393
vt 0.029868 0.097538
vt 0.020126 0.100622
vt 0.010541 0.104148
vt 0.001371 0.108118
vt 0.003337 0.120143
vt 0.989800 0.853768
vt 0.997381 0.854015
vt 0.999388 0.839306
vt 0.991310 0.839328
vt 0.982720 0.839134
vt 0.981427 0.853174
vt 0.973460 0.838765
vt 0.972008 0.852375
vt 0.990048 0.824636
vt 0.981548 0.824860
vt 0.972988 0.824929
vt 0.963594 0.824999
vt 0.963649 0.838276
vt 0.980499 0.810596
vt 0.971635 0.811175
vt 0.963011 0.811626
vt 0.953299 0.812068
vt 0.953554 0.824887
vt 0.971271 0.797357
vt 0.962075 0.798373
vt 0.952813 0.799334
vt 0.942553 0.799895
vt 0.942932 0.812148
vt 0.962181 0.785179
vt 0.952599 0.786564
vt 0.942547 0.787578
vt 0.932158 0.788109
vt 0.932114 0.800068
vt 0.950761 0.773891
vt 0.941770 0.774921
vt 0.931763 0.776202
vt 0.921335 0.777219
vt 0.921468 0.788496
vt 0.938618 0.763770
vt 0.929237 0.765375
vt 0.919813 0.767299
vt 0.909162 0.769146
vt 0.910538 0.778080
vt 0.925120 0.755690
vt 0.916398 0.758566
vt 0.906781 0.761005
vt 0.898010 0.771000
vt 0.913524 0.748321
vt 0.904225 0.752074
vt 0.893878 0.755908
vt 0.901441 0.744157
vt 0.891062 0.748744
vt 0.879446 0.753070
vt 0.885549 0.741354
vt 0.874993 0.747078
vt 0.862278 0.752933
vt 0.866158 0.756555
vt 0.878713 0.734853
vt 0.895287 0.735788
vt 0.888013 0.728428
vt 0.881335 0.722037
vt 0.872284 0.729169
vt 0.874823 0.716151
vt 0.866156 0.724061
vt 0.857566 0.732127
vt 0.862704 0.736566
vt 0.849026 0.740929
vt 0.852313 0.745190
vt 0.844820 0.736663
vt 0.839461 0.745170
vt 0.844463 0.749911
vt 0.852120 0.727907
vt 0.846267 0.723681
vt 0.839557 0.732251
vt 0.834428 0.740426
vt 0.833527 0.727942
vt 0.828332 0.736199
vt 0.825227 0.744717
vt 0.830829 0.756470
vt 0.831489 0.748478
vt 0.817311 0.751209
vt 0.818761 0.741717
vt 0.811765 0.738933
vt 0.810325 0.749226
vt 0.809675 0.758908
vt 0.803376 0.747517
vt 0.802394 0.757596
vt 0.801551 0.766306
vt 0.795132 0.756305
vt 0.793982 0.765249
vt 0.792851 0.773326
vt 0.786397 0.764257
vt 0.785007 0.772550
vt 0.783636 0.780201
vt 0.777283 0.771683
vt 0.775813 0.779545
vt 0.774646 0.786620
vt 0.768208 0.778641
vt 0.767506 0.785834
vt 0.857917 0.319577
vt 0.852494 0.323342
vt 0.857332 0.329689
vt 0.861901 0.324544
vt 0.769657 0.770645
vt 0.762278 0.769115
vt 0.761033 0.776575
vt 0.847704 0.316748
vt 0.841317 0.319996
vt 0.755044 0.768070
vt 0.835127 0.321579
vt 0.825829 0.314530
vt 0.829267 0.322560
vt 0.832463 0.330625
vt 0.829124 0.339507
vt 0.834891 0.338828
vt 0.836116 0.347248
vt 0.513241 0.243589
vt 0.517730 0.245180
vt 0.519764 0.237000
vt 0.523310 0.247107
vt 0.525386 0.238701
vt 0.525844 0.228916
vt 0.529983 0.239952
vt 0.530235 0.230060
vt 0.529426 0.219201
vt 0.533604 0.209248
vt 0.533003 0.219877
vt 0.537533 0.220334
vt 0.539808 0.199186
vt 0.537922 0.210152
vt 0.543272 0.210822
vt 0.544958 0.200695
vt 0.548093 0.189131
vt 0.551042 0.202031
vt 0.553449 0.190509
vt 0.555522 0.177665
vt 0.831257 0.211284
vt 0.820793 0.211686
vt 0.820504 0.215195
vt 0.839730 0.214087
vt 0.831367 0.214343
vt 0.831674 0.217238
vt 0.277456 0.364985
vt 0.283232 0.362962
vt 0.277252 0.362754
vt 0.283613 0.366719
vt 0.289476 0.365556
vt 0.289137 0.363967
vt 0.608969 0.175244
vt 0.607378 0.171012
vt 0.605610 0.171834
vt 0.607348 0.175622
vt 0.839805 0.205674
vt 0.839910 0.202223
vt 0.831939 0.201231
vt 0.840158 0.198765
vt 0.832893 0.197909
vt 0.822373 0.195649
vt 0.834456 0.194535
vt 0.824056 0.192225
vt 0.544169 0.173161
vt 0.541081 0.171921
vt 0.535938 0.183374
vt 0.820504 0.404829
vt 0.830779 0.415534
vt 0.823085 0.404572
vt 0.533428 0.182526
vt 0.528417 0.194774
vt 0.821630 0.391432
vt 0.827297 0.403919
vt 0.825162 0.391661
vt 0.825753 0.378985
vt 0.829780 0.391658
vt 0.829950 0.379268
vt 0.830707 0.367106
vt 0.826513 0.367306
vt 0.836326 0.356569
vt 0.830836 0.356843
vt 0.826738 0.357235
vt 0.835659 0.366923
vt 0.840854 0.366367
vt 0.830409 0.347734
vt 0.842228 0.355967
vt 0.847642 0.365060
vt 0.848937 0.354634
vt 0.855909 0.362544
vt 0.855866 0.352540
vt 0.863991 0.359792
vt 0.863120 0.350778
vt 0.862285 0.343176
vt 0.855705 0.343556
vt 0.870564 0.349400
vt 0.857049 0.336374
vt 0.760442 0.805369
vt 0.766507 0.809709
vt 0.765828 0.803367
vt 0.766318 0.797745
vt 0.773400 0.797390
vt 0.772296 0.802341
vt 0.779186 0.802469
vt 0.780372 0.797583
vt 0.786755 0.803579
vt 0.788264 0.798599
vt 0.789363 0.793546
vt 0.781327 0.792792
vt 0.798827 0.788251
vt 0.790515 0.787614
vt 0.782374 0.787048
vt 0.807901 0.782531
vt 0.799747 0.781574
vt 0.791688 0.780781
vt 0.816581 0.776444
vt 0.808571 0.775318
vt 0.800671 0.774280
vt 0.824536 0.770351
vt 0.816806 0.768856
vt 0.809146 0.767458
vt 0.831576 0.764535
vt 0.824206 0.762420
vt 0.816959 0.760486
vt 0.838011 0.759510
vt 0.839232 0.766609
vt 0.847955 0.768202
vt 0.844161 0.756086
vt 0.837711 0.752631
vt 0.845646 0.762064
vt 0.856047 0.763358
vt 0.852003 0.758175
vt 0.869618 0.762066
vt 0.872058 0.768217
vt 0.859183 0.768970
vt 0.861625 0.775323
vt 0.886188 0.772970
vt 0.884425 0.766207
vt 0.882206 0.759368
vt 0.873990 0.774707
vt 0.875573 0.781956
vt 0.899210 0.779462
vt 0.896073 0.763539
vt 0.887613 0.780856
vt 0.888448 0.789665
vt 0.899762 0.789308
vt 0.910773 0.788882
vt 0.899881 0.799476
vt 0.910701 0.799819
vt 0.921421 0.800013
vt 0.910346 0.810700
vt 0.921212 0.811385
vt 0.932204 0.811836
vt 0.920488 0.822445
vt 0.931786 0.823381
vt 0.942849 0.824258
vt 0.930997 0.834667
vt 0.941988 0.836065
vt 0.952932 0.837368
vt 0.940211 0.847530
vt 0.951142 0.849530
vt 0.961920 0.851202
vt 0.948518 0.861164
vt 0.959235 0.863546
vt 0.969333 0.865291
vt 0.955765 0.875217
vt 0.965973 0.877844
vt 0.975135 0.879693
vt 0.978092 0.866350
vt 0.961518 0.889652
vt 0.970583 0.892171
vt 0.004394 0.131807
vt 0.006242 0.144241
vt 0.015007 0.141069
vt 0.983345 0.880961
vt 0.986199 0.867150
vt 0.008033 0.156858
vt 0.016878 0.154110
vt 0.026095 0.151406
vt 0.018179 0.167168
vt 0.027260 0.164940
vt 0.036817 0.162912
vt 0.028215 0.178664
vt 0.037807 0.177204
vt 0.047475 0.175929
vt 0.038139 0.191517
vt 0.048073 0.190697
vt 0.058190 0.189966
vt 0.048480 0.205148
vt 0.058634 0.204789
vt 0.069026 0.204441
vt 0.058772 0.219135
vt 0.069365 0.219039
vt 0.080045 0.218884
vt 0.069475 0.233173
vt 0.080315 0.233215
vt 0.091111 0.233185
vt 0.080216 0.247270
vt 0.091068 0.247401
vt 0.102000 0.247330
vt 0.091059 0.261223
vt 0.102043 0.261250
vt 0.113151 0.260922
vt 0.102212 0.274595
vt 0.113379 0.274176
vt 0.124706 0.273385
vt 0.113800 0.286406
vt 0.125122 0.285500
vt 0.136373 0.284239
vt 0.125327 0.295269
vt 0.136188 0.294133
vt 0.146911 0.292763
vt 0.065894 0.528021
vt 0.071262 0.518920
vt 0.060457 0.515718
vt 0.055647 0.524404
vt 0.049927 0.532348
vt 0.059619 0.536424
vt 0.045459 0.521222
vt 0.040199 0.528669
vt 0.034411 0.535592
vt 0.030939 0.526053
vt 0.025549 0.532445
vt 0.019811 0.538543
vt 0.107415 0.377419
vt 0.109114 0.385512
vt 0.119116 0.386309
vt 0.117281 0.378656
vt 0.115393 0.371338
vt 0.127535 0.379131
vt 0.125671 0.371868
vt 0.123533 0.365221
vt 0.103931 0.362403
vt 0.105860 0.369570
vt 0.136162 0.371373
vt 0.133909 0.364731
vt 0.131621 0.358634
vt 0.111397 0.358004
vt 0.113359 0.364520
vt 0.144407 0.362688
vt 0.141922 0.356677
vt 0.139457 0.351138
vt 0.129487 0.352910
vt 0.151418 0.353414
vt 0.148198 0.347765
vt 0.144887 0.342952
vt 0.155373 0.343996
vt 0.144584 0.334065
vt 0.141117 0.338728
vt 0.135544 0.342416
vt 0.552749 0.959672
vt 0.557791 0.963936
vt 0.563862 0.959937
vt 0.546053 0.955376
vt 0.549781 0.950836
vt 0.541204 0.946429
vt 0.537747 0.951623
vt 0.137094 0.329938
vt 0.126851 0.331723
vt 0.135286 0.334909
vt 0.531969 0.942475
vt 0.128291 0.326319
vt 0.118979 0.323302
vt 0.117984 0.329093
vt 0.126125 0.337378
vt 0.526195 0.953126
vt 0.528778 0.948272
vt 0.519603 0.944710
vt 0.108552 0.327097
vt 0.108011 0.333120
vt 0.514726 0.955572
vt 0.516949 0.950358
vt 0.507385 0.948541
vt 0.504865 0.954536
vt 0.098781 0.330384
vt 0.098541 0.336753
vt 0.502775 0.960277
vt 0.494942 0.953357
vt 0.492498 0.960465
vt 0.490904 0.967846
vt 0.482377 0.960804
vt 0.480241 0.968960
vt 0.479135 0.977334
vt 0.478918 0.985052
vt 0.469624 0.970463
vt 0.468401 0.979882
vt 0.468302 0.988568
vt 0.468418 0.996110
vt 0.479261 0.991719
vt 0.457517 0.981461
vt 0.456876 0.991075
vt 0.456722 0.998985
vt 0.198167 0.273475
vt 0.195070 0.282847
vt 0.445105 0.991474
vt 0.444657 0.999388
vt 0.199504 0.262645
vt 0.189850 0.264685
vt 0.199860 0.251242
vt 0.189921 0.253018
vt 0.179132 0.254481
vt 0.189189 0.240808
vt 0.178675 0.242177
vt 0.168151 0.243376
vt 0.177956 0.229426
vt 0.167637 0.230269
vt 0.156866 0.230876
vt 0.167089 0.216855
vt 0.156246 0.217129
vt 0.145299 0.217344
vt 0.155717 0.203197
vt 0.144751 0.203149
vt 0.133691 0.203053
vt 0.144287 0.188574
vt 0.133304 0.188190
vt 0.122227 0.187879
vt 0.132788 0.173064
vt 0.121627 0.172654
vt 0.110650 0.172465
vt 0.120873 0.157480
vt 0.109885 0.157176
vt 0.099050 0.157074
vt 0.109095 0.141837
vt 0.098188 0.141651
vt 0.087430 0.141975
vt 0.097337 0.127195
vt 0.086426 0.127415
vt 0.075649 0.128094
vt 0.085382 0.114446
vt 0.074538 0.115150
vt 0.063815 0.116329
vt 0.072967 0.102178
vt 0.062231 0.103419
vt 0.051643 0.105055
vt 0.060703 0.090941
vt 0.050376 0.092839
vt 0.040039 0.094994
vt 0.049178 0.080217
vt 0.039022 0.082679
vt 0.029218 0.085713
vt 0.019362 0.088791
vt 0.640574 0.561726
vt 0.650692 0.564355
vt 0.650335 0.552116
vt 0.640280 0.549868
vt 0.630723 0.546790
vt 0.630391 0.558973
vt 0.998166 0.824343
vt 0.640384 0.537555
vt 0.630943 0.534795
vt 0.997394 0.809189
vt 0.989119 0.809878
vt 0.996772 0.793920
vt 0.988815 0.795095
vt 0.980621 0.796285
vt 0.989146 0.780797
vt 0.980810 0.782263
vt 0.971613 0.783806
vt 0.603323 0.503547
vt 0.611860 0.506977
vt 0.615547 0.493507
vt 0.606849 0.490909
vt 0.968377 0.770940
vt 0.959666 0.772401
vt 0.598595 0.487694
vt 0.611154 0.476769
vt 0.603134 0.474455
vt 0.595449 0.471624
vt 0.590797 0.484274
vt 0.946953 0.761837
vt 0.955522 0.759842
vt 0.950147 0.747386
vt 0.942070 0.750202
vt 0.933758 0.752990
vt 0.938800 0.737111
vt 0.930344 0.740943
vt 0.922456 0.744543
vt 0.928489 0.729329
vt 0.919892 0.733714
vt 0.911082 0.739165
vt 0.913607 0.724101
vt 0.904388 0.729989
vt 0.906566 0.715387
vt 0.897131 0.721896
vt 0.899727 0.707649
vt 0.890425 0.714795
vt 0.892587 0.700576
vt 0.883667 0.708290
vt 0.884993 0.694234
vt 0.876514 0.702443
vt 0.868096 0.710859
vt 0.869032 0.697183
vt 0.853538 0.714848
vt 0.859970 0.719311
vt 0.861135 0.706008
vt 0.853886 0.701385
vt 0.839928 0.719450
vt 0.846777 0.710532
vt 0.839680 0.706344
vt 0.833149 0.715291
vt 0.826977 0.723966
vt 0.815069 0.729237
vt 0.821850 0.732578
vt 0.820202 0.720338
vt 0.813357 0.716987
vt 0.805067 0.736632
vt 0.808383 0.726250
vt 0.801756 0.723825
vt 0.798420 0.734792
vt 0.796419 0.746061
vt 0.787880 0.755119
vt 0.789501 0.744892
vt 0.782645 0.744082
vt 0.778889 0.763309
vt 0.780686 0.754105
vt 0.773502 0.753312
vt 0.771453 0.762249
vt 0.766435 0.752548
vt 0.764177 0.761120
vt 0.759387 0.752226
vt 0.757051 0.760427
vt 0.752472 0.752287
vt 0.750248 0.760002
vt 0.748251 0.767221
vt 0.745720 0.752720
vt 0.741845 0.765870
vt 0.820504 0.315326
vt 0.500187 0.265322
vt 0.493636 0.271824
vt 0.498581 0.273669
vt 0.510149 0.260613
vt 0.505683 0.258535
vt 0.509938 0.251170
vt 0.504845 0.267484
vt 0.510213 0.270539
vt 0.519613 0.255214
vt 0.514430 0.252904
vt 0.515247 0.263325
vt 0.519819 0.265147
vt 0.528171 0.248885
vt 0.524124 0.257138
vt 0.528357 0.258744
vt 0.532837 0.240869
vt 0.270552 0.470654
vt 0.273480 0.480060
vt 0.273938 0.470654
vt 0.537413 0.230599
vt 0.541822 0.241420
vt 0.541967 0.231041
vt 0.542279 0.220691
vt 0.546861 0.231750
vt 0.548757 0.221384
vt 0.549922 0.211989
vt 0.555575 0.222569
vt 0.556706 0.212788
vt 0.556844 0.202531
vt 0.562450 0.190612
vt 0.558419 0.190963
vt 0.562996 0.177504
vt 0.559476 0.177839
vt 0.561960 0.202641
vt 0.566292 0.202399
vt 0.820512 0.218641
vt 0.242043 0.574656
vt 0.229212 0.576154
vt 0.231137 0.578393
vt 0.832410 0.219966
vt 0.841355 0.220684
vt 0.840209 0.218903
vt 0.251969 0.574667
vt 0.243830 0.578918
vt 0.252693 0.576504
vt 0.259699 0.572981
vt 0.267059 0.570556
vt 0.266299 0.569202
vt 0.260606 0.574762
vt 0.261579 0.576741
vt 0.275018 0.568583
vt 0.274194 0.567158
vt 0.281071 0.568017
vt 0.280706 0.566383
vt 0.611822 0.163105
vt 0.610630 0.158312
vt 0.609039 0.158977
vt 0.603910 0.162567
vt 0.599607 0.161138
vt 0.602482 0.164036
vt 0.605188 0.167350
vt 0.596292 0.179792
vt 0.594324 0.177353
vt 0.590797 0.180916
vt 0.844886 0.430789
vt 0.849909 0.436728
vt 0.852159 0.435406
vt 0.841355 0.195564
vt 0.840602 0.422452
vt 0.849941 0.427599
vt 0.843491 0.420638
vt 0.834503 0.413576
vt 0.846810 0.418578
vt 0.838799 0.411328
vt 0.832289 0.402740
vt 0.834703 0.391135
vt 0.837664 0.400971
vt 0.844403 0.398041
vt 0.839900 0.378397
vt 0.834516 0.379140
vt 0.841101 0.389175
vt 0.849351 0.385037
vt 0.847381 0.375655
vt 0.858070 0.380779
vt 0.856270 0.372009
vt 0.866584 0.378475
vt 0.865141 0.369558
vt 0.871683 0.358381
vt 0.871909 0.368595
vt 0.877074 0.368555
vt 0.876803 0.358735
vt 0.875962 0.349679
vt 0.881570 0.359143
vt 0.880725 0.350235
vt 0.879866 0.341954
vt 0.875028 0.341484
vt 0.869472 0.342259
vt 0.868597 0.335829
vt 0.262307 0.334674
vt 0.257024 0.336393
vt 0.259327 0.341685
vt 0.265460 0.339476
vt 0.263062 0.346014
vt 0.269328 0.343096
vt 0.766837 0.816832
vt 0.771072 0.815436
vt 0.771418 0.808293
vt 0.777632 0.807865
vt 0.776415 0.814767
vt 0.783124 0.814758
vt 0.784914 0.808946
vt 0.791134 0.816913
vt 0.793646 0.811018
vt 0.795528 0.805373
vt 0.804601 0.806963
vt 0.805668 0.801192
vt 0.796857 0.800029
vt 0.813036 0.808404
vt 0.814942 0.796441
vt 0.806381 0.795366
vt 0.797860 0.794407
vt 0.814126 0.802411
vt 0.822970 0.803969
vt 0.824443 0.791279
vt 0.815651 0.790107
vt 0.807144 0.789148
vt 0.823846 0.797772
vt 0.833313 0.799151
vt 0.833601 0.792638
vt 0.833506 0.785874
vt 0.824709 0.784592
vt 0.816223 0.783505
vt 0.843511 0.794100
vt 0.843024 0.787230
vt 0.842060 0.780330
vt 0.833123 0.778946
vt 0.824748 0.777634
vt 0.853480 0.788565
vt 0.852151 0.781548
vt 0.850258 0.774735
vt 0.840755 0.773493
vt 0.832410 0.771906
vt 0.863534 0.782139
vt 0.864908 0.789514
vt 0.876676 0.789767
vt 0.865441 0.797136
vt 0.877201 0.798267
vt 0.888750 0.799004
vt 0.876824 0.806968
vt 0.888276 0.808535
vt 0.899438 0.809761
vt 0.887223 0.818058
vt 0.898540 0.819950
vt 0.909553 0.821373
vt 0.897235 0.829645
vt 0.908540 0.831705
vt 0.919810 0.833267
vt 0.906820 0.841554
vt 0.918125 0.843591
vt 0.929192 0.845477
vt 0.915715 0.853395
vt 0.926613 0.855740
vt 0.937590 0.858383
vt 0.923307 0.865425
vt 0.934312 0.868732
vt 0.945122 0.872079
vt 0.930459 0.878610
vt 0.941115 0.882577
vt 0.951561 0.886393
vt 0.936334 0.892455
vt 0.946506 0.896865
vt 0.955988 0.900615
vt 0.940615 0.906857
vt 0.949790 0.911070
vt 0.958438 0.914553
vt 0.964912 0.903711
vt 0.942720 0.920652
vt 0.951110 0.924569
vt 0.009223 0.169471
vt 0.010004 0.182070
vt 0.018949 0.180300
vt 0.010137 0.194779
vt 0.019050 0.193571
vt 0.028334 0.192466
vt 0.018853 0.206866
vt 0.028334 0.206204
vt 0.038253 0.205625
vt 0.028104 0.219659
vt 0.038102 0.219398
vt 0.048374 0.219225
vt 0.037996 0.232833
vt 0.048240 0.232922
vt 0.058698 0.233062
vt 0.048141 0.246366
vt 0.058598 0.246749
vt 0.069367 0.247040
vt 0.058402 0.260254
vt 0.069187 0.260744
vt 0.080103 0.261081
vt 0.069036 0.274111
vt 0.080110 0.274601
vt 0.091168 0.274676
vt 0.080650 0.286546
vt 0.091595 0.286916
vt 0.102644 0.286949
vt 0.092242 0.297360
vt 0.103284 0.297332
vt 0.114329 0.296299
vt 0.079272 0.499268
vt 0.082424 0.489024
vt 0.071143 0.487258
vt 0.068165 0.497123
vt 0.064419 0.506356
vt 0.075642 0.509301
vt 0.057392 0.495603
vt 0.053999 0.504600
vt 0.050068 0.513242
vt 0.043861 0.503390
vt 0.040240 0.511640
vt 0.035883 0.519166
vt 0.112457 0.402359
vt 0.113632 0.411276
vt 0.123289 0.411090
vt 0.121949 0.402665
vt 0.120654 0.394350
vt 0.133328 0.401966
vt 0.131575 0.394094
vt 0.129550 0.386539
vt 0.142973 0.393055
vt 0.140827 0.385484
vt 0.138410 0.378348
vt 0.152024 0.383662
vt 0.149564 0.376196
vt 0.147001 0.369226
vt 0.160388 0.373072
vt 0.157532 0.366059
vt 0.154506 0.359591
vt 0.167329 0.362887
vt 0.163854 0.355817
vt 0.159778 0.349642
vt 0.171715 0.352812
vt 0.166861 0.346111
vt 0.161195 0.340379
vt 0.569262 0.964699
vt 0.573897 0.969572
vt 0.581882 0.965140
vt 0.576171 0.960134
vt 0.561796 0.968201
vt 0.569631 0.955067
vt 0.582656 0.954818
vt 0.575144 0.949639
vt 0.567049 0.944989
vt 0.562245 0.950478
vt 0.557455 0.955309
vt 0.558138 0.939987
vt 0.553887 0.945672
vt 0.548883 0.935093
vt 0.544909 0.940979
vt 0.539577 0.929981
vt 0.535568 0.936435
vt 0.530434 0.924835
vt 0.526314 0.931727
vt 0.522660 0.938523
vt 0.517198 0.927371
vt 0.513335 0.934995
vt 0.510156 0.942015
vt 0.504176 0.931599
vt 0.500784 0.938895
vt 0.497810 0.946132
vt 0.491446 0.936039
vt 0.488340 0.944388
vt 0.485119 0.952371
vt 0.478773 0.942157
vt 0.475245 0.951282
vt 0.472081 0.960704
vt 0.465426 0.949779
vt 0.461906 0.960237
vt 0.459053 0.970953
vt 0.451710 0.959343
vt 0.448603 0.970656
vt 0.446355 0.981604
vt 0.437979 0.969276
vt 0.435186 0.980453
vt 0.433419 0.990327
vt 0.209264 0.249393
vt 0.208502 0.260536
vt 0.424390 0.977894
vt 0.422197 0.987468
vt 0.208670 0.237891
vt 0.199033 0.239302
vt 0.207575 0.226420
vt 0.197960 0.227432
vt 0.188265 0.228480
vt 0.197141 0.215486
vt 0.187573 0.216026
vt 0.177416 0.216464
vt 0.186909 0.203391
vt 0.176832 0.203283
vt 0.166418 0.203220
vt 0.176278 0.189927
vt 0.165852 0.189359
vt 0.155097 0.188933
vt 0.165185 0.175379
vt 0.154556 0.174480
vt 0.143730 0.173724
vt 0.153439 0.160215
vt 0.142788 0.159024
vt 0.132007 0.157975
vt 0.142012 0.144379
vt 0.131100 0.143127
vt 0.120085 0.142331
vt 0.130061 0.129284
vt 0.119134 0.128451
vt 0.108238 0.127693
vt 0.118131 0.115371
vt 0.107165 0.114479
vt 0.096302 0.114033
vt 0.105788 0.101078
vt 0.094834 0.101101
vt 0.083820 0.101354
vt 0.093118 0.089135
vt 0.082169 0.089002
vt 0.071282 0.089546
vt 0.080954 0.076649
vt 0.070211 0.077159
vt 0.059592 0.078342
vt 0.671722 0.567918
vt 0.682484 0.568831
vt 0.681427 0.556553
vt 0.671007 0.555256
vt 0.660677 0.553733
vt 0.661105 0.566410
vt 0.670579 0.542417
vt 0.660344 0.541180
vt 0.650254 0.539575
vt 0.659980 0.528997
vt 0.650081 0.527265
vt 0.640433 0.525209
vt 0.631060 0.522839
vt 0.650098 0.514301
vt 0.640484 0.512760
vt 0.630769 0.511485
vt 0.996466 0.779051
vt 0.642868 0.497647
vt 0.633451 0.496683
vt 0.624506 0.495387
vt 0.621203 0.509709
vt 0.636202 0.480865
vt 0.627734 0.479901
vt 0.619480 0.478567
vt 0.630278 0.463910
vt 0.622489 0.463165
vt 0.614951 0.462022
vt 0.607119 0.460560
vt 0.957610 0.744626
vt 0.964942 0.741481
vt 0.961613 0.725655
vt 0.954168 0.729502
vt 0.946636 0.733386
vt 0.236039 0.219982
vt 0.234663 0.210233
vt 0.222880 0.208483
vt 0.224892 0.219015
vt 0.945597 0.720175
vt 0.937264 0.724758
vt 0.941776 0.708351
vt 0.932386 0.713664
vt 0.923118 0.718642
vt 0.925824 0.703549
vt 0.916220 0.709279
vt 0.918462 0.694587
vt 0.909145 0.700868
vt 0.910440 0.686645
vt 0.901574 0.693306
vt 0.901834 0.679420
vt 0.893455 0.686555
vt 0.892885 0.672937
vt 0.884908 0.680566
vt 0.876978 0.688542
vt 0.876161 0.674496
vt 0.868657 0.683114
vt 0.861202 0.692164
vt 0.859963 0.678050
vt 0.853062 0.687482
vt 0.846257 0.696949
vt 0.844611 0.683504
vt 0.838476 0.693035
vt 0.832317 0.702384
vt 0.830753 0.689767
vt 0.824832 0.698932
vt 0.819105 0.708099
vt 0.826212 0.711507
vt 0.817183 0.695943
vt 0.806428 0.714089
vt 0.811787 0.705128
vt 0.803985 0.702171
vt 0.798925 0.711293
vt 0.794399 0.721682
vt 0.791126 0.709165
vt 0.787297 0.720613
vt 0.784866 0.732759
vt 0.791567 0.733461
vt 0.775684 0.743487
vt 0.778059 0.732563
vt 0.770938 0.732528
vt 0.768694 0.743134
vt 0.761674 0.743069
vt 0.763737 0.732550
vt 0.756521 0.732748
vt 0.754737 0.743350
vt 0.747898 0.743741
vt 0.749470 0.733087
vt 0.742587 0.733722
vt 0.740990 0.744351
vt 0.739093 0.753567
vt 0.491486 0.280829
vt 0.734962 0.744852
vt 0.733103 0.754516
vt 0.496236 0.282349
vt 0.504042 0.276567
vt 0.730976 0.762355
vt 0.727562 0.755392
vt 0.725410 0.763596
vt 0.508692 0.278149
vt 0.515009 0.272325
vt 0.724703 0.770754
vt 0.720274 0.764069
vt 0.719293 0.771046
vt 0.720276 0.777916
vt 0.524011 0.266163
vt 0.523360 0.274693
vt 0.528490 0.268204
vt 0.532811 0.260425
vt 0.532729 0.271053
vt 0.537491 0.261973
vt 0.540717 0.251981
vt 0.536066 0.251261
vt 0.537382 0.241237
vt 0.545908 0.242287
vt 0.544961 0.252827
vt 0.548930 0.253622
vt 0.552851 0.232809
vt 0.550702 0.243250
vt 0.555210 0.244104
vt 0.559752 0.223743
vt 0.557325 0.233803
vt 0.562286 0.235336
vt 0.565892 0.213990
vt 0.561270 0.213515
vt 0.564451 0.224984
vt 0.568943 0.226142
vt 0.570403 0.202496
vt 0.572647 0.190268
vt 0.570090 0.189721
vt 0.220124 0.585301
vt 0.217999 0.583781
vt 0.211687 0.594488
vt 0.214863 0.596720
vt 0.233016 0.581491
vt 0.244931 0.581783
vt 0.234906 0.584847
vt 0.237010 0.588310
vt 0.262675 0.578915
vt 0.268916 0.574160
vt 0.268007 0.572264
vt 0.267989 0.585879
vt 0.267104 0.593629
vt 0.270888 0.588213
vt 0.275198 0.582916
vt 0.278463 0.585435
vt 0.282191 0.587691
vt 0.284956 0.582639
vt 0.281770 0.580030
vt 0.234485 0.240110
vt 0.238522 0.240549
vt 0.238844 0.234889
vt 0.242107 0.240328
vt 0.245252 0.239677
vt 0.244199 0.233687
vt 0.247837 0.231815
vt 0.252322 0.236841
vt 0.249361 0.230849
vt 0.246204 0.225548
vt 0.254067 0.235881
vt 0.870825 0.441871
vt 0.871781 0.435895
vt 0.869557 0.436083
vt 0.862809 0.445904
vt 0.864696 0.443695
vt 0.861909 0.441782
vt 0.859806 0.443481
vt 0.597962 0.169536
vt 0.595568 0.171969
vt 0.597291 0.174405
vt 0.856440 0.440336
vt 0.854634 0.433744
vt 0.852837 0.425372
vt 0.847219 0.429488
vt 0.850891 0.416001
vt 0.849670 0.405661
vt 0.843578 0.408860
vt 0.855587 0.413411
vt 0.861978 0.410589
vt 0.852836 0.393474
vt 0.857452 0.401774
vt 0.864764 0.398658
vt 0.861242 0.389397
vt 0.868140 0.387889
vt 0.869607 0.397835
vt 0.873257 0.398116
vt 0.872530 0.388135
vt 0.872305 0.378283
vt 0.877006 0.378761
vt 0.260902 0.302032
vt 0.255090 0.311530
vt 0.258435 0.312364
vt 0.257547 0.301422
vt 0.252865 0.300359
vt 0.247748 0.319704
vt 0.251882 0.321441
vt 0.884979 0.360888
vt 0.245692 0.329039
vt 0.250453 0.329952
vt 0.251133 0.337342
vt 0.255361 0.329950
vt 0.253227 0.343370
vt 0.246514 0.344353
vt 0.249784 0.349906
vt 0.766943 0.829735
vt 0.769702 0.835943
vt 0.772564 0.829039
vt 0.774954 0.822017
vt 0.781010 0.821626
vt 0.778794 0.829082
vt 0.785799 0.829380
vt 0.788557 0.822480
vt 0.796722 0.824045
vt 0.799865 0.818748
vt 0.805084 0.825795
vt 0.808147 0.819974
vt 0.810984 0.814286
vt 0.817211 0.822353
vt 0.821654 0.810078
vt 0.819667 0.816241
vt 0.829127 0.818721
vt 0.831087 0.812162
vt 0.832388 0.805741
vt 0.841172 0.814776
vt 0.842663 0.807860
vt 0.843374 0.800982
vt 0.853389 0.810444
vt 0.854227 0.803144
vt 0.854227 0.795772
vt 0.865352 0.805188
vt 0.875807 0.815769
vt 0.864444 0.813237
vt 0.862913 0.821224
vt 0.885698 0.827155
vt 0.874209 0.824361
vt 0.872250 0.832913
vt 0.883874 0.836225
vt 0.895365 0.839067
vt 0.881481 0.844898
vt 0.893092 0.848179
vt 0.904567 0.850991
vt 0.890271 0.856817
vt 0.901586 0.859871
vt 0.912617 0.862656
vt 0.898051 0.868279
vt 0.908957 0.871475
vt 0.919639 0.874748
vt 0.904613 0.879800
vt 0.915274 0.883688
vt 0.925869 0.887966
vt 0.910537 0.892301
vt 0.920861 0.897115
vt 0.930865 0.902006
vt 0.914960 0.905638
vt 0.924539 0.910824
vt 0.933842 0.915985
vt 0.917646 0.919261
vt 0.926482 0.924663
vt 0.934961 0.929679
vt 0.918412 0.932906
vt 0.926389 0.938127
vt 0.933978 0.942823
vt 0.943010 0.934098
vt 0.010046 0.207587
vt 0.001556 0.208276
vt 0.001064 0.220378
vt 0.009584 0.220209
vt 0.018459 0.219947
vt 0.009259 0.232479
vt 0.018339 0.232696
vt 0.027909 0.232786
vt 0.018293 0.244968
vt 0.027840 0.245568
vt 0.037830 0.245995
vt 0.027793 0.257857
vt 0.037636 0.258826
vt 0.047853 0.259618
vt 0.037806 0.271071
vt 0.047950 0.272275
vt 0.058340 0.273323
vt 0.048744 0.283868
vt 0.059131 0.284985
vt 0.069823 0.285759
vt 0.060360 0.295301
vt 0.070905 0.295955
vt 0.081490 0.296693
vt 0.086415 0.467583
vt 0.087743 0.456888
vt 0.076082 0.456036
vt 0.074914 0.466459
vt 0.073451 0.477014
vt 0.084873 0.478367
vt 0.063327 0.465859
vt 0.062268 0.476151
vt 0.060382 0.486238
vt 0.050741 0.475465
vt 0.049146 0.485228
vt 0.046903 0.494628
vt 0.114614 0.430068
vt 0.114160 0.439787
vt 0.123734 0.438660
vt 0.124548 0.429062
vt 0.124212 0.419839
vt 0.114274 0.420549
vt 0.134980 0.427795
vt 0.135162 0.418726
vt 0.134596 0.410181
vt 0.145887 0.409204
vt 0.144619 0.401124
vt 0.158453 0.407847
vt 0.156288 0.399794
vt 0.154260 0.391557
vt 0.167649 0.397301
vt 0.165352 0.388957
vt 0.162994 0.380826
vt 0.175455 0.387025
vt 0.173031 0.378634
vt 0.170386 0.370480
vt 0.182240 0.376854
vt 0.179297 0.368373
vt 0.175824 0.360352
vt 0.187203 0.366567
vt 0.183144 0.358242
vt 0.178378 0.350326
vt 0.586846 0.969580
vt 0.591120 0.973568
vt 0.600165 0.968017
vt 0.595146 0.964103
vt 0.589309 0.959665
vt 0.602692 0.957398
vt 0.596021 0.953146
vt 0.588571 0.948565
vt 0.602304 0.946178
vt 0.594240 0.941948
vt 0.585494 0.937446
vt 0.580376 0.943633
vt 0.576344 0.932960
vt 0.571705 0.939099
vt 0.566841 0.928253
vt 0.562460 0.934120
vt 0.557142 0.923184
vt 0.553005 0.929059
vt 0.547578 0.917794
vt 0.543667 0.923620
vt 0.538225 0.912555
vt 0.534530 0.918276
vt 0.529132 0.907400
vt 0.525706 0.912924
vt 0.521454 0.919899
vt 0.517070 0.907888
vt 0.512598 0.915475
vt 0.508280 0.923390
vt 0.503585 0.911705
vt 0.499028 0.920224
vt 0.494851 0.928566
vt 0.489545 0.917784
vt 0.485567 0.925721
vt 0.482130 0.933372
vt 0.476018 0.923192
vt 0.472797 0.930638
vt 0.469155 0.939483
vt 0.463295 0.927986
vt 0.459446 0.937097
vt 0.455436 0.948126
vt 0.449734 0.934892
vt 0.445414 0.946263
vt 0.441475 0.957619
vt 0.435387 0.944202
vt 0.431397 0.955389
vt 0.427586 0.966999
vt 0.421418 0.952675
vt 0.417322 0.964107
vt 0.414029 0.974362
vt 0.411434 0.983726
vt 0.407206 0.960833
vt 0.403635 0.970863
vt 0.400750 0.979901
vt 0.206693 0.215004
vt 0.393421 0.966964
vt 0.390064 0.975832
vt 0.205964 0.203500
vt 0.196414 0.203430
vt 0.205696 0.191943
vt 0.195966 0.191295
vt 0.186495 0.190601
vt 0.195633 0.178988
vt 0.186077 0.177627
vt 0.175659 0.176439
vt 0.185184 0.164657
vt 0.174838 0.162978
vt 0.164177 0.161523
vt 0.173881 0.149588
vt 0.163470 0.147575
vt 0.152904 0.145754
vt 0.162104 0.134433
vt 0.151720 0.132282
vt 0.141028 0.130530
vt 0.150541 0.119363
vt 0.140058 0.117182
vt 0.129140 0.115927
vt 0.138837 0.104949
vt 0.128094 0.102928
vt 0.117045 0.101655
vt 0.731022 0.586322
vt 0.741964 0.584755
vt 0.738657 0.574578
vt 0.728061 0.576137
vt 0.114989 0.091296
vt 0.104024 0.089971
vt 0.113303 0.078990
vt 0.102566 0.077232
vt 0.091763 0.076738
vt 0.704160 0.569092
vt 0.714970 0.568688
vt 0.713096 0.556663
vt 0.702599 0.557012
vt 0.692040 0.556965
vt 0.693309 0.569150
vt 0.701654 0.544045
vt 0.691269 0.544089
vt 0.680871 0.543511
vt 0.690930 0.531439
vt 0.680525 0.530888
vt 0.670196 0.530123
vt 0.680662 0.517187
vt 0.670391 0.516391
vt 0.660229 0.515491
vt 0.671882 0.500458
vt 0.662042 0.499559
vt 0.652359 0.498621
vt 0.664013 0.483145
vt 0.654569 0.482365
vt 0.645222 0.481630
vt 0.656306 0.465653
vt 0.647636 0.464767
vt 0.638767 0.464360
vt 0.646619 0.450141
vt 0.637675 0.449647
vt 0.628976 0.449400
vt 0.968217 0.721972
vt 0.971753 0.738351
vt 0.233483 0.190544
vt 0.234430 0.180572
vt 0.223071 0.175665
vt 0.221999 0.186705
vt 0.221866 0.197703
vt 0.233384 0.200516
vt 0.212844 0.184038
vt 0.212079 0.196277
vt 0.961309 0.710848
vt 0.959162 0.697269
vt 0.950820 0.702755
vt 0.953736 0.715463
vt 0.953772 0.685408
vt 0.944726 0.691652
vt 0.935381 0.697859
vt 0.936623 0.682325
vt 0.927682 0.688488
vt 0.927620 0.674079
vt 0.919190 0.680192
vt 0.918447 0.666228
vt 0.910182 0.672605
vt 0.909151 0.658844
vt 0.900966 0.665659
vt 0.899869 0.651279
vt 0.891654 0.658755
vt 0.883754 0.666467
vt 0.882016 0.651881
vt 0.874242 0.660197
vt 0.867011 0.668824
vt 0.864266 0.654980
vt 0.857361 0.664344
vt 0.850864 0.673958
vt 0.848552 0.661311
vt 0.842428 0.670938
vt 0.836479 0.680375
vt 0.834281 0.668693
vt 0.828474 0.677926
vt 0.822735 0.686846
vt 0.819995 0.675631
vt 0.814362 0.684162
vt 0.809121 0.693235
vt 0.805555 0.681775
vt 0.800527 0.690571
vt 0.795670 0.699309
vt 0.791483 0.688232
vt 0.787004 0.697384
vt 0.783251 0.708275
vt 0.773046 0.720481
vt 0.780395 0.720345
vt 0.775387 0.708110
vt 0.767378 0.708253
vt 0.765585 0.720755
vt 0.759528 0.708567
vt 0.758107 0.721124
vt 0.751776 0.708824
vt 0.750722 0.721412
vt 0.744263 0.709130
vt 0.743644 0.721832
vt 0.736869 0.709582
vt 0.736102 0.734413
vt 0.736682 0.722609
vt 0.730177 0.723461
vt 0.730131 0.735220
vt 0.729264 0.745687
vt 0.722531 0.756480
vt 0.504773 0.285467
vt 0.496591 0.290655
vt 0.501252 0.293295
vt 0.516434 0.281515
vt 0.512529 0.279388
vt 0.519018 0.272679
vt 0.508693 0.287758
vt 0.513247 0.290822
vt 0.527419 0.277584
vt 0.520518 0.284665
vt 0.526167 0.287971
vt 0.537953 0.272627
vt 0.532587 0.279493
vt 0.538748 0.281403
vt 0.287800 0.491515
vt 0.284658 0.502727
vt 0.289804 0.502534
vt 0.283910 0.512739
vt 0.287712 0.512767
vt 0.545518 0.263028
vt 0.542416 0.271914
vt 0.547727 0.273222
vt 0.552880 0.254162
vt 0.550316 0.263957
vt 0.555811 0.265168
vt 0.558058 0.255239
vt 0.560319 0.245378
vt 0.562975 0.256717
vt 0.565172 0.246872
vt 0.566973 0.236754
vt 0.569545 0.248019
vt 0.571278 0.237778
vt 0.573025 0.226986
vt 0.200808 0.615949
vt 0.200683 0.628433
vt 0.204528 0.617980
vt 0.209089 0.606975
vt 0.205533 0.605058
vt 0.218682 0.599500
vt 0.213380 0.609546
vt 0.218124 0.612532
vt 0.222558 0.602599
vt 0.228760 0.594142
vt 0.225787 0.590850
vt 0.239643 0.592059
vt 0.232596 0.598388
vt 0.238164 0.603141
vt 0.243719 0.596387
vt 0.250739 0.590629
vt 0.248106 0.587498
vt 0.257886 0.585862
vt 0.256230 0.583470
vt 0.248502 0.599971
vt 0.254168 0.593566
vt 0.260221 0.588483
vt 0.258539 0.596577
vt 0.253956 0.603036
vt 0.260163 0.605625
vt 0.263606 0.599388
vt 0.269018 0.602173
vt 0.272119 0.596260
vt 0.265763 0.608572
vt 0.269932 0.611525
vt 0.276427 0.598830
vt 0.228950 0.251706
vt 0.227493 0.258441
vt 0.231860 0.259793
vt 0.233044 0.252795
vt 0.236929 0.260992
vt 0.237771 0.253606
vt 0.242125 0.261727
vt 0.246424 0.253709
vt 0.250226 0.253350
vt 0.249198 0.245821
vt 0.245922 0.246449
vt 0.252248 0.244828
vt 0.256539 0.252435
vt 0.254799 0.244034
vt 0.259216 0.251964
vt 0.877232 0.427902
vt 0.874830 0.418599
vt 0.874684 0.427837
vt 0.872000 0.427752
vt 0.871782 0.418645
vt 0.868791 0.418792
vt 0.869451 0.427788
vt 0.864971 0.419288
vt 0.866555 0.428067
vt 0.860323 0.420909
vt 0.867539 0.408627
vt 0.871186 0.408156
vt 0.877661 0.408609
vt 0.879633 0.418835
vt 0.880352 0.409017
vt 0.880526 0.399167
vt 0.261180 0.271541
vt 0.257727 0.261745
vt 0.258243 0.271444
vt 0.258598 0.281241
vt 0.261806 0.281339
vt 0.254113 0.290677
vt 0.258584 0.291257
vt 0.261946 0.291385
vt 0.247864 0.299060
vt 0.249327 0.289837
vt 0.244015 0.288813
vt 0.242409 0.297637
vt 0.240202 0.306510
vt 0.245675 0.308228
vt 0.250850 0.309917
vt 0.237883 0.315762
vt 0.242968 0.317431
vt 0.236132 0.326235
vt 0.240771 0.327482
vt 0.235318 0.335910
vt 0.239758 0.336479
vt 0.240398 0.344237
vt 0.245079 0.336884
vt 0.243428 0.350860
vt 0.237714 0.351357
vt 0.241232 0.356633
vt 0.766708 0.842194
vt 0.769617 0.848023
vt 0.772885 0.842174
vt 0.776013 0.835950
vt 0.782798 0.836326
vt 0.779661 0.842781
vt 0.787008 0.843582
vt 0.790239 0.837099
vt 0.801891 0.832047
vt 0.793556 0.830397
vt 0.811452 0.834750
vt 0.814436 0.828441
vt 0.821412 0.838307
vt 0.824187 0.831814
vt 0.826709 0.825369
vt 0.834203 0.835647
vt 0.836544 0.828844
vt 0.838899 0.821768
vt 0.846980 0.832859
vt 0.849445 0.825493
vt 0.851861 0.817947
vt 0.860766 0.829337
vt 0.858275 0.837220
vt 0.869847 0.841232
vt 0.855594 0.844720
vt 0.867078 0.849145
vt 0.878683 0.853165
vt 0.886950 0.864924
vt 0.875521 0.860927
vt 0.872044 0.868359
vt 0.894010 0.876156
vt 0.883111 0.872396
vt 0.878914 0.879817
vt 0.889539 0.883845
vt 0.900021 0.887913
vt 0.884699 0.891461
vt 0.894952 0.895778
vt 0.904892 0.900433
vt 0.889393 0.903643
vt 0.898899 0.908475
vt 0.908497 0.913820
vt 0.892574 0.916249
vt 0.901471 0.921684
vt 0.910053 0.927251
vt 0.894046 0.929424
vt 0.902079 0.934952
vt 0.909879 0.940548
vt 0.893841 0.942371
vt 0.901098 0.947813
vt 0.908176 0.953277
vt 0.917434 0.946035
vt 0.891843 0.954313
vt 0.898545 0.959689
vt 0.000612 0.232257
vt 0.000612 0.243937
vt 0.009123 0.244409
vt 0.000652 0.255426
vt 0.008953 0.256084
vt 0.018166 0.256883
vt 0.009456 0.267227
vt 0.018565 0.268210
vt 0.028105 0.269608
vt 0.019890 0.278544
vt 0.028969 0.280547
vt 0.038613 0.282483
vt 0.096556 0.423875
vt 0.094723 0.412879
vt 0.085796 0.413818
vt 0.087514 0.424390
vt 0.088591 0.435177
vt 0.097317 0.434918
vt 0.075704 0.425297
vt 0.076707 0.435415
vt 0.076813 0.445718
vt 0.088593 0.446088
vt 0.050056 0.294229
vt 0.064338 0.435999
vt 0.064299 0.445737
vt 0.064031 0.455694
vt 0.052735 0.446006
vt 0.052678 0.455593
vt 0.051860 0.465509
vt 0.041721 0.455744
vt 0.041387 0.465432
vt 0.040873 0.475260
vt 0.032501 0.465182
vt 0.031756 0.474977
vt 0.030207 0.485010
vt 0.039444 0.485069
vt 0.133258 0.437579
vt 0.131215 0.447370
vt 0.139897 0.447263
vt 0.137644 0.456766
vt 0.146192 0.458025
vt 0.148440 0.448234
vt 0.128956 0.456627
vt 0.153892 0.459989
vt 0.156162 0.450799
vt 0.136018 0.465522
vt 0.144812 0.466336
vt 0.126841 0.465404
vt 0.124596 0.473546
vt 0.133383 0.481786
vt 0.134671 0.473785
vt 0.031568 0.446459
vt 0.032615 0.455700
vt 0.041095 0.446365
vt 0.041331 0.437243
vt 0.030078 0.428931
vt 0.031489 0.437535
vt 0.052722 0.436674
vt 0.052065 0.427540
vt 0.039613 0.419909
vt 0.040553 0.428467
vt 0.063527 0.426512
vt 0.062003 0.417360
vt 0.060032 0.408400
vt 0.048513 0.410305
vt 0.050655 0.418806
vt 0.074308 0.415365
vt 0.072257 0.405927
vt 0.069458 0.396842
vt 0.057841 0.399466
vt 0.083305 0.403643
vt 0.080183 0.393770
vt 0.075993 0.384397
vt 0.066038 0.387826
vt 0.091821 0.402098
vt 0.088484 0.391551
vt 0.084193 0.381546
vt 0.079314 0.372115
vt 0.071178 0.375422
vt 0.002928 0.276682
vt 0.011021 0.277452
vt 0.001372 0.266449
vt 0.868483 0.973623
vt 0.878493 0.970193
vt 0.872137 0.964458
vt 0.862209 0.968009
vt 0.866051 0.958667
vt 0.856320 0.961733
vt 0.888657 0.965532
vt 0.882161 0.959969
vt 0.875813 0.954733
vt 0.869487 0.949256
vt 0.860157 0.952897
vt 0.885126 0.949141
vt 0.878247 0.943779
vt 0.871209 0.938313
vt 0.863307 0.943803
vt 0.886343 0.936950
vt 0.878587 0.931587
vt 0.870540 0.926292
vt 0.863885 0.932894
vt 0.885706 0.924078
vt 0.877119 0.919033
vt 0.868112 0.913828
vt 0.861863 0.920579
vt 0.883530 0.911385
vt 0.874133 0.906615
vt 0.858749 0.908489
vt 0.879618 0.899062
vt 0.869594 0.894482
vt 0.874387 0.887146
vt 0.863966 0.882706
vt 0.868180 0.875598
vt 0.857342 0.870766
vt 0.860915 0.863673
vt 0.849958 0.858635
vt 0.864118 0.856439
vt 0.852968 0.851613
vt 0.842148 0.846819
vt 0.831597 0.842345
vt 0.828697 0.848971
vt 0.844651 0.839965
vt 0.818443 0.844787
vt 0.815285 0.851156
vt 0.825536 0.855461
vt 0.811949 0.857551
vt 0.822167 0.861800
vt 0.832501 0.866672
vt 0.835937 0.860278
vt 0.838932 0.878491
vt 0.842955 0.872109
vt 0.846600 0.865475
vt 0.828678 0.872927
vt 0.824630 0.878943
vt 0.844530 0.890604
vt 0.849187 0.884311
vt 0.853451 0.877676
vt 0.834531 0.884566
vt 0.829848 0.890265
vt 0.849015 0.902778
vt 0.854460 0.896455
vt 0.859463 0.889718
vt 0.839371 0.896542
vt 0.833869 0.901851
vt 0.852743 0.914823
vt 0.864402 0.901732
vt 0.843149 0.908525
vt 0.837154 0.913630
vt 0.855657 0.926643
vt 0.846763 0.920485
vt 0.841111 0.925188
vt 0.849633 0.931564
vt 0.856944 0.938061
vt 0.843245 0.934585
vt 0.849241 0.940725
vt 0.854549 0.947039
vt 0.069216 0.345801
vt 0.063833 0.337888
vt 0.057536 0.340645
vt 0.063102 0.348069
vt 0.846225 0.948859
vt 0.851007 0.955751
vt 0.068701 0.355605
vt 0.056551 0.350805
vt 0.061403 0.358664
vt 0.066152 0.366890
vt 0.073748 0.363690
vt 0.053391 0.362137
vt 0.057563 0.370649
vt 0.061907 0.379184
vt 0.048772 0.373245
vt 0.052105 0.381892
vt 0.055359 0.390450
vt 0.042179 0.383731
vt 0.044550 0.392546
vt 0.046504 0.401440
vt 0.034198 0.393787
vt 0.036179 0.402679
vt 0.037644 0.411564
vt 0.027499 0.403095
vt 0.028470 0.411775
vt 0.029566 0.420227
vt 0.118725 0.497069
vt 0.115596 0.504259
vt 0.125239 0.504332
vt 0.128871 0.497296
vt 0.131471 0.489470
vt 0.137874 0.497486
vt 0.140926 0.490124
vt 0.142909 0.482583
vt 0.123352 0.481892
vt 0.120944 0.489268
vt 0.148783 0.490418
vt 0.151905 0.475350
vt 0.143876 0.474446
vt 0.150725 0.482855
vt 0.157745 0.485801
vt 0.161061 0.469701
vt 0.152895 0.467698
vt 0.159742 0.478141
vt 0.169315 0.479994
vt 0.170645 0.470306
vt 0.170600 0.461003
vt 0.161460 0.461899
vt 0.178471 0.459829
vt 0.178812 0.470523
vt 0.185808 0.469428
vt 0.185777 0.458479
vt 0.184015 0.446752
vt 0.176123 0.448047
vt 0.168607 0.450857
vt 0.286876 0.930810
vt 0.288797 0.919581
vt 0.280772 0.919195
vt 0.279246 0.930433
vt 0.190982 0.445679
vt 0.189142 0.433953
vt 0.276695 0.941402
vt 0.268918 0.929237
vt 0.266532 0.939632
vt 0.263354 0.949181
vt 0.273130 0.951149
vt 0.186114 0.422782
vt 0.194896 0.422792
vt 0.192394 0.412818
vt 0.183161 0.413072
vt 0.189865 0.403415
vt 0.180405 0.404091
vt 0.170353 0.405456
vt 0.177793 0.395564
vt 0.187372 0.394395
vt 0.184759 0.385608
vt 0.195685 0.393478
vt 0.193217 0.384324
vt 0.190378 0.375370
vt 0.232959 0.986392
vt 0.237205 0.979199
vt 0.226376 0.977641
vt 0.222510 0.985109
vt 0.218468 0.992286
vt 0.228484 0.993267
vt 0.211621 0.983696
vt 0.207940 0.990874
vt 0.204104 0.997467
vt 0.214238 0.998924
vt 0.223833 0.999388
vt 0.197188 0.989531
vt 0.193851 0.996129
vt 0.608391 0.961074
vt 0.616158 0.953850
vt 0.609598 0.950179
vt 0.623095 0.945831
vt 0.615942 0.942514
vt 0.608049 0.938772
vt 0.621864 0.934536
vt 0.613421 0.931259
vt 0.604516 0.927947
vt 0.599507 0.935035
vt 0.595109 0.924271
vt 0.590370 0.930943
vt 0.585368 0.920258
vt 0.580893 0.926648
vt 0.575457 0.915974
vt 0.571168 0.922200
vt 0.565362 0.911097
vt 0.561248 0.917179
vt 0.555390 0.905918
vt 0.551477 0.911901
vt 0.545633 0.900912
vt 0.541959 0.906754
vt 0.536433 0.895821
vt 0.532770 0.901686
vt 0.527425 0.890946
vt 0.523927 0.896700
vt 0.520153 0.902629
vt 0.515202 0.892131
vt 0.511750 0.897849
vt 0.508233 0.903771
vt 0.502938 0.893869
vt 0.499070 0.900375
vt 0.494109 0.909138
vt 0.489871 0.897368
vt 0.484849 0.906484
vt 0.479829 0.915892
vt 0.474996 0.904709
vt 0.470058 0.914061
vt 0.466498 0.920638
vt 0.460818 0.910879
vt 0.457315 0.917385
vt 0.453842 0.925062
vt 0.448445 0.913852
vt 0.444302 0.922453
vt 0.439757 0.933000
vt 0.434475 0.920292
vt 0.429893 0.930690
vt 0.425513 0.941609
vt 0.420183 0.927861
vt 0.415695 0.938667
vt 0.411467 0.949643
vt 0.406169 0.935157
vt 0.401630 0.946282
vt 0.397219 0.957242
vt 0.391624 0.942982
vt 0.387096 0.953633
vt 0.383046 0.963093
vt 0.379287 0.971755
vt 0.377061 0.949531
vt 0.372639 0.958837
vt 0.368489 0.967191
vt 0.205441 0.180171
vt 0.362457 0.953805
vt 0.358001 0.961613
vt 0.204573 0.168234
vt 0.194966 0.166544
vt 0.203201 0.156179
vt 0.193890 0.153969
vt 0.184137 0.151691
vt 0.192360 0.141540
vt 0.182552 0.139026
vt 0.172408 0.136647
vt 0.180458 0.127185
vt 0.170790 0.124379
vt 0.160811 0.121778
vt 0.168182 0.113677
vt 0.158767 0.110541
vt 0.148972 0.107590
vt 0.762282 0.578214
vt 0.771667 0.573646
vt 0.767690 0.564243
vt 0.758405 0.568320
vt 0.748642 0.571685
vt 0.752488 0.582087
vt 0.135926 0.095249
vt 0.145981 0.097650
vt 0.143517 0.086787
vt 0.133915 0.083379
vt 0.123718 0.081015
vt 0.125696 0.092882
vt 0.735863 0.565239
vt 0.745847 0.562687
vt 0.742936 0.552012
vt 0.733154 0.553982
vt 0.723206 0.555486
vt 0.725592 0.567111
vt 0.731990 0.542080
vt 0.722022 0.543012
vt 0.711944 0.543812
vt 0.721866 0.530295
vt 0.711649 0.530859
vt 0.701370 0.531554
vt 0.712088 0.517496
vt 0.701687 0.517955
vt 0.691086 0.517830
vt 0.702497 0.502396
vt 0.692101 0.502037
vt 0.681871 0.501351
vt 0.693587 0.485949
vt 0.683455 0.485021
vt 0.673572 0.484068
vt 0.685231 0.468527
vt 0.675185 0.467286
vt 0.665585 0.466327
vt 0.675588 0.452051
vt 0.665455 0.451182
vt 0.655808 0.450715
vt 0.664926 0.438193
vt 0.654291 0.438008
vt 0.643895 0.437984
vt 0.225303 0.164973
vt 0.236039 0.170806
vt 0.653560 0.425519
vt 0.641869 0.425494
vt 0.630735 0.426257
vt 0.633913 0.438371
vt 0.620029 0.427311
vt 0.624331 0.438754
vt 0.640120 0.413103
vt 0.627904 0.414287
vt 0.616317 0.415650
vt 0.605893 0.416606
vt 0.609725 0.428473
vt 0.626497 0.401548
vt 0.615209 0.402865
vt 0.605552 0.403868
vt 0.945183 0.676256
vt 0.953321 0.670098
vt 0.943906 0.661795
vt 0.935972 0.667866
vt 0.934618 0.653738
vt 0.926674 0.659855
vt 0.925687 0.646134
vt 0.917479 0.652187
vt 0.916890 0.637984
vt 0.908355 0.644292
vt 0.907870 0.629382
vt 0.899185 0.636160
vt 0.890508 0.643723
vt 0.889153 0.629279
vt 0.880501 0.637561
vt 0.872036 0.646319
vt 0.870583 0.633869
vt 0.862654 0.642863
vt 0.855266 0.651989
vt 0.235868 0.544251
vt 0.242734 0.533629
vt 0.234400 0.530123
vt 0.227955 0.540917
vt 0.221440 0.551128
vt 0.229189 0.554553
vt 0.214818 0.560659
vt 0.222163 0.563997
vt 0.218879 0.537718
vt 0.213075 0.548068
vt 0.207148 0.557866
vt 0.825728 0.666859
vt 0.204817 0.545816
vt 0.199568 0.555895
vt 0.816503 0.664909
vt 0.810901 0.673270
vt 0.806431 0.662388
vt 0.801148 0.670827
vt 0.796148 0.679262
vt 0.790972 0.668455
vt 0.786262 0.677027
vt 0.781980 0.686367
vt 0.776271 0.675300
vt 0.772581 0.685409
vt 0.769678 0.696411
vt 0.778253 0.696537
vt 0.761272 0.696317
vt 0.763494 0.684589
vt 0.754764 0.684124
vt 0.752991 0.696159
vt 0.744984 0.696244
vt 0.746006 0.683585
vt 0.737310 0.683797
vt 0.736860 0.696584
vt 0.729638 0.710527
vt 0.728897 0.697411
vt 0.721142 0.699229
vt 0.722789 0.712522
vt 0.724155 0.725274
vt 0.716339 0.715237
vt 0.718332 0.727968
vt 0.719359 0.739748
vt 0.724541 0.737137
vt 0.719485 0.749840
vt 0.724161 0.747518
vt 0.506306 0.296549
vt 0.498797 0.301821
vt 0.504685 0.306190
vt 0.512339 0.300900
vt 0.519299 0.295133
vt 0.704397 0.751782
vt 0.701941 0.739766
vt 0.696979 0.744397
vt 0.698999 0.756721
vt 0.511158 0.311526
vt 0.517766 0.317773
vt 0.509941 0.321585
vt 0.515903 0.328801
vt 0.524668 0.325488
vt 0.521633 0.336072
vt 0.531033 0.333609
vt 0.541144 0.331577
vt 0.536526 0.341847
vt 0.546768 0.340208
vt 0.557647 0.339649
vt 0.552382 0.329322
vt 0.567074 0.341469
vt 0.562378 0.330067
vt 0.573332 0.343352
vt 0.564508 0.319350
vt 0.560577 0.307640
vt 0.569322 0.331389
vt 0.574847 0.331717
vt 0.156456 0.684468
vt 0.162348 0.676094
vt 0.157037 0.672770
vt 0.149809 0.692981
vt 0.155883 0.696555
vt 0.162543 0.688157
vt 0.168513 0.679843
vt 0.168698 0.668313
vt 0.174136 0.671658
vt 0.170241 0.656755
vt 0.163296 0.664623
vt 0.180298 0.663917
vt 0.187627 0.668557
vt 0.192778 0.659626
vt 0.195866 0.673631
vt 0.200650 0.664050
vt 0.205320 0.654136
vt 0.208219 0.667748
vt 0.212225 0.657714
vt 0.216004 0.647492
vt 0.219362 0.661189
vt 0.222555 0.650926
vt 0.225180 0.640438
vt 0.229049 0.654125
vt 0.231703 0.643583
vt 0.234400 0.633535
vt 0.238108 0.647052
vt 0.241144 0.636949
vt 0.244104 0.627220
vt 0.246891 0.640027
vt 0.250086 0.630089
vt 0.253348 0.620803
vt 0.254996 0.632925
vt 0.258697 0.623741
vt 0.262275 0.615574
vt 0.256707 0.612591
vt 0.262553 0.626937
vt 0.266408 0.618938
vt 0.222932 0.273968
vt 0.220376 0.282773
vt 0.225433 0.284451
vt 0.230260 0.267357
vt 0.228077 0.275727
vt 0.233596 0.277306
vt 0.235460 0.268911
vt 0.241210 0.270151
vt 0.239824 0.278770
vt 0.245280 0.279837
vt 0.246179 0.270792
vt 0.250153 0.280557
vt 0.250587 0.271136
vt 0.250667 0.261926
vt 0.254284 0.261828
vt 0.238074 0.287480
vt 0.231469 0.285956
vt 0.229346 0.294829
vt 0.235986 0.296161
vt 0.227399 0.304166
vt 0.233886 0.305101
vt 0.226544 0.314072
vt 0.232376 0.314653
vt 0.226342 0.324188
vt 0.231264 0.325088
vt 0.226223 0.333830
vt 0.230587 0.334830
vt 0.226614 0.342993
vt 0.230838 0.343673
vt 0.227451 0.351657
vt 0.232426 0.351547
vt 0.235324 0.357779
vt 0.232802 0.364332
vt 0.238865 0.362287
vt 0.766175 0.853503
vt 0.762684 0.858484
vt 0.769627 0.860223
vt 0.772936 0.854621
vt 0.776388 0.848800
vt 0.783690 0.849774
vt 0.780436 0.855695
vt 0.789071 0.857522
vt 0.792186 0.851417
vt 0.801841 0.853984
vt 0.805066 0.847611
vt 0.795430 0.845064
vt 0.798696 0.838488
vt 0.808600 0.863708
vt 0.814866 0.874003
vt 0.818593 0.867996
vt 0.805159 0.869715
vt 0.801717 0.875561
vt 0.820373 0.884712
vt 0.811002 0.879844
vt 0.807043 0.885451
vt 0.815880 0.890216
vt 0.824887 0.895482
vt 0.811423 0.895321
vt 0.819773 0.900307
vt 0.828086 0.906596
vt 0.815429 0.904690
vt 0.823019 0.910765
vt 0.831726 0.917819
vt 0.044724 0.311203
vt 0.032119 0.311361
vt 0.041732 0.315390
vt 0.051008 0.321660
vt 0.038003 0.320355
vt 0.045608 0.326032
vt 0.051989 0.333199
vt 0.058243 0.329567
vt 0.051412 0.343610
vt 0.046016 0.337053
vt 0.040522 0.339900
vt 0.045187 0.346450
vt 0.049577 0.353769
vt 0.038776 0.348720
vt 0.045342 0.364786
vt 0.042017 0.356517
vt 0.034375 0.358425
vt 0.036945 0.366708
vt 0.039578 0.375178
vt 0.028880 0.367670
vt 0.030568 0.376246
vt 0.032191 0.384942
vt 0.022737 0.376178
vt 0.024191 0.384967
vt 0.025669 0.394201
vt 0.109612 0.519140
vt 0.106948 0.527051
vt 0.115358 0.527499
vt 0.118315 0.519475
vt 0.121730 0.511665
vt 0.112558 0.511727
vt 0.125558 0.519133
vt 0.129714 0.511833
vt 0.133954 0.504720
vt 0.137075 0.512825
vt 0.141636 0.505824
vt 0.145541 0.498479
vt 0.148193 0.508397
vt 0.152005 0.501142
vt 0.155148 0.493412
vt 0.159862 0.505351
vt 0.163586 0.497239
vt 0.166807 0.489016
vt 0.173117 0.500022
vt 0.176136 0.490627
vt 0.178044 0.480799
vt 0.181547 0.500239
vt 0.185266 0.479926
vt 0.290108 0.897424
vt 0.289897 0.886215
vt 0.281651 0.886392
vt 0.281925 0.897378
vt 0.281656 0.908209
vt 0.289815 0.908464
vt 0.271021 0.897087
vt 0.270942 0.907747
vt 0.270299 0.918460
vt 0.258081 0.906900
vt 0.257507 0.917305
vt 0.256477 0.927668
vt 0.244420 0.915998
vt 0.243548 0.926142
vt 0.242166 0.935986
vt 0.254691 0.937699
vt 0.239962 0.945263
vt 0.251937 0.946953
vt 0.236915 0.953667
vt 0.248686 0.955715
vt 0.259607 0.957707
vt 0.233575 0.961846
vt 0.245054 0.963847
vt 0.255654 0.965549
vt 0.230180 0.969997
vt 0.241177 0.971615
vt 0.251362 0.972864
vt 0.221454 0.959774
vt 0.218083 0.967645
vt 0.214980 0.975856
vt 0.206611 0.966579
vt 0.203654 0.974761
vt 0.200516 0.982407
vt 0.191551 0.972197
vt 0.188921 0.979967
vt 0.186203 0.987600
vt 0.177313 0.977786
vt 0.175135 0.985283
vt 0.172988 0.992092
vt 0.183467 0.994213
vt 0.163924 0.983195
vt 0.162420 0.990173
vt 0.629509 0.937374
vt 0.635463 0.928705
vt 0.627297 0.926361
vt 0.640895 0.919869
vt 0.632292 0.917938
vt 0.623232 0.915682
vt 0.618481 0.923608
vt 0.613886 0.913283
vt 0.609305 0.920712
vt 0.604066 0.910445
vt 0.599666 0.917427
vt 0.593922 0.907068
vt 0.589726 0.913700
vt 0.583644 0.903271
vt 0.579670 0.909654
vt 0.573181 0.898723
vt 0.569416 0.904915
vt 0.562856 0.893641
vt 0.559188 0.899878
vt 0.552695 0.888948
vt 0.549262 0.895099
vt 0.543003 0.884541
vt 0.539631 0.890279
vt 0.533278 0.880605
vt 0.530187 0.885950
vt 0.524131 0.876571
vt 0.521083 0.881781
vt 0.518577 0.886301
vt 0.512130 0.877711
vt 0.509525 0.882565
vt 0.506350 0.888088
vt 0.500946 0.878276
vt 0.497543 0.884018
vt 0.494374 0.889546
vt 0.488722 0.880246
vt 0.485251 0.886196
vt 0.480365 0.894981
vt 0.475908 0.883339
vt 0.470806 0.892742
vt 0.465381 0.902672
vt 0.461597 0.889971
vt 0.456154 0.899823
vt 0.451754 0.907418
vt 0.447094 0.896259
vt 0.442807 0.903733
vt 0.438893 0.911154
vt 0.433954 0.900089
vt 0.429518 0.908197
vt 0.424895 0.917560
vt 0.420338 0.904835
vt 0.415512 0.914277
vt 0.410721 0.924486
vt 0.406351 0.910563
vt 0.401307 0.920914
vt 0.396371 0.931829
vt 0.392427 0.916789
vt 0.387269 0.927665
vt 0.382017 0.938875
vt 0.378230 0.923413
vt 0.372511 0.934532
vt 0.367257 0.944791
vt 0.363709 0.929357
vt 0.357979 0.939299
vt 0.352581 0.947919
vt 0.347926 0.954884
vt 0.349165 0.933036
vt 0.343401 0.940962
vt 0.338418 0.947210
vt 0.201491 0.144241
vt 0.335544 0.932375
vt 0.330666 0.937563
vt 0.198559 0.133037
vt 0.189844 0.130038
vt 0.801998 0.565720
vt 0.810043 0.558474
vt 0.805396 0.551130
vt 0.797558 0.557593
vt 0.789245 0.563333
vt 0.793170 0.571842
vt 0.780631 0.568676
vt 0.783998 0.577314
vt 0.793177 0.549300
vt 0.785231 0.554751
vt 0.776689 0.559733
vt 0.781131 0.546116
vt 0.772997 0.551020
vt 0.764384 0.555318
vt 0.755122 0.559039
vt 0.769401 0.541581
vt 0.760753 0.545377
vt 0.751975 0.548866
vt 0.759169 0.535555
vt 0.750658 0.538559
vt 0.741695 0.540742
vt 0.750886 0.527349
vt 0.741801 0.528988
vt 0.731998 0.529791
vt 0.742423 0.516046
vt 0.732531 0.516569
vt 0.722281 0.516979
vt 0.733316 0.501839
vt 0.723174 0.502224
vt 0.712898 0.502418
vt 0.724694 0.487117
vt 0.714425 0.487002
vt 0.704006 0.486618
vt 0.715892 0.471516
vt 0.705537 0.470689
vt 0.695159 0.469660
vt 0.707057 0.456596
vt 0.696425 0.455049
vt 0.685944 0.453584
vt 0.698004 0.441960
vt 0.687262 0.440606
vt 0.676059 0.439062
vt 0.689691 0.427660
vt 0.678067 0.426485
vt 0.666027 0.425757
vt 0.680074 0.412023
vt 0.667003 0.412120
vt 0.653278 0.412410
vt 0.665305 0.397921
vt 0.651700 0.399008
vt 0.638502 0.400214
vt 0.649082 0.385421
vt 0.637136 0.387268
vt 0.625927 0.388813
vt 0.615240 0.390122
vt 0.637207 0.375418
vt 0.625948 0.376587
vt 0.615442 0.377617
vt 0.637084 0.365268
vt 0.625981 0.365309
vt 0.615525 0.365725
vt 0.636438 0.353972
vt 0.625516 0.353432
vt 0.614797 0.353678
vt 0.634988 0.340502
vt 0.623784 0.340645
vt 0.612962 0.341361
vt 0.633375 0.326406
vt 0.622149 0.327547
vt 0.611458 0.328932
vt 0.897743 0.621730
vt 0.622692 0.315283
vt 0.612588 0.317540
vt 0.886312 0.617359
vt 0.878755 0.625618
vt 0.255985 0.511294
vt 0.261224 0.499182
vt 0.250358 0.496738
vt 0.245869 0.508062
vt 0.240376 0.519054
vt 0.249870 0.522889
vt 0.233844 0.504899
vt 0.229368 0.515779
vt 0.224438 0.526803
vt 0.218286 0.513545
vt 0.214249 0.524448
vt 0.209459 0.535179
vt 0.204603 0.523170
vt 0.200839 0.533968
vt 0.196909 0.544715
vt 0.811910 0.654482
vt 0.822278 0.656492
vt 0.817639 0.647017
vt 0.806241 0.644552
vt 0.800962 0.651949
vt 0.795873 0.660009
vt 0.789851 0.648964
vt 0.785083 0.657373
vt 0.780538 0.666122
vt 0.774413 0.654872
vt 0.770283 0.663877
vt 0.766598 0.673852
vt 0.760039 0.661737
vt 0.756851 0.672358
vt 0.750288 0.660482
vt 0.747661 0.671569
vt 0.740472 0.659722
vt 0.738353 0.671434
vt 0.730813 0.659809
vt 0.729245 0.671916
vt 0.721471 0.660884
vt 0.720364 0.673246
vt 0.720368 0.685972
vt 0.728746 0.684572
vt 0.713769 0.701845
vt 0.712149 0.688350
vt 0.704035 0.691489
vt 0.706497 0.705116
vt 0.709959 0.718475
vt 0.707293 0.735230
vt 0.712834 0.731242
vt 0.703599 0.722584
vt 0.699219 0.709306
vt 0.692841 0.714068
vt 0.697692 0.727328
vt 0.692805 0.731834
vt 0.687659 0.718669
vt 0.683322 0.722868
vt 0.688175 0.735827
vt 0.691720 0.748734
vt 0.686051 0.752346
vt 0.840229 0.223591
vt 0.832248 0.232665
vt 0.836297 0.238422
vt 0.843837 0.229688
vt 0.683213 0.739517
vt 0.678520 0.742786
vt 0.680318 0.755265
vt 0.526823 0.344090
vt 0.518950 0.346082
vt 0.523836 0.353951
vt 0.532091 0.352234
vt 0.541289 0.350767
vt 0.551144 0.349890
vt 0.537157 0.360662
vt 0.545980 0.359763
vt 0.555049 0.359425
vt 0.550525 0.368882
vt 0.558940 0.368554
vt 0.566900 0.370488
vt 0.564516 0.360413
vt 0.561407 0.350264
vt 0.571975 0.362854
vt 0.569910 0.352434
vt 0.280813 0.415944
vt 0.280551 0.426173
vt 0.287271 0.425274
vt 0.288159 0.415574
vt 0.287432 0.404933
vt 0.280551 0.405389
vt 0.576380 0.354528
vt 0.579532 0.364466
vt 0.587505 0.364006
vt 0.583516 0.354152
vt 0.579530 0.343250
vt 0.135899 0.709655
vt 0.135990 0.720003
vt 0.142415 0.712331
vt 0.149022 0.704431
vt 0.149174 0.715758
vt 0.155878 0.708437
vt 0.162966 0.701302
vt 0.162336 0.714227
vt 0.169612 0.707766
vt 0.167465 0.721257
vt 0.174918 0.715697
vt 0.173273 0.726876
vt 0.180471 0.722220
vt 0.187814 0.718898
vt 0.192066 0.724475
vt 0.198152 0.722624
vt 0.194976 0.717047
vt 0.709283 0.857625
vt 0.707394 0.866020
vt 0.712008 0.869468
vt 0.714350 0.861616
vt 0.202103 0.716310
vt 0.208873 0.717165
vt 0.208397 0.708824
vt 0.208827 0.699424
vt 0.216598 0.701930
vt 0.215575 0.710635
vt 0.221975 0.712661
vt 0.222958 0.704279
vt 0.224708 0.695551
vt 0.228418 0.706635
vt 0.230285 0.697989
vt 0.232683 0.689074
vt 0.235259 0.700151
vt 0.237484 0.691135
vt 0.240111 0.681740
vt 0.212341 0.341845
vt 0.217755 0.351753
vt 0.217522 0.342241
vt 0.217497 0.332622
vt 0.222412 0.342626
vt 0.222362 0.333205
vt 0.222314 0.323468
vt 0.217285 0.322816
vt 0.221985 0.313561
vt 0.216903 0.312746
vt 0.222193 0.303365
vt 0.217026 0.302354
vt 0.223378 0.293634
vt 0.218402 0.292306
vt 0.258759 0.635727
vt 0.251823 0.642830
vt 0.248723 0.652900
vt 0.243647 0.650141
vt 0.240658 0.660166
vt 0.245690 0.662665
vt 0.232332 0.667464
vt 0.237986 0.670058
vt 0.242821 0.672254
vt 0.235108 0.657355
vt 0.223644 0.674479
vt 0.229652 0.677204
vt 0.235303 0.679765
vt 0.226301 0.664529
vt 0.212940 0.680896
vt 0.220972 0.683935
vt 0.227069 0.686534
vt 0.216111 0.671241
vt 0.204076 0.677598
vt 0.210376 0.690146
vt 0.218383 0.693023
vt 0.222857 0.351763
vt 0.233440 0.708944
vt 0.228031 0.714806
vt 0.233556 0.717383
vt 0.739518 0.867610
vt 0.732450 0.866052
vt 0.731874 0.872031
vt 0.739230 0.873988
vt 0.747439 0.874806
vt 0.737800 0.881326
vt 0.745989 0.882747
vt 0.754469 0.883554
vt 0.756499 0.868636
vt 0.747451 0.868028
vt 0.755984 0.875666
vt 0.762511 0.884445
vt 0.764150 0.876407
vt 0.764682 0.869177
vt 0.770106 0.885663
vt 0.773378 0.871165
vt 0.771900 0.877746
vt 0.779804 0.880298
vt 0.783783 0.868824
vt 0.775140 0.865926
vt 0.786245 0.863341
vt 0.777538 0.861056
vt 0.792690 0.871890
vt 0.795575 0.866163
vt 0.781783 0.874159
vt 0.798373 0.881284
vt 0.790049 0.877488
vt 0.787572 0.883372
vt 0.795359 0.886952
vt 0.803410 0.890742
vt 0.792823 0.892452
vt 0.800411 0.895745
vt 0.807854 0.899907
vt 0.016998 0.300772
vt 0.023487 0.308808
vt 0.025359 0.303508
vt 0.029656 0.316633
vt 0.034588 0.306573
vt 0.034039 0.324997
vt 0.035710 0.334075
vt 0.040499 0.330471
vt 0.026750 0.321837
vt 0.019768 0.319862
vt 0.018717 0.325485
vt 0.024445 0.326342
vt 0.804649 0.924064
vt 0.798041 0.929529
vt 0.805115 0.929637
vt 0.018991 0.331675
vt 0.020622 0.338306
vt 0.026054 0.337512
vt 0.798718 0.935239
vt 0.029017 0.343755
vt 0.022694 0.344927
vt 0.024821 0.351985
vt 0.031875 0.350625
vt 0.034899 0.342145
vt 0.031093 0.336247
vt 0.027079 0.359510
vt 0.018566 0.352215
vt 0.020389 0.359694
vt 0.021290 0.367845
vt 0.101153 0.541500
vt 0.105502 0.548208
vt 0.108708 0.541500
vt 0.112121 0.534838
vt 0.119506 0.535378
vt 0.122449 0.527481
vt 0.126654 0.535850
vt 0.129455 0.527924
vt 0.132864 0.519962
vt 0.143628 0.515128
vt 0.139405 0.521320
vt 0.146309 0.526177
vt 0.155259 0.512778
vt 0.150582 0.519710
vt 0.159449 0.524080
vt 0.164182 0.517094
vt 0.168951 0.509014
vt 0.173213 0.518186
vt 0.177496 0.509400
vt 0.287716 0.863893
vt 0.286163 0.853168
vt 0.277745 0.854033
vt 0.279479 0.864414
vt 0.280933 0.875278
vt 0.289015 0.874868
vt 0.268873 0.865313
vt 0.269904 0.875751
vt 0.270704 0.886376
vt 0.257588 0.875712
vt 0.258084 0.886032
vt 0.258253 0.896465
vt 0.245024 0.885092
vt 0.245124 0.895386
vt 0.244908 0.905710
vt 0.231519 0.893779
vt 0.231262 0.904007
vt 0.230846 0.914190
vt 0.217715 0.901897
vt 0.217269 0.912029
vt 0.216548 0.921956
vt 0.230108 0.924191
vt 0.215562 0.931746
vt 0.228873 0.933884
vt 0.213952 0.941092
vt 0.226971 0.943067
vt 0.211753 0.949642
vt 0.224520 0.951756
vt 0.209256 0.958016
vt 0.198333 0.946413
vt 0.196234 0.954986
vt 0.194007 0.963816
vt 0.183313 0.953099
vt 0.181449 0.961639
vt 0.179459 0.969923
vt 0.168538 0.959238
vt 0.167082 0.967712
vt 0.165516 0.975738
vt 0.154566 0.965602
vt 0.153622 0.973698
vt 0.152682 0.981313
vt 0.141739 0.971501
vt 0.141402 0.979285
vt 0.141148 0.986479
vt 0.151830 0.988470
vt 0.645546 0.910437
vt 0.653413 0.911026
vt 0.657337 0.900474
vt 0.649510 0.900508
vt 0.640738 0.899783
vt 0.636765 0.909065
vt 0.631580 0.898745
vt 0.627649 0.907455
vt 0.621975 0.897409
vt 0.618132 0.905522
vt 0.611961 0.895748
vt 0.608200 0.903207
vt 0.601502 0.893499
vt 0.597902 0.900328
vt 0.590747 0.890558
vt 0.587402 0.896911
vt 0.579833 0.886903
vt 0.576753 0.892879
vt 0.568970 0.882655
vt 0.566044 0.888189
vt 0.558540 0.877946
vt 0.555751 0.883461
vt 0.548584 0.873327
vt 0.546064 0.878697
vt 0.539140 0.869095
vt 0.536240 0.874920
vt 0.530206 0.865442
vt 0.527500 0.870668
vt 0.521518 0.861402
vt 0.518769 0.866604
vt 0.515405 0.872110
vt 0.510842 0.861796
vt 0.507328 0.867455
vt 0.503929 0.873073
vt 0.499492 0.862187
vt 0.495882 0.868238
vt 0.492418 0.874099
vt 0.487987 0.863334
vt 0.484032 0.869748
vt 0.479959 0.876613
vt 0.475846 0.865354
vt 0.471276 0.872969
vt 0.466741 0.880767
vt 0.462909 0.869063
vt 0.457979 0.877414
vt 0.452510 0.886820
vt 0.449534 0.873392
vt 0.444049 0.882646
vt 0.438542 0.892008
vt 0.435730 0.878323
vt 0.430147 0.887631
vt 0.425180 0.896192
vt 0.421857 0.883257
vt 0.416557 0.892098
vt 0.411377 0.900990
vt 0.408011 0.887730
vt 0.402667 0.896761
vt 0.397508 0.906459
vt 0.394072 0.892380
vt 0.388891 0.902127
vt 0.383704 0.912439
vt 0.380674 0.897395
vt 0.375664 0.907539
vt 0.369885 0.918513
vt 0.367624 0.902421
vt 0.361750 0.913329
vt 0.355391 0.923731
vt 0.354555 0.907798
vt 0.348128 0.917640
vt 0.341438 0.925836
vt 0.341447 0.910840
vt 0.335250 0.917346
vt 0.329780 0.922439
vt 0.812795 0.544179
vt 0.817460 0.550473
vt 0.819281 0.536195
vt 0.814778 0.530018
vt 0.808111 0.537030
vt 0.800821 0.543388
vt 0.804017 0.529824
vt 0.796570 0.535510
vt 0.788714 0.540782
vt 0.793377 0.528076
vt 0.785426 0.532736
vt 0.777499 0.537219
vt 0.782897 0.524663
vt 0.775296 0.528570
vt 0.767341 0.532170
vt 0.245389 0.187474
vt 0.243094 0.196826
vt 0.251733 0.194331
vt 0.254637 0.184965
vt 0.257255 0.175761
vt 0.247548 0.177958
vt 0.259461 0.166466
vt 0.249236 0.168274
vt 0.264234 0.184597
vt 0.266952 0.175486
vt 0.758933 0.525018
vt 0.760444 0.513477
vt 0.751576 0.514615
vt 0.761983 0.500141
vt 0.752669 0.500587
vt 0.743105 0.501257
vt 0.754804 0.486493
vt 0.745049 0.486828
vt 0.734943 0.487042
vt 0.746834 0.472471
vt 0.736679 0.472405
vt 0.726299 0.472039
vt 0.738812 0.458870
vt 0.728313 0.458578
vt 0.717727 0.457960
vt 0.730268 0.444909
vt 0.719731 0.444556
vt 0.708926 0.443661
vt 0.722461 0.430644
vt 0.711850 0.429993
vt 0.700962 0.428898
vt 0.714116 0.414082
vt 0.703007 0.413007
vt 0.691737 0.412327
vt 0.702686 0.396246
vt 0.690904 0.396359
vt 0.678728 0.397029
vt 0.688026 0.383757
vt 0.674781 0.384042
vt 0.661626 0.384456
vt 0.673555 0.375065
vt 0.660930 0.374768
vt 0.648701 0.374319
vt 0.649001 0.366226
vt 0.661196 0.367156
vt 0.661026 0.356895
vt 0.648567 0.355759
vt 0.659506 0.341643
vt 0.646788 0.341024
vt 0.657416 0.324812
vt 0.645003 0.325396
vt 0.655851 0.309139
vt 0.644360 0.311173
vt 0.633319 0.313245
vt 0.267332 0.473960
vt 0.268811 0.461314
vt 0.257567 0.460863
vt 0.256132 0.472927
vt 0.253846 0.484973
vt 0.264796 0.486597
vt 0.242422 0.471719
vt 0.240541 0.482999
vt 0.237754 0.494016
vt 0.226836 0.481294
vt 0.224854 0.492048
vt 0.221935 0.502747
vt 0.212444 0.490848
vt 0.210576 0.501488
vt 0.207623 0.512207
vt 0.829130 0.633157
vt 0.834438 0.626430
vt 0.821972 0.623148
vt 0.816919 0.630081
vt 0.811637 0.636922
vt 0.823422 0.639759
vt 0.804926 0.625757
vt 0.799884 0.633301
vt 0.794807 0.641182
vt 0.788380 0.629217
vt 0.783603 0.637436
vt 0.778890 0.645981
vt 0.772660 0.634136
vt 0.768141 0.642905
vt 0.763906 0.652118
vt 0.757719 0.640263
vt 0.753740 0.650073
vt 0.747240 0.638566
vt 0.743506 0.648929
vt 0.737047 0.638124
vt 0.733549 0.648673
vt 0.727497 0.638547
vt 0.723941 0.649300
vt 0.421686 0.331533
vt 0.410578 0.339026
vt 0.417663 0.342981
vt 0.429051 0.335228
vt 0.714950 0.651292
vt 0.712584 0.663202
vt 0.440081 0.328215
vt 0.436541 0.339378
vt 0.447728 0.331780
vt 0.704244 0.666214
vt 0.703469 0.678669
vt 0.711706 0.675524
vt 0.696213 0.695349
vt 0.695472 0.682163
vt 0.688021 0.686183
vt 0.689070 0.699982
vt 0.490286 0.330149
vt 0.480886 0.336149
vt 0.487679 0.341739
vt 0.496094 0.336616
vt 0.683317 0.704721
vt 0.678691 0.709344
vt 0.501390 0.343597
vt 0.493587 0.348315
vt 0.498676 0.355496
vt 0.506106 0.351027
vt 0.824448 0.242951
vt 0.828867 0.247959
vt 0.840679 0.244318
vt 0.847045 0.235996
vt 0.833435 0.253305
vt 0.837612 0.258875
vt 0.843993 0.250428
vt 0.286820 0.516825
vt 0.281171 0.519081
vt 0.280408 0.530456
vt 0.286820 0.529019
vt 0.529027 0.362102
vt 0.521791 0.364051
vt 0.527018 0.372230
vt 0.534185 0.370660
vt 0.542242 0.369461
vt 0.539859 0.379278
vt 0.547468 0.378622
vt 0.555414 0.378238
vt 0.560187 0.388074
vt 0.566514 0.388870
vt 0.562590 0.378467
vt 0.088854 0.725867
vt 0.080112 0.732043
vt 0.086110 0.737292
vt 0.094222 0.730946
vt 0.102877 0.724558
vt 0.097977 0.719799
vt 0.111046 0.718222
vt 0.106364 0.713756
vt 0.573908 0.372992
vt 0.575626 0.383405
vt 0.583429 0.384660
vt 0.581928 0.374327
vt 0.108522 0.728237
vt 0.100579 0.735022
vt 0.107646 0.739141
vt 0.114860 0.731141
vt 0.589573 0.374566
vt 0.114396 0.742528
vt 0.128881 0.726806
vt 0.121617 0.734491
vt 0.128231 0.737766
vt 0.135601 0.730239
vt 0.142658 0.723006
vt 0.155426 0.720889
vt 0.148949 0.727249
vt 0.154276 0.733217
vt 0.160567 0.727254
vt 0.160295 0.737866
vt 0.166679 0.732063
vt 0.826079 0.268966
vt 0.820504 0.272689
vt 0.823679 0.280020
vt 0.834911 0.274371
vt 0.831740 0.266039
vt 0.179135 0.730531
vt 0.829258 0.276726
vt 0.830977 0.283900
vt 0.836925 0.282682
vt 0.841500 0.282898
vt 0.826940 0.463284
vt 0.834089 0.467333
vt 0.835999 0.462971
vt 0.828226 0.458049
vt 0.837385 0.459404
vt 0.829624 0.453894
vt 0.822529 0.448795
vt 0.821182 0.453493
vt 0.700229 0.871468
vt 0.696005 0.880413
vt 0.700077 0.883497
vt 0.703985 0.874735
vt 0.704986 0.886586
vt 0.708833 0.877947
vt 0.710472 0.889769
vt 0.717481 0.872764
vt 0.714176 0.881019
vt 0.720499 0.884215
vt 0.723437 0.876147
vt 0.725517 0.868951
vt 0.719733 0.865478
vt 0.221851 0.720549
vt 0.215435 0.718709
vt 0.730221 0.879124
vt 0.727655 0.887160
vt 0.735434 0.889608
vt 0.724610 0.895887
vt 0.732672 0.898195
vt 0.740847 0.900040
vt 0.743491 0.891514
vt 0.749110 0.901115
vt 0.751818 0.892233
vt 0.757300 0.901521
vt 0.760065 0.892602
vt 0.765354 0.901588
vt 0.767909 0.893333
vt 0.773186 0.901761
vt 0.777695 0.887245
vt 0.775538 0.894303
vt 0.783076 0.895882
vt 0.785369 0.889450
vt 0.790512 0.898093
vt 0.780828 0.902568
vt 0.788490 0.903526
vt 0.001113 0.302848
vt 0.007263 0.311096
vt 0.008098 0.304727
vt 0.007076 0.317258
vt 0.013260 0.318528
vt 0.014288 0.312476
vt 0.015627 0.306594
vt 0.793684 0.911149
vt 0.786260 0.910269
vt 0.784437 0.916963
vt 0.791853 0.917325
vt 0.783336 0.923706
vt 0.790916 0.923404
vt 0.798064 0.923530
vt 0.798990 0.917944
vt 0.782774 0.930437
vt 0.790546 0.930043
vt 0.279052 0.391493
vt 0.273195 0.390412
vt 0.273195 0.398276
vt 0.012897 0.351820
vt 0.281823 0.435965
vt 0.288159 0.443455
vt 0.287422 0.435078
vt 0.112648 0.548187
vt 0.123919 0.542807
vt 0.131049 0.542825
vt 0.133058 0.535662
vt 0.116411 0.542298
vt 0.775300 0.961993
vt 0.773967 0.972835
vt 0.779732 0.968270
vt 0.768893 0.965986
vt 0.759049 0.970066
vt 0.763633 0.976326
vt 0.766798 0.982880
vt 0.776875 0.979563
vt 0.142338 0.532526
vt 0.135689 0.528771
vt 0.752253 0.978931
vt 0.756093 0.985757
vt 0.759239 0.992666
vt 0.769427 0.989649
vt 0.155099 0.531018
vt 0.283769 0.843180
vt 0.280376 0.834273
vt 0.272069 0.835467
vt 0.274986 0.844545
vt 0.762021 0.999388
vt 0.771822 0.996699
vt 0.262647 0.836407
vt 0.265079 0.845808
vt 0.267261 0.855339
vt 0.253940 0.846162
vt 0.255469 0.855839
vt 0.256703 0.865668
vt 0.242921 0.855294
vt 0.243881 0.864992
vt 0.244581 0.874932
vt 0.230721 0.863472
vt 0.231372 0.873378
vt 0.231591 0.883544
vt 0.217655 0.871349
vt 0.217903 0.881487
vt 0.217912 0.891710
vt 0.204360 0.879035
vt 0.204340 0.889260
vt 0.203903 0.899344
vt 0.190700 0.886514
vt 0.190059 0.896526
vt 0.189318 0.906476
vt 0.203285 0.909350
vt 0.188516 0.916379
vt 0.202497 0.919194
vt 0.187592 0.926136
vt 0.201532 0.928803
vt 0.186409 0.935438
vt 0.200146 0.937856
vt 0.184946 0.944360
vt 0.172417 0.932640
vt 0.171237 0.941555
vt 0.169966 0.950404
vt 0.157542 0.938943
vt 0.156576 0.948124
vt 0.155575 0.957086
vt 0.143199 0.945635
vt 0.142529 0.954838
vt 0.142051 0.963407
vt 0.129951 0.951805
vt 0.129862 0.960592
vt 0.130074 0.968749
vt 0.118202 0.957181
vt 0.118702 0.965565
vt 0.119336 0.973515
vt 0.130169 0.976815
vt 0.659829 0.889255
vt 0.666912 0.888230
vt 0.667212 0.876143
vt 0.660088 0.877566
vt 0.652785 0.878611
vt 0.652163 0.889802
vt 0.644702 0.879290
vt 0.643781 0.889855
vt 0.636001 0.879604
vt 0.634675 0.889464
vt 0.626697 0.879689
vt 0.625006 0.888800
vt 0.617003 0.879555
vt 0.614986 0.887861
vt 0.606649 0.878971
vt 0.604355 0.886307
vt 0.596007 0.877812
vt 0.593596 0.884194
vt 0.585006 0.875838
vt 0.582523 0.881224
vt 0.573728 0.872761
vt 0.571520 0.877436
vt 0.562766 0.868728
vt 0.560882 0.872957
vt 0.552761 0.864223
vt 0.550945 0.868472
vt 0.543729 0.859877
vt 0.541595 0.864278
vt 0.535425 0.855435
vt 0.532838 0.860341
vt 0.527784 0.850440
vt 0.524817 0.855694
vt 0.520543 0.844960
vt 0.517231 0.850588
vt 0.513819 0.856378
vt 0.510063 0.844834
vt 0.506401 0.850838
vt 0.503210 0.856369
vt 0.499750 0.844100
vt 0.495962 0.850144
vt 0.491985 0.856790
vt 0.488690 0.844331
vt 0.484548 0.851203
vt 0.480203 0.858332
vt 0.476999 0.845681
vt 0.472346 0.853404
vt 0.467736 0.861067
vt 0.464412 0.848435
vt 0.459642 0.856459
vt 0.454753 0.864714
vt 0.451644 0.851801
vt 0.446615 0.860272
vt 0.441259 0.869155
vt 0.438409 0.855879
vt 0.433022 0.864894
vt 0.427454 0.874045
vt 0.424912 0.860423
vt 0.419359 0.869499
vt 0.413649 0.878735
vt 0.411295 0.864984
vt 0.405463 0.874205
vt 0.399589 0.883203
vt 0.397395 0.869558
vt 0.391396 0.878570
vt 0.385776 0.887814
vt 0.383420 0.873728
vt 0.378104 0.882687
vt 0.372805 0.892153
vt 0.370464 0.877216
vt 0.365400 0.886596
vt 0.360362 0.896952
vt 0.358240 0.880973
vt 0.353687 0.891247
vt 0.348110 0.901869
vt 0.347551 0.885320
vt 0.342000 0.895372
vt 0.335809 0.902924
vt 0.330110 0.907822
vt 0.336874 0.887698
vt 0.331445 0.893773
vt 0.325756 0.898101
vt 0.810444 0.523324
vt 0.327179 0.884994
vt 0.321771 0.888875
vt 0.806673 0.516856
vt 0.800378 0.522759
vt 0.316606 0.891908
vt 0.317529 0.880470
vt 0.797697 0.516027
vt 0.790271 0.520321
vt 0.795689 0.509265
vt 0.788665 0.512786
vt 0.781778 0.516430
vt 0.774597 0.519482
vt 0.248742 0.203038
vt 0.245603 0.211542
vt 0.253615 0.209924
vt 0.257470 0.201714
vt 0.260833 0.193312
vt 0.265300 0.203373
vt 0.269328 0.194800
vt 0.775363 0.509482
vt 0.778246 0.498318
vt 0.770545 0.499406
vt 0.768215 0.511695
vt 0.781132 0.485717
vt 0.773253 0.486085
vt 0.764327 0.486271
vt 0.775150 0.472332
vt 0.765938 0.472135
vt 0.756439 0.472199
vt 0.768146 0.458845
vt 0.758956 0.458878
vt 0.749096 0.458949
vt 0.760935 0.444955
vt 0.750996 0.445020
vt 0.740703 0.444991
vt 0.753152 0.430887
vt 0.742698 0.430626
vt 0.732528 0.430651
vt 0.744397 0.416771
vt 0.734531 0.416103
vt 0.724746 0.415206
vt 0.735286 0.401067
vt 0.725254 0.398538
vt 0.714143 0.397142
vt 0.723566 0.382891
vt 0.712810 0.382848
vt 0.700813 0.383142
vt 0.686584 0.375498
vt 0.699307 0.375540
vt 0.698380 0.368487
vt 0.685758 0.367767
vt 0.673214 0.367436
vt 0.685055 0.357121
vt 0.672967 0.357241
vt 0.683711 0.341787
vt 0.671721 0.341911
vt 0.682065 0.324524
vt 0.669768 0.324600
vt 0.680821 0.307934
vt 0.668290 0.308187
vt 0.680438 0.294396
vt 0.668383 0.295038
vt 0.656647 0.297052
vt 0.257986 0.448590
vt 0.269328 0.448604
vt 0.256727 0.436352
vt 0.242438 0.437276
vt 0.243621 0.448799
vt 0.243227 0.460293
vt 0.228934 0.448708
vt 0.228868 0.459614
vt 0.228248 0.470522
vt 0.216121 0.458658
vt 0.215312 0.469374
vt 0.214286 0.480127
vt 0.638547 0.281577
vt 0.647805 0.279092
vt 0.648982 0.267509
vt 0.639507 0.270136
vt 0.630160 0.272861
vt 0.629749 0.284426
vt 0.621158 0.275875
vt 0.620947 0.286971
vt 0.638748 0.257545
vt 0.629401 0.260750
vt 0.620357 0.264289
vt 0.809767 0.618703
vt 0.628123 0.248508
vt 0.618529 0.252344
vt 0.609553 0.256732
vt 0.611647 0.268044
vt 0.793294 0.620802
vt 0.797705 0.613373
vt 0.785883 0.608265
vt 0.781862 0.616421
vt 0.777352 0.625309
vt 0.771490 0.612588
vt 0.766893 0.621401
vt 0.762155 0.630724
vt 0.756125 0.619182
vt 0.751461 0.628678
vt 0.745382 0.617438
vt 0.741007 0.627510
vt 0.735225 0.617584
vt 0.731348 0.627699
vt 0.399225 0.346252
vt 0.388300 0.354105
vt 0.395066 0.357508
vt 0.406163 0.350420
vt 0.402849 0.363053
vt 0.413533 0.354843
vt 0.424975 0.347247
vt 0.421008 0.360127
vt 0.432301 0.351682
vt 0.443949 0.343530
vt 0.439566 0.356275
vt 0.451320 0.347642
vt 0.462791 0.339239
vt 0.455289 0.335391
vt 0.473556 0.331410
vt 0.465871 0.327444
vt 0.470269 0.343602
vt 0.458759 0.352296
vt 0.466209 0.357222
vt 0.477622 0.348659
vt 0.484378 0.354520
vt 0.473550 0.362588
vt 0.480550 0.368295
vt 0.490247 0.361137
vt 0.487185 0.374629
vt 0.495400 0.368206
vt 0.493339 0.381568
vt 0.500973 0.375558
vt 0.508433 0.370482
vt 0.503384 0.362836
vt 0.515541 0.366593
vt 0.510614 0.358793
vt 0.506380 0.383149
vt 0.514075 0.377997
vt 0.520444 0.374597
vt 0.841606 0.264815
vt 0.847045 0.257147
vt 0.519478 0.386101
vt 0.525916 0.382883
vt 0.532473 0.380754
vt 0.532082 0.391532
vt 0.538773 0.389746
vt 0.545789 0.388605
vt 0.545876 0.399509
vt 0.552367 0.398832
vt 0.559631 0.398754
vt 0.559614 0.409558
vt 0.565655 0.409856
vt 0.571249 0.409819
vt 0.063800 0.731498
vt 0.060981 0.742263
vt 0.067699 0.734078
vt 0.565935 0.398839
vt 0.570641 0.399665
vt 0.066201 0.746243
vt 0.072854 0.738902
vt 0.072073 0.750110
vt 0.078801 0.743181
vt 0.078532 0.754149
vt 0.085478 0.747465
vt 0.092794 0.741263
vt 0.585502 0.394532
vt 0.577680 0.393540
vt 0.092589 0.751764
vt 0.100051 0.745563
vt 0.099813 0.756440
vt 0.106989 0.749480
vt 0.107025 0.760615
vt 0.120784 0.745653
vt 0.113728 0.752974
vt 0.120667 0.757181
vt 0.127390 0.749803
vt 0.134593 0.742052
vt 0.134126 0.752797
vt 0.140938 0.746125
vt 0.147797 0.739273
vt 0.141949 0.734313
vt 0.154063 0.744032
vt 0.147891 0.750733
vt 0.155234 0.753392
vt 0.160627 0.747257
vt 0.165953 0.740843
vt 0.829182 0.486763
vt 0.827219 0.477740
vt 0.822207 0.475727
vt 0.825758 0.287172
vt 0.821043 0.291601
vt 0.824275 0.299267
vt 0.828039 0.293997
vt 0.832274 0.290476
vt 0.837726 0.495319
vt 0.832058 0.495597
vt 0.834310 0.504965
vt 0.840926 0.504049
vt 0.820504 0.304524
vt 0.825437 0.312773
vt 0.829016 0.306894
vt 0.831736 0.300856
vt 0.843010 0.493985
vt 0.846702 0.502705
vt 0.853466 0.500834
vt 0.849461 0.491384
vt 0.844228 0.483340
vt 0.838984 0.486737
vt 0.848343 0.479886
vt 0.841406 0.472727
vt 0.838390 0.477164
vt 0.854415 0.488714
vt 0.857985 0.486290
vt 0.851410 0.476718
vt 0.843763 0.469020
vt 0.688799 0.886925
vt 0.686958 0.899513
vt 0.691605 0.889832
vt 0.691388 0.902310
vt 0.695860 0.892762
vt 0.696734 0.904973
vt 0.700671 0.895583
vt 0.703412 0.908183
vt 0.706641 0.898792
vt 0.710820 0.911475
vt 0.713795 0.902123
vt 0.717127 0.893002
vt 0.721401 0.904919
vt 0.718536 0.914018
vt 0.726794 0.916007
vt 0.729565 0.907168
vt 0.735269 0.917730
vt 0.737912 0.908984
vt 0.744013 0.918632
vt 0.746456 0.909768
vt 0.752729 0.918582
vt 0.754814 0.910193
vt 0.761096 0.917364
vt 0.763042 0.909515
vt 0.769144 0.916559
vt 0.770980 0.909318
vt 0.776862 0.916735
vt 0.778604 0.909845
vt 0.767793 0.924200
vt 0.775623 0.923960
vt 0.767032 0.931635
vt 0.774994 0.930770
vt 0.766987 0.938857
vt 0.110060 0.560518
vt 0.122408 0.555698
vt 0.115185 0.554010
vt 0.108088 0.553740
vt 0.103471 0.560066
vt 0.134240 0.552017
vt 0.127456 0.549510
vt 0.276856 0.452589
vt 0.282313 0.444552
vt 0.275739 0.444466
vt 0.129405 0.558301
vt 0.136941 0.561309
vt 0.142371 0.555244
vt 0.146667 0.549094
vt 0.137923 0.545281
vt 0.754840 0.963849
vt 0.752426 0.957122
vt 0.742342 0.958875
vt 0.744360 0.966382
vt 0.748069 0.972936
vt 0.764144 0.960105
vt 0.734896 0.966634
vt 0.738172 0.973920
vt 0.742118 0.980279
vt 0.269046 0.826270
vt 0.265738 0.816817
vt 0.257119 0.817289
vt 0.259931 0.826985
vt 0.276339 0.825670
vt 0.247190 0.817827
vt 0.249587 0.827265
vt 0.251773 0.836804
vt 0.238243 0.827096
vt 0.240079 0.836340
vt 0.241605 0.845709
vt 0.227360 0.835207
vt 0.228692 0.844328
vt 0.229828 0.853815
vt 0.215419 0.842098
vt 0.216353 0.851650
vt 0.217156 0.861386
vt 0.203150 0.848707
vt 0.203772 0.858671
vt 0.204120 0.868840
vt 0.190854 0.855634
vt 0.190934 0.866020
vt 0.190927 0.876288
vt 0.178164 0.863121
vt 0.177725 0.873372
vt 0.177123 0.883573
vt 0.164525 0.870368
vt 0.163508 0.880540
vt 0.162456 0.890578
vt 0.176289 0.893636
vt 0.161437 0.900595
vt 0.175411 0.903599
vt 0.160413 0.910524
vt 0.174493 0.913501
vt 0.159408 0.920402
vt 0.173507 0.923285
vt 0.158452 0.929931
vt 0.145497 0.917199
vt 0.144634 0.926911
vt 0.143908 0.936275
vt 0.131178 0.923528
vt 0.130628 0.933160
vt 0.130275 0.942565
vt 0.118015 0.929673
vt 0.117918 0.939209
vt 0.117879 0.948453
vt 0.107342 0.934636
vt 0.107218 0.943976
vt 0.107628 0.952901
vt 0.098142 0.938985
vt 0.098784 0.947798
vt 0.673687 0.874390
vt 0.671824 0.862257
vt 0.665556 0.864258
vt 0.108531 0.961213
vt 0.668983 0.850619
vt 0.663154 0.852758
vt 0.656296 0.854846
vt 0.658492 0.866066
vt 0.649001 0.856711
vt 0.651207 0.867559
vt 0.641649 0.858308
vt 0.643589 0.868733
vt 0.634080 0.859808
vt 0.635562 0.869626
vt 0.626065 0.861139
vt 0.626986 0.870355
vt 0.617582 0.862345
vt 0.617802 0.870944
vt 0.608592 0.863529
vt 0.608084 0.871356
vt 0.598890 0.864715
vt 0.597923 0.871431
vt 0.588505 0.865057
vt 0.587044 0.870594
vt 0.577419 0.863916
vt 0.575673 0.868479
vt 0.565996 0.860840
vt 0.554248 0.860385
vt 0.547152 0.851710
vt 0.545322 0.855905
vt 0.539819 0.846445
vt 0.537644 0.850934
vt 0.532854 0.840893
vt 0.530076 0.845951
vt 0.526239 0.834979
vt 0.523195 0.840166
vt 0.519560 0.828883
vt 0.516243 0.834046
vt 0.513537 0.838942
vt 0.509633 0.827695
vt 0.506597 0.832719
vt 0.503272 0.838148
vt 0.499471 0.826535
vt 0.496587 0.831275
vt 0.492811 0.837463
vt 0.489195 0.825326
vt 0.485634 0.831373
vt 0.481462 0.838251
vt 0.478280 0.825694
vt 0.473825 0.832700
vt 0.469281 0.840363
vt 0.466406 0.827230
vt 0.461284 0.835039
vt 0.456494 0.843477
vt 0.453712 0.829958
vt 0.448556 0.838411
vt 0.443519 0.847080
vt 0.440686 0.833401
vt 0.435587 0.842330
vt 0.430435 0.851295
vt 0.427926 0.837563
vt 0.422563 0.846689
vt 0.416971 0.855836
vt 0.414808 0.842021
vt 0.409088 0.851260
vt 0.403323 0.860378
vt 0.401122 0.846597
vt 0.395329 0.855646
vt 0.389405 0.864730
vt 0.387253 0.850723
vt 0.381393 0.859735
vt 0.375582 0.868601
vt 0.373328 0.854667
vt 0.367813 0.863119
vt 0.362879 0.871620
vt 0.359763 0.857636
vt 0.355231 0.866121
vt 0.351357 0.875272
vt 0.347611 0.860574
vt 0.344683 0.869585
vt 0.341689 0.879235
vt 0.338040 0.863909
vt 0.335661 0.872783
vt 0.332514 0.879946
vt 0.329985 0.866125
vt 0.327473 0.872499
vt 0.323133 0.877184
vt 0.322440 0.866020
vt 0.319055 0.870481
vt 0.314423 0.872711
vt 0.324172 0.859806
vt 0.331311 0.858022
vt 0.325037 0.851960
vt 0.270685 0.511126
vt 0.276386 0.511938
vt 0.276064 0.502026
vt 0.270552 0.501671
vt 0.318007 0.854088
vt 0.317195 0.860694
vt 0.310796 0.857429
vt 0.318533 0.846303
vt 0.311695 0.841366
vt 0.310967 0.849808
vt 0.304534 0.836982
vt 0.304283 0.846111
vt 0.275630 0.492023
vt 0.282686 0.502596
vt 0.282219 0.492315
vt 0.281690 0.481887
vt 0.275127 0.481887
vt 0.304764 0.827726
vt 0.298500 0.822463
vt 0.297545 0.832721
vt 0.311936 0.832671
vt 0.313209 0.823377
vt 0.306112 0.817912
vt 0.810025 0.465569
vt 0.814135 0.455158
vt 0.806293 0.453117
vt 0.803395 0.464179
vt 0.797610 0.450781
vt 0.795151 0.462232
vt 0.816894 0.444275
vt 0.808477 0.442061
vt 0.799473 0.439505
vt 0.790268 0.436777
vt 0.788501 0.448434
vt 0.810134 0.431264
vt 0.800894 0.428679
vt 0.791949 0.425934
vt 0.783184 0.423127
vt 0.781527 0.434278
vt 0.801513 0.418377
vt 0.792659 0.415940
vt 0.783576 0.413579
vt 0.773886 0.411361
vt 0.773989 0.420575
vt 0.792747 0.406293
vt 0.783942 0.404358
vt 0.775074 0.402859
vt 0.765756 0.400412
vt 0.764061 0.408985
vt 0.784036 0.394176
vt 0.775042 0.392210
vt 0.765822 0.389148
vt 0.755339 0.384560
vt 0.756161 0.396299
vt 0.774513 0.380304
vt 0.765051 0.377468
vt 0.754687 0.374451
vt 0.744375 0.379871
vt 0.764825 0.365763
vt 0.754924 0.364242
vt 0.744085 0.362982
vt 0.754009 0.350059
vt 0.742864 0.348074
vt 0.731286 0.346414
vt 0.732359 0.361315
vt 0.719289 0.344936
vt 0.720282 0.359869
vt 0.740522 0.328705
vt 0.729512 0.326633
vt 0.718038 0.325872
vt 0.706388 0.325173
vt 0.707594 0.343894
vt 0.728034 0.307147
vt 0.716929 0.306692
vt 0.705460 0.307145
vt 0.693341 0.307645
vt 0.694344 0.324742
vt 0.715850 0.290688
vt 0.704171 0.292349
vt 0.692402 0.293659
vt 0.249821 0.413919
vt 0.244942 0.403334
vt 0.230657 0.405940
vt 0.234957 0.416549
vt 0.239126 0.426710
vt 0.253824 0.424881
vt 0.220349 0.417702
vt 0.224299 0.427800
vt 0.227583 0.438015
vt 0.211671 0.428076
vt 0.214815 0.437938
vt 0.216276 0.448162
vt 0.666311 0.273611
vt 0.676338 0.272130
vt 0.678156 0.261945
vt 0.667705 0.262581
vt 0.658139 0.264705
vt 0.657012 0.276268
vt 0.668552 0.250490
vt 0.658233 0.252190
vt 0.648201 0.254616
vt 0.658479 0.240001
vt 0.647847 0.242188
vt 0.637802 0.245079
vt 0.646622 0.229587
vt 0.636500 0.232831
vt 0.626291 0.236411
vt 0.616480 0.240775
vt 0.635896 0.223867
vt 0.625262 0.227193
vt 0.614656 0.231017
vt 0.775710 0.604115
vt 0.282686 0.466098
vt 0.275739 0.455074
vt 0.275793 0.467682
vt 0.275739 0.480663
vt 0.282066 0.478497
vt 0.761086 0.610815
vt 0.604452 0.228077
vt 0.614900 0.224276
vt 0.612888 0.215309
vt 0.602320 0.219066
vt 0.750136 0.608282
vt 0.370596 0.357989
vt 0.359935 0.366114
vt 0.368403 0.371606
vt 0.378162 0.362775
vt 0.381448 0.350225
vt 0.374800 0.375004
vt 0.384469 0.365722
vt 0.381717 0.379349
vt 0.392160 0.371209
vt 0.389507 0.384457
vt 0.399860 0.375549
vt 0.410188 0.367579
vt 0.407153 0.381097
vt 0.428100 0.364641
vt 0.417100 0.372324
vt 0.425056 0.377979
vt 0.435681 0.369714
vt 0.447022 0.361057
vt 0.443606 0.375009
vt 0.454655 0.366195
vt 0.451721 0.380321
vt 0.462400 0.371426
vt 0.460010 0.385841
vt 0.470130 0.376880
vt 0.468202 0.391438
vt 0.477617 0.382592
vt 0.476450 0.397204
vt 0.484649 0.388918
vt 0.484483 0.403507
vt 0.491935 0.395749
vt 0.499654 0.388794
vt 0.499182 0.402770
vt 0.506320 0.395975
vt 0.513141 0.390386
vt 0.513468 0.403450
vt 0.519783 0.398059
vt 0.526081 0.393933
vt 0.527212 0.405950
vt 0.533376 0.402964
vt 0.539487 0.400967
vt 0.541219 0.412360
vt 0.547533 0.410613
vt 0.553469 0.409814
vt 0.554344 0.421438
vt 0.559851 0.420896
vt 0.565167 0.420974
vt 0.568469 0.432380
vt 0.572862 0.432439
vt 0.570265 0.421001
vt 0.050203 0.747661
vt 0.043288 0.756395
vt 0.047688 0.759240
vt 0.054323 0.750689
vt 0.059381 0.753748
vt 0.053063 0.762494
vt 0.058993 0.765943
vt 0.065269 0.757421
vt 0.065704 0.769973
vt 0.071829 0.761578
vt 0.073062 0.774375
vt 0.079112 0.766207
vt 0.085606 0.758585
vt 0.087033 0.771578
vt 0.093188 0.763901
vt 0.095164 0.776475
vt 0.100872 0.768328
vt 0.103955 0.781283
vt 0.109052 0.773027
vt 0.114696 0.765188
vt 0.117401 0.776702
vt 0.122649 0.768724
vt 0.128050 0.760450
vt 0.130814 0.771243
vt 0.136005 0.763316
vt 0.141755 0.756871
vt 0.144309 0.766028
vt 0.149675 0.759276
vt 0.829314 0.515120
vt 0.830471 0.525180
vt 0.837300 0.524838
vt 0.835775 0.514782
vt 0.844883 0.523964
vt 0.843313 0.513670
vt 0.851574 0.522937
vt 0.849675 0.512375
vt 0.857384 0.522102
vt 0.855936 0.511184
vt 0.188225 0.761973
vt 0.183552 0.770208
vt 0.191193 0.772888
vt 0.194980 0.763613
vt 0.198107 0.754337
vt 0.192229 0.754001
vt 0.862114 0.497476
vt 0.859008 0.499160
vt 0.205409 0.747096
vt 0.203588 0.756568
vt 0.209194 0.759432
vt 0.210091 0.749912
vt 0.682324 0.908637
vt 0.687396 0.911280
vt 0.693909 0.914090
vt 0.691646 0.922846
vt 0.698857 0.926828
vt 0.701031 0.917344
vt 0.708366 0.920734
vt 0.705924 0.930325
vt 0.713746 0.932606
vt 0.715814 0.923314
vt 0.722468 0.934071
vt 0.724219 0.925256
vt 0.731708 0.935176
vt 0.733100 0.926678
vt 0.741218 0.935768
vt 0.742181 0.927556
vt 0.750401 0.934541
vt 0.751218 0.926871
vt 0.758893 0.932879
vt 0.759673 0.925226
vt 0.750433 0.942193
vt 0.759034 0.940616
vt 0.740943 0.943335
vt 0.741332 0.950957
vt 0.751234 0.950067
vt 0.759920 0.947663
vt 0.731231 0.943043
vt 0.731509 0.951072
vt 0.732669 0.959018
vt 0.722348 0.950282
vt 0.723580 0.958233
vt 0.259373 0.797731
vt 0.251367 0.798026
vt 0.254207 0.807551
vt 0.262313 0.807191
vt 0.242499 0.799077
vt 0.244889 0.808332
vt 0.232896 0.799875
vt 0.234474 0.808830
vt 0.236419 0.817724
vt 0.223057 0.807823
vt 0.224534 0.816809
vt 0.225984 0.825982
vt 0.212561 0.813929
vt 0.213443 0.823381
vt 0.214367 0.832748
vt 0.201296 0.819501
vt 0.201699 0.829140
vt 0.202406 0.838860
vt 0.189563 0.825219
vt 0.189955 0.835233
vt 0.190498 0.845349
vt 0.178238 0.831699
vt 0.178423 0.842093
vt 0.178406 0.852638
vt 0.166833 0.839519
vt 0.166290 0.850007
vt 0.165470 0.860241
vt 0.153836 0.847007
vt 0.152606 0.857073
vt 0.151290 0.867077
vt 0.140256 0.853331
vt 0.138439 0.863304
vt 0.136663 0.873264
vt 0.149887 0.877082
vt 0.135111 0.883359
vt 0.148621 0.887184
vt 0.133841 0.893521
vt 0.147505 0.897242
vt 0.132793 0.903645
vt 0.146461 0.907247
vt 0.131885 0.913685
vt 0.119900 0.899657
vt 0.119005 0.909761
vt 0.118424 0.919783
vt 0.108665 0.905269
vt 0.108099 0.915260
vt 0.107613 0.925056
vt 0.099431 0.910596
vt 0.098605 0.920246
vt 0.098125 0.929767
vt 0.090510 0.915644
vt 0.090564 0.924722
vt 0.090619 0.933750
vt 0.081339 0.920574
vt 0.082177 0.929159
vt 0.083196 0.937493
vt 0.091001 0.942472
vt 0.673735 0.848381
vt 0.677296 0.860057
vt 0.072218 0.925677
vt 0.073893 0.933811
vt 0.666152 0.839127
vt 0.665010 0.827543
vt 0.658719 0.830237
vt 0.660223 0.841538
vt 0.651992 0.832839
vt 0.653809 0.843802
vt 0.644533 0.835433
vt 0.646537 0.846100
vt 0.637193 0.837941
vt 0.639380 0.848151
vt 0.630010 0.840362
vt 0.632084 0.850042
vt 0.622688 0.842738
vt 0.624523 0.851932
vt 0.614947 0.845201
vt 0.616528 0.853782
vt 0.606594 0.847809
vt 0.607870 0.855654
vt 0.597889 0.850523
vt 0.598658 0.857610
vt 0.588962 0.853167
vt 0.589078 0.859282
vt 0.579265 0.854978
vt 0.578610 0.859530
vt 0.568135 0.853961
vt 0.567249 0.857252
vt 0.557031 0.852535
vt 0.555659 0.856563
vt 0.551355 0.842210
vt 0.549190 0.847252
vt 0.545213 0.835757
vt 0.542280 0.841508
vt 0.539614 0.829442
vt 0.535949 0.835603
vt 0.534196 0.822577
vt 0.529707 0.829398
vt 0.528531 0.815504
vt 0.523420 0.822881
vt 0.522759 0.808351
vt 0.517095 0.816296
vt 0.512938 0.822512
vt 0.510490 0.809420
vt 0.506140 0.816192
vt 0.502689 0.821486
vt 0.499427 0.809486
vt 0.495705 0.815234
vt 0.492500 0.820332
vt 0.488897 0.809185
vt 0.481969 0.819852
vt 0.485230 0.814370
vt 0.478407 0.808836
vt 0.474864 0.814193
vt 0.470855 0.820373
vt 0.467269 0.809104
vt 0.463361 0.815005
vt 0.458636 0.821947
vt 0.455697 0.810002
vt 0.450957 0.817006
vt 0.445782 0.824817
vt 0.443607 0.812186
vt 0.433188 0.828567
vt 0.438376 0.820112
vt 0.431222 0.815554
vt 0.425957 0.824061
vt 0.420429 0.832898
vt 0.406976 0.837516
vt 0.412555 0.828485
vt 0.404365 0.824050
vt 0.398746 0.832799
vt 0.393009 0.841730
vt 0.390531 0.827865
vt 0.384776 0.836621
vt 0.379074 0.845597
vt 0.376288 0.831407
vt 0.370653 0.840338
vt 0.365003 0.849218
vt 0.361986 0.834876
vt 0.356366 0.843792
vt 0.351740 0.852063
vt 0.347710 0.838022
vt 0.343501 0.846538
vt 0.340195 0.855090
vt 0.335620 0.840770
vt 0.332972 0.849413
vt 0.328047 0.834791
vt 0.325855 0.843539
vt 0.282628 0.512767
vt 0.320409 0.829012
vt 0.318873 0.837924
vt 0.331385 0.825854
vt 0.323553 0.819729
vt 0.315754 0.813806
vt 0.308903 0.807949
vt 0.327486 0.810511
vt 0.319577 0.804214
vt 0.312301 0.798070
vt 0.818805 0.433378
vt 0.324030 0.794788
vt 0.316630 0.788457
vt 0.819281 0.422612
vt 0.810525 0.420713
vt 0.818440 0.412185
vt 0.810276 0.410416
vt 0.801562 0.408346
vt 0.309402 0.767065
vt 0.315336 0.773291
vt 0.320129 0.764000
vt 0.313282 0.757545
vt 0.801000 0.398016
vt 0.792564 0.396055
vt 0.306299 0.751051
vt 0.317578 0.747744
vt 0.309884 0.740601
vt 0.302055 0.733613
vt 0.299150 0.744559
vt 0.783557 0.382873
vt 0.313297 0.729960
vt 0.305102 0.722048
vt 0.783829 0.370808
vt 0.774688 0.368119
vt 0.784512 0.359373
vt 0.774968 0.355990
vt 0.764516 0.352759
vt 0.775718 0.343664
vt 0.764588 0.338844
vt 0.752549 0.333274
vt 0.765233 0.326077
vt 0.752679 0.318273
vt 0.739989 0.310932
vt 0.754649 0.306831
vt 0.741268 0.297879
vt 0.728055 0.292124
vt 0.744137 0.289290
vt 0.730631 0.283529
vt 0.235139 0.382573
vt 0.222503 0.382340
vt 0.226373 0.393975
vt 0.240082 0.392724
vt 0.210387 0.382236
vt 0.213173 0.394170
vt 0.216368 0.406497
vt 0.202658 0.393616
vt 0.204934 0.406235
vt 0.208178 0.417841
vt 0.698515 0.272488
vt 0.710882 0.272005
vt 0.712146 0.262279
vt 0.700404 0.262549
vt 0.689089 0.262067
vt 0.687127 0.272146
vt 0.701786 0.251268
vt 0.690535 0.250626
vt 0.679460 0.250270
vt 0.691955 0.238262
vt 0.680570 0.237766
vt 0.669442 0.238508
vt 0.681309 0.225214
vt 0.669560 0.226010
vt 0.657900 0.227484
vt 0.669549 0.216346
vt 0.658004 0.218535
vt 0.646769 0.220890
vt 0.277172 0.563587
vt 0.277943 0.551385
vt 0.271382 0.551687
vt 0.270552 0.563997
vt 0.635721 0.217679
vt 0.635513 0.210351
vt 0.624183 0.212496
vt 0.625139 0.220694
vt 0.350607 0.375154
vt 0.341753 0.384192
vt 0.348337 0.388491
vt 0.358384 0.380057
vt 0.356284 0.393848
vt 0.365740 0.384740
vt 0.361900 0.397281
vt 0.371208 0.387681
vt 0.369795 0.402641
vt 0.379559 0.393580
vt 0.378333 0.408274
vt 0.387671 0.398853
vt 0.397268 0.390011
vt 0.395730 0.404492
vt 0.414902 0.386253
vt 0.404635 0.394914
vt 0.412506 0.400128
vt 0.422865 0.391425
vt 0.433236 0.383313
vt 0.431748 0.396484
vt 0.441719 0.388790
vt 0.441632 0.402443
vt 0.450518 0.394542
vt 0.451806 0.408659
vt 0.459776 0.400216
vt 0.461806 0.414359
vt 0.468719 0.405980
vt 0.471955 0.419922
vt 0.477970 0.411654
vt 0.481865 0.425587
vt 0.486989 0.417690
vt 0.492911 0.410094
vt 0.495980 0.423890
vt 0.500909 0.416829
vt 0.506802 0.409938
vt 0.509233 0.423563
vt 0.514902 0.416737
vt 0.520525 0.410895
vt 0.523324 0.423383
vt 0.529663 0.417942
vt 0.535468 0.414577
vt 0.533294 0.431002
vt 0.518157 0.429511
vt 0.527993 0.435967
vt 0.538654 0.443409
vt 0.543364 0.439505
vt 0.548030 0.436518
vt 0.549305 0.450434
vt 0.553357 0.446230
vt 0.556002 0.442126
vt 0.557102 0.455213
vt 0.560723 0.443173
vt 0.559257 0.433331
vt 0.555168 0.434519
vt 0.565227 0.443143
vt 0.563900 0.432548
vt 0.569514 0.443240
vt 0.569418 0.452490
vt 0.574163 0.453448
vt 0.032204 0.762177
vt 0.029278 0.772308
vt 0.036428 0.764700
vt 0.034576 0.776157
vt 0.041425 0.768083
vt 0.040616 0.779959
vt 0.046894 0.771316
vt 0.046736 0.783096
vt 0.052884 0.774593
vt 0.053769 0.786864
vt 0.059560 0.778172
vt 0.061769 0.791310
vt 0.067313 0.782757
vt 0.070746 0.796604
vt 0.075858 0.788010
vt 0.081302 0.779715
vt 0.085023 0.793456
vt 0.089972 0.784960
vt 0.094710 0.798459
vt 0.099207 0.789883
vt 0.104901 0.802835
vt 0.108832 0.794143
vt 0.112984 0.785407
vt 0.118685 0.797410
vt 0.122500 0.788617
vt 0.126122 0.779530
vt 0.130815 0.790043
vt 0.134802 0.781575
vt 0.139306 0.773505
vt 0.830926 0.535368
vt 0.830770 0.545523
vt 0.838516 0.545549
vt 0.837985 0.535148
vt 0.846314 0.545375
vt 0.845772 0.534637
vt 0.853485 0.544836
vt 0.852929 0.533876
vt 0.163732 0.776130
vt 0.159714 0.785003
vt 0.167445 0.785725
vt 0.171436 0.777097
vt 0.176367 0.769283
vt 0.168696 0.768287
vt 0.179335 0.778740
vt 0.175439 0.787227
vt 0.183773 0.791268
vt 0.187317 0.782063
vt 0.192366 0.795851
vt 0.198241 0.776193
vt 0.195058 0.786113
vt 0.203485 0.790232
vt 0.205789 0.779902
vt 0.207836 0.769518
vt 0.201245 0.766306
vt 0.214015 0.784039
vt 0.215327 0.773495
vt 0.222933 0.787973
vt 0.222925 0.777365
vt 0.222965 0.766575
vt 0.215813 0.763183
vt 0.231709 0.789744
vt 0.230462 0.779472
vt 0.240167 0.789788
vt 0.238382 0.780340
vt 0.237169 0.770904
vt 0.230093 0.769048
vt 0.248592 0.789257
vt 0.246416 0.780554
vt 0.712908 0.941096
vt 0.721818 0.942425
vt 0.222578 0.798141
vt 0.212841 0.794329
vt 0.212284 0.804351
vt 0.201876 0.800269
vt 0.201208 0.809941
vt 0.190699 0.805557
vt 0.189819 0.815235
vt 0.181025 0.801009
vt 0.179274 0.811013
vt 0.178395 0.821389
vt 0.169833 0.807095
vt 0.168091 0.817967
vt 0.167211 0.828860
vt 0.158609 0.815271
vt 0.156800 0.826202
vt 0.155316 0.836890
vt 0.147170 0.823243
vt 0.144681 0.833300
vt 0.142346 0.843349
vt 0.135260 0.830449
vt 0.132262 0.840128
vt 0.129395 0.849798
vt 0.122864 0.837265
vt 0.119495 0.846494
vt 0.116576 0.855998
vt 0.126706 0.859478
vt 0.114082 0.865703
vt 0.124238 0.869258
vt 0.112091 0.875454
vt 0.122386 0.879291
vt 0.110744 0.885360
vt 0.120936 0.889450
vt 0.109733 0.895324
vt 0.102030 0.881411
vt 0.101012 0.891142
vt 0.100193 0.900877
vt 0.092448 0.887061
vt 0.092036 0.896757
vt 0.091074 0.906274
vt 0.081183 0.892914
vt 0.080998 0.902457
vt 0.080931 0.911628
vt 0.069486 0.898683
vt 0.069679 0.908253
vt 0.070552 0.917369
vt 0.058313 0.905352
vt 0.059315 0.914940
vt 0.061057 0.923808
vt 0.048397 0.913088
vt 0.050340 0.922206
vt 0.052891 0.930345
vt 0.063553 0.931582
vt 0.665357 0.816308
vt 0.666250 0.805474
vt 0.658465 0.808283
vt 0.658196 0.819097
vt 0.650671 0.811178
vt 0.650800 0.821889
vt 0.642740 0.814096
vt 0.643172 0.824697
vt 0.634789 0.817130
vt 0.635531 0.827531
vt 0.626809 0.820375
vt 0.628326 0.830431
vt 0.619291 0.823811
vt 0.620992 0.833395
vt 0.611163 0.827550
vt 0.613154 0.836491
vt 0.603337 0.831424
vt 0.605011 0.839815
vt 0.595597 0.835437
vt 0.596869 0.843199
vt 0.587208 0.839812
vt 0.588356 0.846811
vt 0.578830 0.844707
vt 0.579256 0.850165
vt 0.569531 0.847239
vt 0.568838 0.850643
vt 0.563221 0.838813
vt 0.559945 0.843972
vt 0.559621 0.829567
vt 0.554466 0.836188
vt 0.555962 0.821092
vt 0.549689 0.828536
vt 0.545149 0.821636
vt 0.551800 0.813986
vt 0.546787 0.806697
vt 0.540135 0.814491
vt 0.534902 0.807280
vt 0.541542 0.799566
vt 0.535803 0.792335
vt 0.529359 0.799898
vt 0.529616 0.785222
vt 0.523416 0.792537
vt 0.516637 0.801186
vt 0.516725 0.785497
vt 0.509980 0.794299
vt 0.504035 0.802755
vt 0.502715 0.788033
vt 0.497301 0.796221
vt 0.492415 0.803534
vt 0.482221 0.803285
vt 0.486263 0.797055
vt 0.479750 0.791778
vt 0.475464 0.797713
vt 0.471188 0.803258
vt 0.468529 0.792895
vt 0.460110 0.803988
vt 0.464054 0.798682
vt 0.456524 0.794256
vt 0.452718 0.799443
vt 0.448701 0.805209
vt 0.445552 0.794800
vt 0.441525 0.800631
vt 0.436613 0.807749
vt 0.433627 0.796248
vt 0.428362 0.803311
vt 0.423391 0.811414
vt 0.420601 0.799097
vt 0.415216 0.807202
vt 0.409855 0.815465
vt 0.418070 0.819758
vt 0.401198 0.810890
vt 0.395735 0.819349
vt 0.406666 0.802651
vt 0.397911 0.797632
vt 0.392455 0.805961
vt 0.411854 0.794607
vt 0.403288 0.789607
vt 0.394125 0.784060
vt 0.388998 0.792189
vt 0.417402 0.786884
vt 0.408555 0.781872
vt 0.399392 0.776278
vt 0.390692 0.770253
vt 0.385293 0.778142
vt 0.396339 0.762843
vt 0.387938 0.756419
vt 0.381877 0.763871
vt 0.404628 0.768887
vt 0.410006 0.761802
vt 0.401822 0.755447
vt 0.393791 0.748981
vt 0.385203 0.742160
vt 0.379068 0.749674
vt 0.408005 0.748220
vt 0.400250 0.741751
vt 0.391819 0.734933
vt 0.383967 0.728411
vt 0.376767 0.735232
vt 0.406828 0.734493
vt 0.398672 0.727661
vt 0.391153 0.721335
vt 0.383042 0.714467
vt 0.375631 0.721298
vt 0.405869 0.720523
vt 0.398195 0.714066
vt 0.390551 0.707497
vt 0.383055 0.700477
vt 0.375178 0.707238
vt 0.404693 0.706325
vt 0.397161 0.699818
vt 0.389802 0.693026
vt 0.382535 0.685894
vt 0.376036 0.693370
vt 0.402451 0.691935
vt 0.395409 0.685137
vt 0.387947 0.678189
vt 0.381887 0.670725
vt 0.375583 0.678116
vt 0.400807 0.677189
vt 0.394175 0.670230
vt 0.388661 0.662996
vt 0.384897 0.655305
vt 0.376988 0.662507
vt 0.401388 0.662168
vt 0.396447 0.655149
vt 0.393181 0.647819
vt 0.801057 0.264225
vt 0.793491 0.259072
vt 0.791828 0.269275
vt 0.798714 0.274844
vt 0.808197 0.268627
vt 0.809970 0.257733
vt 0.802736 0.253557
vt 0.794939 0.248692
vt 0.786313 0.243493
vt 0.785349 0.253380
vt 0.803727 0.243064
vt 0.795913 0.238515
vt 0.787196 0.233676
vt 0.777320 0.229016
vt 0.776833 0.238165
vt 0.796462 0.228546
vt 0.787754 0.224079
vt 0.778046 0.219704
vt 0.767606 0.215531
vt 0.766805 0.224409
vt 0.787914 0.214872
vt 0.778536 0.210588
vt 0.768243 0.206623
vt 0.757055 0.203383
vt 0.756612 0.211635
vt 0.778591 0.201705
vt 0.768348 0.197885
vt 0.757373 0.194155
vt 0.745512 0.190949
vt 0.745322 0.200324
vt 0.767974 0.189646
vt 0.756932 0.186197
vt 0.291331 0.495056
vt 0.299957 0.500093
vt 0.302494 0.489821
vt 0.293215 0.484671
vt 0.305781 0.479333
vt 0.296924 0.473948
vt 0.309237 0.505254
vt 0.311440 0.495359
vt 0.315069 0.484955
vt 0.320092 0.474345
vt 0.310069 0.468662
vt 0.322589 0.500389
vt 0.326359 0.490352
vt 0.331208 0.480069
vt 0.336616 0.469895
vt 0.325607 0.463928
vt 0.338255 0.495653
vt 0.342645 0.485901
vt 0.347726 0.476015
vt 0.353273 0.465959
vt 0.342416 0.459775
vt 0.354670 0.491627
vt 0.359602 0.481936
vt 0.364955 0.471973
vt 0.370658 0.461721
vt 0.359443 0.455687
vt 0.371799 0.487464
vt 0.377022 0.477542
vt 0.382550 0.467308
vt 0.388376 0.456914
vt 0.376668 0.451250
vt 0.389186 0.482789
vt 0.394635 0.472540
vt 0.400404 0.462246
vt 0.406396 0.451795
vt 0.394327 0.446309
vt 0.406676 0.477194
vt 0.412269 0.466906
vt 0.418076 0.456574
vt 0.424050 0.446151
vt 0.412374 0.441162
vt 0.423563 0.471259
vt 0.429175 0.461053
vt 0.435221 0.451063
vt 0.441551 0.441295
vt 0.430360 0.435952
vt 0.441160 0.465910
vt 0.447210 0.456257
vt 0.453265 0.446701
vt 0.459704 0.437441
vt 0.448264 0.431822
vt 0.460345 0.461618
vt 0.466176 0.452286
vt 0.471764 0.442915
vt 0.476835 0.433966
vt 0.465783 0.428481
vt 0.478614 0.457190
vt 0.483557 0.447744
vt 0.487271 0.438841
vt 0.491489 0.430971
vt 0.493334 0.451420
vt 0.496980 0.442887
vt 0.500911 0.436112
vt 0.504701 0.429987
vt 0.510438 0.441204
vt 0.514143 0.435580
vt 0.519689 0.446870
vt 0.523675 0.441658
vt 0.529563 0.452646
vt 0.534183 0.447918
vt 0.540362 0.459201
vt 0.544883 0.454617
vt 0.550568 0.465357
vt 0.553978 0.460400
vt 0.558152 0.470302
vt 0.563077 0.458370
vt 0.564947 0.451329
vt 0.559483 0.449535
vt 0.560693 0.464562
vt 0.566497 0.467932
vt 0.011273 0.768391
vt 0.015049 0.772575
vt 0.021403 0.766775
vt 0.012786 0.782481
vt 0.018881 0.776628
vt 0.025201 0.769440
vt 0.022439 0.779926
vt 0.015784 0.786972
vt 0.019495 0.793303
vt 0.027510 0.784067
vt 0.027585 0.797288
vt 0.033963 0.788150
vt 0.035068 0.801142
vt 0.040584 0.791657
vt 0.272269 0.424719
vt 0.279328 0.426174
vt 0.279083 0.415141
vt 0.272269 0.413805
vt 0.043429 0.805400
vt 0.048258 0.795774
vt 0.052062 0.809597
vt 0.056631 0.800284
vt 0.061247 0.814280
vt 0.065846 0.805321
vt 0.070986 0.818737
vt 0.075671 0.810347
vt 0.080321 0.801865
vt 0.086195 0.815014
vt 0.090511 0.807003
vt 0.096965 0.819058
vt 0.100998 0.810918
vt 0.107462 0.822750
vt 0.111345 0.814292
vt 0.115168 0.806071
vt 0.120437 0.816564
vt 0.123718 0.807540
vt 0.820504 0.575199
vt 0.829036 0.575589
vt 0.829807 0.565590
vt 0.821196 0.565331
vt 0.830153 0.555525
vt 0.821933 0.555185
vt 0.837813 0.576233
vt 0.838080 0.566014
vt 0.838532 0.555852
vt 0.846713 0.566435
vt 0.846657 0.555951
vt 0.854891 0.566622
vt 0.854540 0.555743
vt 0.155896 0.793691
vt 0.152624 0.803053
vt 0.160880 0.804526
vt 0.163932 0.794698
vt 0.172334 0.796752
vt 0.149773 0.813031
vt 0.144173 0.801683
vt 0.141038 0.811018
vt 0.138215 0.820717
vt 0.132207 0.809116
vt 0.129212 0.818511
vt 0.126156 0.827926
vt 0.117161 0.825684
vt 0.113900 0.834754
vt 0.103708 0.831185
vt 0.100274 0.840078
vt 0.110562 0.843807
vt 0.097043 0.848880
vt 0.107316 0.852752
vt 0.094636 0.858108
vt 0.105005 0.862096
vt 0.093580 0.867792
vt 0.103182 0.871625
vt 0.093035 0.877278
vt 0.083170 0.863878
vt 0.082664 0.873497
vt 0.081944 0.883183
vt 0.069213 0.869327
vt 0.068967 0.879147
vt 0.069452 0.889060
vt 0.055117 0.875276
vt 0.056435 0.885407
vt 0.057309 0.895453
vt 0.044979 0.882593
vt 0.046071 0.893001
vt 0.047182 0.903192
vt 0.036822 0.891051
vt 0.036926 0.901611
vt 0.037879 0.911909
vt 0.027184 0.900604
vt 0.027786 0.911072
vt 0.029344 0.920582
vt 0.039629 0.921326
vt 0.031769 0.929147
vt 0.042206 0.929620
vt 0.667152 0.794863
vt 0.667679 0.784441
vt 0.660047 0.787597
vt 0.659425 0.797893
vt 0.651940 0.790718
vt 0.651425 0.800951
vt 0.643182 0.793664
vt 0.643041 0.803890
vt 0.634454 0.796900
vt 0.634642 0.807002
vt 0.625488 0.800600
vt 0.626163 0.810345
vt 0.616513 0.804499
vt 0.617745 0.814084
vt 0.608117 0.808806
vt 0.609600 0.818183
vt 0.599637 0.813339
vt 0.601634 0.822535
vt 0.592230 0.817934
vt 0.594024 0.826997
vt 0.584373 0.822585
vt 0.585764 0.831588
vt 0.576201 0.827428
vt 0.577982 0.837049
vt 0.589725 0.808474
vt 0.581902 0.813224
vt 0.573894 0.818281
vt 0.578114 0.804283
vt 0.570540 0.809511
vt 0.563277 0.814723
vt 0.566247 0.823223
vt 0.568479 0.832919
vt 0.566010 0.801234
vt 0.558825 0.806925
vt 0.560608 0.793773
vt 0.553581 0.799782
vt 0.554538 0.786580
vt 0.547598 0.793142
vt 0.548444 0.779574
vt 0.541537 0.786066
vt 0.542060 0.772508
vt 0.535294 0.779144
vt 0.535913 0.765596
vt 0.528820 0.772082
vt 0.522861 0.778421
vt 0.522517 0.765182
vt 0.515802 0.772577
vt 0.509253 0.779283
vt 0.509308 0.766179
vt 0.502722 0.773894
vt 0.496234 0.782020
vt 0.516481 0.759016
vt 0.510632 0.753524
vt 0.503515 0.761256
vt 0.505098 0.748687
vt 0.497907 0.756290
vt 0.491079 0.764131
vt 0.499494 0.743167
vt 0.485265 0.759327
vt 0.478539 0.767410
vt 0.484413 0.772217
vt 0.492270 0.751209
vt 0.485698 0.746196
vt 0.492567 0.738279
vt 0.486069 0.732258
vt 0.472230 0.748775
vt 0.478740 0.754203
vt 0.464959 0.743137
vt 0.458234 0.751019
vt 0.465543 0.756597
vt 0.472006 0.762030
vt 0.479191 0.740518
vt 0.471706 0.734932
vt 0.463600 0.728571
vt 0.457097 0.736971
vt 0.478121 0.726857
vt 0.469872 0.720287
vt 0.460907 0.714402
vt 0.455053 0.722616
vt 0.485010 0.717959
vt 0.476658 0.711775
vt 0.467909 0.705644
vt 0.475463 0.696780
vt 0.466591 0.690665
vt 0.459035 0.699531
vt 0.452126 0.708314
vt 0.484181 0.702932
vt 0.492097 0.694103
vt 0.483369 0.687909
vt 0.492497 0.709170
vt 0.500417 0.700372
vt 0.508729 0.691349
vt 0.500371 0.685116
vt 0.500246 0.715312
vt 0.508259 0.706581
vt 0.516651 0.697606
vt 0.525322 0.688587
vt 0.517247 0.682261
vt 0.515648 0.712676
vt 0.524112 0.703884
vt 0.532917 0.695164
vt 0.541626 0.686665
vt 0.534062 0.679762
vt 0.531341 0.710254
vt 0.540058 0.701843
vt 0.548730 0.693818
vt 0.556572 0.686300
vt 0.549843 0.678683
vt 0.546726 0.708666
vt 0.555095 0.701148
vt 0.563040 0.694014
vt 0.570806 0.687215
vt 0.564305 0.679162
vt 0.560982 0.708645
vt 0.568859 0.701883
vt 0.576494 0.695523
vt 0.583544 0.689462
vt 0.577694 0.680942
vt 0.574428 0.709975
vt 0.582125 0.703846
vt 0.589738 0.697960
vt 0.597775 0.692143
vt 0.591524 0.683522
vt 0.587979 0.712413
vt 0.596086 0.706523
vt 0.604337 0.700816
vt 0.612662 0.695294
vt 0.606211 0.686426
vt 0.602680 0.715032
vt 0.611100 0.709477
vt 0.619356 0.704308
vt 0.627518 0.699220
vt 0.620637 0.689973
vt 0.618148 0.718064
vt 0.626252 0.713416
vt 0.634095 0.709101
vt 0.641028 0.705490
vt 0.634145 0.695332
vt 0.632884 0.723086
vt 0.640366 0.719463
vt 0.647262 0.716334
vt 0.653746 0.713502
vt 0.647111 0.702549
vt 0.646866 0.729800
vt 0.653651 0.726936
vt 0.659859 0.724452
vt 0.665280 0.722148
vt 0.659499 0.711213
vt 0.659183 0.738087
vt 0.664573 0.735805
vt 0.669648 0.733047
vt 0.286820 0.563997
vt 0.286665 0.554383
vt 0.279523 0.551115
vt 0.279613 0.560486
vt 0.555766 0.569605
vt 0.550535 0.575996
vt 0.560880 0.579639
vt 0.565969 0.572151
vt 0.570705 0.564225
vt 0.560198 0.561815
vt 0.574957 0.555390
vt 0.564627 0.553505
vt 0.575364 0.572414
vt 0.579662 0.564248
vt 0.583525 0.554833
vt 0.586912 0.544733
vt 0.578415 0.545804
vt 0.009799 0.876562
vt 0.008904 0.887707
vt 0.017432 0.888863
vt 0.018450 0.877956
vt 0.020593 0.866960
vt 0.011265 0.865064
vt 0.022801 0.856409
vt 0.013303 0.854137
vt 0.028314 0.879313
vt 0.029851 0.869080
vt 0.031961 0.858906
vt 0.033780 0.848503
vt 0.024635 0.845609
vt 0.041117 0.850516
vt 0.039033 0.860473
vt 0.045492 0.862349
vt 0.047324 0.852540
vt 0.050061 0.842766
vt 0.055683 0.855283
vt 0.058062 0.845635
vt 0.061914 0.836353
vt 0.053258 0.833048
vt 0.066391 0.827447
vt 0.057118 0.823578
vt 0.071683 0.850206
vt 0.074337 0.840988
vt 0.077905 0.832056
vt 0.081985 0.823427
vt 0.086482 0.845268
vt 0.089670 0.836428
vt 0.093138 0.827635
vt 0.084339 0.854451
vt 0.069971 0.859657
vt 0.054864 0.865105
vt 0.045068 0.872373
vt 0.037769 0.870434
vt 0.037134 0.880599
vt 0.027226 0.889785
vt 0.017161 0.899694
vt 0.008861 0.898009
vt 0.009113 0.907975
vt 0.017629 0.910270
vt 0.010004 0.917561
vt 0.019167 0.919677
vt 0.674423 0.770559
vt 0.671833 0.759167
vt 0.665188 0.762135
vt 0.667355 0.773596
vt 0.021455 0.928370
vt 0.657739 0.765419
vt 0.659655 0.776760
vt 0.649110 0.768933
vt 0.651277 0.779993
vt 0.639935 0.772666
vt 0.642402 0.783342
vt 0.630696 0.776593
vt 0.633169 0.786836
vt 0.621344 0.780802
vt 0.624083 0.790855
vt 0.612185 0.785239
vt 0.614928 0.794980
vt 0.603111 0.789843
vt 0.605968 0.799394
vt 0.594498 0.794509
vt 0.597275 0.803826
vt 0.586405 0.799307
vt 0.590675 0.785283
vt 0.582199 0.790432
vt 0.573952 0.795745
vt 0.577153 0.781941
vt 0.568637 0.787753
vt 0.571734 0.773851
vt 0.563086 0.780137
vt 0.565790 0.766082
vt 0.557025 0.772646
vt 0.559630 0.758544
vt 0.550853 0.765330
vt 0.553417 0.751359
vt 0.544676 0.758292
vt 0.547440 0.744261
vt 0.530018 0.758545
vt 0.538819 0.751385
vt 0.533011 0.744911
vt 0.524297 0.752180
vt 0.527158 0.738773
vt 0.518592 0.746337
vt 0.521109 0.732922
vt 0.512923 0.740863
vt 0.514658 0.727107
vt 0.506895 0.735320
vt 0.507603 0.721298
vt 0.499947 0.729808
vt 0.492802 0.723864
vt 0.522752 0.718674
vt 0.529512 0.724840
vt 0.538025 0.716657
vt 0.535909 0.731086
vt 0.544161 0.723055
vt 0.552890 0.715606
vt 0.550375 0.730128
vt 0.558350 0.723029
vt 0.566209 0.716370
vt 0.564110 0.730599
vt 0.572185 0.724259
vt 0.580523 0.718033
vt 0.578470 0.732326
vt 0.586990 0.726183
vt 0.594613 0.720704
vt 0.593496 0.734564
vt 0.601563 0.729014
vt 0.609634 0.723689
vt 0.608531 0.737475
vt 0.616694 0.732263
vt 0.625060 0.727163
vt 0.623659 0.741547
vt 0.631828 0.737028
vt 0.639613 0.733117
vt 0.638432 0.747319
vt 0.646215 0.743554
vt 0.653216 0.740449
vt 0.652758 0.754086
vt 0.660167 0.750698
vt 0.666821 0.747778
vt 0.555130 0.586322
vt 0.544793 0.582417
vt 0.677296 0.756350
vt 0.672266 0.745240
vt 0.644509 0.757868
vt 0.630151 0.751489
vt 0.635691 0.761920
vt 0.621590 0.756008
vt 0.626684 0.766221
vt 0.612732 0.760986
vt 0.617584 0.770778
vt 0.603810 0.766012
vt 0.608482 0.775499
vt 0.594765 0.771143
vt 0.599336 0.780304
vt 0.585925 0.776404
vt 0.589306 0.762443
vt 0.580555 0.767944
vt 0.583164 0.754246
vt 0.574587 0.759926
vt 0.576760 0.746221
vt 0.568312 0.752263
vt 0.570385 0.738338
vt 0.562029 0.744664
vt 0.556053 0.737276
vt 0.541929 0.737465
vt 0.585021 0.740543
vt 0.591753 0.748688
vt 0.600319 0.742905
vt 0.598253 0.757040
vt 0.606927 0.751666
vt 0.615445 0.746322
vt 0.570295 0.580013
vt 0.048451 0.819649
vt 0.045714 0.830012
vt 0.039401 0.815570
vt 0.036916 0.826434
vt 0.030288 0.811682
vt 0.027356 0.822958
vt 0.025884 0.834316
vt 0.035379 0.837611
vt 0.043510 0.840553
vt 0.019212 0.820909
vt 0.017111 0.832227
vt 0.015278 0.843208
vt 0.009137 0.830712
vt 0.007469 0.841620
vt 0.006108 0.852612
vt 0.581431 0.536027
vt 0.583496 0.526211
vt 0.575573 0.527356
vt 0.572567 0.536323
vt 0.568821 0.545081
vt 0.589573 0.534700
vt 0.564330 0.536186
vt 0.560886 0.545033
vt 0.286747 0.534113
vt 0.279811 0.531680
vt 0.279612 0.541565
vt 0.286820 0.544353
vt 0.556895 0.553303
vt 0.551956 0.543173
vt 0.547739 0.551348
vt 0.543014 0.559214
vt 0.552165 0.561107
vt 0.536926 0.548460
vt 0.532279 0.556012
vt 0.527209 0.563141
vt 0.537671 0.566342
vt 0.547219 0.568633
vt 0.521755 0.553510
vt 0.516597 0.559982
vt 0.652642 0.699952
vt 0.645677 0.688604
vt 0.640043 0.691823
vt 0.521557 0.569232
vt 0.531714 0.572294
vt 0.639216 0.677365
vt 0.634099 0.680791
vt 0.627441 0.685429
vt 0.627396 0.670798
vt 0.620992 0.675754
vt 0.614053 0.680884
vt 0.614223 0.666639
vt 0.607342 0.671993
vt 0.599752 0.677673
vt 0.600100 0.663435
vt 0.592997 0.669098
vt 0.585429 0.674901
vt 0.585974 0.660583
vt 0.578870 0.666288
vt 0.571479 0.672572
vt 0.572221 0.657885
vt 0.565083 0.664332
vt 0.557497 0.671305
vt 0.557714 0.656603
vt 0.550128 0.663813
vt 0.542466 0.671337
vt 0.542067 0.656947
vt 0.534241 0.664724
vt 0.525859 0.673259
vt 0.525771 0.658473
vt 0.517395 0.667079
vt 0.508853 0.676044
vt 0.508869 0.661052
vt 0.500223 0.670013
vt 0.491676 0.678958
vt 0.491606 0.663992
vt 0.482905 0.672826
vt 0.474482 0.681795
vt 0.474264 0.666745
vt 0.465717 0.675616
vt 0.457756 0.684438
vt 0.457501 0.669333
vt 0.449498 0.677996
vt 0.442162 0.686724
vt 0.450324 0.693214
vt 0.435488 0.695491
vt 0.443573 0.701955
vt 0.430086 0.703954
vt 0.438002 0.710352
vt 0.446620 0.716364
vt 0.433811 0.717994
vt 0.441333 0.724467
vt 0.449020 0.730833
vt 0.435795 0.732553
vt 0.442798 0.738809
vt 0.450664 0.744938
vt 0.436236 0.746594
vt 0.443869 0.752769
vt 0.451320 0.758772
vt 0.437398 0.760340
vt 0.444765 0.766440
vt 0.452075 0.772002
vt 0.458618 0.764366
vt 0.465479 0.769691
vt 0.459254 0.777068
vt 0.466344 0.781986
vt 0.472371 0.774868
vt 0.473227 0.786715
vt 0.461286 0.788577
vt 0.453773 0.784106
vt 0.449211 0.789917
vt 0.441571 0.784938
vt 0.437681 0.790298
vt 0.446301 0.779154
vt 0.434195 0.779458
vt 0.438903 0.773606
vt 0.426351 0.773908
vt 0.421888 0.780269
vt 0.430035 0.785237
vt 0.431535 0.767424
vt 0.429849 0.754014
vt 0.423824 0.761152
vt 0.422187 0.747545
vt 0.415876 0.754691
vt 0.429135 0.740410
vt 0.421725 0.733958
vt 0.414500 0.740983
vt 0.428532 0.726196
vt 0.420026 0.719716
vt 0.413633 0.727181
vt 0.425854 0.711690
vt 0.417821 0.705241
vt 0.412456 0.712944
vt 0.422433 0.697427
vt 0.414860 0.690665
vt 0.409951 0.698550
vt 0.427613 0.688927
vt 0.420580 0.682219
vt 0.413533 0.675566
vt 0.407762 0.683923
vt 0.434353 0.680149
vt 0.427292 0.673547
vt 0.420602 0.667037
vt 0.414686 0.660650
vt 0.407384 0.668974
vt 0.434762 0.664976
vt 0.428420 0.658662
vt 0.422758 0.652507
vt 0.417709 0.646206
vt 0.409177 0.654069
vt 0.436736 0.650598
vt 0.431101 0.644508
vt 0.426536 0.638599
vt 0.422527 0.632325
vt 0.413495 0.639667
vt 0.439575 0.636953
vt 0.435190 0.631206
vt 0.431694 0.625340
vt 0.429105 0.619254
vt 0.419773 0.625916
vt 0.443978 0.624771
vt 0.440994 0.619297
vt 0.438917 0.613566
vt 0.437375 0.607431
vt 0.427276 0.612890
vt 0.450278 0.614734
vt 0.448990 0.609095
vt 0.448244 0.603248
vt 0.447606 0.596985
vt 0.436305 0.601073
vt 0.459246 0.606501
vt 0.459233 0.600247
vt 0.459101 0.593597
vt 0.459283 0.587546
vt 0.447284 0.590711
vt 0.470137 0.598728
vt 0.470823 0.592108
vt 0.307698 0.532140
vt 0.316730 0.537274
vt 0.316971 0.528868
vt 0.307414 0.523829
vt 0.317824 0.519839
vt 0.308041 0.514703
vt 0.326856 0.541933
vt 0.327804 0.533229
vt 0.329159 0.524261
vt 0.331375 0.514943
vt 0.319799 0.510203
vt 0.338876 0.537948
vt 0.340817 0.528981
vt 0.343375 0.519792
vt 0.346426 0.510691
vt 0.334447 0.505393
vt 0.352661 0.533470
vt 0.355346 0.524773
vt 0.358661 0.515799
vt 0.362612 0.506479
vt 0.350192 0.501297
vt 0.367323 0.529406
vt 0.370952 0.520371
vt 0.374981 0.511265
vt 0.379318 0.502028
vt 0.367021 0.496993
vt 0.382841 0.525460
vt 0.387084 0.516012
vt 0.391537 0.506459
vt 0.396220 0.497014
vt 0.384016 0.492582
vt 0.398883 0.519897
vt 0.403573 0.510160
vt 0.408201 0.500931
vt 0.413062 0.491419
vt 0.401304 0.487266
vt 0.415231 0.514164
vt 0.419979 0.504828
vt 0.424868 0.495362
vt 0.429985 0.485601
vt 0.418153 0.481448
vt 0.431909 0.508660
vt 0.436984 0.499210
vt 0.442353 0.489650
vt 0.448038 0.480080
vt 0.435382 0.475692
vt 0.449053 0.503050
vt 0.454755 0.493837
vt 0.460849 0.484676
vt 0.467113 0.475598
vt 0.454245 0.470864
vt 0.465886 0.497239
vt 0.471577 0.488122
vt 0.477307 0.479165
vt 0.483123 0.470043
vt 0.473065 0.466460
vt 0.480951 0.490988
vt 0.486513 0.481854
vt 0.492084 0.472787
vt 0.497298 0.463626
vt 0.488295 0.460756
vt 0.496699 0.484671
vt 0.501178 0.475355
vt 0.505708 0.466246
vt 0.510481 0.457611
vt 0.501928 0.454348
vt 0.511093 0.478519
vt 0.514919 0.469864
vt 0.519905 0.462714
vt 0.524639 0.457382
vt 0.515201 0.451740
vt 0.531290 0.469370
vt 0.535891 0.464016
vt 0.541661 0.475823
vt 0.546663 0.470439
vt 0.550929 0.481395
vt 0.555098 0.475766
vt 0.558771 0.485649
vt 0.561945 0.479912
vt 0.564592 0.474187
vt 0.567764 0.482754
vt 0.570160 0.477347
vt 0.571815 0.470954
vt 0.573334 0.486311
vt 0.574872 0.480205
vt 0.576320 0.473870
vt 0.571233 0.491757
vt 0.563845 0.494734
vt 0.566050 0.488783
vt 0.554952 0.491461
vt 0.545992 0.487208
vt 0.540574 0.492787
vt 0.551020 0.497769
vt 0.561029 0.500925
vt 0.557401 0.508296
vt 0.547455 0.505533
vt 0.543278 0.513417
vt 0.553544 0.515954
vt 0.562298 0.517697
vt 0.565442 0.509570
vt 0.568299 0.501879
vt 0.572522 0.509179
vt 0.574165 0.499309
vt 0.569845 0.518270
vt 0.577645 0.517814
vt 0.004637 0.818335
vt 0.002184 0.829515
vt 0.011362 0.819047
vt 0.014240 0.806233
vt 0.022414 0.808839
vt 0.567340 0.527285
vt 0.000612 0.840055
vt 0.559192 0.526145
vt 0.555754 0.534753
vt 0.549458 0.523930
vt 0.545319 0.532045
vt 0.541250 0.540342
vt 0.534861 0.529621
vt 0.530698 0.537913
vt 0.526305 0.545850
vt 0.520029 0.534972
vt 0.515667 0.543076
vt 0.511070 0.550603
vt 0.505865 0.541021
vt 0.500989 0.548967
vt 0.496163 0.556451
vt 0.506245 0.557821
vt 0.490383 0.545492
vt 0.485591 0.553289
vt 0.480708 0.560642
vt 0.491056 0.562690
vt 0.633097 0.666479
vt 0.474760 0.550348
vt 0.470015 0.558336
vt 0.465106 0.565556
vt 0.475730 0.567188
vt 0.619803 0.662098
vt 0.459232 0.556782
vt 0.454483 0.564240
vt 0.606251 0.658374
vt 0.598412 0.650013
vt 0.592541 0.655142
vt 0.590174 0.641940
vt 0.585003 0.646765
vt 0.579050 0.651990
vt 0.576554 0.639003
vt 0.571023 0.644216
vt 0.564704 0.650044
vt 0.562561 0.636601
vt 0.556356 0.642773
vt 0.549544 0.649569
vt 0.547553 0.635921
vt 0.540950 0.642960
vt 0.533648 0.650513
vt 0.532225 0.636668
vt 0.525167 0.644314
vt 0.517287 0.652439
vt 0.516750 0.638295
vt 0.508901 0.646601
vt 0.500393 0.655204
vt 0.500671 0.640965
vt 0.492136 0.649466
vt 0.483184 0.658111
vt 0.484141 0.644033
vt 0.475061 0.652381
vt 0.466109 0.660886
vt 0.467432 0.646732
vt 0.458396 0.654846
vt 0.449882 0.663069
vt 0.443026 0.656827
vt 0.441820 0.671499
vt 0.451447 0.648832
vt 0.445209 0.642929
vt 0.460367 0.641303
vt 0.453916 0.635836
vt 0.448424 0.630348
vt 0.469302 0.634012
vt 0.462596 0.629291
vt 0.456809 0.624664
vt 0.470302 0.622132
vt 0.463586 0.618799
vt 0.477479 0.626179
vt 0.483816 0.618082
vt 0.475516 0.614737
vt 0.476520 0.638948
vt 0.484946 0.630748
vt 0.491979 0.622231
vt 0.497303 0.613855
vt 0.488215 0.609843
vt 0.492680 0.635621
vt 0.500213 0.627155
vt 0.506132 0.619043
vt 0.510853 0.611257
vt 0.501297 0.606236
vt 0.508396 0.632578
vt 0.514838 0.624631
vt 0.520236 0.616857
vt 0.524687 0.609913
vt 0.514640 0.604334
vt 0.523571 0.630470
vt 0.529509 0.622890
vt 0.534552 0.615996
vt 0.379975 0.563822
vt 0.383417 0.555736
vt 0.372277 0.551450
vt 0.369078 0.560012
vt 0.538546 0.629346
vt 0.543992 0.622776
vt 0.390952 0.566937
vt 0.394756 0.558835
vt 0.398445 0.550707
vt 0.386944 0.547490
vt 0.401928 0.569765
vt 0.406073 0.562050
vt 0.410031 0.553881
vt 0.413907 0.545669
vt 0.402252 0.542089
vt 0.417364 0.565089
vt 0.421487 0.556924
vt 0.425512 0.548679
vt 0.429679 0.539921
vt 0.418054 0.537104
vt 0.432711 0.559766
vt 0.436941 0.552097
vt 0.441209 0.543663
vt 0.445675 0.534391
vt 0.434076 0.530662
vt 0.448261 0.554743
vt 0.452684 0.546522
vt 0.457055 0.537376
vt 0.461509 0.528029
vt 0.450265 0.524807
vt 0.463968 0.549006
vt 0.468273 0.539956
vt 0.472681 0.530828
vt 0.477322 0.521632
vt 0.466142 0.518909
vt 0.479409 0.542208
vt 0.484132 0.533849
vt 0.489004 0.525022
vt 0.493815 0.515904
vt 0.481979 0.512464
vt 0.495283 0.537334
vt 0.500026 0.528642
vt 0.504736 0.519685
vt 0.509362 0.510263
vt 0.498507 0.506600
vt 0.510306 0.532405
vt 0.514604 0.523238
vt 0.518739 0.513863
vt 0.523077 0.504854
vt 0.513769 0.500794
vt 0.524150 0.526385
vt 0.528046 0.517670
vt 0.532134 0.509113
vt 0.536339 0.500674
vt 0.527509 0.496196
vt 0.538978 0.521375
vt 0.531742 0.488013
vt 0.521963 0.482994
vt 0.517705 0.491591
vt 0.506950 0.487672
vt 0.502866 0.497109
vt 0.491630 0.494008
vt 0.486797 0.503245
vt 0.476011 0.500315
vt 0.471039 0.509677
vt 0.460469 0.506559
vt 0.455169 0.515730
vt 0.443769 0.512121
vt 0.438822 0.521044
vt 0.427074 0.518204
vt 0.422474 0.527927
vt 0.410642 0.523824
vt 0.406293 0.533163
vt 0.394670 0.529628
vt 0.390682 0.538649
vt 0.378958 0.534367
vt 0.375416 0.543017
vt 0.364144 0.538275
vt 0.361162 0.547083
vt 0.350207 0.542221
vt 0.347991 0.550701
vt 0.358351 0.555732
vt 0.337435 0.546326
vt 0.335924 0.554400
vt 0.345839 0.558839
vt 0.355904 0.562971
vt 0.326354 0.549664
vt 0.491349 0.602232
vt 0.481000 0.599722
vt 0.478844 0.606984
vt 0.469164 0.605722
vt 0.467396 0.612463
vt 0.459100 0.612363
vt 0.482471 0.593033
vt 0.535961 0.480750
vt 0.443757 0.562358
vt 0.428382 0.567456
vt 0.439105 0.569600
vt 0.412876 0.572603
vt 0.423618 0.574476
vt 0.553292 0.629682
vt 0.452640 0.619920
vt 0.298821 0.509834
vt 0.298807 0.518843
vt 0.778063 0.193620
vt 0.435742 0.594662
vt 0.787766 0.205950
vt 0.796406 0.219068
vt 0.795900 0.210125
vt 0.417794 0.619095
vt 0.804124 0.232881
vt 0.410650 0.632939
vt 0.401793 0.640296
vt 0.404681 0.647246
vt 0.418417 0.768010
vt 0.413457 0.774757
vt 0.425820 0.791535
vt 0.836796 0.586322
vt 0.828214 0.585594
vt 0.846340 0.576859
vt 0.455040 0.422869
vt 0.443957 0.417077
vt 0.437008 0.426125
vt 0.432876 0.410778
vt 0.425303 0.420074
vt 0.418416 0.430468
vt 0.413658 0.414592
vt 0.406565 0.424864
vt 0.400317 0.435594
vt 0.396580 0.419625
vt 0.389439 0.430150
vt 0.382997 0.440725
vt 0.379649 0.424571
vt 0.372516 0.434994
vt 0.365739 0.445380
vt 0.362726 0.429007
vt 0.355466 0.439316
vt 0.348752 0.449571
vt 0.345672 0.433099
vt 0.338310 0.443310
vt 0.331682 0.453585
vt 0.329231 0.437046
vt 0.322344 0.447454
vt 0.315818 0.457983
vt 0.313338 0.441509
vt 0.306778 0.452276
vt 0.301383 0.463107
vt 0.720141 0.186721
vt 0.707101 0.185098
vt 0.707106 0.193822
vt 0.720160 0.195336
vt 0.732956 0.197891
vt 0.732990 0.188755
vt 0.720332 0.203089
vt 0.732994 0.205727
vt 0.745117 0.208343
vt 0.732700 0.213760
vt 0.744310 0.216631
vt 0.755855 0.219989
vt 0.743566 0.224021
vt 0.755107 0.228492
vt 0.766347 0.233136
vt 0.753883 0.238531
vt 0.765407 0.242854
vt 0.776090 0.247761
vt 0.764118 0.252999
vt 0.775259 0.257410
vt 0.783616 0.263554
vt 0.773357 0.267247
vt 0.781575 0.273645
vt 0.789272 0.279548
vt 0.373415 0.653882
vt 0.372168 0.645685
vt 0.362260 0.651817
vt 0.364897 0.660756
vt 0.369391 0.669671
vt 0.382225 0.647021
vt 0.355948 0.667688
vt 0.361746 0.676817
vt 0.368775 0.685603
vt 0.352879 0.683413
vt 0.360293 0.692043
vt 0.367639 0.699862
vt 0.351141 0.697907
vt 0.359000 0.705975
vt 0.367263 0.713870
vt 0.351115 0.712657
vt 0.359822 0.720707
vt 0.368583 0.728368
vt 0.353479 0.728270
vt 0.362246 0.735878
vt 0.370237 0.742809
vt 0.356517 0.743842
vt 0.364278 0.750661
vt 0.373238 0.757451
vt 0.359019 0.758808
vt 0.368046 0.765647
vt 0.376371 0.771874
vt 0.362795 0.773814
vt 0.371151 0.780157
vt 0.380083 0.786384
vt 0.365900 0.788517
vt 0.374887 0.794724
vt 0.383869 0.800587
vt 0.369384 0.802946
vt 0.378357 0.808855
vt 0.386986 0.814306
vt 0.373366 0.817277
vt 0.381791 0.822605
vt 0.367658 0.826010
vt 0.358487 0.820287
vt 0.353105 0.829133
vt 0.364001 0.811529
vt 0.354845 0.805435
vt 0.349207 0.814204
vt 0.360369 0.796851
vt 0.351588 0.790379
vt 0.345881 0.798952
vt 0.357518 0.782263
vt 0.348821 0.775414
vt 0.343104 0.783728
vt 0.353853 0.767055
vt 0.346232 0.760361
vt 0.340861 0.768743
vt 0.351207 0.751933
vt 0.342753 0.744511
vt 0.338002 0.753124
vt 0.347839 0.736251
vt 0.338845 0.728262
vt 0.334007 0.736664
vt 0.344485 0.720236
vt 0.335782 0.711805
vt 0.330036 0.719840
vt 0.342678 0.704326
vt 0.334347 0.695277
vt 0.327046 0.702716
vt 0.343284 0.689031
vt 0.335981 0.679620
vt 0.326785 0.685833
vt 0.346285 0.674207
vt 0.341274 0.664207
vt 0.330530 0.669788
vt 0.352048 0.658119
vt 0.350188 0.648157
vt 0.338529 0.653863
vt 0.361625 0.642902
vt 0.771501 0.276817
vt 0.761817 0.271063
vt 0.760562 0.280278
vt 0.770036 0.286418
vt 0.779258 0.283619
vt 0.763190 0.261487
vt 0.751633 0.257589
vt 0.750901 0.265855
vt 0.752344 0.249244
vt 0.739989 0.245935
vt 0.739051 0.254423
vt 0.741882 0.234290
vt 0.729454 0.230748
vt 0.727484 0.242820
vt 0.731867 0.220206
vt 0.719732 0.216971
vt 0.717305 0.227593
vt 0.279328 0.401719
vt 0.271915 0.400400
vt 0.272745 0.411579
vt 0.720420 0.211649
vt 0.707308 0.201343
vt 0.694031 0.193203
vt 0.694336 0.200966
vt 0.681195 0.193376
vt 0.681669 0.201562
vt 0.694081 0.184667
vt 0.681258 0.184783
vt 0.320467 0.430973
vt 0.328692 0.421018
vt 0.321824 0.415798
vt 0.314018 0.425996
vt 0.336682 0.426823
vt 0.345174 0.417164
vt 0.337764 0.411761
vt 0.353458 0.422934
vt 0.361356 0.412647
vt 0.353485 0.407307
vt 0.370239 0.418546
vt 0.387471 0.414306
vt 0.404164 0.409532
vt 0.421858 0.404703
vt 0.346967 0.402841
vt 0.338869 0.397077
vt 0.330089 0.406037
vt 0.656781 0.196131
vt 0.645616 0.198482
vt 0.646528 0.207927
vt 0.657693 0.205337
vt 0.669331 0.202989
vt 0.668750 0.194415
vt 0.271356 0.526881
vt 0.271466 0.539452
vt 0.278300 0.539014
vt 0.277766 0.526575
vt 0.276148 0.513990
vt 0.681660 0.207789
vt 0.681804 0.215358
vt 0.694434 0.215128
vt 0.694565 0.207824
vt 0.693205 0.224840
vt 0.705307 0.225661
vt 0.707063 0.215271
vt 0.707579 0.209081
vt 0.703401 0.239199
vt 0.715047 0.240650
vt 0.713437 0.251898
vt 0.726126 0.252643
vt 0.724958 0.261493
vt 0.738155 0.262435
vt 0.723648 0.270858
vt 0.736494 0.271891
vt 0.749152 0.275309
vt 0.196909 0.371006
vt 0.200170 0.381685
vt 0.207568 0.371126
vt 0.747227 0.283126
vt 0.759243 0.289263
vt 0.756820 0.297855
vt 0.338962 0.644614
vt 0.327297 0.648525
vt 0.327311 0.659343
vt 0.768740 0.296499
vt 0.767799 0.306139
vt 0.766434 0.315714
vt 0.317420 0.665227
vt 0.320817 0.675849
vt 0.777339 0.322517
vt 0.776816 0.332588
vt 0.312496 0.683062
vt 0.319153 0.693209
vt 0.306685 0.692282
vt 0.313427 0.701755
vt 0.321185 0.710911
vt 0.309056 0.711603
vt 0.316730 0.720037
vt 0.325344 0.728421
vt 0.321553 0.737890
vt 0.329586 0.745563
vt 0.324993 0.754750
vt 0.332847 0.761806
vt 0.327126 0.770357
vt 0.334970 0.777055
vt 0.321665 0.779262
vt 0.329132 0.785650
vt 0.337417 0.792368
vt 0.332182 0.801368
vt 0.340412 0.807900
vt 0.335734 0.816889
vt 0.344450 0.823096
vt 0.339535 0.831976
vt 0.785881 0.348220
vt 0.219279 0.371504
vt 0.634519 0.200631
vt 0.549015 0.422662
vt 0.695700 0.342512
vt 0.697161 0.358260
vt 0.709105 0.359821
vt 0.710458 0.369680
vt 0.720783 0.368046
vt 0.711304 0.376240
vt 0.721934 0.374609
vt 0.732934 0.375840
vt 0.732445 0.369190
vt 0.733804 0.385140
vt 0.745262 0.390600
vt 0.743609 0.371538
vt 0.745013 0.403631
vt 0.754480 0.406378
vt 0.754511 0.417587
vt 0.764685 0.418901
vt 0.762951 0.431176
vt 0.772206 0.432217
vt 0.770307 0.445493
vt 0.779604 0.446738
vt 0.777290 0.459345
vt 0.786384 0.460520
vt 0.784127 0.473076
vt 0.792107 0.473868
vt 0.788623 0.485443
vt 0.795146 0.485139
vt 0.799441 0.474829
vt 0.297385 0.842884
vt 0.291331 0.839534
vt 0.291669 0.851334
vt 0.298467 0.853274
vt 0.304471 0.855262
vt 0.300191 0.863899
vt 0.306403 0.864638
vt 0.312255 0.865312
vt 0.249375 0.218401
vt 0.243094 0.219982
vt 0.309501 0.873731
vt 0.294530 0.862982
vt 0.785153 0.496955
vt 0.832188 0.473042
vt 0.804077 0.511058
vt 0.801680 0.505393
vt 0.021674 0.314289
vt 0.250288 0.610112
vt 0.243998 0.607128
vt 0.233567 0.610933
vt 0.240450 0.615076
vt 0.227503 0.606474
vt 0.223786 0.616059
vt 0.230197 0.620057
vt 0.237381 0.624043
vt 0.214845 0.623134
vt 0.220972 0.626378
vt 0.227404 0.630030
vt 0.209421 0.620368
vt 0.205943 0.630912
vt 0.212117 0.633801
vt 0.218629 0.636993
vt 0.196521 0.638277
vt 0.202177 0.641014
vt 0.209177 0.644089
vt 0.196503 0.626163
vt 0.191942 0.635566
vt 0.187014 0.644404
vt 0.191565 0.647370
vt 0.197792 0.650558
vt 0.567268 0.257889
vt 0.183430 0.641544
vt 0.177238 0.649428
vt 0.181380 0.652674
vt 0.186344 0.655990
vt 0.561046 0.266511
vt 0.553798 0.275208
vt 0.559821 0.276373
vt 0.175096 0.660504
vt 0.545066 0.283694
vt 0.551994 0.285721
vt 0.559129 0.286752
vt 0.559097 0.297100
vt 0.709644 0.747035
vt 0.714594 0.742975
vt 0.288474 0.575011
vt 0.285352 0.570747
vt 0.284969 0.572847
vt 0.277675 0.352095
vt 0.277119 0.355226
vt 0.282898 0.356479
s 1
usemtl base_material
f 7/1/1 9/2/2 10/3/3
f 14/4/4 15/5/5 16/6/6
f 14/4/4 17/7/7 15/8/5
f 19/9/8 21/10/9 22/11/10
f 19/9/8 22/11/10 23/12/11
f 19/13/8 23/14/11 24/15/12
f 19/13/8 24/15/12 25/16/13
f 19/13/8 25/16/13 20/17/14
f 38/18/15 39/19/16 40/20/17
f 38/18/15 40/20/17 41/21/18
f 38/18/15 41/21/18 42/22/19
f 38/18/15 42/22/19 43/23/20
f 38/18/15 44/24/21 45/25/22
f 38/18/15 45/25/22 39/19/16
f 38/18/15 43/23/20 46/26/23
f 38/18/15 46/26/23 47/27/24
f 38/18/15 47/28/24 44/24/21
f 49/29/25 50/30/26 51/31/27
f 53/32/28 54/33/29 55/34/30
f 53/32/28 55/34/30 56/35/31
f 53/32/28 56/35/31 57/36/32
f 53/32/28 57/37/32 58/38/33
f 53/32/28 58/38/33 59/39/34
f 53/32/28 60/40/35 61/41/36
f 53/32/28 61/41/36 54/33/29
f 53/32/28 59/39/34 62/42/37
f 53/32/28 62/42/37 60/40/35
f 63/43/38 64/44/39 65/45/40
f 63/43/38 65/45/40 66/46/41
f 63/43/38 67/47/42 68/48/43
f 63/43/38 66/46/41 69/49/44
f 63/43/38 69/49/44 67/47/42
f 63/43/38 70/50/45 71/51/46
f 63/43/38 71/51/46 64/44/39
f 63/43/38 68/52/43 72/53/47
f 63/43/38 72/53/47 70/50/45
f 79/54/48 81/55/49 82/56/50
f 79/54/48 83/57/51 84/58/52
f 79/54/48 84/58/52 81/55/49
f 84/58/52 83/57/51 85/59/53
f 84/58/52 85/60/53 86/61/54
f 86/61/54 87/62/55 84/63/52
f 86/64/54 85/65/53 88/66/56
f 86/61/54 88/67/56 89/68/57
f 89/69/57 90/70/58 86/71/54
f 89/72/57 88/73/56 91/74/59
f 89/72/57 91/74/59 92/75/60
f 89/76/57 92/77/60 93/78/61
f 93/78/61 94/79/62 95/80/63
f 93/78/61 95/80/63 89/81/57
f 93/78/61 92/77/60 96/82/64
f 93/78/61 96/82/64 97/83/65
f 93/78/61 97/83/65 98/84/66
f 93/78/61 98/84/66 94/79/62
f 98/84/66 99/85/67 100/86/68
f 98/84/66 100/86/68 94/79/62
f 98/84/66 97/83/65 101/87/69
f 98/84/66 101/87/69 102/88/70
f 98/84/66 102/88/70 103/89/71
f 98/84/66 103/89/71 99/85/67
f 103/89/71 104/90/72 105/91/73
f 103/89/71 105/91/73 99/85/67
f 103/92/71 102/93/70 106/94/74
f 103/92/71 106/94/74 107/95/75
f 103/92/71 107/95/75 108/96/76
f 103/92/71 108/96/76 104/97/72
f 108/96/76 109/98/77 110/99/78
f 108/96/76 110/99/78 104/97/72
f 108/96/76 107/95/75 111/100/79
f 108/96/76 111/100/79 112/101/80
f 108/96/76 112/101/80 113/102/81
f 108/96/76 113/102/81 109/98/77
f 113/102/81 114/103/82 115/104/83
f 113/102/81 115/104/83 109/98/77
f 113/102/81 112/101/80 116/105/84
f 113/102/81 116/105/84 117/106/85
f 113/102/81 117/106/85 118/107/86
f 113/102/81 118/107/86 114/103/82
f 118/107/86 119/108/87 120/109/88
f 118/107/86 120/109/88 114/103/82
f 118/107/86 117/106/85 121/110/89
f 118/107/86 121/110/89 122/111/90
f 118/107/86 122/111/90 123/112/91
f 118/107/86 123/112/91 119/108/87
f 123/112/91 124/113/92 125/114/93
f 123/112/91 125/114/93 119/108/87
f 123/112/91 122/111/90 126/115/94
f 123/112/91 126/115/94 127/116/95
f 123/112/91 127/116/95 128/117/96
f 123/112/91 128/117/96 124/113/92
f 128/117/96 129/118/97 130/119/98
f 128/117/96 130/119/98 124/113/92
f 128/117/96 127/116/95 131/120/99
f 128/117/96 131/120/99 132/121/100
f 128/117/96 132/121/100 133/122/101
f 128/117/96 133/122/101 129/118/97
f 133/122/101 134/123/102 135/124/103
f 133/122/101 135/124/103 129/118/97
f 133/122/101 132/121/100 136/125/104
f 133/122/101 136/125/104 137/126/105
f 133/122/101 137/126/105 138/127/106
f 133/122/101 138/127/106 134/123/102
f 138/127/106 139/128/107 140/129/108
f 138/127/106 140/129/108 134/123/102
f 138/127/106 137/126/105 141/130/109
f 138/127/106 141/130/109 142/131/110
f 138/127/106 142/131/110 143/132/111
f 138/127/106 143/132/111 139/128/107
f 143/132/111 144/133/112 145/134/113
f 143/132/111 145/134/113 139/128/107
f 143/132/111 142/131/110 146/135/114
f 143/132/111 146/135/114 147/136/115
f 143/132/111 147/136/115 148/137/116
f 143/132/111 148/137/116 144/133/112
f 148/137/116 149/138/117 150/139/118
f 148/137/116 150/139/118 144/133/112
f 148/137/116 147/136/115 151/140/119
f 148/137/116 151/140/119 152/141/120
f 148/137/116 152/141/120 153/142/121
f 148/137/116 153/142/121 149/138/117
f 153/142/121 154/143/122 155/144/123
f 153/142/121 155/144/123 149/138/117
f 153/142/121 152/141/120 156/145/124
f 153/142/121 156/145/124 157/146/125
f 153/142/121 157/146/125 158/147/126
f 153/142/121 158/147/126 154/143/122
f 158/147/126 159/148/127 160/149/128
f 158/147/126 160/149/128 154/143/122
f 158/147/126 157/146/125 161/150/129
f 158/147/126 161/150/129 162/151/130
f 158/147/126 162/151/130 163/152/131
f 158/147/126 163/152/131 159/148/127
f 163/152/131 164/153/132 165/154/133
f 163/152/131 165/154/133 159/148/127
f 163/152/131 162/151/130 166/155/134
f 163/152/131 166/155/134 167/156/135
f 163/152/131 167/156/135 168/157/136
f 163/152/131 168/157/136 164/153/132
f 168/157/136 169/158/137 170/159/138
f 168/157/136 170/159/138 164/153/132
f 168/157/136 167/156/135 171/160/139
f 168/157/136 171/160/139 172/161/140
f 168/157/136 172/161/140 173/162/141
f 168/157/136 173/162/141 169/158/137
f 173/162/141 174/163/142 175/164/143
f 173/162/141 175/164/143 169/158/137
f 173/162/141 172/161/140 176/165/144
f 173/162/141 176/165/144 177/166/145
f 173/162/141 177/166/145 178/167/146
f 173/162/141 178/167/146 174/163/142
f 178/167/146 179/168/147 180/169/148
f 178/167/146 180/169/148 174/163/142
f 178/170/146 177/171/145 181/172/149
f 178/170/146 181/172/149 182/173/150
f 178/170/146 182/173/150 183/174/151
f 178/170/146 183/174/151 179/175/147
f 183/174/151 184/176/152 185/177/153
f 183/174/151 185/177/153 179/175/147
f 183/174/151 182/173/150 186/178/154
f 183/174/151 186/178/154 187/179/155
f 183/174/151 187/179/155 188/180/156
f 183/174/151 188/180/156 184/176/152
f 188/180/156 189/181/157 190/182/158
f 188/180/156 190/182/158 184/176/152
f 188/180/156 187/179/155 191/183/159
f 188/180/156 191/183/159 192/184/160
f 188/180/156 192/184/160 193/185/161
f 188/180/156 193/185/161 189/181/157
f 193/185/161 194/186/162 195/187/163
f 193/185/161 195/187/163 189/181/157
f 193/185/161 192/184/160 196/188/164
f 193/185/161 196/188/164 197/189/165
f 193/185/161 197/189/165 198/190/166
f 193/185/161 198/190/166 194/186/162
f 198/190/166 199/191/167 200/192/168
f 198/190/166 200/192/168 194/186/162
f 198/190/166 197/189/165 201/193/169
f 198/190/166 201/193/169 202/194/170
f 198/190/166 202/194/170 203/195/171
f 198/190/166 203/195/171 199/191/167
f 203/195/171 204/196/172 205/197/173
f 203/195/171 205/197/173 199/191/167
f 203/195/171 202/194/170 206/198/174
f 203/195/171 206/198/174 207/199/175
f 203/195/171 207/199/175 208/200/176
f 203/195/171 208/200/176 204/196/172
f 208/200/176 209/201/177 210/202/178
f 208/200/176 210/202/178 204/196/172
f 208/200/176 207/199/175 211/203/179
f 208/200/176 211/203/179 212/204/180
f 208/200/176 212/204/180 213/205/181
f 208/200/176 213/205/181 209/201/177
f 213/205/181 214/206/182 215/207/183
f 213/205/181 215/207/183 209/201/177
f 213/205/181 212/204/180 216/208/184
f 213/205/181 216/208/184 217/209/185
f 213/205/181 217/209/185 218/210/186
f 213/205/181 218/210/186 214/206/182
f 218/210/186 219/211/187 214/206/182
f 218/210/186 217/209/185 220/212/188
f 218/210/186 220/212/188 221/213/189
f 218/210/186 221/213/189 219/214/187
f 219/214/187 221/215/189 223/216/190
f 219/214/187 223/216/190 222/217/191
f 222/217/191 223/216/190 225/218/192
f 222/217/191 225/218/192 35/219/193
f 222/217/191 35/219/193 34/220/194
f 222/217/191 34/220/194 224/221/195
f 35/219/193 225/218/192 226/222/196
f 226/222/196 225/218/192 227/223/197
f 226/222/196 227/223/197 228/224/198
f 226/222/196 228/224/198 229/225/199
f 226/226/196 229/227/199 230/228/200
f 226/226/196 230/228/200 231/229/201
f 226/226/196 231/229/201 35/230/193
f 231/229/201 232/231/202 34/232/194
f 231/229/201 34/232/194 35/230/193
f 232/233/202 233/234/203 36/235/204
f 232/233/202 231/236/201 234/237/205
f 232/233/202 234/237/205 235/238/206
f 232/233/202 235/238/206 233/239/203
f 233/239/203 235/240/206 236/241/207
f 233/239/203 236/241/207 237/242/208
f 237/242/208 238/243/209 233/244/203
f 238/245/209 237/246/208 240/247/210
f 238/245/209 240/247/210 241/248/211
f 238/245/209 241/248/211 239/249/212
f 239/249/212 241/250/211 243/251/213
f 239/249/212 243/251/213 242/252/214
f 242/252/214 243/253/213 245/254/215
f 242/252/214 245/254/215 244/255/216
f 244/255/216 245/256/215 247/257/217
f 244/255/216 247/257/217 246/258/218
f 246/258/218 247/259/217 249/260/219
f 246/258/218 249/260/219 248/261/220
f 248/261/220 249/262/219 17/263/7
f 248/264/220 17/265/7 14/266/4
f 248/264/220 14/266/4 250/267/221
f 249/262/219 247/259/217 251/268/222
f 249/262/219 251/269/222 252/270/223
f 249/271/219 252/272/223 17/7/7
f 252/270/223 251/269/222 253/273/224
f 252/272/223 15/8/5 17/7/7
f 252/274/223 253/275/224 254/276/225
f 252/274/223 254/277/225 15/8/5
f 254/277/225 255/278/226 15/279/5
f 255/278/226 256/280/227 15/279/5
f 255/281/226 257/282/228 256/283/227
f 256/283/227 257/284/228 259/285/229
f 256/283/227 259/285/229 258/286/230
f 258/286/230 259/287/229 261/288/231
f 258/286/230 261/288/231 260/289/232
f 262/290/233 260/291/232 264/292/234
f 263/293/235 262/294/233 266/295/236
f 263/293/235 266/295/236 267/296/237
f 263/293/235 267/296/237 265/297/238
f 265/297/238 267/298/237 269/299/239
f 265/297/238 269/299/239 268/300/240
f 270/301/241 268/302/240 272/303/242
f 271/304/243 270/305/241 273/306/244
f 274/307/245 33/308/246 271/309/243
f 274/310/245 275/311/247 33/312/246
f 275/313/247 276/314/248 277/315/249
f 275/313/247 277/315/249 33/316/246
f 271/317/243 278/318/250 270/319/241
f 270/319/241 278/320/250 279/321/251
f 270/319/241 279/321/251 268/322/240
f 268/322/240 279/323/251 280/324/252
f 268/325/240 280/326/252 265/327/238
f 265/328/238 280/329/252 281/330/253
f 265/327/238 281/331/253 263/332/235
f 263/333/235 281/334/253 282/335/254
f 263/333/235 282/335/254 262/336/233
f 262/336/233 282/337/254 283/338/255
f 262/336/233 283/338/255 284/339/256
f 262/336/233 284/339/256 260/340/232
f 284/339/256 285/341/257 258/342/230
f 284/339/256 258/343/230 260/340/232
f 285/341/257 284/344/256 286/345/258
f 285/341/257 15/5/5 256/280/227
f 285/341/257 256/346/227 258/342/230
f 285/347/257 286/348/258 287/349/259
f 285/347/257 287/349/259 16/6/6
f 285/347/257 16/6/6 15/5/5
f 287/349/259 286/348/258 288/350/260
f 287/351/259 288/350/260 289/352/261
f 287/351/259 289/353/261 290/354/262
f 287/351/259 290/354/262 16/355/6
f 290/354/262 289/353/261 291/356/263
f 290/354/262 14/357/4 16/355/6
f 290/358/262 292/359/264 293/360/265
f 290/358/262 293/360/265 14/361/4
f 293/360/265 250/362/221 14/361/4
f 250/362/221 293/363/265 294/364/266
f 250/365/221 294/366/266 295/367/267
f 250/365/221 295/368/267 248/369/220
f 295/368/267 296/370/268 246/371/218
f 295/368/267 246/371/218 248/372/220
f 296/370/268 297/373/269 244/374/216
f 296/370/268 244/374/216 246/375/218
f 297/373/269 298/376/270 242/377/214
f 297/373/269 242/377/214 244/378/216
f 298/376/270 299/379/271 239/380/212
f 298/376/270 239/380/212 242/381/214
f 299/379/271 300/382/272 238/383/209
f 299/379/271 238/383/209 239/384/212
f 300/382/272 301/385/273 238/243/209
f 301/385/273 300/386/272 302/387/274
f 301/385/273 36/388/204 233/389/203
f 301/385/273 233/244/203 238/243/209
f 36/388/204 301/390/273 303/391/275
f 36/392/204 303/391/275 224/393/195
f 36/392/204 224/221/195 34/220/194
f 303/391/275 301/390/273 302/387/274
f 303/391/275 304/394/276 224/393/195
f 304/394/276 303/395/275 305/396/277
f 304/394/276 306/397/278 222/398/191
f 304/394/276 222/399/191 224/393/195
f 306/397/278 304/400/276 307/401/279
f 306/397/278 308/402/280 219/211/187
f 306/397/278 219/403/187 222/398/191
f 308/402/280 306/404/278 309/405/281
f 308/402/280 309/405/281 310/406/282
f 308/402/280 310/406/282 311/407/283
f 308/402/280 311/407/283 215/207/183
f 308/402/280 215/207/183 214/206/182
f 308/402/280 214/206/182 219/211/187
f 311/407/283 310/406/282 312/408/284
f 311/407/283 312/408/284 313/409/285
f 311/407/283 313/409/285 314/410/286
f 311/407/283 314/410/286 210/202/178
f 311/407/283 210/202/178 209/201/177
f 311/407/283 209/201/177 215/207/183
f 314/410/286 313/409/285 315/411/287
f 314/410/286 315/411/287 316/412/288
f 314/410/286 316/412/288 317/413/289
f 314/410/286 317/413/289 205/197/173
f 314/410/286 205/197/173 204/196/172
f 314/410/286 204/196/172 210/202/178
f 317/413/289 316/412/288 318/414/290
f 317/413/289 318/414/290 319/415/291
f 317/413/289 319/415/291 320/416/292
f 317/413/289 320/416/292 200/192/168
f 317/413/289 200/192/168 199/191/167
f 317/413/289 199/191/167 205/197/173
f 320/416/292 319/415/291 321/417/293
f 320/416/292 321/417/293 322/418/294
f 320/416/292 322/418/294 323/419/295
f 320/416/292 323/419/295 195/187/163
f 320/416/292 195/187/163 194/186/162
f 320/416/292 194/186/162 200/192/168
f 323/419/295 322/418/294 324/420/296
f 323/419/295 324/420/296 325/421/297
f 323/419/295 325/421/297 326/422/298
f 323/419/295 326/422/298 190/182/158
f 323/419/295 190/182/158 189/181/157
f 323/419/295 189/181/157 195/187/163
f 326/422/298 325/421/297 327/423/299
f 326/422/298 327/423/299 328/424/300
f 326/422/298 328/424/300 329/425/301
f 326/422/298 329/425/301 185/177/153
f 326/422/298 185/177/153 184/176/152
f 326/422/298 184/176/152 190/182/158
f 329/425/301 328/424/300 330/426/302
f 329/425/301 330/426/302 331/427/303
f 329/425/301 331/427/303 332/428/304
f 329/425/301 332/428/304 180/429/148
f 329/425/301 180/429/148 179/175/147
f 329/425/301 179/175/147 185/177/153
f 332/428/304 331/427/303 333/430/305
f 332/428/304 333/430/305 334/431/306
f 332/432/304 334/433/306 335/434/307
f 332/432/304 335/434/307 175/164/143
f 332/428/304 175/435/143 174/436/142
f 332/428/304 174/436/142 180/429/148
f 335/434/307 334/433/306 336/437/308
f 335/434/307 336/437/308 337/438/309
f 335/434/307 337/438/309 338/439/310
f 335/434/307 338/439/310 170/159/138
f 335/434/307 170/159/138 169/158/137
f 335/434/307 169/158/137 175/164/143
f 338/439/310 337/438/309 339/440/311
f 338/439/310 339/440/311 340/441/312
f 338/439/310 340/441/312 341/442/313
f 338/439/310 341/442/313 165/154/133
f 338/439/310 165/154/133 164/153/132
f 338/439/310 164/153/132 170/159/138
f 341/442/313 340/441/312 342/443/314
f 341/442/313 342/443/314 343/444/315
f 341/442/313 343/444/315 344/445/316
f 341/442/313 344/445/316 160/149/128
f 341/442/313 160/149/128 159/148/127
f 341/442/313 159/148/127 165/154/133
f 344/445/316 343/444/315 345/446/317
f 344/445/316 345/446/317 346/447/318
f 344/445/316 346/447/318 347/448/319
f 344/445/316 347/448/319 155/144/123
f 344/445/316 155/144/123 154/143/122
f 344/445/316 154/143/122 160/149/128
f 347/448/319 346/447/318 348/449/320
f 347/448/319 348/449/320 349/450/321
f 347/448/319 349/450/321 350/451/322
f 347/448/319 350/451/322 150/139/118
f 347/448/319 150/139/118 149/138/117
f 347/448/319 149/138/117 155/144/123
f 350/451/322 349/450/321 351/452/323
f 350/451/322 351/452/323 352/453/324
f 350/451/322 352/453/324 353/454/325
f 350/451/322 353/454/325 145/134/113
f 350/451/322 145/134/113 144/133/112
f 350/451/322 144/133/112 150/139/118
f 353/454/325 352/453/324 354/455/326
f 353/454/325 354/455/326 355/456/327
f 353/454/325 355/456/327 356/457/328
f 353/454/325 356/457/328 140/129/108
f 353/454/325 140/129/108 139/128/107
f 353/454/325 139/128/107 145/134/113
f 356/457/328 355/456/327 357/458/329
f 356/457/328 357/458/329 358/459/330
f 356/457/328 358/459/330 359/460/331
f 356/457/328 359/460/331 135/124/103
f 356/457/328 135/124/103 134/123/102
f 356/457/328 134/123/102 140/129/108
f 359/460/331 358/459/330 360/461/332
f 359/460/331 360/461/332 361/462/333
f 359/460/331 361/462/333 362/463/334
f 359/460/331 362/463/334 130/119/98
f 359/460/331 130/119/98 129/118/97
f 359/460/331 129/118/97 135/124/103
f 362/463/334 361/462/333 363/464/335
f 362/463/334 363/464/335 364/465/336
f 362/463/334 364/465/336 365/466/337
f 362/463/334 365/466/337 125/114/93
f 362/463/334 125/114/93 124/113/92
f 362/463/334 124/113/92 130/119/98
f 365/466/337 364/465/336 366/467/338
f 365/466/337 366/467/338 367/468/339
f 365/466/337 367/468/339 368/469/340
f 365/466/337 368/469/340 120/109/88
f 365/466/337 120/109/88 119/108/87
f 365/466/337 119/108/87 125/114/93
f 368/469/340 367/468/339 369/470/341
f 368/469/340 369/470/341 370/471/342
f 368/469/340 370/471/342 371/472/343
f 368/469/340 371/472/343 115/104/83
f 368/469/340 115/104/83 114/103/82
f 368/469/340 114/103/82 120/109/88
f 371/473/343 370/474/342 372/475/344
f 371/473/343 372/475/344 373/476/345
f 371/473/343 373/476/345 374/477/346
f 371/473/343 374/477/346 110/478/78
f 371/472/343 110/99/78 109/98/77
f 371/472/343 109/98/77 115/104/83
f 374/477/346 373/476/345 375/479/347
f 374/477/346 375/479/347 376/480/348
f 374/477/346 376/480/348 377/481/349
f 374/477/346 377/481/349 105/91/73
f 374/477/346 105/91/73 104/90/72
f 374/477/346 104/90/72 110/478/78
f 377/481/349 376/480/348 378/482/350
f 377/481/349 378/483/350 95/484/63
f 377/481/349 95/484/63 100/86/68
f 377/481/349 100/86/68 99/85/67
f 377/481/349 99/85/67 105/91/73
f 95/485/63 378/486/350 379/487/351
f 95/485/63 379/488/351 90/489/58
f 95/484/63 94/79/62 100/86/68
f 90/489/58 379/488/351 380/490/352
f 90/489/58 380/491/352 87/492/55
f 90/489/58 89/493/57 95/494/63
f 87/492/55 380/491/352 381/495/353
f 87/492/55 381/496/353 382/497/354
f 87/492/55 86/498/54 90/499/58
f 382/497/354 381/496/353 383/500/355
f 382/497/354 383/501/355 82/502/50
f 382/497/354 82/502/50 81/503/49
f 382/497/354 81/503/49 84/63/52
f 382/497/354 84/63/52 87/62/55
f 82/502/50 383/501/355 384/504/356
f 82/502/50 384/505/356 385/506/357
f 385/506/357 384/505/356 386/507/358
f 385/506/357 387/508/359 79/509/48
f 385/506/357 79/510/48 82/56/50
f 387/511/359 385/512/357 388/513/360
f 387/514/359 389/515/361 390/516/362
f 387/514/359 390/516/362 80/517/363
f 387/518/359 80/519/363 79/520/48
f 80/517/363 390/516/362 391/521/364
f 80/522/363 391/523/364 83/524/51
f 83/524/51 79/525/48 80/519/363
f 83/526/51 391/527/364 392/528/365
f 83/524/51 392/529/365 85/530/53
f 85/531/53 392/532/365 393/533/366
f 85/531/53 393/533/366 394/534/367
f 85/530/53 394/535/367 88/536/56
f 88/537/56 394/534/367 395/538/368
f 88/537/56 395/538/368 396/539/369
f 88/537/56 396/539/369 397/540/370
f 397/540/370 91/74/59 88/73/56
f 397/540/370 396/539/369 398/541/371
f 397/540/370 398/541/371 399/542/372
f 397/540/370 399/542/372 400/543/373
f 397/540/370 400/543/373 91/74/59
f 400/543/373 96/544/64 92/75/60
f 400/543/373 92/75/60 91/74/59
f 400/543/373 399/542/372 401/545/374
f 400/543/373 401/545/374 402/546/375
f 400/543/373 402/546/375 403/547/376
f 400/543/373 403/547/376 96/544/64
f 403/547/376 101/548/69 97/549/65
f 403/547/376 97/549/65 96/544/64
f 403/547/376 402/546/375 404/550/377
f 403/547/376 404/550/377 405/551/378
f 403/547/376 405/551/378 406/552/379
f 403/547/376 406/552/379 101/548/69
f 406/553/379 106/94/74 102/93/70
f 406/553/379 102/93/70 101/554/69
f 406/552/379 405/551/378 407/555/380
f 406/552/379 407/555/380 408/556/381
f 406/553/379 408/557/381 409/558/382
f 406/553/379 409/558/382 106/94/74
f 409/558/382 111/100/79 107/95/75
f 409/558/382 107/95/75 106/94/74
f 409/558/382 408/557/381 410/559/383
f 409/558/382 410/559/383 411/560/384
f 409/558/382 411/560/384 412/561/385
f 409/558/382 412/561/385 111/100/79
f 412/561/385 116/105/84 112/101/80
f 412/561/385 112/101/80 111/100/79
f 412/561/385 411/560/384 413/562/386
f 412/561/385 413/562/386 414/563/387
f 412/561/385 414/563/387 415/564/388
f 412/561/385 415/564/388 116/105/84
f 415/564/388 121/110/89 117/106/85
f 415/564/388 117/106/85 116/105/84
f 415/564/388 414/563/387 416/565/389
f 415/564/388 416/565/389 417/566/390
f 415/564/388 417/566/390 418/567/391
f 415/564/388 418/567/391 121/110/89
f 418/567/391 126/115/94 122/111/90
f 418/567/391 122/111/90 121/110/89
f 418/567/391 417/566/390 419/568/392
f 418/567/391 419/568/392 420/569/393
f 418/567/391 420/569/393 421/570/394
f 418/567/391 421/570/394 126/115/94
f 421/570/394 131/120/99 127/116/95
f 421/570/394 127/116/95 126/115/94
f 421/570/394 420/569/393 422/571/395
f 421/570/394 422/571/395 423/572/396
f 421/570/394 423/572/396 424/573/397
f 421/570/394 424/573/397 131/120/99
f 424/573/397 136/125/104 132/121/100
f 424/573/397 132/121/100 131/120/99
f 424/573/397 423/572/396 425/574/398
f 424/573/397 425/574/398 426/575/399
f 424/573/397 426/575/399 427/576/400
f 424/573/397 427/576/400 136/125/104
f 427/576/400 141/130/109 137/126/105
f 427/576/400 137/126/105 136/125/104
f 427/576/400 426/575/399 428/577/401
f 427/576/400 428/577/401 429/578/402
f 427/576/400 429/578/402 430/579/403
f 427/576/400 430/579/403 141/130/109
f 430/579/403 146/135/114 142/131/110
f 430/579/403 142/131/110 141/130/109
f 430/579/403 429/578/402 431/580/404
f 430/579/403 431/580/404 432/581/405
f 430/579/403 432/581/405 433/582/406
f 430/579/403 433/582/406 146/135/114
f 433/582/406 151/140/119 147/136/115
f 433/582/406 147/136/115 146/135/114
f 433/582/406 432/581/405 434/583/407
f 433/582/406 434/583/407 435/584/408
f 433/582/406 435/584/408 436/585/409
f 433/582/406 436/585/409 151/140/119
f 436/585/409 156/145/124 152/141/120
f 436/585/409 152/141/120 151/140/119
f 436/585/409 435/584/408 437/586/410
f 436/585/409 437/586/410 438/587/411
f 436/585/409 438/587/411 439/588/412
f 436/585/409 439/588/412 156/145/124
f 439/588/412 161/150/129 157/146/125
f 439/588/412 157/146/125 156/145/124
f 439/588/412 438/587/411 440/589/413
f 439/588/412 440/589/413 441/590/414
f 439/588/412 441/590/414 442/591/415
f 439/588/412 442/591/415 161/150/129
f 442/591/415 166/155/134 162/151/130
f 442/591/415 162/151/130 161/150/129
f 442/591/415 441/590/414 443/592/416
f 442/591/415 443/592/416 444/593/417
f 442/591/415 444/593/417 445/594/418
f 442/591/415 445/594/418 166/155/134
f 445/594/418 171/160/139 167/156/135
f 445/594/418 167/156/135 166/155/134
f 445/594/418 444/593/417 446/595/419
f 445/594/418 446/595/419 447/596/420
f 445/594/418 447/596/420 448/597/421
f 445/594/418 448/597/421 171/160/139
f 448/597/421 176/165/144 172/161/140
f 448/597/421 172/161/140 171/160/139
f 448/597/421 447/596/420 449/598/422
f 448/597/421 449/598/422 450/599/423
f 448/597/421 450/599/423 451/600/424
f 448/597/421 451/600/424 176/165/144
f 451/600/424 181/601/149 177/166/145
f 451/600/424 177/166/145 176/165/144
f 451/602/424 450/603/423 452/604/425
f 451/602/424 452/604/425 453/605/426
f 451/602/424 453/605/426 454/606/427
f 451/602/424 454/606/427 181/607/149
f 454/608/427 186/178/154 182/173/150
f 454/608/427 182/173/150 181/172/149
f 454/606/427 453/605/426 455/609/428
f 454/606/427 455/609/428 456/610/429
f 454/608/427 456/611/429 457/612/430
f 454/608/427 457/612/430 186/178/154
f 457/612/430 191/183/159 187/179/155
f 457/612/430 187/179/155 186/178/154
f 457/612/430 456/611/429 458/613/431
f 457/612/430 458/613/431 459/614/432
f 457/612/430 459/614/432 460/615/433
f 457/612/430 460/615/433 191/183/159
f 460/615/433 196/188/164 192/184/160
f 460/615/433 192/184/160 191/183/159
f 460/615/433 459/614/432 461/616/434
f 460/615/433 461/616/434 462/617/435
f 460/615/433 462/617/435 463/618/436
f 460/615/433 463/618/436 196/188/164
f 463/618/436 201/193/169 197/189/165
f 463/618/436 197/189/165 196/188/164
f 463/619/436 462/620/435 464/621/437
f 463/619/436 464/621/437 465/622/438
f 463/618/436 465/623/438 466/624/439
f 463/618/436 466/624/439 201/193/169
f 466/624/439 206/198/174 202/194/170
f 466/624/439 202/194/170 201/193/169
f 466/625/439 465/622/438 467/626/440
f 466/625/439 467/626/440 468/627/441
f 466/625/439 468/627/441 469/628/442
f 466/625/439 469/628/442 206/629/174
f 469/630/442 211/203/179 207/199/175
f 469/630/442 207/199/175 206/198/174
f 469/630/442 468/631/441 470/632/443
f 469/630/442 470/632/443 471/633/444
f 469/630/442 471/633/444 472/634/445
f 469/630/442 472/634/445 211/203/179
f 472/634/445 216/208/184 212/204/180
f 472/634/445 212/204/180 211/203/179
f 472/634/445 471/633/444 473/635/446
f 472/634/445 473/635/446 474/636/447
f 472/634/445 474/636/447 475/637/448
f 472/634/445 475/637/448 216/208/184
f 475/637/448 220/212/188 217/209/185
f 475/637/448 217/209/185 216/208/184
f 475/637/448 474/636/447 476/638/449
f 475/637/448 476/638/449 477/639/450
f 475/637/448 477/639/450 478/640/451
f 475/637/448 478/640/451 220/212/188
f 478/640/451 221/213/189 220/212/188
f 478/640/451 477/639/450 479/641/452
f 478/640/451 479/641/452 480/642/453
f 478/640/451 480/642/453 227/223/197
f 478/640/451 227/223/197 221/215/189
f 480/642/453 479/641/452 481/643/454
f 480/642/453 481/643/454 482/644/455
f 480/642/453 482/644/455 228/224/198
f 480/642/453 228/224/198 227/223/197
f 482/644/455 481/643/454 483/645/456
f 482/644/455 483/645/456 484/646/457
f 482/644/455 484/646/457 229/225/199
f 482/644/455 229/225/199 228/224/198
f 484/646/457 483/645/456 485/647/458
f 484/646/457 485/647/458 486/648/459
f 484/646/457 486/648/459 229/227/199
f 486/648/459 485/647/458 487/649/460
f 486/648/459 487/649/460 488/650/461
f 486/648/459 488/650/461 489/651/462
f 486/648/459 489/651/462 229/227/199
f 489/651/462 230/228/200 229/227/199
f 489/651/462 488/650/461 490/652/463
f 489/651/462 491/653/464 230/654/200
f 491/653/464 234/237/205 231/236/201
f 491/653/464 231/236/201 230/654/200
f 491/653/464 489/655/462 492/656/465
f 234/657/205 491/658/464 493/659/466
f 234/657/205 493/659/466 494/660/467
f 234/657/205 494/660/467 495/661/468
f 234/657/205 495/661/468 235/240/206
f 495/661/468 236/241/207 235/240/206
f 495/661/468 496/662/469 236/663/207
f 496/662/469 240/247/210 237/246/208
f 496/662/469 237/246/208 236/663/207
f 496/662/469 495/664/468 497/665/470
f 240/666/210 496/667/469 498/668/471
f 240/666/210 498/668/471 499/669/472
f 240/666/210 499/669/472 500/670/473
f 240/666/210 500/670/473 241/250/211
f 500/670/473 243/251/213 241/250/211
f 500/670/473 501/671/474 243/253/213
f 501/671/474 245/254/215 243/253/213
f 501/671/474 500/672/473 502/673/475
f 501/671/474 503/674/476 245/256/215
f 503/674/476 247/257/217 245/256/215
f 503/674/476 501/675/474 504/676/477
f 503/674/476 251/268/222 247/259/217
f 503/677/476 504/678/477 505/679/478
f 503/677/476 505/679/478 251/269/222
f 505/679/478 504/678/477 506/680/479
f 505/679/478 253/273/224 251/269/222
f 505/681/478 506/682/479 507/683/480
f 505/681/478 507/683/480 253/684/224
f 507/683/480 506/682/479 508/685/481
f 507/683/480 509/686/482 253/684/224
f 509/687/482 254/276/225 253/275/224
f 509/688/482 507/689/480 510/690/483
f 509/688/482 511/691/484 254/692/225
f 511/691/484 255/693/226 254/692/225
f 511/691/484 509/694/482 512/695/485
f 511/691/484 513/696/486 255/697/226
f 513/696/486 257/282/228 255/697/226
f 513/696/486 511/698/484 514/699/487
f 513/696/486 515/700/488 257/284/228
f 515/700/488 259/285/229 257/284/228
f 515/700/488 513/701/486 516/702/489
f 515/700/488 517/703/490 259/287/229
f 517/704/490 261/705/231 259/706/229
f 261/707/231 264/292/234 260/291/232
f 261/707/231 517/708/490 518/709/491
f 261/707/231 518/709/491 264/710/234
f 264/710/234 266/295/236 262/294/233
f 264/710/234 518/711/491 519/712/492
f 264/710/234 519/712/492 266/713/236
f 266/713/236 519/714/492 520/715/493
f 266/713/236 520/715/493 521/716/494
f 266/713/236 521/716/494 267/298/237
f 521/716/494 269/299/239 267/298/237
f 521/716/494 522/717/495 269/718/239
f 522/717/495 272/719/242 268/720/240
f 522/717/495 268/720/240 269/718/239
f 522/717/495 521/721/494 523/722/496
f 272/723/242 273/306/244 270/305/241
f 273/724/244 272/725/242 524/726/497
f 273/727/244 274/728/245 271/729/243
f 274/730/245 273/731/244 525/732/498
f 274/733/245 526/734/499 275/735/247
f 526/734/499 274/736/245 525/737/498
f 526/734/499 37/738/500 275/739/247
f 37/738/500 276/740/248 275/741/247
f 276/742/248 18/743/501 527/744/502
f 527/745/502 528/746/503 277/747/249
f 527/745/502 277/747/249 276/748/248
f 33/749/246 529/750/504 278/751/250
f 530/752/505 278/753/250 529/754/506
f 530/755/505 279/321/251 278/320/250
f 279/756/251 530/757/505 531/758/507
f 279/756/251 531/758/507 280/759/252
f 280/759/252 531/760/507 532/761/508
f 280/759/252 532/761/508 533/762/509
f 280/759/252 533/762/509 281/334/253
f 533/762/509 534/763/510 282/337/254
f 533/762/509 282/335/254 281/334/253
f 534/763/510 533/764/509 535/765/511
f 534/763/510 536/766/512 283/767/255
f 534/763/510 283/338/255 282/337/254
f 536/766/512 534/768/510 537/769/513
f 536/766/512 286/345/258 284/344/256
f 536/766/512 284/344/256 283/767/255
f 536/770/512 537/769/513 538/771/514
f 536/770/512 538/772/514 288/350/260
f 536/770/512 288/350/260 286/348/258
f 538/772/514 539/773/515 540/774/516
f 538/772/514 540/774/516 289/352/261
f 538/772/514 289/352/261 288/350/260
f 289/775/261 540/776/516 541/777/517
f 289/775/261 541/777/517 542/778/518
f 289/775/261 542/778/518 291/779/263
f 291/779/263 542/780/518 543/781/519
f 291/779/263 543/782/519 544/783/520
f 291/779/263 544/783/520 290/784/262
f 544/783/520 292/785/264 290/784/262
f 292/786/264 544/787/520 545/788/521
f 292/789/264 545/790/521 546/791/522
f 292/792/264 546/793/522 293/794/265
f 546/793/522 294/795/266 293/794/265
f 294/795/266 546/796/522 547/797/523
f 294/798/266 547/799/523 548/800/524
f 548/801/524 549/802/525 550/803/526
f 548/801/524 550/803/526 295/804/267
f 548/801/524 295/367/267 294/366/266
f 550/803/526 549/802/525 551/805/527
f 550/803/526 552/806/528 296/807/268
f 550/803/526 296/808/268 295/804/267
f 552/806/528 550/809/526 553/810/529
f 552/806/528 554/811/530 297/812/269
f 552/806/528 297/813/269 296/807/268
f 554/811/530 552/814/528 555/815/531
f 554/811/530 555/816/531 556/817/532
f 554/811/530 556/817/532 298/818/270
f 554/811/530 298/819/270 297/812/269
f 556/817/532 555/816/531 557/820/533
f 556/817/532 557/821/533 558/822/534
f 556/817/532 558/822/534 299/823/271
f 556/817/532 299/824/271 298/818/270
f 558/822/534 557/821/533 559/825/535
f 558/822/534 559/826/535 302/827/274
f 558/822/534 302/827/274 300/828/272
f 558/822/534 300/829/272 299/823/271
f 302/827/274 559/826/535 305/830/277
f 302/827/274 305/396/277 303/395/275
f 305/830/277 559/825/535 560/831/536
f 305/830/277 560/831/536 307/832/279
f 305/830/277 307/401/279 304/400/276
f 307/832/279 560/833/536 561/834/537
f 307/832/279 561/834/537 562/835/538
f 307/832/279 562/835/538 309/405/281
f 307/832/279 309/405/281 306/404/278
f 562/835/538 561/836/537 563/837/539
f 562/835/538 563/837/539 564/838/540
f 562/835/538 564/838/540 312/408/284
f 562/835/538 312/408/284 310/406/282
f 562/835/538 310/406/282 309/405/281
f 564/838/540 563/837/539 565/839/541
f 564/838/540 565/839/541 566/840/542
f 564/838/540 566/840/542 567/841/543
f 564/838/540 567/841/543 315/411/287
f 564/838/540 315/411/287 313/409/285
f 564/838/540 313/409/285 312/408/284
f 567/841/543 566/840/542 568/842/544
f 567/841/543 568/842/544 569/843/545
f 567/841/543 569/843/545 570/844/546
f 567/841/543 570/844/546 318/414/290
f 567/841/543 318/414/290 316/412/288
f 567/841/543 316/412/288 315/411/287
f 570/844/546 569/843/545 571/845/547
f 570/844/546 571/845/547 572/846/548
f 570/844/546 572/846/548 573/847/549
f 570/844/546 573/847/549 321/417/293
f 570/844/546 321/417/293 319/415/291
f 570/844/546 319/415/291 318/414/290
f 573/847/549 572/846/548 574/848/550
f 573/847/549 574/848/550 575/849/551
f 573/847/549 575/849/551 576/850/552
f 573/847/549 576/850/552 324/420/296
f 573/847/549 324/420/296 322/418/294
f 573/847/549 322/418/294 321/417/293
f 576/850/552 575/849/551 577/851/553
f 576/850/552 577/851/553 578/852/554
f 576/850/552 578/852/554 579/853/555
f 576/850/552 579/853/555 327/423/299
f 576/850/552 327/423/299 325/421/297
f 576/850/552 325/421/297 324/420/296
f 579/853/555 578/852/554 580/854/556
f 579/853/555 580/854/556 581/855/557
f 579/853/555 581/855/557 582/856/558
f 579/853/555 582/856/558 330/426/302
f 579/853/555 330/426/302 328/424/300
f 579/853/555 328/424/300 327/423/299
f 582/856/558 581/855/557 583/857/559
f 582/856/558 583/857/559 584/858/560
f 582/856/558 584/858/560 585/859/561
f 582/856/558 585/859/561 333/430/305
f 582/856/558 333/430/305 331/427/303
f 582/856/558 331/427/303 330/426/302
f 585/859/561 584/858/560 586/860/562
f 585/859/561 586/860/562 587/861/563
f 585/859/561 587/861/563 588/862/564
f 585/859/561 588/862/564 336/863/308
f 585/859/561 336/863/308 334/431/306
f 585/859/561 334/431/306 333/430/305
f 588/862/564 587/861/563 589/864/565
f 588/862/564 589/864/565 590/865/566
f 588/866/564 590/867/566 591/868/567
f 588/866/564 591/868/567 339/440/311
f 588/866/564 339/440/311 337/438/309
f 588/866/564 337/438/309 336/437/308
f 591/868/567 590/867/566 592/869/568
f 591/868/567 592/869/568 593/870/569
f 591/868/567 593/870/569 594/871/570
f 591/868/567 594/871/570 342/443/314
f 591/868/567 342/443/314 340/441/312
f 591/868/567 340/441/312 339/440/311
f 594/871/570 593/870/569 595/872/571
f 594/871/570 595/872/571 596/873/572
f 594/871/570 596/873/572 597/874/573
f 594/871/570 597/874/573 345/446/317
f 594/871/570 345/446/317 343/444/315
f 594/871/570 343/444/315 342/443/314
f 597/874/573 596/873/572 598/875/574
f 597/874/573 598/875/574 599/876/575
f 597/874/573 599/876/575 600/877/576
f 597/874/573 600/877/576 348/449/320
f 597/874/573 348/449/320 346/447/318
f 597/874/573 346/447/318 345/446/317
f 600/877/576 599/876/575 601/878/577
f 600/877/576 601/878/577 602/879/578
f 600/877/576 602/879/578 603/880/579
f 600/877/576 603/880/579 351/452/323
f 600/877/576 351/452/323 349/450/321
f 600/877/576 349/450/321 348/449/320
f 603/880/579 602/879/578 604/881/580
f 603/880/579 604/881/580 605/882/581
f 603/880/579 605/882/581 606/883/582
f 603/880/579 606/883/582 354/455/326
f 603/880/579 354/455/326 352/453/324
f 603/880/579 352/453/324 351/452/323
f 606/883/582 605/882/581 607/884/583
f 606/883/582 607/884/583 608/885/584
f 606/883/582 608/885/584 609/886/585
f 606/883/582 609/886/585 357/458/329
f 606/883/582 357/458/329 355/456/327
f 606/883/582 355/456/327 354/455/326
f 609/886/585 608/885/584 610/887/586
f 609/886/585 610/887/586 611/888/587
f 609/886/585 611/888/587 612/889/588
f 609/886/585 612/889/588 360/461/332
f 609/886/585 360/461/332 358/459/330
f 609/886/585 358/459/330 357/458/329
f 612/889/588 611/888/587 613/890/589
f 612/889/588 613/890/589 614/891/590
f 612/889/588 614/891/590 615/892/591
f 612/889/588 615/892/591 363/464/335
f 612/889/588 363/464/335 361/462/333
f 612/889/588 361/462/333 360/461/332
f 615/892/591 614/891/590 616/893/592
f 615/892/591 616/893/592 617/894/593
f 615/892/591 617/894/593 618/895/594
f 615/892/591 618/895/594 366/467/338
f 615/892/591 366/467/338 364/465/336
f 615/892/591 364/465/336 363/464/335
f 618/896/594 617/897/593 619/898/595
f 618/896/594 619/898/595 620/899/596
f 618/896/594 620/899/596 621/900/597
f 618/896/594 621/900/597 369/901/341
f 618/895/594 369/470/341 367/468/339
f 618/895/594 367/468/339 366/467/338
f 621/900/597 620/899/596 622/902/598
f 621/900/597 622/902/598 623/903/599
f 621/900/597 623/903/599 624/904/600
f 621/900/597 624/904/600 372/475/344
f 621/900/597 372/475/344 370/474/342
f 621/900/597 370/474/342 369/901/341
f 624/904/600 623/903/599 625/905/601
f 624/904/600 625/905/601 626/906/602
f 624/904/600 626/906/602 378/907/350
f 624/904/600 378/907/350 375/479/347
f 624/904/600 375/479/347 373/476/345
f 624/904/600 373/476/345 372/475/344
f 378/908/350 626/909/602 627/910/603
f 378/908/350 627/911/603 379/912/351
f 378/907/350 376/480/348 375/479/347
f 379/912/351 627/911/603 628/913/604
f 379/912/351 628/914/604 380/915/352
f 380/915/352 628/914/604 629/916/605
f 380/915/352 629/917/605 381/918/353
f 381/918/353 629/917/605 630/919/606
f 381/918/353 630/920/606 383/921/355
f 383/921/355 630/920/606 631/922/607
f 383/921/355 631/923/607 384/924/356
f 384/924/356 631/923/607 632/925/608
f 384/924/356 632/926/608 386/927/358
f 386/927/358 632/926/608 633/928/609
f 386/927/358 633/929/609 388/930/360
f 388/931/360 633/932/609 634/933/610
f 388/931/360 634/933/610 635/934/611
f 388/931/360 385/512/357 386/935/358
f 388/936/360 635/934/611 636/937/612
f 388/936/360 636/937/612 637/938/613
f 388/936/360 637/938/613 638/939/614
f 388/936/360 638/940/614 387/941/359
f 638/940/614 639/942/615 389/943/361
f 638/940/614 389/515/361 387/941/359
f 389/943/361 639/942/615 640/944/616
f 389/943/361 640/944/616 390/945/362
f 390/945/362 640/944/616 641/946/617
f 390/945/362 641/946/617 391/947/364
f 391/947/364 641/946/617 642/948/618
f 391/947/364 642/949/618 392/950/365
f 392/950/365 642/949/618 643/951/619
f 392/950/365 643/951/619 644/952/620
f 392/950/365 644/952/620 393/953/366
f 393/953/366 644/952/620 645/954/621
f 393/953/366 645/955/621 646/956/622
f 646/956/622 395/538/368 394/534/367
f 646/956/622 394/534/367 393/533/366
f 646/956/622 645/955/621 647/957/623
f 646/956/622 647/957/623 648/958/624
f 646/956/622 648/958/624 649/959/625
f 646/956/622 649/959/625 395/538/368
f 649/959/625 398/541/371 396/539/369
f 649/959/625 396/539/369 395/538/368
f 649/959/625 648/958/624 650/960/626
f 649/959/625 650/960/626 651/961/627
f 649/959/625 651/961/627 652/962/628
f 649/959/625 652/962/628 398/541/371
f 652/962/628 401/545/374 399/542/372
f 652/962/628 399/542/372 398/541/371
f 652/962/628 651/961/627 653/963/629
f 652/962/628 653/963/629 654/964/630
f 652/962/628 654/964/630 655/965/631
f 652/962/628 655/965/631 401/545/374
f 655/965/631 404/550/377 402/546/375
f 655/965/631 402/546/375 401/545/374
f 655/965/631 654/964/630 656/966/632
f 655/965/631 656/966/632 657/967/633
f 655/965/631 657/967/633 658/968/634
f 655/965/631 658/968/634 404/550/377
f 658/968/634 407/555/380 405/551/378
f 658/968/634 405/551/378 404/550/377
f 658/968/634 657/967/633 659/969/635
f 658/968/634 659/969/635 660/970/636
f 658/968/634 660/970/636 661/971/637
f 658/968/634 661/971/637 407/555/380
f 661/972/637 410/559/383 408/557/381
f 661/972/637 408/557/381 407/973/380
f 661/971/637 660/970/636 662/974/638
f 661/971/637 662/974/638 663/975/639
f 661/972/637 663/976/639 664/977/640
f 661/972/637 664/977/640 410/559/383
f 664/977/640 413/562/386 411/560/384
f 664/977/640 411/560/384 410/559/383
f 664/977/640 663/976/639 665/978/641
f 664/977/640 665/978/641 666/979/642
f 664/977/640 666/979/642 667/980/643
f 664/977/640 667/980/643 413/562/386
f 667/980/643 416/565/389 414/563/387
f 667/980/643 414/563/387 413/562/386
f 667/980/643 666/979/642 668/981/644
f 667/980/643 668/981/644 669/982/645
f 667/980/643 669/982/645 670/983/646
f 667/980/643 670/983/646 416/565/389
f 670/983/646 419/568/392 417/566/390
f 670/983/646 417/566/390 416/565/389
f 670/983/646 669/982/645 671/984/647
f 670/983/646 671/984/647 672/985/648
f 670/983/646 672/985/648 673/986/649
f 670/983/646 673/986/649 419/568/392
f 673/986/649 422/571/395 420/569/393
f 673/986/649 420/569/393 419/568/392
f 673/986/649 672/985/648 674/987/650
f 673/986/649 674/987/650 675/988/651
f 673/986/649 675/988/651 676/989/652
f 673/986/649 676/989/652 422/571/395
f 676/989/652 425/574/398 423/572/396
f 676/989/652 423/572/396 422/571/395
f 676/989/652 675/988/651 677/990/653
f 676/989/652 677/990/653 678/991/654
f 676/989/652 678/991/654 679/992/655
f 676/989/652 679/992/655 425/574/398
f 679/992/655 428/577/401 426/575/399
f 679/992/655 426/575/399 425/574/398
f 679/992/655 678/991/654 680/993/656
f 679/992/655 680/993/656 681/994/657
f 679/992/655 681/994/657 682/995/658
f 679/992/655 682/995/658 428/577/401
f 682/995/658 431/580/404 429/578/402
f 682/995/658 429/578/402 428/577/401
f 682/995/658 681/994/657 683/996/659
f 682/995/658 683/996/659 684/997/660
f 682/995/658 684/997/660 685/998/661
f 682/995/658 685/998/661 431/580/404
f 685/998/661 434/583/407 432/581/405
f 685/998/661 432/581/405 431/580/404
f 685/998/661 684/997/660 686/999/662
f 685/998/661 686/999/662 687/1000/663
f 685/998/661 687/1000/663 688/1001/664
f 685/998/661 688/1001/664 434/583/407
f 688/1001/664 437/586/410 435/584/408
f 688/1001/664 435/584/408 434/583/407
f 688/1001/664 687/1000/663 689/1002/665
f 688/1001/664 689/1002/665 690/1003/666
f 688/1001/664 690/1003/666 691/1004/667
f 688/1001/664 691/1004/667 437/586/410
f 691/1004/667 440/589/413 438/587/411
f 691/1004/667 438/587/411 437/586/410
f 691/1004/667 690/1003/666 692/1005/668
f 691/1004/667 692/1005/668 693/1006/669
f 691/1004/667 693/1006/669 694/1007/670
f 691/1004/667 694/1007/670 440/589/413
f 694/1007/670 443/592/416 441/590/414
f 694/1007/670 441/590/414 440/589/413
f 694/1007/670 693/1006/669 695/1008/671
f 694/1007/670 695/1008/671 696/1009/672
f 694/1007/670 696/1009/672 697/1010/673
f 694/1007/670 697/1010/673 443/592/416
f 697/1010/673 446/595/419 444/593/417
f 697/1010/673 444/593/417 443/592/416
f 697/1010/673 696/1009/672 698/1011/674
f 697/1010/673 698/1011/674 699/1012/675
f 697/1010/673 699/1012/675 700/1013/676
f 697/1010/673 700/1013/676 446/595/419
f 700/1013/676 449/598/422 447/596/420
f 700/1013/676 447/596/420 446/595/419
f 700/1014/676 699/1015/675 701/1016/677
f 700/1014/676 701/1016/677 702/1017/678
f 700/1014/676 702/1017/678 703/1018/679
f 700/1014/676 703/1018/679 449/1019/422
f 703/1018/679 452/604/425 450/603/423
f 703/1018/679 450/603/423 449/1019/422
f 703/1018/679 702/1017/678 704/1020/680
f 703/1018/679 704/1020/680 705/1021/681
f 703/1018/679 705/1021/681 706/1022/682
f 703/1018/679 706/1022/682 452/604/425
f 706/1022/682 455/609/428 453/605/426
f 706/1022/682 453/605/426 452/604/425
f 706/1022/682 705/1021/681 707/1023/683
f 706/1022/682 707/1023/683 708/1024/684
f 706/1022/682 708/1024/684 709/1025/685
f 706/1022/682 709/1025/685 455/609/428
f 709/1025/685 458/1026/431 456/610/429
f 709/1025/685 456/610/429 455/609/428
f 709/1025/685 708/1024/684 710/1027/686
f 709/1025/685 710/1027/686 711/1028/687
f 709/1025/685 711/1028/687 712/1029/688
f 709/1025/685 712/1029/688 458/1026/431
f 712/1030/688 461/616/434 459/614/432
f 712/1030/688 459/614/432 458/613/431
f 712/1029/688 711/1028/687 713/1031/689
f 712/1029/688 713/1031/689 714/1032/690
f 712/1029/688 714/1032/690 715/1033/691
f 712/1029/688 715/1033/691 461/1034/434
f 715/1033/691 464/621/437 462/620/435
f 715/1033/691 462/620/435 461/1034/434
f 715/1033/691 714/1032/690 716/1035/692
f 715/1033/691 716/1035/692 717/1036/693
f 715/1033/691 717/1036/693 718/1037/694
f 715/1033/691 718/1037/694 464/621/437
f 718/1037/694 467/626/440 465/622/438
f 718/1037/694 465/622/438 464/621/437
f 718/1037/694 717/1036/693 719/1038/695
f 718/1037/694 719/1038/695 720/1039/696
f 718/1037/694 720/1039/696 721/1040/697
f 718/1037/694 721/1040/697 467/626/440
f 721/1040/697 470/1041/443 468/627/441
f 721/1040/697 468/627/441 467/626/440
f 721/1042/697 720/1043/696 722/1044/698
f 721/1042/697 722/1044/698 723/1045/699
f 721/1042/697 723/1045/699 724/1046/700
f 721/1042/697 724/1046/700 470/632/443
f 724/1046/700 473/635/446 471/633/444
f 724/1046/700 471/633/444 470/632/443
f 724/1047/700 723/1048/699 725/1049/701
f 724/1047/700 725/1049/701 726/1050/702
f 724/1046/700 726/1051/702 727/1052/703
f 724/1046/700 727/1052/703 473/635/446
f 727/1052/703 476/638/449 474/636/447
f 727/1052/703 474/636/447 473/635/446
f 727/1052/703 726/1051/702 728/1053/704
f 727/1052/703 728/1053/704 729/1054/705
f 727/1052/703 729/1054/705 730/1055/706
f 727/1052/703 730/1055/706 476/638/449
f 730/1055/706 479/641/452 477/639/450
f 730/1055/706 477/639/450 476/638/449
f 730/1055/706 729/1054/705 731/1056/707
f 730/1055/706 731/1056/707 732/1057/708
f 730/1055/706 732/1057/708 481/643/454
f 730/1055/706 481/643/454 479/641/452
f 732/1057/708 731/1056/707 733/1058/709
f 732/1057/708 733/1058/709 734/1059/710
f 732/1057/708 734/1059/710 483/645/456
f 732/1057/708 483/645/456 481/643/454
f 734/1059/710 733/1058/709 735/1060/711
f 734/1059/710 735/1060/711 736/1061/712
f 734/1059/710 736/1061/712 485/647/458
f 734/1059/710 485/647/458 483/645/456
f 736/1061/712 735/1060/711 737/1062/713
f 736/1061/712 737/1062/713 738/1063/714
f 736/1061/712 738/1063/714 487/649/460
f 736/1061/712 487/649/460 485/647/458
f 738/1063/714 737/1062/713 739/1064/715
f 738/1063/714 739/1064/715 740/1065/716
f 738/1063/714 740/1065/716 741/1066/717
f 738/1063/714 741/1066/717 487/649/460
f 741/1066/717 490/652/463 488/650/461
f 741/1066/717 488/650/461 487/649/460
f 741/1066/717 740/1065/716 742/1067/718
f 741/1066/717 742/1067/718 743/1068/719
f 741/1066/717 743/1068/719 744/1069/720
f 741/1066/717 744/1069/720 490/652/463
f 744/1069/720 492/656/465 489/655/462
f 744/1069/720 489/655/462 490/652/463
f 744/1069/720 743/1068/719 745/1070/721
f 744/1069/720 745/1070/721 746/1071/722
f 744/1069/720 746/1071/722 492/1072/465
f 492/1072/465 493/659/466 491/658/464
f 492/1072/465 746/1071/722 747/1073/723
f 492/1072/465 747/1073/723 748/1074/724
f 492/1072/465 748/1074/724 493/1075/466
f 493/1075/466 748/1074/724 749/1076/725
f 493/1075/466 749/1076/725 750/1077/726
f 493/1075/466 750/1077/726 751/1078/727
f 493/1075/466 751/1078/727 494/1079/467
f 751/1078/727 497/665/470 495/664/468
f 751/1078/727 495/664/468 494/1079/467
f 751/1078/727 750/1077/726 752/1080/728
f 497/1081/470 498/668/471 496/667/469
f 497/1081/470 751/1082/727 753/1083/729
f 497/1081/470 753/1083/729 754/1084/730
f 497/1081/470 754/1084/730 498/1085/471
f 498/1085/471 754/1086/730 755/1087/731
f 498/1085/471 755/1087/731 756/1088/732
f 498/1085/471 756/1088/732 499/1089/472
f 756/1088/732 502/673/475 500/672/473
f 756/1088/732 500/672/473 499/1089/472
f 502/1090/475 504/676/477 501/675/474
f 502/1090/475 756/1091/732 757/1092/733
f 502/1090/475 757/1092/733 758/1093/734
f 502/1090/475 758/1093/734 504/678/477
f 758/1093/734 506/680/479 504/678/477
f 758/1094/734 757/1095/733 759/1096/735
f 758/1094/734 759/1096/735 760/1097/736
f 758/1094/734 760/1097/736 506/682/479
f 760/1097/736 508/685/481 506/682/479
f 760/1098/736 759/1099/735 761/1100/737
f 760/1098/736 761/1100/737 762/1101/738
f 760/1098/736 762/1101/738 508/1102/481
f 508/1103/481 510/690/483 507/689/480
f 508/1102/481 762/1104/738 763/1105/739
f 508/1103/481 763/1106/739 510/1107/483
f 510/1107/483 512/695/485 509/694/482
f 510/1108/483 763/1109/739 764/1110/740
f 510/1107/483 764/1111/740 512/1112/485
f 512/1112/485 514/699/487 511/698/484
f 512/1113/485 764/1114/740 765/1115/741
f 512/1113/485 765/1115/741 514/1116/487
f 514/1117/487 516/702/489 513/701/486
f 514/1117/487 765/1118/741 766/1119/742
f 514/1117/487 766/1119/742 516/1120/489
f 516/1120/489 766/1121/742 767/1122/743
f 516/1120/489 767/1122/743 768/1123/744
f 516/1120/489 768/1123/744 515/1124/488
f 768/1123/744 517/1125/490 515/1124/488
f 768/1123/744 769/1126/745 517/708/490
f 769/1126/745 518/709/491 517/708/490
f 769/1126/745 768/1127/744 770/1128/746
f 769/1126/745 771/1129/747 518/711/491
f 771/1129/747 519/712/492 518/711/491
f 771/1129/747 769/1130/745 772/1131/748
f 771/1129/747 773/1132/749 519/714/492
f 773/1132/749 520/715/493 519/714/492
f 773/1132/749 771/1133/747 774/1134/750
f 773/1132/749 775/1135/751 520/1136/493
f 775/1135/751 523/722/496 521/721/494
f 775/1135/751 521/721/494 520/1136/493
f 775/1135/751 773/1137/749 776/1138/752
f 523/1139/496 777/1140/753 522/1141/495
f 777/1142/753 524/726/497 272/725/242
f 777/1142/753 272/725/242 522/1143/495
f 777/1142/753 523/1144/496 778/1145/754
f 524/1146/497 779/1147/755 273/731/244
f 779/1147/755 525/732/498 273/731/244
f 779/1147/755 524/1148/497 780/1149/756
f 781/1150/757 37/1151/500 526/1152/499
f 781/1150/757 526/1152/499 525/737/498
f 781/1153/757 782/1154/758 783/1155/759
f 781/1153/757 783/1155/759 37/1156/500
f 783/1157/759 784/1158/760 18/1159/501
f 783/1157/759 18/1159/501 37/1160/500
f 784/1161/760 785/1162/761 18/1163/501
f 785/1164/761 786/1165/762 18/1166/501
f 18/1167/501 786/1168/762 528/1169/503
f 18/1167/501 528/1169/503 527/1170/502
f 528/1169/503 786/1168/762 787/1171/763
f 528/1172/503 787/1173/763 13/1174/764
f 277/1175/249 528/1176/503 13/1177/764
f 277/1175/249 13/1177/764 529/1178/504
f 277/1179/249 529/1180/504 33/1181/246
f 13/1182/765 529/754/766 278/753/767
f 13/1183/764 788/1184/768 530/757/505
f 13/1183/764 530/1185/505 529/754/506
f 788/1184/768 789/1186/769 531/760/507
f 788/1184/768 531/758/507 530/757/505
f 789/1186/769 790/1187/770 532/1188/508
f 789/1186/769 532/761/508 531/760/507
f 790/1187/770 789/1189/769 791/1190/771
f 790/1187/770 792/1191/772 535/765/511
f 790/1187/770 535/765/511 533/764/509
f 790/1187/770 533/764/509 532/1188/508
f 792/1191/772 790/1192/770 793/1193/773
f 792/1191/772 793/1193/773 794/1194/774
f 792/1191/772 794/1194/774 538/771/514
f 792/1191/772 538/771/514 537/769/513
f 792/1191/772 537/769/513 534/768/510
f 792/1191/772 534/768/510 535/765/511
f 794/1194/774 539/773/515 538/771/514
f 794/1195/774 793/1196/773 795/1197/775
f 794/1195/774 795/1197/775 796/1198/776
f 794/1195/774 796/1198/776 539/1199/515
f 796/1198/776 797/1200/777 539/1199/515
f 797/1200/777 541/777/517 540/776/516
f 797/1200/777 540/776/516 539/1199/515
f 541/1201/517 798/1202/778 542/1203/518
f 798/1202/778 541/1204/517 799/1205/779
f 798/1202/778 800/1206/780 543/1207/519
f 798/1208/778 543/781/519 542/780/518
f 543/1207/519 800/1206/780 801/1209/781
f 801/1210/781 802/1211/782 544/787/520
f 801/1210/781 544/787/520 543/1212/519
f 802/1211/782 545/788/521 544/787/520
f 545/1213/521 802/1214/782 803/1215/783
f 545/1216/521 803/1217/783 804/1218/784
f 545/1216/521 804/1218/784 546/1219/522
f 804/1218/784 547/1220/523 546/1219/522
f 547/1220/523 804/1221/784 805/1222/785
f 805/1223/785 806/1224/786 549/1225/525
f 805/1223/785 549/1225/525 547/799/523
f 549/1225/525 806/1226/786 807/1227/787
f 549/1225/525 807/1227/787 551/1228/527
f 549/1225/525 548/800/524 547/799/523
f 551/1228/527 807/1227/787 808/1229/788
f 551/1230/527 808/1231/788 809/1232/789
f 551/1230/527 809/1233/789 555/1234/531
f 551/1230/527 555/1234/531 553/810/529
f 551/1230/527 553/810/529 550/809/526
f 555/1234/531 809/1233/789 810/1235/790
f 555/1234/531 810/1236/790 557/1237/533
f 555/1234/531 552/814/528 553/810/529
f 557/1237/533 810/1236/790 811/1238/791
f 557/1237/533 811/1239/791 559/1240/535
f 559/1240/535 811/1239/791 812/1241/792
f 559/1240/535 812/1241/792 560/833/536
f 812/1241/792 813/1242/793 561/836/537
f 812/1241/792 561/834/537 560/833/536
f 813/1242/793 812/1243/792 814/1244/794
f 813/1242/793 815/1245/795 565/839/541
f 813/1242/793 565/839/541 563/837/539
f 813/1242/793 563/837/539 561/836/537
f 815/1245/795 813/1246/793 816/1247/796
f 815/1245/795 816/1247/796 817/1248/797
f 815/1245/795 817/1248/797 818/1249/798
f 815/1245/795 818/1249/798 568/842/544
f 815/1245/795 568/842/544 566/840/542
f 815/1245/795 566/840/542 565/839/541
f 818/1249/798 817/1250/797 819/1251/799
f 818/1249/798 819/1251/799 820/1252/800
f 818/1249/798 820/1252/800 571/845/547
f 818/1249/798 571/845/547 569/843/545
f 818/1249/798 569/843/545 568/842/544
f 820/1252/800 819/1251/799 821/1253/801
f 820/1252/800 821/1253/801 822/1254/802
f 820/1252/800 822/1254/802 823/1255/803
f 820/1252/800 823/1255/803 574/848/550
f 820/1252/800 574/848/550 572/846/548
f 820/1252/800 572/846/548 571/845/547
f 823/1255/803 822/1254/802 824/1256/804
f 823/1255/803 824/1256/804 825/1257/805
f 823/1255/803 825/1257/805 826/1258/806
f 823/1255/803 826/1258/806 577/851/553
f 823/1255/803 577/851/553 575/849/551
f 823/1255/803 575/849/551 574/848/550
f 826/1258/806 825/1257/805 827/1259/807
f 826/1258/806 827/1259/807 828/1260/808
f 826/1258/806 828/1260/808 829/1261/809
f 826/1258/806 829/1261/809 580/854/556
f 826/1258/806 580/854/556 578/852/554
f 826/1258/806 578/852/554 577/851/553
f 829/1261/809 828/1260/808 830/1262/810
f 829/1261/809 830/1262/810 831/1263/811
f 829/1261/809 831/1263/811 832/1264/812
f 829/1261/809 832/1264/812 583/857/559
f 829/1261/809 583/857/559 581/855/557
f 829/1261/809 581/855/557 580/854/556
f 832/1264/812 831/1263/811 833/1265/813
f 832/1264/812 833/1265/813 834/1266/814
f 832/1264/812 834/1266/814 835/1267/815
f 832/1264/812 835/1267/815 586/860/562
f 832/1264/812 586/860/562 584/858/560
f 832/1264/812 584/858/560 583/857/559
f 835/1267/815 834/1266/814 836/1268/816
f 835/1267/815 836/1268/816 837/1269/817
f 835/1267/815 837/1269/817 838/1270/818
f 835/1267/815 838/1270/818 589/864/565
f 835/1267/815 589/864/565 587/861/563
f 835/1267/815 587/861/563 586/860/562
f 838/1270/818 837/1269/817 839/1271/819
f 838/1270/818 839/1271/819 840/1272/820
f 838/1270/818 840/1272/820 841/1273/821
f 838/1270/818 841/1273/821 592/1274/568
f 838/1270/818 592/1274/568 590/865/566
f 838/1270/818 590/865/566 589/864/565
f 841/1275/821 840/1276/820 842/1277/822
f 841/1275/821 842/1277/822 843/1278/823
f 841/1275/821 843/1278/823 844/1279/824
f 841/1275/821 844/1279/824 595/872/571
f 841/1275/821 595/872/571 593/870/569
f 841/1275/821 593/870/569 592/869/568
f 844/1279/824 843/1278/823 845/1280/825
f 844/1279/824 845/1280/825 846/1281/826
f 844/1279/824 846/1281/826 847/1282/827
f 844/1279/824 847/1282/827 598/875/574
f 844/1279/824 598/875/574 596/873/572
f 844/1279/824 596/873/572 595/872/571
f 847/1282/827 846/1281/826 848/1283/828
f 847/1282/827 848/1283/828 849/1284/829
f 847/1282/827 849/1284/829 850/1285/830
f 847/1282/827 850/1285/830 601/878/577
f 847/1282/827 601/878/577 599/876/575
f 847/1282/827 599/876/575 598/875/574
f 850/1285/830 849/1284/829 851/1286/831
f 850/1285/830 851/1286/831 852/1287/832
f 850/1285/830 852/1287/832 853/1288/833
f 850/1285/830 853/1288/833 604/881/580
f 850/1285/830 604/881/580 602/879/578
f 850/1285/830 602/879/578 601/878/577
f 853/1288/833 852/1287/832 854/1289/834
f 853/1288/833 854/1289/834 855/1290/835
f 853/1288/833 855/1290/835 856/1291/836
f 853/1288/833 856/1291/836 607/884/583
f 853/1288/833 607/884/583 605/882/581
f 853/1288/833 605/882/581 604/881/580
f 856/1291/836 855/1290/835 857/1292/837
f 856/1291/836 857/1292/837 858/1293/838
f 856/1291/836 858/1293/838 859/1294/839
f 856/1291/836 859/1294/839 610/887/586
f 856/1291/836 610/887/586 608/885/584
f 856/1291/836 608/885/584 607/884/583
f 859/1294/839 858/1293/838 860/1295/840
f 859/1294/839 860/1295/840 861/1296/841
f 859/1294/839 861/1296/841 862/1297/842
f 859/1294/839 862/1297/842 613/890/589
f 859/1294/839 613/890/589 611/888/587
f 859/1294/839 611/888/587 610/887/586
f 862/1298/842 861/1299/841 863/1300/843
f 862/1298/842 863/1300/843 864/1301/844
f 862/1298/842 864/1301/844 865/1302/845
f 862/1298/842 865/1302/845 616/1303/592
f 862/1297/842 616/893/592 614/891/590
f 862/1297/842 614/891/590 613/890/589
f 865/1302/845 864/1301/844 866/1304/846
f 865/1302/845 866/1304/846 867/1305/847
f 865/1302/845 867/1305/847 868/1306/848
f 865/1302/845 868/1306/848 619/898/595
f 865/1302/845 619/898/595 617/897/593
f 865/1302/845 617/897/593 616/1303/592
f 868/1306/848 867/1305/847 869/1307/849
f 868/1306/848 869/1307/849 870/1308/850
f 868/1306/848 870/1308/850 871/1309/851
f 868/1306/848 871/1309/851 622/902/598
f 868/1306/848 622/902/598 620/899/596
f 868/1306/848 620/899/596 619/898/595
f 871/1310/851 870/1311/850 872/1312/852
f 871/1310/851 872/1312/852 873/1313/853
f 871/1310/851 873/1313/853 627/1314/603
f 871/1310/851 627/1314/603 625/1315/601
f 871/1309/851 625/905/601 623/903/599
f 871/1309/851 623/903/599 622/902/598
f 627/1314/603 873/1313/853 874/1316/854
f 627/1314/603 874/1317/854 628/1318/604
f 627/1314/603 626/909/602 625/1315/601
f 628/1318/604 874/1317/854 68/48/43
f 628/1318/604 68/1319/43 629/1320/605
f 629/1320/605 68/1319/43 67/1321/42
f 629/1320/605 67/1321/42 875/1322/855
f 629/1320/605 875/1322/855 630/1323/606
f 630/1323/606 875/1322/855 876/1324/856
f 630/1323/606 876/1325/856 631/1326/607
f 631/1326/607 876/1325/856 877/1327/857
f 631/1326/607 877/1328/857 632/1329/608
f 632/1329/608 877/1328/857 878/1330/858
f 632/1329/608 878/1330/858 879/1331/859
f 632/1329/608 879/1331/859 633/1332/609
f 633/1332/609 879/1331/859 880/1333/860
f 633/1332/609 880/1333/860 881/1334/861
f 633/1332/609 881/1334/861 882/1335/862
f 882/1336/862 881/1337/861 883/1338/863
f 882/1336/862 883/1338/863 884/1339/864
f 882/1336/862 884/1339/864 885/1340/865
f 882/1336/862 885/1340/865 634/933/610
f 882/1336/862 634/933/610 633/932/609
f 885/1340/865 884/1339/864 886/1341/866
f 885/1340/865 886/1341/866 887/1342/867
f 885/1340/865 887/1342/867 636/1343/612
f 885/1340/865 636/937/612 635/934/611
f 885/1340/865 635/934/611 634/933/610
f 636/1343/612 887/1342/867 888/1344/868
f 636/1343/612 888/1344/868 889/1345/869
f 636/1343/612 889/1345/869 890/1346/870
f 636/1343/612 890/1346/870 637/1347/613
f 637/1347/613 890/1346/870 891/1348/871
f 637/1347/613 891/1348/871 638/1349/614
f 638/1349/614 891/1348/871 892/1350/872
f 638/1349/614 892/1350/872 639/1351/615
f 639/1351/615 892/1350/872 893/1352/873
f 639/1351/615 893/1352/873 640/1353/616
f 640/1353/616 893/1352/873 894/1354/874
f 640/1353/616 894/1354/874 641/1355/617
f 641/1355/617 894/1354/874 895/1356/875
f 641/1355/617 895/1356/875 642/1357/618
f 642/1357/618 895/1356/875 896/1358/876
f 642/1357/618 896/1359/876 897/1360/877
f 897/1360/877 643/951/619 642/949/618
f 897/1360/877 896/1359/876 898/1361/878
f 897/1360/877 898/1362/878 899/1363/879
f 897/1360/877 899/1363/879 643/951/619
f 899/1363/879 645/954/621 644/952/620
f 899/1363/879 644/952/620 643/951/619
f 899/1363/879 898/1362/878 900/1364/880
f 899/1363/879 900/1364/880 901/1365/881
f 899/1363/879 901/1365/881 647/1366/623
f 899/1363/879 647/1366/623 645/954/621
f 647/1366/623 901/1365/881 902/1367/882
f 647/1366/623 902/1368/882 903/1369/883
f 903/1369/883 650/960/626 648/958/624
f 903/1369/883 648/958/624 647/957/623
f 903/1369/883 902/1368/882 904/1370/884
f 903/1369/883 904/1371/884 905/1372/885
f 903/1369/883 905/1372/885 650/960/626
f 905/1372/885 653/963/629 651/961/627
f 905/1372/885 651/961/627 650/960/626
f 905/1372/885 904/1371/884 906/1373/886
f 905/1372/885 906/1373/886 907/1374/887
f 905/1372/885 907/1374/887 908/1375/888
f 905/1372/885 908/1375/888 653/963/629
f 908/1375/888 656/966/632 654/964/630
f 908/1375/888 654/964/630 653/963/629
f 908/1375/888 907/1374/887 909/1376/889
f 908/1375/888 909/1376/889 910/1377/890
f 908/1375/888 910/1377/890 911/1378/891
f 908/1375/888 911/1378/891 656/966/632
f 911/1378/891 659/969/635 657/967/633
f 911/1378/891 657/967/633 656/966/632
f 911/1378/891 910/1377/890 912/1379/892
f 911/1378/891 912/1379/892 913/1380/893
f 911/1378/891 913/1380/893 914/1381/894
f 911/1378/891 914/1381/894 659/969/635
f 914/1381/894 662/974/638 660/970/636
f 914/1381/894 660/970/636 659/969/635
f 914/1381/894 913/1380/893 915/1382/895
f 914/1381/894 915/1382/895 916/1383/896
f 914/1381/894 916/1383/896 917/1384/897
f 914/1381/894 917/1384/897 662/974/638
f 917/1384/897 665/1385/641 663/975/639
f 917/1384/897 663/975/639 662/974/638
f 917/1384/897 916/1383/896 918/1386/898
f 917/1384/897 918/1386/898 919/1387/899
f 917/1384/897 919/1387/899 920/1388/900
f 917/1384/897 920/1388/900 665/1385/641
f 920/1389/900 668/981/644 666/979/642
f 920/1389/900 666/979/642 665/978/641
f 920/1388/900 919/1387/899 921/1390/901
f 920/1388/900 921/1390/901 922/1391/902
f 920/1389/900 922/1392/902 923/1393/903
f 920/1389/900 923/1393/903 668/981/644
f 923/1393/903 671/984/647 669/982/645
f 923/1393/903 669/982/645 668/981/644
f 923/1393/903 922/1392/902 924/1394/904
f 923/1393/903 924/1394/904 925/1395/905
f 923/1393/903 925/1395/905 926/1396/906
f 923/1393/903 926/1396/906 671/984/647
f 926/1396/906 674/987/650 672/985/648
f 926/1396/906 672/985/648 671/984/647
f 926/1396/906 925/1395/905 927/1397/907
f 926/1396/906 927/1397/907 928/1398/908
f 926/1396/906 928/1398/908 929/1399/909
f 926/1396/906 929/1399/909 674/987/650
f 929/1399/909 677/990/653 675/988/651
f 929/1399/909 675/988/651 674/987/650
f 929/1399/909 928/1398/908 930/1400/910
f 929/1399/909 930/1400/910 931/1401/911
f 929/1399/909 931/1401/911 932/1402/912
f 929/1399/909 932/1402/912 677/990/653
f 932/1402/912 680/993/656 678/991/654
f 932/1402/912 678/991/654 677/990/653
f 932/1402/912 931/1401/911 933/1403/913
f 932/1402/912 933/1403/913 934/1404/914
f 932/1402/912 934/1404/914 935/1405/915
f 932/1402/912 935/1405/915 680/993/656
f 935/1405/915 683/996/659 681/994/657
f 935/1405/915 681/994/657 680/993/656
f 935/1405/915 934/1404/914 936/1406/916
f 935/1405/915 936/1406/916 937/1407/917
f 935/1405/915 937/1407/917 938/1408/918
f 935/1405/915 938/1408/918 683/996/659
f 938/1408/918 686/999/662 684/997/660
f 938/1408/918 684/997/660 683/996/659
f 938/1408/918 937/1407/917 939/1409/919
f 938/1408/918 939/1409/919 940/1410/920
f 938/1408/918 940/1410/920 941/1411/921
f 938/1408/918 941/1411/921 686/999/662
f 941/1411/921 689/1002/665 687/1000/663
f 941/1411/921 687/1000/663 686/999/662
f 941/1411/921 940/1410/920 942/1412/922
f 941/1411/921 942/1412/922 943/1413/923
f 941/1411/921 943/1413/923 944/1414/924
f 941/1411/921 944/1414/924 689/1002/665
f 944/1414/924 692/1005/668 690/1003/666
f 944/1414/924 690/1003/666 689/1002/665
f 944/1415/924 943/1416/923 945/1417/925
f 944/1415/924 945/1417/925 946/1418/926
f 944/1414/924 946/1419/926 947/1420/927
f 944/1414/924 947/1420/927 692/1005/668
f 947/1420/927 695/1008/671 693/1006/669
f 947/1420/927 693/1006/669 692/1005/668
f 947/1420/927 946/1419/926 948/1421/928
f 947/1420/927 948/1421/928 949/1422/929
f 947/1420/927 949/1422/929 950/1423/930
f 947/1420/927 950/1423/930 695/1008/671
f 950/1423/930 698/1011/674 696/1009/672
f 950/1423/930 696/1009/672 695/1008/671
f 950/1424/930 949/1425/929 951/1426/931
f 950/1424/930 951/1426/931 952/1427/932
f 950/1424/930 952/1427/932 953/1428/933
f 950/1424/930 953/1428/933 698/1429/674
f 953/1428/933 701/1016/677 699/1015/675
f 953/1428/933 699/1015/675 698/1429/674
f 953/1428/933 952/1427/932 954/1430/934
f 953/1428/933 954/1430/934 955/1431/935
f 953/1428/933 955/1431/935 956/1432/936
f 953/1428/933 956/1432/936 701/1016/677
f 956/1432/936 704/1020/680 702/1017/678
f 956/1432/936 702/1017/678 701/1016/677
f 956/1432/936 955/1431/935 957/1433/937
f 956/1432/936 957/1433/937 958/1434/938
f 956/1432/936 958/1434/938 959/1435/939
f 956/1432/936 959/1435/939 704/1020/680
f 959/1435/939 707/1023/683 705/1021/681
f 959/1435/939 705/1021/681 704/1020/680
f 959/1435/939 958/1434/938 960/1436/940
f 959/1435/939 960/1436/940 961/1437/941
f 959/1435/939 961/1437/941 962/1438/942
f 959/1435/939 962/1438/942 707/1023/683
f 962/1438/942 710/1027/686 708/1024/684
f 962/1438/942 708/1024/684 707/1023/683
f 962/1438/942 961/1437/941 963/1439/943
f 962/1438/942 963/1439/943 964/1440/944
f 962/1438/942 964/1440/944 965/1441/945
f 962/1438/942 965/1441/945 710/1027/686
f 965/1441/945 713/1031/689 711/1028/687
f 965/1441/945 711/1028/687 710/1027/686
f 965/1441/945 964/1440/944 966/1442/946
f 965/1441/945 966/1442/946 967/1443/947
f 965/1441/945 967/1443/947 968/1444/948
f 965/1441/945 968/1444/948 713/1031/689
f 968/1444/948 716/1035/692 714/1032/690
f 968/1444/948 714/1032/690 713/1031/689
f 968/1444/948 967/1443/947 969/1445/949
f 968/1444/948 969/1445/949 970/1446/950
f 968/1444/948 970/1446/950 971/1447/951
f 968/1444/948 971/1447/951 716/1035/692
f 971/1447/951 719/1038/695 717/1036/693
f 971/1447/951 717/1036/693 716/1035/692
f 971/1447/951 970/1446/950 972/1448/952
f 971/1447/951 972/1448/952 973/1449/953
f 971/1447/951 973/1449/953 974/1450/954
f 971/1447/951 974/1450/954 719/1038/695
f 974/1451/954 722/1044/698 720/1043/696
f 974/1451/954 720/1043/696 719/1452/695
f 974/1453/954 973/1454/953 975/1455/955
f 974/1453/954 975/1455/955 976/1456/956
f 974/1453/954 976/1456/956 977/1457/957
f 974/1453/954 977/1457/957 722/1458/698
f 977/1457/957 725/1049/701 723/1048/699
f 977/1457/957 723/1048/699 722/1458/698
f 977/1457/957 976/1456/956 978/1459/958
f 977/1457/957 978/1459/958 979/1460/959
f 977/1461/957 979/1462/959 980/1463/960
f 977/1461/957 980/1463/960 725/1464/701
f 980/1463/960 728/1053/704 726/1051/702
f 980/1463/960 726/1051/702 725/1464/701
f 980/1463/960 979/1462/959 981/1465/961
f 980/1463/960 981/1465/961 982/1466/962
f 980/1463/960 982/1466/962 983/1467/963
f 980/1463/960 983/1467/963 728/1053/704
f 983/1467/963 731/1056/707 729/1054/705
f 983/1467/963 729/1054/705 728/1053/704
f 983/1467/963 982/1466/962 984/1468/964
f 983/1467/963 984/1468/964 985/1469/965
f 983/1467/963 985/1469/965 733/1058/709
f 983/1467/963 733/1058/709 731/1056/707
f 985/1469/965 984/1468/964 986/1470/966
f 985/1469/965 986/1470/966 987/1471/967
f 985/1469/965 987/1471/967 735/1060/711
f 985/1469/965 735/1060/711 733/1058/709
f 987/1471/967 986/1470/966 988/1472/968
f 987/1471/967 988/1472/968 989/1473/969
f 987/1471/967 989/1473/969 737/1062/713
f 987/1471/967 737/1062/713 735/1060/711
f 989/1473/969 988/1472/968 990/1474/970
f 989/1473/969 990/1474/970 991/1475/971
f 989/1473/969 991/1475/971 739/1064/715
f 989/1473/969 739/1064/715 737/1062/713
f 991/1475/971 990/1474/970 992/1476/972
f 991/1475/971 992/1476/972 993/1477/973
f 991/1475/971 993/1477/973 994/1478/974
f 991/1475/971 994/1478/974 739/1064/715
f 994/1478/974 742/1067/718 740/1065/716
f 994/1478/974 740/1065/716 739/1064/715
f 994/1478/974 993/1477/973 995/1479/975
f 994/1478/974 995/1479/975 996/1480/976
f 994/1478/974 996/1480/976 997/1481/977
f 994/1478/974 997/1481/977 742/1067/718
f 997/1481/977 745/1070/721 743/1068/719
f 997/1481/977 743/1068/719 742/1067/718
f 997/1481/977 996/1480/976 998/1482/978
f 997/1481/977 998/1482/978 999/1483/979
f 997/1481/977 999/1483/979 1000/1484/980
f 997/1481/977 1000/1484/980 745/1070/721
f 1000/1484/980 747/1073/723 746/1071/722
f 1000/1484/980 746/1071/722 745/1070/721
f 1000/1484/980 999/1483/979 1001/1485/981
f 1000/1484/980 1001/1485/981 1002/1486/982
f 1000/1484/980 1002/1486/982 1003/1487/983
f 1000/1484/980 1003/1487/983 747/1073/723
f 1003/1487/983 749/1076/725 748/1074/724
f 1003/1487/983 748/1074/724 747/1073/723
f 1003/1487/983 1002/1486/982 1004/1488/984
f 1003/1487/983 1004/1488/984 1005/1489/985
f 1003/1487/983 1005/1489/985 1006/1490/986
f 1003/1487/983 1006/1490/986 749/1076/725
f 1006/1490/986 752/1080/728 750/1077/726
f 1006/1490/986 750/1077/726 749/1076/725
f 1006/1490/986 1005/1489/985 1007/1491/987
f 1006/1490/986 1007/1491/987 1008/1492/988
f 1006/1490/986 1008/1492/988 1009/1493/989
f 1006/1490/986 1009/1493/989 752/1080/728
f 1009/1493/989 753/1083/729 751/1082/727
f 1009/1493/989 751/1082/727 752/1080/728
f 1009/1493/989 1008/1492/988 1010/1494/990
f 1009/1493/989 1010/1494/990 1011/1495/991
f 1009/1493/989 1011/1495/991 1012/1496/992
f 1009/1493/989 1012/1496/992 753/1083/729
f 1012/1496/992 754/1084/730 753/1083/729
f 1012/1496/992 1011/1495/991 1013/1497/993
f 1012/1496/992 1013/1497/993 1014/1498/994
f 1012/1496/992 1014/1498/994 1015/1499/995
f 1012/1496/992 1015/1499/995 754/1086/730
f 1015/1499/995 755/1087/731 754/1086/730
f 1015/1499/995 1016/1500/996 755/1501/731
f 1016/1500/996 757/1092/733 756/1091/732
f 1016/1500/996 756/1091/732 755/1501/731
f 1016/1500/996 1015/1502/995 1017/1503/997
f 1016/1504/996 1017/1505/997 1018/1506/998
f 1016/1504/996 1018/1506/998 759/1096/735
f 1016/1504/996 759/1096/735 757/1095/733
f 1018/1506/998 1017/1505/997 1019/1507/999
f 1018/1508/998 1019/1509/999 1020/1510/1000
f 1018/1508/998 1020/1510/1000 761/1100/737
f 1018/1508/998 761/1100/737 759/1099/735
f 1020/1510/1000 1019/1509/999 1021/1511/1001
f 761/1512/737 1020/1513/1000 1022/1514/1002
f 761/1512/737 1022/1514/1002 1023/1515/1003
f 761/1512/737 1023/1515/1003 1024/1516/1004
f 761/1512/737 1024/1516/1004 762/1104/738
f 1024/1516/1004 763/1105/739 762/1104/738
f 1024/1516/1004 1025/1517/1005 763/1109/739
f 1025/1517/1005 764/1110/740 763/1109/739
f 1025/1518/1005 1024/1519/1004 1026/1520/1006
f 1025/1518/1005 1027/1521/1007 764/1522/740
f 1027/1521/1007 765/1523/741 764/1522/740
f 1027/1521/1007 1025/1524/1005 1028/1525/1008
f 1027/1521/1007 1029/1526/1009 765/1118/741
f 1029/1526/1009 766/1119/742 765/1118/741
f 1029/1526/1009 1027/1527/1007 58/1528/33
f 1029/1526/1009 1030/1529/1010 766/1121/742
f 1030/1529/1010 767/1122/743 766/1121/742
f 1030/1529/1010 1029/1530/1009 1031/1531/1011
f 1030/1532/1010 1032/1533/1012 767/1534/743
f 1032/1533/1012 770/1535/746 768/1536/744
f 1032/1533/1012 768/1536/744 767/1534/743
f 1032/1537/1012 1030/1538/1010 1033/1539/1013
f 770/1540/746 772/1131/748 769/1130/745
f 770/1540/746 1032/1541/1012 1034/1542/1014
f 770/1540/746 1034/1542/1014 1035/1543/1015
f 770/1540/746 1035/1543/1015 772/1544/748
f 772/1544/748 774/1134/750 771/1133/747
f 772/1544/748 1035/1545/1015 1036/1546/1016
f 772/1544/748 1036/1546/1016 774/1547/750
f 774/1547/750 776/1138/752 773/1137/749
f 774/1547/750 1036/1548/1016 1037/1549/1017
f 774/1547/750 1037/1549/1017 776/1550/752
f 776/1551/752 1037/1552/1017 1038/1553/1018
f 776/1551/752 1038/1553/1018 1039/1554/1019
f 776/1551/752 1039/1554/1019 775/1555/751
f 1039/1554/1019 778/1145/754 523/1144/496
f 1039/1554/1019 523/1144/496 775/1555/751
f 778/1556/754 1039/1557/1019 1040/1558/1020
f 778/1556/754 1040/1558/1020 1041/1559/1021
f 778/1556/754 1041/1559/1021 1042/1560/1022
f 778/1556/754 1042/1560/1022 777/1561/753
f 1042/1560/1022 780/1149/756 524/1148/497
f 1042/1560/1022 524/1148/497 777/1561/753
f 780/1562/756 1042/1563/1022 1043/1564/1023
f 780/1562/756 1043/1565/1023 1044/1566/1024
f 780/1562/756 1044/1566/1024 779/1567/755
f 1044/1566/1024 781/1568/757 525/1569/498
f 1044/1566/1024 525/1569/498 779/1567/755
f 1044/1566/1024 1043/1565/1023 1045/1570/1025
f 1044/1566/1024 1045/1570/1025 782/1571/758
f 1044/1566/1024 782/1572/758 781/1568/757
f 782/1573/758 1045/1574/1025 1046/1575/1026
f 1046/1576/1026 1047/1577/1027 783/1578/759
f 1046/1576/1026 783/1578/759 782/1154/758
f 1047/1577/1027 1046/1579/1026 1048/1580/1028
f 1047/1577/1027 784/1581/760 783/1578/759
f 784/1582/760 1047/1583/1027 1049/1584/1029
f 784/1585/760 1049/1586/1029 785/1587/761
f 785/1587/761 1049/1586/1029 1050/1588/1030
f 1050/1589/1030 1051/1590/1031 786/1591/762
f 1050/1589/1030 786/1591/762 785/1592/761
f 786/1593/762 1051/1594/1031 787/1595/763
f 787/1595/763 1051/1594/1031 1052/1596/1032
f 787/1597/763 1052/1598/1032 1053/1599/1033
f 1053/1600/1033 1052/1601/1032 1054/1602/1034
f 1053/1600/1033 13/1174/764 787/1173/763
f 1053/1603/1033 1054/1604/1034 13/1605/764
f 13/1605/764 1054/1604/1034 788/1606/768
f 1054/1604/1034 791/1190/771 789/1189/769
f 1054/1604/1034 789/1189/769 788/1606/768
f 791/1607/771 1054/1602/1034 1052/1601/1032
f 791/1607/771 1052/1601/1032 1055/1608/1035
f 791/1607/771 1055/1608/1035 793/1196/773
f 791/1607/771 793/1193/773 790/1192/770
f 1055/1608/1035 795/1197/775 793/1196/773
f 1055/1609/1035 1052/1610/1032 1056/1611/1036
f 1055/1609/1035 1056/1611/1036 795/1612/775
f 795/1613/775 1056/1614/1036 1057/1615/1037
f 795/1613/775 1057/1615/1037 1058/1616/1038
f 795/1613/775 1058/1616/1038 796/1617/776
f 1058/1616/1038 1059/1618/1039 797/1619/777
f 1058/1616/1038 797/1620/777 796/1617/776
f 1059/1618/1039 799/1205/779 541/1204/517
f 1059/1618/1039 541/1204/517 797/1619/777
f 799/1621/779 1059/1622/1039 1060/1623/1040
f 799/1621/779 1060/1624/1040 1061/1625/1041
f 799/1621/779 1061/1626/1041 798/1627/778
f 1061/1626/1041 1062/1628/1042 800/1629/780
f 1061/1626/1041 800/1206/780 798/1627/778
f 800/1629/780 1062/1628/1042 1063/1630/1043
f 800/1629/780 1063/1630/1043 801/1631/781
f 801/1631/781 1063/1630/1043 1064/1632/1044
f 1064/1633/1044 1065/1634/1045 802/1214/782
f 1064/1633/1044 802/1214/782 801/1635/781
f 1065/1634/1045 803/1215/783 802/1214/782
f 803/1636/783 1065/1637/1045 1066/1638/1046
f 803/1639/783 1066/1640/1046 1067/1641/1047
f 803/1639/783 1067/1641/1047 804/1642/784
f 1067/1641/1047 805/1643/785 804/1642/784
f 805/1643/785 1067/1644/1047 1068/1645/1048
f 1068/1646/1048 1069/1647/1049 805/1648/785
f 1069/1647/1049 1070/1649/1050 808/1650/788
f 1069/1647/1049 808/1650/788 806/1226/786
f 1069/1647/1049 806/1224/786 805/1648/785
f 808/1650/788 1070/1649/1050 1071/1651/1051
f 808/1650/788 1071/1652/1051 809/1653/789
f 808/1650/788 807/1227/787 806/1226/786
f 809/1653/789 1071/1652/1051 1072/1654/1052
f 809/1653/789 1072/1655/1052 810/1656/790
f 810/1656/790 1072/1655/1052 1073/1657/1053
f 810/1656/790 1073/1658/1053 811/1659/791
f 811/1659/791 1073/1658/1053 814/1660/794
f 811/1659/791 814/1244/794 812/1243/792
f 814/1660/794 1073/1657/1053 1074/1661/1054
f 814/1660/794 1074/1661/1054 816/1662/796
f 814/1660/794 816/1247/796 813/1246/793
f 816/1662/796 1074/1663/1054 1075/1664/1055
f 816/1662/796 1075/1664/1055 1076/1665/1056
f 816/1662/796 1076/1665/1056 817/1250/797
f 1076/1665/1056 1077/1666/1057 821/1253/801
f 1076/1665/1056 821/1253/801 819/1251/799
f 1076/1665/1056 819/1251/799 817/1250/797
f 1077/1666/1057 1076/1667/1056 1078/1668/1058
f 1077/1666/1057 1079/1669/1059 824/1256/804
f 1077/1666/1057 824/1256/804 822/1254/802
f 1077/1666/1057 822/1254/802 821/1253/801
f 1079/1669/1059 1077/1670/1057 1080/1671/1060
f 1079/1669/1059 1080/1671/1060 1081/1672/1061
f 1079/1669/1059 1081/1672/1061 1082/1673/1062
f 1079/1669/1059 1082/1673/1062 827/1259/807
f 1079/1669/1059 827/1259/807 825/1257/805
f 1079/1669/1059 825/1257/805 824/1256/804
f 1082/1673/1062 1081/1672/1061 1083/1674/1063
f 1082/1673/1062 1083/1674/1063 1084/1675/1064
f 1082/1673/1062 1084/1675/1064 1085/1676/1065
f 1082/1673/1062 1085/1676/1065 830/1262/810
f 1082/1673/1062 830/1262/810 828/1260/808
f 1082/1673/1062 828/1260/808 827/1259/807
f 1085/1676/1065 1084/1675/1064 1086/1677/1066
f 1085/1676/1065 1086/1677/1066 1087/1678/1067
f 1085/1676/1065 1087/1678/1067 1088/1679/1068
f 1085/1676/1065 1088/1679/1068 833/1265/813
f 1085/1676/1065 833/1265/813 831/1263/811
f 1085/1676/1065 831/1263/811 830/1262/810
f 1088/1679/1068 1087/1678/1067 1089/1680/1069
f 1088/1679/1068 1089/1680/1069 1090/1681/1070
f 1088/1679/1068 1090/1681/1070 1091/1682/1071
f 1088/1679/1068 1091/1682/1071 836/1268/816
f 1088/1679/1068 836/1268/816 834/1266/814
f 1088/1679/1068 834/1266/814 833/1265/813
f 1091/1682/1071 1090/1681/1070 1092/1683/1072
f 1091/1682/1071 1092/1683/1072 1093/1684/1073
f 1091/1682/1071 1093/1684/1073 1094/1685/1074
f 1091/1682/1071 1094/1685/1074 839/1271/819
f 1091/1682/1071 839/1271/819 837/1269/817
f 1091/1682/1071 837/1269/817 836/1268/816
f 1094/1685/1074 1093/1684/1073 1095/1686/1075
f 1094/1685/1074 1095/1686/1075 1096/1687/1076
f 1094/1685/1074 1096/1687/1076 1097/1688/1077
f 1094/1685/1074 1097/1688/1077 842/1689/822
f 1094/1685/1074 842/1689/822 840/1272/820
f 1094/1685/1074 840/1272/820 839/1271/819
f 1097/1688/1077 1096/1687/1076 1098/1690/1078
f 1097/1688/1077 1098/1690/1078 1099/1691/1079
f 1097/1692/1077 1099/1693/1079 1100/1694/1080
f 1097/1692/1077 1100/1694/1080 845/1280/825
f 1097/1692/1077 845/1280/825 843/1278/823
f 1097/1692/1077 843/1278/823 842/1277/822
f 1100/1694/1080 1099/1693/1079 1101/1695/1081
f 1100/1694/1080 1101/1695/1081 1102/1696/1082
f 1100/1694/1080 1102/1696/1082 1103/1697/1083
f 1100/1694/1080 1103/1697/1083 848/1283/828
f 1100/1694/1080 848/1283/828 846/1281/826
f 1100/1694/1080 846/1281/826 845/1280/825
f 1103/1697/1083 1102/1696/1082 1104/1698/1084
f 1103/1697/1083 1104/1698/1084 1105/1699/1085
f 1103/1697/1083 1105/1699/1085 1106/1700/1086
f 1103/1697/1083 1106/1700/1086 851/1286/831
f 1103/1697/1083 851/1286/831 849/1284/829
f 1103/1697/1083 849/1284/829 848/1283/828
f 1106/1700/1086 1105/1699/1085 1107/1701/1087
f 1106/1700/1086 1107/1701/1087 1108/1702/1088
f 1106/1700/1086 1108/1702/1088 1109/1703/1089
f 1106/1700/1086 1109/1703/1089 854/1289/834
f 1106/1700/1086 854/1289/834 852/1287/832
f 1106/1700/1086 852/1287/832 851/1286/831
f 1109/1704/1089 1108/1705/1088 1110/1706/1090
f 1109/1704/1089 1110/1706/1090 1111/1707/1091
f 1109/1704/1089 1111/1707/1091 1112/1708/1092
f 1109/1704/1089 1112/1708/1092 857/1709/837
f 1109/1703/1089 857/1292/837 855/1290/835
f 1109/1703/1089 855/1290/835 854/1289/834
f 1112/1708/1092 1111/1707/1091 1113/1710/1093
f 1112/1708/1092 1113/1710/1093 1114/1711/1094
f 1112/1708/1092 1114/1711/1094 1115/1712/1095
f 1112/1708/1092 1115/1712/1095 860/1713/840
f 1112/1714/1092 860/1295/840 858/1293/838
f 1112/1714/1092 858/1293/838 857/1292/837
f 1115/1712/1095 1114/1711/1094 1116/1715/1096
f 1115/1712/1095 1116/1715/1096 1117/1716/1097
f 1115/1712/1095 1117/1716/1097 1118/1717/1098
f 1115/1712/1095 1118/1717/1098 863/1300/843
f 1115/1712/1095 863/1300/843 861/1299/841
f 1115/1712/1095 861/1299/841 860/1713/840
f 1118/1717/1098 1117/1716/1097 1119/1718/1099
f 1118/1717/1098 1119/1718/1099 1120/1719/1100
f 1118/1717/1098 1120/1719/1100 1121/1720/1101
f 1118/1717/1098 1121/1720/1101 866/1304/846
f 1118/1717/1098 866/1304/846 864/1301/844
f 1118/1717/1098 864/1301/844 863/1300/843
f 1121/1720/1101 1120/1719/1100 1122/1721/1102
f 1121/1720/1101 1122/1721/1102 1123/1722/1103
f 1121/1720/1101 1123/1722/1103 1124/1723/1104
f 1121/1720/1101 1124/1723/1104 869/1307/849
f 1121/1720/1101 869/1307/849 867/1305/847
f 1121/1720/1101 867/1305/847 866/1304/846
f 1124/1723/1104 1123/1722/1103 1125/1724/1105
f 1124/1723/1104 1125/1724/1105 1126/1725/1106
f 1124/1723/1104 1126/1725/1106 1127/1726/1107
f 1124/1723/1104 1127/1726/1107 872/1727/852
f 1124/1723/1104 872/1727/852 870/1308/850
f 1124/1723/1104 870/1308/850 869/1307/849
f 1127/1728/1107 1126/1729/1106 1128/1730/1108
f 1127/1728/1107 1128/1730/1108 72/53/47
f 1127/1728/1107 72/53/47 68/52/43
f 1127/1728/1107 68/52/43 874/1316/854
f 1127/1728/1107 874/1316/854 873/1313/853
f 1127/1728/1107 873/1313/853 872/1312/852
f 1128/1730/1108 1129/1731/1109 75/1732/1110
f 1128/1730/1108 75/1732/1110 1130/1733/1111
f 1128/1730/1108 1130/1733/1111 70/50/45
f 1128/1730/1108 70/50/45 72/53/47
f 1128/1730/1108 1126/1729/1106 1125/1734/1105
f 1128/1730/1108 1125/1734/1105 1129/1731/1109
f 1130/1733/1111 75/1735/1110 73/1736/1112
f 1130/1733/1111 73/1736/1112 71/51/46
f 1130/1733/1111 71/51/46 70/50/45
f 75/1732/1110 1129/1731/1109 1132/1737/1113
f 75/1732/1110 1132/1737/1113 1131/1738/1114
f 1132/1737/1113 1129/1731/1109 1125/1734/1105
f 1132/1737/1113 1125/1734/1105 1133/1739/1115
f 1132/1737/1113 1133/1739/1115 1134/1740/1116
f 1134/1740/1116 1135/1741/1117 1132/1742/1113
f 1134/1743/1116 1133/1744/1115 1122/1721/1102
f 1134/1743/1116 1122/1721/1102 1136/1745/1118
f 1134/1743/1116 1136/1745/1118 1137/1746/1119
f 1137/1746/1119 1138/1747/1120 1134/1748/1116
f 1137/1746/1119 1136/1745/1118 1119/1718/1099
f 1137/1746/1119 1119/1718/1099 1139/1749/1121
f 1137/1746/1119 1139/1749/1121 1140/1750/1122
f 1140/1750/1122 1141/1751/1123 1137/1752/1119
f 1140/1750/1122 1139/1749/1121 1116/1715/1096
f 1140/1750/1122 1116/1715/1096 1142/1753/1124
f 1140/1750/1122 1142/1753/1124 1143/1754/1125
f 1143/1754/1125 1144/1755/1126 1145/1756/1127
f 1143/1754/1125 1145/1756/1127 1140/1757/1122
f 1143/1754/1125 1142/1753/1124 1113/1710/1093
f 1143/1754/1125 1113/1710/1093 1146/1758/1128
f 1143/1754/1125 1146/1758/1128 1147/1759/1129
f 1143/1754/1125 1147/1759/1129 1144/1755/1126
f 1147/1759/1129 1148/1760/1130 1149/1761/1131
f 1147/1759/1129 1149/1761/1131 1144/1755/1126
f 1147/1759/1129 1146/1758/1128 1110/1706/1090
f 1147/1759/1129 1110/1706/1090 1150/1762/1132
f 1147/1759/1129 1150/1762/1132 1151/1763/1133
f 1147/1759/1129 1151/1763/1133 1148/1760/1130
f 1151/1763/1133 1152/1764/1134 1153/1765/1135
f 1151/1763/1133 1153/1765/1135 1148/1760/1130
f 1151/1763/1133 1150/1762/1132 1107/1766/1087
f 1151/1763/1133 1107/1766/1087 1154/1767/1136
f 1151/1763/1133 1154/1767/1136 1155/1768/1137
f 1151/1763/1133 1155/1768/1137 1152/1764/1134
f 1155/1768/1137 1156/1769/1138 1157/1770/1139
f 1155/1768/1137 1157/1770/1139 1152/1764/1134
f 1155/1771/1137 1154/1772/1136 1104/1698/1084
f 1155/1771/1137 1104/1698/1084 1158/1773/1140
f 1155/1774/1137 1158/1775/1140 1159/1776/1141
f 1155/1774/1137 1159/1776/1141 1156/1777/1138
f 1159/1776/1141 1160/1778/1142 1161/1779/1143
f 1159/1776/1141 1161/1779/1143 1156/1777/1138
f 1159/1776/1141 1158/1775/1140 1101/1780/1081
f 1159/1776/1141 1101/1780/1081 1162/1781/1144
f 1159/1776/1141 1162/1781/1144 1163/1782/1145
f 1159/1776/1141 1163/1782/1145 1160/1778/1142
f 1163/1782/1145 1164/1783/1146 1165/1784/1147
f 1163/1782/1145 1165/1784/1147 1160/1778/1142
f 1163/1782/1145 1162/1781/1144 1098/1690/1078
f 1163/1782/1145 1098/1690/1078 1166/1785/1148
f 1163/1782/1145 1166/1785/1148 1167/1786/1149
f 1163/1782/1145 1167/1786/1149 1164/1783/1146
f 1167/1786/1149 1168/1787/1150 1169/1788/1151
f 1167/1786/1149 1169/1788/1151 1164/1783/1146
f 1167/1786/1149 1166/1785/1148 1095/1686/1075
f 1167/1786/1149 1095/1686/1075 1170/1789/1152
f 1167/1786/1149 1170/1789/1152 1171/1790/1153
f 1167/1786/1149 1171/1790/1153 1168/1787/1150
f 1171/1790/1153 1172/1791/1154 1173/1792/1155
f 1171/1790/1153 1173/1792/1155 1168/1787/1150
f 1171/1790/1153 1170/1789/1152 1092/1683/1072
f 1171/1790/1153 1092/1683/1072 1174/1793/1156
f 1171/1790/1153 1174/1793/1156 1175/1794/1157
f 1171/1790/1153 1175/1794/1157 1172/1791/1154
f 1175/1794/1157 1176/1795/1158 1177/1796/1159
f 1175/1794/1157 1177/1796/1159 1172/1791/1154
f 1175/1794/1157 1174/1793/1156 1089/1680/1069
f 1175/1794/1157 1089/1680/1069 1178/1797/1160
f 1175/1794/1157 1178/1797/1160 1179/1798/1161
f 1175/1794/1157 1179/1798/1161 1176/1795/1158
f 1179/1798/1161 1180/1799/1162 1176/1795/1158
f 1179/1798/1161 1178/1797/1160 1086/1677/1066
f 1179/1798/1161 1086/1677/1066 1181/1800/1163
f 1179/1798/1161 1181/1800/1163 1180/1801/1162
f 1180/1801/1162 1181/1800/1163 1083/1674/1063
f 1180/1801/1162 1083/1674/1063 1080/1802/1060
f 1180/1801/1162 1080/1802/1060 1182/1803/1164
f 1182/1803/1164 1080/1671/1060 1078/1804/1058
f 1182/1803/1164 1078/1804/1058 1183/1805/1165
f 1183/1805/1165 1078/1668/1058 1185/1806/1166
f 1183/1805/1165 1185/1806/1166 1184/1807/1167
f 1184/1807/1167 1185/1806/1166 1075/1808/1055
f 1184/1807/1167 1075/1808/1055 1187/1809/1168
f 1184/1807/1167 1187/1809/1168 1186/1810/1169
f 1186/1810/1169 1072/1811/1052 1188/1812/1170
f 1186/1810/1169 1187/1809/1168 1074/1663/1054
f 1186/1810/1169 1074/1663/1054 1073/1813/1053
f 1186/1810/1169 1073/1813/1053 1072/1654/1052
f 1188/1812/1170 1071/1814/1051 1189/1815/1171
f 1188/1812/1170 1072/1811/1052 1071/1651/1051
f 1188/1816/1170 1189/1817/1171 1190/1818/1172
f 1188/1816/1170 1190/1818/1172 1191/1819/1173
f 1188/1816/1170 1191/1819/1173 1186/1820/1169
f 1191/1819/1173 1192/1821/1174 1184/1822/1167
f 1191/1819/1173 1184/1823/1167 1186/1820/1169
f 1192/1821/1174 1191/1824/1173 1193/1825/1175
f 1192/1821/1174 1194/1826/1176 1183/1827/1165
f 1192/1821/1174 1183/1828/1165 1184/1822/1167
f 1194/1826/1176 1192/1829/1174 1195/1830/1177
f 1194/1826/1176 1196/1831/1178 1182/1832/1164
f 1194/1826/1176 1182/1833/1164 1183/1827/1165
f 1196/1831/1178 1194/1834/1176 1197/1835/1179
f 1196/1831/1178 1198/1836/1180 1180/1799/1162
f 1196/1831/1178 1180/1837/1162 1182/1832/1164
f 1198/1836/1180 1196/1838/1178 1199/1839/1181
f 1198/1836/1180 1177/1796/1159 1176/1795/1158
f 1198/1836/1180 1176/1795/1158 1180/1799/1162
f 1177/1840/1159 1198/1841/1180 1200/1842/1182
f 1177/1840/1159 1200/1842/1182 1201/1843/1183
f 1177/1840/1159 1201/1843/1183 1202/1844/1184
f 1177/1840/1159 1202/1844/1184 1173/1792/1155
f 1177/1840/1159 1173/1792/1155 1172/1791/1154
f 1202/1844/1184 1201/1845/1183 1203/1846/1185
f 1202/1844/1184 1203/1846/1185 1204/1847/1186
f 1202/1844/1184 1204/1847/1186 1169/1788/1151
f 1202/1844/1184 1169/1788/1151 1168/1787/1150
f 1202/1844/1184 1168/1787/1150 1173/1792/1155
f 1204/1848/1186 1203/1849/1185 1205/1850/1187
f 1204/1848/1186 1205/1850/1187 1206/1851/1188
f 1204/1847/1186 1206/1852/1188 1207/1853/1189
f 1204/1847/1186 1207/1853/1189 1165/1784/1147
f 1204/1847/1186 1165/1784/1147 1164/1783/1146
f 1204/1847/1186 1164/1783/1146 1169/1788/1151
f 1207/1854/1189 1206/1851/1188 1208/1855/1190
f 1207/1854/1189 1208/1855/1190 1209/1856/1191
f 1207/1854/1189 1209/1856/1191 1210/1857/1192
f 1207/1854/1189 1210/1857/1192 1161/1858/1143
f 1207/1853/1189 1161/1779/1143 1160/1778/1142
f 1207/1853/1189 1160/1778/1142 1165/1784/1147
f 1210/1857/1192 1209/1856/1191 1211/1859/1193
f 1210/1857/1192 1211/1859/1193 1212/1860/1194
f 1210/1857/1192 1212/1860/1194 1213/1861/1195
f 1210/1857/1192 1213/1861/1195 1157/1770/1139
f 1210/1857/1192 1157/1770/1139 1156/1769/1138
f 1210/1857/1192 1156/1769/1138 1161/1858/1143
f 1213/1861/1195 1212/1860/1194 1214/1862/1196
f 1213/1861/1195 1214/1862/1196 1215/1863/1197
f 1213/1861/1195 1215/1863/1197 1216/1864/1198
f 1213/1861/1195 1216/1864/1198 1153/1765/1135
f 1213/1861/1195 1153/1765/1135 1152/1764/1134
f 1213/1861/1195 1152/1764/1134 1157/1770/1139
f 1216/1864/1198 1215/1863/1197 1217/1865/1199
f 1216/1864/1198 1217/1865/1199 1218/1866/1200
f 1216/1864/1198 1218/1867/1200 1149/1761/1131
f 1216/1864/1198 1149/1761/1131 1148/1760/1130
f 1216/1864/1198 1148/1760/1130 1153/1765/1135
f 1218/1867/1200 1219/1868/1201 1220/1869/1202
f 1218/1867/1200 1220/1869/1202 1141/1870/1123
f 1218/1867/1200 1141/1870/1123 1145/1756/1127
f 1218/1867/1200 1145/1756/1127 1144/1755/1126
f 1218/1867/1200 1144/1755/1126 1149/1761/1131
f 1141/1870/1123 1220/1869/1202 1221/1871/1203
f 1141/1870/1123 1221/1872/1203 1138/1873/1120
f 1141/1870/1123 1140/1757/1122 1145/1756/1127
f 1138/1874/1120 1221/1875/1203 1222/1876/1204
f 1138/1874/1120 1222/1877/1204 1135/1878/1117
f 1138/1873/1120 1137/1752/1119 1141/1751/1123
f 1135/1878/1117 1222/1877/1204 1223/1879/1205
f 1135/1878/1117 1223/1880/1205 1224/1881/1206
f 1135/1878/1117 1134/1882/1116 1138/1883/1120
f 1224/1881/1206 1223/1880/1205 1225/1884/1207
f 1224/1881/1206 1226/1885/1208 1131/1886/1114
f 1224/1881/1206 1131/1886/1114 1132/1742/1113
f 1224/1881/1206 1132/1742/1113 1135/1741/1117
f 1226/1885/1208 1224/1887/1206 1227/1888/1209
f 1226/1885/1208 1228/1889/1210 75/1890/1110
f 1226/1885/1208 75/1890/1110 1131/1738/1114
f 1228/1889/1210 1226/1891/1208 1229/1892/1211
f 1228/1889/1210 1229/1892/1211 1230/1893/1212
f 1228/1889/1210 1230/1893/1212 74/1894/1213
f 1228/1889/1210 74/1894/1213 73/1895/1112
f 1228/1889/1210 73/1895/1112 75/1735/1110
f 74/1896/1213 1230/1897/1212 1231/1898/1214
f 74/1896/1213 1231/1898/1214 1232/1899/1215
f 74/1896/1213 1232/1899/1215 1233/1900/1216
f 74/1896/1213 1233/1901/1216 73/1902/1112
f 1233/1901/1216 65/45/40 64/44/39
f 1233/1901/1216 64/44/39 71/51/46
f 1233/1901/1216 71/51/46 73/1902/1112
f 1233/1903/1216 1232/1904/1215 1234/1905/1217
f 1233/1903/1216 1234/1905/1217 1235/1906/1218
f 1233/1900/1216 1235/1907/1218 1236/1908/1219
f 1233/1900/1216 1236/1908/1219 65/45/40
f 1236/1909/1219 1235/1906/1218 1237/1910/1220
f 1236/1909/1219 1237/1910/1220 1238/1911/1221
f 1236/1909/1219 1238/1911/1221 1239/1912/1222
f 1236/1909/1219 1239/1912/1222 1240/1913/1223
f 1236/1908/1219 1240/1914/1223 66/46/41
f 1236/1908/1219 66/46/41 65/45/40
f 1240/1914/1223 1239/1915/1222 1241/1916/1224
f 1240/1914/1223 1241/1916/1224 1242/1917/1225
f 1240/1914/1223 1242/1917/1225 69/49/44
f 1240/1914/1223 69/49/44 66/46/41
f 1242/1917/1225 1241/1916/1224 1243/1918/1226
f 1242/1917/1225 1243/1918/1226 1244/1919/1227
f 1242/1917/1225 1244/1919/1227 69/1920/44
f 69/1920/44 1244/1919/1227 877/1921/857
f 69/1920/44 877/1921/857 876/1324/856
f 69/1920/44 876/1324/856 875/1322/855
f 69/1920/44 875/1322/855 67/1321/42
f 877/1921/857 1244/1919/1227 1243/1918/1226
f 877/1921/857 1243/1918/1226 1245/1922/1228
f 877/1921/857 1245/1922/1228 1246/1923/1229
f 1246/1923/1229 1245/1922/1228 1247/1924/1230
f 1246/1923/1229 1247/1924/1230 1248/1925/1231
f 1246/1923/1229 1248/1925/1231 1249/1926/1232
f 1246/1923/1229 1249/1926/1232 878/1330/858
f 1246/1923/1229 878/1330/858 877/1328/857
f 1249/1927/1232 1248/1928/1231 1250/1929/1233
f 1249/1927/1232 1250/1929/1233 1251/1930/1234
f 1249/1927/1232 1251/1930/1234 1252/1931/1235
f 1249/1927/1232 1252/1931/1235 880/1932/860
f 1249/1926/1232 880/1333/860 879/1331/859
f 1249/1926/1232 879/1331/859 878/1330/858
f 1252/1931/1235 1251/1930/1234 1253/1933/1236
f 1252/1931/1235 1253/1933/1236 1254/1934/1237
f 1252/1931/1235 1254/1934/1237 1255/1935/1238
f 1252/1931/1235 1255/1935/1238 883/1936/863
f 1252/1931/1235 883/1936/863 881/1937/861
f 1252/1931/1235 881/1937/861 880/1932/860
f 1255/1935/1238 1254/1934/1237 1256/1938/1239
f 1255/1935/1238 1256/1938/1239 1257/1939/1240
f 1255/1940/1238 1257/1941/1240 1258/1942/1241
f 1255/1940/1238 1258/1942/1241 886/1341/866
f 1255/1940/1238 886/1341/866 884/1339/864
f 1255/1940/1238 884/1339/864 883/1338/863
f 1258/1942/1241 1257/1941/1240 1259/1943/1242
f 1258/1942/1241 1259/1943/1242 1260/1944/1243
f 1258/1942/1241 1260/1944/1243 1261/1945/1244
f 1258/1942/1241 1261/1945/1244 888/1344/868
f 1258/1942/1241 888/1344/868 887/1342/867
f 1258/1942/1241 887/1342/867 886/1341/866
f 1261/1945/1244 1260/1944/1243 1262/1946/1245
f 1261/1945/1244 1262/1946/1245 1263/1947/1246
f 1261/1945/1244 1263/1947/1246 1264/1948/1247
f 1261/1945/1244 1264/1948/1247 889/1949/869
f 1261/1945/1244 889/1345/869 888/1344/868
f 889/1949/869 1264/1948/1247 1265/1950/1248
f 889/1949/869 1265/1950/1248 890/1951/870
f 890/1951/870 1265/1950/1248 1266/1952/1249
f 890/1951/870 1266/1952/1249 891/1953/871
f 891/1953/871 1266/1952/1249 1267/1954/1250
f 891/1953/871 1267/1954/1250 892/1955/872
f 892/1955/872 1267/1954/1250 1268/1956/1251
f 892/1955/872 1268/1956/1251 893/1957/873
f 893/1957/873 1268/1956/1251 1269/1958/1252
f 893/1957/873 1269/1958/1252 894/1959/874
f 894/1959/874 1269/1958/1252 1270/1960/1253
f 894/1959/874 1270/1960/1253 895/1961/875
f 895/1961/875 1270/1960/1253 1271/1962/1254
f 895/1961/875 1271/1962/1254 896/1963/876
f 896/1963/876 1271/1962/1254 1272/1964/1255
f 896/1963/876 1272/1965/1255 898/1966/878
f 898/1966/878 1272/1965/1255 1273/1967/1256
f 898/1966/878 1273/1968/1256 1274/1969/1257
f 1274/1969/1257 900/1364/880 898/1362/878
f 1274/1969/1257 1273/1968/1256 1275/1970/1258
f 1274/1969/1257 1275/1971/1258 1276/1972/1259
f 1274/1969/1257 1276/1972/1259 900/1364/880
f 1276/1972/1259 902/1367/882 901/1365/881
f 1276/1972/1259 901/1365/881 900/1364/880
f 1276/1972/1259 1275/1971/1258 1277/1973/1260
f 1276/1972/1259 1277/1973/1260 1278/1974/1261
f 1276/1972/1259 1278/1974/1261 904/1975/884
f 1276/1972/1259 904/1975/884 902/1367/882
f 904/1975/884 1278/1974/1261 1279/1976/1262
f 904/1975/884 1279/1976/1262 1280/1977/1263
f 904/1975/884 1280/1977/1263 906/1978/886
f 906/1978/886 1280/1977/1263 1281/1979/1264
f 906/1978/886 1281/1980/1264 1282/1981/1265
f 1282/1981/1265 909/1376/889 907/1374/887
f 1282/1981/1265 907/1374/887 906/1373/886
f 1282/1981/1265 1281/1980/1264 1283/1982/1266
f 1282/1981/1265 1283/1982/1266 1284/1983/1267
f 1282/1981/1265 1284/1983/1267 1285/1984/1268
f 1282/1981/1265 1285/1984/1268 909/1376/889
f 1285/1984/1268 912/1379/892 910/1377/890
f 1285/1984/1268 910/1377/890 909/1376/889
f 1285/1984/1268 1284/1983/1267 1286/1985/1269
f 1285/1984/1268 1286/1985/1269 1287/1986/1270
f 1285/1984/1268 1287/1986/1270 1288/1987/1271
f 1285/1984/1268 1288/1987/1271 912/1379/892
f 1288/1987/1271 915/1382/895 913/1380/893
f 1288/1987/1271 913/1380/893 912/1379/892
f 1288/1987/1271 1287/1986/1270 1289/1988/1272
f 1288/1987/1271 1289/1988/1272 1290/1989/1273
f 1288/1987/1271 1290/1989/1273 1291/1990/1274
f 1288/1987/1271 1291/1990/1274 915/1382/895
f 1291/1990/1274 918/1386/898 916/1383/896
f 1291/1990/1274 916/1383/896 915/1382/895
f 1291/1990/1274 1290/1989/1273 1292/1991/1275
f 1291/1990/1274 1292/1991/1275 1293/1992/1276
f 1291/1990/1274 1293/1992/1276 1294/1993/1277
f 1291/1990/1274 1294/1993/1277 918/1386/898
f 1294/1993/1277 921/1390/901 919/1387/899
f 1294/1993/1277 919/1387/899 918/1386/898
f 1294/1993/1277 1293/1992/1276 1295/1994/1278
f 1294/1993/1277 1295/1994/1278 1296/1995/1279
f 1294/1993/1277 1296/1995/1279 1297/1996/1280
f 1294/1993/1277 1297/1996/1280 921/1390/901
f 1297/1996/1280 924/1997/904 922/1391/902
f 1297/1996/1280 922/1391/902 921/1390/901
f 1297/1996/1280 1296/1995/1279 1298/1998/1281
f 1297/1996/1280 1298/1998/1281 1299/1999/1282
f 1297/1996/1280 1299/1999/1282 1300/2000/1283
f 1297/1996/1280 1300/2000/1283 924/1997/904
f 1300/2001/1283 927/1397/907 925/1395/905
f 1300/2001/1283 925/1395/905 924/1394/904
f 1300/2000/1283 1299/1999/1282 1301/2002/1284
f 1300/2000/1283 1301/2002/1284 1302/2003/1285
f 1300/2001/1283 1302/2004/1285 1303/2005/1286
f 1300/2001/1283 1303/2005/1286 927/1397/907
f 1303/2005/1286 930/1400/910 928/1398/908
f 1303/2005/1286 928/1398/908 927/1397/907
f 1303/2005/1286 1302/2004/1285 1304/2006/1287
f 1303/2005/1286 1304/2006/1287 1305/2007/1288
f 1303/2005/1286 1305/2007/1288 1306/2008/1289
f 1303/2005/1286 1306/2008/1289 930/1400/910
f 1306/2008/1289 933/1403/913 931/1401/911
f 1306/2008/1289 931/1401/911 930/1400/910
f 1306/2008/1289 1305/2007/1288 1307/2009/1290
f 1306/2008/1289 1307/2009/1290 1308/2010/1291
f 1306/2008/1289 1308/2010/1291 1309/2011/1292
f 1306/2008/1289 1309/2011/1292 933/1403/913
f 1309/2011/1292 936/1406/916 934/1404/914
f 1309/2011/1292 934/1404/914 933/1403/913
f 1309/2011/1292 1308/2010/1291 1310/2012/1293
f 1309/2011/1292 1310/2012/1293 1311/2013/1294
f 1309/2011/1292 1311/2013/1294 1312/2014/1295
f 1309/2011/1292 1312/2014/1295 936/1406/916
f 1312/2014/1295 939/1409/919 937/1407/917
f 1312/2014/1295 937/1407/917 936/1406/916
f 1312/2014/1295 1311/2013/1294 1313/2015/1296
f 1312/2014/1295 1313/2015/1296 1314/2016/1297
f 1312/2014/1295 1314/2016/1297 1315/2017/1298
f 1312/2014/1295 1315/2017/1298 939/1409/919
f 1315/2017/1298 942/1412/922 940/1410/920
f 1315/2017/1298 940/1410/920 939/1409/919
f 1315/2018/1298 1314/2019/1297 1316/2020/1299
f 1315/2018/1298 1316/2020/1299 1317/2021/1300
f 1315/2018/1298 1317/2021/1300 1318/2022/1301
f 1315/2018/1298 1318/2022/1301 942/2023/922
f 1318/2022/1301 945/1417/925 943/1416/923
f 1318/2022/1301 943/1416/923 942/2023/922
f 1318/2024/1301 1317/2025/1300 1319/2026/1302
f 1318/2024/1301 1319/2026/1302 1320/2027/1303
f 1318/2024/1301 1320/2027/1303 1321/2028/1304
f 1318/2024/1301 1321/2028/1304 945/2029/925
f 1321/2028/1304 948/1421/928 946/1419/926
f 1321/2028/1304 946/1419/926 945/2029/925
f 1321/2030/1304 1320/2031/1303 1322/2032/1305
f 1321/2030/1304 1322/2032/1305 1323/2033/1306
f 1321/2030/1304 1323/2033/1306 1324/2034/1307
f 1321/2030/1304 1324/2034/1307 948/2035/928
f 1324/2034/1307 951/1426/931 949/1425/929
f 1324/2034/1307 949/1425/929 948/2035/928
f 1324/2034/1307 1323/2033/1306 1325/2036/1308
f 1324/2034/1307 1325/2036/1308 1326/2037/1309
f 1324/2034/1307 1326/2037/1309 1327/2038/1310
f 1324/2034/1307 1327/2038/1310 951/1426/931
f 1327/2038/1310 954/1430/934 952/1427/932
f 1327/2038/1310 952/1427/932 951/1426/931
f 1327/2038/1310 1326/2037/1309 1328/2039/1311
f 1327/2038/1310 1328/2039/1311 1329/2040/1312
f 1327/2038/1310 1329/2040/1312 1330/2041/1313
f 1327/2038/1310 1330/2041/1313 954/1430/934
f 1330/2041/1313 957/1433/937 955/1431/935
f 1330/2041/1313 955/1431/935 954/1430/934
f 1330/2041/1313 1329/2040/1312 1331/2042/1314
f 1330/2041/1313 1331/2042/1314 1332/2043/1315
f 1330/2041/1313 1332/2043/1315 1333/2044/1316
f 1330/2041/1313 1333/2044/1316 957/1433/937
f 1333/2044/1316 960/1436/940 958/1434/938
f 1333/2044/1316 958/1434/938 957/1433/937
f 1333/2044/1316 1332/2043/1315 1334/2045/1317
f 1333/2044/1316 1334/2045/1317 1335/2046/1318
f 1333/2044/1316 1335/2046/1318 1336/2047/1319
f 1333/2044/1316 1336/2047/1319 960/1436/940
f 1336/2047/1319 963/1439/943 961/1437/941
f 1336/2047/1319 961/1437/941 960/1436/940
f 1336/2047/1319 1335/2046/1318 1337/2048/1320
f 1336/2047/1319 1337/2048/1320 1338/2049/1321
f 1336/2047/1319 1338/2049/1321 1339/2050/1322
f 1336/2047/1319 1339/2050/1322 963/1439/943
f 1339/2050/1322 966/1442/946 964/1440/944
f 1339/2050/1322 964/1440/944 963/1439/943
f 1339/2050/1322 1338/2049/1321 1340/2051/1323
f 1339/2050/1322 1340/2051/1323 1341/2052/1324
f 1339/2050/1322 1341/2052/1324 1342/2053/1325
f 1339/2050/1322 1342/2053/1325 966/1442/946
f 1342/2053/1325 969/1445/949 967/1443/947
f 1342/2053/1325 967/1443/947 966/1442/946
f 1342/2053/1325 1341/2052/1324 1343/2054/1326
f 1342/2053/1325 1343/2054/1326 1344/2055/1327
f 1342/2053/1325 1344/2055/1327 1345/2056/1328
f 1342/2053/1325 1345/2056/1328 969/1445/949
f 1345/2056/1328 972/1448/952 970/1446/950
f 1345/2056/1328 970/1446/950 969/1445/949
f 1345/2056/1328 1344/2055/1327 1346/2057/1329
f 1345/2056/1328 1346/2057/1329 1347/2058/1330
f 1345/2056/1328 1347/2058/1330 1348/2059/1331
f 1345/2056/1328 1348/2059/1331 972/1448/952
f 1348/2060/1331 975/1455/955 973/1454/953
f 1348/2060/1331 973/1454/953 972/2061/952
f 1348/2059/1331 1347/2058/1330 1349/2062/1332
f 1348/2059/1331 1349/2062/1332 1350/2063/1333
f 1348/2059/1331 1350/2063/1333 1351/2064/1334
f 1348/2059/1331 1351/2064/1334 975/2065/955
f 1351/2064/1334 978/2066/958 976/2067/956
f 1351/2064/1334 976/2067/956 975/2065/955
f 1351/2064/1334 1350/2063/1333 1352/2068/1335
f 1351/2064/1334 1352/2068/1335 1353/2069/1336
f 1351/2064/1334 1353/2069/1336 1354/2070/1337
f 1351/2064/1334 1354/2070/1337 978/2066/958
f 1354/2070/1337 981/2071/961 979/2072/959
f 1354/2070/1337 979/2072/959 978/2066/958
f 1354/2070/1337 1353/2069/1336 1355/2073/1338
f 1354/2070/1337 1355/2073/1338 1356/2074/1339
f 1354/2070/1337 1356/2074/1339 1357/2075/1340
f 1354/2070/1337 1357/2075/1340 981/2071/961
f 1357/2076/1340 984/1468/964 982/1466/962
f 1357/2076/1340 982/1466/962 981/1465/961
f 1357/2076/1340 1356/2077/1339 1358/2078/1341
f 1357/2076/1340 1358/2078/1341 1359/2079/1342
f 1357/2076/1340 1359/2079/1342 986/1470/966
f 1357/2076/1340 986/1470/966 984/1468/964
f 1359/2079/1342 1358/2078/1341 1360/2080/1343
f 1359/2079/1342 1360/2080/1343 1361/2081/1344
f 1359/2079/1342 1361/2081/1344 988/1472/968
f 1359/2079/1342 988/1472/968 986/1470/966
f 1361/2081/1344 1360/2080/1343 1362/2082/1345
f 1361/2081/1344 1362/2082/1345 1363/2083/1346
f 1361/2081/1344 1363/2083/1346 990/1474/970
f 1361/2081/1344 990/1474/970 988/1472/968
f 1363/2083/1346 1362/2082/1345 1364/2084/1347
f 1363/2083/1346 1364/2084/1347 1365/2085/1348
f 1363/2083/1346 1365/2085/1348 992/1476/972
f 1363/2083/1346 992/1476/972 990/1474/970
f 1365/2085/1348 1364/2084/1347 1366/2086/1349
f 1365/2085/1348 1366/2086/1349 1367/2087/1350
f 1365/2085/1348 1367/2087/1350 1368/2088/1351
f 1365/2085/1348 1368/2088/1351 992/1476/972
f 1368/2088/1351 995/1479/975 993/1477/973
f 1368/2088/1351 993/1477/973 992/1476/972
f 1368/2088/1351 1367/2087/1350 1369/2089/1352
f 1368/2088/1351 1369/2089/1352 1370/2090/1353
f 1368/2088/1351 1370/2090/1353 1371/2091/1354
f 1368/2088/1351 1371/2091/1354 995/1479/975
f 1371/2091/1354 998/1482/978 996/1480/976
f 1371/2091/1354 996/1480/976 995/1479/975
f 1371/2091/1354 1370/2090/1353 1372/2092/1355
f 1371/2091/1354 1372/2092/1355 1373/2093/1356
f 1371/2091/1354 1373/2093/1356 1374/2094/1357
f 1371/2091/1354 1374/2094/1357 998/1482/978
f 1374/2094/1357 1001/1485/981 999/1483/979
f 1374/2094/1357 999/1483/979 998/1482/978
f 1374/2095/1357 1373/2096/1356 1375/2097/1358
f 1374/2095/1357 1375/2097/1358 1376/2098/1359
f 1374/2095/1357 1376/2098/1359 1377/2099/1360
f 1374/2095/1357 1377/2099/1360 1001/2100/981
f 1377/2099/1360 1004/2101/984 1002/2102/982
f 1377/2099/1360 1002/2102/982 1001/2100/981
f 1377/2099/1360 1376/2098/1359 1378/2103/1361
f 1377/2099/1360 1378/2103/1361 1379/2104/1362
f 1377/2099/1360 1379/2104/1362 1380/2105/1363
f 1377/2099/1360 1380/2105/1363 1004/2101/984
f 1380/2106/1363 1007/1491/987 1005/1489/985
f 1380/2106/1363 1005/1489/985 1004/1488/984
f 1380/2105/1363 1379/2104/1362 1381/2107/1364
f 1380/2105/1363 1381/2107/1364 1382/2108/1365
f 1380/2106/1363 1382/2109/1365 1383/2110/1366
f 1380/2106/1363 1383/2110/1366 1007/1491/987
f 1383/2110/1366 1010/1494/990 1008/1492/988
f 1383/2110/1366 1008/1492/988 1007/1491/987
f 1383/2110/1366 1382/2109/1365 1384/2111/1367
f 1383/2110/1366 1384/2111/1367 1385/2112/1368
f 1383/2110/1366 1385/2112/1368 1386/2113/1369
f 1383/2110/1366 1386/2113/1369 1010/1494/990
f 1386/2113/1369 1013/1497/993 1011/1495/991
f 1386/2113/1369 1011/1495/991 1010/1494/990
f 1386/2113/1369 1385/2112/1368 1387/2114/1370
f 1386/2113/1369 1387/2114/1370 1388/2115/1371
f 1386/2113/1369 1388/2115/1371 1389/2116/1372
f 1386/2113/1369 1389/2116/1372 1013/1497/993
f 1389/2116/1372 1014/1498/994 1013/1497/993
f 1389/2116/1372 1388/2115/1371 1390/2117/1373
f 1389/2116/1372 1390/2117/1373 1391/2118/1374
f 1389/2116/1372 1391/2118/1374 1392/2119/1375
f 1389/2116/1372 1392/2119/1375 1014/2120/994
f 1392/2119/1375 1017/1503/997 1015/1502/995
f 1392/2119/1375 1015/1502/995 1014/2120/994
f 1392/2121/1375 1391/2122/1374 1393/2123/1376
f 1392/2121/1375 1393/2123/1376 1394/2124/1377
f 1392/2121/1375 1394/2124/1377 1019/1507/999
f 1392/2121/1375 1019/1507/999 1017/1505/997
f 1394/2125/1377 1393/2126/1376 1395/2127/1378
f 1394/2125/1377 1395/2127/1378 1396/2128/1379
f 1394/2125/1377 1396/2128/1379 1021/1511/1001
f 1394/2125/1377 1021/1511/1001 1019/1509/999
f 1021/2129/1001 1022/1514/1002 1020/1513/1000
f 1021/2129/1001 1396/2130/1379 1397/2131/1380
f 1021/2129/1001 1397/2131/1380 1398/2132/1381
f 1021/2129/1001 1398/2132/1381 1022/2133/1002
f 1022/2133/1002 1398/2134/1381 1399/2135/1382
f 1022/2133/1002 1399/2135/1382 1400/2136/1383
f 1022/2133/1002 1400/2136/1383 1023/2137/1003
f 1400/2136/1383 1026/2138/1006 1024/2139/1004
f 1400/2136/1383 1024/2139/1004 1023/2137/1003
f 1026/2140/1006 1028/1525/1008 1025/1524/1005
f 1026/2140/1006 1400/2141/1383 1401/2142/1384
f 1026/2140/1006 1401/2142/1384 62/2143/37
f 1026/2140/1006 62/2143/37 1028/2144/1008
f 1028/2144/1008 58/1528/33 1027/1527/1007
f 1028/2144/1008 62/42/37 59/39/34
f 1028/2144/1008 59/39/34 58/38/33
f 1401/2145/1384 1402/2146/1385 1403/2147/1386
f 1401/2145/1384 1403/2147/1386 1404/2148/1387
f 1401/2149/1384 1404/2150/1387 60/40/35
f 1401/2149/1384 60/40/35 62/42/37
f 1404/2150/1387 1403/2151/1386 1405/2152/1388
f 1404/2150/1387 1405/2152/1388 1406/2153/1389
f 1404/2150/1387 1406/2153/1389 61/41/36
f 1404/2150/1387 61/41/36 60/40/35
f 1406/2153/1389 1405/2152/1388 1407/2154/1390
f 1406/2153/1389 1407/2154/1390 1408/2155/1391
f 1406/2153/1389 1408/2155/1391 1409/2156/1392
f 1406/2153/1389 1409/2156/1392 61/41/36
f 1409/2156/1392 1408/2155/1391 1410/2157/1393
f 1409/2156/1392 1410/2157/1393 1411/2158/1394
f 1409/2156/1392 1411/2158/1394 1412/2159/1395
f 1409/2156/1392 1412/2159/1395 1413/2160/1396
f 1409/2156/1392 1413/2160/1396 54/33/29
f 1409/2156/1392 54/33/29 61/41/36
f 1413/2160/1396 1412/2159/1395 1414/2161/1397
f 1413/2160/1396 1414/2161/1397 1415/2162/1398
f 1413/2160/1396 1415/2162/1398 55/34/30
f 1413/2160/1396 55/34/30 54/33/29
f 1415/2162/1398 1414/2161/1397 1416/2163/1399
f 1415/2162/1398 1417/2164/1400 55/34/30
f 1417/2164/1400 1418/2165/1401 56/35/31
f 1417/2164/1400 56/35/31 55/34/30
f 1417/2164/1400 1415/2166/1398 1419/2167/1402
f 1418/2168/1401 1420/2169/1403 57/2170/32
f 1418/2168/1401 1417/2171/1400 1421/2172/1404
f 1418/2168/1401 1421/2172/1404 1422/2173/1405
f 1418/2168/1401 1422/2173/1405 1423/2174/1406
f 1418/2168/1401 1423/2174/1406 1420/2169/1403
f 1423/2174/1406 1424/2175/1407 1420/2169/1403
f 1423/2174/1406 1422/2173/1405 42/22/19
f 1423/2174/1406 42/22/19 41/21/18
f 1423/2174/1406 41/21/18 40/20/17
f 1423/2174/1406 40/20/17 1424/2176/1407
f 1424/2175/1407 1425/2177/1408 1426/2178/1409
f 1424/2175/1407 1426/2178/1409 57/2170/32
f 1424/2175/1407 57/2170/32 1420/2169/1403
f 1425/2179/1408 1424/2176/1407 40/20/17
f 1425/2179/1408 40/20/17 1428/2180/1410
f 1425/2179/1408 1428/2180/1410 1427/2181/1411
f 1427/2181/1411 1428/2180/1410 1430/2182/1412
f 1427/2181/1411 1430/2182/1412 1431/2183/1413
f 1427/2181/1411 1431/2183/1413 1429/2184/1414
f 1429/2184/1414 1431/2185/1413 1433/2186/1415
f 1429/2184/1414 1433/2186/1415 1432/2187/1416
f 1432/2187/1416 1433/2188/1415 1435/2189/1417
f 1432/2187/1416 1435/2189/1417 1434/2190/1418
f 1434/2190/1418 1435/2191/1417 1437/2192/1419
f 1434/2190/1418 1437/2192/1419 1436/2193/1420
f 1436/2193/1420 1437/2194/1419 1439/2195/1421
f 1436/2193/1420 1439/2195/1421 1438/2196/1422
f 1438/2196/1422 1439/2197/1421 1441/2198/1423
f 1438/2196/1422 1441/2198/1423 1440/2199/1424
f 1440/2199/1424 1441/2200/1423 1442/2201/1425
f 1440/2199/1424 1442/2201/1425 1443/2202/1426
f 1440/2199/1424 1443/2202/1426 1046/2203/1026
f 1443/2202/1426 1442/2204/1425 1048/2205/1028
f 1443/2202/1426 1048/1580/1028 1046/1579/1026
f 1048/2206/1028 1442/2207/1425 1444/2208/1427
f 1048/2209/1028 1049/1584/1029 1047/1583/1027
f 1048/2209/1028 1444/2210/1427 1445/2211/1428
f 1048/2209/1028 1445/2212/1428 1049/1586/1029
f 1445/2212/1428 1050/1588/1030 1049/1586/1029
f 1050/2213/1030 1445/2214/1428 1060/2215/1040
f 1050/2213/1030 1060/2215/1040 1446/2216/1429
f 1446/2216/1429 1060/2215/1040 1058/2217/1038
f 1446/2216/1429 1058/2217/1038 1057/2218/1037
f 1446/2216/1429 1057/2218/1037 1050/2219/1030
f 1057/2218/1037 1056/2220/1036 1050/2219/1030
f 1056/2220/1036 1051/1590/1031 1050/2219/1030
f 1060/2215/1040 1059/1622/1039 1058/2217/1038
f 1060/2221/1040 1445/2211/1428 1444/2222/1427
f 1060/2221/1040 1444/2222/1427 1447/2223/1430
f 1447/2224/1430 1448/2225/1431 1061/2226/1041
f 1447/2224/1430 1061/1625/1041 1060/1624/1040
f 1061/2226/1041 1448/2225/1431 1449/2227/1432
f 1061/2226/1041 1449/2227/1432 1062/2228/1042
f 1062/2228/1042 1449/2227/1432 1450/2229/1433
f 1062/2228/1042 1450/2229/1433 1063/2230/1043
f 1063/2230/1043 1450/2229/1433 1451/2231/1434
f 1063/2230/1043 1451/2231/1434 1064/2232/1044
f 1064/2232/1044 1451/2231/1434 1452/2233/1435
f 1064/2234/1044 1452/2233/1435 21/2235/9
f 1064/2234/1044 21/2236/9 1065/1637/1045
f 21/2236/9 1066/1638/1046 1065/1637/1045
f 21/2237/9 19/2238/8 1066/2239/1046
f 1066/2240/1046 19/2241/8 20/2242/14
f 1066/2240/1046 20/2242/14 1453/2243/1436
f 1066/2240/1046 1453/2243/1436 1067/2244/1047
f 1453/2243/1436 1068/2245/1048 1067/2244/1047
f 1068/2245/1048 1453/2246/1436 1454/2247/1437
f 1454/2248/1437 1455/2249/1438 1070/2250/1050
f 1454/2248/1437 1070/2250/1050 1068/2251/1048
f 1070/2250/1050 1455/2249/1438 1189/1817/1171
f 1070/2250/1050 1189/1815/1171 1071/1814/1051
f 1070/2250/1050 1069/2252/1049 1068/2251/1048
f 1455/2249/1438 1456/2253/1439 1189/1817/1171
f 1456/2253/1439 1457/2254/1440 1190/2255/1172
f 1456/2253/1439 1190/1818/1172 1189/1817/1171
f 1457/2254/1440 1456/2256/1439 1458/2257/1441
f 1457/2254/1440 1193/1825/1175 1191/1824/1173
f 1457/2254/1440 1191/1824/1173 1190/2255/1172
f 1193/2258/1175 1457/2259/1440 1459/2260/1442
f 1193/2258/1175 1459/2260/1442 1460/2261/1443
f 1193/2258/1175 1460/2261/1443 1195/2262/1177
f 1193/2258/1175 1195/1830/1177 1192/1829/1174
f 1195/2262/1177 1460/2263/1443 1461/2264/1444
f 1195/2262/1177 1461/2264/1444 1197/2265/1179
f 1195/2262/1177 1197/1835/1179 1194/1834/1176
f 1197/2265/1179 1461/2266/1444 1462/2267/1445
f 1197/2265/1179 1462/2267/1445 1199/2268/1181
f 1197/2265/1179 1199/1839/1181 1196/1838/1178
f 1199/2269/1181 1462/2270/1445 1463/2271/1446
f 1199/2269/1181 1463/2271/1446 1200/2272/1182
f 1199/2268/1181 1200/1842/1182 1198/1841/1180
f 1200/2272/1182 1463/2273/1446 1464/2274/1447
f 1200/2272/1182 1464/2274/1447 1465/2275/1448
f 1200/2272/1182 1465/2275/1448 1201/2276/1183
f 1465/2275/1448 1205/1850/1187 1203/1849/1185
f 1465/2275/1448 1203/1849/1185 1201/2276/1183
f 1205/2277/1187 1465/2278/1448 1466/2279/1449
f 1205/2277/1187 1466/2280/1449 1467/2281/1450
f 1205/2277/1187 1467/2281/1450 1208/1855/1190
f 1205/2277/1187 1208/1855/1190 1206/1851/1188
f 1467/2281/1450 1466/2280/1449 1468/2282/1451
f 1467/2281/1450 1469/2283/1452 1211/1859/1193
f 1467/2281/1450 1211/1859/1193 1209/1856/1191
f 1467/2281/1450 1209/1856/1191 1208/1855/1190
f 1469/2283/1452 1467/2284/1450 1470/2285/1453
f 1469/2283/1452 1470/2286/1453 1217/2287/1199
f 1469/2283/1452 1217/2287/1199 1214/1862/1196
f 1469/2283/1452 1214/1862/1196 1212/1860/1194
f 1469/2283/1452 1212/1860/1194 1211/1859/1193
f 1217/2287/1199 1470/2286/1453 1471/2288/1454
f 1217/2287/1199 1471/2289/1454 1472/2290/1455
f 1217/2287/1199 1215/1863/1197 1214/1862/1196
f 1472/2290/1455 1471/2289/1454 1473/2291/1456
f 1472/2290/1455 1473/2292/1456 1474/2293/1457
f 1472/2290/1455 1474/2293/1457 1219/1868/1201
f 1472/2290/1455 1219/1868/1201 1218/1866/1200
f 1472/2290/1455 1218/1866/1200 1217/1865/1199
f 1474/2294/1457 1473/2295/1456 1475/2296/1458
f 1474/2294/1457 1475/2296/1458 1476/2297/1459
f 1474/2294/1457 1476/2297/1459 1222/2298/1204
f 1474/2294/1457 1222/2298/1204 1221/2299/1203
f 1474/2293/1457 1221/1871/1203 1220/1869/1202
f 1474/2293/1457 1220/1869/1202 1219/1868/1201
f 1222/2298/1204 1476/2300/1459 1477/2301/1460
f 1222/2298/1204 1477/2301/1460 1223/2302/1205
f 1223/2302/1205 1477/2303/1460 1478/2304/1461
f 1223/2305/1205 1478/2306/1461 1479/2307/1462
f 1223/2305/1205 1479/2307/1462 1225/2308/1207
f 1225/2308/1207 1479/2309/1462 1480/2310/1463
f 1225/2308/1207 1480/2310/1463 1481/2311/1464
f 1225/2308/1207 1481/2311/1464 1227/1888/1209
f 1225/2308/1207 1227/1888/1209 1224/1887/1206
f 1481/2311/1464 1480/2310/1463 1482/2312/1465
f 1481/2311/1464 1482/2312/1465 1483/2313/1466
f 1481/2311/1464 1483/2313/1466 1229/2314/1211
f 1481/2311/1464 1229/1892/1211 1226/1891/1208
f 1481/2311/1464 1226/1891/1208 1227/1888/1209
f 1483/2313/1466 1482/2312/1465 1484/2315/1467
f 1483/2313/1466 1485/2316/1468 1229/2314/1211
f 1485/2317/1468 1483/2318/1466 1486/2319/1469
f 1485/2317/1468 1486/2319/1469 1487/2320/1470
f 1485/2317/1468 1487/2320/1470 1488/2321/1471
f 1485/2317/1468 1488/2321/1471 1231/2322/1214
f 1485/2316/1468 1231/1898/1214 1230/1897/1212
f 1485/2316/1468 1230/1897/1212 1229/2314/1211
f 1488/2321/1471 1487/2320/1470 1489/2323/1472
f 1488/2321/1471 1489/2323/1472 1490/2324/1473
f 1488/2321/1471 1490/2324/1473 1491/2325/1474
f 1488/2321/1471 1491/2325/1474 1234/1905/1217
f 1488/2321/1471 1234/1905/1217 1232/1904/1215
f 1488/2321/1471 1232/1904/1215 1231/2322/1214
f 1491/2325/1474 1490/2324/1473 1492/2326/1475
f 1491/2325/1474 1492/2326/1475 1493/2327/1476
f 1491/2325/1474 1493/2327/1476 1494/2328/1477
f 1491/2325/1474 1494/2328/1477 1237/1910/1220
f 1491/2325/1474 1237/1910/1220 1235/1906/1218
f 1491/2325/1474 1235/1906/1218 1234/1905/1217
f 1494/2328/1477 1493/2327/1476 1495/2329/1478
f 1494/2328/1477 1495/2329/1478 1496/2330/1479
f 1494/2328/1477 1496/2330/1479 1497/2331/1480
f 1494/2328/1477 1497/2331/1480 1498/2332/1481
f 1494/2328/1477 1498/2332/1481 1238/1911/1221
f 1494/2328/1477 1238/1911/1221 1237/1910/1220
f 1498/2332/1481 1497/2331/1480 1499/2333/1482
f 1498/2332/1481 1499/2333/1482 1500/2334/1483
f 1498/2332/1481 1500/2334/1483 1239/1912/1222
f 1498/2332/1481 1239/1912/1222 1238/1911/1221
f 1500/2334/1483 1499/2333/1482 1501/2335/1484
f 1500/2334/1483 1501/2335/1484 1502/2336/1485
f 1500/2334/1483 1502/2336/1485 1241/2337/1224
f 1500/2334/1483 1241/2337/1224 1239/1912/1222
f 1502/2336/1485 1501/2335/1484 1503/2338/1486
f 1502/2336/1485 1503/2338/1486 1504/2339/1487
f 1502/2336/1485 1504/2339/1487 1243/2340/1226
f 1502/2336/1485 1243/2340/1226 1241/2337/1224
f 1504/2339/1487 1503/2338/1486 1505/2341/1488
f 1504/2339/1487 1505/2341/1488 1247/2342/1230
f 1504/2339/1487 1247/2342/1230 1245/2343/1228
f 1504/2339/1487 1245/2343/1228 1243/2340/1226
f 1505/2341/1488 1503/2338/1486 1506/2344/1489
f 1505/2341/1488 1506/2344/1489 1507/2345/1490
f 1505/2341/1488 1507/2345/1490 1508/2346/1491
f 1505/2341/1488 1508/2346/1491 1250/1929/1233
f 1505/2341/1488 1250/1929/1233 1248/1928/1231
f 1505/2341/1488 1248/1928/1231 1247/2342/1230
f 1508/2346/1491 1507/2345/1490 1509/2347/1492
f 1508/2346/1491 1509/2347/1492 1510/2348/1493
f 1508/2346/1491 1510/2348/1493 1511/2349/1494
f 1508/2346/1491 1511/2349/1494 1253/1933/1236
f 1508/2346/1491 1253/1933/1236 1251/1930/1234
f 1508/2346/1491 1251/1930/1234 1250/1929/1233
f 1511/2349/1494 1510/2348/1493 1512/2350/1495
f 1511/2349/1494 1512/2350/1495 1513/2351/1496
f 1511/2349/1494 1513/2351/1496 1514/2352/1497
f 1511/2349/1494 1514/2352/1497 1256/1938/1239
f 1511/2349/1494 1256/1938/1239 1254/1934/1237
f 1511/2349/1494 1254/1934/1237 1253/1933/1236
f 1514/2352/1497 1513/2351/1496 1515/2353/1498
f 1514/2352/1497 1515/2353/1498 1516/2354/1499
f 1514/2352/1497 1516/2354/1499 1517/2355/1500
f 1514/2352/1497 1517/2355/1500 1259/2356/1242
f 1514/2352/1497 1259/2356/1242 1257/1939/1240
f 1514/2352/1497 1257/1939/1240 1256/1938/1239
f 1517/2355/1500 1516/2354/1499 1518/2357/1501
f 1517/2355/1500 1518/2357/1501 1519/2358/1502
f 1517/2359/1500 1519/2360/1502 1520/2361/1503
f 1517/2359/1500 1520/2361/1503 1262/1946/1245
f 1517/2359/1500 1262/1946/1245 1260/1944/1243
f 1517/2359/1500 1260/1944/1243 1259/1943/1242
f 1520/2361/1503 1519/2360/1502 1521/2362/1504
f 1520/2361/1503 1521/2362/1504 1522/2363/1505
f 1520/2361/1503 1522/2363/1505 1523/2364/1506
f 1520/2361/1503 1523/2364/1506 1524/2365/1507
f 1520/2361/1503 1524/2365/1507 1263/1947/1246
f 1520/2361/1503 1263/1947/1246 1262/1946/1245
f 1524/2365/1507 1523/2364/1506 1525/2366/1508
f 1524/2365/1507 1525/2366/1508 1264/2367/1247
f 1524/2365/1507 1264/1948/1247 1263/1947/1246
f 1264/2367/1247 1525/2366/1508 1526/2368/1509
f 1264/2367/1247 1526/2368/1509 1265/2369/1248
f 1265/2369/1248 1526/2368/1509 1527/2370/1510
f 1265/2369/1248 1527/2370/1510 1266/2371/1249
f 1266/2371/1249 1527/2370/1510 1528/2372/1511
f 1266/2371/1249 1528/2372/1511 1267/2373/1250
f 1267/2373/1250 1528/2372/1511 1529/2374/1512
f 1267/2373/1250 1529/2374/1512 1268/2375/1251
f 1268/2375/1251 1529/2374/1512 1530/2376/1513
f 1268/2375/1251 1530/2376/1513 1269/2377/1252
f 1269/2377/1252 1530/2376/1513 1531/2378/1514
f 1269/2377/1252 1531/2378/1514 1270/2379/1253
f 1270/2379/1253 1531/2378/1514 1532/2380/1515
f 1270/2379/1253 1532/2380/1515 1271/2381/1254
f 1271/2381/1254 1532/2380/1515 1533/2382/1516
f 1271/2381/1254 1533/2382/1516 1272/2383/1255
f 1272/2383/1255 1533/2382/1516 1534/2384/1517
f 1272/2383/1255 1534/2385/1517 1273/2386/1256
f 1273/2386/1256 1534/2385/1517 1535/2387/1518
f 1273/2386/1256 1535/2388/1518 1275/2389/1258
f 1275/2389/1258 1535/2388/1518 1536/2390/1519
f 1275/2389/1258 1536/2391/1519 1537/2392/1520
f 1537/2392/1520 1277/1973/1260 1275/1971/1258
f 1537/2392/1520 1536/2391/1519 1538/2393/1521
f 1537/2392/1520 1538/2394/1521 1539/2395/1522
f 1537/2392/1520 1539/2395/1522 1277/1973/1260
f 1539/2395/1522 1279/1976/1262 1278/1974/1261
f 1539/2395/1522 1278/1974/1261 1277/1973/1260
f 1539/2395/1522 1538/2394/1521 1540/2396/1523
f 1539/2395/1522 1540/2396/1523 1541/2397/1524
f 1539/2395/1522 1541/2397/1524 1542/2398/1525
f 1539/2395/1522 1542/2398/1525 1279/1976/1262
f 1542/2398/1525 1281/1979/1264 1280/1977/1263
f 1542/2398/1525 1280/1977/1263 1279/1976/1262
f 1542/2398/1525 1541/2397/1524 1543/2399/1526
f 1542/2398/1525 1543/2399/1526 1544/2400/1527
f 1542/2398/1525 1544/2400/1527 1283/2401/1266
f 1542/2398/1525 1283/2401/1266 1281/1979/1264
f 1283/2401/1266 1544/2400/1527 1545/2402/1528
f 1283/2401/1266 1545/2403/1528 1546/2404/1529
f 1546/2404/1529 1286/1985/1269 1284/1983/1267
f 1546/2404/1529 1284/1983/1267 1283/1982/1266
f 1546/2404/1529 1545/2403/1528 1547/2405/1530
f 1546/2404/1529 1547/2405/1530 1548/2406/1531
f 1546/2404/1529 1548/2406/1531 1549/2407/1532
f 1546/2404/1529 1549/2407/1532 1286/1985/1269
f 1549/2407/1532 1289/1988/1272 1287/1986/1270
f 1549/2407/1532 1287/1986/1270 1286/1985/1269
f 1549/2407/1532 1548/2406/1531 1550/2408/1533
f 1549/2407/1532 1550/2408/1533 1551/2409/1534
f 1549/2407/1532 1551/2409/1534 1552/2410/1535
f 1549/2407/1532 1552/2410/1535 1289/1988/1272
f 1552/2410/1535 1292/1991/1275 1290/1989/1273
f 1552/2410/1535 1290/1989/1273 1289/1988/1272
f 1552/2410/1535 1551/2409/1534 1553/2411/1536
f 1552/2410/1535 1553/2411/1536 1554/2412/1537
f 1552/2410/1535 1554/2412/1537 1555/2413/1538
f 1552/2410/1535 1555/2413/1538 1292/1991/1275
f 1555/2413/1538 1295/1994/1278 1293/1992/1276
f 1555/2413/1538 1293/1992/1276 1292/1991/1275
f 1555/2413/1538 1554/2412/1537 1556/2414/1539
f 1555/2413/1538 1556/2414/1539 1557/2415/1540
f 1555/2413/1538 1557/2415/1540 1558/2416/1541
f 1555/2413/1538 1558/2416/1541 1295/1994/1278
f 1558/2416/1541 1298/1998/1281 1296/1995/1279
f 1558/2416/1541 1296/1995/1279 1295/1994/1278
f 1558/2416/1541 1557/2415/1540 1559/2417/1542
f 1558/2416/1541 1559/2417/1542 1560/2418/1543
f 1558/2416/1541 1560/2418/1543 1561/2419/1544
f 1558/2416/1541 1561/2419/1544 1298/1998/1281
f 1561/2419/1544 1301/2002/1284 1299/1999/1282
f 1561/2419/1544 1299/1999/1282 1298/1998/1281
f 1561/2419/1544 1560/2418/1543 1562/2420/1545
f 1561/2419/1544 1562/2420/1545 1563/2421/1546
f 1561/2419/1544 1563/2421/1546 1564/2422/1547
f 1561/2419/1544 1564/2422/1547 1301/2002/1284
f 1564/2422/1547 1304/2423/1287 1302/2003/1285
f 1564/2422/1547 1302/2003/1285 1301/2002/1284
f 1564/2422/1547 1563/2421/1546 1565/2424/1548
f 1564/2422/1547 1565/2424/1548 1566/2425/1549
f 1564/2422/1547 1566/2425/1549 1567/2426/1550
f 1564/2422/1547 1567/2426/1550 1304/2423/1287
f 1567/2427/1550 1307/2009/1290 1305/2007/1288
f 1567/2427/1550 1305/2007/1288 1304/2006/1287
f 1567/2426/1550 1566/2425/1549 1568/2428/1551
f 1567/2426/1550 1568/2428/1551 1569/2429/1552
f 1567/2427/1550 1569/2430/1552 1570/2431/1553
f 1567/2427/1550 1570/2431/1553 1307/2009/1290
f 1570/2431/1553 1310/2012/1293 1308/2010/1291
f 1570/2431/1553 1308/2010/1291 1307/2009/1290
f 1570/2432/1553 1569/2433/1552 1571/2434/1554
f 1570/2432/1553 1571/2434/1554 1572/2435/1555
f 1570/2432/1553 1572/2435/1555 1573/2436/1556
f 1570/2432/1553 1573/2436/1556 1310/2437/1293
f 1573/2436/1556 1313/2438/1296 1311/2439/1294
f 1573/2436/1556 1311/2439/1294 1310/2437/1293
f 1573/2436/1556 1572/2435/1555 1574/2440/1557
f 1573/2436/1556 1574/2440/1557 1575/2441/1558
f 1573/2436/1556 1575/2441/1558 1576/2442/1559
f 1573/2436/1556 1576/2442/1559 1313/2438/1296
f 1576/2442/1559 1316/2020/1299 1314/2019/1297
f 1576/2442/1559 1314/2019/1297 1313/2438/1296
f 1576/2442/1559 1575/2441/1558 1577/2443/1560
f 1576/2442/1559 1577/2443/1560 1578/2444/1561
f 1576/2442/1559 1578/2444/1561 1579/2445/1562
f 1576/2442/1559 1579/2445/1562 1316/2020/1299
f 1579/2445/1562 1319/2446/1302 1317/2021/1300
f 1579/2445/1562 1317/2021/1300 1316/2020/1299
f 1579/2445/1562 1578/2444/1561 1580/2447/1563
f 1579/2445/1562 1580/2447/1563 1581/2448/1564
f 1579/2445/1562 1581/2448/1564 1582/2449/1565
f 1579/2445/1562 1582/2449/1565 1319/2446/1302
f 1582/2449/1565 1322/2032/1305 1320/2031/1303
f 1582/2449/1565 1320/2031/1303 1319/2446/1302
f 1582/2449/1565 1581/2448/1564 1583/2450/1566
f 1582/2449/1565 1583/2450/1566 1584/2451/1567
f 1582/2449/1565 1584/2451/1567 1585/2452/1568
f 1582/2449/1565 1585/2452/1568 1322/2032/1305
f 1585/2452/1568 1325/2036/1308 1323/2033/1306
f 1585/2452/1568 1323/2033/1306 1322/2032/1305
f 1585/2452/1568 1584/2451/1567 1586/2453/1569
f 1585/2452/1568 1586/2453/1569 1587/2454/1570
f 1585/2452/1568 1587/2454/1570 1588/2455/1571
f 1585/2452/1568 1588/2455/1571 1325/2036/1308
f 1588/2455/1571 1328/2039/1311 1326/2037/1309
f 1588/2455/1571 1326/2037/1309 1325/2036/1308
f 1588/2455/1571 1587/2454/1570 1589/2456/1572
f 1588/2455/1571 1589/2456/1572 1590/2457/1573
f 1588/2455/1571 1590/2457/1573 1591/2458/1574
f 1588/2455/1571 1591/2458/1574 1328/2039/1311
f 1591/2458/1574 1331/2042/1314 1329/2040/1312
f 1591/2458/1574 1329/2040/1312 1328/2039/1311
f 1591/2458/1574 1590/2457/1573 1592/2459/1575
f 1591/2458/1574 1592/2459/1575 1593/2460/1576
f 1591/2458/1574 1593/2460/1576 1594/2461/1577
f 1591/2458/1574 1594/2461/1577 1331/2042/1314
f 1594/2461/1577 1334/2045/1317 1332/2043/1315
f 1594/2461/1577 1332/2043/1315 1331/2042/1314
f 1594/2461/1577 1593/2460/1576 1595/2462/1578
f 1594/2461/1577 1595/2462/1578 1596/2463/1579
f 1594/2461/1577 1596/2463/1579 1597/2464/1580
f 1594/2461/1577 1597/2464/1580 1334/2045/1317
f 1597/2464/1580 1337/2048/1320 1335/2046/1318
f 1597/2464/1580 1335/2046/1318 1334/2045/1317
f 1597/2464/1580 1596/2463/1579 1598/2465/1581
f 1597/2464/1580 1598/2465/1581 1599/2466/1582
f 1597/2464/1580 1599/2466/1582 1600/2467/1583
f 1597/2464/1580 1600/2467/1583 1337/2048/1320
f 1600/2467/1583 1340/2051/1323 1338/2049/1321
f 1600/2467/1583 1338/2049/1321 1337/2048/1320
f 1600/2467/1583 1599/2466/1582 1601/2468/1584
f 1600/2467/1583 1601/2468/1584 1602/2469/1585
f 1600/2467/1583 1602/2469/1585 1603/2470/1586
f 1600/2467/1583 1603/2470/1586 1340/2051/1323
f 1603/2470/1586 1343/2054/1326 1341/2052/1324
f 1603/2470/1586 1341/2052/1324 1340/2051/1323
f 1603/2470/1586 1602/2469/1585 1604/2471/1587
f 1603/2470/1586 1604/2471/1587 1605/2472/1588
f 1603/2470/1586 1605/2472/1588 1606/2473/1589
f 1603/2470/1586 1606/2473/1589 1343/2054/1326
f 1606/2473/1589 1346/2057/1329 1344/2055/1327
f 1606/2473/1589 1344/2055/1327 1343/2054/1326
f 1606/2473/1589 1605/2472/1588 1607/2474/1590
f 1606/2473/1589 1607/2474/1590 1608/2475/1591
f 1606/2473/1589 1608/2475/1591 1609/2476/1592
f 1606/2473/1589 1609/2476/1592 1346/2057/1329
f 1609/2476/1592 1349/2062/1332 1347/2058/1330
f 1609/2476/1592 1347/2058/1330 1346/2057/1329
f 1609/2476/1592 1608/2475/1591 1610/2477/1593
f 1609/2476/1592 1610/2477/1593 1611/2478/1594
f 1609/2476/1592 1611/2478/1594 1612/2479/1595
f 1609/2476/1592 1612/2479/1595 1349/2062/1332
f 1612/2479/1595 1352/2068/1335 1350/2063/1333
f 1612/2479/1595 1350/2063/1333 1349/2062/1332
f 1612/2479/1595 1611/2478/1594 1613/2480/1596
f 1612/2479/1595 1613/2480/1596 1614/2481/1597
f 1612/2479/1595 1614/2481/1597 1615/2482/1598
f 1612/2479/1595 1615/2482/1598 1352/2068/1335
f 1615/2482/1598 1355/2073/1338 1353/2069/1336
f 1615/2482/1598 1353/2069/1336 1352/2068/1335
f 1615/2482/1598 1614/2481/1597 1616/2483/1599
f 1615/2482/1598 1616/2483/1599 1617/2484/1600
f 1615/2482/1598 1617/2484/1600 1618/2485/1601
f 1615/2482/1598 1618/2485/1601 1355/2073/1338
f 1618/2485/1601 1358/2486/1341 1356/2074/1339
f 1618/2485/1601 1356/2074/1339 1355/2073/1338
f 1618/2485/1601 1617/2484/1600 1619/2487/1602
f 1618/2485/1601 1619/2487/1602 1620/2488/1603
f 1618/2485/1601 1620/2488/1603 1360/2489/1343
f 1618/2485/1601 1360/2489/1343 1358/2486/1341
f 1620/2488/1603 1619/2487/1602 1621/2490/1604
f 1620/2488/1603 1621/2490/1604 1622/2491/1605
f 1620/2488/1603 1622/2491/1605 1362/2492/1345
f 1620/2488/1603 1362/2492/1345 1360/2489/1343
f 1622/2491/1605 1621/2490/1604 1623/2493/1606
f 1622/2491/1605 1623/2493/1606 1624/2494/1607
f 1622/2491/1605 1624/2494/1607 1364/2495/1347
f 1622/2491/1605 1364/2495/1347 1362/2492/1345
f 1624/2494/1607 1623/2493/1606 1625/2496/1608
f 1624/2494/1607 1625/2496/1608 1626/2497/1609
f 1624/2494/1607 1626/2497/1609 1366/2498/1349
f 1624/2494/1607 1366/2498/1349 1364/2495/1347
f 1626/2497/1609 1625/2496/1608 1627/2499/1610
f 1626/2497/1609 1627/2499/1610 1628/2500/1611
f 1626/2497/1609 1628/2500/1611 1629/2501/1612
f 1626/2497/1609 1629/2501/1612 1366/2498/1349
f 1629/2502/1612 1369/2089/1352 1367/2087/1350
f 1629/2502/1612 1367/2087/1350 1366/2086/1349
f 1629/2501/1612 1628/2500/1611 1630/2503/1613
f 1629/2501/1612 1630/2503/1613 1631/2504/1614
f 1629/2502/1612 1631/2505/1614 1632/2506/1615
f 1629/2502/1612 1632/2506/1615 1369/2089/1352
f 1632/2506/1615 1372/2092/1355 1370/2090/1353
f 1632/2506/1615 1370/2090/1353 1369/2089/1352
f 1632/2507/1615 1631/2508/1614 1633/2509/1616
f 1632/2507/1615 1633/2509/1616 1634/2510/1617
f 1632/2507/1615 1634/2510/1617 1635/2511/1618
f 1632/2507/1615 1635/2511/1618 1372/2512/1355
f 1635/2511/1618 1375/2097/1358 1373/2096/1356
f 1635/2511/1618 1373/2096/1356 1372/2512/1355
f 1635/2511/1618 1634/2510/1617 1636/2513/1619
f 1635/2511/1618 1636/2513/1619 1637/2514/1620
f 1635/2511/1618 1637/2514/1620 1638/2515/1621
f 1635/2511/1618 1638/2515/1621 1375/2097/1358
f 1638/2515/1621 1378/2103/1361 1376/2098/1359
f 1638/2515/1621 1376/2098/1359 1375/2097/1358
f 1638/2515/1621 1637/2514/1620 1639/2516/1622
f 1638/2515/1621 1639/2516/1622 1640/2517/1623
f 1638/2515/1621 1640/2517/1623 1641/2518/1624
f 1638/2515/1621 1641/2518/1624 1378/2103/1361
f 1641/2518/1624 1381/2107/1364 1379/2104/1362
f 1641/2518/1624 1379/2104/1362 1378/2103/1361
f 1641/2518/1624 1640/2517/1623 1642/2519/1625
f 1641/2518/1624 1642/2519/1625 1643/2520/1626
f 1641/2518/1624 1643/2520/1626 1644/2521/1627
f 1641/2518/1624 1644/2521/1627 1381/2107/1364
f 1644/2522/1627 1384/2111/1367 1382/2109/1365
f 1644/2522/1627 1382/2109/1365 1381/2523/1364
f 1644/2522/1627 1643/2524/1626 1645/2525/1628
f 1644/2522/1627 1645/2525/1628 1646/2526/1629
f 1644/2522/1627 1646/2526/1629 1647/2527/1630
f 1644/2522/1627 1647/2527/1630 1384/2111/1367
f 1647/2527/1630 1387/2114/1370 1385/2112/1368
f 1647/2527/1630 1385/2112/1368 1384/2111/1367
f 1647/2527/1630 1646/2526/1629 1648/2528/1631
f 1647/2527/1630 1648/2528/1631 1649/2529/1632
f 1647/2527/1630 1649/2529/1632 1650/2530/1633
f 1647/2527/1630 1650/2530/1633 1387/2114/1370
f 1650/2530/1633 1390/2117/1373 1388/2115/1371
f 1650/2530/1633 1388/2115/1371 1387/2114/1370
f 1650/2530/1633 1649/2529/1632 1651/2531/1634
f 1650/2530/1633 1651/2531/1634 1652/2532/1635
f 1650/2530/1633 1652/2532/1635 1653/2533/1636
f 1650/2530/1633 1653/2533/1636 1390/2117/1373
f 1653/2533/1636 1391/2118/1374 1390/2117/1373
f 1653/2533/1636 1652/2532/1635 1654/2534/1637
f 1653/2533/1636 1654/2534/1637 1655/2535/1638
f 1653/2533/1636 1655/2535/1638 1393/2123/1376
f 1653/2533/1636 1393/2123/1376 1391/2122/1374
f 1655/2535/1638 1654/2534/1637 1656/2536/1639
f 1655/2535/1638 1656/2536/1639 1657/2537/1640
f 1655/2535/1638 1657/2537/1640 1393/2126/1376
f 1657/2537/1640 1656/2536/1639 1658/2538/1641
f 1657/2537/1640 1658/2538/1641 1659/2539/1642
f 1657/2537/1640 1659/2539/1642 1395/2127/1378
f 1657/2537/1640 1395/2127/1378 1393/2126/1376
f 1659/2539/1642 1658/2538/1641 1660/2540/1643
f 1659/2541/1642 1660/2540/1643 1661/2542/1644
f 1659/2541/1642 1661/2542/1644 1662/2543/1645
f 1659/2541/1642 1662/2543/1645 1663/2544/1646
f 1659/2541/1642 1663/2544/1646 1395/2545/1378
f 1663/2544/1646 1397/2131/1380 1396/2130/1379
f 1663/2544/1646 1396/2130/1379 1395/2545/1378
f 1397/2546/1380 1663/2547/1646 1664/2548/1647
f 1397/2546/1380 1664/2548/1647 1665/2549/1648
f 1397/2546/1380 1665/2549/1648 1666/2550/1649
f 1397/2546/1380 1666/2550/1649 1398/2134/1381
f 1666/2550/1649 1399/2135/1382 1398/2134/1381
f 1666/2550/1649 1402/2551/1385 1399/2552/1382
f 1666/2553/1649 1665/2554/1648 1667/2555/1650
f 1666/2553/1649 1667/2555/1650 1668/2556/1651
f 1666/2553/1649 1668/2556/1651 1402/2146/1385
f 1668/2556/1651 1403/2147/1386 1402/2146/1385
f 1668/2557/1651 1667/2558/1650 1669/2559/1652
f 1668/2557/1651 1669/2559/1652 1670/2560/1653
f 1668/2557/1651 1670/2560/1653 1405/2561/1388
f 1668/2557/1651 1405/2561/1388 1403/2147/1386
f 1670/2560/1653 1407/2562/1390 1405/2561/1388
f 1670/2563/1653 1669/2564/1652 1671/2565/1654
f 1670/2563/1653 1671/2565/1654 1672/2566/1655
f 1670/2567/1653 1672/2568/1655 1673/2569/1656
f 1670/2567/1653 1673/2569/1656 1407/2562/1390
f 1673/2570/1656 1410/2157/1393 1408/2155/1391
f 1673/2570/1656 1408/2155/1391 1407/2154/1390
f 1673/2570/1656 1672/2571/1655 1674/2572/1657
f 1673/2570/1656 1674/2572/1657 1675/2573/1658
f 1673/2570/1656 1675/2573/1658 1676/2574/1659
f 1673/2570/1656 1676/2574/1659 1410/2157/1393
f 1676/2574/1659 1677/2575/1660 1411/2158/1394
f 1676/2574/1659 1411/2158/1394 1410/2157/1393
f 1676/2574/1659 1675/2573/1658 1678/2576/1661
f 1676/2574/1659 1678/2576/1661 1679/2577/1662
f 1676/2574/1659 1679/2577/1662 1680/2578/1663
f 1676/2574/1659 1680/2578/1663 1677/2575/1660
f 1680/2578/1663 1679/2577/1662 1681/2579/1664
f 1680/2578/1663 1681/2580/1664 1682/2581/1665
f 1680/2578/1663 1682/2581/1665 1683/2582/1666
f 1680/2578/1663 1683/2582/1666 1684/2583/1667
f 1680/2578/1663 1684/2583/1667 1677/2575/1660
f 1684/2583/1667 1412/2159/1395 1411/2158/1394
f 1684/2583/1667 1411/2158/1394 1677/2575/1660
f 1684/2583/1667 1683/2582/1666 1685/2584/1668
f 1684/2583/1667 1685/2584/1668 1686/2585/1669
f 1684/2583/1667 1686/2585/1669 1414/2161/1397
f 1684/2583/1667 1414/2161/1397 1412/2159/1395
f 1686/2586/1669 1685/2587/1668 1687/2588/1670
f 1686/2586/1669 1687/2588/1670 1688/2589/1671
f 1686/2586/1669 1688/2589/1671 1416/2590/1399
f 1686/2586/1669 1416/2590/1399 1414/2591/1397
f 1688/2592/1671 1687/2593/1670 1689/2594/1672
f 1688/2592/1671 1689/2594/1672 1690/2595/1673
f 1688/2592/1671 1690/2595/1673 1416/2596/1399
f 1416/2596/1399 1419/2167/1402 1415/2166/1398
f 1416/2597/1399 1690/2598/1673 1691/2599/1674
f 1416/2597/1399 1691/2599/1674 1419/2600/1402
f 1419/2600/1402 1421/2172/1404 1417/2171/1400
f 1419/2600/1402 1691/2601/1674 1692/2602/1675
f 1419/2600/1402 1692/2602/1675 1693/2603/1676
f 1419/2600/1402 1693/2603/1676 1421/2172/1404
f 1693/2603/1676 42/22/19 1422/2173/1405
f 1693/2603/1676 1422/2173/1405 1421/2172/1404
f 1693/2603/1676 1692/2604/1675 1694/2605/1677
f 1693/2603/1676 1694/2605/1677 43/23/20
f 1693/2603/1676 43/23/20 42/22/19
f 1694/2605/1677 1692/2604/1675 1695/2606/1678
f 1694/2605/1677 1695/2606/1678 1696/2607/1679
f 1694/2605/1677 1696/2607/1679 46/26/23
f 1694/2605/1677 46/26/23 43/23/20
f 1696/2607/1679 1695/2608/1678 1697/2609/1680
f 1696/2607/1679 1697/2610/1680 46/26/23
f 1697/2610/1680 1698/2611/1681 1699/2612/1682
f 1697/2610/1680 1699/2612/1682 1700/2613/1683
f 1697/2610/1680 1700/2613/1683 47/27/24
f 1697/2610/1680 47/27/24 46/26/23
f 1700/2614/1683 1699/2615/1682 1701/2616/1684
f 1700/2614/1683 1701/2616/1684 1702/2617/1685
f 1700/2618/1683 1702/2619/1685 1703/2620/1686
f 1700/2618/1683 1703/2620/1686 47/28/24
f 1703/2620/1686 1704/2621/1687 44/24/21
f 1703/2620/1686 44/24/21 47/28/24
f 1704/2622/1687 1703/2623/1686 1706/2624/1688
f 1704/2622/1687 1706/2625/1688 1705/2626/1689
f 1705/2626/1689 1706/2625/1688 1708/2627/1690
f 1705/2626/1689 1708/2628/1690 1707/2629/1691
f 1707/2629/1691 1708/2628/1690 22/2630/10
f 1707/2629/1691 22/2630/10 1710/2631/1692
f 1707/2629/1691 1710/2631/1692 1709/2632/1693
f 1709/2633/1693 1710/2634/1692 1712/2635/1694
f 1709/2633/1693 1712/2635/1694 1711/2636/1695
f 1711/2636/1695 1712/2635/1694 1452/2637/1435
f 1711/2636/1695 1452/2637/1435 1451/2638/1434
f 1711/2636/1695 1451/2638/1434 1450/2639/1433
f 1711/2636/1695 1450/2639/1433 1713/2640/1696
f 1450/2639/1433 1449/2641/1432 1714/2642/1697
f 1450/2639/1433 1714/2642/1697 1713/2640/1696
f 1714/2642/1697 1449/2641/1432 1448/2643/1431
f 1714/2642/1697 1448/2643/1431 1715/2644/1698
f 1448/2643/1431 1447/2645/1430 1716/2646/1699
f 1448/2643/1431 1716/2646/1699 1715/2644/1698
f 1716/2647/1699 1442/2201/1425 1441/2200/1423
f 1716/2647/1699 1441/2200/1423 1715/2648/1698
f 1716/2646/1699 1447/2645/1430 1444/2208/1427
f 1716/2646/1699 1444/2208/1427 1442/2207/1425
f 1714/2649/1697 1715/2648/1698 1439/2197/1421
f 1714/2649/1697 1439/2197/1421 1717/2650/1700
f 1714/2649/1697 1717/2650/1700 1718/2651/1701
f 1714/2649/1697 1718/2651/1701 1713/2652/1696
f 1718/2651/1701 1717/2650/1700 1437/2194/1419
f 1718/2651/1701 1719/2653/1702 1711/2654/1695
f 1718/2651/1701 1711/2655/1695 1713/2652/1696
f 1719/2653/1702 1718/2656/1701 1435/2191/1417
f 1719/2653/1702 1720/2657/1703 1709/2658/1693
f 1719/2653/1702 1709/2659/1693 1711/2654/1695
f 1720/2657/1703 1719/2660/1702 1433/2188/1415
f 1720/2657/1703 1721/2661/1704 1707/2662/1691
f 1720/2657/1703 1707/2663/1691 1709/2658/1693
f 1721/2661/1704 1720/2664/1703 1431/2185/1413
f 1721/2661/1704 1431/2185/1413 1722/2665/1705
f 1721/2661/1704 1722/2665/1705 45/25/22
f 1721/2661/1704 45/25/22 1705/2666/1689
f 1721/2661/1704 1705/2667/1689 1707/2662/1691
f 1722/2665/1705 1431/2183/1413 1430/2182/1412
f 1722/2665/1705 1430/2182/1412 39/19/16
f 1722/2665/1705 39/19/16 45/25/22
f 1720/2664/1703 1433/2186/1415 1431/2185/1413
f 1719/2660/1702 1435/2189/1417 1433/2188/1415
f 1718/2656/1701 1437/2192/1419 1435/2191/1417
f 1717/2650/1700 1439/2195/1421 1437/2194/1419
f 1715/2648/1698 1441/2198/1423 1439/2197/1421
f 1452/2637/1435 1712/2635/1694 1710/2634/1692
f 1452/2637/1435 1710/2634/1692 1723/2668/1706
f 1452/2637/1435 1723/2668/1706 21/2235/9
f 1723/2668/1706 1710/2634/1692 22/11/10
f 1723/2668/1706 22/11/10 21/10/9
f 22/2630/10 1708/2627/1690 23/2669/11
f 23/2669/11 1708/2627/1690 1706/2670/1688
f 23/2669/11 1706/2670/1688 24/2671/12
f 24/2672/12 1706/2673/1688 1724/2674/1707
f 24/2672/12 1724/2675/1707 1725/2676/1708
f 1725/2676/1708 1724/2675/1707 1726/2677/1709
f 1725/2676/1708 1726/2678/1709 1727/2679/1710
f 1725/2676/1708 25/2680/13 24/2681/12
f 1725/2682/1708 1727/2683/1710 1728/2684/1711
f 1725/2682/1708 1728/2684/1711 20/2685/14
f 1725/2682/1708 20/2685/14 25/2680/13
f 1728/2684/1711 1727/2683/1710 1729/2686/1712
f 1728/2684/1711 1730/2687/1713 20/2685/14
f 1730/2687/1713 1728/2688/1711 1731/2689/1714
f 1730/2687/1713 1732/2690/1715 20/2691/14
f 20/2691/14 1732/2690/1715 1454/2692/1437
f 20/2691/14 1454/2692/1437 1453/2693/1436
f 1454/2692/1437 1732/2690/1715 1733/2694/1716
f 1454/2692/1437 1733/2694/1716 1455/2695/1438
f 1733/2694/1716 1732/2690/1715 1730/2696/1713
f 1733/2694/1716 1458/2257/1441 1456/2256/1439
f 1733/2694/1716 1456/2256/1439 1455/2695/1438
f 1458/2697/1441 1733/2698/1716 1731/2699/1714
f 1458/2697/1441 1731/2699/1714 1734/2700/1717
f 1458/2697/1441 1734/2700/1717 1459/2701/1442
f 1458/2697/1441 1459/2260/1442 1457/2259/1440
f 1459/2701/1442 1734/2702/1717 1735/2703/1718
f 1459/2701/1442 1735/2704/1718 1460/2263/1443
f 1735/2705/1718 1736/2706/1719 1461/2707/1444
f 1735/2704/1718 1461/2264/1444 1460/2263/1443
f 1736/2706/1719 1737/2708/1720 1462/2270/1445
f 1736/2706/1719 1462/2709/1445 1461/2707/1444
f 1737/2708/1720 1738/2710/1721 1463/2273/1446
f 1737/2708/1720 1463/2271/1446 1462/2270/1445
f 1738/2710/1721 48/2711/1722 1464/2712/1447
f 1738/2710/1721 1464/2274/1447 1463/2273/1446
f 1738/2713/1721 1737/2714/1720 1739/2715/1723
f 1738/2713/1721 1739/2715/1723 48/2716/1722
f 1739/2717/1723 1740/2718/1724 1741/2719/1725
f 1739/2720/1723 1741/2721/1725 48/2722/1722
f 1741/2719/1725 1740/2718/1724 1742/2723/1726
f 1741/2721/1725 1743/2724/1727 48/2722/1722
f 1743/2724/1727 1741/2725/1725 1744/2726/1728
f 1743/2724/1727 1744/2726/1728 1468/2727/1451
f 1743/2724/1727 1468/2282/1451 1466/2728/1449
f 1743/2724/1727 1466/2728/1449 48/2729/1722
f 1468/2727/1451 1744/2726/1728 1470/2730/1453
f 1468/2727/1451 1470/2285/1453 1467/2284/1450
f 1470/2730/1453 1744/2726/1728 1742/2731/1726
f 1470/2730/1453 1742/2731/1726 1745/2732/1729
f 1470/2730/1453 1745/2732/1729 1473/2733/1456
f 1470/2730/1453 1473/2733/1456 1471/2288/1454
f 1473/2734/1456 1745/2735/1729 1746/2736/1730
f 1746/2737/1730 1747/2738/1731 1475/2739/1458
f 1746/2737/1730 1475/2296/1458 1473/2295/1456
f 1475/2739/1458 1747/2740/1731 1748/2741/1732
f 1475/2739/1458 1748/2741/1732 1749/2742/1733
f 1475/2739/1458 1749/2742/1733 1476/2300/1459
f 1749/2742/1733 1750/2743/1734 1477/2303/1460
f 1749/2742/1733 1477/2301/1460 1476/2300/1459
f 1750/2743/1734 1749/2744/1733 1751/2745/1735
f 1750/2743/1734 1752/2746/1736 1478/2306/1461
f 1750/2743/1734 1478/2304/1461 1477/2303/1460
f 1752/2746/1736 1750/2747/1734 1753/2748/1737
f 1752/2746/1736 1753/2748/1737 1754/2749/1738
f 1752/2746/1736 1754/2749/1738 1755/2750/1739
f 1752/2746/1736 1755/2750/1739 1479/2309/1462
f 1752/2746/1736 1479/2307/1462 1478/2306/1461
f 1755/2750/1739 1754/2749/1738 1756/2751/1740
f 1755/2750/1739 1756/2751/1740 1757/2752/1741
f 1755/2750/1739 1757/2752/1741 1484/2315/1467
f 1755/2750/1739 1484/2315/1467 1482/2312/1465
f 1755/2750/1739 1482/2312/1465 1480/2310/1463
f 1755/2750/1739 1480/2310/1463 1479/2309/1462
f 1757/2753/1741 1756/2754/1740 1758/2755/1742
f 1757/2753/1741 1758/2755/1742 1759/2756/1743
f 1757/2753/1741 1759/2756/1743 1760/2757/1744
f 1757/2753/1741 1760/2757/1744 1484/2758/1467
f 1760/2757/1744 1759/2756/1743 1761/2759/1745
f 1760/2757/1744 1761/2759/1745 1762/2760/1746
f 1760/2757/1744 1762/2760/1746 1763/2761/1747
f 1760/2757/1744 1763/2761/1747 1486/2319/1469
f 1760/2757/1744 1486/2319/1469 1483/2318/1466
f 1760/2757/1744 1483/2318/1466 1484/2758/1467
f 1763/2761/1747 1762/2760/1746 1764/2762/1748
f 1763/2761/1747 1764/2762/1748 1765/2763/1749
f 1763/2761/1747 1765/2763/1749 1766/2764/1750
f 1763/2761/1747 1766/2764/1750 1489/2323/1472
f 1763/2761/1747 1489/2323/1472 1487/2320/1470
f 1763/2761/1747 1487/2320/1470 1486/2319/1469
f 1766/2764/1750 1765/2763/1749 1767/2765/1751
f 1766/2764/1750 1767/2765/1751 1768/2766/1752
f 1766/2764/1750 1768/2766/1752 1769/2767/1753
f 1766/2764/1750 1769/2767/1753 1492/2326/1475
f 1766/2764/1750 1492/2326/1475 1490/2324/1473
f 1766/2764/1750 1490/2324/1473 1489/2323/1472
f 1769/2767/1753 1768/2766/1752 1770/2768/1754
f 1769/2767/1753 1770/2768/1754 1771/2769/1755
f 1769/2767/1753 1771/2769/1755 1772/2770/1756
f 1769/2767/1753 1772/2770/1756 1495/2329/1478
f 1769/2767/1753 1495/2329/1478 1493/2327/1476
f 1769/2767/1753 1493/2327/1476 1492/2326/1475
f 1772/2770/1756 1771/2769/1755 1773/2771/1757
f 1772/2770/1756 1773/2771/1757 1774/2772/1758
f 1772/2770/1756 1774/2772/1758 1775/2773/1759
f 1772/2770/1756 1775/2773/1759 1776/2774/1760
f 1772/2770/1756 1776/2774/1760 1496/2330/1479
f 1772/2770/1756 1496/2330/1479 1495/2329/1478
f 1776/2774/1760 1775/2773/1759 1777/2775/1761
f 1776/2774/1760 1777/2775/1761 1778/2776/1762
f 1776/2774/1760 1778/2776/1762 1497/2331/1480
f 1776/2774/1760 1497/2331/1480 1496/2330/1479
f 1778/2776/1762 1777/2775/1761 1779/2777/1763
f 1778/2776/1762 1779/2777/1763 1780/2778/1764
f 1778/2776/1762 1780/2778/1764 1499/2333/1482
f 1778/2776/1762 1499/2333/1482 1497/2331/1480
f 1780/2778/1764 1779/2777/1763 1781/2779/1765
f 1780/2778/1764 1781/2779/1765 1782/2780/1766
f 1780/2778/1764 1782/2780/1766 1501/2335/1484
f 1780/2778/1764 1501/2335/1484 1499/2333/1482
f 1782/2780/1766 1781/2779/1765 1783/2781/1767
f 1782/2780/1766 1783/2781/1767 1506/2344/1489
f 1782/2780/1766 1506/2344/1489 1503/2338/1486
f 1782/2780/1766 1503/2338/1486 1501/2335/1484
f 1783/2781/1767 1781/2779/1765 1784/2782/1768
f 1783/2781/1767 1784/2782/1768 1785/2783/1769
f 1783/2781/1767 1785/2783/1769 1786/2784/1770
f 1783/2781/1767 1786/2784/1770 1509/2347/1492
f 1783/2781/1767 1509/2347/1492 1507/2345/1490
f 1783/2781/1767 1507/2345/1490 1506/2344/1489
f 1786/2784/1770 1785/2783/1769 1787/2785/1771
f 1786/2784/1770 1787/2785/1771 1788/2786/1772
f 1786/2784/1770 1788/2786/1772 1789/2787/1773
f 1786/2784/1770 1789/2787/1773 1512/2350/1495
f 1786/2784/1770 1512/2350/1495 1510/2348/1493
f 1786/2784/1770 1510/2348/1493 1509/2347/1492
f 1789/2787/1773 1788/2786/1772 1790/2788/1774
f 1789/2787/1773 1790/2788/1774 1791/2789/1775
f 1789/2787/1773 1791/2789/1775 1792/2790/1776
f 1789/2787/1773 1792/2790/1776 1515/2353/1498
f 1789/2787/1773 1515/2353/1498 1513/2351/1496
f 1789/2787/1773 1513/2351/1496 1512/2350/1495
f 1792/2790/1776 1791/2789/1775 1793/2791/1777
f 1792/2790/1776 1793/2791/1777 1794/2792/1778
f 1792/2790/1776 1794/2792/1778 1795/2793/1779
f 1792/2790/1776 1795/2793/1779 1518/2357/1501
f 1792/2790/1776 1518/2357/1501 1516/2354/1499
f 1792/2790/1776 1516/2354/1499 1515/2353/1498
f 1795/2793/1779 1794/2792/1778 1796/2794/1780
f 1795/2793/1779 1796/2794/1780 1797/2795/1781
f 1795/2793/1779 1797/2795/1781 1798/2796/1782
f 1795/2793/1779 1798/2796/1782 1521/2797/1504
f 1795/2793/1779 1521/2797/1504 1519/2358/1502
f 1795/2793/1779 1519/2358/1502 1518/2357/1501
f 1798/2798/1782 1797/2799/1781 1799/2800/1783
f 1798/2798/1782 1799/2800/1783 1800/2801/1784
f 1798/2798/1782 1800/2801/1784 1801/2802/1785
f 1798/2798/1782 1801/2802/1785 1802/2803/1786
f 1798/2798/1782 1802/2803/1786 1522/2363/1505
f 1798/2798/1782 1522/2363/1505 1521/2362/1504
f 1802/2803/1786 1801/2802/1785 1803/2804/1787
f 1802/2803/1786 1803/2804/1787 1804/2805/1788
f 1802/2803/1786 1804/2805/1788 1523/2364/1506
f 1802/2803/1786 1523/2364/1506 1522/2363/1505
f 1804/2805/1788 1803/2804/1787 1805/2806/1789
f 1804/2805/1788 1805/2806/1789 1525/2807/1508
f 1804/2805/1788 1525/2366/1508 1523/2364/1506
f 1525/2807/1508 1805/2806/1789 1806/2808/1790
f 1525/2807/1508 1806/2808/1790 1526/2809/1509
f 1526/2809/1509 1806/2808/1790 1807/2810/1791
f 1526/2809/1509 1807/2810/1791 1527/2811/1510
f 1527/2811/1510 1807/2810/1791 1808/2812/1792
f 1527/2811/1510 1808/2812/1792 1528/2813/1511
f 1528/2813/1511 1808/2812/1792 1809/2814/1793
f 1528/2813/1511 1809/2814/1793 1529/2815/1512
f 1529/2815/1512 1809/2814/1793 1810/2816/1794
f 1529/2815/1512 1810/2816/1794 1530/2817/1513
f 1530/2817/1513 1810/2816/1794 1811/2818/1795
f 1530/2817/1513 1811/2818/1795 1531/2819/1514
f 1531/2819/1514 1811/2818/1795 1812/2820/1796
f 1531/2819/1514 1812/2820/1796 1532/2821/1515
f 1532/2821/1515 1812/2820/1796 1813/2822/1797
f 1532/2821/1515 1813/2822/1797 1533/2823/1516
f 1533/2823/1516 1813/2822/1797 1814/2824/1798
f 1533/2823/1516 1814/2824/1798 1534/2825/1517
f 1534/2825/1517 1814/2824/1798 1815/2826/1799
f 1534/2825/1517 1815/2827/1799 1535/2828/1518
f 1535/2828/1518 1815/2827/1799 1816/2829/1800
f 1535/2828/1518 1816/2830/1800 1536/2831/1519
f 1536/2831/1519 1816/2830/1800 1817/2832/1801
f 1536/2831/1519 1817/2833/1801 1538/2834/1521
f 1538/2834/1521 1817/2833/1801 1818/2835/1802
f 1538/2834/1521 1818/2836/1802 1540/2837/1523
f 1540/2837/1523 1818/2836/1802 1819/2838/1803
f 1540/2837/1523 1819/2839/1803 1820/2840/1804
f 1820/2840/1804 1543/2399/1526 1541/2397/1524
f 1820/2840/1804 1541/2397/1524 1540/2396/1523
f 1820/2840/1804 1819/2839/1803 1821/2841/1805
f 1820/2840/1804 1821/2841/1805 1822/2842/1806
f 1820/2840/1804 1822/2842/1806 1823/2843/1807
f 1820/2840/1804 1823/2843/1807 1543/2399/1526
f 1823/2843/1807 1545/2402/1528 1544/2400/1527
f 1823/2843/1807 1544/2400/1527 1543/2399/1526
f 1823/2843/1807 1822/2842/1806 1824/2844/1808
f 1823/2843/1807 1824/2844/1808 1825/2845/1809
f 1823/2843/1807 1825/2845/1809 1826/2846/1810
f 1823/2843/1807 1826/2846/1810 1545/2402/1528
f 1826/2846/1810 1547/2405/1530 1545/2403/1528
f 1826/2846/1810 1825/2845/1809 1827/2847/1811
f 1826/2846/1810 1827/2847/1811 1828/2848/1812
f 1826/2846/1810 1828/2848/1812 1829/2849/1813
f 1826/2846/1810 1829/2849/1813 1547/2405/1530
f 1829/2849/1813 1550/2408/1533 1548/2406/1531
f 1829/2849/1813 1548/2406/1531 1547/2405/1530
f 1829/2849/1813 1828/2848/1812 1830/2850/1814
f 1829/2849/1813 1830/2850/1814 1831/2851/1815
f 1829/2849/1813 1831/2851/1815 1832/2852/1816
f 1829/2849/1813 1832/2852/1816 1550/2408/1533
f 1832/2852/1816 1553/2411/1536 1551/2409/1534
f 1832/2852/1816 1551/2409/1534 1550/2408/1533
f 1832/2852/1816 1831/2851/1815 1833/2853/1817
f 1832/2852/1816 1833/2853/1817 1834/2854/1818
f 1832/2852/1816 1834/2854/1818 1835/2855/1819
f 1832/2852/1816 1835/2855/1819 1553/2411/1536
f 1835/2855/1819 1556/2414/1539 1554/2412/1537
f 1835/2855/1819 1554/2412/1537 1553/2411/1536
f 1835/2855/1819 1834/2854/1818 1836/2856/1820
f 1835/2855/1819 1836/2856/1820 1837/2857/1821
f 1835/2855/1819 1837/2857/1821 1838/2858/1822
f 1835/2855/1819 1838/2858/1822 1556/2414/1539
f 1838/2858/1822 1559/2417/1542 1557/2415/1540
f 1838/2858/1822 1557/2415/1540 1556/2414/1539
f 1838/2858/1822 1837/2857/1821 1839/2859/1823
f 1838/2858/1822 1839/2859/1823 1840/2860/1824
f 1838/2858/1822 1840/2860/1824 1841/2861/1825
f 1838/2858/1822 1841/2861/1825 1559/2417/1542
f 1841/2861/1825 1562/2420/1545 1560/2418/1543
f 1841/2861/1825 1560/2418/1543 1559/2417/1542
f 1841/2861/1825 1840/2860/1824 1842/2862/1826
f 1841/2861/1825 1842/2862/1826 1843/2863/1827
f 1841/2861/1825 1843/2863/1827 1844/2864/1828
f 1841/2861/1825 1844/2864/1828 1562/2420/1545
f 1844/2864/1828 1565/2424/1548 1563/2421/1546
f 1844/2864/1828 1563/2421/1546 1562/2420/1545
f 1844/2864/1828 1843/2863/1827 1845/2865/1829
f 1844/2864/1828 1845/2865/1829 1846/2866/1830
f 1844/2864/1828 1846/2866/1830 1847/2867/1831
f 1844/2864/1828 1847/2867/1831 1565/2424/1548
f 1847/2867/1831 1568/2428/1551 1566/2425/1549
f 1847/2867/1831 1566/2425/1549 1565/2424/1548
f 1847/2867/1831 1846/2866/1830 1848/2868/1832
f 1847/2867/1831 1848/2868/1832 1849/2869/1833
f 1847/2867/1831 1849/2869/1833 1850/2870/1834
f 1847/2867/1831 1850/2870/1834 1568/2428/1551
f 1850/2871/1834 1571/2434/1554 1569/2433/1552
f 1850/2871/1834 1569/2433/1552 1568/2872/1551
f 1850/2871/1834 1849/2873/1833 1851/2874/1835
f 1850/2871/1834 1851/2874/1835 1852/2875/1836
f 1850/2871/1834 1852/2875/1836 1853/2876/1837
f 1850/2871/1834 1853/2876/1837 1571/2434/1554
f 1853/2876/1837 1574/2440/1557 1572/2435/1555
f 1853/2876/1837 1572/2435/1555 1571/2434/1554
f 1853/2876/1837 1852/2875/1836 1854/2877/1838
f 1853/2876/1837 1854/2877/1838 1855/2878/1839
f 1853/2876/1837 1855/2878/1839 1856/2879/1840
f 1853/2876/1837 1856/2879/1840 1574/2440/1557
f 1856/2879/1840 1577/2443/1560 1575/2441/1558
f 1856/2879/1840 1575/2441/1558 1574/2440/1557
f 1856/2879/1840 1855/2878/1839 1857/2880/1841
f 1856/2879/1840 1857/2880/1841 1858/2881/1842
f 1856/2879/1840 1858/2881/1842 1859/2882/1843
f 1856/2879/1840 1859/2882/1843 1577/2443/1560
f 1859/2882/1843 1580/2447/1563 1578/2444/1561
f 1859/2882/1843 1578/2444/1561 1577/2443/1560
f 1859/2882/1843 1858/2881/1842 1860/2883/1844
f 1859/2882/1843 1860/2883/1844 1861/2884/1845
f 1859/2882/1843 1861/2884/1845 1862/2885/1846
f 1859/2882/1843 1862/2885/1846 1580/2447/1563
f 1862/2885/1846 1583/2450/1566 1581/2448/1564
f 1862/2885/1846 1581/2448/1564 1580/2447/1563
f 1862/2886/1846 1861/2887/1845 1863/2888/1847
f 1862/2886/1846 1863/2888/1847 1864/2889/1848
f 1862/2886/1846 1864/2889/1848 1865/2890/1849
f 1862/2886/1846 1865/2890/1849 1583/2891/1566
f 1865/2890/1849 1586/2892/1569 1584/2893/1567
f 1865/2890/1849 1584/2893/1567 1583/2891/1566
f 1865/2890/1849 1864/2889/1848 1866/2894/1850
f 1865/2890/1849 1866/2894/1850 1867/2895/1851
f 1865/2896/1849 1867/2897/1851 1868/2898/1852
f 1865/2896/1849 1868/2898/1852 1586/2453/1569
f 1868/2898/1852 1589/2456/1572 1587/2454/1570
f 1868/2898/1852 1587/2454/1570 1586/2453/1569
f 1868/2898/1852 1867/2897/1851 1869/2899/1853
f 1868/2898/1852 1869/2899/1853 1870/2900/1854
f 1868/2898/1852 1870/2900/1854 1871/2901/1855
f 1868/2898/1852 1871/2901/1855 1589/2456/1572
f 1871/2901/1855 1592/2459/1575 1590/2457/1573
f 1871/2901/1855 1590/2457/1573 1589/2456/1572
f 1871/2901/1855 1870/2900/1854 1872/2902/1856
f 1871/2901/1855 1872/2902/1856 1873/2903/1857
f 1871/2901/1855 1873/2903/1857 1874/2904/1858
f 1871/2901/1855 1874/2904/1858 1592/2459/1575
f 1874/2904/1858 1595/2462/1578 1593/2460/1576
f 1874/2904/1858 1593/2460/1576 1592/2459/1575
f 1874/2904/1858 1873/2903/1857 1875/2905/1859
f 1874/2904/1858 1875/2905/1859 1876/2906/1860
f 1874/2904/1858 1876/2906/1860 1877/2907/1861
f 1874/2904/1858 1877/2907/1861 1595/2462/1578
f 1877/2907/1861 1598/2465/1581 1596/2463/1579
f 1877/2907/1861 1596/2463/1579 1595/2462/1578
f 1877/2907/1861 1876/2906/1860 1878/2908/1862
f 1877/2907/1861 1878/2908/1862 1879/2909/1863
f 1877/2907/1861 1879/2909/1863 1880/2910/1864
f 1877/2907/1861 1880/2910/1864 1598/2465/1581
f 1880/2910/1864 1601/2468/1584 1599/2466/1582
f 1880/2910/1864 1599/2466/1582 1598/2465/1581
f 1880/2910/1864 1879/2909/1863 1881/2911/1865
f 1880/2910/1864 1881/2911/1865 1882/2912/1866
f 1880/2910/1864 1882/2912/1866 1883/2913/1867
f 1880/2910/1864 1883/2913/1867 1601/2468/1584
f 1883/2913/1867 1604/2471/1587 1602/2469/1585
f 1883/2913/1867 1602/2469/1585 1601/2468/1584
f 1883/2913/1867 1882/2912/1866 1884/2914/1868
f 1883/2913/1867 1884/2914/1868 1885/2915/1869
f 1883/2913/1867 1885/2915/1869 1886/2916/1870
f 1883/2913/1867 1886/2916/1870 1604/2471/1587
f 1886/2916/1870 1607/2474/1590 1605/2472/1588
f 1886/2916/1870 1605/2472/1588 1604/2471/1587
f 1886/2916/1870 1885/2915/1869 1887/2917/1871
f 1886/2916/1870 1887/2917/1871 1888/2918/1872
f 1886/2916/1870 1888/2918/1872 1889/2919/1873
f 1886/2916/1870 1889/2919/1873 1607/2474/1590
f 1889/2919/1873 1610/2477/1593 1608/2475/1591
f 1889/2919/1873 1608/2475/1591 1607/2474/1590
f 1889/2919/1873 1888/2918/1872 1890/2920/1874
f 1889/2919/1873 1890/2920/1874 1891/2921/1875
f 1889/2919/1873 1891/2921/1875 1892/2922/1876
f 1889/2919/1873 1892/2922/1876 1610/2477/1593
f 1892/2922/1876 1613/2480/1596 1611/2478/1594
f 1892/2922/1876 1611/2478/1594 1610/2477/1593
f 1892/2922/1876 1891/2921/1875 1893/2923/1877
f 1892/2922/1876 1893/2923/1877 1894/2924/1878
f 1892/2922/1876 1894/2924/1878 1895/2925/1879
f 1892/2922/1876 1895/2925/1879 1613/2480/1596
f 1895/2925/1879 1616/2483/1599 1614/2481/1597
f 1895/2925/1879 1614/2481/1597 1613/2480/1596
f 1895/2925/1879 1894/2924/1878 1896/2926/1880
f 1895/2925/1879 1896/2926/1880 1897/2927/1881
f 1895/2925/1879 1897/2927/1881 1898/2928/1882
f 1895/2925/1879 1898/2928/1882 1616/2483/1599
f 1898/2928/1882 1619/2487/1602 1617/2484/1600
f 1898/2928/1882 1617/2484/1600 1616/2483/1599
f 1898/2928/1882 1621/2490/1604 1619/2487/1602
f 1898/2929/1882 1897/2930/1881 1899/2931/1883
f 1898/2929/1882 1899/2931/1883 1900/2932/1884
f 1898/2929/1882 1900/2932/1884 1623/2493/1606
f 1898/2929/1882 1623/2493/1606 1621/2490/1604
f 1900/2932/1884 1899/2931/1883 1901/2933/1885
f 1900/2932/1884 1901/2933/1885 1902/2934/1886
f 1900/2932/1884 1902/2934/1886 1625/2496/1608
f 1900/2932/1884 1625/2496/1608 1623/2493/1606
f 1902/2934/1886 1901/2933/1885 1903/2935/1887
f 1902/2934/1886 1903/2935/1887 1904/2936/1888
f 1902/2934/1886 1904/2936/1888 1627/2499/1610
f 1902/2934/1886 1627/2499/1610 1625/2496/1608
f 1904/2936/1888 1903/2935/1887 1905/2937/1889
f 1904/2936/1888 1905/2937/1889 1906/2938/1890
f 1904/2936/1888 1906/2938/1890 1907/2939/1891
f 1904/2936/1888 1907/2939/1891 1627/2499/1610
f 1907/2939/1891 1630/2503/1613 1628/2500/1611
f 1907/2939/1891 1628/2500/1611 1627/2499/1610
f 1907/2940/1891 1906/2941/1890 1908/2942/1892
f 1907/2940/1891 1908/2942/1892 1909/2943/1893
f 1907/2940/1891 1909/2943/1893 1910/2944/1894
f 1907/2940/1891 1910/2944/1894 1630/2945/1613
f 1910/2944/1894 1633/2509/1616 1631/2508/1614
f 1910/2944/1894 1631/2508/1614 1630/2945/1613
f 1910/2944/1894 1909/2943/1893 1911/2946/1895
f 1910/2944/1894 1911/2946/1895 1912/2947/1896
f 1910/2944/1894 1912/2947/1896 1913/2948/1897
f 1910/2944/1894 1913/2948/1897 1633/2509/1616
f 1913/2948/1897 1636/2513/1619 1634/2510/1617
f 1913/2948/1897 1634/2510/1617 1633/2509/1616
f 1913/2948/1897 1912/2947/1896 1914/2949/1898
f 1913/2948/1897 1914/2949/1898 1915/2950/1899
f 1913/2948/1897 1915/2950/1899 1916/2951/1900
f 1913/2948/1897 1916/2951/1900 1636/2513/1619
f 1916/2951/1900 1639/2516/1622 1637/2514/1620
f 1916/2951/1900 1637/2514/1620 1636/2513/1619
f 1916/2951/1900 1915/2950/1899 1917/2952/1901
f 1916/2951/1900 1917/2952/1901 1918/2953/1902
f 1916/2951/1900 1918/2953/1902 1919/2954/1903
f 1916/2951/1900 1919/2954/1903 1639/2516/1622
f 1919/2954/1903 1642/2519/1625 1640/2517/1623
f 1919/2954/1903 1640/2517/1623 1639/2516/1622
f 1919/2955/1903 1918/2956/1902 1920/2957/1904
f 1919/2955/1903 1920/2957/1904 1921/2958/1905
f 1919/2955/1903 1921/2958/1905 1922/2959/1906
f 1919/2955/1903 1922/2959/1906 1642/2960/1625
f 1922/2959/1906 1645/2525/1628 1643/2524/1626
f 1922/2959/1906 1643/2524/1626 1642/2960/1625
f 1922/2959/1906 1921/2958/1905 1923/2961/1907
f 1922/2959/1906 1923/2961/1907 1924/2962/1908
f 1922/2959/1906 1924/2962/1908 1925/2963/1909
f 1922/2959/1906 1925/2963/1909 1645/2525/1628
f 1925/2963/1909 1648/2528/1631 1646/2526/1629
f 1925/2963/1909 1646/2526/1629 1645/2525/1628
f 1925/2963/1909 1924/2962/1908 1926/2964/1910
f 1925/2963/1909 1926/2964/1910 1927/2965/1911
f 1925/2963/1909 1927/2965/1911 1928/2966/1912
f 1925/2963/1909 1928/2966/1912 1648/2528/1631
f 1928/2966/1912 1651/2531/1634 1649/2529/1632
f 1928/2966/1912 1649/2529/1632 1648/2528/1631
f 1928/2966/1912 1927/2965/1911 1929/2967/1913
f 1928/2966/1912 1929/2967/1913 1930/2968/1914
f 1928/2966/1912 1930/2968/1914 1931/2969/1915
f 1928/2966/1912 1931/2969/1915 1651/2531/1634
f 1931/2969/1915 1654/2534/1637 1652/2532/1635
f 1931/2969/1915 1652/2532/1635 1651/2531/1634
f 1931/2969/1915 1930/2968/1914 1932/2970/1916
f 1931/2969/1915 1932/2970/1916 1933/2971/1917
f 1931/2969/1915 1933/2971/1917 1656/2536/1639
f 1931/2969/1915 1656/2536/1639 1654/2534/1637
f 1933/2971/1917 1932/2970/1916 1934/2972/1918
f 1933/2971/1917 1934/2972/1918 1935/2973/1919
f 1933/2971/1917 1935/2973/1919 1658/2538/1641
f 1933/2971/1917 1658/2538/1641 1656/2536/1639
f 1935/2973/1919 1934/2972/1918 1936/2974/1920
f 1935/2973/1919 1936/2974/1920 1937/2975/1921
f 1935/2973/1919 1937/2975/1921 1660/2540/1643
f 1935/2973/1919 1660/2540/1643 1658/2538/1641
f 1937/2975/1921 1936/2974/1920 1938/2976/1922
f 1937/2975/1921 1938/2976/1922 1939/2977/1923
f 1937/2975/1921 1939/2977/1923 1661/2542/1644
f 1937/2975/1921 1661/2542/1644 1660/2540/1643
f 1939/2978/1923 1938/2979/1922 1940/2980/1924
f 1939/2978/1923 1940/2980/1924 1941/2981/1925
f 1939/2977/1923 1941/2982/1925 1942/2983/1926
f 1939/2977/1923 1942/2983/1926 1661/2542/1644
f 1942/2983/1926 1662/2543/1645 1661/2542/1644
f 1942/2984/1926 1941/2981/1925 1943/2985/1927
f 1942/2984/1926 1943/2985/1927 1944/2986/1928
f 1942/2983/1926 1944/2987/1928 1945/2988/1929
f 1942/2983/1926 1945/2988/1929 1662/2989/1645
f 1945/2988/1929 1664/2548/1647 1663/2547/1646
f 1945/2988/1929 1663/2547/1646 1662/2989/1645
f 1664/2990/1647 1945/2991/1929 1946/2992/1930
f 1664/2990/1647 1946/2992/1930 1947/2993/1931
f 1664/2990/1647 1947/2993/1931 1667/2555/1650
f 1664/2990/1647 1667/2555/1650 1665/2554/1648
f 1947/2994/1931 1946/2995/1930 1948/2996/1932
f 1947/2994/1931 1948/2996/1932 1949/2997/1933
f 1947/2998/1931 1949/2999/1933 1669/2559/1652
f 1947/2998/1931 1669/2559/1652 1667/2558/1650
f 1949/3000/1933 1948/3001/1932 1950/3002/1934
f 1949/3000/1933 1950/3002/1934 1951/3003/1935
f 1949/3004/1933 1951/3005/1935 1671/2565/1654
f 1949/3004/1933 1671/2565/1654 1669/2564/1652
f 1951/3005/1935 1952/3006/1936 1671/2565/1654
f 1952/3006/1936 1674/3007/1657 1672/2566/1655
f 1952/3006/1936 1672/2566/1655 1671/2565/1654
f 1952/3006/1936 1951/3008/1935 1953/3009/1937
f 1952/3006/1936 1953/3009/1937 1954/3010/1938
f 1952/3011/1936 1954/3012/1938 1955/3013/1939
f 1952/3011/1936 1955/3013/1939 1674/3014/1657
f 1955/3015/1939 1678/2576/1661 1675/2573/1658
f 1955/3015/1939 1675/2573/1658 1674/2572/1657
f 1955/3015/1939 1954/3016/1938 1956/3017/1940
f 1955/3015/1939 1956/3017/1940 1957/3018/1941
f 1955/3015/1939 1957/3018/1941 1958/3019/1942
f 1955/3015/1939 1958/3019/1942 1678/2576/1661
f 1958/3019/1942 1681/2579/1664 1679/2577/1662
f 1958/3019/1942 1679/2577/1662 1678/2576/1661
f 1958/3019/1942 1957/3018/1941 1959/3020/1943
f 1958/3019/1942 1959/3020/1943 1960/3021/1944
f 1958/3019/1942 1960/3022/1944 1681/2579/1664
f 1960/3022/1944 1961/3023/1945 1962/3024/1946
f 1960/3022/1944 1962/3024/1946 1963/3025/1947
f 1960/3022/1944 1963/3025/1947 1681/2580/1664
f 1963/3025/1947 1682/2581/1665 1681/2580/1664
f 1963/3026/1947 1962/3027/1946 1964/3028/1948
f 1963/3026/1947 1964/3028/1948 1965/3029/1949
f 1963/3026/1947 1965/3029/1949 1966/3030/1950
f 1963/3026/1947 1966/3030/1950 1682/3031/1665
f 1966/3030/1950 1685/3032/1668 1683/3033/1666
f 1966/3030/1950 1683/3033/1666 1682/3031/1665
f 1966/3034/1950 1965/3035/1949 1967/3036/1951
f 1966/3034/1950 1967/3036/1951 1968/3037/1952
f 1966/3034/1950 1968/3037/1952 1687/2593/1670
f 1966/3034/1950 1687/2593/1670 1685/2584/1668
f 1968/3038/1952 1967/3039/1951 1969/3040/1953
f 1968/3038/1952 1969/3040/1953 1970/3041/1954
f 1968/3037/1952 1970/3042/1954 1689/2594/1672
f 1968/3037/1952 1689/2594/1672 1687/2593/1670
f 1970/3041/1954 1969/3040/1953 1971/3043/1955
f 1689/3044/1672 1970/3045/1954 1972/3046/1956
f 1689/3044/1672 1972/3046/1956 1973/3047/1957
f 1689/3044/1672 1973/3047/1957 1974/3048/1958
f 1689/3044/1672 1974/3048/1958 1690/2598/1673
f 1974/3048/1958 1691/2599/1674 1690/2598/1673
f 1974/3048/1958 1975/3049/1959 1691/2601/1674
f 1975/3049/1959 1692/2602/1675 1691/2601/1674
f 1975/3049/1959 1974/3050/1958 1976/3051/1960
f 1975/3049/1959 1695/2606/1678 1692/2604/1675
f 1975/3052/1959 1976/3053/1960 1977/3054/1961
f 1975/3052/1959 1977/3054/1961 1695/2608/1678
f 1977/3055/1961 1976/3056/1960 1978/3057/1962
f 1977/3055/1961 1698/3058/1681 1695/3059/1678
f 1698/3060/1681 1697/2609/1680 1695/2608/1678
f 1698/3058/1681 1977/3061/1961 1979/3062/1963
f 1698/3058/1681 1979/3062/1963 78/3063/1964
f 1698/3058/1681 78/3063/1964 1980/3064/1965
f 1980/3065/1965 78/3066/1964 1981/3067/1966
f 1980/3068/1965 1981/3069/1966 1982/3070/1967
f 1980/3068/1965 1982/3070/1967 1699/3071/1682
f 1980/3068/1965 1699/3071/1682 1698/3072/1681
f 1982/3073/1967 1981/3074/1966 1983/3075/1968
f 1982/3076/1967 1983/3077/1968 1984/3078/1969
f 1982/3076/1967 1984/3078/1969 1701/2616/1684
f 1982/3076/1967 1701/2616/1684 1699/2615/1682
f 1984/3078/1969 1983/3077/1968 1985/3079/1970
f 1701/3080/1684 1984/3081/1969 1986/3082/1971
f 1701/3080/1684 1986/3082/1971 1987/3083/1972
f 1701/3080/1684 1987/3083/1972 1724/3084/1707
f 1701/3080/1684 1724/3084/1707 1702/3085/1685
f 1724/3086/1707 1706/2624/1688 1703/2623/1686
f 1724/3086/1707 1703/2623/1686 1702/3087/1685
f 1724/3084/1707 1987/3083/1972 1726/3088/1709
f 1726/3088/1709 1987/3083/1972 1986/3082/1971
f 1726/3088/1709 1986/3089/1971 1988/3090/1973
f 1988/3090/1973 1986/3089/1971 1989/3091/1974
f 1988/3090/1973 1989/3092/1974 1990/3093/1975
f 1988/3094/1973 1990/3095/1975 1991/3096/1976
f 1988/3094/1973 1991/3096/1976 1727/2679/1710
f 1988/3094/1973 1727/2679/1710 1726/2678/1709
f 1991/3096/1976 1990/3095/1975 1992/3097/1977
f 1991/3098/1976 1992/3099/1977 1993/3100/1978
f 1991/3098/1976 1993/3100/1978 1729/2686/1712
f 1991/3098/1976 1729/2686/1712 1727/2683/1710
f 1993/3100/1978 1992/3099/1977 1994/3101/1979
f 1729/3102/1712 1993/3103/1978 1995/3104/1980
f 1729/3102/1712 1995/3105/1980 1731/2699/1714
f 1729/3102/1712 1731/2689/1714 1728/2688/1711
f 1995/3105/1980 1734/2700/1717 1731/2699/1714
f 1995/3106/1980 1994/3107/1979 1996/3108/1981
f 1995/3109/1980 1996/3110/1981 1735/3111/1718
f 1995/3106/1980 1735/2703/1718 1734/2702/1717
f 1996/3110/1981 1997/3112/1982 1739/3113/1723
f 1996/3110/1981 1739/3113/1723 1736/3114/1719
f 1996/3110/1981 1736/3115/1719 1735/3111/1718
f 1997/3116/1982 1996/3117/1981 1998/3118/1983
f 1997/3119/1982 1998/3120/1983 1740/3121/1724
f 1997/3119/1982 1740/3122/1724 1739/3123/1723
f 1740/3121/1724 1998/3120/1983 1999/3124/1984
f 1999/3125/1984 1742/2723/1726 1740/2718/1724
f 1742/3126/1726 1999/3127/1984 2000/3128/1985
f 2000/3129/1985 1745/2732/1729 1742/2731/1726
f 2000/3130/1985 2001/3131/1986 1746/3132/1730
f 2000/3133/1985 1746/2736/1730 1745/2735/1729
f 2001/3134/1986 2002/3135/1987 2003/3136/1988
f 2001/3134/1986 2003/3136/1988 1747/2740/1731
f 2001/3134/1986 1747/2738/1731 1746/3137/1730
f 2003/3138/1988 2004/3139/1989 1748/3140/1732
f 2003/3136/1988 1748/2741/1732 1747/2740/1731
f 2004/3139/1989 2003/3141/1988 2005/3142/1990
f 2004/3139/1989 2005/3143/1990 2006/3144/1991
f 2004/3139/1989 2006/3144/1991 1751/3145/1735
f 2004/3146/1989 1751/2745/1735 1749/2744/1733
f 2004/3146/1989 1749/2744/1733 1748/3147/1732
f 2006/3144/1991 2005/3143/1990 2007/3148/1992
f 2006/3144/1991 2007/3148/1992 2008/3149/1993
f 2006/3144/1991 2008/3149/1993 2009/3150/1994
f 2006/3144/1991 2009/3150/1994 1753/3151/1737
f 2006/3152/1991 1753/2748/1737 1750/2747/1734
f 2006/3152/1991 1750/2747/1734 1751/2745/1735
f 2009/3153/1994 2008/3154/1993 2010/3155/1995
f 2009/3153/1994 2010/3155/1995 2011/3156/1996
f 2009/3153/1994 2011/3156/1996 1758/2755/1742
f 2009/3153/1994 1758/2755/1742 1756/2754/1740
f 2009/3150/1994 1756/3157/1740 1754/3158/1738
f 2009/3150/1994 1754/3158/1738 1753/3151/1737
f 2011/3156/1996 2010/3155/1995 2012/3159/1997
f 2011/3156/1996 2012/3159/1997 2013/3160/1998
f 2011/3156/1996 2013/3160/1998 2014/3161/1999
f 2011/3156/1996 2014/3161/1999 1758/2755/1742
f 2014/3161/1999 2013/3160/1998 2015/3162/2000
f 2014/3161/1999 2015/3162/2000 2016/3163/2001
f 2014/3161/1999 2016/3163/2001 2017/3164/2002
f 2014/3161/1999 2017/3164/2002 1761/2759/1745
f 2014/3161/1999 1761/2759/1745 1759/2756/1743
f 2014/3161/1999 1759/2756/1743 1758/2755/1742
f 2017/3164/2002 2016/3163/2001 2018/3165/2003
f 2017/3164/2002 2018/3165/2003 2019/3166/2004
f 2017/3164/2002 2019/3166/2004 2020/3167/2005
f 2017/3164/2002 2020/3167/2005 1764/2762/1748
f 2017/3164/2002 1764/2762/1748 1762/2760/1746
f 2017/3164/2002 1762/2760/1746 1761/2759/1745
f 2020/3167/2005 2019/3166/2004 2021/3168/2006
f 2020/3167/2005 2021/3168/2006 2022/3169/2007
f 2020/3167/2005 2022/3169/2007 2023/3170/2008
f 2020/3167/2005 2023/3170/2008 1767/2765/1751
f 2020/3167/2005 1767/2765/1751 1765/2763/1749
f 2020/3167/2005 1765/2763/1749 1764/2762/1748
f 2023/3170/2008 2022/3169/2007 2024/3171/2009
f 2023/3170/2008 2024/3171/2009 2025/3172/2010
f 2023/3170/2008 2025/3172/2010 2026/3173/2011
f 2023/3170/2008 2026/3173/2011 1770/2768/1754
f 2023/3170/2008 1770/2768/1754 1768/2766/1752
f 2023/3170/2008 1768/2766/1752 1767/2765/1751
f 2026/3173/2011 2025/3172/2010 2027/3174/2012
f 2026/3173/2011 2027/3174/2012 2028/3175/2013
f 2026/3173/2011 2028/3175/2013 2029/3176/2014
f 2026/3173/2011 2029/3176/2014 1773/2771/1757
f 2026/3173/2011 1773/2771/1757 1771/2769/1755
f 2026/3173/2011 1771/2769/1755 1770/2768/1754
f 2029/3176/2014 2028/3175/2013 2030/3177/2015
f 2029/3176/2014 2030/3177/2015 2031/3178/2016
f 2029/3176/2014 2031/3178/2016 2032/3179/2017
f 2029/3176/2014 2032/3179/2017 2033/3180/2018
f 2029/3176/2014 2033/3180/2018 1774/2772/1758
f 2029/3176/2014 1774/2772/1758 1773/2771/1757
f 2033/3180/2018 2032/3179/2017 2034/3181/2019
f 2033/3180/2018 2034/3181/2019 2035/3182/2020
f 2033/3180/2018 2035/3182/2020 1775/2773/1759
f 2033/3180/2018 1775/2773/1759 1774/2772/1758
f 2035/3182/2020 2034/3181/2019 2036/3183/2021
f 2035/3182/2020 2036/3183/2021 2037/3184/2022
f 2035/3182/2020 2037/3184/2022 1777/2775/1761
f 2035/3182/2020 1777/2775/1761 1775/2773/1759
f 2037/3184/2022 2036/3183/2021 2038/3185/2023
f 2037/3184/2022 2038/3185/2023 2039/3186/2024
f 2037/3184/2022 2039/3186/2024 1779/2777/1763
f 2037/3184/2022 1779/2777/1763 1777/2775/1761
f 2039/3186/2024 2038/3185/2023 2040/3187/2025
f 2039/3186/2024 2040/3187/2025 1784/2782/1768
f 2039/3186/2024 1784/2782/1768 1781/2779/1765
f 2039/3186/2024 1781/2779/1765 1779/2777/1763
f 2040/3187/2025 2038/3185/2023 2041/3188/2026
f 2040/3187/2025 2041/3188/2026 2042/3189/2027
f 2040/3187/2025 2042/3189/2027 2043/3190/2028
f 2040/3187/2025 2043/3190/2028 1787/2785/1771
f 2040/3187/2025 1787/2785/1771 1785/2783/1769
f 2040/3187/2025 1785/2783/1769 1784/2782/1768
f 2043/3190/2028 2042/3189/2027 2044/3191/2029
f 2043/3190/2028 2044/3191/2029 2045/3192/2030
f 2043/3190/2028 2045/3192/2030 2046/3193/2031
f 2043/3190/2028 2046/3193/2031 1790/2788/1774
f 2043/3190/2028 1790/2788/1774 1788/2786/1772
f 2043/3190/2028 1788/2786/1772 1787/2785/1771
f 2046/3193/2031 2045/3192/2030 2047/3194/2032
f 2046/3193/2031 2047/3194/2032 2048/3195/2033
f 2046/3193/2031 2048/3195/2033 2049/3196/2034
f 2046/3193/2031 2049/3196/2034 1793/2791/1777
f 2046/3193/2031 1793/2791/1777 1791/2789/1775
f 2046/3193/2031 1791/2789/1775 1790/2788/1774
f 2049/3196/2034 2048/3195/2033 2050/3197/2035
f 2049/3196/2034 2050/3197/2035 2051/3198/2036
f 2049/3196/2034 2051/3198/2036 2052/3199/2037
f 2049/3196/2034 2052/3199/2037 1796/2794/1780
f 2049/3196/2034 1796/2794/1780 1794/2792/1778
f 2049/3196/2034 1794/2792/1778 1793/2791/1777
f 2052/3199/2037 2051/3198/2036 2053/3200/2038
f 2052/3199/2037 2053/3200/2038 2054/3201/2039
f 2052/3199/2037 2054/3201/2039 2055/3202/2040
f 2052/3199/2037 2055/3202/2040 1799/3203/1783
f 2052/3199/2037 1799/3203/1783 1797/2795/1781
f 2052/3199/2037 1797/2795/1781 1796/2794/1780
f 2055/3204/2040 2054/3205/2039 2056/3206/2041
f 2055/3204/2040 2056/3206/2041 2057/3207/2042
f 2055/3204/2040 2057/3207/2042 2058/3208/2043
f 2055/3204/2040 2058/3208/2043 2059/3209/2044
f 2055/3204/2040 2059/3209/2044 1800/2801/1784
f 2055/3204/2040 1800/2801/1784 1799/2800/1783
f 2059/3209/2044 2058/3208/2043 2060/3210/2045
f 2059/3209/2044 2060/3210/2045 2061/3211/2046
f 2059/3209/2044 2061/3211/2046 1801/2802/1785
f 2059/3209/2044 1801/2802/1785 1800/2801/1784
f 2061/3211/2046 2060/3210/2045 2062/3212/2047
f 2061/3211/2046 2062/3212/2047 2063/3213/2048
f 2061/3211/2046 2063/3213/2048 1803/2804/1787
f 2061/3211/2046 1803/2804/1787 1801/2802/1785
f 2063/3213/2048 2062/3212/2047 2064/3214/2049
f 2063/3213/2048 2064/3214/2049 2065/3215/2050
f 2063/3213/2048 2065/3215/2050 1805/2806/1789
f 2063/3213/2048 1805/2806/1789 1803/2804/1787
f 2065/3215/2050 2064/3214/2049 2066/3216/2051
f 2065/3215/2050 2066/3216/2051 1806/3217/1790
f 2065/3215/2050 1806/2808/1790 1805/2806/1789
f 1806/3217/1790 2066/3216/2051 2067/3218/2052
f 1806/3217/1790 2067/3218/2052 1807/3219/1791
f 1807/3219/1791 2067/3218/2052 2068/3220/2053
f 1807/3219/1791 2068/3220/2053 1808/3221/1792
f 1808/3221/1792 2068/3220/2053 2069/3222/2054
f 1808/3221/1792 2069/3222/2054 1809/3223/1793
f 1809/3223/1793 2069/3222/2054 2070/3224/2055
f 1809/3223/1793 2070/3224/2055 1810/3225/1794
f 1810/3225/1794 2070/3224/2055 2071/3226/2056
f 1810/3225/1794 2071/3226/2056 1811/3227/1795
f 1811/3227/1795 2071/3226/2056 2072/3228/2057
f 1811/3227/1795 2072/3228/2057 1812/3229/1796
f 1812/3229/1796 2072/3228/2057 2073/3230/2058
f 1812/3229/1796 2073/3230/2058 1813/3231/1797
f 1813/3231/1797 2073/3230/2058 2074/3232/2059
f 1813/3231/1797 2074/3232/2059 1814/3233/1798
f 1814/3233/1798 2074/3232/2059 2075/3234/2060
f 1814/3233/1798 2075/3234/2060 1815/3235/1799
f 1815/3235/1799 2075/3236/2060 2076/3237/2061
f 1815/3235/1799 2076/3237/2061 1816/3238/1800
f 1816/3238/1800 2076/3237/2061 2077/3239/2062
f 1816/3238/1800 2077/3240/2062 1817/3241/1801
f 1817/3241/1801 2077/3240/2062 2078/3242/2063
f 1817/3241/1801 2078/3243/2063 1818/3244/1802
f 1818/3244/1802 2078/3243/2063 2079/3245/2064
f 1818/3244/1802 2079/3246/2064 1819/3247/1803
f 1819/3247/1803 2079/3246/2064 2080/3248/2065
f 1819/3247/1803 2080/3249/2065 2081/3250/2066
f 2081/3250/2066 1821/2841/1805 1819/2839/1803
f 2081/3250/2066 2080/3249/2065 2082/3251/2067
f 2081/3250/2066 2082/3251/2067 2083/3252/2068
f 2081/3250/2066 2083/3252/2068 2084/3253/2069
f 2081/3250/2066 2084/3253/2069 1821/2841/1805
f 2084/3253/2069 1824/2844/1808 1822/2842/1806
f 2084/3253/2069 1822/2842/1806 1821/2841/1805
f 2084/3253/2069 2083/3252/2068 2085/3254/2070
f 2084/3253/2069 2085/3254/2070 2086/3255/2071
f 2084/3253/2069 2086/3255/2071 2087/3256/2072
f 2084/3253/2069 2087/3256/2072 1824/2844/1808
f 2087/3256/2072 1827/2847/1811 1825/2845/1809
f 2087/3256/2072 1825/2845/1809 1824/2844/1808
f 2087/3256/2072 2086/3255/2071 2088/3257/2073
f 2087/3256/2072 2088/3257/2073 2089/3258/2074
f 2087/3256/2072 2089/3258/2074 2090/3259/2075
f 2087/3256/2072 2090/3259/2075 1827/2847/1811
f 2090/3259/2075 1830/2850/1814 1828/2848/1812
f 2090/3259/2075 1828/2848/1812 1827/2847/1811
f 2090/3259/2075 2089/3258/2074 2091/3260/2076
f 2090/3259/2075 2091/3260/2076 2092/3261/2077
f 2090/3259/2075 2092/3261/2077 2093/3262/2078
f 2090/3259/2075 2093/3262/2078 1830/2850/1814
f 2093/3262/2078 1833/2853/1817 1831/2851/1815
f 2093/3262/2078 1831/2851/1815 1830/2850/1814
f 2093/3262/2078 2092/3261/2077 2094/3263/2079
f 2093/3262/2078 2094/3263/2079 2095/3264/2080
f 2093/3262/2078 2095/3264/2080 2096/3265/2081
f 2093/3262/2078 2096/3265/2081 1833/2853/1817
f 2096/3265/2081 1836/2856/1820 1834/2854/1818
f 2096/3265/2081 1834/2854/1818 1833/2853/1817
f 2096/3265/2081 2095/3264/2080 2097/3266/2082
f 2096/3265/2081 2097/3266/2082 2098/3267/2083
f 2096/3265/2081 2098/3267/2083 2099/3268/2084
f 2096/3265/2081 2099/3268/2084 1836/2856/1820
f 2099/3268/2084 1839/2859/1823 1837/2857/1821
f 2099/3268/2084 1837/2857/1821 1836/2856/1820
f 2099/3268/2084 2098/3267/2083 2100/3269/2085
f 2099/3268/2084 2100/3269/2085 2101/3270/2086
f 2099/3268/2084 2101/3270/2086 2102/3271/2087
f 2099/3268/2084 2102/3271/2087 1839/2859/1823
f 2102/3271/2087 1842/2862/1826 1840/2860/1824
f 2102/3271/2087 1840/2860/1824 1839/2859/1823
f 2102/3271/2087 2101/3270/2086 2103/3272/2088
f 2102/3271/2087 2103/3272/2088 2104/3273/2089
f 2102/3271/2087 2104/3273/2089 2105/3274/2090
f 2102/3271/2087 2105/3274/2090 1842/2862/1826
f 2105/3274/2090 1845/2865/1829 1843/2863/1827
f 2105/3274/2090 1843/2863/1827 1842/2862/1826
f 2105/3274/2090 2104/3273/2089 2106/3275/2091
f 2105/3274/2090 2106/3275/2091 2107/3276/2092
f 2105/3274/2090 2107/3276/2092 2108/3277/2093
f 2105/3274/2090 2108/3277/2093 1845/2865/1829
f 2108/3277/2093 1848/2868/1832 1846/2866/1830
f 2108/3277/2093 1846/2866/1830 1845/2865/1829
f 2108/3277/2093 2107/3278/2092 2109/3279/2094
f 2108/3277/2093 2109/3279/2094 2110/3280/2095
f 2108/3277/2093 2110/3280/2095 1848/2868/1832
f 2110/3280/2095 1851/3281/1835 1849/2869/1833
f 2110/3280/2095 1849/2869/1833 1848/2868/1832
f 2110/3280/2095 2109/3279/2094 2111/3282/2096
f 2110/3280/2095 2111/3282/2096 2112/3283/2097
f 2110/3280/2095 2112/3283/2097 2113/3284/2098
f 2110/3280/2095 2113/3284/2098 1851/3281/1835
f 2113/3285/2098 1854/2877/1838 1852/2875/1836
f 2113/3285/2098 1852/2875/1836 1851/2874/1835
f 2113/3284/2098 2112/3283/2097 2114/3286/2099
f 2113/3284/2098 2114/3286/2099 2115/3287/2100
f 2113/3285/2098 2115/3288/2100 2116/3289/2101
f 2113/3285/2098 2116/3289/2101 1854/2877/1838
f 2116/3289/2101 1857/2880/1841 1855/2878/1839
f 2116/3289/2101 1855/2878/1839 1854/2877/1838
f 2116/3290/2101 2115/3287/2100 2117/3291/2102
f 2116/3289/2101 2117/3292/2102 2118/3293/2103
f 2116/3289/2101 2118/3293/2103 1857/2880/1841
f 2118/3293/2103 1860/2883/1844 1858/2881/1842
f 2118/3293/2103 1858/2881/1842 1857/2880/1841
f 2118/3293/2103 2117/3292/2102 2119/3294/2104
f 2118/3293/2103 2119/3294/2104 2120/3295/2105
f 2118/3293/2103 2120/3295/2105 2121/3296/2106
f 2118/3293/2103 2121/3296/2106 1860/2883/1844
f 2121/3296/2106 1863/3297/1847 1861/2884/1845
f 2121/3296/2106 1861/2884/1845 1860/2883/1844
f 2121/3298/2106 2120/3299/2105 2122/3300/2107
f 2121/3298/2106 2122/3300/2107 2123/3301/2108
f 2121/3298/2106 2123/3301/2108 2124/3302/2109
f 2121/3298/2106 2124/3302/2109 1863/2888/1847
f 2124/3302/2109 1866/2894/1850 1864/2889/1848
f 2124/3302/2109 1864/2889/1848 1863/2888/1847
f 2124/3302/2109 2123/3301/2108 2125/3303/2110
f 2124/3302/2109 2125/3303/2110 2126/3304/2111
f 2124/3305/2109 2126/3306/2111 2127/3307/2112
f 2124/3305/2109 2127/3307/2112 1866/3308/1850
f 2127/3307/2112 1869/2899/1853 1867/2897/1851
f 2127/3307/2112 1867/2897/1851 1866/3308/1850
f 2127/3307/2112 2126/3306/2111 2128/3309/2113
f 2127/3307/2112 2128/3309/2113 2129/3310/2114
f 2127/3307/2112 2129/3310/2114 2130/3311/2115
f 2127/3307/2112 2130/3311/2115 1869/2899/1853
f 2130/3311/2115 1872/2902/1856 1870/2900/1854
f 2130/3311/2115 1870/2900/1854 1869/2899/1853
f 2130/3311/2115 2129/3310/2114 2131/3312/2116
f 2130/3311/2115 2131/3312/2116 2132/3313/2117
f 2130/3311/2115 2132/3313/2117 2133/3314/2118
f 2130/3311/2115 2133/3314/2118 1872/2902/1856
f 2133/3314/2118 1875/2905/1859 1873/2903/1857
f 2133/3314/2118 1873/2903/1857 1872/2902/1856
f 2133/3314/2118 2132/3313/2117 2134/3315/2119
f 2133/3314/2118 2134/3315/2119 2135/3316/2120
f 2133/3314/2118 2135/3316/2120 2136/3317/2121
f 2133/3314/2118 2136/3317/2121 1875/2905/1859
f 2136/3317/2121 1878/2908/1862 1876/2906/1860
f 2136/3317/2121 1876/2906/1860 1875/2905/1859
f 2136/3317/2121 2135/3316/2120 2137/3318/2122
f 2136/3317/2121 2137/3318/2122 2138/3319/2123
f 2136/3317/2121 2138/3319/2123 2139/3320/2124
f 2136/3317/2121 2139/3320/2124 1878/2908/1862
f 2139/3320/2124 1881/2911/1865 1879/2909/1863
f 2139/3320/2124 1879/2909/1863 1878/2908/1862
f 2139/3320/2124 2138/3319/2123 2140/3321/2125
f 2139/3320/2124 2140/3321/2125 2141/3322/2126
f 2139/3320/2124 2141/3322/2126 2142/3323/2127
f 2139/3320/2124 2142/3323/2127 1881/2911/1865
f 2142/3323/2127 1884/2914/1868 1882/2912/1866
f 2142/3323/2127 1882/2912/1866 1881/2911/1865
f 2142/3323/2127 2141/3322/2126 2143/3324/2128
f 2142/3323/2127 2143/3324/2128 2144/3325/2129
f 2142/3323/2127 2144/3325/2129 2145/3326/2130
f 2142/3323/2127 2145/3326/2130 1884/2914/1868
f 2145/3326/2130 1887/2917/1871 1885/2915/1869
f 2145/3326/2130 1885/2915/1869 1884/2914/1868
f 2145/3326/2130 2144/3325/2129 2146/3327/2131
f 2145/3326/2130 2146/3327/2131 2147/3328/2132
f 2145/3326/2130 2147/3328/2132 2148/3329/2133
f 2145/3326/2130 2148/3329/2133 1887/2917/1871
f 2148/3329/2133 1890/2920/1874 1888/2918/1872
f 2148/3329/2133 1888/2918/1872 1887/2917/1871
f 2148/3329/2133 2147/3328/2132 2149/3330/2134
f 2148/3329/2133 2149/3330/2134 2150/3331/2135
f 2148/3329/2133 2150/3331/2135 2151/3332/2136
f 2148/3329/2133 2151/3332/2136 1890/2920/1874
f 2151/3332/2136 1893/2923/1877 1891/2921/1875
f 2151/3332/2136 1891/2921/1875 1890/2920/1874
f 1893/3333/1877 1896/2926/1880 1894/2924/1878
f 1893/3333/1877 2151/3334/2136 2152/3335/2137
f 1893/3333/1877 2152/3335/2137 2153/3336/2138
f 1893/3333/1877 2153/3336/2138 1896/3337/1880
f 1896/3337/1880 2153/3336/2138 2154/3338/2139
f 1896/3337/1880 2154/3338/2139 2155/3339/2140
f 1896/3337/1880 2155/3339/2140 1899/2931/1883
f 1896/3337/1880 1899/2931/1883 1897/2930/1881
f 2155/3339/2140 2154/3338/2139 2156/3340/2141
f 2155/3339/2140 2156/3340/2141 2157/3341/2142
f 2155/3339/2140 2157/3341/2142 1901/2933/1885
f 2155/3339/2140 1901/2933/1885 1899/2931/1883
f 2157/3341/2142 2156/3340/2141 2158/3342/2143
f 2157/3341/2142 2158/3342/2143 2159/3343/2144
f 2157/3341/2142 2159/3343/2144 1903/2935/1887
f 2157/3341/2142 1903/2935/1887 1901/2933/1885
f 2159/3343/2144 2158/3342/2143 2160/3344/2145
f 2159/3343/2144 2160/3344/2145 2161/3345/2146
f 2159/3343/2144 2161/3345/2146 1905/2937/1889
f 2159/3343/2144 1905/2937/1889 1903/2935/1887
f 2161/3345/2146 2160/3344/2145 2162/3346/2147
f 2161/3345/2146 2162/3346/2147 2163/3347/2148
f 2161/3345/2146 2163/3347/2148 2164/3348/2149
f 2161/3345/2146 2164/3348/2149 1905/2937/1889
f 2164/3349/2149 1908/2942/1892 1906/2941/1890
f 2164/3349/2149 1906/2941/1890 1905/3350/1889
f 2164/3349/2149 2163/3351/2148 2165/3352/2150
f 2164/3349/2149 2165/3352/2150 2166/3353/2151
f 2164/3349/2149 2166/3353/2151 2167/3354/2152
f 2164/3349/2149 2167/3354/2152 1908/2942/1892
f 2167/3354/2152 1911/2946/1895 1909/2943/1893
f 2167/3354/2152 1909/2943/1893 1908/2942/1892
f 2167/3354/2152 2166/3353/2151 2168/3355/2153
f 2167/3354/2152 2168/3355/2153 2169/3356/2154
f 2167/3354/2152 2169/3356/2154 2170/3357/2155
f 2167/3354/2152 2170/3357/2155 1911/2946/1895
f 2170/3357/2155 1914/2949/1898 1912/2947/1896
f 2170/3357/2155 1912/2947/1896 1911/2946/1895
f 2170/3357/2155 2169/3356/2154 2171/3358/2156
f 2170/3357/2155 2171/3358/2156 2172/3359/2157
f 2170/3357/2155 2172/3359/2157 2173/3360/2158
f 2170/3357/2155 2173/3360/2158 1914/2949/1898
f 2173/3360/2158 1917/2952/1901 1915/2950/1899
f 2173/3360/2158 1915/2950/1899 1914/2949/1898
f 2173/3361/2158 2172/3362/2157 2174/3363/2159
f 2173/3361/2158 2174/3363/2159 2175/3364/2160
f 2173/3361/2158 2175/3364/2160 2176/3365/2161
f 2173/3361/2158 2176/3365/2161 1917/3366/1901
f 2176/3365/2161 1920/3367/1904 1918/3368/1902
f 2176/3365/2161 1918/3368/1902 1917/3366/1901
f 2176/3365/2161 2175/3364/2160 2177/3369/2162
f 2176/3365/2161 2177/3369/2162 2178/3370/2163
f 2176/3365/2161 2178/3370/2163 2179/3371/2164
f 2176/3365/2161 2179/3371/2164 1920/3367/1904
f 2179/3372/2164 1923/2961/1907 1921/2958/1905
f 2179/3372/2164 1921/2958/1905 1920/2957/1904
f 2179/3371/2164 2178/3370/2163 2180/3373/2165
f 2179/3371/2164 2180/3373/2165 2181/3374/2166
f 2179/3371/2164 2181/3374/2166 2182/3375/2167
f 2179/3371/2164 2182/3375/2167 1923/3376/1907
f 2182/3377/2167 1926/2964/1910 1924/2962/1908
f 2182/3377/2167 1924/2962/1908 1923/2961/1907
f 2182/3377/2167 2181/3378/2166 2183/3379/2168
f 2182/3377/2167 2183/3379/2168 2184/3380/2169
f 2182/3377/2167 2184/3380/2169 2185/3381/2170
f 2182/3377/2167 2185/3381/2170 1926/2964/1910
f 2185/3381/2170 1929/2967/1913 1927/2965/1911
f 2185/3381/2170 1927/2965/1911 1926/2964/1910
f 2185/3381/2170 2184/3380/2169 2186/3382/2171
f 2185/3381/2170 2186/3382/2171 2187/3383/2172
f 2185/3381/2170 2187/3383/2172 2188/3384/2173
f 2185/3381/2170 2188/3384/2173 1929/2967/1913
f 2188/3384/2173 1932/2970/1916 1930/2968/1914
f 2188/3384/2173 1930/2968/1914 1929/2967/1913
f 2188/3384/2173 2187/3383/2172 2189/3385/2174
f 2188/3384/2173 2189/3385/2174 2190/3386/2175
f 2188/3384/2173 2190/3386/2175 1934/2972/1918
f 2188/3384/2173 1934/2972/1918 1932/2970/1916
f 2190/3386/2175 2189/3385/2174 2191/3387/2176
f 2190/3386/2175 2191/3387/2176 2192/3388/2177
f 2190/3386/2175 2192/3388/2177 1936/2974/1920
f 2190/3386/2175 1936/2974/1920 1934/2972/1918
f 2192/3388/2177 2191/3387/2176 2193/3389/2178
f 2192/3388/2177 2193/3389/2178 2194/3390/2179
f 2192/3388/2177 2194/3390/2179 1938/2976/1922
f 2192/3388/2177 1938/2976/1922 1936/2974/1920
f 2194/3391/2179 2193/3392/2178 2195/3393/2180
f 2194/3391/2179 2195/3393/2180 2196/3394/2181
f 2194/3391/2179 2196/3394/2181 1940/2980/1924
f 2194/3391/2179 1940/2980/1924 1938/2979/1922
f 2196/3394/2181 2195/3393/2180 2197/3395/2182
f 2196/3394/2181 2197/3395/2182 2198/3396/2183
f 2196/3394/2181 2198/3396/2183 2199/3397/2184
f 2196/3394/2181 2199/3397/2184 1940/2980/1924
f 2199/3397/2184 1943/2985/1927 1941/2981/1925
f 2199/3397/2184 1941/2981/1925 1940/2980/1924
f 2199/3397/2184 2198/3396/2183 2200/3398/2185
f 2199/3397/2184 2200/3398/2185 2201/3399/2186
f 2199/3397/2184 2201/3399/2186 1943/3400/1927
f 1943/3400/1927 2201/3401/2186 2202/3402/2187
f 1943/3400/1927 2202/3402/2187 2203/3403/2188
f 1943/3400/1927 2203/3403/2188 1944/3404/1928
f 2203/3403/2188 1946/3405/1930 1945/3406/1929
f 2203/3403/2188 1945/3406/1929 1944/3404/1928
f 2203/3407/2188 2202/3408/2187 2204/3409/2189
f 2203/3407/2188 2204/3409/2189 2205/3410/2190
f 2203/3407/2188 2205/3410/2190 1948/2996/1932
f 2203/3407/2188 1948/2996/1932 1946/2995/1930
f 2205/3411/2190 2204/3412/2189 2206/3413/2191
f 2205/3411/2190 2206/3413/2191 2207/3414/2192
f 2205/3411/2190 2207/3414/2192 1950/3002/1934
f 2205/3411/2190 1950/3002/1934 1948/3001/1932
f 2207/3414/2192 2206/3413/2191 2208/3415/2193
f 2207/3416/2192 2208/3415/2193 2209/3417/2194
f 2207/3416/2192 2209/3417/2194 2210/3418/2195
f 2207/3416/2192 2210/3418/2195 2211/3419/2196
f 2207/3416/2192 2211/3419/2196 1950/3420/1934
f 2211/3419/2196 1953/3421/1937 1951/3422/1935
f 2211/3419/2196 1951/3422/1935 1950/3420/1934
f 2211/3419/2196 2210/3418/2195 2212/3423/2197
f 2211/3419/2196 2212/3423/2197 2213/3424/2198
f 2211/3419/2196 2213/3424/2198 2214/3425/2199
f 2211/3419/2196 2214/3425/2199 1953/3421/1937
f 2214/3426/2199 1956/3427/1940 1954/3010/1938
f 2214/3426/2199 1954/3010/1938 1953/3009/1937
f 2214/3425/2199 2213/3424/2198 2215/3428/2200
f 2214/3425/2199 2215/3428/2200 2216/3429/2201
f 2214/3425/2199 2216/3429/2201 2217/3430/2202
f 2214/3425/2199 2217/3430/2202 1956/3017/1940
f 2217/3430/2202 1959/3020/1943 1957/3018/1941
f 2217/3430/2202 1957/3018/1941 1956/3017/1940
f 2217/3430/2202 2216/3429/2201 2218/3431/2203
f 2217/3430/2202 2218/3431/2203 2219/3432/2204
f 2217/3430/2202 2219/3432/2204 1961/3433/1945
f 2217/3430/2202 1961/3433/1945 1959/3020/1943
f 1961/3433/1945 2219/3432/2204 2220/3434/2205
f 1961/3433/1945 2220/3435/2205 2221/3436/2206
f 1961/3433/1945 1960/3021/1944 1959/3020/1943
f 2221/3436/2206 2220/3435/2205 2222/3437/2207
f 2221/3436/2206 2222/3438/2207 2223/3439/2208
f 2221/3440/2206 2223/3441/2208 2224/3442/2209
f 2221/3443/2206 2224/3444/2209 1962/3024/1946
f 2221/3443/2206 1962/3024/1946 1961/3023/1945
f 2224/3442/2209 2223/3441/2208 2225/3445/2210
f 2224/3446/2209 2225/3445/2210 2226/3447/2211
f 2224/3446/2209 2226/3447/2211 2227/3448/2212
f 2224/3446/2209 2227/3448/2212 1964/3028/1948
f 2224/3446/2209 1964/3028/1948 1962/3027/1946
f 2227/3448/2212 2226/3447/2211 2228/3449/2213
f 2227/3448/2212 2228/3449/2213 2229/3450/2214
f 2227/3448/2212 2229/3450/2214 2230/3451/2215
f 2227/3448/2212 2230/3451/2215 1964/3028/1948
f 2230/3452/2215 1967/3036/1951 1965/3035/1949
f 2230/3452/2215 1965/3035/1949 1964/3453/1948
f 2230/3451/2215 2229/3450/2214 2231/3454/2216
f 2230/3451/2215 2231/3454/2216 2232/3455/2217
f 2230/3451/2215 2232/3455/2217 1969/3040/1953
f 2230/3451/2215 1969/3040/1953 1967/3039/1951
f 2232/3455/2217 2231/3454/2216 2233/3456/2218
f 2232/3455/2217 2233/3456/2218 2234/3457/2219
f 2232/3455/2217 2234/3457/2219 1971/3043/1955
f 2232/3455/2217 1971/3043/1955 1969/3040/1953
f 2234/3457/2219 2233/3456/2218 2235/3458/2220
f 1971/3459/1955 1972/3046/1956 1970/3045/1954
f 1971/3459/1955 2234/3460/2219 2236/3461/2221
f 1971/3459/1955 2236/3461/2221 2237/3462/2222
f 1971/3459/1955 2237/3462/2222 1972/3463/1956
f 1972/3463/1956 2237/3464/2222 2238/3465/2223
f 1972/3463/1956 2238/3465/2223 2239/3466/2224
f 1972/3463/1956 2239/3466/2224 1973/3467/1957
f 2239/3466/2224 1976/3051/1960 1974/3050/1958
f 2239/3466/2224 1974/3050/1958 1973/3467/1957
f 2239/3468/2224 2238/3469/2223 2240/3470/2225
f 2239/3468/2224 2240/3470/2225 2241/3471/2226
f 2239/3468/2224 2241/3471/2226 1978/3472/1962
f 2239/3468/2224 1978/3472/1962 1976/3053/1960
f 1978/3473/1962 1979/3474/1963 1977/3475/1961
f 1978/3476/1962 2241/3477/2226 2242/3478/2227
f 1978/3476/1962 2242/3478/2227 76/3479/2228
f 1978/3476/1962 76/3480/2228 1979/3062/1963
f 2242/3481/2227 2241/3482/2226 2240/3483/2225
f 2242/3481/2227 2240/3483/2225 2243/3484/2229
f 2242/3478/2227 2243/3485/2229 2244/3486/2230
f 2242/3478/2227 2244/3486/2230 2245/3487/2231
f 2242/3478/2227 2245/3487/2231 76/3488/2228
f 2245/3489/2231 2244/3490/2230 2246/3491/2232
f 2245/3489/2231 2246/3491/2232 2247/3492/2233
f 2245/3489/2231 2247/3492/2233 77/3493/2234
f 2245/3489/2231 77/3493/2234 76/3494/2228
f 77/3495/2234 2248/3496/2235 76/3497/2228
f 77/3495/2234 2247/3498/2233 2249/3499/2236
f 77/3495/2234 2249/3499/2236 2250/3500/2237
f 77/3495/2234 2250/3500/2237 2248/3501/2235
f 2248/3501/2235 1981/3067/1966 78/3066/1964
f 2248/3502/2235 2250/3503/2237 2251/3504/2238
f 2248/3502/2235 2251/3504/2238 1981/3074/1966
f 2251/3504/2238 2250/3503/2237 2252/3505/2239
f 2251/3504/2238 1983/3075/1968 1981/3074/1966
f 2251/3506/2238 2252/3507/2239 2253/3508/2240
f 2251/3506/2238 2253/3508/2240 1983/3077/1968
f 2253/3508/2240 2252/3507/2239 2254/3509/2241
f 2253/3508/2240 1985/3079/1970 1983/3077/1968
f 2253/3510/2240 2254/3511/2241 2255/3512/2242
f 2253/3510/2240 2255/3512/2242 1985/3513/1970
f 1985/3513/1970 1986/3082/1971 1984/3081/1969
f 1985/3513/1970 2255/3514/2242 1989/3091/1974
f 1985/3513/1970 1989/3091/1974 1986/3089/1971
f 2255/3514/2242 2254/3511/2241 2256/3515/2243
f 2255/3514/2242 2256/3516/2243 2257/3517/2244
f 2255/3514/2242 2257/3517/2244 1989/3092/1974
f 2257/3517/2244 2256/3516/2243 2258/3518/2245
f 2257/3517/2244 1990/3093/1975 1989/3092/1974
f 2257/3519/2244 2258/3520/2245 2259/3521/2246
f 2257/3519/2244 2259/3521/2246 1990/3095/1975
f 2259/3521/2246 2258/3520/2245 2260/3522/2247
f 2259/3521/2246 1992/3097/1977 1990/3095/1975
f 2259/3523/2246 2260/3524/2247 2261/3525/2248
f 2259/3523/2246 2261/3525/2248 1992/3099/1977
f 2261/3525/2248 2260/3524/2247 2262/3526/2249
f 2261/3525/2248 1994/3101/1979 1992/3099/1977
f 2261/3527/2248 2262/3526/2249 1998/3528/1983
f 2261/3527/2248 1998/3528/1983 2263/3529/2250
f 2261/3527/2248 2263/3529/2250 1994/3107/1979
f 2263/3529/2250 1998/3118/1983 1996/3117/1981
f 2263/3529/2250 1996/3108/1981 1994/3107/1979
f 1998/3528/1983 2262/3526/2249 2264/3530/2251
f 2264/3531/2251 2265/3532/2252 1999/3533/1984
f 2264/3531/2251 1999/3124/1984 1998/3120/1983
f 1999/3533/1984 2265/3532/2252 2266/3534/2253
f 2266/3535/2253 2267/3536/2254 2000/3537/1985
f 2266/3535/2253 2000/3538/1985 1999/3539/1984
f 2267/3536/2254 2268/3540/2255 2001/3541/1986
f 2267/3542/2254 2001/3543/1986 2000/3544/1985
f 2268/3540/2255 2267/3545/2254 2269/3546/2256
f 2268/3540/2255 2269/3546/2256 2270/3547/2257
f 2268/3540/2255 2270/3547/2257 2271/3548/2258
f 2268/3540/2255 2271/3548/2258 2002/3549/1987
f 2268/3540/2255 2002/3135/1987 2001/3541/1986
f 2271/3550/2258 2270/3551/2257 2272/3552/2259
f 2271/3550/2258 2272/3552/2259 2273/3553/2260
f 2271/3550/2258 2273/3553/2260 2274/3554/2261
f 2271/3550/2258 2274/3554/2261 2005/3142/1990
f 2271/3550/2258 2005/3142/1990 2003/3141/1988
f 2271/3550/2258 2003/3141/1988 2002/3555/1987
f 2274/3554/2261 2273/3553/2260 2275/3556/2262
f 2274/3554/2261 2275/3556/2262 2276/3557/2263
f 2274/3554/2261 2276/3557/2263 2277/3558/2264
f 2274/3554/2261 2277/3558/2264 2007/3148/1992
f 2274/3554/2261 2007/3148/1992 2005/3143/1990
f 2277/3559/2264 2276/3560/2263 2278/3561/2265
f 2277/3559/2264 2278/3561/2265 2279/3562/2266
f 2277/3559/2264 2279/3562/2266 2012/3159/1997
f 2277/3559/2264 2012/3159/1997 2010/3155/1995
f 2277/3559/2264 2010/3155/1995 2008/3154/1993
f 2277/3559/2264 2008/3154/1993 2007/3563/1992
f 2279/3562/2266 2278/3561/2265 2280/3564/2267
f 2279/3562/2266 2280/3564/2267 2281/3565/2268
f 2279/3562/2266 2281/3565/2268 2282/3566/2269
f 2279/3562/2266 2282/3566/2269 2012/3159/1997
f 2282/3566/2269 2281/3565/2268 2283/3567/2270
f 2282/3566/2269 2283/3567/2270 2284/3568/2271
f 2282/3566/2269 2284/3568/2271 2285/3569/2272
f 2282/3566/2269 2285/3569/2272 2015/3162/2000
f 2282/3566/2269 2015/3162/2000 2013/3160/1998
f 2282/3566/2269 2013/3160/1998 2012/3159/1997
f 2285/3569/2272 2284/3568/2271 2286/3570/2273
f 2285/3569/2272 2286/3570/2273 2287/3571/2274
f 2285/3569/2272 2287/3571/2274 2288/3572/2275
f 2285/3569/2272 2288/3572/2275 2018/3165/2003
f 2285/3569/2272 2018/3165/2003 2016/3163/2001
f 2285/3569/2272 2016/3163/2001 2015/3162/2000
f 2288/3572/2275 2287/3571/2274 2289/3573/2276
f 2288/3572/2275 2289/3573/2276 2290/3574/2277
f 2288/3572/2275 2290/3574/2277 2291/3575/2278
f 2288/3572/2275 2291/3575/2278 2021/3168/2006
f 2288/3572/2275 2021/3168/2006 2019/3166/2004
f 2288/3572/2275 2019/3166/2004 2018/3165/2003
f 2291/3575/2278 2290/3574/2277 2292/3576/2279
f 2291/3575/2278 2292/3576/2279 2293/3577/2280
f 2291/3575/2278 2293/3577/2280 2294/3578/2281
f 2291/3575/2278 2294/3578/2281 2024/3171/2009
f 2291/3575/2278 2024/3171/2009 2022/3169/2007
f 2291/3575/2278 2022/3169/2007 2021/3168/2006
f 2294/3578/2281 2293/3577/2280 2295/3579/2282
f 2294/3578/2281 2295/3579/2282 2296/3580/2283
f 2294/3578/2281 2296/3580/2283 2297/3581/2284
f 2294/3578/2281 2297/3581/2284 2027/3174/2012
f 2294/3578/2281 2027/3174/2012 2025/3172/2010
f 2294/3578/2281 2025/3172/2010 2024/3171/2009
f 2297/3581/2284 2296/3580/2283 2298/3582/2285
f 2297/3581/2284 2298/3582/2285 2299/3583/2286
f 2297/3581/2284 2299/3583/2286 2300/3584/2287
f 2297/3581/2284 2300/3584/2287 2030/3177/2015
f 2297/3581/2284 2030/3177/2015 2028/3175/2013
f 2297/3581/2284 2028/3175/2013 2027/3174/2012
f 2300/3584/2287 2299/3583/2286 2301/3585/2288
f 2300/3584/2287 2301/3585/2288 2302/3586/2289
f 2300/3584/2287 2302/3586/2289 2303/3587/2290
f 2300/3584/2287 2303/3587/2290 2304/3588/2291
f 2300/3584/2287 2304/3588/2291 2031/3178/2016
f 2300/3584/2287 2031/3178/2016 2030/3177/2015
f 2304/3588/2291 2303/3587/2290 2305/3589/2292
f 2304/3588/2291 2305/3589/2292 2306/3590/2293
f 2304/3588/2291 2306/3590/2293 2032/3179/2017
f 2304/3588/2291 2032/3179/2017 2031/3178/2016
f 2306/3590/2293 2305/3589/2292 2307/3591/2294
f 2306/3590/2293 2307/3591/2294 2308/3592/2295
f 2306/3590/2293 2308/3592/2295 2034/3181/2019
f 2306/3590/2293 2034/3181/2019 2032/3179/2017
f 2308/3592/2295 2307/3591/2294 2309/3593/2296
f 2308/3592/2295 2309/3593/2296 2310/3594/2297
f 2308/3592/2295 2310/3594/2297 2036/3183/2021
f 2308/3592/2295 2036/3183/2021 2034/3181/2019
f 2310/3594/2297 2309/3593/2296 2311/3595/2298
f 2310/3594/2297 2311/3595/2298 2041/3188/2026
f 2310/3594/2297 2041/3188/2026 2038/3185/2023
f 2310/3594/2297 2038/3185/2023 2036/3183/2021
f 2311/3595/2298 2309/3593/2296 2312/3596/2299
f 2311/3595/2298 2312/3596/2299 2313/3597/2300
f 2311/3595/2298 2313/3597/2300 2314/3598/2301
f 2311/3595/2298 2314/3598/2301 2044/3191/2029
f 2311/3595/2298 2044/3191/2029 2042/3189/2027
f 2311/3595/2298 2042/3189/2027 2041/3188/2026
f 2314/3598/2301 2313/3597/2300 2315/3599/2302
f 2314/3598/2301 2315/3599/2302 2316/3600/2303
f 2314/3598/2301 2316/3600/2303 2317/3601/2304
f 2314/3598/2301 2317/3601/2304 2047/3194/2032
f 2314/3598/2301 2047/3194/2032 2045/3192/2030
f 2314/3598/2301 2045/3192/2030 2044/3191/2029
f 2317/3601/2304 2316/3600/2303 2318/3602/2305
f 2317/3601/2304 2318/3602/2305 2319/3603/2306
f 2317/3601/2304 2319/3603/2306 2320/3604/2307
f 2317/3601/2304 2320/3604/2307 2050/3197/2035
f 2317/3601/2304 2050/3197/2035 2048/3195/2033
f 2317/3601/2304 2048/3195/2033 2047/3194/2032
f 2320/3604/2307 2319/3603/2306 2321/3605/2308
f 2320/3604/2307 2321/3605/2308 2322/3606/2309
f 2320/3604/2307 2322/3606/2309 2323/3607/2310
f 2320/3604/2307 2323/3607/2310 2053/3200/2038
f 2320/3604/2307 2053/3200/2038 2051/3198/2036
f 2320/3604/2307 2051/3198/2036 2050/3197/2035
f 2323/3607/2310 2322/3606/2309 2324/3608/2311
f 2323/3607/2310 2324/3608/2311 2325/3609/2312
f 2323/3610/2310 2325/3611/2312 2326/3612/2313
f 2323/3610/2310 2326/3612/2313 2056/3206/2041
f 2323/3607/2310 2056/3613/2041 2054/3201/2039
f 2323/3607/2310 2054/3201/2039 2053/3200/2038
f 2326/3612/2313 2325/3611/2312 2327/3614/2314
f 2326/3612/2313 2327/3614/2314 2328/3615/2315
f 2326/3612/2313 2328/3615/2315 2329/3616/2316
f 2326/3612/2313 2329/3616/2316 2330/3617/2317
f 2326/3612/2313 2330/3617/2317 2057/3207/2042
f 2326/3612/2313 2057/3207/2042 2056/3206/2041
f 2330/3617/2317 2329/3616/2316 2331/3618/2318
f 2330/3617/2317 2331/3618/2318 2332/3619/2319
f 2330/3617/2317 2332/3619/2319 2058/3208/2043
f 2330/3617/2317 2058/3208/2043 2057/3207/2042
f 2332/3619/2319 2331/3618/2318 2333/3620/2320
f 2332/3619/2319 2333/3620/2320 2334/3621/2321
f 2332/3619/2319 2334/3621/2321 2060/3210/2045
f 2332/3619/2319 2060/3210/2045 2058/3208/2043
f 2334/3621/2321 2333/3620/2320 2335/3622/2322
f 2334/3621/2321 2335/3622/2322 2336/3623/2323
f 2334/3621/2321 2336/3623/2323 2062/3212/2047
f 2334/3621/2321 2062/3212/2047 2060/3210/2045
f 2336/3623/2323 2335/3622/2322 2337/3624/2324
f 2336/3623/2323 2337/3624/2324 2338/3625/2325
f 2336/3623/2323 2338/3625/2325 2064/3214/2049
f 2336/3623/2323 2064/3214/2049 2062/3212/2047
f 2338/3625/2325 2337/3624/2324 2339/3626/2326
f 2338/3625/2325 2339/3626/2326 2066/3627/2051
f 2338/3625/2325 2066/3216/2051 2064/3214/2049
f 2066/3627/2051 2339/3626/2326 2340/3628/2327
f 2066/3627/2051 2340/3628/2327 2067/3629/2052
f 2067/3629/2052 2340/3628/2327 2341/3630/2328
f 2067/3629/2052 2341/3630/2328 2068/3631/2053
f 2068/3631/2053 2341/3630/2328 2342/3632/2329
f 2068/3631/2053 2342/3632/2329 2069/3633/2054
f 2069/3633/2054 2342/3632/2329 2343/3634/2330
f 2069/3633/2054 2343/3634/2330 2070/3635/2055
f 2070/3635/2055 2343/3634/2330 2071/3636/2056
f 2072/3637/2057 2344/3638/2331 2073/3639/2058
f 2073/3639/2058 2344/3640/2331 2074/3641/2059
f 2074/3641/2059 2344/3640/2331 2345/3642/2332
f 2074/3641/2059 2345/3642/2332 2075/3643/2060
f 2075/3643/2060 2345/3644/2332 2346/3645/2333
f 2346/3645/2333 2345/3644/2332 2347/3646/2334
f 2346/3645/2333 2347/3647/2334 2077/3648/2062
f 2346/3645/2333 2077/3648/2062 2075/3236/2060
f 2077/3648/2062 2076/3237/2061 2075/3236/2060
f 2077/3648/2062 2347/3647/2334 2348/3649/2335
f 2077/3648/2062 2348/3650/2335 2078/3651/2063
f 2078/3651/2063 2348/3650/2335 2349/3652/2336
f 2078/3651/2063 2349/3653/2336 2079/3654/2064
f 2079/3654/2064 2349/3653/2336 2350/3655/2337
f 2079/3654/2064 2350/3656/2337 2080/3657/2065
f 2080/3657/2065 2350/3656/2337 2351/3658/2338
f 2080/3657/2065 2351/3659/2338 2352/3660/2339
f 2352/3660/2339 2082/3251/2067 2080/3249/2065
f 2352/3660/2339 2351/3659/2338 2353/3661/2340
f 2352/3660/2339 2353/3661/2340 2354/3662/2341
f 2352/3660/2339 2354/3662/2341 2355/3663/2342
f 2352/3660/2339 2355/3663/2342 2082/3251/2067
f 2355/3663/2342 2085/3254/2070 2083/3252/2068
f 2355/3663/2342 2083/3252/2068 2082/3251/2067
f 2355/3663/2342 2354/3664/2341 2356/3665/2343
f 2355/3663/2342 2356/3665/2343 2357/3666/2344
f 2355/3663/2342 2357/3666/2344 2085/3254/2070
f 2357/3666/2344 2088/3257/2073 2086/3255/2071
f 2357/3666/2344 2086/3255/2071 2085/3254/2070
f 2357/3666/2344 2356/3665/2343 2358/3667/2345
f 2357/3666/2344 2358/3667/2345 2359/3668/2346
f 2357/3666/2344 2359/3668/2346 2360/3669/2347
f 2357/3666/2344 2360/3669/2347 2088/3257/2073
f 2360/3669/2347 2091/3260/2076 2089/3258/2074
f 2360/3669/2347 2089/3258/2074 2088/3257/2073
f 2360/3669/2347 2359/3670/2346 2361/3671/2348
f 2360/3669/2347 2361/3671/2348 2362/3672/2349
f 2360/3669/2347 2362/3672/2349 2091/3260/2076
f 2362/3672/2349 2094/3263/2079 2092/3261/2077
f 2362/3672/2349 2092/3261/2077 2091/3260/2076
f 2362/3672/2349 2361/3673/2348 2363/3674/2350
f 2362/3672/2349 2363/3674/2350 2364/3675/2351
f 2362/3672/2349 2364/3675/2351 2094/3263/2079
f 2364/3675/2351 2097/3266/2082 2095/3264/2080
f 2364/3675/2351 2095/3264/2080 2094/3263/2079
f 2364/3675/2351 2363/3674/2350 2365/3676/2352
f 2364/3675/2351 2365/3676/2352 2366/3677/2353
f 2364/3675/2351 2366/3677/2353 2367/3678/2354
f 2364/3675/2351 2367/3678/2354 2097/3266/2082
f 2367/3678/2354 2100/3269/2085 2098/3267/2083
f 2367/3678/2354 2098/3267/2083 2097/3266/2082
f 2367/3678/2354 2366/3677/2353 2368/3679/2355
f 2367/3678/2354 2368/3679/2355 2369/3680/2356
f 2367/3678/2354 2369/3680/2356 2370/3681/2357
f 2367/3678/2354 2370/3681/2357 2100/3269/2085
f 2370/3681/2357 2103/3272/2088 2101/3270/2086
f 2370/3681/2357 2101/3270/2086 2100/3269/2085
f 2370/3681/2357 2369/3680/2356 2371/3682/2358
f 2370/3681/2357 2371/3682/2358 2372/3683/2359
f 2370/3681/2357 2372/3683/2359 2373/3684/2360
f 2370/3681/2357 2373/3684/2360 2103/3272/2088
f 2373/3684/2360 2106/3275/2091 2104/3273/2089
f 2373/3684/2360 2104/3273/2089 2103/3272/2088
f 2373/3684/2360 2372/3683/2359 2374/3685/2361
f 2373/3684/2360 2374/3685/2361 2375/3686/2362
f 2373/3684/2360 2375/3686/2362 2376/3687/2363
f 2373/3684/2360 2376/3687/2363 2106/3275/2091
f 2376/3687/2363 2107/3276/2092 2106/3275/2091
f 2376/3687/2363 2375/3686/2362 2377/3688/2364
f 2376/3687/2363 2377/3688/2364 2378/3689/2365
f 2376/3687/2363 2378/3689/2365 2379/3690/2366
f 2376/3687/2363 2379/3690/2366 2107/3278/2092
f 2379/3690/2366 2111/3282/2096 2109/3279/2094
f 2379/3690/2366 2109/3279/2094 2107/3278/2092
f 2379/3690/2366 2378/3689/2365 2380/3691/2367
f 2379/3690/2366 2380/3691/2367 2381/3692/2368
f 2379/3690/2366 2381/3692/2368 2382/3693/2369
f 2379/3690/2366 2382/3693/2369 2111/3282/2096
f 2382/3693/2369 2114/3286/2099 2112/3283/2097
f 2382/3693/2369 2112/3283/2097 2111/3282/2096
f 2382/3693/2369 2381/3692/2368 2383/3694/2370
f 2382/3693/2369 2383/3694/2370 27/3695/2371
f 2382/3693/2369 27/3695/2371 2384/3696/2372
f 2382/3693/2369 2384/3696/2372 2114/3286/2099
f 2384/3696/2372 2117/3291/2102 2115/3287/2100
f 2384/3696/2372 2115/3287/2100 2114/3286/2099
f 2384/3696/2372 27/3697/2371 26/3698/2373
f 2384/3696/2372 26/3699/2373 2117/3291/2102
f 27/3700/2371 2383/3694/2370 2385/3701/2374
f 27/3700/2371 2385/3701/2374 2386/3702/2375
f 27/3703/2371 2386/3704/2375 2387/3705/2376
f 27/3703/2371 2387/3705/2376 2388/3706/2377
f 27/3700/2371 2388/3707/2377 26/3708/2373
f 2388/3707/2377 28/3709/2378 26/3708/2373
f 2388/3707/2377 2387/3710/2376 2389/3711/2379
f 2388/3707/2377 2389/3711/2379 28/3712/2378
f 2389/3711/2379 2390/3713/2380 2391/3714/2381
f 2389/3711/2379 2391/3714/2381 28/3712/2378
f 2389/3715/2379 2387/3705/2376 2392/3716/2382
f 2389/3715/2379 2392/3716/2382 2393/3717/2383
f 2389/3715/2379 2393/3717/2383 2394/3718/2384
f 2389/3715/2379 2394/3718/2384 2390/3719/2380
f 2394/3720/2384 2395/3721/2385 2396/3722/2386
f 2394/3720/2384 2396/3722/2386 2390/3713/2380
f 2394/3720/2384 2393/3723/2383 2397/3724/2387
f 2394/3720/2384 2397/3724/2387 2398/3725/2388
f 2394/3726/2384 2398/3727/2388 2399/3728/2389
f 2394/3726/2384 2399/3728/2389 2395/3729/2385
f 2399/3728/2389 2400/3730/2390 2401/3731/2391
f 2399/3728/2389 2401/3731/2391 2395/3729/2385
f 2399/3728/2389 2398/3727/2388 2402/3732/2392
f 2399/3728/2389 2402/3732/2392 2403/3733/2393
f 2399/3728/2389 2403/3733/2393 2404/3734/2394
f 2399/3728/2389 2404/3734/2394 2400/3730/2390
f 2404/3734/2394 2405/3735/2395 2406/3736/2396
f 2404/3734/2394 2406/3736/2396 2400/3730/2390
f 2404/3734/2394 2403/3733/2393 2407/3737/2397
f 2404/3734/2394 2407/3737/2397 2408/3738/2398
f 2404/3734/2394 2408/3738/2398 2409/3739/2399
f 2404/3734/2394 2409/3739/2399 2405/3735/2395
f 2409/3739/2399 2410/3740/2400 2411/3741/2401
f 2409/3739/2399 2411/3741/2401 2405/3735/2395
f 2409/3739/2399 2408/3738/2398 2412/3742/2402
f 2409/3739/2399 2412/3742/2402 2413/3743/2403
f 2409/3739/2399 2413/3743/2403 2414/3744/2404
f 2409/3739/2399 2414/3744/2404 2410/3740/2400
f 2414/3744/2404 2415/3745/2405 2416/3746/2406
f 2414/3744/2404 2416/3746/2406 2410/3740/2400
f 2414/3744/2404 2413/3743/2403 2417/3747/2407
f 2414/3744/2404 2417/3747/2407 2418/3748/2408
f 2414/3744/2404 2418/3748/2408 2415/3749/2405
f 2415/3749/2405 2419/3750/2409 2420/3751/2410
f 2415/3749/2405 2418/3748/2408 2421/3752/2411
f 2415/3749/2405 2421/3752/2411 2422/3753/2412
f 2415/3749/2405 2422/3753/2412 2423/3754/2413
f 2415/3749/2405 2423/3754/2413 2419/3750/2409
f 2423/3754/2413 2424/3755/2414 2425/3756/2415
f 2423/3754/2413 2425/3756/2415 2419/3750/2409
f 2423/3754/2413 2422/3753/2412 2426/3757/2416
f 2423/3754/2413 2426/3757/2416 2427/3758/2417
f 2423/3754/2413 2427/3758/2417 2428/3759/2418
f 2423/3754/2413 2428/3759/2418 2424/3755/2414
f 2428/3759/2418 2429/3760/2419 2424/3755/2414
f 2428/3759/2418 2427/3758/2417 2430/3761/2420
f 2428/3759/2418 2430/3761/2420 2431/3762/2421
f 2428/3759/2418 2431/3762/2421 2429/3763/2419
f 2429/3763/2419 2431/3762/2421 2433/3764/2422
f 2429/3763/2419 2433/3764/2422 2434/3765/2423
f 2429/3763/2419 2434/3765/2423 2435/3766/2424
f 2429/3763/2419 2435/3766/2424 2432/3767/2425
f 2435/3766/2424 2436/3768/2426 2437/3769/2427
f 2435/3766/2424 2437/3769/2427 2432/3767/2425
f 2435/3766/2424 2434/3765/2423 2438/3770/2428
f 2435/3766/2424 2438/3770/2428 2439/3771/2429
f 2435/3766/2424 2439/3771/2429 2440/3772/2430
f 2435/3766/2424 2440/3772/2430 2436/3768/2426
f 2440/3772/2430 2441/3773/2431 2442/3774/2432
f 2440/3772/2430 2442/3774/2432 2436/3768/2426
f 2440/3772/2430 2439/3771/2429 2443/3775/2433
f 2440/3772/2430 2443/3775/2433 2444/3776/2434
f 2440/3772/2430 2444/3776/2434 2445/3777/2435
f 2440/3772/2430 2445/3777/2435 2441/3773/2431
f 2445/3777/2435 2446/3778/2436 2447/3779/2437
f 2445/3777/2435 2447/3779/2437 2441/3773/2431
f 2445/3777/2435 2444/3776/2434 2448/3780/2438
f 2445/3777/2435 2448/3780/2438 2449/3781/2439
f 2445/3777/2435 2449/3781/2439 2450/3782/2440
f 2445/3777/2435 2450/3782/2440 2446/3778/2436
f 2450/3782/2440 2162/3346/2147 2160/3344/2145
f 2450/3782/2440 2160/3344/2145 2446/3778/2436
f 2450/3783/2440 2449/3784/2439 2451/3785/2441
f 2450/3783/2440 2451/3785/2441 2452/3786/2442
f 2450/3783/2440 2452/3786/2442 2453/3787/2443
f 2450/3783/2440 2453/3787/2443 2162/3788/2147
f 2453/3787/2443 2165/3352/2150 2163/3351/2148
f 2453/3787/2443 2163/3351/2148 2162/3788/2147
f 2453/3787/2443 2452/3786/2442 2454/3789/2444
f 2453/3787/2443 2454/3789/2444 2455/3790/2445
f 2453/3787/2443 2455/3790/2445 2456/3791/2446
f 2453/3787/2443 2456/3791/2446 2165/3352/2150
f 2456/3791/2446 2168/3355/2153 2166/3353/2151
f 2456/3791/2446 2166/3353/2151 2165/3352/2150
f 2456/3791/2446 2455/3790/2445 2457/3792/2447
f 2456/3791/2446 2457/3792/2447 2458/3793/2448
f 2456/3791/2446 2458/3793/2448 2459/3794/2449
f 2456/3791/2446 2459/3794/2449 2168/3355/2153
f 2459/3794/2449 2171/3358/2156 2169/3356/2154
f 2459/3794/2449 2169/3356/2154 2168/3355/2153
f 2459/3795/2449 2458/3796/2448 2460/3797/2450
f 2459/3795/2449 2460/3797/2450 2461/3798/2451
f 2459/3795/2449 2461/3798/2451 2462/3799/2452
f 2459/3795/2449 2462/3799/2452 2171/3800/2156
f 2462/3799/2452 2174/3363/2159 2172/3362/2157
f 2462/3799/2452 2172/3362/2157 2171/3800/2156
f 2462/3799/2452 2461/3798/2451 2463/3801/2453
f 2462/3799/2452 2463/3801/2453 2464/3802/2454
f 2462/3799/2452 2464/3802/2454 2465/3803/2455
f 2462/3799/2452 2465/3803/2455 2174/3363/2159
f 2465/3803/2455 2177/3369/2162 2175/3364/2160
f 2465/3803/2455 2175/3364/2160 2174/3363/2159
f 2465/3803/2455 2464/3802/2454 2466/3804/2456
f 2465/3803/2455 2466/3804/2456 2467/3805/2457
f 2465/3803/2455 2467/3805/2457 2468/3806/2458
f 2465/3803/2455 2468/3806/2458 2177/3369/2162
f 2468/3806/2458 2180/3373/2165 2178/3370/2163
f 2468/3806/2458 2178/3370/2163 2177/3369/2162
f 2468/3806/2458 2467/3805/2457 2469/3807/2459
f 2468/3806/2458 2469/3807/2459 2470/3808/2460
f 2468/3806/2458 2470/3808/2460 2471/3809/2461
f 2468/3806/2458 2471/3809/2461 2180/3373/2165
f 2471/3809/2461 2183/3810/2168 2181/3374/2166
f 2471/3809/2461 2181/3374/2166 2180/3373/2165
f 2471/3809/2461 2470/3808/2460 2472/3811/2462
f 2471/3809/2461 2472/3811/2462 2473/3812/2463
f 2471/3809/2461 2473/3812/2463 2474/3813/2464
f 2471/3809/2461 2474/3813/2464 2183/3810/2168
f 2474/3814/2464 2186/3382/2171 2184/3380/2169
f 2474/3814/2464 2184/3380/2169 2183/3379/2168
f 2474/3815/2464 2473/3816/2463 2475/3817/2465
f 2474/3815/2464 2475/3817/2465 2476/3818/2466
f 2474/3815/2464 2476/3818/2466 2186/3819/2171
f 2476/3820/2466 2189/3385/2174 2187/3383/2172
f 2476/3820/2466 2187/3383/2172 2186/3382/2171
f 2476/3821/2466 2475/3822/2465 2477/3823/2467
f 2476/3821/2466 2477/3823/2467 2478/3824/2468
f 2476/3820/2466 2478/3825/2468 2191/3387/2176
f 2476/3820/2466 2191/3387/2176 2189/3385/2174
f 2478/3826/2468 2477/3827/2467 2479/3828/2469
f 2478/3826/2468 2479/3828/2469 2480/3829/2470
f 2478/3826/2468 2480/3829/2470 2193/3392/2178
f 2478/3826/2468 2193/3392/2178 2191/3830/2176
f 2480/3829/2470 2479/3828/2469 2481/3831/2471
f 2480/3829/2470 2481/3831/2471 2482/3832/2472
f 2480/3829/2470 2482/3832/2472 2195/3393/2180
f 2480/3829/2470 2195/3393/2180 2193/3392/2178
f 2482/3832/2472 2481/3831/2471 2483/3833/2473
f 2482/3832/2472 2483/3833/2473 2484/3834/2474
f 2482/3832/2472 2484/3834/2474 2197/3395/2182
f 2482/3832/2472 2197/3395/2182 2195/3393/2180
f 2484/3834/2474 2483/3833/2473 2485/3835/2475
f 2484/3834/2474 2485/3835/2475 2486/3836/2476
f 2484/3834/2474 2486/3836/2476 2487/3837/2477
f 2484/3834/2474 2487/3837/2477 2197/3395/2182
f 2487/3837/2477 2200/3398/2185 2198/3396/2183
f 2487/3837/2477 2198/3396/2183 2197/3395/2182
f 2487/3837/2477 2486/3836/2476 2488/3838/2478
f 2200/3839/2185 2487/3840/2477 2489/3841/2479
f 2200/3839/2185 2489/3841/2479 2490/3842/2480
f 2200/3839/2185 2490/3842/2480 2491/3843/2481
f 2200/3839/2185 2491/3843/2481 2201/3401/2186
f 2491/3843/2481 2202/3402/2187 2201/3401/2186
f 2491/3843/2481 2490/3842/2480 2492/3844/2482
f 2491/3843/2481 2492/3844/2482 2493/3845/2483
f 2491/3843/2481 2493/3845/2483 2204/3409/2189
f 2491/3843/2481 2204/3409/2189 2202/3408/2187
f 2493/3845/2483 2492/3844/2482 2494/3846/2484
f 2493/3845/2483 2494/3846/2484 2495/3847/2485
f 2493/3845/2483 2495/3847/2485 2204/3412/2189
f 2495/3847/2485 2494/3846/2484 2496/3848/2486
f 2495/3847/2485 2496/3848/2486 2497/3849/2487
f 2495/3847/2485 2497/3849/2487 2206/3413/2191
f 2495/3847/2485 2206/3413/2191 2204/3412/2189
f 2497/3849/2487 2496/3848/2486 2498/3850/2488
f 2497/3849/2487 2498/3850/2488 2499/3851/2489
f 2497/3849/2487 2499/3851/2489 2208/3415/2193
f 2497/3849/2487 2208/3415/2193 2206/3413/2191
f 2499/3851/2489 2498/3850/2488 2500/3852/2490
f 2499/3851/2489 2500/3852/2490 2501/3853/2491
f 2499/3851/2489 2501/3853/2491 2209/3417/2194
f 2499/3851/2489 2209/3417/2194 2208/3415/2193
f 2501/3853/2491 2500/3852/2490 2502/3854/2492
f 2501/3853/2491 2502/3854/2492 2503/3855/2493
f 2501/3853/2491 2503/3855/2493 2504/3856/2494
f 2501/3853/2491 2504/3856/2494 2209/3417/2194
f 2504/3856/2494 2212/3423/2197 2210/3418/2195
f 2504/3856/2494 2210/3418/2195 2209/3417/2194
f 2504/3856/2494 2503/3855/2493 2505/3857/2495
f 2504/3856/2494 2505/3857/2495 2506/3858/2496
f 2504/3856/2494 2506/3858/2496 2507/3859/2497
f 2504/3856/2494 2507/3859/2497 2212/3423/2197
f 2507/3859/2497 2215/3428/2200 2213/3424/2198
f 2507/3859/2497 2213/3424/2198 2212/3423/2197
f 2507/3859/2497 2506/3858/2496 2508/3860/2498
f 2507/3859/2497 2508/3860/2498 2509/3861/2499
f 2507/3859/2497 2509/3861/2499 2510/3862/2500
f 2507/3859/2497 2510/3862/2500 2215/3428/2200
f 2510/3862/2500 2218/3431/2203 2216/3429/2201
f 2510/3862/2500 2216/3429/2201 2215/3428/2200
f 2510/3862/2500 2509/3861/2499 2511/3863/2501
f 2510/3862/2500 2511/3863/2501 2512/3864/2502
f 2510/3862/2500 2512/3864/2502 2220/3865/2205
f 2510/3862/2500 2220/3865/2205 2218/3431/2203
f 2220/3865/2205 2219/3432/2204 2218/3431/2203
f 2220/3865/2205 2512/3864/2502 2513/3866/2503
f 2220/3865/2205 2513/3867/2503 2222/3868/2207
f 2222/3868/2207 2513/3867/2503 50/3869/26
f 2222/3868/2207 50/3869/26 2514/3870/2504
f 2514/3871/2504 2515/3872/2505 2516/3873/2506
f 2514/3871/2504 2516/3873/2506 2517/3874/2507
f 2514/3871/2504 2517/3874/2507 2222/3438/2207
f 2517/3874/2507 2223/3439/2208 2222/3438/2207
f 2517/3875/2507 2516/3876/2506 2518/3877/2508
f 2517/3875/2507 2518/3877/2508 2519/3878/2509
f 2517/3875/2507 2519/3878/2509 2223/3441/2208
f 2519/3878/2509 2225/3445/2210 2223/3441/2208
f 2519/3879/2509 2518/3880/2508 2520/3881/2510
f 2519/3879/2509 2520/3881/2510 2521/3882/2511
f 2519/3879/2509 2521/3882/2511 2226/3447/2211
f 2519/3879/2509 2226/3447/2211 2225/3445/2210
f 2521/3882/2511 2520/3881/2510 2522/3883/2512
f 2521/3882/2511 2522/3883/2512 2523/3884/2513
f 2521/3882/2511 2523/3884/2513 2228/3449/2213
f 2521/3882/2511 2228/3449/2213 2226/3447/2211
f 2523/3884/2513 2522/3883/2512 2524/3885/2514
f 2523/3884/2513 2524/3885/2514 2525/3886/2515
f 2523/3884/2513 2525/3886/2515 2526/3887/2516
f 2523/3884/2513 2526/3887/2516 2228/3449/2213
f 2526/3887/2516 2231/3454/2216 2229/3450/2214
f 2526/3887/2516 2229/3450/2214 2228/3449/2213
f 2526/3887/2516 2525/3886/2515 2527/3888/2517
f 2526/3887/2516 2527/3888/2517 2528/3889/2518
f 2526/3887/2516 2528/3889/2518 2233/3456/2218
f 2526/3887/2516 2233/3456/2218 2231/3454/2216
f 2528/3889/2518 2527/3888/2517 2529/3890/2519
f 2528/3889/2518 2529/3890/2519 2530/3891/2520
f 2528/3889/2518 2530/3891/2520 2235/3458/2220
f 2528/3889/2518 2235/3458/2220 2233/3456/2218
f 2530/3891/2520 2529/3890/2519 2531/3892/2521
f 2530/3891/2520 2531/3892/2521 2532/3893/2522
f 2530/3891/2520 2532/3893/2522 2533/3894/2523
f 2530/3891/2520 2533/3894/2523 2235/3458/2220
f 2533/3894/2523 2236/3461/2221 2234/3460/2219
f 2533/3894/2523 2234/3460/2219 2235/3458/2220
f 2533/3894/2523 2532/3893/2522 2534/3895/2524
f 2533/3894/2523 2534/3895/2524 2535/3896/2525
f 2533/3894/2523 2535/3896/2525 2236/3897/2221
f 2236/3897/2221 2535/3896/2525 2536/3898/2526
f 2236/3897/2221 2536/3898/2526 2537/3899/2527
f 2236/3897/2221 2537/3899/2527 2538/3900/2528
f 2236/3897/2221 2538/3900/2528 2237/3464/2222
f 2538/3900/2528 2238/3465/2223 2237/3464/2222
f 2538/3900/2528 2537/3899/2527 2539/3901/2529
f 2538/3900/2528 2539/3901/2529 2540/3902/2530
f 2538/3900/2528 2540/3902/2530 2240/3470/2225
f 2538/3900/2528 2240/3470/2225 2238/3469/2223
f 2540/3903/2530 2539/3904/2529 2541/3905/2531
f 2540/3903/2530 2541/3905/2531 2542/3906/2532
f 2540/3903/2530 2542/3906/2532 2240/3483/2225
f 2542/3906/2532 2541/3905/2531 2543/3907/2533
f 2542/3906/2532 2543/3907/2533 2544/3908/2534
f 2542/3906/2532 2544/3908/2534 2243/3484/2229
f 2542/3906/2532 2243/3484/2229 2240/3483/2225
f 2544/3908/2534 2543/3907/2533 2545/3909/2535
f 2544/3908/2534 2545/3909/2535 2546/3910/2536
f 2544/3908/2534 2546/3910/2536 2244/3490/2230
f 2544/3908/2534 2244/3490/2230 2243/3484/2229
f 2546/3910/2536 2545/3909/2535 2547/3911/2537
f 2546/3910/2536 2547/3911/2537 2548/3912/2538
f 2546/3910/2536 2548/3912/2538 2246/3491/2232
f 2546/3910/2536 2246/3491/2232 2244/3490/2230
f 2548/3913/2538 2547/3914/2537 2549/3915/2539
f 2548/3913/2538 2549/3915/2539 2550/3916/2540
f 2548/3913/2538 2550/3916/2540 2551/3917/2541
f 2548/3913/2538 2551/3917/2541 2246/3918/2232
f 2551/3919/2541 2249/3499/2236 2247/3498/2233
f 2551/3919/2541 2247/3498/2233 2246/3920/2232
f 2249/3921/2236 2551/3922/2541 2552/3923/2542
f 2249/3921/2236 2552/3923/2542 2553/3924/2543
f 2249/3925/2236 2553/3926/2543 2252/3505/2239
f 2249/3925/2236 2252/3505/2239 2250/3503/2237
f 2553/3927/2543 2552/3928/2542 2554/3929/2544
f 2553/3927/2543 2554/3929/2544 2555/3930/2545
f 2553/3927/2543 2555/3930/2545 2254/3509/2241
f 2553/3927/2543 2254/3509/2241 2252/3507/2239
f 2555/3931/2545 2554/3932/2544 2556/3933/2546
f 2555/3931/2545 2556/3933/2546 2557/3934/2547
f 2555/3931/2545 2557/3934/2547 2256/3515/2243
f 2555/3931/2545 2256/3515/2243 2254/3511/2241
f 2557/3934/2547 2556/3933/2546 2558/3935/2548
f 2557/3936/2547 2558/3935/2548 2559/3937/2549
f 2557/3936/2547 2559/3937/2549 2560/3938/2550
f 2557/3936/2547 2560/3938/2550 2258/3518/2245
f 2557/3936/2547 2258/3518/2245 2256/3516/2243
f 2560/3938/2550 2559/3937/2549 2561/3939/2551
f 2560/3938/2550 2561/3939/2551 2562/3940/2552
f 2560/3938/2550 2562/3940/2552 2258/3520/2245
f 2562/3940/2552 2561/3939/2551 2563/3941/2553
f 2562/3940/2552 2260/3522/2247 2258/3520/2245
f 2562/3942/2552 2563/3941/2553 2265/3943/2252
f 2562/3942/2552 2265/3943/2252 2264/3944/2251
f 2562/3942/2552 2264/3944/2251 2260/3524/2247
f 2264/3944/2251 2262/3526/2249 2260/3524/2247
f 2265/3943/2252 2563/3941/2553 2564/3945/2554
f 2265/3943/2252 2564/3945/2554 2266/3946/2253
f 2564/3945/2554 2563/3941/2553 2561/3939/2551
f 2564/3945/2554 2561/3939/2551 2565/3947/2555
f 2564/3945/2554 2565/3947/2555 2566/3948/2556
f 2564/3945/2554 2566/3948/2556 2269/3949/2256
f 2564/3945/2554 2269/3949/2256 2267/3950/2254
f 2564/3945/2554 2267/3950/2254 2266/3946/2253
f 2566/3948/2556 2565/3947/2555 2567/3951/2557
f 2566/3948/2556 2567/3951/2557 2568/3952/2558
f 2566/3948/2556 2568/3952/2558 2569/3953/2559
f 2566/3948/2556 2569/3953/2559 2272/3552/2259
f 2566/3948/2556 2272/3552/2259 2270/3551/2257
f 2566/3948/2556 2270/3551/2257 2269/3949/2256
f 2569/3953/2559 2568/3952/2558 2570/3954/2560
f 2569/3953/2559 2570/3954/2560 2571/3955/2561
f 2569/3956/2559 2571/3957/2561 2572/3958/2562
f 2569/3956/2559 2572/3958/2562 2275/3959/2262
f 2569/3953/2559 2275/3556/2262 2273/3553/2260
f 2569/3953/2559 2273/3553/2260 2272/3552/2259
f 2572/3958/2562 2571/3957/2561 2573/3960/2563
f 2572/3958/2562 2573/3960/2563 2574/3961/2564
f 2572/3958/2562 2574/3961/2564 2280/3564/2267
f 2572/3958/2562 2280/3564/2267 2278/3561/2265
f 2572/3958/2562 2278/3561/2265 2276/3560/2263
f 2572/3958/2562 2276/3560/2263 2275/3959/2262
f 2574/3961/2564 2573/3960/2563 2575/3962/2565
f 2574/3961/2564 2575/3962/2565 2576/3963/2566
f 2574/3961/2564 2576/3963/2566 2577/3964/2567
f 2574/3961/2564 2577/3964/2567 2280/3564/2267
f 2577/3964/2567 2576/3963/2566 2578/3965/2568
f 2577/3964/2567 2578/3965/2568 2579/3966/2569
f 2577/3964/2567 2579/3966/2569 2580/3967/2570
f 2577/3964/2567 2580/3967/2570 2283/3567/2270
f 2577/3964/2567 2283/3567/2270 2281/3565/2268
f 2577/3964/2567 2281/3565/2268 2280/3564/2267
f 2580/3967/2570 2579/3966/2569 2581/3968/2571
f 2580/3967/2570 2581/3968/2571 2582/3969/2572
f 2580/3967/2570 2582/3969/2572 2583/3970/2573
f 2580/3967/2570 2583/3970/2573 2286/3570/2273
f 2580/3967/2570 2286/3570/2273 2284/3568/2271
f 2580/3967/2570 2284/3568/2271 2283/3567/2270
f 2583/3970/2573 2582/3969/2572 2584/3971/2574
f 2583/3970/2573 2584/3971/2574 2585/3972/2575
f 2583/3970/2573 2585/3972/2575 2586/3973/2576
f 2583/3970/2573 2586/3973/2576 2289/3573/2276
f 2583/3970/2573 2289/3573/2276 2287/3571/2274
f 2583/3970/2573 2287/3571/2274 2286/3570/2273
f 2586/3973/2576 2585/3972/2575 2587/3974/2577
f 2586/3973/2576 2587/3974/2577 2588/3975/2578
f 2586/3973/2576 2588/3975/2578 2589/3976/2579
f 2586/3973/2576 2589/3976/2579 2292/3576/2279
f 2586/3973/2576 2292/3576/2279 2290/3574/2277
f 2586/3973/2576 2290/3574/2277 2289/3573/2276
f 2589/3976/2579 2588/3975/2578 2590/3977/2580
f 2589/3976/2579 2590/3977/2580 2591/3978/2581
f 2589/3976/2579 2591/3978/2581 2592/3979/2582
f 2589/3976/2579 2592/3979/2582 2295/3579/2282
f 2589/3976/2579 2295/3579/2282 2293/3577/2280
f 2589/3976/2579 2293/3577/2280 2292/3576/2279
f 2592/3979/2582 2591/3978/2581 2593/3980/2583
f 2592/3979/2582 2593/3980/2583 2594/3981/2584
f 2592/3979/2582 2594/3981/2584 2595/3982/2585
f 2592/3979/2582 2595/3982/2585 2298/3582/2285
f 2592/3979/2582 2298/3582/2285 2296/3580/2283
f 2592/3979/2582 2296/3580/2283 2295/3579/2282
f 2595/3982/2585 2594/3981/2584 2596/3983/2586
f 2595/3982/2585 2596/3983/2586 2597/3984/2587
f 2595/3982/2585 2597/3984/2587 2598/3985/2588
f 2595/3982/2585 2598/3985/2588 2301/3585/2288
f 2595/3982/2585 2301/3585/2288 2299/3583/2286
f 2595/3982/2585 2299/3583/2286 2298/3582/2285
f 2598/3985/2588 2597/3984/2587 2599/3986/2589
f 2598/3985/2588 2599/3986/2589 2600/3987/2590
f 2598/3985/2588 2600/3987/2590 2601/3988/2591
f 2598/3985/2588 2601/3988/2591 2602/3989/2592
f 2598/3985/2588 2602/3989/2592 2302/3586/2289
f 2598/3985/2588 2302/3586/2289 2301/3585/2288
f 2602/3989/2592 2601/3988/2591 2603/3990/2593
f 2602/3989/2592 2603/3990/2593 2604/3991/2594
f 2602/3989/2592 2604/3991/2594 2303/3587/2290
f 2602/3989/2592 2303/3587/2290 2302/3586/2289
f 2604/3991/2594 2603/3990/2593 2605/3992/2595
f 2604/3991/2594 2605/3992/2595 2606/3993/2596
f 2604/3991/2594 2606/3993/2596 2305/3589/2292
f 2604/3991/2594 2305/3589/2292 2303/3587/2290
f 2606/3993/2596 2605/3992/2595 2607/3994/2597
f 2606/3993/2596 2607/3994/2597 2608/3995/2598
f 2606/3993/2596 2608/3995/2598 2307/3591/2294
f 2606/3993/2596 2307/3591/2294 2305/3589/2292
f 2608/3995/2598 2607/3994/2597 2609/3996/2599
f 2608/3995/2598 2609/3996/2599 2312/3596/2299
f 2608/3995/2598 2312/3596/2299 2309/3593/2296
f 2608/3995/2598 2309/3593/2296 2307/3591/2294
f 2609/3996/2599 2607/3994/2597 2610/3997/2600
f 2609/3996/2599 2610/3997/2600 2611/3998/2601
f 2609/3996/2599 2611/3998/2601 2612/3999/2602
f 2609/3996/2599 2612/3999/2602 2315/3599/2302
f 2609/3996/2599 2315/3599/2302 2313/3597/2300
f 2609/3996/2599 2313/3597/2300 2312/3596/2299
f 2612/3999/2602 2611/3998/2601 2613/4000/2603
f 2612/3999/2602 2613/4000/2603 2614/4001/2604
f 2612/3999/2602 2614/4001/2604 2615/4002/2605
f 2612/3999/2602 2615/4002/2605 2318/3602/2305
f 2612/3999/2602 2318/3602/2305 2316/3600/2303
f 2612/3999/2602 2316/3600/2303 2315/3599/2302
f 2615/4002/2605 2614/4001/2604 2616/4003/2606
f 2615/4002/2605 2616/4003/2606 2617/4004/2607
f 2615/4002/2605 2617/4004/2607 2618/4005/2608
f 2615/4002/2605 2618/4005/2608 2321/3605/2308
f 2615/4002/2605 2321/3605/2308 2319/3603/2306
f 2615/4002/2605 2319/3603/2306 2318/3602/2305
f 2618/4005/2608 2617/4004/2607 2619/4006/2609
f 2618/4005/2608 2619/4006/2609 2620/4007/2610
f 2618/4005/2608 2620/4007/2610 2621/4008/2611
f 2618/4005/2608 2621/4008/2611 2324/3608/2311
f 2618/4005/2608 2324/3608/2311 2322/3606/2309
f 2618/4005/2608 2322/3606/2309 2321/3605/2308
f 2621/4008/2611 2620/4007/2610 2622/4009/2612
f 2621/4008/2611 2622/4009/2612 2623/4010/2613
f 2621/4008/2611 2623/4010/2613 2624/4011/2614
f 2621/4008/2611 2624/4011/2614 2327/4012/2314
f 2621/4013/2611 2327/3614/2314 2325/3611/2312
f 2621/4013/2611 2325/3611/2312 2324/4014/2311
f 2624/4011/2614 2623/4010/2613 2625/4015/2615
f 2624/4011/2614 2625/4015/2615 2626/4016/2616
f 2624/4017/2614 2626/4018/2616 2627/4019/2617
f 2624/4017/2614 2627/4019/2617 2628/4020/2618
f 2624/4017/2614 2628/4020/2618 2328/3615/2315
f 2624/4017/2614 2328/3615/2315 2327/3614/2314
f 2628/4020/2618 2627/4019/2617 2629/4021/2619
f 2628/4020/2618 2629/4021/2619 2630/4022/2620
f 2628/4020/2618 2630/4022/2620 2329/3616/2316
f 2628/4020/2618 2329/3616/2316 2328/3615/2315
f 2630/4022/2620 2629/4021/2619 2631/4023/2621
f 2630/4022/2620 2631/4023/2621 2632/4024/2622
f 2630/4022/2620 2632/4024/2622 2331/3618/2318
f 2630/4022/2620 2331/3618/2318 2329/3616/2316
f 2632/4024/2622 2631/4023/2621 2633/4025/2623
f 2632/4024/2622 2633/4025/2623 2634/4026/2624
f 2632/4024/2622 2634/4026/2624 2333/3620/2320
f 2632/4024/2622 2333/3620/2320 2331/3618/2318
f 2634/4026/2624 2633/4025/2623 2635/4027/2625
f 2634/4026/2624 2635/4027/2625 2636/4028/2626
f 2634/4026/2624 2636/4028/2626 2335/3622/2322
f 2634/4026/2624 2335/3622/2322 2333/3620/2320
f 2636/4028/2626 2635/4027/2625 2637/4029/2627
f 2636/4028/2626 2637/4029/2627 2638/4030/2628
f 2636/4028/2626 2638/4030/2628 2337/3624/2324
f 2636/4028/2626 2337/3624/2324 2335/3622/2322
f 2638/4030/2628 2637/4029/2627 2639/4031/2629
f 2638/4030/2628 2639/4031/2629 2339/4032/2326
f 2638/4030/2628 2339/3626/2326 2337/3624/2324
f 2339/4032/2326 2639/4031/2629 2640/4033/2630
f 2339/4032/2326 2640/4033/2630 2340/4034/2327
f 2340/4034/2327 2640/4033/2630 2641/4035/2631
f 2340/4034/2327 2641/4035/2631 2341/4036/2328
f 2341/4036/2328 2641/4035/2631 2642/4037/2632
f 2341/4036/2328 2642/4037/2632 2342/4038/2329
f 2342/4038/2329 2642/4037/2632 2643/4039/2633
f 2342/4038/2329 2643/4039/2633 2343/4040/2330
f 2343/4040/2330 2643/4039/2633 2644/4041/2634
f 2343/4040/2330 2644/4042/2634 2071/3636/2056
f 2644/4042/2634 2645/4043/2635 2072/4044/2057
f 2644/4042/2634 2072/4044/2057 2071/3636/2056
f 2645/4043/2635 2646/4045/2636 2344/4046/2331
f 2645/4043/2635 2344/3638/2331 2072/4044/2057
f 2344/4046/2331 2646/4047/2636 2647/4048/2637
f 2647/4048/2637 2646/4047/2636 2648/4049/2638
f 2647/4048/2637 2648/4049/2638 2345/4050/2332
f 2647/4048/2637 2345/3642/2332 2344/3640/2331
f 2345/4050/2332 2648/4051/2638 2649/4052/2639
f 2649/4052/2639 2648/4051/2638 2650/4053/2640
f 2649/4052/2639 2650/4053/2640 2347/4054/2334
f 2649/4052/2639 2347/3646/2334 2345/3644/2332
f 2347/4054/2334 2650/4053/2640 2651/4055/2641
f 2347/4054/2334 2651/4055/2641 2652/4056/2642
f 2347/4054/2334 2652/4056/2642 2348/4057/2335
f 2348/4057/2335 2652/4056/2642 2653/4058/2643
f 2348/4057/2335 2653/4059/2643 2349/4060/2336
f 2349/4060/2336 2653/4059/2643 2654/4061/2644
f 2349/4060/2336 2654/4062/2644 2350/4063/2337
f 2350/4063/2337 2654/4062/2644 2655/4064/2645
f 2350/4065/2337 2655/4066/2645 2656/4067/2646
f 2350/4065/2337 2656/4068/2646 2353/4069/2340
f 2350/4065/2337 2353/4069/2340 2351/3658/2338
f 2353/4069/2340 2656/4068/2646 2657/4070/2647
f 2353/4069/2340 2657/4071/2647 2658/4072/2648
f 2658/4072/2648 2354/3662/2341 2353/3661/2340
f 2658/4072/2648 2657/4071/2647 2659/4073/2649
f 2658/4072/2648 2659/4074/2649 2660/4075/2650
f 2658/4072/2648 2660/4075/2650 2354/3664/2341
f 2660/4075/2650 2358/3667/2345 2356/3665/2343
f 2660/4075/2650 2356/3665/2343 2354/3664/2341
f 2660/4075/2650 2659/4074/2649 2661/4076/2651
f 2358/4077/2345 2660/4078/2650 2662/4079/2652
f 2358/4077/2345 2662/4079/2652 2663/4080/2653
f 2358/4077/2345 2663/4080/2653 2664/4081/2654
f 2358/4077/2345 2664/4081/2654 2359/3670/2346
f 2664/4081/2654 2361/3671/2348 2359/3670/2346
f 2664/4081/2654 2665/4082/2655 2361/3673/2348
f 2665/4082/2655 2365/3676/2352 2363/3674/2350
f 2665/4082/2655 2363/3674/2350 2361/3673/2348
f 2665/4082/2655 2664/4083/2654 2666/4084/2656
f 2665/4082/2655 2666/4084/2656 2667/4085/2657
f 2665/4082/2655 2667/4085/2657 2668/4086/2658
f 2665/4082/2655 2668/4086/2658 2365/3676/2352
f 2668/4086/2658 2368/3679/2355 2366/3677/2353
f 2668/4086/2658 2366/3677/2353 2365/3676/2352
f 2668/4086/2658 2667/4085/2657 2669/4087/2659
f 2668/4086/2658 2669/4087/2659 2670/4088/2660
f 2668/4086/2658 2670/4088/2660 2671/4089/2661
f 2668/4086/2658 2671/4089/2661 2368/3679/2355
f 2671/4089/2661 2371/3682/2358 2369/3680/2356
f 2671/4089/2661 2369/3680/2356 2368/3679/2355
f 2671/4089/2661 2670/4088/2660 2672/4090/2662
f 2671/4089/2661 2672/4090/2662 2673/4091/2663
f 2671/4089/2661 2673/4091/2663 2674/4092/2664
f 2671/4089/2661 2674/4092/2664 2371/3682/2358
f 2674/4092/2664 2374/3685/2361 2372/3683/2359
f 2674/4092/2664 2372/3683/2359 2371/3682/2358
f 2674/4092/2664 2673/4091/2663 2675/4093/2665
f 2674/4092/2664 2675/4093/2665 2676/4094/2666
f 2674/4092/2664 2676/4094/2666 2677/4095/2667
f 2674/4092/2664 2677/4095/2667 2374/3685/2361
f 2677/4095/2667 2377/3688/2364 2375/3686/2362
f 2677/4095/2667 2375/3686/2362 2374/3685/2361
f 2677/4095/2667 2676/4094/2666 2678/4096/2668
f 2677/4095/2667 2678/4096/2668 2679/4097/2669
f 2677/4095/2667 2679/4097/2669 2680/4098/2670
f 2677/4095/2667 2680/4098/2670 2377/3688/2364
f 2680/4098/2670 2380/3691/2367 2378/3689/2365
f 2680/4098/2670 2378/3689/2365 2377/3688/2364
f 2680/4098/2670 2679/4097/2669 2681/4099/2671
f 2680/4098/2670 2681/4099/2671 2682/4100/2672
f 2680/4098/2670 2682/4100/2672 2385/3701/2374
f 2680/4098/2670 2385/3701/2374 2380/3691/2367
f 2682/4100/2672 2681/4099/2671 2683/4101/2673
f 2682/4100/2672 2683/4101/2673 2684/4102/2674
f 2682/4100/2672 2684/4102/2674 2386/3702/2375
f 2682/4100/2672 2386/3702/2375 2385/3701/2374
f 2684/4103/2674 2392/3716/2382 2387/3705/2376
f 2684/4103/2674 2387/3705/2376 2386/3704/2375
f 2684/4102/2674 2683/4101/2673 2685/4104/2675
f 2684/4102/2674 2685/4104/2675 2392/4105/2382
f 2685/4104/2675 2397/3724/2387 2393/3723/2383
f 2685/4104/2675 2393/3723/2383 2392/4105/2382
f 2685/4104/2675 2683/4101/2673 2686/4106/2676
f 2685/4104/2675 2686/4106/2676 2687/4107/2677
f 2685/4104/2675 2687/4107/2677 2688/4108/2678
f 2685/4104/2675 2688/4108/2678 2397/3724/2387
f 2688/4108/2678 2402/4109/2392 2398/3725/2388
f 2688/4108/2678 2398/3725/2388 2397/3724/2387
f 2688/4108/2678 2687/4107/2677 2689/4110/2679
f 2688/4108/2678 2689/4110/2679 2690/4111/2680
f 2688/4108/2678 2690/4111/2680 2691/4112/2681
f 2688/4108/2678 2691/4112/2681 2402/4109/2392
f 2691/4113/2681 2407/3737/2397 2403/3733/2393
f 2691/4113/2681 2403/3733/2393 2402/3732/2392
f 2691/4112/2681 2690/4111/2680 2692/4114/2682
f 2691/4112/2681 2692/4114/2682 2693/4115/2683
f 2691/4113/2681 2693/4116/2683 2694/4117/2684
f 2691/4113/2681 2694/4117/2684 2407/3737/2397
f 2694/4117/2684 2412/3742/2402 2408/3738/2398
f 2694/4117/2684 2408/3738/2398 2407/3737/2397
f 2694/4117/2684 2693/4116/2683 2695/4118/2685
f 2694/4117/2684 2695/4118/2685 2696/4119/2686
f 2694/4117/2684 2696/4119/2686 2697/4120/2687
f 2694/4117/2684 2697/4120/2687 2412/3742/2402
f 2697/4120/2687 2417/3747/2407 2413/3743/2403
f 2697/4120/2687 2413/3743/2403 2412/3742/2402
f 2697/4121/2687 2696/4122/2686 2698/4123/2688
f 2697/4121/2687 2698/4123/2688 2699/4124/2689
f 2697/4120/2687 2699/4125/2689 2700/4126/2690
f 2697/4120/2687 2700/4126/2690 2417/3747/2407
f 2700/4126/2690 2421/3752/2411 2418/3748/2408
f 2700/4126/2690 2418/3748/2408 2417/3747/2407
f 2700/4127/2690 2699/4124/2689 2701/4128/2691
f 2700/4127/2690 2701/4128/2691 2702/4129/2692
f 2700/4127/2690 2702/4129/2692 2703/4130/2693
f 2700/4127/2690 2703/4130/2693 2421/4131/2411
f 2703/4132/2693 2426/3757/2416 2422/3753/2412
f 2703/4132/2693 2422/3753/2412 2421/3752/2411
f 2703/4130/2693 2702/4129/2692 2704/4133/2694
f 2703/4130/2693 2704/4133/2694 2705/4134/2695
f 2703/4132/2693 2705/4135/2695 2706/4136/2696
f 2703/4132/2693 2706/4136/2696 2426/3757/2416
f 2706/4136/2696 2430/3761/2420 2427/3758/2417
f 2706/4136/2696 2427/3758/2417 2426/3757/2416
f 2706/4136/2696 2705/4135/2695 2707/4137/2697
f 2706/4136/2696 2707/4137/2697 2708/4138/2698
f 2706/4136/2696 2708/4138/2698 2709/4139/2699
f 2706/4136/2696 2709/4139/2699 2430/3761/2420
f 2709/4139/2699 2433/3764/2422 2431/3762/2421
f 2709/4139/2699 2431/3762/2421 2430/3761/2420
f 2709/4139/2699 2708/4138/2698 2710/4140/2700
f 2709/4139/2699 2710/4140/2700 2711/4141/2701
f 2709/4139/2699 2711/4141/2701 2712/4142/2702
f 2709/4139/2699 2712/4142/2702 2433/3764/2422
f 2712/4142/2702 2438/3770/2428 2434/3765/2423
f 2712/4142/2702 2434/3765/2423 2433/3764/2422
f 2712/4142/2702 2711/4141/2701 2713/4143/2703
f 2712/4142/2702 2713/4143/2703 2714/4144/2704
f 2712/4142/2702 2714/4144/2704 2715/4145/2705
f 2712/4142/2702 2715/4145/2705 2438/3770/2428
f 2715/4145/2705 2443/3775/2433 2439/3771/2429
f 2715/4145/2705 2439/3771/2429 2438/3770/2428
f 2715/4145/2705 2714/4144/2704 2716/4146/2706
f 2715/4145/2705 2716/4146/2706 2717/4147/2707
f 2715/4145/2705 2717/4147/2707 2718/4148/2708
f 2715/4145/2705 2718/4148/2708 2443/3775/2433
f 2718/4148/2708 2448/3780/2438 2444/3776/2434
f 2718/4148/2708 2444/3776/2434 2443/3775/2433
f 2718/4148/2708 2717/4147/2707 2719/4149/2709
f 2718/4148/2708 2719/4149/2709 2720/4150/2710
f 2718/4151/2708 2720/4152/2710 2721/4153/2711
f 2718/4151/2708 2721/4153/2711 2448/4154/2438
f 2721/4153/2711 2451/3785/2441 2449/3784/2439
f 2721/4153/2711 2449/3784/2439 2448/4154/2438
f 2721/4153/2711 2720/4152/2710 2722/4155/2712
f 2721/4153/2711 2722/4155/2712 2723/4156/2713
f 2721/4153/2711 2723/4156/2713 2724/4157/2714
f 2721/4153/2711 2724/4157/2714 2451/3785/2441
f 2724/4157/2714 2454/3789/2444 2452/3786/2442
f 2724/4157/2714 2452/3786/2442 2451/3785/2441
f 2724/4157/2714 2723/4156/2713 2725/4158/2715
f 2724/4157/2714 2725/4158/2715 2726/4159/2716
f 2724/4157/2714 2726/4159/2716 2727/4160/2717
f 2724/4157/2714 2727/4160/2717 2454/3789/2444
f 2727/4160/2717 2457/3792/2447 2455/3790/2445
f 2727/4160/2717 2455/3790/2445 2454/3789/2444
f 2727/4161/2717 2726/4162/2716 2728/4163/2718
f 2727/4161/2717 2728/4163/2718 2729/4164/2719
f 2727/4161/2717 2729/4164/2719 2730/4165/2720
f 2727/4161/2717 2730/4165/2720 2457/4166/2447
f 2730/4165/2720 2460/3797/2450 2458/3796/2448
f 2730/4165/2720 2458/3796/2448 2457/4166/2447
f 2730/4165/2720 2729/4164/2719 2731/4167/2721
f 2730/4165/2720 2731/4167/2721 2732/4168/2722
f 2730/4165/2720 2732/4168/2722 2733/4169/2723
f 2730/4165/2720 2733/4169/2723 2460/3797/2450
f 2733/4169/2723 2463/3801/2453 2461/3798/2451
f 2733/4169/2723 2461/3798/2451 2460/3797/2450
f 2733/4169/2723 2732/4168/2722 2734/4170/2724
f 2733/4169/2723 2734/4170/2724 2735/4171/2725
f 2733/4169/2723 2735/4171/2725 2736/4172/2726
f 2733/4169/2723 2736/4172/2726 2463/3801/2453
f 2736/4172/2726 2466/3804/2456 2464/3802/2454
f 2736/4172/2726 2464/3802/2454 2463/3801/2453
f 2736/4172/2726 2735/4171/2725 2737/4173/2727
f 2736/4172/2726 2737/4173/2727 2738/4174/2728
f 2736/4172/2726 2738/4174/2728 2739/4175/2729
f 2736/4172/2726 2739/4175/2729 2466/3804/2456
f 2739/4175/2729 2469/3807/2459 2467/3805/2457
f 2739/4175/2729 2467/3805/2457 2466/3804/2456
f 2739/4175/2729 2738/4174/2728 2740/4176/2730
f 2739/4175/2729 2740/4176/2730 2741/4177/2731
f 2739/4175/2729 2741/4177/2731 2742/4178/2732
f 2739/4175/2729 2742/4178/2732 2469/3807/2459
f 2742/4178/2732 2472/3811/2462 2470/3808/2460
f 2742/4178/2732 2470/3808/2460 2469/3807/2459
f 2472/4179/2462 2742/4180/2732 2743/4181/2733
f 2472/4179/2462 2743/4181/2733 2744/4182/2734
f 2472/4183/2462 2744/4184/2734 2745/4185/2735
f 2472/4183/2462 2745/4185/2735 2473/4186/2463
f 2745/4185/2735 2477/3823/2467 2475/3822/2465
f 2745/4185/2735 2475/3822/2465 2473/4186/2463
f 2745/4187/2735 2744/4188/2734 2746/4189/2736
f 2745/4187/2735 2746/4189/2736 2747/4190/2737
f 2745/4187/2735 2747/4190/2737 2479/3828/2469
f 2745/4187/2735 2479/3828/2469 2477/3827/2467
f 2747/4190/2737 2746/4189/2736 2748/4191/2738
f 2747/4190/2737 2748/4191/2738 2749/4192/2739
f 2747/4190/2737 2749/4192/2739 2481/3831/2471
f 2747/4190/2737 2481/3831/2471 2479/3828/2469
f 2749/4192/2739 2748/4191/2738 2750/4193/2740
f 2749/4192/2739 2483/3833/2473 2481/3831/2471
f 2749/4194/2739 2750/4193/2740 2751/4195/2741
f 2749/4194/2739 2751/4195/2741 2752/4196/2742
f 2749/4194/2739 2752/4196/2742 2485/3835/2475
f 2749/4194/2739 2485/3835/2475 2483/3833/2473
f 2752/4196/2742 2751/4195/2741 2753/4197/2743
f 2752/4196/2742 2753/4197/2743 2754/4198/2744
f 2752/4196/2742 2754/4198/2744 2755/4199/2745
f 2752/4196/2742 2755/4199/2745 2485/3835/2475
f 2755/4199/2745 2488/3838/2478 2486/3836/2476
f 2755/4199/2745 2486/3836/2476 2485/3835/2475
f 2755/4199/2745 2754/4198/2744 2756/4200/2746
f 2755/4199/2745 2757/4201/2747 2488/3838/2478
f 2757/4201/2747 2489/3841/2479 2487/3840/2477
f 2757/4201/2747 2487/3840/2477 2488/3838/2478
f 2757/4201/2747 2755/4202/2745 2758/4203/2748
f 2757/4201/2747 2758/4203/2748 2759/4204/2749
f 2757/4201/2747 2759/4204/2749 2760/4205/2750
f 2757/4201/2747 2760/4205/2750 2489/3841/2479
f 2760/4205/2750 2492/3844/2482 2490/3842/2480
f 2760/4205/2750 2490/3842/2480 2489/3841/2479
f 2760/4205/2750 2759/4204/2749 2761/4206/2751
f 2760/4205/2750 2761/4206/2751 2762/4207/2752
f 2760/4205/2750 2762/4207/2752 2494/3846/2484
f 2760/4205/2750 2494/3846/2484 2492/3844/2482
f 2762/4207/2752 2761/4206/2751 2763/4208/2753
f 2762/4207/2752 2763/4208/2753 2764/4209/2754
f 2762/4207/2752 2764/4209/2754 2496/3848/2486
f 2762/4207/2752 2496/3848/2486 2494/3846/2484
f 2764/4209/2754 2763/4208/2753 2765/4210/2755
f 2764/4209/2754 2765/4210/2755 2766/4211/2756
f 2764/4209/2754 2766/4211/2756 2498/3850/2488
f 2764/4209/2754 2498/3850/2488 2496/3848/2486
f 2766/4211/2756 2765/4210/2755 2767/4212/2757
f 2766/4211/2756 2767/4212/2757 2768/4213/2758
f 2766/4211/2756 2768/4213/2758 2500/3852/2490
f 2766/4211/2756 2500/3852/2490 2498/3850/2488
f 2768/4213/2758 2767/4212/2757 2769/4214/2759
f 2768/4213/2758 2769/4214/2759 2770/4215/2760
f 2768/4213/2758 2770/4215/2760 2502/3854/2492
f 2768/4213/2758 2502/3854/2492 2500/3852/2490
f 2770/4215/2760 2769/4214/2759 2771/4216/2761
f 2770/4215/2760 2771/4216/2761 2772/4217/2762
f 2770/4215/2760 2772/4217/2762 2773/4218/2763
f 2770/4215/2760 2773/4218/2763 2502/3854/2492
f 2773/4218/2763 2505/3857/2495 2503/3855/2493
f 2773/4218/2763 2503/3855/2493 2502/3854/2492
f 2773/4218/2763 2772/4217/2762 2774/4219/2764
f 2773/4218/2763 2774/4219/2764 2775/4220/2765
f 2773/4218/2763 2775/4220/2765 2776/4221/2766
f 2773/4218/2763 2776/4221/2766 2505/3857/2495
f 2776/4221/2766 2508/3860/2498 2506/3858/2496
f 2776/4221/2766 2506/3858/2496 2505/3857/2495
f 2776/4221/2766 2775/4220/2765 2777/4222/2767
f 2776/4221/2766 2777/4222/2767 2778/4223/2768
f 2776/4221/2766 2778/4223/2768 2779/4224/2769
f 2776/4221/2766 2779/4224/2769 2508/3860/2498
f 2779/4224/2769 2511/3863/2501 2509/3861/2499
f 2779/4224/2769 2509/3861/2499 2508/3860/2498
f 2779/4224/2769 2778/4223/2768 2780/4225/2770
f 2779/4224/2769 2780/4226/2770 2513/4227/2503
f 2779/4224/2769 2513/4227/2503 2511/3863/2501
f 2513/4227/2503 2512/3864/2502 2511/3863/2501
f 2513/4227/2503 2780/4226/2770 51/31/27
f 2513/4227/2503 51/31/27 50/30/26
f 51/4228/27 2780/4229/2770 2781/4230/2771
f 51/4228/27 2781/4230/2771 2782/4231/2772
f 51/4228/27 2782/4232/2772 49/4233/25
f 2782/4232/2772 2783/4234/2773 52/4235/2774
f 2782/4232/2772 52/4236/2774 49/4233/25
f 52/4235/2774 2783/4234/2773 2784/4237/2775
f 52/4238/2774 2515/4239/2505 49/4240/25
f 52/4238/2774 2785/4241/2776 2515/4242/2505
f 2785/4241/2776 2786/4243/2777 2515/3872/2505
f 2786/4243/2777 2785/4244/2776 2787/4245/2778
f 2786/4243/2777 2516/3873/2506 2515/3872/2505
f 2786/4246/2777 2787/4247/2778 2788/4248/2779
f 2786/4246/2777 2788/4248/2779 2516/3876/2506
f 2788/4248/2779 2787/4247/2778 2789/4249/2780
f 2788/4248/2779 2518/3877/2508 2516/3876/2506
f 2788/4250/2779 2789/4251/2780 2790/4252/2781
f 2788/4250/2779 2790/4252/2781 2518/3880/2508
f 2790/4252/2781 2789/4251/2780 2791/4253/2782
f 2790/4252/2781 2791/4253/2782 2792/4254/2783
f 2790/4252/2781 2792/4254/2783 2520/3881/2510
f 2790/4252/2781 2520/3881/2510 2518/3880/2508
f 2792/4254/2783 2791/4253/2782 2793/4255/2784
f 2792/4254/2783 2793/4255/2784 2794/4256/2785
f 2792/4254/2783 2794/4256/2785 2522/3883/2512
f 2792/4254/2783 2522/3883/2512 2520/3881/2510
f 2794/4256/2785 2793/4255/2784 2795/4257/2786
f 2794/4256/2785 2795/4257/2786 2796/4258/2787
f 2794/4256/2785 2796/4258/2787 2524/3885/2514
f 2794/4256/2785 2524/3885/2514 2522/3883/2512
f 2796/4258/2787 2795/4257/2786 2797/4259/2788
f 2796/4258/2787 2797/4259/2788 2798/4260/2789
f 2796/4258/2787 2798/4260/2789 2799/4261/2790
f 2796/4258/2787 2799/4261/2790 2524/3885/2514
f 2799/4261/2790 2527/3888/2517 2525/3886/2515
f 2799/4261/2790 2525/3886/2515 2524/3885/2514
f 2799/4261/2790 2798/4260/2789 2800/4262/2791
f 2799/4261/2790 2800/4262/2791 2801/4263/2792
f 2799/4261/2790 2801/4263/2792 2529/3890/2519
f 2799/4261/2790 2529/3890/2519 2527/3888/2517
f 2801/4263/2792 2800/4262/2791 2802/4264/2793
f 2801/4263/2792 2802/4264/2793 2803/4265/2794
f 2801/4263/2792 2803/4265/2794 2531/3892/2521
f 2801/4263/2792 2531/3892/2521 2529/3890/2519
f 2803/4265/2794 2802/4264/2793 2804/4266/2795
f 2803/4265/2794 2804/4266/2795 2805/4267/2796
f 2803/4265/2794 2805/4267/2796 2806/4268/2797
f 2803/4265/2794 2806/4268/2797 2531/3892/2521
f 2806/4268/2797 2534/3895/2524 2532/3893/2522
f 2806/4268/2797 2532/3893/2522 2531/3892/2521
f 2806/4268/2797 2805/4267/2796 2807/4269/2798
f 2806/4268/2797 2807/4269/2798 2808/4270/2799
f 2806/4268/2797 2808/4270/2799 2809/4271/2800
f 2806/4268/2797 2809/4271/2800 2534/3895/2524
f 2809/4271/2800 2536/3898/2526 2535/3896/2525
f 2809/4271/2800 2535/3896/2525 2534/3895/2524
f 2809/4271/2800 2808/4270/2799 2810/4272/2801
f 2809/4271/2800 2810/4272/2801 2811/4273/2802
f 2809/4271/2800 2811/4273/2802 2812/4274/2803
f 2809/4271/2800 2812/4274/2803 2536/3898/2526
f 2812/4274/2803 2539/3901/2529 2537/3899/2527
f 2812/4274/2803 2537/3899/2527 2536/3898/2526
f 2812/4275/2803 2811/4276/2802 2813/4277/2804
f 2812/4275/2803 2813/4277/2804 2814/4278/2805
f 2812/4275/2803 2814/4278/2805 2541/3905/2531
f 2812/4275/2803 2541/3905/2531 2539/3904/2529
f 2814/4278/2805 2813/4277/2804 2815/4279/2806
f 2814/4278/2805 2815/4279/2806 2816/4280/2807
f 2814/4278/2805 2816/4280/2807 2543/3907/2533
f 2814/4278/2805 2543/3907/2533 2541/3905/2531
f 2816/4280/2807 2815/4279/2806 2817/4281/2808
f 2816/4280/2807 2817/4281/2808 2818/4282/2809
f 2816/4280/2807 2818/4282/2809 2545/3909/2535
f 2816/4280/2807 2545/3909/2535 2543/3907/2533
f 2818/4283/2809 2817/4284/2808 2819/4285/2810
f 2818/4283/2809 2819/4285/2810 2820/4286/2811
f 2818/4283/2809 2820/4286/2811 2547/4287/2537
f 2818/4283/2809 2547/4287/2537 2545/4288/2535
f 2820/4289/2811 2819/4290/2810 2821/4291/2812
f 2820/4289/2811 2821/4291/2812 2822/4292/2813
f 2820/4289/2811 2822/4292/2813 2549/3915/2539
f 2820/4289/2811 2549/3915/2539 2547/3914/2537
f 2822/4292/2813 2821/4291/2812 2823/4293/2814
f 2549/4294/2539 2822/4295/2813 2824/4296/2815
f 2549/4294/2539 2824/4296/2815 2825/4297/2816
f 2549/4294/2539 2825/4297/2816 2826/4298/2817
f 2549/4294/2539 2826/4298/2817 2550/4299/2540
f 2826/4298/2817 2552/3923/2542 2551/3922/2541
f 2826/4298/2817 2551/3922/2541 2550/4299/2540
f 2826/4298/2817 2825/4297/2816 2827/4300/2818
f 2826/4301/2817 2827/4300/2818 2828/4302/2819
f 2826/4301/2817 2828/4302/2819 2829/4303/2820
f 2826/4301/2817 2829/4303/2820 2554/4304/2544
f 2826/4301/2817 2554/4304/2544 2552/4305/2542
f 2829/4303/2820 2828/4302/2819 2830/4306/2821
f 2829/4307/2820 2830/4306/2821 2831/4308/2822
f 2829/4307/2820 2831/4308/2822 2832/4309/2823
f 2829/4307/2820 2832/4309/2823 2556/4310/2546
f 2829/4307/2820 2556/4310/2546 2554/4311/2544
f 2832/4309/2823 2831/4308/2822 2570/4312/2560
f 2832/4309/2823 2570/4312/2560 2833/4313/2824
f 2832/4314/2823 2833/4315/2824 2558/3935/2548
f 2832/4314/2823 2558/3935/2548 2556/3933/2546
f 2833/4315/2824 2570/3954/2560 2568/3952/2558
f 2833/4315/2824 2568/3952/2558 2567/3951/2557
f 2833/4315/2824 2567/3951/2557 2559/3937/2549
f 2833/4315/2824 2559/3937/2549 2558/3935/2548
f 2831/4308/2822 2830/4306/2821 2575/3962/2565
f 2831/4308/2822 2575/3962/2565 2573/3960/2563
f 2831/4308/2822 2573/3960/2563 2571/3957/2561
f 2831/4308/2822 2571/3957/2561 2570/4312/2560
f 2830/4306/2821 2828/4302/2819 2834/4316/2825
f 2830/4306/2821 2834/4316/2825 2575/3962/2565
f 2834/4316/2825 2828/4302/2819 2827/4300/2818
f 2834/4316/2825 2827/4300/2818 2835/4317/2826
f 2834/4316/2825 2835/4317/2826 2836/4318/2827
f 2834/4316/2825 2836/4318/2827 2578/3965/2568
f 2834/4316/2825 2578/3965/2568 2576/3963/2566
f 2834/4316/2825 2576/3963/2566 2575/3962/2565
f 2836/4318/2827 2835/4317/2826 2824/4296/2815
f 2836/4318/2827 2824/4296/2815 2837/4319/2828
f 2836/4318/2827 2837/4319/2828 2838/4320/2829
f 2836/4318/2827 2838/4320/2829 2581/3968/2571
f 2836/4318/2827 2581/3968/2571 2579/3966/2569
f 2836/4318/2827 2579/3966/2569 2578/3965/2568
f 2838/4320/2829 2837/4319/2828 2823/4293/2814
f 2838/4320/2829 2823/4293/2814 2839/4321/2830
f 2838/4320/2829 2839/4321/2830 2840/4322/2831
f 2838/4320/2829 2840/4322/2831 2584/3971/2574
f 2838/4320/2829 2584/3971/2574 2582/3969/2572
f 2838/4320/2829 2582/3969/2572 2581/3968/2571
f 2840/4322/2831 2839/4321/2830 2841/4323/2832
f 2840/4322/2831 2841/4323/2832 2842/4324/2833
f 2840/4322/2831 2842/4324/2833 2843/4325/2834
f 2840/4322/2831 2843/4325/2834 2587/3974/2577
f 2840/4322/2831 2587/3974/2577 2585/3972/2575
f 2840/4322/2831 2585/3972/2575 2584/3971/2574
f 2843/4325/2834 2842/4324/2833 2844/4326/2835
f 2843/4325/2834 2844/4326/2835 2845/4327/2836
f 2843/4325/2834 2845/4327/2836 2846/4328/2837
f 2843/4325/2834 2846/4328/2837 2590/3977/2580
f 2843/4325/2834 2590/3977/2580 2588/3975/2578
f 2843/4325/2834 2588/3975/2578 2587/3974/2577
f 2846/4328/2837 2845/4327/2836 2847/4329/2838
f 2846/4328/2837 2847/4329/2838 2848/4330/2839
f 2846/4328/2837 2848/4330/2839 2849/4331/2840
f 2846/4328/2837 2849/4331/2840 2593/3980/2583
f 2846/4328/2837 2593/3980/2583 2591/3978/2581
f 2846/4328/2837 2591/3978/2581 2590/3977/2580
f 2849/4331/2840 2848/4330/2839 2850/4332/2841
f 2849/4331/2840 2850/4332/2841 2851/4333/2842
f 2849/4331/2840 2851/4333/2842 2852/4334/2843
f 2849/4331/2840 2852/4334/2843 2596/3983/2586
f 2849/4331/2840 2596/3983/2586 2594/3981/2584
f 2849/4331/2840 2594/3981/2584 2593/3980/2583
f 2852/4334/2843 2851/4333/2842 2853/4335/2844
f 2852/4334/2843 2853/4335/2844 2854/4336/2845
f 2852/4334/2843 2854/4336/2845 2855/4337/2846
f 2852/4334/2843 2855/4337/2846 2599/3986/2589
f 2852/4334/2843 2599/3986/2589 2597/3984/2587
f 2852/4334/2843 2597/3984/2587 2596/3983/2586
f 2855/4337/2846 2854/4336/2845 2856/4338/2847
f 2855/4337/2846 2856/4338/2847 2857/4339/2848
f 2855/4337/2846 2857/4339/2848 2858/4340/2849
f 2855/4337/2846 2858/4340/2849 2859/4341/2850
f 2855/4337/2846 2859/4341/2850 2600/3987/2590
f 2855/4337/2846 2600/3987/2590 2599/3986/2589
f 2859/4341/2850 2858/4340/2849 2860/4342/2851
f 2859/4341/2850 2860/4342/2851 2861/4343/2852
f 2859/4341/2850 2861/4343/2852 2601/3988/2591
f 2859/4341/2850 2601/3988/2591 2600/3987/2590
f 2861/4343/2852 2860/4342/2851 2862/4344/2853
f 2861/4343/2852 2862/4344/2853 2863/4345/2854
f 2861/4343/2852 2863/4345/2854 2603/3990/2593
f 2861/4343/2852 2603/3990/2593 2601/3988/2591
f 2863/4345/2854 2862/4344/2853 2864/4346/2855
f 2863/4345/2854 2864/4346/2855 2865/4347/2856
f 2863/4345/2854 2865/4347/2856 2605/3992/2595
f 2863/4345/2854 2605/3992/2595 2603/3990/2593
f 2865/4347/2856 2864/4346/2855 2866/4348/2857
f 2865/4347/2856 2866/4348/2857 2610/3997/2600
f 2865/4347/2856 2610/3997/2600 2607/3994/2597
f 2865/4347/2856 2607/3994/2597 2605/3992/2595
f 2866/4348/2857 2864/4346/2855 2867/4349/2858
f 2866/4348/2857 2867/4349/2858 2868/4350/2859
f 2866/4348/2857 2868/4350/2859 2869/4351/2860
f 2866/4348/2857 2869/4351/2860 2613/4000/2603
f 2866/4348/2857 2613/4000/2603 2611/3998/2601
f 2866/4348/2857 2611/3998/2601 2610/3997/2600
f 2869/4351/2860 2868/4350/2859 2870/4352/2861
f 2869/4351/2860 2870/4352/2861 2871/4353/2862
f 2869/4351/2860 2871/4353/2862 2872/4354/2863
f 2869/4351/2860 2872/4354/2863 2616/4003/2606
f 2869/4351/2860 2616/4003/2606 2614/4001/2604
f 2869/4351/2860 2614/4001/2604 2613/4000/2603
f 2872/4354/2863 2871/4353/2862 2873/4355/2864
f 2872/4354/2863 2873/4355/2864 2874/4356/2865
f 2872/4354/2863 2874/4356/2865 2875/4357/2866
f 2872/4354/2863 2875/4357/2866 2619/4006/2609
f 2872/4354/2863 2619/4006/2609 2617/4004/2607
f 2872/4354/2863 2617/4004/2607 2616/4003/2606
f 2875/4357/2866 2874/4356/2865 2876/4358/2867
f 2875/4357/2866 2876/4358/2867 2877/4359/2868
f 2875/4357/2866 2877/4359/2868 2878/4360/2869
f 2875/4357/2866 2878/4360/2869 2622/4009/2612
f 2875/4357/2866 2622/4009/2612 2620/4007/2610
f 2875/4357/2866 2620/4007/2610 2619/4006/2609
f 2878/4360/2869 2877/4359/2868 2879/4361/2870
f 2878/4360/2869 2879/4361/2870 2880/4362/2871
f 2878/4360/2869 2880/4362/2871 2881/4363/2872
f 2878/4360/2869 2881/4363/2872 2625/4015/2615
f 2878/4360/2869 2625/4015/2615 2623/4010/2613
f 2878/4360/2869 2623/4010/2613 2622/4009/2612
f 2881/4363/2872 2880/4362/2871 2882/4364/2873
f 2881/4363/2872 2882/4364/2873 2883/4365/2874
f 2881/4363/2872 2883/4365/2874 2884/4366/2875
f 2881/4363/2872 2884/4366/2875 2885/4367/2876
f 2881/4363/2872 2885/4367/2876 2626/4016/2616
f 2881/4363/2872 2626/4016/2616 2625/4015/2615
f 2885/4368/2876 2884/4369/2875 2886/4370/2877
f 2885/4368/2876 2886/4370/2877 2887/4371/2878
f 2885/4368/2876 2887/4371/2878 2627/4019/2617
f 2885/4368/2876 2627/4019/2617 2626/4018/2616
f 2887/4371/2878 2886/4370/2877 2888/4372/2879
f 2887/4371/2878 2888/4372/2879 2889/4373/2880
f 2887/4371/2878 2889/4373/2880 2629/4021/2619
f 2887/4371/2878 2629/4021/2619 2627/4019/2617
f 2889/4373/2880 2888/4372/2879 2890/4374/2881
f 2889/4373/2880 2890/4374/2881 2891/4375/2882
f 2889/4373/2880 2891/4375/2882 2631/4023/2621
f 2889/4373/2880 2631/4023/2621 2629/4021/2619
f 2891/4375/2882 2890/4374/2881 2892/4376/2883
f 2891/4375/2882 2892/4376/2883 2893/4377/2884
f 2891/4375/2882 2893/4377/2884 2633/4025/2623
f 2891/4375/2882 2633/4025/2623 2631/4023/2621
f 2893/4377/2884 2892/4376/2883 2894/4378/2885
f 2893/4377/2884 2894/4378/2885 2895/4379/2886
f 2893/4377/2884 2895/4379/2886 2635/4027/2625
f 2893/4377/2884 2635/4027/2625 2633/4025/2623
f 2895/4379/2886 2894/4378/2885 2896/4380/2887
f 2895/4379/2886 2896/4380/2887 2897/4381/2888
f 2895/4379/2886 2897/4381/2888 2637/4029/2627
f 2895/4379/2886 2637/4029/2627 2635/4027/2625
f 2897/4381/2888 2896/4380/2887 2898/4382/2889
f 2897/4381/2888 2898/4382/2889 2639/4383/2629
f 2897/4381/2888 2639/4031/2629 2637/4029/2627
f 2639/4383/2629 2898/4382/2889 2899/4384/2890
f 2639/4383/2629 2899/4384/2890 2640/4385/2630
f 2640/4385/2630 2899/4384/2890 2900/4386/2891
f 2640/4385/2630 2900/4386/2891 2641/4387/2631
f 2641/4387/2631 2900/4386/2891 2901/4388/2892
f 2641/4387/2631 2901/4388/2892 2642/4389/2632
f 2642/4389/2632 2901/4388/2892 11/4390/2893
f 2642/4389/2632 11/4390/2893 2643/4391/2633
f 2643/4391/2633 11/4392/2893 2644/4393/2634
f 2644/4393/2634 11/4394/2893 2645/4395/2635
f 2645/4395/2635 11/4394/2893 2902/4396/2894
f 2645/4395/2635 2902/4396/2894 2646/4397/2636
f 2646/4397/2636 2902/4396/2894 2903/4398/2895
f 2646/4397/2636 2903/4398/2895 2904/4399/2896
f 2904/4399/2896 2648/4049/2638 2646/4047/2636
f 2904/4400/2896 2903/4401/2895 2905/4402/2897
f 2904/4400/2896 2905/4402/2897 2906/4403/2898
f 2904/4400/2896 2906/4403/2898 2648/4051/2638
f 2906/4403/2898 2650/4053/2640 2648/4051/2638
f 2906/4404/2898 2905/4405/2897 2907/4406/2899
f 2906/4404/2898 2907/4406/2899 2908/4407/2900
f 2906/4404/2898 2908/4407/2900 2651/4055/2641
f 2906/4404/2898 2651/4055/2641 2650/4053/2640
f 2908/4407/2900 2907/4406/2899 2909/4408/2901
f 2908/4407/2900 2909/4408/2901 2910/4409/2902
f 2908/4407/2900 2910/4409/2902 2911/4410/2903
f 2908/4407/2900 2911/4410/2903 2651/4055/2641
f 2911/4410/2903 2653/4058/2643 2652/4056/2642
f 2911/4410/2903 2652/4056/2642 2651/4055/2641
f 2911/4410/2903 2910/4409/2902 2912/4411/2904
f 2911/4410/2903 2912/4411/2904 2913/4412/2905
f 2911/4410/2903 2913/4412/2905 2654/4413/2644
f 2911/4410/2903 2654/4413/2644 2653/4058/2643
f 2654/4413/2644 2913/4412/2905 2914/4414/2906
f 2654/4413/2644 2914/4414/2906 2915/4415/2907
f 2654/4413/2644 2915/4415/2907 2655/4416/2645
f 2655/4416/2645 2915/4415/2907 10/3/3
f 2655/4417/2645 10/4418/3 2916/4419/2908
f 2655/4417/2645 2916/4420/2908 2657/4421/2647
f 2655/4417/2645 2657/4421/2647 2656/4067/2646
f 2657/4421/2647 2916/4420/2908 2917/4422/2909
f 2657/4423/2647 2917/4424/2909 2918/4425/2910
f 2657/4423/2647 2918/4426/2910 2659/4427/2649
f 2659/4427/2649 2918/4426/2910 2919/4428/2911
f 2659/4427/2649 2919/4429/2911 2661/4430/2651
f 2661/4430/2651 2662/4079/2652 2660/4078/2650
f 2661/4430/2651 2919/4429/2911 2920/4431/2912
f 2661/4430/2651 2920/4432/2912 2662/4433/2652
f 2662/4433/2652 2920/4432/2912 2921/4434/2913
f 2662/4433/2652 2921/4434/2913 2922/4435/2914
f 2662/4433/2652 2922/4435/2914 2923/4436/2915
f 2662/4433/2652 2923/4436/2915 2663/4437/2653
f 2923/4436/2915 2924/4438/2916 2925/4439/2917
f 2923/4436/2915 2925/4439/2917 2666/4084/2656
f 2923/4436/2915 2666/4084/2656 2664/4083/2654
f 2923/4436/2915 2664/4083/2654 2663/4437/2653
f 2923/4436/2915 2922/4435/2914 2926/4440/2918
f 2923/4436/2915 2926/4440/2918 2924/4438/2916
f 2926/4440/2918 2927/4441/2919 2928/4442/2920
f 2926/4440/2918 2928/4442/2920 2924/4438/2916
f 2926/4440/2918 2922/4435/2914 2921/4434/2913
f 2926/4440/2918 2921/4434/2913 2929/4443/2921
f 2926/4440/2918 2929/4443/2921 2930/4444/2922
f 2926/4440/2918 2930/4444/2922 2927/4441/2919
f 2930/4444/2922 2931/4445/2923 2932/4446/2924
f 2930/4444/2922 2932/4446/2924 2927/4441/2919
f 2930/4444/2922 2929/4443/2921 2933/4447/2925
f 2930/4444/2922 2933/4447/2925 2934/4448/2926
f 2930/4444/2922 2934/4448/2926 2935/4449/2927
f 2930/4444/2922 2935/4449/2927 2931/4445/2923
f 2935/4449/2927 2936/4450/2928 2937/4451/2929
f 2935/4449/2927 2937/4451/2929 2931/4445/2923
f 2935/4449/2927 2938/4452/2930 2936/4450/2928
f 2938/4452/2930 2939/4453/2931 2940/4454/2932
f 2938/4452/2930 2940/4454/2932 2936/4450/2928
f 2938/4452/2930 2935/4455/2927 2941/4456/2933
f 2938/4452/2930 2941/4456/2933 2942/4457/2934
f 2938/4452/2930 2942/4457/2934 2943/4458/2935
f 2938/4452/2930 2943/4458/2935 2939/4453/2931
f 2943/4458/2935 2944/4459/2936 2945/4460/2937
f 2943/4458/2935 2945/4460/2937 2939/4453/2931
f 2943/4458/2935 2942/4457/2934 2946/4461/2938
f 2943/4458/2935 2946/4461/2938 2947/4462/2939
f 2943/4458/2935 2947/4462/2939 2948/4463/2940
f 2943/4458/2935 2948/4463/2940 2944/4459/2936
f 2948/4463/2940 2949/4464/2941 2950/4465/2942
f 2948/4463/2940 2950/4465/2942 2944/4459/2936
f 2948/4463/2940 2947/4462/2939 2951/4466/2943
f 2948/4463/2940 2951/4466/2943 2952/4467/2944
f 2948/4463/2940 2952/4467/2944 2953/4468/2945
f 2948/4463/2940 2953/4468/2945 2949/4464/2941
f 2953/4468/2945 2954/4469/2946 2955/4470/2947
f 2953/4468/2945 2955/4470/2947 2949/4464/2941
f 2953/4468/2945 2952/4467/2944 2956/4471/2948
f 2953/4468/2945 2956/4471/2948 2957/4472/2949
f 2953/4468/2945 2957/4472/2949 2958/4473/2950
f 2953/4468/2945 2958/4473/2950 2954/4469/2946
f 2958/4473/2950 2959/4474/2951 2960/4475/2952
f 2958/4473/2950 2960/4475/2952 2954/4469/2946
f 2958/4473/2950 2957/4472/2949 2961/4476/2953
f 2958/4473/2950 2961/4476/2953 2962/4477/2954
f 2958/4473/2950 2962/4477/2954 2963/4478/2955
f 2958/4473/2950 2963/4478/2955 2959/4474/2951
f 2963/4478/2955 2964/4479/2956 2965/4480/2957
f 2963/4478/2955 2965/4480/2957 2959/4474/2951
f 2963/4478/2955 2962/4477/2954 2966/4481/2958
f 2963/4478/2955 2966/4481/2958 2967/4482/2959
f 2963/4478/2955 2967/4482/2959 2968/4483/2960
f 2963/4478/2955 2968/4483/2960 2964/4479/2956
f 2968/4483/2960 2969/4484/2961 2970/4485/2962
f 2968/4483/2960 2970/4485/2962 2964/4479/2956
f 2968/4483/2960 2967/4482/2959 2971/4486/2963
f 2968/4483/2960 2971/4486/2963 2972/4487/2964
f 2968/4483/2960 2972/4487/2964 2973/4488/2965
f 2968/4483/2960 2973/4488/2965 2969/4484/2961
f 2973/4488/2965 2974/4489/2966 2975/4490/2967
f 2973/4488/2965 2975/4490/2967 2969/4484/2961
f 2973/4488/2965 2972/4487/2964 2976/4491/2968
f 2973/4488/2965 2976/4491/2968 2977/4492/2969
f 2973/4488/2965 2977/4492/2969 2978/4493/2970
f 2973/4488/2965 2978/4493/2970 2974/4489/2966
f 2978/4494/2970 2979/4495/2971 2980/4496/2972
f 2978/4494/2970 2980/4496/2972 2974/4497/2966
f 2978/4494/2970 2977/4498/2969 2981/4499/2973
f 2978/4494/2970 2981/4499/2973 2982/4500/2974
f 2978/4494/2970 2982/4500/2974 2983/4501/2975
f 2978/4494/2970 2983/4501/2975 2979/4495/2971
f 2983/4501/2975 2984/4502/2976 2985/4503/2977
f 2983/4501/2975 2985/4503/2977 2979/4495/2971
f 2983/4501/2975 2982/4500/2974 2986/4504/2978
f 2983/4501/2975 2986/4504/2978 2987/4505/2979
f 2983/4501/2975 2987/4505/2979 2988/4506/2980
f 2983/4501/2975 2988/4506/2980 2984/4502/2976
f 2988/4506/2980 2989/4507/2981 2990/4508/2982
f 2988/4506/2980 2990/4508/2982 2984/4502/2976
f 2988/4506/2980 2987/4505/2979 2991/4509/2983
f 2988/4506/2980 2991/4509/2983 2992/4510/2984
f 2988/4506/2980 2992/4510/2984 2993/4511/2985
f 2988/4506/2980 2993/4511/2985 2989/4507/2981
f 2993/4511/2985 2994/4512/2986 2995/4513/2987
f 2993/4511/2985 2995/4513/2987 2989/4507/2981
f 2993/4511/2985 2992/4510/2984 2996/4514/2988
f 2993/4511/2985 2996/4514/2988 2997/4515/2989
f 2993/4511/2985 2997/4515/2989 2998/4516/2990
f 2993/4511/2985 2998/4516/2990 2994/4512/2986
f 2998/4516/2990 2999/4517/2991 3000/4518/2992
f 2998/4516/2990 3000/4518/2992 2994/4512/2986
f 2998/4516/2990 2997/4515/2989 3001/4519/2993
f 2998/4516/2990 3001/4519/2993 3002/4520/2994
f 2998/4516/2990 3002/4520/2994 3003/4521/2995
f 2998/4516/2990 3003/4521/2995 2999/4517/2991
f 3003/4521/2995 3004/4522/2996 3005/4523/2997
f 3003/4521/2995 3005/4523/2997 2999/4517/2991
f 3003/4521/2995 3002/4520/2994 3006/4524/2998
f 3003/4521/2995 3006/4524/2998 3007/4525/2999
f 3003/4526/2995 3007/4527/2999 3008/4528/3000
f 3003/4526/2995 3008/4528/3000 3004/4529/2996
f 3008/4528/3000 3009/4530/3001 3010/4531/3002
f 3008/4528/3000 3010/4531/3002 3004/4529/2996
f 3008/4528/3000 3007/4527/2999 3011/4532/3003
f 3008/4528/3000 3011/4532/3003 3012/4533/3004
f 3008/4528/3000 3012/4533/3004 3013/4534/3005
f 3008/4528/3000 3013/4534/3005 3009/4530/3001
f 3013/4534/3005 3014/4535/3006 3015/4536/3007
f 3013/4534/3005 3015/4536/3007 3009/4530/3001
f 3013/4534/3005 3012/4533/3004 3016/4537/3008
f 3013/4534/3005 3016/4537/3008 3017/4538/3009
f 3013/4534/3005 3017/4538/3009 3018/4539/3010
f 3013/4534/3005 3018/4539/3010 3014/4535/3006
f 3018/4539/3010 3019/4540/3011 3020/4541/3012
f 3018/4539/3010 3020/4541/3012 3014/4535/3006
f 3018/4539/3010 3017/4538/3009 3021/4542/3013
f 3018/4539/3010 3021/4542/3013 3022/4543/3014
f 3018/4539/3010 3022/4543/3014 3023/4544/3015
f 3018/4539/3010 3023/4544/3015 3019/4540/3011
f 3023/4544/3015 3024/4545/3016 3025/4546/3017
f 3023/4544/3015 3025/4546/3017 3019/4540/3011
f 3023/4544/3015 3022/4543/3014 3026/4547/3018
f 3023/4544/3015 3026/4547/3018 3027/4548/3019
f 3023/4544/3015 3027/4548/3019 3028/4549/3020
f 3023/4544/3015 3028/4549/3020 3024/4545/3016
f 3028/4549/3020 3029/4550/3021 3030/4551/3022
f 3028/4549/3020 3030/4551/3022 3024/4545/3016
f 3028/4549/3020 3027/4548/3019 3031/4552/3023
f 3028/4549/3020 3031/4552/3023 3032/4553/3024
f 3028/4549/3020 3032/4553/3024 3033/4554/3025
f 3028/4549/3020 3033/4554/3025 3029/4550/3021
f 3033/4554/3025 3034/4555/3026 3035/4556/3027
f 3033/4554/3025 3035/4556/3027 3029/4550/3021
f 3033/4554/3025 3032/4553/3024 3036/4557/3028
f 3033/4554/3025 3036/4557/3028 3037/4558/3029
f 3033/4554/3025 3037/4558/3029 3038/4559/3030
f 3033/4554/3025 3038/4559/3030 3034/4555/3026
f 3038/4559/3030 3039/4560/3031 3040/4561/3032
f 3038/4559/3030 3040/4561/3032 3034/4555/3026
f 3038/4559/3030 3037/4558/3029 3041/4562/3033
f 3038/4559/3030 3041/4562/3033 3042/4563/3034
f 3038/4559/3030 3042/4563/3034 3043/4564/3035
f 3038/4559/3030 3043/4564/3035 3039/4560/3031
f 3043/4564/3035 3044/4565/3036 3045/4566/3037
f 3043/4564/3035 3045/4566/3037 3039/4560/3031
f 3043/4564/3035 3042/4563/3034 3046/4567/3038
f 3043/4564/3035 3046/4567/3038 3047/4568/3039
f 3043/4564/3035 3047/4568/3039 3048/4569/3040
f 3043/4564/3035 3048/4569/3040 3044/4565/3036
f 3048/4569/3040 3049/4570/3041 3050/4571/3042
f 3048/4569/3040 3050/4571/3042 3044/4565/3036
f 3048/4569/3040 3047/4568/3039 3051/4572/3043
f 3048/4569/3040 3051/4572/3043 3052/4573/3044
f 3048/4569/3040 3052/4573/3044 3053/4574/3045
f 3048/4569/3040 3053/4574/3045 3049/4570/3041
f 3053/4574/3045 3054/4575/3046 3055/4576/3047
f 3053/4574/3045 3055/4576/3047 3049/4570/3041
f 3053/4574/3045 3052/4573/3044 3056/4577/3048
f 3053/4574/3045 3056/4577/3048 3057/4578/3049
f 3053/4574/3045 3057/4578/3049 3058/4579/3050
f 3053/4574/3045 3058/4579/3050 3054/4575/3046
f 3058/4579/3050 3059/4580/3051 3060/4581/3052
f 3058/4579/3050 3060/4581/3052 3054/4575/3046
f 3058/4579/3050 3057/4578/3049 3061/4582/3053
f 3058/4579/3050 3061/4582/3053 3062/4583/3054
f 3058/4579/3050 3062/4583/3054 3063/4584/3055
f 3058/4579/3050 3063/4584/3055 3059/4580/3051
f 3063/4584/3055 2774/4585/2764 2771/4216/2761
f 3063/4584/3055 2771/4216/2761 3059/4580/3051
f 3063/4584/3055 3062/4583/3054 3064/4586/3056
f 3063/4584/3055 3064/4586/3056 3065/4587/3057
f 3063/4584/3055 3065/4588/3057 2774/4585/2764
f 3065/4588/3057 2777/4589/2767 2774/4219/2764
f 3065/4588/3057 3066/4590/3058 3067/4591/3059
f 3065/4588/3057 3067/4591/3059 2777/4589/2767
f 3067/4591/3059 2780/4229/2770 2777/4222/2767
f 3067/4591/3059 3066/4590/3058 3068/4592/3060
f 3067/4591/3059 3068/4592/3060 2781/4593/2771
f 3067/4591/3059 2781/4230/2771 2780/4229/2770
f 2781/4593/2771 3068/4592/3060 3069/4594/3061
f 2781/4593/2771 3069/4594/3061 2782/4595/2772
f 2782/4595/2772 3069/4594/3061 3070/4596/3062
f 2782/4595/2772 3070/4596/3062 2783/4597/2773
f 2783/4597/2773 3070/4596/3062 3071/4598/3063
f 2783/4597/2773 3071/4598/3063 2784/4599/2775
f 2784/4599/2775 3071/4598/3063 3072/4600/3064
f 2784/4601/2775 2785/4602/2776 52/4603/2774
f 2784/4601/2775 3072/4604/3064 3073/4605/3065
f 2784/4606/2775 3073/4607/3065 2785/4608/2776
f 3073/4607/3065 3/4609/3066 3074/4610/3067
f 3073/4607/3065 3074/4610/3067 2787/4611/2778
f 3073/4607/3065 2787/4611/2778 2785/4608/2776
f 3074/4612/3067 3/4613/3066 1/4614/3068
f 3074/4612/3067 1/4614/3068 3075/4615/3069
f 3074/4612/3067 3075/4615/3069 2789/4249/2780
f 3074/4612/3067 2789/4249/2780 2787/4247/2778
f 3075/4615/3069 1/4614/3068 3076/4616/3070
f 3075/4615/3069 3076/4616/3070 3077/4617/3071
f 3075/4615/3069 3077/4617/3071 2789/4251/2780
f 3077/4617/3071 3076/4616/3070 3078/4618/3072
f 3077/4617/3071 3078/4618/3072 3079/4619/3073
f 3077/4620/3071 3079/4621/3073 2791/4622/2782
f 3077/4620/3071 2791/4622/2782 2789/4623/2780
f 3079/4619/3073 3078/4618/3072 3080/4624/3074
f 3079/4619/3073 3080/4624/3074 3081/4625/3075
f 3079/4619/3073 3081/4625/3075 2793/4255/2784
f 3079/4619/3073 2793/4255/2784 2791/4253/2782
f 3081/4625/3075 3080/4624/3074 3082/4626/3076
f 3081/4625/3075 3082/4626/3076 3083/4627/3077
f 3081/4625/3075 3083/4627/3077 2795/4257/2786
f 3081/4625/3075 2795/4257/2786 2793/4255/2784
f 3083/4627/3077 3082/4626/3076 3084/4628/3078
f 3083/4627/3077 3084/4628/3078 3085/4629/3079
f 3083/4627/3077 3085/4629/3079 2797/4259/2788
f 3083/4627/3077 2797/4259/2788 2795/4257/2786
f 3085/4629/3079 3084/4628/3078 3086/4630/3080
f 3085/4629/3079 3086/4630/3080 3087/4631/3081
f 3085/4629/3079 3087/4631/3081 3088/4632/3082
f 3085/4629/3079 3088/4632/3082 2797/4259/2788
f 3088/4632/3082 2800/4262/2791 2798/4260/2789
f 3088/4632/3082 2798/4260/2789 2797/4259/2788
f 3088/4632/3082 3087/4631/3081 3089/4633/3083
f 3088/4632/3082 3089/4633/3083 3090/4634/3084
f 3088/4632/3082 3090/4634/3084 2802/4264/2793
f 3088/4632/3082 2802/4264/2793 2800/4262/2791
f 3090/4634/3084 3089/4633/3083 3091/4635/3085
f 3090/4634/3084 3091/4635/3085 3092/4636/3086
f 3090/4634/3084 3092/4636/3086 2804/4266/2795
f 3090/4634/3084 2804/4266/2795 2802/4264/2793
f 3092/4636/3086 3091/4635/3085 3093/4637/3087
f 3092/4636/3086 3093/4637/3087 3094/4638/3088
f 3092/4636/3086 3094/4638/3088 3095/4639/3089
f 3092/4636/3086 3095/4639/3089 2804/4266/2795
f 3095/4639/3089 2807/4269/2798 2805/4267/2796
f 3095/4639/3089 2805/4267/2796 2804/4266/2795
f 3095/4639/3089 3094/4638/3088 3096/4640/3090
f 3095/4639/3089 3096/4640/3090 3097/4641/3091
f 3095/4642/3089 3097/4643/3091 3098/4644/3092
f 3095/4642/3089 3098/4644/3092 2807/4645/2798
f 3098/4644/3092 2810/4646/2801 2808/4647/2799
f 3098/4644/3092 2808/4647/2799 2807/4645/2798
f 3098/4644/3092 3097/4643/3091 3099/4648/3093
f 3098/4644/3092 3099/4648/3093 3100/4649/3094
f 3098/4644/3092 3100/4649/3094 3101/4650/3095
f 3098/4644/3092 3101/4650/3095 2810/4646/2801
f 3101/4650/3095 2813/4277/2804 2811/4276/2802
f 3101/4650/3095 2811/4276/2802 2810/4646/2801
f 3101/4650/3095 3100/4649/3094 3102/4651/3096
f 3101/4650/3095 3102/4651/3096 3103/4652/3097
f 3101/4650/3095 3103/4652/3097 2815/4279/2806
f 3101/4650/3095 2815/4279/2806 2813/4277/2804
f 3103/4652/3097 3102/4651/3096 3104/4653/3098
f 3103/4652/3097 3104/4653/3098 3105/4654/3099
f 3103/4652/3097 3105/4654/3099 2817/4281/2808
f 3103/4652/3097 2817/4281/2808 2815/4279/2806
f 3105/4655/3099 3104/4656/3098 3106/4657/3100
f 3105/4655/3099 3106/4657/3100 3107/4658/3101
f 3105/4655/3099 3107/4658/3101 2819/4285/2810
f 3105/4655/3099 2819/4285/2810 2817/4284/2808
f 3107/4658/3101 3106/4657/3100 2844/4326/2835
f 3107/4658/3101 2844/4326/2835 3108/4659/3102
f 3107/4658/3101 3108/4659/3102 2819/4290/2810
f 3108/4659/3102 2844/4326/2835 2842/4324/2833
f 3108/4659/3102 2842/4324/2833 2841/4323/2832
f 3108/4659/3102 2841/4323/2832 2821/4291/2812
f 3108/4659/3102 2821/4291/2812 2819/4290/2810
f 3106/4657/3100 3104/4656/3098 3109/4660/3103
f 3106/4657/3100 3109/4660/3103 2847/4329/2838
f 3106/4657/3100 2847/4329/2838 2845/4327/2836
f 3106/4657/3100 2845/4327/2836 2844/4326/2835
f 3109/4660/3103 3104/4656/3098 3102/4661/3096
f 3109/4660/3103 3102/4661/3096 3110/4662/3104
f 3109/4660/3103 3110/4662/3104 3111/4663/3105
f 3109/4660/3103 3111/4663/3105 2850/4332/2841
f 3109/4660/3103 2850/4332/2841 2848/4330/2839
f 3109/4660/3103 2848/4330/2839 2847/4329/2838
f 3111/4663/3105 3110/4662/3104 3099/4664/3093
f 3111/4663/3105 3099/4664/3093 3112/4665/3106
f 3111/4663/3105 3112/4665/3106 3113/4666/3107
f 3111/4663/3105 3113/4666/3107 2853/4335/2844
f 3111/4663/3105 2853/4335/2844 2851/4333/2842
f 3111/4663/3105 2851/4333/2842 2850/4332/2841
f 3113/4666/3107 3112/4665/3106 3096/4640/3090
f 3113/4666/3107 3096/4640/3090 3114/4667/3108
f 3113/4666/3107 3114/4667/3108 3115/4668/3109
f 3113/4666/3107 3115/4668/3109 2856/4338/2847
f 3113/4666/3107 2856/4338/2847 2854/4336/2845
f 3113/4666/3107 2854/4336/2845 2853/4335/2844
f 3115/4668/3109 3114/4667/3108 3093/4637/3087
f 3115/4668/3109 3093/4637/3087 3116/4669/3110
f 3115/4668/3109 3116/4669/3110 3117/4670/3111
f 3115/4668/3109 3117/4670/3111 3118/4671/3112
f 3115/4668/3109 3118/4671/3112 2857/4339/2848
f 3115/4668/3109 2857/4339/2848 2856/4338/2847
f 3118/4671/3112 3117/4670/3111 3119/4672/3113
f 3118/4671/3112 3119/4672/3113 3120/4673/3114
f 3118/4671/3112 3120/4673/3114 2858/4340/2849
f 3118/4671/3112 2858/4340/2849 2857/4339/2848
f 3120/4673/3114 3119/4672/3113 3121/4674/3115
f 3120/4673/3114 3121/4674/3115 3122/4675/3116
f 3120/4673/3114 3122/4675/3116 2860/4342/2851
f 3120/4673/3114 2860/4342/2851 2858/4340/2849
f 3122/4675/3116 3121/4674/3115 3123/4676/3117
f 3122/4675/3116 3123/4676/3117 3124/4677/3118
f 3122/4675/3116 3124/4677/3118 2862/4344/2853
f 3122/4675/3116 2862/4344/2853 2860/4342/2851
f 3124/4677/3118 3123/4676/3117 3125/4678/3119
f 3124/4677/3118 3125/4678/3119 2867/4349/2858
f 3124/4677/3118 2867/4349/2858 2864/4346/2855
f 3124/4677/3118 2864/4346/2855 2862/4344/2853
f 3125/4678/3119 3123/4676/3117 3126/4679/3120
f 3125/4678/3119 3126/4679/3120 3127/4680/3121
f 3125/4678/3119 3127/4680/3121 3128/4681/3122
f 3125/4678/3119 3128/4681/3122 2870/4352/2861
f 3125/4678/3119 2870/4352/2861 2868/4350/2859
f 3125/4678/3119 2868/4350/2859 2867/4349/2858
f 3128/4681/3122 3127/4680/3121 3129/4682/3123
f 3128/4681/3122 3129/4682/3123 3130/4683/3124
f 3128/4681/3122 3130/4683/3124 3131/4684/3125
f 3128/4681/3122 3131/4684/3125 2873/4355/2864
f 3128/4681/3122 2873/4355/2864 2871/4353/2862
f 3128/4681/3122 2871/4353/2862 2870/4352/2861
f 3131/4684/3125 3130/4683/3124 3132/4685/3126
f 3131/4684/3125 3132/4685/3126 3133/4686/3127
f 3131/4684/3125 3133/4686/3127 3134/4687/3128
f 3131/4684/3125 3134/4687/3128 2876/4358/2867
f 3131/4684/3125 2876/4358/2867 2874/4356/2865
f 3131/4684/3125 2874/4356/2865 2873/4355/2864
f 3134/4687/3128 3133/4686/3127 3135/4688/3129
f 3134/4687/3128 3135/4688/3129 3136/4689/3130
f 3134/4687/3128 3136/4689/3130 3137/4690/3131
f 3134/4687/3128 3137/4690/3131 2879/4361/2870
f 3134/4687/3128 2879/4361/2870 2877/4359/2868
f 3134/4687/3128 2877/4359/2868 2876/4358/2867
f 3137/4690/3131 3136/4689/3130 3138/4691/3132
f 3137/4690/3131 3138/4691/3132 3139/4692/3133
f 3137/4690/3131 3139/4692/3133 3140/4693/3134
f 3137/4690/3131 3140/4693/3134 2882/4364/2873
f 3137/4690/3131 2882/4364/2873 2880/4362/2871
f 3137/4690/3131 2880/4362/2871 2879/4361/2870
f 3140/4693/3134 3139/4692/3133 3141/4694/3135
f 3140/4693/3134 3141/4694/3135 3142/4695/3136
f 3140/4693/3134 3142/4695/3136 3143/4696/3137
f 3140/4693/3134 3143/4696/3137 3144/4697/3138
f 3140/4693/3134 3144/4697/3138 2883/4365/2874
f 3140/4693/3134 2883/4365/2874 2882/4364/2873
f 3144/4697/3138 3143/4696/3137 3145/4698/3139
f 3144/4697/3138 3145/4698/3139 3146/4699/3140
f 3144/4697/3138 3146/4699/3140 2884/4366/2875
f 3144/4697/3138 2884/4366/2875 2883/4365/2874
f 3146/4700/3140 3145/4701/3139 3147/4702/3141
f 3146/4700/3140 3147/4702/3141 3148/4703/3142
f 3146/4700/3140 3148/4703/3142 2886/4370/2877
f 3146/4700/3140 2886/4370/2877 2884/4369/2875
f 3148/4703/3142 3147/4702/3141 3149/4704/3143
f 3148/4703/3142 3149/4704/3143 3150/4705/3144
f 3148/4703/3142 3150/4705/3144 2888/4372/2879
f 3148/4703/3142 2888/4372/2879 2886/4370/2877
f 3150/4705/3144 3149/4704/3143 3151/4706/3145
f 3150/4705/3144 3151/4706/3145 3152/4707/3146
f 3150/4705/3144 3152/4707/3146 2890/4374/2881
f 3150/4705/3144 2890/4374/2881 2888/4372/2879
f 3152/4707/3146 3151/4706/3145 3153/4708/3147
f 3152/4707/3146 3153/4708/3147 3154/4709/3148
f 3152/4707/3146 3154/4709/3148 2892/4376/2883
f 3152/4707/3146 2892/4376/2883 2890/4374/2881
f 3154/4709/3148 3153/4708/3147 3155/4710/3149
f 3154/4709/3148 3155/4710/3149 3156/4711/3150
f 3154/4709/3148 3156/4711/3150 2894/4378/2885
f 3154/4709/3148 2894/4378/2885 2892/4376/2883
f 3156/4711/3150 3155/4710/3149 3157/4712/3151
f 3156/4711/3150 3157/4712/3151 3158/4713/3152
f 3156/4711/3150 3158/4713/3152 2896/4380/2887
f 3156/4711/3150 2896/4380/2887 2894/4378/2885
f 3158/4713/3152 3157/4712/3151 3159/4714/3153
f 3158/4713/3152 3159/4714/3153 3160/4715/3154
f 3158/4713/3152 3160/4715/3154 2898/4382/2889
f 3158/4713/3152 2898/4382/2889 2896/4380/2887
f 3160/4715/3154 3159/4714/3153 3161/4716/3155
f 3160/4715/3154 3161/4716/3155 2899/4717/2890
f 3160/4715/3154 2899/4384/2890 2898/4382/2889
f 2899/4717/2890 3161/4716/3155 3162/4718/3156
f 2899/4717/2890 3162/4718/3156 2900/4719/2891
f 2900/4719/2891 3162/4718/3156 3163/4720/3157
f 2900/4719/2891 3163/4720/3157 2901/4721/2892
f 2901/4721/2892 3163/4720/3157 12/4722/3158
f 2901/4721/2892 12/4722/3158 11/4723/2893
f 3163/4720/3157 3162/4718/3156 3164/4724/3159
f 3163/4720/3157 3164/4724/3159 3165/4725/3160
f 3163/4720/3157 3165/4725/3160 3166/4726/3161
f 3163/4720/3157 3166/4726/3161 12/4722/3158
f 3166/4726/3161 3165/4725/3160 3167/4727/3162
f 3166/4726/3161 3167/4727/3162 3168/4728/3163
f 3166/4726/3161 3168/4729/3163 3169/4730/3164
f 3166/4726/3161 3169/4730/3164 11/4731/2893
f 3166/4726/3161 11/4731/2893 12/4722/3158
f 3169/4730/3164 3168/4729/3163 2903/4398/2895
f 3169/4730/3164 2903/4398/2895 2902/4396/2894
f 3169/4730/3164 2902/4396/2894 11/4394/2893
f 3168/4729/3163 3170/4732/3165 3171/4733/3166
f 3168/4729/3163 3171/4733/3166 2903/4401/2895
f 3171/4733/3166 3170/4732/3165 3172/4734/3167
f 3171/4733/3166 2905/4402/2897 2903/4401/2895
f 3171/4735/3166 3172/4734/3167 3173/4736/3168
f 3171/4735/3166 3173/4736/3168 3174/4737/3169
f 3171/4735/3166 3174/4737/3169 2905/4405/2897
f 3174/4737/3169 3173/4736/3168 3175/4738/3170
f 3174/4737/3169 3175/4738/3170 2907/4739/2899
f 3174/4737/3169 2907/4406/2899 2905/4405/2897
f 2907/4739/2899 3175/4738/3170 3176/4740/3171
f 2907/4739/2899 3176/4740/3171 2909/4741/2901
f 2909/4741/2901 3176/4740/3171 3177/4742/3172
f 2909/4741/2901 3177/4742/3172 3178/4743/3173
f 3178/4744/3173 3179/4745/3174 3180/4746/3175
f 3178/4744/3173 3180/4746/3175 3181/4747/3176
f 3178/4744/3173 3181/4747/3176 2912/4411/2904
f 3178/4744/3173 2912/4411/2904 2910/4409/2902
f 3178/4744/3173 2910/4409/2902 2909/4408/2901
f 3181/4747/3176 3180/4746/3175 3182/4748/3177
f 3181/4747/3176 3182/4748/3177 8/4749/3178
f 3181/4747/3176 8/4749/3178 7/4750/1
f 3181/4747/3176 7/4750/1 2914/4414/2906
f 3181/4747/3176 2914/4414/2906 2913/4412/2905
f 3181/4747/3176 2913/4412/2905 2912/4411/2904
f 3182/4748/3177 3179/4751/3174 3183/4752/3179
f 3182/4748/3177 3180/4746/3175 3179/4745/3174
f 3182/4753/3177 3183/4754/3179 3184/4755/3180
f 3182/4753/3177 3184/4755/3180 8/4756/3178
f 3184/4755/3180 3183/4754/3179 3185/4757/3181
f 3184/4755/3180 3186/4758/3182 8/4756/3178
f 3186/4758/3182 3187/4759/3183 7/4760/1
f 3186/4758/3182 7/4760/1 8/4756/3178
f 3186/4758/3182 3184/4761/3180 3188/4762/3184
f 3188/4762/3184 3185/4763/3181 3189/4764/3185
f 3188/4762/3184 3190/4765/3186 3186/4766/3182
f 3188/4762/3184 3184/4761/3180 3185/4757/3181
f 3190/4765/3186 3191/4767/3187 3192/4768/3188
f 3190/4765/3186 3192/4768/3188 3187/4769/3183
f 3190/4765/3186 3187/4770/3183 3186/4766/3182
f 3190/4765/3186 3188/4771/3184 3193/4772/3189
f 3190/4765/3186 3193/4772/3189 3191/4767/3187
f 3193/4772/3189 3194/4773/3190 3195/4774/3191
f 3193/4772/3189 3195/4774/3191 3191/4767/3187
f 3193/4772/3189 3188/4771/3184 3189/4764/3185
f 3193/4772/3189 3189/4764/3185 3196/4775/3192
f 3193/4772/3189 3196/4775/3192 3197/4776/3193
f 3193/4772/3189 3197/4776/3193 3194/4773/3190
f 3197/4776/3193 3198/4777/3194 3199/4778/3195
f 3197/4776/3193 3199/4778/3195 3194/4773/3190
f 3197/4776/3193 3196/4775/3192 3200/4779/3196
f 3197/4776/3193 3200/4779/3196 3201/4780/3197
f 3197/4776/3193 3201/4780/3197 3202/4781/3198
f 3197/4776/3193 3202/4781/3198 3198/4777/3194
f 3202/4781/3198 3203/4782/3199 3204/4783/3200
f 3202/4781/3198 3204/4783/3200 3205/4784/3201
f 3202/4781/3198 3205/4784/3201 3206/4785/3202
f 3202/4781/3198 3206/4785/3202 3198/4777/3194
f 3202/4781/3198 3201/4780/3197 3207/4786/3203
f 3202/4781/3198 3207/4786/3203 3203/4782/3199
f 3207/4786/3203 3208/4787/3204 3209/4788/3205
f 3207/4786/3203 3209/4788/3205 3203/4782/3199
f 3207/4786/3203 3201/4780/3197 3200/4779/3196
f 3207/4786/3203 3200/4779/3196 3210/4789/3206
f 3207/4786/3203 3210/4789/3206 3211/4790/3207
f 3207/4786/3203 3211/4790/3207 3208/4787/3204
f 3211/4790/3207 3212/4791/3208 3213/4792/3209
f 3211/4790/3207 3213/4792/3209 3208/4787/3204
f 3211/4790/3207 3210/4789/3206 3214/4793/3210
f 3211/4790/3207 3214/4793/3210 3215/4794/3211
f 3211/4790/3207 3215/4794/3211 3216/4795/3212
f 3211/4790/3207 3216/4795/3212 3212/4791/3208
f 3216/4795/3212 3217/4796/3213 3218/4797/3214
f 3216/4795/3212 3218/4797/3214 3212/4791/3208
f 3216/4795/3212 3215/4794/3211 3219/4798/3215
f 3216/4795/3212 3219/4798/3215 3220/4799/3216
f 3216/4795/3212 3220/4799/3216 3221/4800/3217
f 3216/4795/3212 3221/4800/3217 3217/4796/3213
f 3221/4800/3217 3222/4801/3218 3223/4802/3219
f 3221/4800/3217 3223/4802/3219 3217/4796/3213
f 3221/4800/3217 3220/4799/3216 3224/4803/3220
f 3221/4800/3217 3224/4803/3220 3225/4804/3221
f 3221/4800/3217 3225/4804/3221 3226/4805/3222
f 3221/4800/3217 3226/4805/3222 3222/4801/3218
f 3226/4805/3222 3227/4806/3223 3228/4807/3224
f 3226/4805/3222 3228/4807/3224 3222/4801/3218
f 3226/4805/3222 3225/4804/3221 3229/4808/3225
f 3226/4805/3222 3229/4808/3225 3230/4809/3226
f 3226/4805/3222 3230/4809/3226 3231/4810/3227
f 3226/4805/3222 3231/4810/3227 3227/4806/3223
f 3231/4810/3227 3232/4811/3228 3233/4812/3229
f 3231/4810/3227 3233/4812/3229 3227/4806/3223
f 3231/4810/3227 3230/4809/3226 3234/4813/3230
f 3231/4810/3227 3234/4813/3230 3235/4814/3231
f 3231/4810/3227 3235/4814/3231 3236/4815/3232
f 3231/4810/3227 3236/4815/3232 3232/4811/3228
f 3236/4815/3232 3237/4816/3233 3238/4817/3234
f 3236/4815/3232 3238/4817/3234 3232/4811/3228
f 3236/4815/3232 3235/4814/3231 3239/4818/3235
f 3236/4815/3232 3239/4818/3235 3240/4819/3236
f 3236/4815/3232 3240/4819/3236 3241/4820/3237
f 3236/4815/3232 3241/4820/3237 3237/4816/3233
f 3241/4820/3237 3242/4821/3238 3243/4822/3239
f 3241/4820/3237 3243/4822/3239 3237/4816/3233
f 3241/4820/3237 3240/4819/3236 3244/4823/3240
f 3241/4820/3237 3244/4823/3240 3245/4824/3241
f 3241/4820/3237 3245/4824/3241 3246/4825/3242
f 3241/4820/3237 3246/4825/3242 3242/4821/3238
f 3246/4825/3242 3247/4826/3243 3248/4827/3244
f 3246/4825/3242 3248/4827/3244 3242/4821/3238
f 3246/4825/3242 3245/4824/3241 3249/4828/3245
f 3246/4825/3242 3249/4828/3245 3250/4829/3246
f 3246/4825/3242 3250/4829/3246 3251/4830/3247
f 3246/4825/3242 3251/4830/3247 3247/4826/3243
f 3251/4830/3247 3252/4831/3248 3253/4832/3249
f 3251/4830/3247 3253/4832/3249 3247/4826/3243
f 3251/4830/3247 3250/4829/3246 3254/4833/3250
f 3251/4830/3247 3254/4833/3250 3255/4834/3251
f 3251/4830/3247 3255/4834/3251 3256/4835/3252
f 3251/4830/3247 3256/4835/3252 3252/4831/3248
f 3256/4835/3252 3257/4836/3253 3258/4837/3254
f 3256/4835/3252 3258/4837/3254 3252/4831/3248
f 3256/4835/3252 3255/4834/3251 3259/4838/3255
f 3256/4835/3252 3259/4838/3255 3260/4839/3256
f 3256/4835/3252 3260/4839/3256 3261/4840/3257
f 3256/4835/3252 3261/4840/3257 3257/4836/3253
f 3261/4840/3257 3262/4841/3258 3263/4842/3259
f 3261/4840/3257 3263/4842/3259 3257/4836/3253
f 3261/4840/3257 3260/4839/3256 3264/4843/3260
f 3261/4840/3257 3264/4843/3260 3265/4844/3261
f 3261/4840/3257 3265/4844/3261 3266/4845/3262
f 3261/4840/3257 3266/4845/3262 3262/4841/3258
f 3266/4845/3262 3267/4846/3263 3268/4847/3264
f 3266/4845/3262 3268/4847/3264 3262/4841/3258
f 3266/4845/3262 3265/4844/3261 3269/4848/3265
f 3266/4845/3262 3269/4848/3265 3270/4849/3266
f 3266/4845/3262 3270/4849/3266 3271/4850/3267
f 3266/4845/3262 3271/4850/3267 3267/4846/3263
f 3271/4851/3267 3272/4852/3268 3273/4853/3269
f 3271/4851/3267 3273/4853/3269 3267/4854/3263
f 3271/4855/3267 3270/4856/3266 3274/4857/3270
f 3271/4855/3267 3274/4857/3270 3275/4858/3271
f 3271/4855/3267 3275/4858/3271 3276/4859/3272
f 3271/4855/3267 3276/4859/3272 3272/4860/3268
f 3276/4859/3272 3277/4861/3273 3278/4862/3274
f 3276/4859/3272 3278/4862/3274 3272/4860/3268
f 3276/4859/3272 3275/4858/3271 3279/4863/3275
f 3276/4859/3272 3279/4863/3275 3280/4864/3276
f 3276/4859/3272 3280/4864/3276 3281/4865/3277
f 3276/4859/3272 3281/4865/3277 3277/4861/3273
f 3281/4865/3277 3282/4866/3278 3283/4867/3279
f 3281/4865/3277 3283/4867/3279 3277/4861/3273
f 3281/4868/3277 3280/4869/3276 3284/4870/3280
f 3281/4868/3277 3284/4870/3280 3285/4871/3281
f 3281/4868/3277 3285/4871/3281 3286/4872/3282
f 3281/4868/3277 3286/4872/3282 3282/4873/3278
f 3286/4872/3282 3287/4874/3283 3288/4875/3284
f 3286/4872/3282 3288/4875/3284 3282/4873/3278
f 3286/4872/3282 3285/4871/3281 3289/4876/3285
f 3286/4872/3282 3289/4876/3285 3290/4877/3286
f 3286/4872/3282 3290/4877/3286 3291/4878/3287
f 3286/4872/3282 3291/4878/3287 3287/4874/3283
f 3291/4878/3287 3292/4879/3288 3293/4880/3289
f 3291/4878/3287 3293/4880/3289 3287/4874/3283
f 3292/4881/3288 3291/4882/3287 3295/4883/3290
f 3292/4881/3288 3295/4883/3290 3296/4884/3291
f 3292/4881/3288 3296/4884/3291 3294/4885/3292
f 3294/4885/3292 3296/4884/3291 3298/4886/3293
f 3294/4885/3292 3298/4886/3293 3299/4887/3294
f 3294/4885/3292 3299/4887/3294 3300/4888/3295
f 3294/4885/3292 3300/4888/3295 3297/4889/3296
f 3300/4888/3295 3301/4890/3297 3302/4891/3298
f 3300/4888/3295 3302/4891/3298 3297/4889/3296
f 3300/4888/3295 3299/4887/3294 3303/4892/3299
f 3300/4888/3295 3303/4892/3299 3304/4893/3300
f 3300/4888/3295 3304/4893/3300 3305/4894/3301
f 3300/4888/3295 3305/4894/3301 3301/4890/3297
f 3305/4894/3301 3306/4895/3302 3086/4630/3080
f 3305/4894/3301 3086/4630/3080 3301/4890/3297
f 3305/4894/3301 3304/4893/3300 3307/4896/3303
f 3305/4894/3301 3307/4896/3303 3308/4897/3304
f 3305/4894/3301 3308/4897/3304 3309/4898/3305
f 3305/4894/3301 3309/4898/3305 3306/4895/3302
f 3309/4898/3305 3091/4635/3085 3089/4633/3083
f 3309/4898/3305 3089/4633/3083 3306/4895/3302
f 3309/4898/3305 3308/4897/3304 3117/4670/3111
f 3309/4898/3305 3117/4670/3111 3116/4669/3110
f 3309/4898/3305 3116/4669/3110 3093/4637/3087
f 3309/4898/3305 3093/4637/3087 3091/4635/3085
f 3308/4897/3304 3307/4896/3303 3119/4672/3113
f 3308/4897/3304 3119/4672/3113 3117/4670/3111
f 3307/4896/3303 3304/4893/3300 3303/4892/3299
f 3307/4896/3303 3303/4892/3299 3310/4899/3306
f 3307/4896/3303 3310/4899/3306 3121/4674/3115
f 3307/4896/3303 3121/4674/3115 3119/4672/3113
f 3310/4899/3306 3303/4892/3299 3311/4900/3307
f 3310/4899/3306 3311/4900/3307 3126/4679/3120
f 3310/4899/3306 3126/4679/3120 3123/4676/3117
f 3310/4899/3306 3123/4676/3117 3121/4674/3115
f 3311/4900/3307 3303/4892/3299 3299/4887/3294
f 3311/4900/3307 3299/4887/3294 3298/4886/3293
f 3311/4900/3307 3298/4886/3293 3312/4901/3308
f 3311/4900/3307 3312/4901/3308 3129/4682/3123
f 3311/4900/3307 3129/4682/3123 3127/4680/3121
f 3311/4900/3307 3127/4680/3121 3126/4679/3120
f 3312/4901/3308 3298/4886/3293 3296/4884/3291
f 3312/4901/3308 3296/4884/3291 3295/4883/3290
f 3312/4901/3308 3295/4883/3290 3313/4902/3309
f 3312/4901/3308 3313/4902/3309 3132/4685/3126
f 3312/4901/3308 3132/4685/3126 3130/4683/3124
f 3312/4901/3308 3130/4683/3124 3129/4682/3123
f 3313/4902/3309 3295/4883/3290 3291/4882/3287
f 3313/4902/3309 3291/4882/3287 3290/4903/3286
f 3313/4902/3309 3290/4903/3286 3135/4904/3129
f 3313/4902/3309 3135/4688/3129 3133/4686/3127
f 3313/4902/3309 3133/4686/3127 3132/4685/3126
f 3135/4904/3129 3290/4877/3286 3289/4876/3285
f 3135/4904/3129 3289/4876/3285 3314/4905/3310
f 3135/4904/3129 3314/4905/3310 3138/4691/3132
f 3135/4904/3129 3138/4691/3132 3136/4689/3130
f 3314/4905/3310 3289/4876/3285 3285/4871/3281
f 3314/4905/3310 3285/4871/3281 3284/4870/3280
f 3314/4905/3310 3284/4870/3280 3315/4906/3311
f 3314/4905/3310 3315/4906/3311 3141/4694/3135
f 3314/4905/3310 3141/4694/3135 3139/4692/3133
f 3314/4905/3310 3139/4692/3133 3138/4691/3132
f 3315/4906/3311 3284/4870/3280 3280/4869/3276
f 3315/4906/3311 3280/4869/3276 3279/4907/3275
f 3315/4906/3311 3279/4907/3275 3316/4908/3312
f 3315/4906/3311 3316/4908/3312 3317/4909/3313
f 3315/4906/3311 3317/4909/3313 3142/4695/3136
f 3315/4906/3311 3142/4695/3136 3141/4694/3135
f 3317/4909/3313 3316/4908/3312 3318/4910/3314
f 3317/4909/3313 3318/4910/3314 3319/4911/3315
f 3317/4909/3313 3319/4911/3315 3143/4696/3137
f 3317/4909/3313 3143/4696/3137 3142/4695/3136
f 3319/4912/3315 3318/4913/3314 3320/4914/3316
f 3319/4912/3315 3320/4914/3316 3321/4915/3317
f 3319/4911/3315 3321/4916/3317 3145/4698/3139
f 3319/4911/3315 3145/4698/3139 3143/4696/3137
f 3321/4915/3317 3320/4914/3316 3322/4917/3318
f 3321/4915/3317 3322/4917/3318 3323/4918/3319
f 3321/4915/3317 3323/4918/3319 3147/4702/3141
f 3321/4915/3317 3147/4702/3141 3145/4701/3139
f 3323/4918/3319 3322/4917/3318 3324/4919/3320
f 3323/4918/3319 3324/4919/3320 3325/4920/3321
f 3323/4918/3319 3325/4920/3321 3149/4704/3143
f 3323/4918/3319 3149/4704/3143 3147/4702/3141
f 3325/4920/3321 3324/4919/3320 3326/4921/3322
f 3325/4920/3321 3326/4921/3322 3327/4922/3323
f 3325/4920/3321 3327/4922/3323 3151/4706/3145
f 3325/4920/3321 3151/4706/3145 3149/4704/3143
f 3327/4922/3323 3326/4921/3322 3328/4923/3324
f 3327/4922/3323 3328/4923/3324 3329/4924/3325
f 3327/4922/3323 3329/4924/3325 3153/4708/3147
f 3327/4922/3323 3153/4708/3147 3151/4706/3145
f 3329/4924/3325 3328/4923/3324 3330/4925/3326
f 3329/4924/3325 3330/4925/3326 3331/4926/3327
f 3329/4924/3325 3331/4926/3327 3155/4710/3149
f 3329/4924/3325 3155/4710/3149 3153/4708/3147
f 3331/4926/3327 3330/4925/3326 3332/4927/3328
f 3331/4926/3327 3332/4927/3328 3333/4928/3329
f 3331/4926/3327 3333/4928/3329 3157/4712/3151
f 3331/4926/3327 3157/4712/3151 3155/4710/3149
f 3333/4928/3329 3332/4927/3328 3334/4929/3330
f 3333/4928/3329 3334/4929/3330 3335/4930/3331
f 3333/4928/3329 3335/4930/3331 3159/4714/3153
f 3333/4928/3329 3159/4714/3153 3157/4712/3151
f 3335/4930/3331 3334/4929/3330 3336/4931/3332
f 3335/4930/3331 3336/4931/3332 3337/4932/3333
f 3335/4930/3331 3337/4932/3333 3161/4716/3155
f 3335/4930/3331 3161/4716/3155 3159/4714/3153
f 3337/4932/3333 3336/4931/3332 3338/4933/3334
f 3337/4932/3333 3338/4933/3334 3164/4724/3159
f 3337/4932/3333 3164/4724/3159 3162/4718/3156
f 3337/4932/3333 3162/4718/3156 3161/4716/3155
f 3338/4933/3334 3336/4931/3332 3339/4934/3335
f 3338/4933/3334 3339/4934/3335 3340/4935/3336
f 3338/4933/3334 3340/4935/3336 3341/4936/3337
f 3338/4933/3334 3341/4936/3337 3167/4727/3162
f 3338/4933/3334 3167/4727/3162 3165/4725/3160
f 3338/4933/3334 3165/4725/3160 3164/4724/3159
f 3341/4936/3337 3340/4935/3336 3342/4937/3338
f 3341/4936/3337 3342/4937/3338 3343/4938/3339
f 3341/4936/3337 3343/4938/3339 3172/4734/3167
f 3341/4936/3337 3172/4734/3167 3170/4732/3165
f 3341/4936/3337 3170/4732/3165 3168/4728/3163
f 3341/4936/3337 3168/4728/3163 3167/4727/3162
f 3343/4938/3339 3342/4937/3338 3344/4939/3340
f 3343/4938/3339 3344/4939/3340 3345/4940/3341
f 3343/4938/3339 3345/4940/3341 3173/4736/3168
f 3343/4938/3339 3173/4736/3168 3172/4734/3167
f 3345/4940/3341 3344/4939/3340 3346/4941/3342
f 3345/4940/3341 3346/4941/3342 3347/4942/3343
f 3345/4940/3341 3347/4942/3343 3175/4738/3170
f 3345/4940/3341 3175/4738/3170 3173/4736/3168
f 3347/4942/3343 3346/4941/3342 3348/4943/3344
f 3347/4942/3343 3348/4943/3344 3349/4944/3345
f 3347/4942/3343 3349/4944/3345 3176/4740/3171
f 3347/4942/3343 3176/4740/3171 3175/4738/3170
f 3349/4944/3345 3348/4943/3344 3350/4945/3346
f 3349/4944/3345 3350/4945/3346 3351/4946/3347
f 3349/4944/3345 3351/4946/3347 3177/4742/3172
f 3349/4944/3345 3177/4742/3172 3176/4740/3171
f 3351/4946/3347 3350/4945/3346 3352/4947/3348
f 3351/4946/3347 3353/4948/3349 3177/4742/3172
f 3353/4948/3349 3351/4949/3347 3354/4950/3350
f 3353/4948/3349 3179/4745/3174 3178/4743/3173
f 3353/4948/3349 3178/4743/3173 3177/4742/3172
f 3353/4951/3349 3354/4952/3350 3355/4953/3351
f 3353/4951/3349 3355/4953/3351 3183/4752/3179
f 3353/4951/3349 3183/4752/3179 3179/4751/3174
f 3355/4953/3351 3354/4952/3350 3356/4954/3352
f 3355/4955/3351 3356/4956/3352 3357/4957/3353
f 3355/4955/3351 3357/4957/3353 3185/4757/3181
f 3355/4955/3351 3185/4757/3181 3183/4754/3179
f 3357/4957/3353 3356/4956/3352 3358/4958/3354
f 3357/4959/3353 3358/4958/3354 3214/4793/3210
f 3357/4959/3353 3214/4793/3210 3359/4960/3355
f 3357/4959/3353 3359/4960/3355 3189/4764/3185
f 3357/4959/3353 3189/4764/3185 3185/4763/3181
f 3359/4960/3355 3214/4793/3210 3210/4789/3206
f 3359/4960/3355 3210/4789/3206 3200/4779/3196
f 3359/4960/3355 3200/4779/3196 3196/4775/3192
f 3359/4960/3355 3196/4775/3192 3189/4764/3185
f 3358/4958/3354 3219/4798/3215 3215/4794/3211
f 3358/4958/3354 3215/4794/3211 3214/4793/3210
f 3358/4958/3354 3356/4956/3352 3360/4961/3356
f 3358/4958/3354 3360/4961/3356 3219/4798/3215
f 3360/4961/3356 3224/4803/3220 3220/4799/3216
f 3360/4961/3356 3220/4799/3216 3219/4798/3215
f 3360/4961/3356 3356/4954/3352 3361/4962/3357
f 3360/4961/3356 3361/4962/3357 3362/4963/3358
f 3360/4961/3356 3362/4963/3358 3224/4803/3220
f 3362/4963/3358 3229/4808/3225 3225/4804/3221
f 3362/4963/3358 3225/4804/3221 3224/4803/3220
f 3362/4963/3358 3361/4962/3357 3363/4964/3359
f 3362/4963/3358 3363/4964/3359 3364/4965/3360
f 3362/4963/3358 3364/4965/3360 3365/4966/3361
f 3362/4963/3358 3365/4966/3361 3229/4808/3225
f 3365/4966/3361 3234/4813/3230 3230/4809/3226
f 3365/4966/3361 3230/4809/3226 3229/4808/3225
f 3365/4966/3361 3364/4965/3360 3366/4967/3362
f 3365/4966/3361 3366/4967/3362 3367/4968/3363
f 3365/4966/3361 3367/4968/3363 3368/4969/3364
f 3365/4966/3361 3368/4969/3364 3234/4813/3230
f 3368/4969/3364 3239/4818/3235 3235/4814/3231
f 3368/4969/3364 3235/4814/3231 3234/4813/3230
f 3368/4969/3364 3367/4968/3363 3369/4970/3365
f 3368/4969/3364 3369/4970/3365 3370/4971/3366
f 3368/4969/3364 3370/4971/3366 3371/4972/3367
f 3368/4969/3364 3371/4972/3367 3239/4818/3235
f 3371/4972/3367 3244/4823/3240 3240/4819/3236
f 3371/4972/3367 3240/4819/3236 3239/4818/3235
f 3371/4972/3367 3370/4971/3366 3372/4973/3368
f 3371/4972/3367 3372/4973/3368 3373/4974/3369
f 3371/4972/3367 3373/4974/3369 3374/4975/3370
f 3371/4972/3367 3374/4975/3370 3244/4823/3240
f 3374/4975/3370 3249/4828/3245 3245/4824/3241
f 3374/4975/3370 3245/4824/3241 3244/4823/3240
f 3374/4975/3370 3373/4974/3369 3375/4976/3371
f 3374/4975/3370 3375/4976/3371 3376/4977/3372
f 3374/4975/3370 3376/4977/3372 3377/4978/3373
f 3374/4975/3370 3377/4978/3373 3249/4828/3245
f 3377/4978/3373 3254/4833/3250 3250/4829/3246
f 3377/4978/3373 3250/4829/3246 3249/4828/3245
f 3377/4978/3373 3376/4977/3372 3378/4979/3374
f 3377/4978/3373 3378/4979/3374 3379/4980/3375
f 3377/4978/3373 3379/4980/3375 3380/4981/3376
f 3377/4978/3373 3380/4981/3376 3254/4833/3250
f 3380/4981/3376 3259/4838/3255 3255/4834/3251
f 3380/4981/3376 3255/4834/3251 3254/4833/3250
f 3380/4981/3376 3379/4980/3375 3381/4982/3377
f 3380/4981/3376 3381/4982/3377 3382/4983/3378
f 3380/4981/3376 3382/4983/3378 3383/4984/3379
f 3380/4981/3376 3383/4984/3379 3259/4838/3255
f 3383/4984/3379 3264/4843/3260 3260/4839/3256
f 3383/4984/3379 3260/4839/3256 3259/4838/3255
f 3383/4984/3379 3382/4983/3378 3384/4985/3380
f 3383/4984/3379 3384/4985/3380 3385/4986/3381
f 3383/4984/3379 3385/4986/3381 3386/4987/3382
f 3383/4984/3379 3386/4987/3382 3264/4843/3260
f 3386/4987/3382 3269/4848/3265 3265/4844/3261
f 3386/4987/3382 3265/4844/3261 3264/4843/3260
f 3386/4987/3382 3385/4986/3381 3387/4988/3383
f 3386/4987/3382 3387/4988/3383 3388/4989/3384
f 3386/4987/3382 3388/4989/3384 3389/4990/3385
f 3386/4987/3382 3389/4990/3385 3269/4848/3265
f 3389/4991/3385 3274/4857/3270 3270/4856/3266
f 3389/4991/3385 3270/4856/3266 3269/4992/3265
f 3389/4990/3385 3388/4989/3384 3320/4914/3316
f 3389/4990/3385 3320/4914/3316 3318/4913/3314
f 3389/4990/3385 3318/4913/3314 3316/4993/3312
f 3389/4990/3385 3316/4993/3312 3274/4994/3270
f 3388/4989/3384 3387/4988/3383 3322/4917/3318
f 3388/4989/3384 3322/4917/3318 3320/4914/3316
f 3387/4988/3383 3385/4986/3381 3384/4985/3380
f 3387/4988/3383 3384/4985/3380 3390/4995/3386
f 3387/4988/3383 3390/4995/3386 3324/4919/3320
f 3387/4988/3383 3324/4919/3320 3322/4917/3318
f 3390/4995/3386 3384/4985/3380 3391/4996/3387
f 3390/4995/3386 3391/4996/3387 3392/4997/3388
f 3390/4995/3386 3392/4997/3388 3326/4921/3322
f 3390/4995/3386 3326/4921/3322 3324/4919/3320
f 3392/4997/3388 3391/4996/3387 3393/4998/3389
f 3392/4997/3388 3393/4998/3389 3394/4999/3390
f 3392/4997/3388 3394/4999/3390 3328/4923/3324
f 3392/4997/3388 3328/4923/3324 3326/4921/3322
f 3394/4999/3390 3393/4998/3389 3395/5000/3391
f 3394/4999/3390 3395/5000/3391 3396/5001/3392
f 3394/4999/3390 3396/5001/3392 3330/4925/3326
f 3394/4999/3390 3330/4925/3326 3328/4923/3324
f 3396/5001/3392 3395/5000/3391 3397/5002/3393
f 3396/5001/3392 3397/5002/3393 3398/5003/3394
f 3396/5001/3392 3398/5003/3394 3332/4927/3328
f 3396/5001/3392 3332/4927/3328 3330/4925/3326
f 3398/5003/3394 3397/5002/3393 3399/5004/3395
f 3398/5003/3394 3399/5004/3395 3400/5005/3396
f 3398/5003/3394 3400/5005/3396 3334/4929/3330
f 3398/5003/3394 3334/4929/3330 3332/4927/3328
f 3400/5005/3396 3399/5004/3395 3401/5006/3397
f 3400/5005/3396 3401/5006/3397 3339/4934/3335
f 3400/5005/3396 3339/4934/3335 3336/4931/3332
f 3400/5005/3396 3336/4931/3332 3334/4929/3330
f 3401/5006/3397 3399/5004/3395 3402/5007/3398
f 3401/5006/3397 3402/5007/3398 3403/5008/3399
f 3401/5006/3397 3403/5008/3399 3344/4939/3340
f 3401/5006/3397 3344/4939/3340 3342/4937/3338
f 3401/5006/3397 3342/4937/3338 3340/4935/3336
f 3401/5006/3397 3340/4935/3336 3339/4934/3335
f 3403/5008/3399 3402/5007/3398 3404/5009/3400
f 3403/5008/3399 3404/5009/3400 3405/5010/3401
f 3403/5008/3399 3405/5010/3401 3346/4941/3342
f 3403/5008/3399 3346/4941/3342 3344/4939/3340
f 3405/5010/3401 3404/5009/3400 3406/5011/3402
f 3405/5010/3401 3406/5011/3402 3407/5012/3403
f 3405/5010/3401 3407/5012/3403 3348/4943/3344
f 3405/5010/3401 3348/4943/3344 3346/4941/3342
f 3407/5012/3403 3406/5011/3402 3408/5013/3404
f 3407/5012/3403 3408/5013/3404 3409/5014/3405
f 3407/5012/3403 3409/5014/3405 3350/4945/3346
f 3407/5012/3403 3350/4945/3346 3348/4943/3344
f 3409/5014/3405 3408/5013/3404 3369/4970/3365
f 3409/5014/3405 3369/4970/3365 3410/5015/3406
f 3409/5014/3405 3410/5015/3406 3352/4947/3348
f 3409/5014/3405 3352/4947/3348 3350/4945/3346
f 3410/5015/3406 3369/4970/3365 3367/4968/3363
f 3410/5015/3406 3367/4968/3363 3366/4967/3362
f 3410/5015/3406 3366/4967/3362 3363/5016/3359
f 3410/5015/3406 3363/5016/3359 3352/4947/3348
f 3363/5016/3359 3366/4967/3362 3364/4965/3360
f 3363/5016/3359 3354/4950/3350 3351/4949/3347
f 3363/5016/3359 3351/4949/3347 3352/4947/3348
f 3408/5013/3404 3372/4973/3368 3370/4971/3366
f 3408/5013/3404 3370/4971/3366 3369/4970/3365
f 3408/5013/3404 3406/5011/3402 3411/5017/3407
f 3408/5013/3404 3411/5017/3407 3372/4973/3368
f 3411/5017/3407 3375/4976/3371 3373/4974/3369
f 3411/5017/3407 3373/4974/3369 3372/4973/3368
f 3411/5017/3407 3406/5011/3402 3404/5009/3400
f 3411/5017/3407 3404/5009/3400 3412/5018/3408
f 3411/5017/3407 3412/5018/3408 3413/5019/3409
f 3411/5017/3407 3413/5019/3409 3375/4976/3371
f 3413/5019/3409 3378/4979/3374 3376/4977/3372
f 3413/5019/3409 3376/4977/3372 3375/4976/3371
f 3413/5019/3409 3412/5018/3408 3414/5020/3410
f 3413/5019/3409 3414/5020/3410 3415/5021/3411
f 3413/5019/3409 3415/5021/3411 3416/5022/3412
f 3413/5019/3409 3416/5022/3412 3378/4979/3374
f 3416/5022/3412 3381/4982/3377 3379/4980/3375
f 3416/5022/3412 3379/4980/3375 3378/4979/3374
f 3416/5022/3412 3415/5021/3411 3395/5000/3391
f 3416/5022/3412 3395/5000/3391 3393/4998/3389
f 3416/5022/3412 3393/4998/3389 3391/4996/3387
f 3416/5022/3412 3391/4996/3387 3381/4982/3377
f 3415/5021/3411 3414/5020/3410 3397/5002/3393
f 3415/5021/3411 3397/5002/3393 3395/5000/3391
f 3414/5020/3410 3412/5018/3408 3404/5009/3400
f 3414/5020/3410 3404/5009/3400 3402/5007/3398
f 3414/5020/3410 3402/5007/3398 3399/5004/3395
f 3414/5020/3410 3399/5004/3395 3397/5002/3393
f 3391/4996/3387 3384/4985/3380 3382/4983/3378
f 3391/4996/3387 3382/4983/3378 3381/4982/3377
f 3363/4964/3359 3361/4962/3357 3356/4954/3352
f 3363/4964/3359 3356/4954/3352 3354/4952/3350
f 3316/5023/3312 3279/4863/3275 3275/4858/3271
f 3316/5023/3312 3275/4858/3271 3274/4857/3270
f 3306/4895/3302 3089/4633/3083 3087/4631/3081
f 3306/4895/3302 3087/4631/3081 3086/4630/3080
f 3302/4891/3298 3084/4628/3078 3082/4626/3076
f 3302/4891/3298 3082/4626/3076 3417/5024/3413
f 3302/4891/3298 3417/5024/3413 3297/5025/3296
f 3302/4891/3298 3301/4890/3297 3086/4630/3080
f 3302/4891/3298 3086/4630/3080 3084/4628/3078
f 3417/5024/3413 3082/4626/3076 3080/4624/3074
f 3417/5024/3413 3080/4624/3074 3418/5026/3414
f 3417/5024/3413 3418/5026/3414 3419/5027/3415
f 3417/5024/3413 3419/5027/3415 3297/5025/3296
f 3419/5027/3415 3418/5026/3414 3420/5028/3416
f 3419/5027/3415 3420/5028/3416 3421/5029/3417
f 3419/5027/3415 3421/5029/3417 3422/5030/3418
f 3419/5027/3415 3422/5030/3418 3294/5031/3292
f 3419/5027/3415 3294/5032/3292 3297/5025/3296
f 3422/5030/3418 3421/5029/3417 3423/5033/3419
f 3422/5030/3418 3423/5033/3419 3424/5034/3420
f 3422/5030/3418 3424/5034/3420 3425/5035/3421
f 3422/5030/3418 3425/5035/3421 3293/4880/3289
f 3422/5030/3418 3293/4880/3289 3292/4879/3288
f 3422/5030/3418 3292/4879/3288 3294/5031/3292
f 3425/5035/3421 3424/5034/3420 3426/5036/3422
f 3425/5035/3421 3426/5036/3422 3427/5037/3423
f 3425/5035/3421 3427/5037/3423 3428/5038/3424
f 3425/5035/3421 3428/5038/3424 3288/4875/3284
f 3425/5035/3421 3288/4875/3284 3287/4874/3283
f 3425/5035/3421 3287/4874/3283 3293/4880/3289
f 3428/5039/3424 3427/5040/3423 3429/5041/3425
f 3428/5039/3424 3429/5041/3425 3430/5042/3426
f 3428/5039/3424 3430/5042/3426 3431/5043/3427
f 3428/5039/3424 3431/5043/3427 3283/4867/3279
f 3428/5039/3424 3283/4867/3279 3282/4866/3278
f 3428/5039/3424 3282/4866/3278 3288/5044/3284
f 3431/5043/3427 3430/5042/3426 3432/5045/3428
f 3431/5043/3427 3432/5045/3428 3433/5046/3429
f 3431/5047/3427 3433/5048/3429 3434/5049/3430
f 3431/5047/3427 3434/5049/3430 3278/5050/3274
f 3431/5043/3427 3278/4862/3274 3277/4861/3273
f 3431/5043/3427 3277/4861/3273 3283/4867/3279
f 3434/5051/3430 3433/5046/3429 3435/5052/3431
f 3434/5051/3430 3435/5052/3431 3436/5053/3432
f 3434/5051/3430 3436/5053/3432 3437/5054/3433
f 3434/5051/3430 3437/5054/3433 3273/5055/3269
f 3434/5049/3430 3273/4853/3269 3272/4852/3268
f 3434/5049/3430 3272/4852/3268 3278/5050/3274
f 3437/5054/3433 3436/5053/3432 3438/5056/3434
f 3437/5054/3433 3438/5056/3434 3439/5057/3435
f 3437/5054/3433 3439/5057/3435 3440/5058/3436
f 3437/5054/3433 3440/5058/3436 3268/5059/3264
f 3437/5054/3433 3268/5059/3264 3267/5060/3263
f 3437/5054/3433 3267/5060/3263 3273/5055/3269
f 3440/5058/3436 3439/5057/3435 3441/5061/3437
f 3440/5058/3436 3441/5061/3437 3442/5062/3438
f 3440/5063/3436 3442/5064/3438 3443/5065/3439
f 3440/5063/3436 3443/5065/3439 3263/4842/3259
f 3440/5058/3436 3263/5066/3259 3262/5067/3258
f 3440/5058/3436 3262/5067/3258 3268/5059/3264
f 3443/5065/3439 3442/5064/3438 3444/5068/3440
f 3443/5065/3439 3444/5068/3440 3445/5069/3441
f 3443/5065/3439 3445/5069/3441 3446/5070/3442
f 3443/5065/3439 3446/5070/3442 3258/4837/3254
f 3443/5065/3439 3258/4837/3254 3257/4836/3253
f 3443/5065/3439 3257/4836/3253 3263/4842/3259
f 3446/5070/3442 3445/5069/3441 3447/5071/3443
f 3446/5070/3442 3447/5071/3443 3448/5072/3444
f 3446/5070/3442 3448/5072/3444 3449/5073/3445
f 3446/5070/3442 3449/5073/3445 3253/4832/3249
f 3446/5070/3442 3253/4832/3249 3252/4831/3248
f 3446/5070/3442 3252/4831/3248 3258/4837/3254
f 3449/5073/3445 3448/5072/3444 3450/5074/3446
f 3449/5073/3445 3450/5074/3446 3451/5075/3447
f 3449/5073/3445 3451/5075/3447 3452/5076/3448
f 3449/5073/3445 3452/5076/3448 3248/4827/3244
f 3449/5073/3445 3248/4827/3244 3247/4826/3243
f 3449/5073/3445 3247/4826/3243 3253/4832/3249
f 3452/5076/3448 3451/5075/3447 3453/5077/3449
f 3452/5076/3448 3453/5077/3449 3454/5078/3450
f 3452/5076/3448 3454/5078/3450 3455/5079/3451
f 3452/5076/3448 3455/5079/3451 3243/4822/3239
f 3452/5076/3448 3243/4822/3239 3242/4821/3238
f 3452/5076/3448 3242/4821/3238 3248/4827/3244
f 3455/5079/3451 3454/5078/3450 3456/5080/3452
f 3455/5079/3451 3456/5080/3452 3457/5081/3453
f 3455/5079/3451 3457/5081/3453 3458/5082/3454
f 3455/5079/3451 3458/5082/3454 3238/4817/3234
f 3455/5079/3451 3238/4817/3234 3237/4816/3233
f 3455/5079/3451 3237/4816/3233 3243/4822/3239
f 3458/5082/3454 3457/5081/3453 3459/5083/3455
f 3458/5082/3454 3459/5083/3455 3460/5084/3456
f 3458/5082/3454 3460/5084/3456 3461/5085/3457
f 3458/5082/3454 3461/5085/3457 3233/4812/3229
f 3458/5082/3454 3233/4812/3229 3232/4811/3228
f 3458/5082/3454 3232/4811/3228 3238/4817/3234
f 3461/5085/3457 3460/5084/3456 3462/5086/3458
f 3461/5085/3457 3462/5086/3458 3463/5087/3459
f 3461/5085/3457 3463/5087/3459 3464/5088/3460
f 3461/5085/3457 3464/5088/3460 3228/4807/3224
f 3461/5085/3457 3228/4807/3224 3227/4806/3223
f 3461/5085/3457 3227/4806/3223 3233/4812/3229
f 3464/5088/3460 3463/5087/3459 3465/5089/3461
f 3464/5088/3460 3465/5089/3461 3466/5090/3462
f 3464/5088/3460 3466/5090/3462 3467/5091/3463
f 3464/5088/3460 3467/5091/3463 3223/4802/3219
f 3464/5088/3460 3223/4802/3219 3222/4801/3218
f 3464/5088/3460 3222/4801/3218 3228/4807/3224
f 3467/5091/3463 3466/5090/3462 3468/5092/3464
f 3467/5091/3463 3468/5092/3464 3469/5093/3465
f 3467/5091/3463 3469/5093/3465 3470/5094/3466
f 3467/5091/3463 3470/5094/3466 3218/4797/3214
f 3467/5091/3463 3218/4797/3214 3217/4796/3213
f 3467/5091/3463 3217/4796/3213 3223/4802/3219
f 3470/5094/3466 3469/5093/3465 3471/5095/3467
f 3470/5094/3466 3471/5095/3467 3472/5096/3468
f 3470/5094/3466 3472/5096/3468 3473/5097/3469
f 3470/5094/3466 3473/5097/3469 3213/4792/3209
f 3470/5094/3466 3213/4792/3209 3212/4791/3208
f 3470/5094/3466 3212/4791/3208 3218/4797/3214
f 3473/5097/3469 3472/5096/3468 3474/5098/3470
f 3473/5097/3469 3474/5098/3470 3475/5099/3471
f 3473/5097/3469 3475/5099/3471 3476/5100/3472
f 3473/5097/3469 3476/5100/3472 3209/4788/3205
f 3473/5097/3469 3209/4788/3205 3208/4787/3204
f 3473/5097/3469 3208/4787/3204 3213/4792/3209
f 3476/5100/3472 3475/5099/3471 3477/5101/3473
f 3476/5100/3472 3477/5101/3473 3478/5102/3474
f 3476/5100/3472 3478/5102/3474 3479/5103/3475
f 3476/5100/3472 3479/5103/3475 3204/4783/3200
f 3476/5100/3472 3204/4783/3200 3203/4782/3199
f 3476/5100/3472 3203/4782/3199 3209/4788/3205
f 3479/5103/3475 3478/5102/3474 3480/5104/3476
f 3479/5103/3475 3480/5104/3476 3481/5105/3477
f 3479/5103/3475 3481/5105/3477 3482/5106/3478
f 3479/5103/3475 3482/5106/3478 3483/5107/3479
f 3479/5103/3475 3483/5107/3479 3205/4784/3201
f 3479/5103/3475 3205/4784/3201 3204/4783/3200
f 3483/5107/3479 3482/5106/3478 3484/5108/3480
f 3483/5107/3479 3484/5108/3480 3485/5109/3481
f 3483/5107/3479 3485/5109/3481 3206/4785/3202
f 3483/5107/3479 3206/4785/3202 3205/4784/3201
f 3485/5109/3481 3484/5108/3480 3486/5110/3482
f 3485/5109/3481 3486/5110/3482 3487/5111/3483
f 3485/5109/3481 3487/5111/3483 3488/5112/3484
f 3485/5109/3481 3488/5112/3484 3206/4785/3202
f 3488/5112/3484 3487/5111/3483 3489/5113/3485
f 3488/5112/3484 3489/5113/3485 3490/5114/3486
f 3488/5112/3484 3490/5114/3486 3491/5115/3487
f 3488/5112/3484 3491/5115/3487 3199/4778/3195
f 3488/5112/3484 3199/4778/3195 3198/4777/3194
f 3488/5112/3484 3198/4777/3194 3206/4785/3202
f 3491/5115/3487 3490/5114/3486 3492/5116/3488
f 3491/5115/3487 3492/5116/3488 3493/5117/3489
f 3491/5115/3487 3493/5117/3489 3494/5118/3490
f 3491/5115/3487 3494/5118/3490 3195/4774/3191
f 3491/5115/3487 3195/4774/3191 3194/4773/3190
f 3491/5115/3487 3194/4773/3190 3199/4778/3195
f 3494/5118/3490 3493/5117/3489 3495/5119/3491
f 3494/5118/3490 3495/5119/3491 3496/5120/3492
f 3494/5118/3490 3496/5120/3492 3497/5121/3493
f 3494/5118/3490 3497/5121/3493 3192/4768/3188
f 3494/5118/3490 3192/4768/3188 3191/4767/3187
f 3494/5118/3490 3191/4767/3187 3195/4774/3191
f 3497/5121/3493 3496/5120/3492 3498/5122/3494
f 3497/5121/3493 3498/5122/3494 3499/5123/3495
f 3497/5121/3493 3499/5123/3495 3500/5124/3496
f 3497/5121/3493 3500/5124/3496 3501/5125/3497
f 3497/5121/3493 3501/5125/3497 3187/4769/3183
f 3497/5121/3493 3187/4769/3183 3192/4768/3188
f 3501/5126/3497 3500/5127/3496 3502/5128/3498
f 3501/5126/3497 3502/5128/3498 9/5129/2
f 3501/5126/3497 9/5129/2 3187/4759/3183
f 9/5129/2 7/4760/1 3187/4759/3183
f 9/5130/2 2917/4422/2909 2916/4420/2908
f 9/5130/2 3502/5128/3498 2917/5131/2909
f 2917/5131/2909 3503/5132/3499 2918/5133/2910
f 2917/5131/2909 3502/5128/3498 3500/5127/3496
f 2917/5131/2909 3500/5127/3496 3503/5132/3499
f 2918/5133/2910 3504/5134/3500 2919/5135/2911
f 2918/5133/2910 3503/5136/3499 3504/5134/3500
f 3503/5136/3499 3505/5137/3501 3504/5134/3500
f 3503/5136/3499 3500/5124/3496 3499/5123/3495
f 3503/5136/3499 3499/5123/3495 3505/5138/3501
f 3505/5137/3501 3506/5139/3502 2933/5140/2925
f 3505/5137/3501 2933/5140/2925 3507/5141/3503
f 3505/5137/3501 3507/5141/3503 2919/5135/2911
f 3505/5137/3501 2919/5135/2911 3504/5134/3500
f 3506/5142/3502 3505/5138/3501 3499/5123/3495
f 3506/5142/3502 3499/5123/3495 3498/5122/3494
f 3506/5142/3502 3498/5122/3494 3509/5143/3504
f 3506/5142/3502 3509/5143/3504 3508/5144/3505
f 3509/5143/3504 3510/5145/3506 3511/5146/3507
f 3509/5143/3504 3511/5146/3507 3508/5144/3505
f 3509/5143/3504 3498/5122/3494 3496/5120/3492
f 3509/5143/3504 3496/5120/3492 3495/5119/3491
f 3509/5143/3504 3495/5119/3491 3512/5147/3508
f 3509/5143/3504 3512/5147/3508 3510/5145/3506
f 3512/5147/3508 3513/5148/3509 3514/5149/3510
f 3512/5147/3508 3514/5149/3510 3510/5145/3506
f 3512/5147/3508 3495/5119/3491 3493/5117/3489
f 3512/5147/3508 3493/5117/3489 3492/5116/3488
f 3512/5147/3508 3492/5116/3488 3515/5150/3511
f 3512/5147/3508 3515/5150/3511 3513/5148/3509
f 3515/5150/3511 3516/5151/3512 3517/5152/3513
f 3515/5150/3511 3517/5152/3513 3513/5148/3509
f 3515/5150/3511 3492/5116/3488 3490/5114/3486
f 3515/5150/3511 3490/5114/3486 3489/5113/3485
f 3515/5150/3511 3489/5113/3485 3518/5153/3514
f 3515/5150/3511 3518/5153/3514 3516/5151/3512
f 3518/5153/3514 3519/5154/3515 3520/5155/3516
f 3518/5153/3514 3520/5155/3516 3516/5151/3512
f 3518/5153/3514 3489/5113/3485 3487/5111/3483
f 3518/5153/3514 3487/5111/3483 3486/5110/3482
f 3518/5153/3514 3486/5110/3482 3521/5156/3517
f 3518/5153/3514 3521/5156/3517 3519/5154/3515
f 3521/5156/3517 3522/5157/3518 3523/5158/3519
f 3521/5156/3517 3523/5158/3519 3519/5154/3515
f 3521/5156/3517 3486/5110/3482 3484/5108/3480
f 3521/5156/3517 3484/5108/3480 3524/5159/3520
f 3521/5156/3517 3524/5159/3520 3525/5160/3521
f 3521/5156/3517 3525/5160/3521 3522/5157/3518
f 3525/5160/3521 3526/5161/3522 3527/5162/3523
f 3525/5160/3521 3527/5162/3523 3522/5157/3518
f 3525/5160/3521 3524/5159/3520 3528/5163/3524
f 3525/5160/3521 3528/5163/3524 3529/5164/3525
f 3525/5160/3521 3529/5164/3525 3530/5165/3526
f 3525/5160/3521 3530/5165/3526 3526/5161/3522
f 3530/5165/3526 3531/5166/3527 3532/5167/3528
f 3530/5165/3526 3532/5167/3528 3526/5161/3522
f 3530/5165/3526 3529/5164/3525 3533/5168/3529
f 3530/5165/3526 3533/5168/3529 3534/5169/3530
f 3530/5165/3526 3534/5169/3530 3535/5170/3531
f 3530/5165/3526 3535/5170/3531 3531/5166/3527
f 3535/5170/3531 3536/5171/3532 3537/5172/3533
f 3535/5170/3531 3537/5172/3533 3531/5166/3527
f 3535/5170/3531 3534/5169/3530 3538/5173/3534
f 3535/5170/3531 3538/5173/3534 3539/5174/3535
f 3535/5170/3531 3539/5174/3535 3540/5175/3536
f 3535/5170/3531 3540/5175/3536 3536/5171/3532
f 3540/5175/3536 3541/5176/3537 3542/5177/3538
f 3540/5175/3536 3542/5177/3538 3536/5171/3532
f 3540/5175/3536 3539/5174/3535 3543/5178/3539
f 3540/5175/3536 3543/5178/3539 3544/5179/3540
f 3540/5175/3536 3544/5179/3540 3545/5180/3541
f 3540/5175/3536 3545/5180/3541 3541/5176/3537
f 3545/5180/3541 3546/5181/3542 3547/5182/3543
f 3545/5180/3541 3547/5182/3543 3541/5176/3537
f 3545/5180/3541 3544/5179/3540 3548/5183/3544
f 3545/5180/3541 3548/5184/3544 3549/5185/3545
f 3545/5180/3541 3549/5185/3545 3546/5181/3542
f 3549/5185/3545 3550/5186/3546 3551/5187/3547
f 3549/5185/3545 3551/5187/3547 3546/5181/3542
f 3549/5185/3545 3548/5184/3544 31/5188/3548
f 3549/5185/3545 31/5189/3548 3552/5190/3549
f 3549/5185/3545 3552/5190/3549 3550/5186/3546
f 3552/5190/3549 3553/5191/3550 3554/5192/3551
f 3552/5190/3549 3554/5192/3551 3550/5186/3546
f 3552/5190/3549 31/5189/3548 3555/5193/3552
f 3552/5190/3549 3555/5193/3552 3556/5194/3553
f 3552/5190/3549 3556/5194/3553 3557/5195/3554
f 3552/5190/3549 3557/5195/3554 3553/5191/3550
f 3557/5195/3554 3558/5196/3555 3559/5197/3556
f 3557/5195/3554 3559/5197/3556 3553/5191/3550
f 3557/5195/3554 3556/5194/3553 3560/5198/3557
f 3557/5195/3554 3560/5198/3557 3561/5199/3558
f 3557/5200/3554 3561/5201/3558 3562/5202/3559
f 3557/5200/3554 3562/5202/3559 3558/5203/3555
f 3562/5202/3559 3563/5204/3560 3564/5205/3561
f 3562/5202/3559 3564/5205/3561 3558/5203/3555
f 3562/5202/3559 3561/5201/3558 3565/5206/3562
f 3562/5202/3559 3565/5206/3562 3566/5207/3563
f 3562/5202/3559 3566/5207/3563 3567/5208/3564
f 3562/5202/3559 3567/5208/3564 3563/5204/3560
f 3567/5208/3564 3568/5209/3565 3569/5210/3566
f 3567/5208/3564 3569/5210/3566 3563/5204/3560
f 3567/5208/3564 3566/5207/3563 3570/5211/3567
f 3567/5208/3564 3570/5211/3567 3571/5212/3568
f 3567/5208/3564 3571/5212/3568 3572/5213/3569
f 3567/5208/3564 3572/5213/3569 3568/5209/3565
f 3572/5213/3569 3573/5214/3570 3574/5215/3571
f 3572/5213/3569 3574/5215/3571 3568/5209/3565
f 3572/5213/3569 3571/5212/3568 3575/5216/3572
f 3572/5213/3569 3575/5216/3572 3576/5217/3573
f 3572/5213/3569 3576/5217/3573 3577/5218/3574
f 3572/5213/3569 3577/5218/3574 3573/5214/3570
f 3577/5218/3574 3578/5219/3575 3579/5220/3576
f 3577/5218/3574 3579/5220/3576 3573/5214/3570
f 3577/5218/3574 3576/5217/3573 3580/5221/3577
f 3577/5218/3574 3580/5221/3577 3581/5222/3578
f 3577/5218/3574 3581/5222/3578 3582/5223/3579
f 3577/5218/3574 3582/5223/3579 3578/5219/3575
f 3582/5223/3579 3583/5224/3580 3584/5225/3581
f 3582/5223/3579 3584/5225/3581 3578/5219/3575
f 3582/5223/3579 3581/5222/3578 3585/5226/3582
f 3582/5223/3579 3585/5226/3582 3586/5227/3583
f 3582/5223/3579 3586/5227/3583 3587/5228/3584
f 3582/5223/3579 3587/5228/3584 3583/5224/3580
f 3587/5228/3584 3588/5229/3585 3589/5230/3586
f 3587/5228/3584 3589/5230/3586 3583/5224/3580
f 3587/5228/3584 3586/5227/3583 3590/5231/3587
f 3587/5228/3584 3590/5231/3587 3591/5232/3588
f 3587/5228/3584 3591/5232/3588 3592/5233/3589
f 3587/5228/3584 3592/5233/3589 3588/5229/3585
f 3592/5233/3589 3593/5234/3590 3594/5235/3591
f 3592/5233/3589 3594/5235/3591 3588/5229/3585
f 3592/5233/3589 3591/5232/3588 3595/5236/3592
f 3592/5233/3589 3595/5236/3592 3596/5237/3593
f 3592/5233/3589 3596/5237/3593 3597/5238/3594
f 3592/5233/3589 3597/5238/3594 3593/5234/3590
f 3597/5238/3594 3598/5239/3595 3599/5240/3596
f 3597/5238/3594 3599/5240/3596 3593/5234/3590
f 3597/5238/3594 3596/5237/3593 3600/5241/3597
f 3597/5238/3594 3600/5241/3597 3601/5242/3598
f 3597/5238/3594 3601/5242/3598 3602/5243/3599
f 3597/5238/3594 3602/5243/3599 3598/5239/3595
f 3602/5243/3599 3603/5244/3600 3604/5245/3601
f 3602/5243/3599 3604/5245/3601 3598/5239/3595
f 3602/5243/3599 3601/5242/3598 3605/5246/3602
f 3602/5243/3599 3605/5246/3602 3606/5247/3603
f 3602/5243/3599 3606/5247/3603 3607/5248/3604
f 3602/5243/3599 3607/5248/3604 3603/5244/3600
f 3607/5248/3604 3608/5249/3605 3609/5250/3606
f 3607/5248/3604 3609/5250/3606 3603/5244/3600
f 3607/5248/3604 3606/5247/3603 3610/5251/3607
f 3607/5248/3604 3610/5251/3607 3611/5252/3608
f 3607/5248/3604 3611/5252/3608 3612/5253/3609
f 3607/5248/3604 3612/5253/3609 3608/5249/3605
f 3612/5253/3609 3613/5254/3610 3614/5255/3611
f 3612/5253/3609 3614/5255/3611 3608/5249/3605
f 3612/5253/3609 3611/5252/3608 3615/5256/3612
f 3612/5253/3609 3615/5256/3612 3616/5257/3613
f 3612/5253/3609 3616/5257/3613 3617/5258/3614
f 3612/5253/3609 3617/5258/3614 3613/5254/3610
f 3617/5258/3614 3618/5259/3615 3619/5260/3616
f 3617/5258/3614 3619/5260/3616 3613/5254/3610
f 3617/5258/3614 3616/5257/3613 3620/5261/3617
f 3617/5258/3614 3620/5261/3617 3621/5262/3618
f 3617/5258/3614 3621/5262/3618 3618/5263/3615
f 3618/5263/3615 3622/5264/3619 3066/5265/3058
f 3618/5263/3615 3621/5262/3618 3623/5266/3620
f 3618/5263/3615 3623/5266/3620 3624/5267/3621
f 3618/5263/3615 3624/5268/3621 3622/5264/3619
f 3624/5268/3621 3069/5269/3061 3068/5270/3060
f 3624/5268/3621 3068/5270/3060 3622/5264/3619
f 3624/5268/3621 3625/5271/3622 3070/5272/3062
f 3624/5268/3621 3070/5272/3062 3069/5269/3061
f 3070/5272/3062 3625/5271/3622 3626/5273/3623
f 3070/5272/3062 3626/5273/3623 3071/5274/3063
f 3071/5274/3063 3626/5273/3623 3627/5275/3624
f 3071/5274/3063 3627/5275/3624 3072/5276/3064
f 3072/5276/3064 3627/5275/3624 3628/5277/3625
f 3072/5276/3064 3628/5278/3625 3073/5279/3065
f 3073/5279/3065 3628/5278/3625 5/5280/3626
f 3073/5279/3065 5/5280/3626 3629/5281/3627
f 3073/5279/3065 3629/5281/3627 3/5282/3066
f 3629/5281/3627 5/5280/3626 1/5283/3068
f 3629/5281/3627 1/5284/3068 3/5285/3066
f 5/5280/3626 4/5286/3628 1/5283/3068
f 3628/5277/3625 4/5287/3628 5/5288/3626
f 3628/5289/3625 3627/5290/3624 3630/5291/3629
f 3628/5289/3625 3630/5291/3629 3631/5292/3630
f 3628/5289/3625 3631/5292/3630 6/5293/3631
f 3628/5289/3625 6/5293/3631 4/5287/3628
f 6/5294/3631 3631/5295/3630 3632/5296/3632
f 6/5294/3631 3632/5296/3632 3633/5297/3633
f 6/5294/3631 3633/5297/3633 3634/5298/3634
f 6/5294/3631 3634/5299/3634 4/5300/3628
f 3634/5299/3634 3635/5301/3635 2/5302/3636
f 3634/5299/3634 2/5302/3636 4/5300/3628
f 3635/5301/3635 3634/5303/3634 3636/5304/3637
f 3635/5305/3635 3636/5306/3637 3426/5036/3422
f 3635/5305/3635 3426/5036/3422 3637/5307/3638
f 3635/5305/3635 3637/5307/3638 2/5308/3636
f 3637/5307/3638 3426/5036/3422 3424/5034/3420
f 3637/5307/3638 3424/5034/3420 3423/5033/3419
f 3637/5307/3638 3423/5033/3419 3638/5309/3639
f 3637/5307/3638 3638/5309/3639 2/5308/3636
f 3638/5309/3639 3076/4616/3070 1/4614/3068
f 3638/5309/3639 1/4614/3068 2/5308/3636
f 3638/5309/3639 3423/5033/3419 3421/5029/3417
f 3638/5309/3639 3421/5029/3417 3420/5028/3416
f 3638/5309/3639 3420/5028/3416 3078/4618/3072
f 3638/5309/3639 3078/4618/3072 3076/4616/3070
f 3636/5304/3637 3634/5303/3634 3639/5310/3640
f 3636/5304/3637 3639/5310/3640 3429/5041/3425
f 3636/5306/3637 3429/5311/3425 3427/5037/3423
f 3636/5306/3637 3427/5037/3423 3426/5036/3422
f 3639/5310/3640 3634/5298/3634 3640/5312/3641
f 3639/5310/3640 3640/5312/3641 3641/5313/3642
f 3639/5310/3640 3641/5313/3642 3432/5045/3428
f 3639/5310/3640 3432/5045/3428 3430/5042/3426
f 3639/5310/3640 3430/5042/3426 3429/5041/3425
f 3641/5313/3642 3640/5312/3641 3642/5314/3643
f 3641/5313/3642 3642/5314/3643 3643/5315/3644
f 3641/5313/3642 3643/5315/3644 3644/5316/3645
f 3641/5313/3642 3644/5316/3645 3435/5052/3431
f 3641/5313/3642 3435/5052/3431 3433/5046/3429
f 3641/5313/3642 3433/5046/3429 3432/5045/3428
f 3644/5316/3645 3643/5315/3644 3645/5317/3646
f 3644/5316/3645 3645/5317/3646 3646/5318/3647
f 3644/5316/3645 3646/5318/3647 3647/5319/3648
f 3644/5316/3645 3647/5319/3648 3438/5056/3434
f 3644/5316/3645 3438/5056/3434 3436/5053/3432
f 3644/5316/3645 3436/5053/3432 3435/5052/3431
f 3647/5319/3648 3646/5318/3647 3648/5320/3649
f 3647/5319/3648 3648/5320/3649 3649/5321/3650
f 3647/5319/3648 3649/5321/3650 3650/5322/3651
f 3647/5319/3648 3650/5322/3651 3441/5061/3437
f 3647/5319/3648 3441/5061/3437 3439/5057/3435
f 3647/5319/3648 3439/5057/3435 3438/5056/3434
f 3650/5322/3651 3649/5321/3650 3651/5323/3652
f 3650/5322/3651 3651/5323/3652 3652/5324/3653
f 3650/5322/3651 3652/5324/3653 3653/5325/3654
f 3650/5322/3651 3653/5325/3654 3444/5326/3440
f 3650/5322/3651 3444/5326/3440 3442/5062/3438
f 3650/5322/3651 3442/5062/3438 3441/5061/3437
f 3653/5325/3654 3652/5324/3653 3654/5327/3655
f 3653/5325/3654 3654/5327/3655 3655/5328/3656
f 3653/5325/3654 3655/5328/3656 3656/5329/3657
f 3653/5325/3654 3656/5329/3657 3447/5330/3443
f 3653/5331/3654 3447/5071/3443 3445/5069/3441
f 3653/5331/3654 3445/5069/3441 3444/5068/3440
f 3656/5329/3657 3655/5328/3656 3657/5332/3658
f 3656/5329/3657 3657/5332/3658 3658/5333/3659
f 3656/5329/3657 3658/5333/3659 3659/5334/3660
f 3656/5329/3657 3659/5334/3660 3450/5335/3446
f 3656/5336/3657 3450/5074/3446 3448/5072/3444
f 3656/5336/3657 3448/5072/3444 3447/5071/3443
f 3659/5334/3660 3658/5333/3659 3660/5337/3661
f 3659/5334/3660 3660/5337/3661 3661/5338/3662
f 3659/5339/3660 3661/5340/3662 3662/5341/3663
f 3659/5339/3660 3662/5341/3663 3453/5077/3449
f 3659/5339/3660 3453/5077/3449 3451/5075/3447
f 3659/5339/3660 3451/5075/3447 3450/5074/3446
f 3662/5341/3663 3661/5340/3662 3663/5342/3664
f 3662/5341/3663 3663/5342/3664 3664/5343/3665
f 3662/5341/3663 3664/5343/3665 3665/5344/3666
f 3662/5341/3663 3665/5344/3666 3456/5080/3452
f 3662/5341/3663 3456/5080/3452 3454/5078/3450
f 3662/5341/3663 3454/5078/3450 3453/5077/3449
f 3665/5344/3666 3664/5343/3665 3666/5345/3667
f 3665/5344/3666 3666/5345/3667 3667/5346/3668
f 3665/5344/3666 3667/5346/3668 3668/5347/3669
f 3665/5344/3666 3668/5347/3669 3459/5083/3455
f 3665/5344/3666 3459/5083/3455 3457/5081/3453
f 3665/5344/3666 3457/5081/3453 3456/5080/3452
f 3668/5347/3669 3667/5346/3668 3669/5348/3670
f 3668/5347/3669 3669/5348/3670 3670/5349/3671
f 3668/5347/3669 3670/5349/3671 3671/5350/3672
f 3668/5347/3669 3671/5350/3672 3462/5086/3458
f 3668/5347/3669 3462/5086/3458 3460/5084/3456
f 3668/5347/3669 3460/5084/3456 3459/5083/3455
f 3671/5350/3672 3670/5349/3671 3672/5351/3673
f 3671/5350/3672 3672/5351/3673 3673/5352/3674
f 3671/5350/3672 3673/5352/3674 3674/5353/3675
f 3671/5350/3672 3674/5353/3675 3465/5089/3461
f 3671/5350/3672 3465/5089/3461 3463/5087/3459
f 3671/5350/3672 3463/5087/3459 3462/5086/3458
f 3674/5353/3675 3673/5352/3674 3675/5354/3676
f 3674/5353/3675 3675/5354/3676 3676/5355/3677
f 3674/5353/3675 3676/5355/3677 3677/5356/3678
f 3674/5353/3675 3677/5356/3678 3468/5092/3464
f 3674/5353/3675 3468/5092/3464 3466/5090/3462
f 3674/5353/3675 3466/5090/3462 3465/5089/3461
f 3677/5356/3678 3676/5355/3677 3678/5357/3679
f 3677/5356/3678 3678/5357/3679 3679/5358/3680
f 3677/5356/3678 3679/5358/3680 3680/5359/3681
f 3677/5356/3678 3680/5359/3681 3471/5095/3467
f 3677/5356/3678 3471/5095/3467 3469/5093/3465
f 3677/5356/3678 3469/5093/3465 3468/5092/3464
f 3680/5359/3681 3679/5358/3680 3681/5360/3682
f 3680/5359/3681 3681/5360/3682 3682/5361/3683
f 3680/5359/3681 3682/5361/3683 3683/5362/3684
f 3680/5359/3681 3683/5362/3684 3474/5098/3470
f 3680/5359/3681 3474/5098/3470 3472/5096/3468
f 3680/5359/3681 3472/5096/3468 3471/5095/3467
f 3683/5362/3684 3682/5361/3683 3684/5363/3685
f 3683/5362/3684 3684/5363/3685 3685/5364/3686
f 3683/5362/3684 3685/5364/3686 3686/5365/3687
f 3683/5362/3684 3686/5365/3687 3477/5101/3473
f 3683/5362/3684 3477/5101/3473 3475/5099/3471
f 3683/5362/3684 3475/5099/3471 3474/5098/3470
f 3686/5365/3687 3685/5364/3686 3687/5366/3688
f 3686/5365/3687 3687/5366/3688 3688/5367/3689
f 3686/5365/3687 3688/5367/3689 3689/5368/3690
f 3686/5365/3687 3689/5368/3690 3480/5104/3476
f 3686/5365/3687 3480/5104/3476 3478/5102/3474
f 3686/5365/3687 3478/5102/3474 3477/5101/3473
f 3689/5368/3690 3690/5369/3691 3533/5168/3529
f 3689/5368/3690 3533/5168/3529 3691/5370/3692
f 3689/5368/3690 3691/5370/3692 3481/5105/3477
f 3689/5368/3690 3481/5105/3477 3480/5104/3476
f 3689/5368/3690 3688/5367/3689 3692/5371/3693
f 3689/5368/3690 3692/5371/3693 3690/5369/3691
f 3692/5371/3693 3693/5372/3694 3538/5173/3534
f 3692/5371/3693 3538/5173/3534 3690/5369/3691
f 3692/5371/3693 3688/5367/3689 3687/5366/3688
f 3692/5371/3693 3687/5366/3688 3694/5373/3695
f 3692/5371/3693 3694/5373/3695 3695/5374/3696
f 3692/5371/3693 3695/5374/3696 3693/5372/3694
f 3695/5374/3696 3696/5375/3697 3543/5178/3539
f 3695/5374/3696 3543/5178/3539 3693/5372/3694
f 3695/5374/3696 3694/5373/3695 3697/5376/3698
f 3695/5374/3696 3697/5376/3698 30/5377/3699
f 3695/5374/3696 30/5378/3699 3696/5375/3697
f 30/5377/3699 3698/5379/3700 29/5380/3701
f 30/5377/3699 3697/5376/3698 3698/5381/3700
f 3698/5381/3700 3699/5382/3702 32/5383/3703
f 3698/5381/3700 3697/5376/3698 3700/5384/3704
f 3698/5381/3700 3700/5384/3704 3701/5385/3705
f 3698/5381/3700 3701/5385/3705 3702/5386/3706
f 3698/5381/3700 3702/5386/3706 3699/5382/3702
f 3702/5386/3706 3703/5387/3707 3704/5388/3708
f 3702/5386/3706 3704/5388/3708 3699/5382/3702
f 3702/5386/3706 3701/5385/3705 3705/5389/3709
f 3702/5386/3706 3705/5389/3709 3706/5390/3710
f 3702/5386/3706 3706/5390/3710 3707/5391/3711
f 3702/5386/3706 3707/5391/3711 3703/5387/3707
f 3707/5391/3711 3708/5392/3712 3709/5393/3713
f 3707/5391/3711 3709/5393/3713 3703/5387/3707
f 3707/5391/3711 3706/5390/3710 3710/5394/3714
f 3707/5391/3711 3710/5394/3714 3711/5395/3715
f 3707/5391/3711 3711/5395/3715 3712/5396/3716
f 3707/5391/3711 3712/5396/3716 3708/5392/3712
f 3712/5396/3716 3713/5397/3717 3714/5398/3718
f 3712/5396/3716 3714/5398/3718 3708/5392/3712
f 3712/5396/3716 3711/5395/3715 3715/5399/3719
f 3712/5396/3716 3715/5399/3719 3716/5400/3720
f 3712/5396/3716 3716/5400/3720 3717/5401/3721
f 3712/5396/3716 3717/5401/3721 3713/5397/3717
f 3717/5402/3721 3718/5403/3722 3719/5404/3723
f 3717/5402/3721 3719/5404/3723 3713/5405/3717
f 3717/5401/3721 3716/5400/3720 3720/5406/3724
f 3717/5401/3721 3720/5406/3724 3721/5407/3725
f 3717/5402/3721 3721/5408/3725 3722/5409/3726
f 3717/5402/3721 3722/5409/3726 3718/5403/3722
f 3722/5409/3726 3723/5410/3727 3724/5411/3728
f 3722/5409/3726 3724/5411/3728 3718/5403/3722
f 3722/5409/3726 3721/5408/3725 3725/5412/3729
f 3722/5409/3726 3725/5412/3729 3726/5413/3730
f 3722/5409/3726 3726/5413/3730 3727/5414/3731
f 3722/5409/3726 3727/5414/3731 3723/5410/3727
f 3727/5414/3731 3728/5415/3732 3729/5416/3733
f 3727/5414/3731 3729/5416/3733 3723/5410/3727
f 3727/5414/3731 3726/5413/3730 3730/5417/3734
f 3727/5414/3731 3730/5417/3734 3731/5418/3735
f 3727/5414/3731 3731/5418/3735 3732/5419/3736
f 3727/5414/3731 3732/5419/3736 3728/5415/3732
f 3732/5419/3736 3733/5420/3737 3734/5421/3738
f 3732/5419/3736 3734/5421/3738 3728/5415/3732
f 3732/5419/3736 3731/5418/3735 3735/5422/3739
f 3732/5419/3736 3735/5422/3739 3736/5423/3740
f 3732/5419/3736 3736/5423/3740 3737/5424/3741
f 3732/5419/3736 3737/5424/3741 3733/5420/3737
f 3737/5424/3741 3738/5425/3742 3739/5426/3743
f 3737/5424/3741 3739/5426/3743 3733/5420/3737
f 3737/5424/3741 3736/5423/3740 3740/5427/3744
f 3737/5424/3741 3740/5427/3744 3741/5428/3745
f 3737/5424/3741 3741/5428/3745 3742/5429/3746
f 3737/5424/3741 3742/5429/3746 3738/5425/3742
f 3742/5429/3746 3743/5430/3747 3744/5431/3748
f 3742/5429/3746 3744/5431/3748 3738/5425/3742
f 3742/5429/3746 3741/5428/3745 3745/5432/3749
f 3742/5429/3746 3745/5432/3749 3746/5433/3750
f 3742/5429/3746 3746/5433/3750 3747/5434/3751
f 3742/5429/3746 3747/5434/3751 3743/5430/3747
f 3747/5434/3751 3748/5435/3752 3749/5436/3753
f 3747/5434/3751 3749/5436/3753 3743/5430/3747
f 3747/5434/3751 3746/5433/3750 3750/5437/3754
f 3747/5434/3751 3750/5437/3754 3751/5438/3755
f 3747/5434/3751 3751/5438/3755 3752/5439/3756
f 3747/5434/3751 3752/5439/3756 3748/5435/3752
f 3752/5439/3756 3753/5440/3757 3754/5441/3758
f 3752/5439/3756 3754/5441/3758 3748/5435/3752
f 3752/5439/3756 3751/5438/3755 3755/5442/3759
f 3752/5439/3756 3755/5442/3759 3756/5443/3760
f 3752/5439/3756 3756/5443/3760 3757/5444/3761
f 3752/5439/3756 3757/5444/3761 3753/5440/3757
f 3757/5444/3761 3758/5445/3762 3759/5446/3763
f 3757/5444/3761 3759/5446/3763 3753/5440/3757
f 3757/5444/3761 3756/5443/3760 3760/5447/3764
f 3757/5444/3761 3760/5447/3764 3761/5448/3765
f 3757/5444/3761 3761/5448/3765 3762/5449/3766
f 3757/5444/3761 3762/5449/3766 3758/5445/3762
f 3762/5449/3766 3763/5450/3767 3764/5451/3768
f 3762/5449/3766 3764/5451/3768 3758/5445/3762
f 3762/5449/3766 3761/5448/3765 3765/5452/3769
f 3762/5449/3766 3765/5452/3769 3766/5453/3770
f 3762/5449/3766 3766/5453/3770 3767/5454/3771
f 3762/5449/3766 3767/5454/3771 3763/5450/3767
f 3767/5454/3771 3630/5455/3629 3768/5456/3772
f 3767/5454/3771 3768/5456/3772 3763/5450/3767
f 3767/5454/3771 3766/5453/3770 3769/5457/3773
f 3767/5454/3771 3769/5457/3773 3632/5296/3632
f 3767/5454/3771 3632/5296/3632 3631/5295/3630
f 3767/5454/3771 3631/5295/3630 3630/5455/3629
f 3769/5457/3773 3766/5453/3770 3765/5452/3769
f 3769/5457/3773 3765/5452/3769 3645/5317/3646
f 3769/5457/3773 3645/5317/3646 3643/5315/3644
f 3769/5457/3773 3643/5315/3644 3642/5314/3643
f 3769/5457/3773 3642/5314/3643 3633/5297/3633
f 3769/5457/3773 3633/5297/3633 3632/5296/3632
f 3768/5456/3772 3770/5458/3774 3625/5459/3622
f 3768/5456/3772 3625/5459/3622 3771/5460/3775
f 3768/5456/3772 3771/5460/3775 3764/5451/3768
f 3768/5456/3772 3764/5451/3768 3763/5450/3767
f 3768/5456/3772 3630/5291/3629 3770/5458/3774
f 3771/5460/3775 3625/5459/3622 3623/5266/3620
f 3771/5460/3775 3623/5266/3620 3772/5461/3776
f 3771/5460/3775 3772/5461/3776 3773/5462/3777
f 3771/5460/3775 3773/5462/3777 3764/5451/3768
f 3773/5462/3777 3772/5461/3776 3620/5261/3617
f 3773/5462/3777 3620/5261/3617 3774/5463/3778
f 3773/5462/3777 3774/5463/3778 3775/5464/3779
f 3773/5462/3777 3775/5464/3779 3759/5446/3763
f 3773/5462/3777 3759/5446/3763 3758/5445/3762
f 3773/5462/3777 3758/5445/3762 3764/5451/3768
f 3775/5464/3779 3774/5463/3778 3615/5256/3612
f 3775/5464/3779 3615/5256/3612 3776/5465/3780
f 3775/5464/3779 3776/5465/3780 3777/5466/3781
f 3775/5464/3779 3777/5466/3781 3754/5441/3758
f 3775/5464/3779 3754/5441/3758 3753/5440/3757
f 3775/5464/3779 3753/5440/3757 3759/5446/3763
f 3777/5466/3781 3776/5465/3780 3610/5251/3607
f 3777/5466/3781 3610/5251/3607 3778/5467/3782
f 3777/5466/3781 3778/5467/3782 3779/5468/3783
f 3777/5466/3781 3779/5468/3783 3749/5436/3753
f 3777/5466/3781 3749/5436/3753 3748/5435/3752
f 3777/5466/3781 3748/5435/3752 3754/5441/3758
f 3779/5468/3783 3778/5467/3782 3605/5246/3602
f 3779/5468/3783 3605/5246/3602 3780/5469/3784
f 3779/5468/3783 3780/5469/3784 3781/5470/3785
f 3779/5468/3783 3781/5470/3785 3744/5431/3748
f 3779/5468/3783 3744/5431/3748 3743/5430/3747
f 3779/5468/3783 3743/5430/3747 3749/5436/3753
f 3781/5470/3785 3780/5469/3784 3600/5241/3597
f 3781/5470/3785 3600/5241/3597 3782/5471/3786
f 3781/5470/3785 3782/5471/3786 3783/5472/3787
f 3781/5470/3785 3783/5472/3787 3739/5426/3743
f 3781/5470/3785 3739/5426/3743 3738/5425/3742
f 3781/5470/3785 3738/5425/3742 3744/5431/3748
f 3783/5472/3787 3782/5471/3786 3595/5236/3592
f 3783/5472/3787 3595/5236/3592 3784/5473/3788
f 3783/5472/3787 3784/5473/3788 3785/5474/3789
f 3783/5472/3787 3785/5474/3789 3734/5421/3738
f 3783/5472/3787 3734/5421/3738 3733/5420/3737
f 3783/5472/3787 3733/5420/3737 3739/5426/3743
f 3785/5474/3789 3784/5473/3788 3590/5231/3587
f 3785/5474/3789 3590/5231/3587 3786/5475/3790
f 3785/5474/3789 3786/5475/3790 3787/5476/3791
f 3785/5474/3789 3787/5476/3791 3729/5416/3733
f 3785/5474/3789 3729/5416/3733 3728/5415/3732
f 3785/5474/3789 3728/5415/3732 3734/5421/3738
f 3787/5476/3791 3786/5475/3790 3585/5226/3582
f 3787/5476/3791 3585/5226/3582 3788/5477/3792
f 3787/5476/3791 3788/5477/3792 3789/5478/3793
f 3787/5476/3791 3789/5478/3793 3724/5411/3728
f 3787/5476/3791 3724/5411/3728 3723/5410/3727
f 3787/5476/3791 3723/5410/3727 3729/5416/3733
f 3789/5478/3793 3788/5477/3792 3580/5221/3577
f 3789/5478/3793 3580/5221/3577 3790/5479/3794
f 3789/5478/3793 3790/5479/3794 3791/5480/3795
f 3789/5478/3793 3791/5480/3795 3719/5404/3723
f 3789/5478/3793 3719/5404/3723 3718/5403/3722
f 3789/5478/3793 3718/5403/3722 3724/5411/3728
f 3791/5480/3795 3790/5479/3794 3575/5216/3572
f 3791/5480/3795 3575/5216/3572 3792/5481/3796
f 3791/5480/3795 3792/5481/3796 3793/5482/3797
f 3791/5480/3795 3793/5482/3797 3714/5483/3718
f 3791/5480/3795 3714/5483/3718 3713/5405/3717
f 3791/5480/3795 3713/5405/3717 3719/5404/3723
f 3793/5482/3797 3792/5481/3796 3570/5211/3567
f 3793/5482/3797 3570/5211/3567 3794/5484/3798
f 3793/5482/3797 3794/5484/3798 3795/5485/3799
f 3793/5482/3797 3795/5485/3799 3709/5486/3713
f 3793/5482/3797 3709/5486/3713 3708/5487/3712
f 3793/5482/3797 3708/5487/3712 3714/5483/3718
f 3795/5485/3799 3794/5484/3798 3565/5206/3562
f 3795/5485/3799 3565/5206/3562 3796/5488/3800
f 3795/5489/3799 3796/5490/3800 3797/5491/3801
f 3795/5489/3799 3797/5491/3801 3704/5388/3708
f 3795/5489/3799 3704/5388/3708 3703/5387/3707
f 3795/5489/3799 3703/5387/3707 3709/5393/3713
f 3797/5491/3801 3796/5490/3800 3560/5198/3557
f 3797/5491/3801 3560/5198/3557 3798/5492/3802
f 3797/5491/3801 3798/5492/3802 32/5493/3703
f 3797/5491/3801 32/5383/3703 3699/5382/3702
f 3797/5491/3801 3699/5382/3702 3704/5388/3708
f 3798/5492/3802 3560/5198/3557 3556/5194/3553
f 3798/5492/3802 3556/5194/3553 3555/5193/3552
f 3798/5492/3802 3555/5193/3552 29/5494/3701
f 3798/5492/3802 29/5494/3701 32/5493/3703
f 3796/5490/3800 3565/5495/3562 3561/5199/3558
f 3796/5490/3800 3561/5199/3558 3560/5198/3557
f 3794/5484/3798 3570/5211/3567 3566/5207/3563
f 3794/5484/3798 3566/5207/3563 3565/5206/3562
f 3792/5481/3796 3575/5216/3572 3571/5212/3568
f 3792/5481/3796 3571/5212/3568 3570/5211/3567
f 3790/5479/3794 3580/5221/3577 3576/5217/3573
f 3790/5479/3794 3576/5217/3573 3575/5216/3572
f 3788/5477/3792 3585/5226/3582 3581/5222/3578
f 3788/5477/3792 3581/5222/3578 3580/5221/3577
f 3786/5475/3790 3590/5231/3587 3586/5227/3583
f 3786/5475/3790 3586/5227/3583 3585/5226/3582
f 3784/5473/3788 3595/5236/3592 3591/5232/3588
f 3784/5473/3788 3591/5232/3588 3590/5231/3587
f 3782/5471/3786 3600/5241/3597 3596/5237/3593
f 3782/5471/3786 3596/5237/3593 3595/5236/3592
f 3780/5469/3784 3605/5246/3602 3601/5242/3598
f 3780/5469/3784 3601/5242/3598 3600/5241/3597
f 3778/5467/3782 3610/5251/3607 3606/5247/3603
f 3778/5467/3782 3606/5247/3603 3605/5246/3602
f 3776/5465/3780 3615/5256/3612 3611/5252/3608
f 3776/5465/3780 3611/5252/3608 3610/5251/3607
f 3774/5463/3778 3620/5261/3617 3616/5257/3613
f 3774/5463/3778 3616/5257/3613 3615/5256/3612
f 3772/5461/3776 3623/5266/3620 3621/5262/3618
f 3772/5461/3776 3621/5262/3618 3620/5261/3617
f 3625/5459/3622 3624/5267/3621 3623/5266/3620
f 3625/5459/3622 3770/5458/3774 3626/5496/3623
f 3626/5496/3623 3770/5458/3774 3630/5291/3629
f 3626/5496/3623 3630/5291/3629 3627/5290/3624
f 3765/5452/3769 3761/5448/3765 3760/5447/3764
f 3765/5452/3769 3760/5447/3764 3648/5320/3649
f 3765/5452/3769 3648/5320/3649 3646/5318/3647
f 3765/5452/3769 3646/5318/3647 3645/5317/3646
f 3760/5447/3764 3756/5443/3760 3755/5442/3759
f 3760/5447/3764 3755/5442/3759 3651/5323/3652
f 3760/5447/3764 3651/5323/3652 3649/5321/3650
f 3760/5447/3764 3649/5321/3650 3648/5320/3649
f 3755/5442/3759 3751/5438/3755 3750/5437/3754
f 3755/5442/3759 3750/5437/3754 3654/5327/3655
f 3755/5442/3759 3654/5327/3655 3652/5324/3653
f 3755/5442/3759 3652/5324/3653 3651/5323/3652
f 3750/5437/3754 3746/5433/3750 3745/5432/3749
f 3750/5437/3754 3745/5432/3749 3657/5332/3658
f 3750/5437/3754 3657/5332/3658 3655/5328/3656
f 3750/5437/3754 3655/5328/3656 3654/5327/3655
f 3745/5432/3749 3741/5428/3745 3740/5427/3744
f 3745/5432/3749 3740/5427/3744 3660/5337/3661
f 3745/5432/3749 3660/5337/3661 3658/5333/3659
f 3745/5432/3749 3658/5333/3659 3657/5332/3658
f 3740/5427/3744 3736/5423/3740 3735/5422/3739
f 3740/5427/3744 3735/5422/3739 3663/5497/3664
f 3740/5427/3744 3663/5497/3664 3661/5338/3662
f 3740/5427/3744 3661/5338/3662 3660/5337/3661
f 3735/5422/3739 3731/5418/3735 3730/5417/3734
f 3735/5422/3739 3730/5417/3734 3666/5498/3667
f 3735/5422/3739 3666/5498/3667 3664/5499/3665
f 3735/5422/3739 3664/5499/3665 3663/5497/3664
f 3730/5417/3734 3726/5413/3730 3725/5412/3729
f 3730/5417/3734 3725/5412/3729 3669/5500/3670
f 3730/5417/3734 3669/5500/3670 3667/5501/3668
f 3730/5417/3734 3667/5501/3668 3666/5498/3667
f 3725/5502/3729 3721/5407/3725 3720/5406/3724
f 3725/5502/3729 3720/5406/3724 3672/5351/3673
f 3725/5502/3729 3672/5351/3673 3670/5349/3671
f 3725/5502/3729 3670/5349/3671 3669/5348/3670
f 3720/5406/3724 3716/5400/3720 3715/5399/3719
f 3720/5406/3724 3715/5399/3719 3675/5354/3676
f 3720/5406/3724 3675/5354/3676 3673/5352/3674
f 3720/5406/3724 3673/5352/3674 3672/5351/3673
f 3715/5399/3719 3711/5395/3715 3710/5394/3714
f 3715/5399/3719 3710/5394/3714 3678/5357/3679
f 3715/5399/3719 3678/5357/3679 3676/5355/3677
f 3715/5399/3719 3676/5355/3677 3675/5354/3676
f 3710/5394/3714 3706/5390/3710 3705/5389/3709
f 3710/5394/3714 3705/5389/3709 3681/5360/3682
f 3710/5394/3714 3681/5360/3682 3679/5358/3680
f 3710/5394/3714 3679/5358/3680 3678/5357/3679
f 3705/5389/3709 3701/5385/3705 3700/5384/3704
f 3705/5389/3709 3700/5384/3704 3684/5363/3685
f 3705/5389/3709 3684/5363/3685 3682/5361/3683
f 3705/5389/3709 3682/5361/3683 3681/5360/3682
f 3700/5384/3704 3697/5376/3698 3694/5373/3695
f 3700/5384/3704 3694/5373/3695 3687/5366/3688
f 3700/5384/3704 3687/5366/3688 3685/5364/3686
f 3700/5384/3704 3685/5364/3686 3684/5363/3685
f 32/5383/3703 29/5380/3701 3698/5379/3700
f 3696/5375/3697 3548/5183/3544 3544/5179/3540
f 3696/5375/3697 3544/5179/3540 3543/5178/3539
f 3696/5375/3697 30/5378/3699 29/5503/3701
f 3696/5375/3697 29/5503/3701 3548/5183/3544
f 3693/5372/3694 3543/5178/3539 3539/5174/3535
f 3693/5372/3694 3539/5174/3535 3538/5173/3534
f 3691/5370/3692 3533/5168/3529 3529/5164/3525
f 3691/5370/3692 3529/5164/3525 3528/5163/3524
f 3691/5370/3692 3528/5163/3524 3482/5106/3478
f 3691/5370/3692 3482/5106/3478 3481/5105/3477
f 3690/5369/3691 3538/5173/3534 3534/5169/3530
f 3690/5369/3691 3534/5169/3530 3533/5168/3529
f 3642/5314/3643 3640/5312/3641 3634/5298/3634
f 3642/5314/3643 3634/5298/3634 3633/5297/3633
f 3068/5270/3060 3066/5265/3058 3622/5264/3619
f 3066/5265/3058 3065/4587/3057 3064/4586/3056
f 3066/5265/3058 3064/4586/3056 3619/5260/3616
f 3066/5265/3058 3619/5260/3616 3618/5259/3615
f 3619/5260/3616 3064/4586/3056 3062/4583/3054
f 3619/5260/3616 3062/4583/3054 3061/4582/3053
f 3619/5260/3616 3061/4582/3053 3614/5255/3611
f 3619/5260/3616 3614/5255/3611 3613/5254/3610
f 3614/5255/3611 3061/4582/3053 3057/4578/3049
f 3614/5255/3611 3057/4578/3049 3056/4577/3048
f 3614/5255/3611 3056/4577/3048 3609/5250/3606
f 3614/5255/3611 3609/5250/3606 3608/5249/3605
f 3609/5250/3606 3056/4577/3048 3052/4573/3044
f 3609/5250/3606 3052/4573/3044 3051/4572/3043
f 3609/5250/3606 3051/4572/3043 3604/5245/3601
f 3609/5250/3606 3604/5245/3601 3603/5244/3600
f 3604/5245/3601 3051/4572/3043 3047/4568/3039
f 3604/5245/3601 3047/4568/3039 3046/4567/3038
f 3604/5245/3601 3046/4567/3038 3599/5240/3596
f 3604/5245/3601 3599/5240/3596 3598/5239/3595
f 3599/5240/3596 3046/4567/3038 3042/4563/3034
f 3599/5240/3596 3042/4563/3034 3041/4562/3033
f 3599/5240/3596 3041/4562/3033 3594/5235/3591
f 3599/5240/3596 3594/5235/3591 3593/5234/3590
f 3594/5235/3591 3041/4562/3033 3037/4558/3029
f 3594/5235/3591 3037/4558/3029 3036/4557/3028
f 3594/5235/3591 3036/4557/3028 3589/5230/3586
f 3594/5235/3591 3589/5230/3586 3588/5229/3585
f 3589/5230/3586 3036/4557/3028 3032/4553/3024
f 3589/5230/3586 3032/4553/3024 3031/4552/3023
f 3589/5230/3586 3031/4552/3023 3584/5225/3581
f 3589/5230/3586 3584/5225/3581 3583/5224/3580
f 3584/5225/3581 3031/4552/3023 3027/4548/3019
f 3584/5225/3581 3027/4548/3019 3026/4547/3018
f 3584/5225/3581 3026/4547/3018 3579/5220/3576
f 3584/5225/3581 3579/5220/3576 3578/5219/3575
f 3579/5220/3576 3026/4547/3018 3022/4543/3014
f 3579/5220/3576 3022/4543/3014 3021/4542/3013
f 3579/5220/3576 3021/4542/3013 3574/5215/3571
f 3579/5220/3576 3574/5215/3571 3573/5214/3570
f 3574/5215/3571 3021/4542/3013 3017/4538/3009
f 3574/5215/3571 3017/4538/3009 3016/4537/3008
f 3574/5215/3571 3016/4537/3008 3569/5210/3566
f 3574/5215/3571 3569/5210/3566 3568/5209/3565
f 3569/5210/3566 3016/4537/3008 3012/4533/3004
f 3569/5210/3566 3012/4533/3004 3011/4532/3003
f 3569/5210/3566 3011/4532/3003 3564/5205/3561
f 3569/5210/3566 3564/5205/3561 3563/5204/3560
f 3564/5205/3561 3011/4532/3003 3007/4527/2999
f 3564/5205/3561 3007/4527/2999 3006/5504/2998
f 3564/5205/3561 3006/5504/2998 3559/5505/3556
f 3564/5205/3561 3559/5505/3556 3558/5203/3555
f 3559/5506/3556 3006/4524/2998 3002/4520/2994
f 3559/5506/3556 3002/4520/2994 3001/4519/2993
f 3559/5197/3556 3001/5507/2993 3554/5192/3551
f 3559/5197/3556 3554/5192/3551 3553/5191/3550
f 3555/5193/3552 31/5188/3548 29/5494/3701
f 3554/5508/3551 3001/4519/2993 2997/4515/2989
f 3554/5508/3551 2997/4515/2989 2996/4514/2988
f 3554/5508/3551 2996/4514/2988 3551/5509/3547
f 3554/5508/3551 3551/5509/3547 3550/5510/3546
f 3551/5509/3547 2996/4514/2988 2992/4510/2984
f 3551/5509/3547 2992/4510/2984 2991/4509/2983
f 3551/5187/3547 2991/5511/2983 3547/5182/3543
f 3551/5187/3547 3547/5182/3543 3546/5181/3542
f 3548/5184/3544 29/5503/3701 31/5188/3548
f 3547/5512/3543 2991/4509/2983 2987/4505/2979
f 3547/5512/3543 2987/4505/2979 2986/4504/2978
f 3547/5182/3543 2986/5513/2978 3542/5177/3538
f 3547/5182/3543 3542/5177/3538 3541/5176/3537
f 3542/5177/3538 2986/5513/2978 2982/5514/2974
f 3542/5177/3538 2982/5514/2974 2981/5515/2973
f 3542/5177/3538 2981/5515/2973 3537/5172/3533
f 3542/5177/3538 3537/5172/3533 3536/5171/3532
f 3537/5172/3533 2981/5515/2973 2977/4492/2969
f 3537/5172/3533 2977/4492/2969 2976/4491/2968
f 3537/5172/3533 2976/4491/2968 3532/5167/3528
f 3537/5172/3533 3532/5167/3528 3531/5166/3527
f 3532/5167/3528 2976/4491/2968 2972/4487/2964
f 3532/5167/3528 2972/4487/2964 2971/4486/2963
f 3532/5167/3528 2971/4486/2963 3527/5162/3523
f 3532/5167/3528 3527/5162/3523 3526/5161/3522
f 3528/5163/3524 3524/5159/3520 3484/5108/3480
f 3528/5163/3524 3484/5108/3480 3482/5106/3478
f 3527/5162/3523 2971/4486/2963 2967/4482/2959
f 3527/5162/3523 2967/4482/2959 2966/4481/2958
f 3527/5162/3523 2966/4481/2958 3523/5158/3519
f 3527/5162/3523 3523/5158/3519 3522/5157/3518
f 3523/5158/3519 2966/4481/2958 2962/4477/2954
f 3523/5158/3519 2962/4477/2954 2961/4476/2953
f 3523/5158/3519 2961/4476/2953 3520/5155/3516
f 3523/5158/3519 3520/5155/3516 3519/5154/3515
f 3520/5155/3516 2961/4476/2953 2957/4472/2949
f 3520/5155/3516 2957/4472/2949 2956/4471/2948
f 3520/5155/3516 2956/4471/2948 3517/5152/3513
f 3520/5155/3516 3517/5152/3513 3516/5151/3512
f 3517/5152/3513 2956/4471/2948 2952/4467/2944
f 3517/5152/3513 2952/4467/2944 2951/4466/2943
f 3517/5152/3513 2951/4466/2943 3514/5149/3510
f 3517/5152/3513 3514/5149/3510 3513/5148/3509
f 3514/5149/3510 2951/4466/2943 2947/4462/2939
f 3514/5149/3510 2947/4462/2939 2946/4461/2938
f 3514/5149/3510 2946/4461/2938 3511/5146/3507
f 3514/5149/3510 3511/5146/3507 3510/5145/3506
f 3511/5146/3507 2946/4461/2938 2942/4457/2934
f 3511/5146/3507 2942/4457/2934 2941/4456/2933
f 3511/5146/3507 2941/4456/2933 3508/5516/3505
f 3508/5516/3505 2941/4456/2933 2935/4455/2927
f 3508/5516/3505 2935/4455/2927 2934/5517/2926
f 3508/5516/3505 2934/5517/2926 2933/5140/2925
f 3508/5516/3505 2933/5140/2925 3506/5139/3502
f 3507/5141/3503 2920/4431/2912 2919/5135/2911
f 3507/5518/3503 2933/4447/2925 2929/4443/2921
f 3507/5518/3503 2929/4443/2921 2921/4434/2913
f 3507/5518/3503 2921/4434/2913 2920/4432/2912
f 3420/5028/3416 3418/5026/3414 3080/4624/3074
f 3420/5028/3416 3080/4624/3074 3078/4618/3072
f 3114/4667/3108 3096/4640/3090 3094/4638/3088
f 3114/4667/3108 3094/4638/3088 3093/4637/3087
f 3112/5519/3106 3099/4648/3093 3097/4643/3091
f 3112/5519/3106 3097/4643/3091 3096/5520/3090
f 3110/5521/3104 3102/4651/3096 3100/4649/3094
f 3110/5521/3104 3100/4649/3094 3099/4648/3093
f 2777/4589/2767 2775/4220/2765 2774/4219/2764
f 2774/4585/2764 2772/4217/2762 2771/4216/2761
f 3060/4581/3052 2769/4214/2759 2767/4212/2757
f 3060/4581/3052 2767/4212/2757 3799/5522/3803
f 3060/4581/3052 3799/5522/3803 3055/4576/3047
f 3060/4581/3052 3055/4576/3047 3054/4575/3046
f 3060/4581/3052 3059/4580/3051 2771/4216/2761
f 3060/4581/3052 2771/4216/2761 2769/4214/2759
f 3799/5522/3803 2767/4212/2757 2765/4210/2755
f 3799/5522/3803 2765/4210/2755 3800/5523/3804
f 3799/5522/3803 3800/5523/3804 3801/5524/3805
f 3799/5522/3803 3801/5524/3805 3055/4576/3047
f 3801/5524/3805 3800/5523/3804 3802/5525/3806
f 3801/5524/3805 3802/5525/3806 3803/5526/3807
f 3801/5524/3805 3803/5526/3807 3804/5527/3808
f 3801/5524/3805 3804/5527/3808 3050/4571/3042
f 3801/5524/3805 3050/4571/3042 3049/4570/3041
f 3801/5524/3805 3049/4570/3041 3055/4576/3047
f 3804/5527/3808 3803/5526/3807 3805/5528/3809
f 3804/5527/3808 3805/5528/3809 3806/5529/3810
f 3804/5527/3808 3806/5529/3810 3807/5530/3811
f 3804/5527/3808 3807/5530/3811 3045/4566/3037
f 3804/5527/3808 3045/4566/3037 3044/4565/3036
f 3804/5527/3808 3044/4565/3036 3050/4571/3042
f 3807/5530/3811 3806/5529/3810 3808/5531/3812
f 3807/5530/3811 3808/5531/3812 3809/5532/3813
f 3807/5530/3811 3809/5532/3813 3810/5533/3814
f 3807/5530/3811 3810/5533/3814 3040/4561/3032
f 3807/5530/3811 3040/4561/3032 3039/4560/3031
f 3807/5530/3811 3039/4560/3031 3045/4566/3037
f 3810/5533/3814 3809/5532/3813 3811/5534/3815
f 3810/5533/3814 3811/5534/3815 3812/5535/3816
f 3810/5533/3814 3812/5535/3816 3813/5536/3817
f 3810/5533/3814 3813/5536/3817 3035/4556/3027
f 3810/5533/3814 3035/4556/3027 3034/4555/3026
f 3810/5533/3814 3034/4555/3026 3040/4561/3032
f 3813/5536/3817 3812/5535/3816 3814/5537/3818
f 3813/5536/3817 3814/5537/3818 3815/5538/3819
f 3813/5536/3817 3815/5538/3819 3816/5539/3820
f 3813/5536/3817 3816/5539/3820 3030/4551/3022
f 3813/5536/3817 3030/4551/3022 3029/4550/3021
f 3813/5536/3817 3029/4550/3021 3035/4556/3027
f 3816/5539/3820 3815/5538/3819 3817/5540/3821
f 3816/5539/3820 3817/5540/3821 3818/5541/3822
f 3816/5539/3820 3818/5541/3822 3819/5542/3823
f 3816/5539/3820 3819/5542/3823 3025/4546/3017
f 3816/5539/3820 3025/4546/3017 3024/4545/3016
f 3816/5539/3820 3024/4545/3016 3030/4551/3022
f 3819/5542/3823 3818/5541/3822 3820/5543/3824
f 3819/5542/3823 3820/5543/3824 3821/5544/3825
f 3819/5542/3823 3821/5544/3825 3822/5545/3826
f 3819/5542/3823 3822/5545/3826 3020/4541/3012
f 3819/5542/3823 3020/4541/3012 3019/4540/3011
f 3819/5542/3823 3019/4540/3011 3025/4546/3017
f 3822/5545/3826 3821/5544/3825 3823/5546/3827
f 3822/5545/3826 3823/5546/3827 3824/5547/3828
f 3822/5545/3826 3824/5547/3828 3825/5548/3829
f 3822/5545/3826 3825/5548/3829 3015/4536/3007
f 3822/5545/3826 3015/4536/3007 3014/4535/3006
f 3822/5545/3826 3014/4535/3006 3020/4541/3012
f 3825/5549/3829 3824/5550/3828 3826/5551/3830
f 3825/5549/3829 3826/5551/3830 3827/5552/3831
f 3825/5549/3829 3827/5552/3831 3828/5553/3832
f 3825/5549/3829 3828/5553/3832 3010/5554/3002
f 3825/5548/3829 3010/4531/3002 3009/4530/3001
f 3825/5548/3829 3009/4530/3001 3015/4536/3007
f 3828/5553/3832 3827/5552/3831 3829/5555/3833
f 3828/5553/3832 3829/5555/3833 3830/5556/3834
f 3828/5553/3832 3830/5556/3834 3831/5557/3835
f 3828/5553/3832 3831/5557/3835 3005/4523/2997
f 3828/5553/3832 3005/4523/2997 3004/4522/2996
f 3828/5553/3832 3004/4522/2996 3010/5554/3002
f 3831/5557/3835 3830/5558/3834 3832/5559/3836
f 3831/5557/3835 3832/5559/3836 3833/5560/3837
f 3831/5557/3835 3833/5560/3837 3000/4518/2992
f 3831/5557/3835 3000/4518/2992 2999/4517/2991
f 3831/5557/3835 2999/4517/2991 3005/4523/2997
f 3833/5560/3837 3832/5559/3836 3834/5561/3838
f 3833/5560/3837 3834/5561/3838 3835/5562/3839
f 3833/5560/3837 3835/5562/3839 3836/5563/3840
f 3833/5560/3837 3836/5563/3840 2995/4513/2987
f 3833/5560/3837 2995/4513/2987 2994/4512/2986
f 3833/5560/3837 2994/4512/2986 3000/4518/2992
f 3836/5563/3840 3835/5562/3839 3837/5564/3841
f 3836/5563/3840 3837/5564/3841 3838/5565/3842
f 3836/5563/3840 3838/5565/3842 3839/5566/3843
f 3836/5563/3840 3839/5566/3843 2990/4508/2982
f 3836/5563/3840 2990/4508/2982 2989/4507/2981
f 3836/5563/3840 2989/4507/2981 2995/4513/2987
f 3839/5566/3843 3838/5565/3842 3840/5567/3844
f 3839/5566/3843 3840/5567/3844 3841/5568/3845
f 3839/5566/3843 3841/5568/3845 3842/5569/3846
f 3839/5566/3843 3842/5569/3846 2985/4503/2977
f 3839/5566/3843 2985/4503/2977 2984/4502/2976
f 3839/5566/3843 2984/4502/2976 2990/4508/2982
f 3842/5569/3846 3841/5568/3845 3843/5570/3847
f 3842/5569/3846 3843/5570/3847 3844/5571/3848
f 3842/5569/3846 3844/5571/3848 3845/5572/3849
f 3842/5569/3846 3845/5572/3849 2980/4496/2972
f 3842/5569/3846 2980/4496/2972 2979/4495/2971
f 3842/5569/3846 2979/4495/2971 2985/4503/2977
f 3845/5573/3849 3844/5574/3848 3846/5575/3850
f 3845/5573/3849 3846/5575/3850 3847/5576/3851
f 3845/5573/3849 3847/5576/3851 3848/5577/3852
f 3845/5573/3849 3848/5577/3852 2975/4490/2967
f 3845/5573/3849 2975/4490/2967 2974/4489/2966
f 3845/5573/3849 2974/4489/2966 2980/5578/2972
f 3848/5577/3852 3847/5576/3851 3849/5579/3853
f 3848/5577/3852 3849/5579/3853 3850/5580/3854
f 3848/5577/3852 3850/5580/3854 3851/5581/3855
f 3848/5577/3852 3851/5581/3855 2970/4485/2962
f 3848/5577/3852 2970/4485/2962 2969/4484/2961
f 3848/5577/3852 2969/4484/2961 2975/4490/2967
f 3851/5581/3855 3850/5580/3854 3852/5582/3856
f 3851/5581/3855 3852/5582/3856 3853/5583/3857
f 3851/5581/3855 3853/5583/3857 3854/5584/3858
f 3851/5581/3855 3854/5584/3858 2965/4480/2957
f 3851/5581/3855 2965/4480/2957 2964/4479/2956
f 3851/5581/3855 2964/4479/2956 2970/4485/2962
f 3854/5584/3858 3853/5583/3857 3855/5585/3859
f 3854/5584/3858 3855/5585/3859 3856/5586/3860
f 3854/5584/3858 3856/5586/3860 3857/5587/3861
f 3854/5584/3858 3857/5587/3861 2960/4475/2952
f 3854/5584/3858 2960/4475/2952 2959/4474/2951
f 3854/5584/3858 2959/4474/2951 2965/4480/2957
f 3857/5587/3861 3856/5586/3860 3858/5588/3862
f 3857/5587/3861 3858/5588/3862 3859/5589/3863
f 3857/5587/3861 3859/5589/3863 3860/5590/3864
f 3857/5587/3861 3860/5590/3864 2955/4470/2947
f 3857/5587/3861 2955/4470/2947 2954/4469/2946
f 3857/5587/3861 2954/4469/2946 2960/4475/2952
f 3860/5590/3864 3859/5589/3863 3861/5591/3865
f 3860/5590/3864 3861/5591/3865 3862/5592/3866
f 3860/5590/3864 3862/5592/3866 3863/5593/3867
f 3860/5590/3864 3863/5593/3867 2950/4465/2942
f 3860/5590/3864 2950/4465/2942 2949/4464/2941
f 3860/5590/3864 2949/4464/2941 2955/4470/2947
f 3863/5593/3867 3862/5592/3866 3864/5594/3868
f 3863/5593/3867 3864/5594/3868 3865/5595/3869
f 3863/5593/3867 3865/5595/3869 3866/5596/3870
f 3863/5593/3867 3866/5596/3870 2945/4460/2937
f 3863/5593/3867 2945/4460/2937 2944/4459/2936
f 3863/5593/3867 2944/4459/2936 2950/4465/2942
f 3866/5596/3870 3865/5595/3869 3867/5597/3871
f 3866/5596/3870 3867/5597/3871 3868/5598/3872
f 3866/5596/3870 3868/5598/3872 3869/5599/3873
f 3866/5596/3870 3869/5599/3873 2940/4454/2932
f 3866/5596/3870 2940/4454/2932 2939/4453/2931
f 3866/5596/3870 2939/4453/2931 2945/4460/2937
f 3869/5599/3873 3868/5598/3872 3870/5600/3874
f 3869/5599/3873 3870/5600/3874 3871/5601/3875
f 3869/5599/3873 3871/5601/3875 3872/5602/3876
f 3869/5599/3873 3872/5602/3876 2937/4451/2929
f 3869/5599/3873 2937/4451/2929 2936/4450/2928
f 3869/5599/3873 2936/4450/2928 2940/4454/2932
f 3872/5602/3876 3871/5601/3875 3873/5603/3877
f 3872/5602/3876 3873/5603/3877 3874/5604/3878
f 3872/5602/3876 3874/5604/3878 3875/5605/3879
f 3872/5602/3876 3875/5605/3879 2932/4446/2924
f 3872/5602/3876 2932/4446/2924 2931/4445/2923
f 3872/5602/3876 2931/4445/2923 2937/4451/2929
f 3875/5605/3879 3874/5604/3878 3876/5606/3880
f 3875/5605/3879 3876/5606/3880 3877/5607/3881
f 3875/5605/3879 3877/5607/3881 3878/5608/3882
f 3875/5605/3879 3878/5608/3882 2928/4442/2920
f 3875/5605/3879 2928/4442/2920 2927/4441/2919
f 3875/5605/3879 2927/4441/2919 2932/4446/2924
f 3878/5608/3882 3877/5607/3881 3879/5609/3883
f 3878/5608/3882 3879/5609/3883 3880/5610/3884
f 3878/5608/3882 3880/5610/3884 2669/4087/2659
f 3878/5608/3882 2669/4087/2659 2925/4439/2917
f 3878/5608/3882 2925/4439/2917 2924/4438/2916
f 3878/5608/3882 2924/4438/2916 2928/4442/2920
f 3880/5610/3884 3879/5609/3883 3881/5611/3885
f 3880/5610/3884 3881/5611/3885 2672/4090/2662
f 3880/5610/3884 2672/4090/2662 2670/4088/2660
f 3880/5610/3884 2670/4088/2660 2669/4087/2659
f 3881/5611/3885 3882/5612/3886 3883/5613/3887
f 3881/5611/3885 3883/5613/3887 2675/4093/2665
f 3881/5611/3885 2675/4093/2665 2673/4091/2663
f 3881/5611/3885 2673/4091/2663 2672/4090/2662
f 3881/5611/3885 3879/5609/3883 3884/5614/3888
f 3881/5611/3885 3884/5614/3888 3882/5612/3886
f 3884/5614/3888 3885/5615/3889 3886/5616/3890
f 3884/5614/3888 3886/5616/3890 3882/5612/3886
f 3884/5614/3888 3879/5609/3883 3877/5607/3881
f 3884/5614/3888 3877/5607/3881 3876/5606/3880
f 3884/5614/3888 3876/5606/3880 3887/5617/3891
f 3884/5614/3888 3887/5617/3891 3885/5615/3889
f 3887/5617/3891 3888/5618/3892 3889/5619/3893
f 3887/5617/3891 3889/5619/3893 3885/5615/3889
f 3887/5617/3891 3876/5606/3880 3874/5604/3878
f 3887/5617/3891 3874/5604/3878 3873/5603/3877
f 3887/5617/3891 3873/5603/3877 3890/5620/3894
f 3887/5617/3891 3890/5620/3894 3888/5618/3892
f 3890/5620/3894 3891/5621/3895 3892/5622/3896
f 3890/5620/3894 3892/5622/3896 3888/5618/3892
f 3890/5620/3894 3873/5603/3877 3871/5601/3875
f 3890/5620/3894 3871/5601/3875 3870/5600/3874
f 3890/5620/3894 3870/5600/3874 3893/5623/3897
f 3890/5620/3894 3893/5623/3897 3891/5621/3895
f 3893/5623/3897 3894/5624/3898 3895/5625/3899
f 3893/5623/3897 3895/5625/3899 3891/5621/3895
f 3893/5623/3897 3870/5600/3874 3868/5598/3872
f 3893/5623/3897 3868/5598/3872 3867/5597/3871
f 3893/5623/3897 3867/5597/3871 3896/5626/3900
f 3893/5623/3897 3896/5626/3900 3894/5624/3898
f 3896/5626/3900 3897/5627/3901 3898/5628/3902
f 3896/5626/3900 3898/5628/3902 3894/5624/3898
f 3896/5626/3900 3867/5597/3871 3865/5595/3869
f 3896/5626/3900 3865/5595/3869 3864/5594/3868
f 3896/5626/3900 3864/5594/3868 3899/5629/3903
f 3896/5626/3900 3899/5629/3903 3897/5627/3901
f 3899/5629/3903 3900/5630/3904 3901/5631/3905
f 3899/5629/3903 3901/5631/3905 3897/5627/3901
f 3899/5629/3903 3864/5594/3868 3862/5592/3866
f 3899/5629/3903 3862/5592/3866 3861/5591/3865
f 3899/5629/3903 3861/5591/3865 3902/5632/3906
f 3899/5629/3903 3902/5632/3906 3900/5630/3904
f 3902/5632/3906 3903/5633/3907 3904/5634/3908
f 3902/5632/3906 3904/5634/3908 3900/5630/3904
f 3902/5632/3906 3861/5591/3865 3859/5589/3863
f 3902/5632/3906 3859/5589/3863 3858/5588/3862
f 3902/5632/3906 3858/5588/3862 3905/5635/3909
f 3902/5632/3906 3905/5635/3909 3903/5633/3907
f 3905/5635/3909 3906/5636/3910 3907/5637/3911
f 3905/5635/3909 3907/5637/3911 3903/5633/3907
f 3905/5635/3909 3858/5588/3862 3856/5586/3860
f 3905/5635/3909 3856/5586/3860 3855/5585/3859
f 3905/5635/3909 3855/5585/3859 3908/5638/3912
f 3905/5635/3909 3908/5638/3912 3906/5636/3910
f 3908/5638/3912 3909/5639/3913 3910/5640/3914
f 3908/5638/3912 3910/5640/3914 3906/5636/3910
f 3908/5638/3912 3855/5585/3859 3853/5583/3857
f 3908/5638/3912 3853/5583/3857 3852/5582/3856
f 3908/5638/3912 3852/5582/3856 3911/5641/3915
f 3908/5638/3912 3911/5641/3915 3909/5639/3913
f 3911/5641/3915 3912/5642/3916 3913/5643/3917
f 3911/5641/3915 3913/5643/3917 3909/5639/3913
f 3911/5641/3915 3852/5582/3856 3850/5580/3854
f 3911/5641/3915 3850/5580/3854 3849/5579/3853
f 3911/5641/3915 3849/5579/3853 3914/5644/3918
f 3911/5641/3915 3914/5644/3918 3912/5642/3916
f 3914/5644/3918 3915/5645/3919 3916/5646/3920
f 3914/5644/3918 3916/5646/3920 3912/5642/3916
f 3914/5644/3918 3849/5579/3853 3847/5576/3851
f 3914/5644/3918 3847/5576/3851 3846/5575/3850
f 3914/5644/3918 3846/5575/3850 3917/5647/3921
f 3914/5644/3918 3917/5647/3921 3915/5645/3919
f 3917/5648/3921 3918/5649/3922 3919/5650/3923
f 3917/5648/3921 3919/5650/3923 3915/5651/3919
f 3917/5648/3921 3846/5652/3850 3844/5571/3848
f 3917/5648/3921 3844/5571/3848 3843/5570/3847
f 3917/5648/3921 3843/5570/3847 3920/5653/3924
f 3917/5648/3921 3920/5653/3924 3918/5649/3922
f 3920/5653/3924 3921/5654/3925 3922/5655/3926
f 3920/5653/3924 3922/5655/3926 3918/5649/3922
f 3920/5653/3924 3843/5570/3847 3841/5568/3845
f 3920/5653/3924 3841/5568/3845 3840/5567/3844
f 3920/5653/3924 3840/5567/3844 3923/5656/3927
f 3920/5653/3924 3923/5656/3927 3921/5654/3925
f 3923/5656/3927 3924/5657/3928 3925/5658/3929
f 3923/5656/3927 3925/5658/3929 3921/5654/3925
f 3923/5656/3927 3840/5567/3844 3838/5565/3842
f 3923/5656/3927 3838/5565/3842 3837/5564/3841
f 3923/5656/3927 3837/5564/3841 3926/5659/3930
f 3923/5656/3927 3926/5659/3930 3924/5657/3928
f 3926/5659/3930 3927/5660/3931 3928/5661/3932
f 3926/5659/3930 3928/5661/3932 3924/5657/3928
f 3926/5659/3930 3837/5564/3841 3835/5562/3839
f 3926/5659/3930 3835/5562/3839 3834/5561/3838
f 3926/5659/3930 3834/5561/3838 3929/5662/3933
f 3926/5659/3930 3929/5662/3933 3927/5660/3931
f 3929/5662/3933 3930/5663/3934 3931/5664/3935
f 3929/5662/3933 3931/5664/3935 3927/5660/3931
f 3929/5662/3933 3834/5561/3838 3832/5559/3836
f 3929/5662/3933 3832/5559/3836 3830/5558/3834
f 3929/5665/3933 3830/5666/3834 3930/5667/3934
f 3930/5668/3934 3830/5556/3834 3829/5555/3833
f 3930/5668/3934 3829/5555/3833 3932/5669/3936
f 3932/5669/3936 3829/5555/3833 3827/5552/3831
f 3932/5669/3936 3827/5552/3831 3826/5551/3830
f 3932/5669/3936 3826/5551/3830 3934/5670/3937
f 3932/5669/3936 3934/5670/3937 3933/5671/3938
f 3934/5670/3937 3935/5672/3939 3936/5673/3940
f 3934/5670/3937 3936/5673/3940 3933/5671/3938
f 3934/5670/3937 3826/5551/3830 3824/5550/3828
f 3934/5670/3937 3824/5550/3828 3823/5674/3827
f 3934/5670/3937 3823/5674/3827 3937/5675/3941
f 3934/5670/3937 3937/5675/3941 3935/5672/3939
f 3937/5676/3941 3938/5677/3942 3939/5678/3943
f 3937/5676/3941 3939/5678/3943 3935/5679/3939
f 3937/5676/3941 3823/5546/3827 3821/5544/3825
f 3937/5676/3941 3821/5544/3825 3820/5543/3824
f 3937/5676/3941 3820/5543/3824 3940/5680/3944
f 3937/5676/3941 3940/5680/3944 3938/5677/3942
f 3940/5680/3944 3941/5681/3945 3942/5682/3946
f 3940/5680/3944 3942/5682/3946 3938/5677/3942
f 3940/5680/3944 3820/5543/3824 3818/5541/3822
f 3940/5680/3944 3818/5541/3822 3817/5540/3821
f 3940/5680/3944 3817/5540/3821 3943/5683/3947
f 3940/5680/3944 3943/5683/3947 3941/5681/3945
f 3943/5683/3947 3944/5684/3948 3945/5685/3949
f 3943/5683/3947 3945/5685/3949 3941/5681/3945
f 3943/5683/3947 3817/5540/3821 3815/5538/3819
f 3943/5683/3947 3815/5538/3819 3814/5537/3818
f 3943/5683/3947 3814/5537/3818 3946/5686/3950
f 3943/5683/3947 3946/5686/3950 3944/5684/3948
f 3946/5686/3950 2753/4197/2743 2751/4195/2741
f 3946/5686/3950 2751/4195/2741 3944/5684/3948
f 3946/5686/3950 3814/5537/3818 3812/5535/3816
f 3946/5686/3950 3812/5535/3816 3811/5534/3815
f 3946/5686/3950 3811/5534/3815 3947/5687/3951
f 3946/5686/3950 3947/5687/3951 2753/4197/2743
f 3947/5687/3951 2756/4200/2746 2754/4198/2744
f 3947/5687/3951 2754/4198/2744 2753/4197/2743
f 3947/5687/3951 3811/5534/3815 3809/5532/3813
f 3947/5687/3951 3809/5532/3813 3808/5531/3812
f 3947/5687/3951 3808/5531/3812 3948/5688/3952
f 3947/5687/3951 3948/5688/3952 2756/4200/2746
f 3948/5688/3952 2758/4203/2748 2755/4202/2745
f 3948/5688/3952 2755/4202/2745 2756/4200/2746
f 3948/5688/3952 3808/5531/3812 3806/5529/3810
f 3948/5688/3952 3806/5529/3810 3805/5528/3809
f 3948/5688/3952 3805/5528/3809 3949/5689/3953
f 3948/5688/3952 3949/5689/3953 2758/4203/2748
f 3949/5689/3953 2761/4206/2751 2759/4204/2749
f 3949/5689/3953 2759/4204/2749 2758/4203/2748
f 3949/5689/3953 3805/5528/3809 3803/5526/3807
f 3949/5689/3953 3803/5526/3807 3802/5525/3806
f 3949/5689/3953 3802/5525/3806 2763/4208/2753
f 3949/5689/3953 2763/4208/2753 2761/4206/2751
f 3945/5685/3949 2750/4193/2740 2748/4191/2738
f 3945/5685/3949 2748/4191/2738 3950/5690/3954
f 3945/5685/3949 3950/5690/3954 3942/5682/3946
f 3945/5685/3949 3942/5682/3946 3941/5681/3945
f 3945/5685/3949 3944/5684/3948 2751/4195/2741
f 3945/5685/3949 2751/4195/2741 2750/4193/2740
f 3950/5690/3954 2748/4191/2738 2746/4189/2736
f 3950/5690/3954 2746/4189/2736 3951/5691/3955
f 3950/5690/3954 3951/5691/3955 3952/5692/3956
f 3950/5690/3954 3952/5692/3956 3942/5682/3946
f 3952/5693/3956 3951/5694/3955 2743/5695/2733
f 3952/5693/3956 2743/5695/2733 3953/5696/3957
f 3952/5693/3956 3953/5696/3957 3954/5697/3958
f 3952/5693/3956 3954/5697/3958 3939/5698/3943
f 3952/5692/3956 3939/5678/3943 3938/5677/3942
f 3952/5692/3956 3938/5677/3942 3942/5682/3946
f 3954/5699/3958 3953/5700/3957 2741/5701/2731
f 3954/5699/3958 2741/5701/2731 2740/5702/2730
f 3954/5699/3958 2740/5702/2730 3936/5703/3940
f 3954/5697/3958 3936/5673/3940 3935/5672/3939
f 3954/5697/3958 3935/5672/3939 3939/5698/3943
f 3936/5704/3940 2740/4176/2730 3955/5705/3959
f 3936/5704/3940 3955/5705/3959 3956/5706/3960
f 3936/5704/3940 3956/5706/3960 3933/5707/3938
f 3956/5706/3960 3955/5705/3959 2737/4173/2727
f 3956/5706/3960 2737/4173/2727 3957/5708/3961
f 3956/5706/3960 3957/5708/3961 3958/5709/3962
f 3956/5706/3960 3958/5709/3962 3932/5710/3936
f 3956/5706/3960 3932/5711/3936 3933/5707/3938
f 3958/5709/3962 3957/5708/3961 2734/4170/2724
f 3958/5709/3962 2734/4170/2724 3959/5712/3963
f 3958/5709/3962 3959/5712/3963 3960/5713/3964
f 3958/5709/3962 3960/5713/3964 3931/5664/3935
f 3958/5709/3962 3931/5664/3935 3930/5663/3934
f 3958/5709/3962 3930/5663/3934 3932/5710/3936
f 3960/5713/3964 3959/5712/3963 2731/4167/2721
f 3960/5713/3964 2731/4167/2721 3961/5714/3965
f 3960/5713/3964 3961/5714/3965 3962/5715/3966
f 3960/5713/3964 3962/5715/3966 3928/5661/3932
f 3960/5713/3964 3928/5661/3932 3927/5660/3931
f 3960/5713/3964 3927/5660/3931 3931/5664/3935
f 3962/5715/3966 3961/5714/3965 2728/4163/2718
f 3962/5715/3966 2728/4163/2718 3963/5716/3967
f 3962/5715/3966 3963/5716/3967 3964/5717/3968
f 3962/5715/3966 3964/5717/3968 3925/5658/3929
f 3962/5715/3966 3925/5658/3929 3924/5657/3928
f 3962/5715/3966 3924/5657/3928 3928/5661/3932
f 3964/5717/3968 3963/5716/3967 2725/5718/2715
f 3964/5717/3968 2725/5718/2715 3965/5719/3969
f 3964/5717/3968 3965/5719/3969 3966/5720/3970
f 3964/5717/3968 3966/5720/3970 3922/5655/3926
f 3964/5717/3968 3922/5655/3926 3921/5654/3925
f 3964/5717/3968 3921/5654/3925 3925/5658/3929
f 3966/5721/3970 3965/5722/3969 2722/4155/2712
f 3966/5721/3970 2722/4155/2712 3967/5723/3971
f 3966/5720/3970 3967/5724/3971 3968/5725/3972
f 3966/5720/3970 3968/5725/3972 3919/5650/3923
f 3966/5720/3970 3919/5650/3923 3918/5649/3922
f 3966/5720/3970 3918/5649/3922 3922/5655/3926
f 3968/5725/3972 3967/5724/3971 2719/4149/2709
f 3968/5725/3972 2719/4149/2709 3969/5726/3973
f 3968/5727/3972 3969/5728/3973 3970/5729/3974
f 3968/5727/3972 3970/5729/3974 3916/5646/3920
f 3968/5725/3972 3916/5730/3920 3915/5651/3919
f 3968/5725/3972 3915/5651/3919 3919/5650/3923
f 3970/5731/3974 3969/5726/3973 2716/4146/2706
f 3970/5731/3974 2716/4146/2706 3971/5732/3975
f 3970/5729/3974 3971/5733/3975 3972/5734/3976
f 3970/5729/3974 3972/5734/3976 3913/5643/3917
f 3970/5729/3974 3913/5643/3917 3912/5642/3916
f 3970/5729/3974 3912/5642/3916 3916/5646/3920
f 3972/5735/3976 3971/5732/3975 2713/4143/2703
f 3972/5735/3976 2713/4143/2703 3973/5736/3977
f 3972/5734/3976 3973/5737/3977 3974/5738/3978
f 3972/5734/3976 3974/5738/3978 3910/5640/3914
f 3972/5734/3976 3910/5640/3914 3909/5639/3913
f 3972/5734/3976 3909/5639/3913 3913/5643/3917
f 3974/5738/3978 3973/5737/3977 2710/5739/2700
f 3974/5738/3978 2710/5739/2700 3975/5740/3979
f 3974/5738/3978 3975/5740/3979 3976/5741/3980
f 3974/5738/3978 3976/5741/3980 3907/5637/3911
f 3974/5738/3978 3907/5637/3911 3906/5636/3910
f 3974/5738/3978 3906/5636/3910 3910/5640/3914
f 3976/5741/3980 3975/5740/3979 2707/5742/2697
f 3976/5741/3980 2707/5742/2697 3977/5743/3981
f 3976/5741/3980 3977/5743/3981 3978/5744/3982
f 3976/5741/3980 3978/5744/3982 3904/5634/3908
f 3976/5741/3980 3904/5634/3908 3903/5633/3907
f 3976/5741/3980 3903/5633/3907 3907/5637/3911
f 3978/5744/3982 3977/5743/3981 2704/4133/2694
f 3978/5744/3982 2704/4133/2694 3979/5745/3983
f 3978/5744/3982 3979/5745/3983 3980/5746/3984
f 3978/5744/3982 3980/5746/3984 3901/5631/3905
f 3978/5744/3982 3901/5631/3905 3900/5630/3904
f 3978/5744/3982 3900/5630/3904 3904/5634/3908
f 3980/5746/3984 3979/5745/3983 2701/4128/2691
f 3980/5746/3984 2701/4128/2691 3981/5747/3985
f 3980/5746/3984 3981/5747/3985 3982/5748/3986
f 3980/5746/3984 3982/5748/3986 3898/5628/3902
f 3980/5746/3984 3898/5628/3902 3897/5627/3901
f 3980/5746/3984 3897/5627/3901 3901/5631/3905
f 3982/5748/3986 3981/5747/3985 2698/4123/2688
f 3982/5748/3986 2698/4123/2688 3983/5749/3987
f 3982/5748/3986 3983/5749/3987 3984/5750/3988
f 3982/5748/3986 3984/5750/3988 3895/5625/3899
f 3982/5748/3986 3895/5625/3899 3894/5624/3898
f 3982/5748/3986 3894/5624/3898 3898/5628/3902
f 3984/5750/3988 3983/5749/3987 2695/5751/2685
f 3984/5750/3988 2695/5751/2685 3985/5752/3989
f 3984/5750/3988 3985/5752/3989 3986/5753/3990
f 3984/5750/3988 3986/5753/3990 3892/5622/3896
f 3984/5750/3988 3892/5622/3896 3891/5621/3895
f 3984/5750/3988 3891/5621/3895 3895/5625/3899
f 3986/5753/3990 3985/5752/3989 2692/4114/2682
f 3986/5753/3990 2692/4114/2682 3987/5754/3991
f 3986/5753/3990 3987/5754/3991 3988/5755/3992
f 3986/5753/3990 3988/5755/3992 3889/5619/3893
f 3986/5753/3990 3889/5619/3893 3888/5618/3892
f 3986/5753/3990 3888/5618/3892 3892/5622/3896
f 3988/5755/3992 3987/5754/3991 2689/4110/2679
f 3988/5755/3992 2689/4110/2679 3989/5756/3993
f 3988/5755/3992 3989/5756/3993 3990/5757/3994
f 3988/5755/3992 3990/5757/3994 3886/5616/3890
f 3988/5755/3992 3886/5616/3890 3885/5615/3889
f 3988/5755/3992 3885/5615/3889 3889/5619/3893
f 3990/5757/3994 3989/5756/3993 2686/4106/2676
f 3990/5757/3994 2686/4106/2676 3991/5758/3995
f 3990/5757/3994 3991/5758/3995 2678/4096/2668
f 3990/5757/3994 2678/4096/2668 3883/5613/3887
f 3990/5757/3994 3883/5613/3887 3882/5612/3886
f 3990/5757/3994 3882/5612/3886 3886/5616/3890
f 3991/5758/3995 2686/4106/2676 2683/4101/2673
f 3991/5758/3995 2683/4101/2673 2681/4099/2671
f 3991/5758/3995 2681/4099/2671 2679/4097/2669
f 3991/5758/3995 2679/4097/2669 2678/4096/2668
f 3989/5756/3993 2689/4110/2679 2687/4107/2677
f 3989/5756/3993 2687/4107/2677 2686/4106/2676
f 3987/5754/3991 2692/4114/2682 2690/4111/2680
f 3987/5754/3991 2690/4111/2680 2689/4110/2679
f 3985/5752/3989 2695/5751/2685 2693/4115/2683
f 3985/5752/3989 2693/4115/2683 2692/4114/2682
f 3983/5749/3987 2698/4123/2688 2696/4122/2686
f 3983/5749/3987 2696/4122/2686 2695/5751/2685
f 3981/5747/3985 2701/4128/2691 2699/4124/2689
f 3981/5747/3985 2699/4124/2689 2698/4123/2688
f 3979/5745/3983 2704/4133/2694 2702/4129/2692
f 3979/5745/3983 2702/4129/2692 2701/4128/2691
f 3977/5743/3981 2707/5742/2697 2705/4134/2695
f 3977/5743/3981 2705/4134/2695 2704/4133/2694
f 3975/5759/3979 2710/4140/2700 2708/4138/2698
f 3975/5759/3979 2708/4138/2698 2707/4137/2697
f 3973/5736/3977 2713/4143/2703 2711/4141/2701
f 3973/5736/3977 2711/4141/2701 2710/4140/2700
f 3971/5732/3975 2716/4146/2706 2714/4144/2704
f 3971/5732/3975 2714/4144/2704 2713/4143/2703
f 3969/5726/3973 2719/4149/2709 2717/4147/2707
f 3969/5726/3973 2717/4147/2707 2716/4146/2706
f 3967/5723/3971 2722/4155/2712 2720/4152/2710
f 3967/5723/3971 2720/4152/2710 2719/5760/2709
f 3965/5722/3969 2725/4158/2715 2723/4156/2713
f 3965/5722/3969 2723/4156/2713 2722/4155/2712
f 3963/5716/3967 2728/4163/2718 2726/4162/2716
f 3963/5716/3967 2726/4162/2716 2725/5718/2715
f 3961/5714/3965 2731/4167/2721 2729/4164/2719
f 3961/5714/3965 2729/4164/2719 2728/4163/2718
f 3959/5712/3963 2734/4170/2724 2732/4168/2722
f 3959/5712/3963 2732/4168/2722 2731/4167/2721
f 3957/5708/3961 2737/4173/2727 2735/4171/2725
f 3957/5708/3961 2735/4171/2725 2734/4170/2724
f 3955/5705/3959 2740/4176/2730 2738/4174/2728
f 3955/5705/3959 2738/4174/2728 2737/4173/2727
f 3953/5700/3957 2743/4181/2733 2742/4180/2732
f 3953/5700/3957 2742/4180/2732 2741/5701/2731
f 3951/5694/3955 2746/5761/2736 2744/4184/2734
f 3951/5694/3955 2744/4184/2734 2743/5695/2733
f 3883/5613/3887 2678/4096/2668 2676/4094/2666
f 3883/5613/3887 2676/4094/2666 2675/4093/2665
f 3802/5525/3806 3800/5523/3804 2765/4210/2755
f 3802/5525/3806 2765/4210/2755 2763/4208/2753
f 2925/4439/2917 2669/4087/2659 2667/4085/2657
f 2925/4439/2917 2667/4085/2657 2666/4084/2656
f 2916/4419/2908 10/3/3 9/2/2
f 2915/4415/2907 2914/4414/2906 7/4750/1
f 2915/4415/2907 7/4750/1 10/3/3
f 2841/4323/2832 2839/4321/2830 2823/4293/2814
f 2841/4323/2832 2823/4293/2814 2821/4291/2812
f 2837/4319/2828 2824/4296/2815 2822/4295/2813
f 2837/4319/2828 2822/4295/2813 2823/4293/2814
f 2835/4317/2826 2827/4300/2818 2825/4297/2816
f 2835/4317/2826 2825/4297/2816 2824/4296/2815
f 2515/4239/2505 50/5762/26 49/4240/25
f 2515/4239/2505 2514/3870/2504 50/3869/26
f 2780/4229/2770 2778/4223/2768 2777/4222/2767
f 2567/3951/2557 2565/3947/2555 2561/3939/2551
f 2567/3951/2557 2561/3939/2551 2559/3937/2549
f 2447/3779/2437 2158/3342/2143 2156/3340/2141
f 2447/3779/2437 2156/3340/2141 3992/5763/3996
f 2447/3779/2437 3992/5763/3996 2442/3774/2432
f 2447/3779/2437 2442/3774/2432 2441/3773/2431
f 2447/3779/2437 2446/3778/2436 2160/3344/2145
f 2447/3779/2437 2160/3344/2145 2158/3342/2143
f 3992/5763/3996 2156/3340/2141 2154/3338/2139
f 3992/5763/3996 2154/3338/2139 3993/5764/3997
f 3992/5763/3996 3993/5764/3997 3994/5765/3998
f 3992/5763/3996 3994/5765/3998 2442/3774/2432
f 3994/5765/3998 3993/5764/3997 2152/3335/2137
f 3994/5765/3998 2152/3335/2137 3995/5766/3999
f 3994/5765/3998 3995/5766/3999 2437/5767/2427
f 3994/5765/3998 2437/3769/2427 2436/3768/2426
f 3994/5765/3998 2436/3768/2426 2442/3774/2432
f 2437/5767/2427 3995/5766/3999 2150/5768/2135
f 2437/5767/2427 2150/5768/2135 2149/5769/2134
f 2437/5767/2427 2149/5769/2134 3996/5770/4000
f 2437/5767/2427 3996/5770/4000 2432/5771/2425
f 3996/5770/4000 2149/3330/2134 3997/5772/4001
f 3996/5770/4000 3997/5772/4001 3998/5773/4002
f 3996/5770/4000 3998/5773/4002 2429/3760/2419
f 3996/5770/4000 2429/5774/2419 2432/5771/2425
f 3998/5773/4002 3997/5772/4001 2146/3327/2131
f 3998/5773/4002 2146/3327/2131 3999/5775/4003
f 3998/5773/4002 3999/5775/4003 4000/5776/4004
f 3998/5773/4002 4000/5776/4004 2425/3756/2415
f 3998/5773/4002 2425/3756/2415 2424/3755/2414
f 3998/5773/4002 2424/3755/2414 2429/3760/2419
f 4000/5776/4004 3999/5775/4003 2143/3324/2128
f 4000/5776/4004 2143/3324/2128 4001/5777/4005
f 4000/5776/4004 4001/5777/4005 4002/5778/4006
f 4000/5776/4004 4002/5778/4006 2420/3751/2410
f 4000/5776/4004 2420/3751/2410 2419/3750/2409
f 4000/5776/4004 2419/3750/2409 2425/3756/2415
f 4002/5778/4006 4001/5777/4005 2140/3321/2125
f 4002/5778/4006 2140/3321/2125 4003/5779/4007
f 4002/5778/4006 4003/5779/4007 4004/5780/4008
f 4002/5778/4006 4004/5780/4008 2416/3746/2406
f 4002/5778/4006 2416/3746/2406 2415/3745/2405
f 4002/5778/4006 2415/3745/2405 2420/3751/2410
f 4004/5780/4008 4003/5779/4007 2137/3318/2122
f 4004/5780/4008 2137/3318/2122 4005/5781/4009
f 4004/5780/4008 4005/5781/4009 4006/5782/4010
f 4004/5780/4008 4006/5782/4010 2411/3741/2401
f 4004/5780/4008 2411/3741/2401 2410/3740/2400
f 4004/5780/4008 2410/3740/2400 2416/3746/2406
f 4006/5782/4010 4005/5781/4009 2134/3315/2119
f 4006/5782/4010 2134/3315/2119 4007/5783/4011
f 4006/5782/4010 4007/5783/4011 4008/5784/4012
f 4006/5782/4010 4008/5784/4012 2406/3736/2396
f 4006/5782/4010 2406/3736/2396 2405/3735/2395
f 4006/5782/4010 2405/3735/2395 2411/3741/2401
f 4008/5784/4012 4007/5783/4011 2131/3312/2116
f 4008/5784/4012 2131/3312/2116 4009/5785/4013
f 4008/5784/4012 4009/5785/4013 4010/5786/4014
f 4008/5784/4012 4010/5786/4014 2401/3731/2391
f 4008/5784/4012 2401/3731/2391 2400/3730/2390
f 4008/5784/4012 2400/3730/2390 2406/3736/2396
f 4010/5786/4014 4009/5785/4013 2128/3309/2113
f 4010/5786/4014 2128/3309/2113 4011/5787/4015
f 4010/5786/4014 4011/5787/4015 4012/5788/4016
f 4010/5786/4014 4012/5788/4016 2396/5789/2386
f 4010/5786/4014 2396/5789/2386 2395/3729/2385
f 4010/5786/4014 2395/3729/2385 2401/3731/2391
f 4012/5790/4016 4011/5791/4015 2125/5792/2110
f 4012/5790/4016 2125/5792/2110 4013/5793/4017
f 4012/5790/4016 4013/5793/4017 4014/5794/4018
f 4012/5790/4016 4014/5794/4018 2391/3714/2381
f 4012/5790/4016 2391/3714/2381 2390/3713/2380
f 4012/5790/4016 2390/3713/2380 2396/3722/2386
f 4014/5794/4018 4013/5793/4017 2122/5795/2107
f 4014/5794/4018 2122/5795/2107 4015/5796/4019
f 4014/5794/4018 4015/5796/4019 26/5797/2373
f 4014/5794/4018 26/5797/2373 28/3709/2378
f 4014/5794/4018 28/3712/2378 2391/3714/2381
f 4015/5798/4019 2122/3300/2107 2120/3299/2105
f 4015/5798/4019 2120/3299/2105 2119/5799/2104
f 4015/5796/4019 2119/5800/2104 26/3699/2373
f 4013/5793/4017 2125/5792/2110 2123/5801/2108
f 4013/5793/4017 2123/5801/2108 2122/5795/2107
f 4011/5787/4015 2128/3309/2113 2126/3306/2111
f 4011/5787/4015 2126/3306/2111 2125/5802/2110
f 4009/5785/4013 2131/3312/2116 2129/3310/2114
f 4009/5785/4013 2129/3310/2114 2128/3309/2113
f 4007/5783/4011 2134/3315/2119 2132/3313/2117
f 4007/5783/4011 2132/3313/2117 2131/3312/2116
f 4005/5781/4009 2137/3318/2122 2135/3316/2120
f 4005/5781/4009 2135/3316/2120 2134/3315/2119
f 4003/5779/4007 2140/3321/2125 2138/3319/2123
f 4003/5779/4007 2138/3319/2123 2137/3318/2122
f 4001/5777/4005 2143/3324/2128 2141/3322/2126
f 4001/5777/4005 2141/3322/2126 2140/3321/2125
f 3999/5775/4003 2146/3327/2131 2144/3325/2129
f 3999/5775/4003 2144/3325/2129 2143/3324/2128
f 3997/5772/4001 2149/3330/2134 2147/3328/2132
f 3997/5772/4001 2147/3328/2132 2146/3327/2131
f 3995/5766/3999 2152/3335/2137 2151/3334/2136
f 3995/5766/3999 2151/3334/2136 2150/5768/2135
f 3993/5764/3997 2154/3338/2139 2153/3336/2138
f 3993/5764/3997 2153/3336/2138 2152/3335/2137
f 2385/3701/2374 2383/3694/2370 2381/3692/2368
f 2385/3701/2374 2381/3692/2368 2380/3691/2367
f 2248/3496/2235 78/5803/1964 76/3497/2228
f 2119/3294/2104 2117/5804/2102 26/5805/2373
f 1994/3107/1979 1995/3104/1980 1993/3103/1978
f 78/3063/1964 1979/3062/1963 76/3480/2228
f 1742/2731/1726 1744/2726/1728 1741/2725/1725
f 1739/3113/1723 1737/5806/1720 1736/3114/1719
f 1731/2699/1714 1733/2698/1716 1730/2696/1713
f 1705/2666/1689 45/25/22 44/24/21
f 1705/2666/1689 44/24/21 1704/2621/1687
f 1466/2279/1449 1465/2278/1448 1464/2712/1447
f 1466/2279/1449 1464/2712/1447 48/2711/1722
f 1440/5807/1424 1045/1570/1025 1043/5808/1023
f 1440/5807/1424 1046/1575/1026 1045/1574/1025
f 1043/5808/1023 4016/5809/4020 1440/5810/1424
f 4016/5809/4020 1043/1564/1023 1042/1563/1022
f 4016/5809/4020 1042/1563/1022 1041/5811/1021
f 4016/5809/4020 1041/5811/1021 1040/5812/1020
f 4016/5809/4020 1040/5812/1020 1438/5813/1422
f 4016/5809/4020 1438/5814/1422 1440/5810/1424
f 1040/5812/1020 4017/5815/4021 1436/5816/1420
f 1040/5812/1020 1436/5817/1420 1438/5813/1422
f 4017/5815/4021 1040/1558/1020 1039/1557/1019
f 4017/5815/4021 1039/1557/1019 1038/5818/1018
f 4017/5815/4021 1038/5818/1018 4018/5819/4022
f 4017/5815/4021 4018/5819/4022 1434/5820/1418
f 4017/5815/4021 1434/5821/1418 1436/5816/1420
f 4018/5819/4022 1038/1553/1018 1037/1552/1017
f 4018/5819/4022 1037/1552/1017 4019/5822/4023
f 4018/5819/4022 4019/5822/4023 1432/5823/1416
f 4018/5819/4022 1432/5824/1416 1434/5820/1418
f 4019/5822/4023 1037/5825/1017 1036/5826/1016
f 4019/5822/4023 1036/5826/1016 4020/5827/4024
f 4019/5822/4023 4020/5827/4024 1429/5828/1414
f 4019/5822/4023 1429/5829/1414 1432/5823/1416
f 4020/5830/4024 1036/1546/1016 1035/1545/1015
f 4020/5827/4024 1035/5831/1015 1034/5832/1014
f 4020/5827/4024 1034/5832/1014 1427/5833/1411
f 4020/5827/4024 1427/5834/1411 1429/5828/1414
f 1034/5835/1014 1033/5836/1013 1425/5837/1408
f 1034/5832/1014 1425/5838/1408 1427/5833/1411
f 1033/5836/1013 1034/1542/1014 1032/1541/1012
f 1033/5836/1013 1031/5839/1011 1426/5840/1409
f 1033/5836/1013 1426/5841/1409 1425/5837/1408
f 1426/5840/1409 1031/5839/1011 57/37/32
f 1031/5839/1011 1033/1539/1013 1030/1538/1010
f 1031/5839/1011 58/38/33 57/37/32
f 1430/2182/1412 1428/2180/1410 40/20/17
f 1430/2182/1412 40/20/17 39/19/16
f 57/5842/32 56/35/31 1418/2165/1401
f 1402/2551/1385 1401/5843/1384 1400/5844/1383
f 1402/2551/1385 1400/5844/1383 1399/2552/1382
f 1187/1809/1168 1075/1664/1055 1074/1663/1054
f 1185/1806/1166 1078/1668/1058 1076/1667/1056
f 1185/1806/1166 1076/1667/1056 1075/1808/1055
f 1078/1804/1058 1080/1671/1060 1077/1670/1057
f 1080/1802/1060 1083/1674/1063 1081/1672/1061
f 1181/1800/1163 1086/1677/1066 1084/1675/1064
f 1181/1800/1163 1084/1675/1064 1083/1674/1063
f 1178/1797/1160 1089/1680/1069 1087/1678/1067
f 1178/1797/1160 1087/1678/1067 1086/1677/1066
f 1174/1793/1156 1092/1683/1072 1090/1681/1070
f 1174/1793/1156 1090/1681/1070 1089/1680/1069
f 1170/1789/1152 1095/1686/1075 1093/1684/1073
f 1170/1789/1152 1093/1684/1073 1092/1683/1072
f 1166/1785/1148 1098/1690/1078 1096/1687/1076
f 1166/1785/1148 1096/1687/1076 1095/1686/1075
f 1162/1781/1144 1101/1780/1081 1099/1691/1079
f 1162/1781/1144 1099/1691/1079 1098/1690/1078
f 1158/1773/1140 1104/1698/1084 1102/1696/1082
f 1158/1773/1140 1102/1696/1082 1101/1695/1081
f 1154/1772/1136 1107/1701/1087 1105/1699/1085
f 1154/1772/1136 1105/1699/1085 1104/1698/1084
f 1150/1762/1132 1110/1706/1090 1108/1705/1088
f 1150/1762/1132 1108/1705/1088 1107/1766/1087
f 1146/1758/1128 1113/1710/1093 1111/1707/1091
f 1146/1758/1128 1111/1707/1091 1110/1706/1090
f 1142/1753/1124 1116/1715/1096 1114/1711/1094
f 1142/1753/1124 1114/1711/1094 1113/1710/1093
f 1139/1749/1121 1119/1718/1099 1117/1716/1097
f 1139/1749/1121 1117/1716/1097 1116/1715/1096
f 1136/1745/1118 1122/1721/1102 1120/1719/1100
f 1136/1745/1118 1120/1719/1100 1119/1718/1099
f 1133/1744/1115 1125/1724/1105 1123/1722/1103
f 1133/1744/1115 1123/1722/1103 1122/1721/1102
f 1056/1614/1036 1052/1596/1032 1051/1594/1031
f 1031/1531/1011 1029/1530/1009 58/1528/33
f 18/5845/501 276/5846/248 37/5847/500
f 278/5848/250 271/5849/243 33/5850/246
f 36/235/204 34/232/194 232/231/202
f 227/223/197 225/218/192 223/216/190
f 227/223/197 223/216/190 221/215/189
f 2/5302/3636 1/5283/3068 4/5286/3628
