# Blender 4.4.3
# www.blender.org
mtllib 0.002.mtl
o Result.001
v 0.002015 -0.024162 0.014592
v 0.004302 -0.023660 0.014306
v 0.000254 -0.022629 0.013245
v 0.005379 -0.022779 0.013536
v 0.003112 -0.021897 0.012853
v 0.004883 -0.021094 0.012396
v 0.002604 -0.020216 0.011687
v 0.007496 -0.021361 0.012394
v 0.005319 -0.019353 0.011092
v 0.008486 -0.020091 0.011469
v 0.002642 -0.018416 0.010252
v 0.007487 -0.018962 0.010750
v 0.005466 -0.017718 0.009647
v 0.009591 -0.018792 0.010401
v 0.002980 -0.016867 0.008690
v 0.010230 0.031676 -0.000229
v 0.008044 -0.017276 0.009243
v 0.010462 -0.017155 0.009149
v 0.005683 -0.016337 0.008158
v 0.003531 -0.015501 0.006782
v 0.008729 -0.016099 0.007822
v 0.010397 -0.015470 0.007483
v 0.005784 -0.014712 0.005683
v 0.008316 -0.014361 0.005626
v 0.010574 -0.013987 0.006012
v 0.005031 -0.013920 0.003950
v 0.009256 -0.013484 0.004621
v 0.007562 -0.013288 0.003041
v 0.006171 -0.013669 0.002213
v 0.006237 -0.010630 0.003748
v 0.008147 -0.008954 0.004032
v 0.013031 0.030241 -0.000326
v 0.009034 -0.012985 0.002455
v 0.006855 -0.006705 0.005056
v 0.007922 -0.015263 0.000140
v 0.008171 -0.005006 0.005454
v 0.008152 0.032373 0.000154
v 0.007667 -0.002086 0.006691
v 0.010530 -0.014649 0.001240
v 0.005596 -0.015014 -0.000687
v 0.011883 -0.013044 0.002316
v 0.010806 -0.010223 0.003255
v 0.010316 -0.007322 0.004241
v 0.008992 0.000361 0.007213
v 0.010861 -0.005365 0.004941
v 0.010394 -0.002974 0.006020
v 0.012837 -0.010684 0.002850
v 0.011236 -0.001287 0.006516
v 0.009329 0.002534 0.007510
v 0.009663 -0.015547 -0.000915
v 0.013259 -0.015569 0.000489
v 0.014302 -0.012821 0.002210
v 0.015344 -0.015937 0.000851
v 0.012954 -0.007771 0.003622
v 0.012938 -0.003676 0.005379
v 0.007378 -0.014329 -0.003174
v 0.012828 0.000039 0.006740
v 0.014601 -0.009861 0.002770
v 0.013687 -0.005747 0.004370
v 0.012479 0.002697 0.007160
v 0.010600 0.004289 0.007413
v 0.012131 -0.015780 -0.001449
v 0.016921 -0.013814 0.001893
v 0.014744 -0.002994 0.005546
v 0.017703 -0.020747 -0.001426
v 0.017535 -0.016678 0.000243
v 0.020011 -0.022952 -0.001889
v 0.016157 -0.018379 -0.001203
v 0.015224 -0.016795 -0.001421
v 0.016669 -0.010600 0.002433
v 0.015692 -0.006632 0.003761
v 0.015463 -0.005230 0.004430
v 0.016114 -0.000616 0.006375
v 0.014657 0.001245 0.006848
v 0.009887 0.006513 0.007151
v 0.013518 0.004684 0.007067
v 0.022465 -0.024846 -0.001964
v 0.009834 -0.014298 -0.003381
v 0.019864 -0.016487 0.000297
v 0.019622 -0.013780 0.001825
v 0.019190 -0.011242 0.002125
v 0.017570 -0.004138 0.004907
v 0.015592 0.003409 0.006948
v 0.025909 -0.026782 -0.001819
v 0.013748 -0.015810 -0.002222
v 0.017804 -0.008701 0.002790
v 0.018565 -0.017730 -0.001490
v 0.007264 -0.015079 -0.004666
v 0.018190 -0.005911 0.003963
v 0.018312 -0.001968 0.005837
v 0.018489 0.000065 0.006343
v 0.020274 -0.020233 -0.001817
v 0.021723 -0.014472 0.001368
v 0.017658 0.001946 0.006699
v 0.024960 -0.024497 -0.002177
v 0.022628 -0.022327 -0.002300
v 0.022059 -0.017469 -0.000087
v 0.019733 -0.010117 0.002353
v 0.019720 -0.004775 0.004524
v 0.032380 -0.028955 -0.000950
v 0.029341 -0.027282 -0.001276
v 0.022365 -0.019737 -0.001372
v 0.021684 -0.012315 0.001900
v 0.020083 -0.007366 0.003183
v 0.021061 -0.001409 0.005849
v 0.017787 0.004100 0.006635
v 0.014916 0.006281 0.006629
v 0.012347 0.007896 0.006330
v 0.028580 -0.025500 -0.001414
v 0.012598 -0.014043 -0.003228
v 0.021791 -0.003881 0.004911
v 0.033901 -0.029063 -0.001241
v 0.026654 -0.023250 -0.001523
v 0.024418 -0.022285 -0.001746
v 0.007127 -0.017076 -0.006741
v 0.024417 -0.018697 -0.000851
v 0.010563 -0.015195 -0.005125
v 0.007815 -0.012234 -0.003953
v 0.024133 -0.015377 0.000739
v 0.021651 -0.010194 0.002248
v 0.020271 0.001877 0.006412
v 0.024997 -0.020781 -0.001426
v 0.010703 -0.012335 -0.003765
v 0.022459 -0.008191 0.002930
v 0.021885 -0.005781 0.003974
v 0.004737 -0.025659 -0.011575
v 0.027325 -0.021518 -0.001298
v 0.020524 -0.016745 -0.001882
v 0.017007 -0.015800 -0.002646
v 0.015869 -0.014556 -0.003149
v 0.026152 -0.017126 0.000014
v 0.022243 0.000608 0.006113
v 0.016946 0.007370 0.005889
v 0.011047 0.009259 0.005652
v 0.033665 -0.027468 -0.001361
v 0.030855 -0.025260 -0.001313
v 0.029651 -0.023368 -0.001368
v 0.005572 0.034564 0.000354
v 0.009737 -0.016816 -0.006709
v 0.027966 -0.019248 -0.000388
v 0.024575 -0.012764 0.001707
v 0.024145 -0.010994 0.002084
v 0.023450 -0.004538 0.004598
v 0.023647 -0.001449 0.005681
v 0.006293 -0.023329 -0.010949
v 0.008742 -0.018261 -0.008081
v 0.020162 0.004361 0.006349
v 0.014537 0.007943 0.005985
v 0.006546 -0.019310 -0.008858
v 0.029871 -0.021146 -0.000779
v 0.026563 -0.014433 0.000479
v 0.024946 -0.008766 0.002785
v 0.023928 -0.006762 0.003510
v 0.025187 -0.004542 0.004623
v 0.033086 -0.024676 -0.001464
v 0.031570 -0.022815 -0.001108
v 0.022986 -0.017291 -0.001669
v 0.013838 -0.012204 -0.003559
v 0.026216 -0.011746 0.001892
v 0.024741 0.000429 0.005934
v 0.022869 0.003050 0.006164
v 0.008445 -0.022217 -0.010527
v 0.006973 -0.021076 -0.010045
v 0.011236 -0.017185 -0.007137
v 0.033416 -0.022338 -0.000189
v 0.031526 -0.019140 -0.000003
v 0.029239 -0.017279 0.000030
v 0.019657 -0.015002 -0.002487
v 0.028143 -0.015150 0.000089
v 0.012269 -0.010704 -0.003892
v 0.010040 -0.009977 -0.004330
v 0.026307 -0.006540 0.003771
v 0.025787 -0.002146 0.005444
v 0.035950 -0.027782 -0.001481
v 0.009346 -0.020280 -0.009568
v 0.022372 -0.015390 -0.001914
v 0.017198 -0.013369 -0.003010
v 0.027827 -0.010449 0.002257
v 0.022546 0.005269 0.005891
v 0.019378 0.006882 0.005722
v 0.014318 0.009729 0.004525
v 0.035933 -0.025762 -0.001239
v 0.010460 -0.019214 -0.008887
v 0.026078 -0.019692 -0.001666
v 0.028818 -0.013370 0.000965
v 0.027728 -0.007460 0.003365
v 0.027917 -0.004857 0.004489
v 0.026521 -0.000356 0.005708
v 0.038326 -0.028636 -0.001386
v 0.025211 0.002733 0.006012
v 0.041070 -0.030370 -0.001200
v 0.038502 -0.026404 -0.000768
v 0.036932 -0.023539 -0.000115
v 0.035490 -0.021789 -0.000155
v 0.027921 -0.016969 -0.001192
v 0.031751 -0.016853 -0.000036
v 0.025012 -0.014767 -0.001427
v 0.020182 -0.013261 -0.002585
v 0.031086 -0.014695 0.000585
v 0.015987 -0.011236 -0.003232
v 0.009163 -0.008090 -0.004871
v 0.027980 -0.002200 0.005344
v 0.027152 0.002231 0.005859
v 0.043192 -0.031654 -0.001064
v 0.033886 -0.019333 -0.000018
v 0.018547 -0.011377 -0.002858
v 0.021292 0.007316 0.005197
v 0.047819 -0.034216 -0.000728
v 0.045107 -0.032727 -0.000915
v 0.040513 -0.027101 -0.000501
v 0.039631 -0.024708 -0.000000
v 0.015637 -0.009425 -0.003567
v 0.012510 -0.008854 -0.004145
v 0.029711 -0.009436 0.002508
v 0.029845 -0.003059 0.005032
v 0.029041 -0.000425 0.005551
v 0.018107 0.008720 0.004740
v 0.042339 -0.028505 -0.000683
v 0.023033 -0.012757 -0.002244
v 0.018327 -0.009327 -0.003199
v 0.030633 -0.012101 0.001314
v 0.030582 -0.007231 0.003361
v 0.025762 0.005210 0.005572
v 0.044805 -0.030287 -0.000760
v 0.042293 -0.026227 0.000079
v 0.034576 -0.017385 0.000277
v 0.027384 -0.013750 -0.001198
v 0.021003 -0.011198 -0.002608
v 0.014372 -0.007649 -0.004124
v 0.031804 -0.004881 0.004352
v 0.016696 0.009787 0.003881
v 0.011109 0.011273 0.003001
v 0.048527 -0.032373 -0.000550
v 0.038661 -0.021453 -0.000113
v 0.036341 -0.019881 -0.000093
v 0.029367 -0.015235 -0.000820
v 0.025309 -0.012141 -0.002087
v 0.031878 -0.010256 0.002000
v 0.046907 -0.030834 -0.000310
v 0.044582 -0.027320 0.000022
v 0.041466 -0.023798 -0.000082
v 0.033716 -0.014242 0.000750
v 0.012095 -0.006230 -0.004950
v 0.032393 -0.002831 0.004946
v 0.029551 0.001866 0.005665
v 0.028248 0.003910 0.005625
v 0.023899 0.007351 0.004742
v 0.020914 0.008809 0.004034
v 0.032599 -0.018643 -0.000823
v 0.014945 0.010845 0.002365
v 0.046506 -0.028805 0.000012
v 0.043838 -0.024710 -0.000005
v 0.038328 -0.018334 0.000780
v 0.036203 -0.016060 0.000503
v 0.023022 -0.010143 -0.002572
v 0.019905 -0.008174 -0.003332
v 0.033262 -0.011725 0.000768
v 0.009484 -0.005610 -0.005624
v 0.033170 -0.008711 0.002474
v 0.033365 -0.005865 0.003866
v 0.031716 -0.000283 0.005393
v 0.049173 -0.030193 0.000174
v 0.032883 -0.015003 -0.000670
v 0.027972 -0.011829 -0.001751
v 0.017083 -0.006992 -0.003986
v 0.034231 -0.003662 0.004620
v 0.051079 -0.032064 -0.000235
v 0.048462 -0.027732 0.000217
v 0.040649 -0.021215 0.000086
v 0.030532 -0.012774 -0.000964
v 0.031052 0.003411 0.005378
v 0.027038 0.006551 0.004795
v 0.012758 0.011500 0.001346
v 0.041014 -0.018458 0.000848
v 0.035994 -0.013697 0.000422
v 0.014955 -0.005798 -0.004745
v 0.035444 -0.007002 0.002812
v 0.032753 0.001617 0.005368
v 0.019205 0.010110 0.002571
v 0.053309 -0.032353 0.000127
v 0.046361 -0.025665 0.000079
v 0.043187 -0.022072 0.000165
v 0.022837 -0.008255 -0.003111
v 0.035956 -0.011078 0.001300
v 0.012538 -0.004142 -0.005753
v 0.034569 -0.001701 0.005025
v 0.052281 -0.029436 0.000434
v 0.038472 -0.015709 0.000574
v 0.035019 -0.009304 0.001694
v 0.023135 0.009149 0.003126
v 0.056352 -0.033108 0.000250
v 0.050865 -0.028072 0.000393
v 0.045059 -0.020457 0.001230
v 0.043172 -0.018828 0.001052
v 0.040442 -0.016734 0.000761
v 0.025895 -0.009478 -0.002543
v 0.024475 -0.008580 -0.002912
v 0.029246 0.005915 0.004824
v 0.055185 -0.030213 0.000688
v 0.048755 -0.025837 0.000250
v 0.046059 -0.023272 0.000247
v 0.033122 -0.013275 -0.000817
v 0.038603 -0.013761 0.000541
v 0.030880 -0.011103 -0.001374
v 0.020130 -0.005861 -0.004298
v 0.017042 -0.005080 -0.004982
v 0.036801 -0.004894 0.003990
v 0.035145 0.000860 0.005175
v 0.026320 0.008396 0.003372
v 0.058806 -0.033743 0.000135
v 0.036850 -0.002900 0.004569
v 0.033975 0.003228 0.005097
v 0.017808 0.010798 0.001218
v 0.047792 -0.021655 0.001440
v 0.028787 -0.009858 -0.002234
v 0.038475 -0.011308 0.000626
v 0.022757 -0.006380 -0.003926
v 0.032898 0.005144 0.004717
v 0.061178 -0.035134 -0.000248
v 0.057883 -0.031008 0.000852
v 0.053193 -0.027233 0.000511
v 0.048418 -0.023946 0.000509
v 0.050206 -0.023218 0.001429
v 0.046716 -0.019547 0.001554
v 0.042762 -0.016234 0.000912
v 0.040212 -0.014636 0.000525
v 0.034722 -0.011991 -0.000736
v 0.037014 -0.009191 0.000681
v 0.038265 -0.006592 0.002375
v 0.037379 -0.000229 0.004933
v 0.014649 0.011951 -0.000608
v 0.051238 -0.025495 0.000570
v 0.033430 -0.010010 -0.001098
v 0.015171 -0.002838 -0.006188
v 0.010942 -0.002029 -0.006824
v 0.031230 0.006791 0.004047
v 0.028928 0.007585 0.003752
v 0.020943 0.010298 0.001502
v 0.056640 -0.028301 0.000756
v 0.045345 -0.017768 0.001168
v 0.044692 -0.015658 0.001009
v 0.030884 -0.009157 -0.002102
v 0.027416 -0.008012 -0.002960
v 0.019153 -0.004344 -0.005199
v 0.039709 -0.004817 0.003751
v 0.039232 -0.001970 0.004638
v 0.052659 -0.024458 0.001467
v 0.051847 -0.021613 0.002104
v 0.049808 -0.020222 0.001964
v 0.040979 -0.012469 0.000581
v 0.035908 -0.011284 -0.000467
v 0.038096 0.001935 0.004882
v 0.060978 -0.033275 0.000172
v 0.055006 -0.023893 0.002194
v 0.042422 -0.014277 0.000594
v 0.025844 -0.006412 -0.003835
v 0.039994 -0.000263 0.004748
v 0.012093 0.012837 -0.000529
v 0.058902 -0.029363 0.000891
v 0.046949 -0.016616 0.001341
v 0.029768 -0.007671 -0.002824
v 0.040403 -0.009428 0.000873
v 0.021989 -0.004280 -0.005097
v 0.017979 -0.002876 -0.006015
v 0.039253 -0.007863 0.000701
v 0.025032 0.009779 0.001475
v 0.018354 0.011349 -0.000806
v 0.055043 -0.026026 0.000971
v 0.052192 -0.020110 0.002269
v 0.013737 -0.001028 -0.006987
v 0.041937 -0.005039 0.003279
v 0.041469 -0.002056 0.004403
v 0.036638 0.004149 0.004614
v 0.057608 -0.025349 0.002081
v 0.054309 -0.020966 0.002544
v 0.043106 -0.011863 0.000918
v 0.034837 -0.007850 -0.001437
v 0.012089 0.000477 -0.007446
v 0.015830 0.013840 -0.000442
v 0.012985 0.015717 -0.000329
v 0.057045 -0.022735 0.002725
v 0.050264 -0.017347 0.002071
v 0.015860 -0.000820 -0.006883
v 0.035203 0.006458 0.003743
v 0.033036 0.007430 0.003326
v 0.030672 0.008393 0.002664
v 0.027823 0.009296 0.001844
v 0.023088 0.010370 0.000297
v 0.061170 -0.029146 0.000967
v 0.059231 -0.026768 0.001512
v 0.048715 -0.015825 0.001328
v 0.045221 -0.013497 0.000871
v 0.031580 -0.006564 -0.003232
v 0.028611 -0.005422 -0.004084
v 0.024384 -0.004406 -0.004916
v 0.014714 0.011267 -0.002856
v 0.017578 0.012908 -0.000802
v 0.057278 -0.026905 0.000940
v 0.043759 -0.010063 0.001292
v 0.042201 -0.007710 0.001231
v 0.020022 -0.002069 -0.006135
v 0.017863 -0.000945 -0.006721
v 0.040916 0.002052 0.004563
v 0.021095 0.010699 -0.001735
v 0.044420 -0.004681 0.003139
v 0.043240 -0.000935 0.004342
v 0.039361 0.004682 0.004144
v 0.037772 0.005579 0.003952
v 0.017764 0.015564 -0.000496
v 0.013977 0.028522 -0.000270
v 0.045939 -0.011163 0.001386
v 0.037507 -0.007011 -0.000734
v 0.041270 -0.006421 0.000974
v 0.015087 0.017443 -0.000283
v 0.062609 -0.028305 0.001451
v 0.047669 -0.013517 0.001159
v 0.026470 -0.004254 -0.004791
v 0.023773 -0.002368 -0.005748
v 0.013769 0.002049 -0.007571
v 0.017764 0.010586 -0.003586
v 0.026809 0.009898 0.000439
v 0.019685 0.013646 -0.000761
v 0.035475 -0.006201 -0.002756
v 0.046236 -0.009093 0.001673
v 0.020376 0.015524 -0.000498
v 0.016507 0.018950 -0.000362
v 0.013412 0.019020 -0.000331
v 0.061389 -0.026861 0.001749
v 0.051085 -0.015359 0.001293
v 0.049966 -0.012616 0.001463
v 0.048036 -0.011420 0.001633
v 0.029595 -0.004014 -0.004583
v 0.043736 -0.006385 0.001183
v 0.045261 -0.002545 0.003838
v 0.019933 0.000176 -0.006750
v 0.017692 0.001230 -0.007175
v 0.012661 0.004102 -0.007724
v 0.044951 0.001073 0.004122
v 0.042886 0.002857 0.004156
v 0.030945 0.009356 0.000876
v 0.039213 -0.006282 -0.001333
v 0.026473 -0.001837 -0.005648
v 0.047129 -0.004063 0.003143
v 0.014397 0.010125 -0.005215
v 0.036725 0.007645 0.002640
v 0.034411 0.008631 0.001786
v 0.050916 -0.011217 0.002078
v 0.048762 -0.009084 0.001866
v 0.033021 -0.004647 -0.004020
v 0.022655 -0.000761 -0.006286
v 0.016312 0.002854 -0.007478
v 0.041085 0.005537 0.003510
v 0.020373 0.010078 -0.003848
v 0.023287 0.010330 -0.002142
v 0.019629 0.017970 -0.000428
v 0.015664 0.021038 -0.000647
v 0.053224 -0.014743 0.001557
v 0.052933 -0.012893 0.001763
v 0.045939 -0.006007 0.001377
v 0.039528 0.006873 0.002875
v 0.026843 0.009876 -0.001602
v 0.032890 0.009334 0.000395
v 0.029044 0.009759 -0.000686
v 0.037955 -0.005591 -0.002728
v 0.047588 -0.007661 0.001708
v 0.015811 0.004999 -0.007536
v 0.012690 0.006559 -0.007483
v 0.019042 0.020279 -0.000430
v 0.053546 -0.011646 0.002376
v 0.028214 -0.001723 -0.005476
v 0.022222 0.001543 -0.006715
v 0.019719 0.003035 -0.007136
v 0.048234 -0.001931 0.003652
v 0.047214 0.000931 0.003843
v 0.013342 0.008955 -0.006455
v 0.044654 0.003850 0.003655
v 0.021194 0.018285 -0.000255
v 0.054421 -0.013815 0.001899
v 0.040766 -0.005543 -0.002159
v 0.047582 -0.005498 0.001235
v 0.025660 0.000518 -0.006230
v 0.049615 -0.004524 0.002682
v 0.017489 0.009515 -0.005316
v 0.017643 0.022668 -0.000686
v 0.031376 -0.002572 -0.004892
v 0.018879 0.004860 -0.007219
v 0.016629 0.006790 -0.007118
v 0.043339 0.005484 0.003191
v 0.022638 0.009402 -0.004300
v 0.025219 0.009739 -0.003074
v 0.035181 -0.003704 -0.004100
v 0.017957 0.008140 -0.006372
v 0.043331 -0.005526 -0.001492
v 0.033234 -0.002259 -0.004786
v 0.045541 -0.005213 -0.001343
v 0.019566 0.008200 -0.005954
v 0.020092 0.022289 -0.000512
v 0.016143 0.024687 -0.000485
v 0.023517 0.003321 -0.006718
v 0.021229 0.004987 -0.006897
v 0.050877 -0.002100 0.003328
v 0.019591 0.006190 -0.006907
v 0.050051 -0.000110 0.003559
v 0.038969 0.008412 0.001160
v 0.036316 0.008977 0.000679
v 0.018362 0.023915 -0.000616
v 0.030600 -0.000480 -0.005477
v 0.049863 -0.005475 0.001125
v 0.048659 0.002055 0.003510
v 0.021323 0.008234 -0.005616
v 0.046429 0.004698 0.003141
v 0.028538 0.009194 -0.002866
v 0.037958 -0.003672 -0.003704
v 0.028430 0.000970 -0.005930
v 0.025800 0.003204 -0.006385
v 0.022131 0.005950 -0.006575
v 0.031184 0.009245 -0.001986
v 0.042033 0.007648 0.001834
v 0.017117 0.026598 -0.000272
v 0.047782 -0.004982 -0.001157
v 0.052402 -0.004233 0.002455
v 0.023902 0.005590 -0.006386
v 0.023562 0.007844 -0.005433
v 0.025481 0.008249 -0.004726
v 0.027329 0.008326 -0.004196
v 0.033605 0.009205 -0.001488
v 0.045054 0.006857 0.002133
v 0.041257 -0.003481 -0.003307
v 0.052062 -0.006389 0.000884
v 0.032641 0.000642 -0.005407
v 0.029255 0.003254 -0.005863
v 0.025985 0.005076 -0.006125
v 0.052476 -0.000106 0.003140
v 0.036651 -0.001698 -0.004478
v 0.027828 0.005023 -0.005768
v 0.053992 -0.002353 0.002776
v 0.025987 0.006795 -0.005586
v 0.035947 0.009031 -0.001288
v 0.044187 -0.003971 -0.002588
v 0.034993 0.000459 -0.005082
v 0.054261 -0.005609 0.001531
v 0.031814 0.002878 -0.005575
v 0.028388 0.006502 -0.005211
v 0.029430 0.007969 -0.004089
v 0.050511 0.003298 0.003034
v 0.049140 0.005077 0.002660
v 0.031321 0.008273 -0.003486
v 0.030603 0.005667 -0.005158
v 0.033292 0.008076 -0.003339
v 0.047376 0.006429 0.002047
v 0.043922 0.008030 0.000836
v 0.039456 -0.001281 -0.004208
v 0.035794 0.008113 -0.002887
v 0.038504 0.008763 -0.001327
v 0.041123 0.008568 -0.000644
v 0.053249 -0.005864 -0.000465
v 0.046071 -0.003501 -0.002547
v 0.050395 -0.004994 -0.001039
v 0.055779 -0.006281 0.000888
v 0.038049 0.000720 -0.004668
v 0.034948 0.002207 -0.005191
v 0.055931 -0.003098 0.002275
v 0.033433 0.004300 -0.005163
v 0.032096 0.005502 -0.005030
v 0.054622 0.000044 0.002648
v 0.042532 -0.001401 -0.003725
v 0.048578 -0.003739 -0.002093
v 0.033504 0.006370 -0.004520
v 0.053544 0.002487 0.002607
v 0.051787 0.004931 0.002331
v 0.057781 -0.006521 0.000757
v 0.044938 -0.001360 -0.003430
v 0.057814 -0.003686 0.001872
v 0.036394 0.004300 -0.004730
v 0.035793 0.006267 -0.004248
v 0.038498 0.007838 -0.002780
v 0.048144 0.007350 0.000616
v 0.040730 0.001406 -0.004371
v 0.038265 0.002621 -0.004687
v 0.057309 -0.001214 0.002081
v 0.050180 0.006373 0.001698
v 0.052328 -0.003983 -0.001408
v 0.040827 0.007878 -0.002361
v 0.043386 0.008027 -0.001541
v 0.059603 -0.007419 0.000415
v 0.038536 0.004692 -0.004334
v 0.037429 0.006392 -0.003965
v 0.049949 -0.002230 -0.002492
v 0.059769 -0.005225 0.000673
v 0.043652 0.000851 -0.003958
v 0.060091 -0.002739 0.001515
v 0.056467 0.001704 0.001998
v 0.054509 0.004811 0.001856
v 0.056247 -0.005319 -0.000643
v 0.047023 -0.001410 -0.003154
v 0.041827 0.003715 -0.004080
v 0.040107 0.005947 -0.003759
v 0.052687 0.006623 0.001090
v 0.061810 -0.008119 0.000499
v 0.054457 -0.003383 -0.001302
v 0.045797 0.000712 -0.003636
v 0.046028 0.007514 -0.001661
v 0.061760 -0.005758 0.000711
v 0.058827 -0.000341 0.001793
v 0.042345 0.006205 -0.003329
v 0.056551 0.004962 0.001300
v 0.044373 0.003023 -0.003827
v 0.054694 0.006468 0.000956
v 0.064188 -0.008873 0.000440
v 0.052829 -0.002104 -0.002006
v 0.049118 -0.000115 -0.003049
v 0.043807 0.005236 -0.003502
v 0.062172 -0.004263 0.000768
v 0.058842 0.002449 0.001420
v 0.044478 0.006440 -0.002968
v 0.049185 0.007205 -0.001232
v 0.064118 -0.006562 0.000431
v 0.057697 -0.003875 -0.000778
v 0.047812 0.002249 -0.003372
v 0.061074 -0.000124 0.001369
v 0.045729 0.004579 -0.003431
v 0.066438 -0.009955 0.000222
v 0.062078 -0.001850 0.000769
v 0.051943 0.007489 -0.000723
v 0.063844 -0.004442 0.000392
v 0.055869 -0.001276 -0.001430
v 0.053349 -0.000565 -0.002188
v 0.047615 0.004071 -0.003270
v 0.046937 0.006226 -0.002746
v 0.059543 -0.003849 -0.000663
v 0.051645 0.000955 -0.002720
v 0.068595 -0.010846 0.000184
v 0.066714 -0.007607 0.000353
v 0.059055 -0.001914 -0.000955
v 0.050148 0.002955 -0.003013
v 0.049412 0.005413 -0.002748
v 0.060289 0.003925 0.000870
v 0.057592 0.006535 0.000514
v 0.053897 0.007763 -0.000623
v 0.066237 -0.005135 0.000217
v 0.064072 -0.001517 0.000377
v 0.056360 0.000834 -0.001681
v 0.054319 0.002212 -0.002263
v 0.062751 0.001121 0.000541
v 0.071153 -0.012162 0.000070
v 0.061313 -0.002469 -0.000637
v 0.058632 0.000251 -0.001188
v 0.052298 0.003486 -0.002694
v 0.051427 0.005667 -0.002442
v 0.069873 -0.008698 0.000226
v 0.068789 -0.006811 0.000204
v 0.063188 0.002831 0.000365
v 0.060858 0.000072 -0.000639
v 0.065999 -0.000281 0.000800
v 0.053827 0.005287 -0.002245
v 0.053233 0.006914 -0.001727
v 0.074111 -0.013154 -0.000086
v 0.055755 0.004123 -0.001960
v 0.060106 0.006678 -0.000351
v 0.056265 0.008026 -0.001041
v 0.073169 -0.010111 0.000047
v 0.068983 -0.004873 -0.000346
v 0.066774 -0.002856 -0.000172
v 0.064985 -0.002842 -0.000436
v 0.067232 -0.001812 0.000453
v 0.059759 0.002575 -0.001318
v 0.057849 0.004093 -0.001689
v 0.055481 0.005953 -0.001811
v 0.062417 0.004885 -0.000512
v 0.076725 -0.013687 -0.000270
v 0.071896 -0.007672 -0.000110
v 0.058703 0.008159 -0.000992
v 0.068960 -0.000277 0.000799
v 0.062235 0.002757 -0.000964
v 0.057748 0.006288 -0.001587
v 0.076373 -0.011602 -0.000222
v 0.071375 -0.005584 -0.000404
v 0.064822 0.002098 -0.000069
v 0.067088 0.002115 -0.000074
v 0.059649 0.004931 -0.001558
v 0.064052 0.004687 -0.000552
v 0.061192 0.008870 -0.000935
v 0.079249 -0.014342 -0.000519
v 0.075088 -0.009238 -0.000276
v 0.069636 -0.002468 -0.000301
v 0.062840 0.007068 -0.000714
v 0.071451 -0.000571 0.000618
v 0.060939 0.005723 -0.001333
v 0.065284 0.006965 -0.000697
v 0.077885 -0.010480 -0.000569
v 0.071080 -0.003215 -0.000707
v 0.069535 0.002008 -0.000150
v 0.082590 -0.015167 -0.000968
v 0.074674 -0.006660 -0.000640
v 0.072829 -0.004458 -0.000953
v 0.065891 0.003713 -0.000948
v 0.066528 0.004719 -0.000839
v 0.080858 -0.013136 -0.000867
v 0.079867 -0.011661 -0.000743
v 0.072956 -0.001900 -0.000171
v 0.063930 0.009510 -0.000937
v 0.071895 0.001344 -0.000028
v 0.068398 0.003643 -0.001109
v 0.077588 -0.008090 -0.000862
v 0.074960 -0.004672 -0.001202
v 0.068067 0.005873 -0.001003
v 0.083469 -0.013467 -0.001293
v 0.081358 -0.011118 -0.001085
v 0.079794 -0.008930 -0.001163
v 0.074576 -0.002655 -0.000952
v 0.085332 -0.015004 -0.001531
v 0.077359 -0.005892 -0.001289
v 0.071488 0.003511 -0.001037
v 0.067243 0.009036 -0.001035
v 0.070081 0.005718 -0.001080
v 0.066105 0.010855 -0.001198
v 0.076370 -0.003757 -0.001548
v 0.084464 -0.012437 -0.001557
v 0.082858 -0.010657 -0.001429
v 0.073576 0.003287 -0.001051
v 0.081443 -0.008920 -0.001428
v 0.079788 -0.007017 -0.001512
v 0.078309 -0.005254 -0.001615
v 0.071096 0.007886 -0.000928
v 0.072622 0.005254 -0.001148
v 0.068395 0.011098 -0.001165
v 0.070854 0.010141 -0.000895
v 0.070424 0.012229 -0.001171
v 0.074648 0.004467 -0.001376
v 0.073243 0.008635 -0.000890
v 0.076726 0.004437 -0.001430
v 0.073733 0.011195 -0.000859
v 0.076448 0.006208 -0.001093
v 0.075176 0.007969 -0.000866
v 0.072660 0.013650 -0.001187
v 0.076394 0.009267 -0.000802
v 0.075368 0.012149 -0.000787
v 0.078607 0.006777 -0.001173
v 0.078850 0.009008 -0.000892
v 0.074584 0.014270 -0.001123
v 0.077540 0.011449 -0.000726
v 0.076857 0.014385 -0.001052
v 0.080571 0.008993 -0.001078
v 0.079371 0.012667 -0.000842
v 0.081358 0.010707 -0.000948
v 0.078677 0.015413 -0.001140
v 0.081757 0.012886 -0.000976
v 0.083189 0.012787 -0.001113
v 0.080750 0.015854 -0.001127
v 0.083796 0.014702 -0.001168
v 0.083759 0.016097 -0.001241
v 0.085134 0.015453 -0.001261
v -0.020272 -0.026400 0.019420
v -0.021996 -0.025425 0.018922
v -0.023860 -0.024171 0.018557
v -0.025698 -0.022982 0.017904
v -0.021553 -0.025738 0.017351
v -0.022883 -0.024841 0.016523
v -0.027573 -0.021583 0.016903
v -0.024511 -0.023518 0.016029
v -0.029324 -0.020134 0.015582
v -0.026017 -0.022620 0.014879
v -0.023708 -0.024486 0.014347
v -0.031346 -0.018681 0.014175
v -0.027759 -0.021305 0.013558
v -0.025032 -0.023885 0.013350
v -0.032995 -0.017547 0.012994
v -0.029328 -0.019811 0.012626
v -0.024113 -0.024447 0.012342
v -0.026281 -0.023160 0.011794
v -0.028574 -0.020974 0.011436
v -0.034494 -0.016426 0.011750
v -0.031084 -0.018348 0.012007
v -0.024637 -0.024064 0.010439
v -0.035910 -0.015254 0.010742
v -0.030265 -0.019452 0.010398
v -0.032640 -0.017197 0.010677
v -0.026743 -0.022580 0.009776
v -0.024067 -0.023990 0.009022
v -0.028588 -0.020895 0.008972
v -0.033955 -0.015999 0.009718
v -0.037421 -0.013966 0.009131
v -0.052505 -0.008267 0.007172
v -0.030923 -0.018525 0.008621
v -0.055624 -0.008914 0.005517
v -0.025951 -0.022620 0.007804
v -0.049916 -0.007224 0.007299
v -0.032926 -0.016900 0.007893
v -0.053554 -0.009713 0.004915
v -0.027863 -0.021023 0.007360
v -0.034941 -0.014971 0.008149
v -0.039011 -0.012505 0.007554
v -0.061684 -0.003414 0.005094
v -0.036717 -0.013980 0.007071
v -0.050770 -0.010170 0.005409
v -0.053346 -0.006619 0.005809
v -0.029335 -0.019598 0.006778
v -0.056405 -0.009437 0.003426
v -0.048590 -0.010248 0.005855
v -0.056794 -0.006856 0.004621
v -0.063433 -0.004199 0.003387
v -0.048131 -0.006617 0.007196
v -0.024495 -0.022864 0.006429
v -0.030846 -0.018005 0.006417
v -0.052074 -0.011242 0.003653
v -0.045972 -0.012283 0.005449
v -0.042599 -0.012231 0.006481
v -0.044600 -0.010125 0.006893
v -0.059304 -0.007322 0.003149
v -0.045876 -0.008348 0.007165
v -0.065234 -0.002485 0.003226
v -0.059426 -0.003465 0.004985
v -0.048696 -0.012612 0.003901
v -0.058730 -0.009137 0.001961
v -0.040233 -0.012634 0.006633
v -0.041608 -0.009989 0.007317
v -0.061362 -0.006011 0.002947
v -0.055108 -0.004853 0.005502
v -0.057260 -0.004214 0.005181
v -0.051745 -0.005018 0.006444
v -0.057481 -0.002139 0.005233
v -0.046929 -0.013475 0.003497
v -0.038099 -0.013998 0.005892
v -0.061162 -0.007817 0.001770
v -0.063082 -0.006331 0.001688
v -0.065283 -0.004344 0.001723
v -0.043791 -0.007120 0.007568
v -0.045872 -0.006156 0.007638
v -0.049600 -0.003724 0.007339
v -0.053841 -0.002862 0.005996
v -0.062280 -0.000950 0.004410
v -0.026691 -0.021502 0.005837
v -0.043635 -0.014367 0.004043
v -0.054348 -0.011123 0.001889
v -0.035695 -0.012357 0.006925
v -0.038370 -0.010527 0.007480
v -0.066791 -0.002340 0.001791
v -0.055402 -0.002611 0.004744
v -0.051916 -0.001748 0.006782
v -0.059332 0.000265 0.005207
v -0.032705 -0.016614 0.005644
v -0.050430 -0.012767 0.002295
v -0.040835 -0.014685 0.004465
v -0.034330 -0.014632 0.006204
v -0.041177 -0.007346 0.007780
v -0.043458 -0.005431 0.007945
v -0.063743 -0.000073 0.003200
v -0.046706 -0.003781 0.007845
v -0.048516 -0.001587 0.007728
v -0.056249 -0.010255 0.000718
v -0.064570 -0.005753 0.000300
v -0.044586 -0.014700 0.002331
v -0.052045 -0.012395 0.000672
v -0.034480 -0.015555 0.004980
v -0.001982 -0.021402 0.012276
v -0.040588 -0.005830 0.008078
v -0.061338 0.001473 0.004227
v -0.046491 -0.001629 0.007980
v -0.024871 -0.021784 0.004579
v -0.037997 -0.015314 0.004175
v -0.036381 -0.014541 0.005817
v -0.061483 -0.007688 -0.000373
v -0.035861 -0.009724 0.007567
v -0.038098 -0.007531 0.007839
v -0.041938 -0.003814 0.008245
v -0.056848 0.000285 0.005292
v -0.051574 0.000603 0.006771
v -0.027893 -0.019708 0.004520
v -0.047644 -0.013790 0.001552
v -0.041235 -0.015441 0.002857
v -0.066712 -0.003832 -0.000079
v -0.053932 -0.001694 0.004997
v -0.043067 -0.002075 0.008250
v -0.047956 0.000819 0.007757
v -0.054235 -0.011317 -0.000532
v -0.059214 -0.008705 -0.000285
v -0.067517 -0.001867 -0.000220
v -0.065697 0.000086 0.001469
v -0.037339 -0.005755 0.008112
v -0.053077 -0.000036 0.005505
v -0.058888 0.002600 0.004811
v -0.031224 -0.017040 0.004088
v -0.049855 -0.012999 0.000397
v -0.034290 -0.009280 0.007360
v -0.035464 -0.007293 0.007845
v -0.038754 -0.004200 0.008339
v -0.041205 -0.001844 0.008466
v -0.045365 0.000138 0.008101
v -0.050365 0.002777 0.007277
v -0.033038 -0.015700 0.003466
v -0.035921 -0.015975 0.003189
v -0.057073 -0.009725 -0.000769
v -0.065687 -0.004962 -0.001582
v -0.033664 -0.011877 0.005790
v -0.062621 0.001908 0.002645
v -0.056556 0.002876 0.005231
v -0.029203 -0.017736 0.003058
v -0.042670 -0.015207 0.000699
v -0.045210 -0.014472 0.000165
v -0.038552 -0.016087 0.001993
v -0.003281 -0.019833 0.010989
v -0.045566 0.001550 0.007986
v -0.052588 0.002545 0.005952
v -0.026195 -0.020431 0.003159
v -0.032217 -0.010519 0.006710
v -0.038181 -0.002398 0.008320
v -0.054367 0.003420 0.005542
v -0.057702 0.003871 0.004591
v -0.042328 0.001012 0.008343
v -0.067067 -0.003025 -0.002023
v -0.000297 -0.020120 0.011373
v -0.032316 -0.007884 0.007600
v -0.033971 -0.005623 0.008007
v -0.063997 0.001677 0.001311
v -0.035198 -0.003819 0.008228
v -0.060629 0.003486 0.002916
v -0.052293 0.001275 0.005377
v -0.039325 -0.000274 0.008317
v -0.047252 0.003500 0.007479
v -0.040156 -0.015699 0.000296
v -0.051586 -0.012470 -0.001261
v -0.060403 -0.008379 -0.002404
v -0.062786 -0.006848 -0.002161
v -0.030323 -0.010236 0.006719
v -0.055227 0.004482 0.005090
v -0.049289 -0.013139 -0.001551
v -0.055435 -0.010708 -0.002066
v -0.031441 -0.012539 0.005011
v -0.066294 0.000326 -0.000947
v -0.030004 -0.007421 0.007733
v -0.043879 0.003342 0.007906
v -0.049456 0.005017 0.006502
v -0.047197 -0.013834 -0.001210
v -0.036057 -0.016306 0.001219
v -0.058277 -0.009350 -0.003034
v -0.032328 -0.013936 0.004027
v -0.035551 -0.001277 0.008360
v -0.052997 0.005220 0.005439
v -0.063623 -0.005744 -0.003130
v -0.004809 -0.018199 0.009305
v -0.029096 -0.011807 0.005740
v -0.027401 -0.009082 0.007197
v -0.031607 -0.005350 0.008012
v -0.032598 -0.002517 0.008290
v -0.041202 0.002948 0.008079
v -0.046529 0.004989 0.007030
v -0.053120 -0.011383 -0.003085
v -0.030913 -0.016587 0.002100
v -0.029499 -0.013884 0.004210
v -0.029126 -0.005540 0.008069
v -0.038313 0.000913 0.008218
v -0.026974 -0.019384 0.001849
v -0.030954 -0.015036 0.003334
v -0.027151 -0.012770 0.005151
v -0.062020 0.003431 0.001106
v -0.030651 -0.003635 0.008286
v -0.044379 0.004953 0.007394
v -0.041890 -0.015235 -0.001422
v -0.047804 -0.013174 -0.003430
v -0.033339 -0.016549 0.000678
v -0.001267 -0.018568 0.010074
v -0.067315 -0.001278 -0.003119
v -0.025082 -0.011020 0.006330
v -0.026351 -0.006373 0.007872
v -0.028250 -0.003728 0.008323
v -0.058445 0.004986 0.002410
v -0.033122 0.000208 0.008467
v -0.035788 0.001762 0.008428
v -0.051624 0.005963 0.005232
v -0.044050 -0.014596 -0.002486
v -0.027336 -0.014691 0.003669
v -0.065221 -0.003405 -0.004024
v 0.000727 -0.018229 0.009986
v -0.024532 -0.008255 0.007403
v -0.064326 0.001954 -0.001005
v -0.039076 0.003377 0.008138
v -0.048785 0.006579 0.005495
v -0.050521 -0.012131 -0.003585
v -0.029339 -0.017305 0.001323
v -0.056667 -0.009276 -0.004417
v -0.003479 -0.017606 0.008782
v -0.024484 -0.013259 0.004941
v -0.022988 -0.011862 0.005892
v -0.023901 -0.005856 0.008027
v -0.030024 -0.001424 0.008493
v -0.054560 0.006022 0.003655
v -0.036855 0.003940 0.008410
v -0.042122 0.005603 0.007504
v -0.037655 -0.016108 -0.001352
v -0.034429 -0.016309 -0.001834
v -0.022718 -0.008874 0.007200
v -0.025994 -0.003741 0.008391
v -0.059884 0.004939 0.000901
v -0.056520 0.005759 0.002564
v -0.030786 0.000430 0.008631
v -0.039437 -0.015753 -0.001706
v -0.045625 -0.014073 -0.002681
v -0.029860 -0.016668 0.000947
v -0.059035 -0.007544 -0.004037
v -0.061062 -0.006450 -0.003874
v -0.026385 -0.016202 0.001942
v -0.027303 -0.001686 0.008599
v -0.032369 0.002088 0.008687
v -0.049576 0.007478 0.004550
v -0.034127 0.003520 0.008640
v -0.044904 0.006776 0.006529
v -0.023994 -0.014823 0.003772
v -0.006249 -0.016416 0.007237
v -0.021555 -0.013662 0.004801
v -0.020450 -0.011771 0.005980
v -0.020437 -0.008529 0.007309
v -0.027895 0.000410 0.008865
v -0.046749 0.007533 0.005498
v -0.037577 0.005870 0.008141
v -0.039752 0.005994 0.007779
v -0.031426 -0.016693 -0.001071
v -0.053821 -0.010281 -0.004882
v -0.066423 -0.001701 -0.004608
v 0.000125 -0.017122 0.008661
v -0.065276 0.000530 -0.003176
v -0.020444 -0.006420 0.007933
v -0.062120 0.003714 -0.000693
v -0.022400 -0.004499 0.008355
v -0.023513 -0.002278 0.008765
v -0.025416 -0.000716 0.008895
v -0.035078 0.005905 0.008473
v -0.019875 -0.014065 0.004617
v -0.019037 -0.010789 0.006473
v -0.052568 0.007020 0.003417
v -0.032151 0.004591 0.008843
v -0.040506 -0.015058 -0.003818
v -0.023268 -0.016372 0.002053
v -0.021210 -0.015887 0.002908
v -0.063217 -0.003600 -0.005130
v -0.018069 -0.007156 0.007715
v -0.020366 -0.003492 0.008619
v -0.028733 0.002749 0.009068
v -0.042096 0.008255 0.006409
v -0.051312 -0.010712 -0.005000
v -0.028669 -0.016723 -0.000832
v -0.064560 -0.002028 -0.005223
v -0.017697 -0.014502 0.004461
v -0.003618 -0.016256 0.007158
v -0.001368 -0.016459 0.007672
v -0.017027 -0.012375 0.005707
v -0.017202 -0.009555 0.006939
v -0.063072 0.002379 -0.002686
v -0.018258 -0.004729 0.008348
v -0.057282 0.006226 0.000760
v -0.054800 0.007095 0.001530
v -0.024112 0.000724 0.009211
v -0.026517 0.002793 0.009259
v -0.029713 0.004480 0.009100
v -0.059630 -0.005439 -0.005147
v -0.061787 -0.004147 -0.006002
v -0.015531 -0.011507 0.006073
v -0.039513 0.008265 0.006929
v -0.037740 -0.015431 -0.003373
v -0.046055 -0.012791 -0.004775
v -0.031858 -0.016610 -0.002329
v -0.049148 -0.011333 -0.005065
v -0.025837 -0.016838 -0.000179
v -0.055948 -0.007815 -0.005649
v -0.019484 -0.016340 0.002187
v -0.007618 -0.015053 0.005518
v -0.015185 -0.013794 0.005028
v -0.016080 -0.007570 0.007566
v -0.016751 -0.004751 0.008335
v -0.020928 -0.000495 0.009157
v -0.027978 0.005666 0.009165
v -0.031033 0.006789 0.008746
v -0.034843 0.007683 0.007998
v -0.037350 0.008053 0.007473
v -0.032647 0.007244 0.008455
v -0.043181 -0.014076 -0.004587
v -0.035573 -0.015570 -0.003203
v -0.059077 0.005351 -0.001262
v -0.018119 -0.002753 0.008789
v -0.052526 0.007992 0.001645
v -0.021229 0.001756 0.009453
v -0.048743 0.008899 0.003027
v -0.023979 0.002764 0.009436
v -0.024484 0.004362 0.009455
v -0.055083 -0.009293 -0.006688
v -0.014846 -0.015262 0.003796
v -0.063220 0.000144 -0.004601
v -0.013307 -0.011701 0.005896
v -0.013766 -0.008922 0.006976
v -0.060692 0.004309 -0.002225
v -0.015039 -0.003924 0.008509
v -0.045195 0.009198 0.004739
v -0.029846 -0.017893 -0.002554
v -0.022088 -0.016782 0.000195
v -0.056865 -0.005585 -0.005722
v -0.017415 -0.016145 0.002279
v -0.012738 -0.014538 0.004571
v -0.017871 -0.000164 0.009215
v -0.062649 -0.001925 -0.005480
v -0.004883 -0.015470 0.005703
v 0.000234 -0.015871 0.007024
v -0.011039 -0.012648 0.005500
v -0.013224 -0.006410 0.007748
v -0.015453 -0.001938 0.008887
v -0.050603 0.008513 0.002182
v -0.021949 0.004192 0.009553
v -0.025104 0.006568 0.009232
v -0.019404 -0.016712 0.000354
v -0.010125 -0.014565 0.004697
v -0.011512 -0.010041 0.006337
v -0.011048 -0.007828 0.007139
v -0.018092 0.001853 0.009476
v -0.019648 0.003678 0.009570
v -0.042931 0.009942 0.004918
v -0.027906 -0.018810 -0.003399
v -0.032970 -0.015687 -0.003651
v -0.047149 -0.011191 -0.005814
v -0.023824 -0.016480 -0.001623
v -0.059159 -0.003225 -0.006459
v -0.061713 0.001774 -0.004624
v -0.037246 0.009697 0.006516
v -0.027196 0.008013 0.008716
v -0.029934 0.008145 0.008430
v -0.032573 0.008904 0.007789
v -0.038568 -0.013883 -0.005073
v -0.042270 -0.013221 -0.005912
v -0.050292 -0.009416 -0.006540
v -0.053982 -0.007097 -0.006128
v -0.016043 -0.016385 0.000746
v -0.013048 -0.016091 0.001461
v -0.008618 -0.014190 0.004949
v -0.002112 -0.015216 0.005515
v -0.010367 -0.005927 0.007630
v -0.055685 0.007006 -0.000560
v -0.012764 -0.002107 0.008788
v -0.014472 0.000739 0.009294
v -0.040254 0.010130 0.005511
v -0.022945 0.006964 0.009264
v -0.025484 -0.020101 -0.004085
v -0.044659 -0.012177 -0.005850
v -0.029441 -0.015653 -0.002997
v -0.052986 -0.008688 -0.007440
v -0.060995 -0.002867 -0.006314
v -0.005545 -0.014314 0.004603
v -0.008204 -0.011588 0.005562
v -0.060485 0.003370 -0.004152
v -0.011145 -0.004068 0.008248
v -0.030275 -0.017452 -0.005090
v -0.040361 -0.013188 -0.005837
v -0.060739 -0.000702 -0.006022
v -0.008580 -0.008621 0.006585
v -0.014881 0.003080 0.009499
v -0.018245 0.005181 0.009530
v -0.020044 0.006396 0.009438
v -0.034172 0.009922 0.006913
v -0.055737 -0.004325 -0.006182
v -0.060735 0.001503 -0.005621
v -0.057775 0.005554 -0.002733
v -0.046589 0.010033 0.002395
v -0.027659 -0.019270 -0.005411
v -0.032442 -0.015985 -0.005148
v -0.035069 -0.014813 -0.005509
v -0.026193 -0.015895 -0.002416
v -0.020626 -0.016399 -0.001977
v -0.010950 -0.015959 0.001750
v -0.003196 -0.014525 0.004310
v -0.005907 -0.011675 0.005252
v -0.008066 -0.004998 0.007759
v -0.010330 -0.001946 0.008701
v -0.010933 -0.000001 0.009106
v -0.044517 0.010728 0.002972
v -0.032447 -0.013895 -0.003693
v -0.048250 -0.008835 -0.006900
v -0.017989 -0.016574 -0.001200
v -0.015638 -0.016406 -0.001323
v -0.007932 -0.015753 0.002063
v 0.000215 -0.014895 0.005013
v 0.002284 -0.014980 0.005759
v -0.006561 -0.009704 0.006003
v -0.008076 -0.002516 0.008454
v -0.048484 0.009501 0.000705
v -0.031423 0.010708 0.006697
v -0.024350 0.009256 0.008403
v -0.028302 0.010019 0.007629
v -0.024029 -0.021253 -0.005134
v -0.045026 -0.009872 -0.006795
v -0.051517 -0.007507 -0.007201
v -0.053423 -0.004233 -0.006564
v -0.056542 -0.002551 -0.006422
v -0.059335 -0.001273 -0.006583
v -0.005725 -0.015476 0.002596
v -0.006218 -0.007731 0.006648
v -0.055744 0.006464 -0.002580
v -0.011745 0.002372 0.009399
v -0.041819 0.011353 0.003423
v -0.038927 0.011623 0.004194
v -0.016166 0.005923 0.009414
v -0.025600 -0.020435 -0.006300
v -0.027698 -0.014573 -0.003637
v -0.059187 0.002587 -0.005956
v -0.057143 0.004636 -0.004706
v -0.053226 0.007777 -0.001535
v -0.050649 0.008709 0.000152
v -0.008211 -0.000657 0.008852
v -0.035263 0.011578 0.005193
v -0.019947 0.008100 0.009001
v -0.042472 -0.010972 -0.006785
v -0.030021 -0.013458 -0.004168
v -0.050209 -0.007977 -0.008093
v -0.054279 -0.002535 -0.006501
v -0.003301 -0.012379 0.004443
v -0.004475 -0.009522 0.005819
v -0.013597 0.005331 0.009431
v -0.025966 0.010885 0.007239
v -0.029545 -0.018131 -0.006806
v -0.037734 -0.013502 -0.007226
v -0.013038 -0.016316 -0.000816
v -0.009769 -0.016045 0.000135
v -0.056682 -0.000284 -0.006595
v -0.058503 0.001032 -0.006513
v -0.004541 -0.006276 0.006934
v -0.005162 -0.003643 0.007889
v -0.045337 0.010801 0.000561
v -0.009783 0.002804 0.009353
v -0.021969 0.010028 0.008097
v -0.023246 -0.022439 -0.007272
v -0.031446 -0.016903 -0.007211
v -0.034871 -0.015079 -0.007375
v -0.040192 -0.012005 -0.006639
v -0.032866 -0.013917 -0.005900
v -0.023167 -0.015428 -0.003249
v -0.033469 -0.012099 -0.005372
v -0.048236 -0.007368 -0.007418
v -0.001561 -0.014146 0.003323
v -0.051645 0.008184 -0.002274
v -0.006025 -0.000805 0.008709
v -0.016242 0.007884 0.009023
v -0.027335 -0.019415 -0.007150
v -0.024571 -0.014474 -0.003988
v -0.049604 -0.005599 -0.007168
v -0.003761 -0.015227 0.002188
v 0.002709 -0.014467 0.004696
v -0.002325 -0.008305 0.005959
v -0.006911 0.001618 0.009114
v -0.010146 0.005544 0.009297
v -0.051181 -0.003474 -0.007348
v -0.052617 -0.001495 -0.006634
v -0.002784 -0.003584 0.007701
v -0.042440 0.011702 0.001743
v -0.039841 0.012321 0.002293
v -0.036698 0.012391 0.003700
v -0.013327 0.007195 0.009110
v -0.025483 -0.020306 -0.008187
v -0.038295 -0.011546 -0.007025
v -0.019497 -0.015484 -0.003486
v -0.044020 -0.007984 -0.007298
v -0.010958 -0.016214 -0.001258
v -0.054147 0.000364 -0.006675
v 0.001893 -0.014177 0.003312
v -0.001152 -0.012126 0.004149
v -0.054691 0.005931 -0.004262
v -0.001950 -0.006260 0.006639
v -0.048631 0.009410 -0.001624
v -0.003484 -0.000008 0.008673
v -0.033313 0.012298 0.004776
v -0.029740 0.011872 0.005838
v -0.017990 0.010095 0.008142
v -0.024526 -0.022393 -0.008909
v -0.016971 -0.015806 -0.003342
v -0.040997 -0.009352 -0.007152
v -0.030408 -0.011413 -0.005500
v -0.045992 -0.005733 -0.007628
v -0.056024 0.002099 -0.006313
v -0.057062 0.003423 -0.006062
v -0.052607 0.006763 -0.004279
v -0.007352 0.004182 0.009222
v -0.026868 0.012110 0.005975
v -0.029667 -0.017650 -0.008340
v -0.035916 -0.014256 -0.008889
v -0.026531 -0.012888 -0.004906
v -0.006268 -0.015678 0.000410
v -0.000091 -0.009975 0.005031
v -0.000071 -0.007826 0.005857
v -0.001625 -0.001872 0.008102
v -0.004672 0.003209 0.009060
v -0.031293 0.012622 0.004726
v -0.024496 0.012038 0.006319
v -0.019925 0.011517 0.007105
v -0.022382 0.011839 0.006655
v -0.022491 -0.023239 -0.009132
v -0.027495 -0.020223 -0.009205
v -0.032901 -0.016480 -0.008995
v -0.035824 -0.011740 -0.006882
v -0.014068 -0.015952 -0.003126
v -0.054692 0.003821 -0.006072
v 0.000694 -0.004446 0.007014
v -0.008792 0.006340 0.009099
v -0.014587 0.009443 0.008414
v -0.033109 -0.014091 -0.008363
v -0.022305 -0.013979 -0.004518
v -0.033330 -0.010053 -0.006438
v -0.038610 -0.009358 -0.007148
v -0.028495 -0.012410 -0.004980
v -0.008066 -0.016052 -0.001326
v -0.050995 -0.001374 -0.007586
v -0.051853 0.001084 -0.006705
v 0.000052 -0.014053 0.002614
v 0.001576 -0.011614 0.004076
v -0.046130 0.010374 -0.001815
v -0.001377 0.001096 0.008637
v -0.011511 0.008121 0.008797
v -0.016116 0.010760 0.007737
v -0.030511 -0.015588 -0.009661
v -0.024030 -0.012781 -0.005146
v -0.043875 -0.006289 -0.007594
v -0.048285 -0.003958 -0.007690
v -0.001669 -0.015103 0.000965
v -0.052700 0.003100 -0.006633
v 0.002300 -0.008508 0.005231
v 0.001531 -0.006201 0.006190
v 0.000075 -0.001167 0.008108
v -0.029161 -0.018498 -0.009485
v -0.027140 -0.018848 -0.010218
v -0.040546 -0.007449 -0.007415
v -0.041988 -0.006365 -0.007491
v -0.004019 -0.015388 -0.000096
v -0.048624 -0.002204 -0.007915
v -0.050329 0.007823 -0.003961
v -0.040654 0.012400 0.000002
v -0.004707 0.005298 0.008960
v -0.037097 0.013119 0.001552
v -0.023637 -0.021651 -0.009737
v 0.003356 -0.013172 0.003085
v 0.003662 -0.010614 0.004196
v -0.043638 0.011473 -0.001329
v -0.034805 0.013151 0.002997
v -0.031025 -0.017622 -0.010885
v -0.034439 -0.015643 -0.010513
v -0.027205 -0.010730 -0.006093
v -0.030364 -0.009880 -0.006426
v -0.036920 -0.008638 -0.007168
v -0.045649 -0.003529 -0.007872
v 0.002437 -0.014530 0.001438
v 0.002859 -0.001200 0.007699
v -0.002293 0.004129 0.008877
v -0.032305 0.013674 0.002878
v -0.006343 0.007578 0.008592
v -0.029064 0.013507 0.003897
v -0.026619 0.013258 0.004588
v -0.012931 0.010841 0.007597
v -0.022921 -0.023052 -0.010817
v -0.025677 -0.020991 -0.010854
v -0.028686 -0.017305 -0.010959
v -0.032069 -0.015446 -0.010504
v -0.017048 -0.014407 -0.004574
v -0.011321 -0.015685 -0.003505
v -0.034710 -0.008532 -0.007084
v -0.006600 -0.015875 -0.002933
v -0.052568 0.005589 -0.005708
v 0.004156 -0.007242 0.005352
v -0.050699 0.006077 -0.005754
v 0.003755 -0.004488 0.006461
v -0.047834 0.008900 -0.003648
v 0.001898 0.000709 0.008245
v 0.000710 0.002947 0.008594
v -0.009106 0.008493 0.008511
v -0.020579 0.012619 0.005953
v -0.038374 -0.006555 -0.007447
v -0.042467 -0.003720 -0.007801
v -0.046371 -0.001317 -0.007902
v 0.004302 -0.011971 0.003491
v -0.050705 0.002538 -0.007475
v -0.003476 0.006663 0.008615
v -0.010551 0.010244 0.007816
v -0.028529 -0.019375 -0.012081
v -0.019129 -0.013150 -0.005158
v 0.004246 -0.014282 0.002178
v -0.049409 0.000382 -0.007878
v 0.005386 -0.008907 0.004532
v -0.016717 0.012410 0.006388
v -0.021593 -0.011741 -0.005731
v -0.024940 -0.011057 -0.006021
v -0.032138 -0.007881 -0.006985
v -0.001524 -0.015281 -0.000952
v -0.039893 -0.004363 -0.007707
v 0.000432 -0.015034 -0.000363
v -0.051034 0.004679 -0.006722
v 0.005211 -0.004900 0.006024
v -0.044619 0.010678 -0.003000
v 0.000400 0.005024 0.008554
v -0.033250 -0.016851 -0.011898
v -0.013899 -0.014518 -0.004701
v -0.009014 -0.015543 -0.003870
v -0.003633 -0.015676 -0.002844
v -0.035932 -0.006091 -0.007392
v -0.047045 0.001098 -0.007900
v -0.048724 0.006624 -0.005681
v -0.046167 0.009372 -0.003919
v 0.004949 -0.002131 0.007122
v 0.004295 0.000684 0.007911
v 0.003006 0.003240 0.008335
v -0.004021 0.008823 0.007899
v -0.007621 0.009937 0.007719
v -0.023854 0.013683 0.004305
v -0.021541 -0.023835 -0.012658
v -0.044175 -0.000716 -0.007985
v -0.048855 0.004763 -0.007008
v -0.038471 0.012853 -0.000911
v -0.001261 0.006513 0.008446
v -0.024479 -0.021448 -0.012224
v -0.031731 -0.017599 -0.012575
v -0.007580 -0.015654 -0.004766
v -0.023471 -0.009853 -0.006470
v -0.027293 -0.008762 -0.006713
v -0.035497 -0.004413 -0.007556
v -0.037789 -0.004382 -0.007606
v 0.003184 -0.014854 -0.000705
v -0.048178 0.003201 -0.007697
v -0.046526 0.007662 -0.005379
v -0.041726 0.011904 -0.002061
v -0.018866 0.013505 0.004964
v -0.029392 -0.007530 -0.006981
v -0.033364 -0.005851 -0.007357
v -0.038505 -0.002913 -0.007709
v -0.040982 -0.001650 -0.007942
v -0.044601 0.001305 -0.007983
v 0.006136 0.000681 0.007638
v -0.034101 0.013844 0.000931
v -0.031071 0.014304 0.001191
v -0.013668 0.013058 0.005767
v -0.022315 -0.022266 -0.012771
v -0.026629 -0.020351 -0.012969
v -0.016815 -0.012234 -0.005603
v 0.001557 -0.015074 -0.001786
v -0.046742 0.005350 -0.006940
v -0.042599 0.010763 -0.003875
v 0.004109 0.004915 0.008143
v 0.000875 0.007241 0.008016
v -0.008485 0.011550 0.006734
v -0.011615 0.011799 0.006788
v -0.027042 -0.018674 -0.013070
v -0.029917 -0.018733 -0.013450
v -0.010356 -0.014119 -0.004965
v -0.001274 -0.014971 -0.003362
v -0.031280 -0.005848 -0.007278
v -0.045659 0.003445 -0.007609
v -0.036168 0.013358 -0.000940
v -0.024741 -0.021571 -0.013825
v -0.012101 -0.012838 -0.005402
v -0.004636 -0.015656 -0.004555
v -0.018235 -0.010537 -0.006238
v -0.026076 -0.006604 -0.007136
v -0.041698 0.000355 -0.007918
v -0.044443 0.008271 -0.005519
v -0.039962 0.011743 -0.003333
v 0.005850 0.003308 0.007963
v -0.025705 0.014671 0.002225
v -0.028194 0.014636 0.001476
v -0.020116 -0.024576 -0.014334
v -0.014271 -0.012149 -0.005623
v -0.021136 -0.009617 -0.006531
v -0.025020 -0.008902 -0.006742
v -0.034500 -0.002522 -0.007701
v -0.037571 -0.000898 -0.007720
v -0.043204 0.002921 -0.007786
v -0.044789 0.004937 -0.007193
v -0.031697 -0.003463 -0.007478
v -0.043609 0.009733 -0.004659
v 0.006963 0.004934 0.007776
v -0.022547 -0.022877 -0.014605
v -0.025782 -0.020347 -0.014271
v -0.005888 -0.017339 -0.006329
v -0.028634 -0.005601 -0.007291
v -0.029648 -0.004002 -0.007506
v -0.039788 0.001224 -0.007820
v 0.003896 0.007377 0.007640
v -0.000981 0.009269 0.007384
v -0.021602 0.014328 0.003549
v -0.011313 0.013300 0.005327
v -0.028527 -0.020056 -0.014710
v -0.002539 -0.016069 -0.004808
v 0.001142 -0.015033 -0.003733
v -0.040808 0.003599 -0.007617
v -0.042401 0.004753 -0.007466
v -0.043050 0.006510 -0.006837
v -0.037335 0.012291 -0.003169
v -0.032639 0.014030 -0.000903
v 0.001636 0.009045 0.007195
v -0.005426 0.011390 0.006490
v -0.026819 -0.021024 -0.015291
v -0.003580 -0.017943 -0.006818
v -0.015703 -0.010006 -0.006355
v -0.018954 -0.009153 -0.006630
v -0.022502 -0.007358 -0.007009
v -0.041808 0.009135 -0.005550
v -0.029507 0.014564 -0.000321
v -0.015625 0.014241 0.004156
v -0.007943 -0.012625 -0.005155
v -0.010085 -0.011236 -0.005718
v -0.012572 -0.010656 -0.006034
v -0.023691 -0.005498 -0.007311
v -0.034856 -0.000168 -0.007829
v -0.036854 0.001588 -0.007778
v 0.006277 0.007446 0.007326
v -0.018389 0.014738 0.002956
v -0.002733 0.011287 0.006236
v -0.021193 -0.023563 -0.016207
v -0.004957 -0.019310 -0.007832
v -0.005020 -0.013142 -0.004638
v -0.016974 -0.008301 -0.006833
v 0.004656 -0.014389 -0.003267
v -0.031854 -0.001023 -0.007669
v -0.040662 0.006802 -0.006984
v -0.040230 0.010405 -0.004920
v -0.022390 0.015073 0.001731
v -0.024512 -0.021938 -0.015721
v -0.000322 -0.016670 -0.005584
v 0.003209 -0.014852 -0.003968
v -0.002462 -0.012814 -0.004366
v -0.026167 -0.003754 -0.007505
v -0.029416 -0.001816 -0.007650
v -0.037699 0.004169 -0.007695
v -0.037821 0.010945 -0.004899
v -0.034377 0.012884 -0.002986
v -0.025037 0.015024 0.000106
v -0.013127 0.014696 0.003665
v -0.007823 0.013151 0.005103
v -0.018508 -0.025657 -0.016248
v -0.014042 -0.008916 -0.006559
v -0.019886 -0.006939 -0.007125
v -0.039582 0.005955 -0.007415
v 0.003693 0.009691 0.006558
v -0.000918 -0.018333 -0.007225
v 0.000670 -0.012728 -0.004173
v -0.027359 -0.002180 -0.007648
v -0.034700 0.002540 -0.007869
v -0.027643 0.014681 -0.000670
v -0.003162 -0.020698 -0.009075
v -0.001219 -0.020394 -0.008816
v 0.001897 -0.017005 -0.006109
v -0.005453 -0.011391 -0.005337
v -0.010611 -0.009523 -0.006180
v -0.020847 -0.004818 -0.007446
v -0.023674 -0.003566 -0.007583
v -0.032144 0.001311 -0.007810
v -0.038705 0.007566 -0.006933
v -0.038696 0.009353 -0.006054
v -0.020217 0.015175 0.001481
v -0.001076 0.011614 0.005707
v -0.004292 0.012983 0.004769
v -0.025190 -0.022357 -0.016767
v -0.029601 -0.000007 -0.007794
v 0.008333 0.008014 0.006822
v 0.001691 0.011254 0.005581
v -0.001415 -0.023089 -0.010214
v 0.003969 -0.016731 -0.005804
v -0.007862 -0.009891 -0.005898
v 0.003291 -0.012558 -0.004122
v -0.027438 -0.000346 -0.007846
v -0.034440 0.011699 -0.004664
v 0.006104 0.009683 0.006176
v -0.022502 -0.023439 -0.017455
v 0.001246 -0.018969 -0.008014
v -0.011942 -0.007500 -0.006727
v -0.014664 -0.006850 -0.007034
v -0.025112 -0.001637 -0.007783
v -0.029879 0.002362 -0.007975
v -0.035115 0.005900 -0.007824
v -0.036711 0.007189 -0.007389
v -0.036566 0.009096 -0.006537
v -0.032027 0.012917 -0.003403
v -0.016687 0.015342 0.001335
v -0.010992 0.014897 0.003425
v -0.009224 0.014556 0.003869
v -0.017542 -0.026007 -0.017565
v 0.001118 -0.026163 -0.011380
v 0.000173 -0.024329 -0.010785
v 0.000673 -0.021513 -0.009647
v 0.005233 -0.015466 -0.004961
v -0.002675 -0.010622 -0.005375
v -0.005751 -0.009149 -0.005943
v -0.016813 -0.005792 -0.007266
v -0.032928 0.003546 -0.007959
v -0.019505 -0.024845 -0.017799
v 0.000264 -0.010527 -0.005246
v 0.004761 -0.011707 -0.004478
v -0.018407 -0.004324 -0.007508
v -0.022520 -0.002046 -0.007825
v -0.034691 0.009775 -0.006390
v -0.029778 0.013321 -0.003204
v -0.023196 0.015040 -0.000459
v 0.003104 -0.026817 -0.011680
v 0.003510 -0.018274 -0.007610
v -0.009016 -0.007703 -0.006483
v -0.026680 0.013715 -0.003014
v -0.020520 0.015186 -0.000276
v -0.001531 0.013182 0.004138
v 0.002621 -0.024235 -0.010947
v 0.002156 -0.022278 -0.010218
v 0.002666 -0.020803 -0.009514
v 0.004923 -0.017503 -0.006999
v -0.013197 -0.004933 -0.007301
v -0.019948 -0.002770 -0.007773
v -0.031692 0.005219 -0.008038
v -0.034071 0.007435 -0.007571
v -0.025067 0.014531 -0.001743
v -0.018623 0.015258 -0.000089
v -0.020861 -0.024415 -0.018338
v -0.026127 0.001316 -0.008005
v -0.032438 0.009966 -0.006457
v 0.008403 0.010019 0.005467
v -0.013811 0.015656 0.001087
v -0.011168 0.016102 0.000988
v -0.003727 -0.008154 -0.006124
v -0.006928 -0.007104 -0.006504
v -0.010811 -0.005925 -0.006987
v -0.015796 -0.003790 -0.007574
v -0.020651 -0.000467 -0.008015
v -0.028580 0.004046 -0.008095
v -0.031909 0.007434 -0.007691
v -0.030314 0.011946 -0.004929
v 0.005591 0.011039 0.005062
v -0.007301 0.015146 0.003044
v -0.008679 0.016235 0.001742
v 0.004485 -0.020000 -0.009257
v -0.018038 -0.002271 -0.007844
v 0.002188 0.012292 0.004431
v -0.004732 0.014671 0.003059
v 0.003936 -0.022353 -0.010442
v 0.005820 -0.010232 -0.004861
v 0.003002 -0.010102 -0.005207
v -0.022790 0.000977 -0.008102
v -0.031074 0.008939 -0.007165
v -0.030098 0.010268 -0.006478
v -0.028030 0.011519 -0.005531
v -0.016299 0.015233 -0.000515
v 0.000881 -0.008886 -0.005650
v -0.001455 -0.008537 -0.005886
v -0.012961 -0.003040 -0.007640
v -0.024126 0.002854 -0.008175
v -0.029333 0.006733 -0.007922
v -0.024404 0.013205 -0.003911
v -0.019658 0.014441 -0.002226
v -0.005122 -0.006678 -0.006504
v -0.009629 -0.004241 -0.007283
v -0.015419 -0.001636 -0.007866
v -0.025986 0.004297 -0.008176
v -0.021796 0.013928 -0.002997
v 0.007971 0.011328 0.004113
v -0.028509 0.008353 -0.007525
v -0.025648 0.012216 -0.005063
v 0.004687 0.012646 0.003188
v -0.006431 -0.004675 -0.007069
v -0.017826 0.000241 -0.008045
v -0.020385 0.002047 -0.008194
v -0.026631 0.006237 -0.008052
v -0.022772 0.012679 -0.004690
v 0.000654 0.013823 0.002911
v -0.001695 0.014660 0.002404
v 0.003802 -0.007999 -0.005614
v -0.000074 -0.006943 -0.006178
v -0.025745 0.010778 -0.006285
v -0.003807 0.015443 0.001654
v -0.002638 -0.005151 -0.006753
v -0.022102 0.004623 -0.008212
v -0.026838 0.008531 -0.007488
v -0.013092 0.015307 -0.000959
v -0.006834 0.016537 0.000895
v 0.006585 -0.007659 -0.005335
v -0.014733 0.000394 -0.008013
v -0.017669 0.002747 -0.008148
v -0.024113 0.006792 -0.007985
v -0.017012 0.013968 -0.003157
v -0.008900 0.017097 0.000428
v -0.007661 -0.002320 -0.007558
v -0.010519 -0.001597 -0.007750
v -0.012706 -0.000721 -0.007881
v -0.024438 0.008866 -0.007383
v -0.023353 0.010529 -0.006529
v -0.019657 0.012992 -0.004386
v 0.002770 -0.005790 -0.006258
v -0.000646 -0.004933 -0.006692
v -0.019111 0.004344 -0.008178
v -0.022026 0.007117 -0.007923
v -0.022163 0.011651 -0.005690
v 0.005617 -0.006149 -0.005921
v -0.011261 0.000612 -0.007920
v -0.014051 0.002193 -0.008056
v -0.020860 0.011878 -0.005487
v -0.014957 0.014198 -0.002854
v -0.010659 0.015282 -0.001345
v -0.004870 0.016380 0.000332
v -0.007228 0.018998 0.000664
v -0.004997 -0.002631 -0.007421
v -0.019572 0.007040 -0.007889
v 0.007491 0.012241 0.002474
v 0.002733 0.014253 0.001424
v -0.001271 0.015473 0.000672
v -0.002611 -0.002878 -0.007309
v -0.008872 0.000690 -0.007880
v -0.016034 0.004077 -0.008079
v -0.020914 0.009036 -0.007293
v -0.020793 0.010536 -0.006577
v -0.017669 0.012293 -0.005148
v -0.012784 0.013789 -0.003443
v 0.007635 -0.005925 -0.005735
v -0.006167 -0.000624 -0.007725
v 0.005538 0.013435 0.001129
v -0.004825 0.018877 0.000571
v 0.001892 -0.003883 -0.006890
v -0.012094 0.003454 -0.007965
v -0.017251 0.006586 -0.007913
v -0.018931 0.010184 -0.006732
v -0.014967 0.012557 -0.004880
v -0.007217 0.015833 -0.000735
v 0.004348 -0.004105 -0.006690
v -0.000709 -0.002155 -0.007415
v -0.003854 -0.000564 -0.007736
v -0.014572 0.005827 -0.007888
v -0.017620 0.008066 -0.007605
v -0.016871 0.010667 -0.006444
v 0.001490 0.015323 0.000362
v -0.002218 0.017445 0.000409
v 0.006711 -0.003992 -0.006534
v -0.009892 0.013898 -0.003161
v 0.000407 0.017312 0.000536
v -0.006425 0.021026 0.000422
v -0.006847 0.001225 -0.007915
v -0.015583 0.008343 -0.007440
v -0.007895 0.014116 -0.002804
v 0.009445 0.012457 0.000382
v -0.003801 0.015388 -0.000775
v -0.008367 0.002950 -0.007936
v -0.013065 0.007856 -0.007412
v -0.014723 0.010488 -0.006482
v -0.005600 0.014430 -0.002276
v 0.003499 0.034332 0.000182
v 0.003703 0.015000 0.000003
v -0.002613 0.020203 0.000304
v -0.009831 0.004626 -0.007827
v -0.013168 0.012345 -0.005083
v -0.011460 0.012481 -0.004820
v 0.007888 0.013128 -0.000284
v -0.004975 0.021860 0.000260
v 0.003166 -0.001960 -0.007356
v -0.004914 0.002178 -0.007953
v -0.011138 0.006445 -0.007619
v -0.008698 0.012265 -0.004818
v -0.001759 0.000461 -0.007857
v -0.012412 0.009515 -0.006836
v -0.011189 0.010662 -0.006177
v 0.000278 0.014653 -0.001152
v 0.006499 0.015177 0.000255
v 0.000848 0.019643 0.000320
v 0.000977 -0.000383 -0.007716
v -0.007209 0.005212 -0.007765
v -0.008833 0.007175 -0.007411
v -0.006281 0.012950 -0.003921
v -0.002061 0.014069 -0.002455
v 0.003010 0.017968 0.000393
v -0.005044 0.023896 0.000297
v 0.008453 -0.002296 -0.006973
v -0.004868 0.004319 -0.007894
v -0.010113 0.008862 -0.006960
v -0.004362 0.013094 -0.003698
v 0.002823 0.013904 -0.001453
v 0.005370 0.017164 0.000093
v 0.006639 -0.001825 -0.007242
v -0.001938 0.002882 -0.007966
v -0.008386 0.010166 -0.006283
v 0.000554 0.001355 -0.007891
v -0.005959 0.007536 -0.007299
v -0.007759 0.009082 -0.006759
v -0.006723 0.011577 -0.005299
v 0.001165 0.013542 -0.002607
v 0.008719 0.015064 0.000071
v 0.001529 0.016544 -0.000191
v -0.000725 0.022226 0.000233
v -0.003004 0.023808 0.000244
v 0.002867 0.001081 -0.007899
v -0.005481 0.010105 -0.006231
v -0.004411 0.011394 -0.005387
v -0.001972 0.012301 -0.004455
v 0.005353 0.013468 -0.001277
v 0.005321 0.000032 -0.007747
v -0.003923 0.006697 -0.007573
v 0.010362 0.013611 -0.000563
v 0.002006 0.021593 0.000243
v 0.000120 0.003955 -0.007956
v -0.001906 0.025103 0.000230
v -0.003744 0.025719 0.000183
v 0.008080 -0.000149 -0.007564
v -0.002203 0.005933 -0.007758
v -0.003205 0.009984 -0.006275
v 0.000217 0.011977 -0.004552
v 0.004168 0.012637 -0.003345
v 0.009751 0.016832 0.000067
v 0.007581 0.017748 0.000138
v 0.006195 0.019223 -0.000009
v 0.004108 0.021270 0.000388
v -0.002189 0.008038 -0.007235
v -0.001247 0.010904 -0.005674
v 0.002475 0.011614 -0.004832
v 0.003398 0.003036 -0.008033
v 0.007381 0.012365 -0.002811
v 0.001677 0.024033 0.000190
v -0.000225 0.006402 -0.007722
v -0.000715 0.009168 -0.006741
v -0.002846 0.027244 0.000230
v 0.005959 0.002201 -0.007979
v 0.002652 0.005158 -0.007968
v 0.001187 0.010314 -0.006031
v 0.009990 0.018950 -0.000117
v 0.007826 0.020599 0.000094
v 0.004055 0.023443 0.000139
v 0.005914 0.022401 0.000346
v 0.009366 0.001516 -0.007744
v 0.001649 0.007817 -0.007332
v 0.006712 0.011722 -0.004487
v 0.010463 0.011676 -0.003669
v 0.000472 0.026441 0.000206
v 0.005480 0.004528 -0.008001
v 0.011918 0.017540 -0.000104
v 0.003989 0.010794 -0.005689
v -0.000928 0.028143 0.000127
v 0.007903 0.003516 -0.007922
v 0.003892 0.006909 -0.007654
v 0.004036 0.008688 -0.007001
v 0.008829 0.011376 -0.004636
v 0.003226 0.025804 0.000211
v 0.005802 0.010592 -0.005835
v 0.010933 0.021269 -0.000189
v 0.007964 0.023593 0.000156
v 0.006512 0.024941 0.000136
v 0.010259 0.002924 -0.007754
v 0.008394 0.005624 -0.007800
v 0.005609 0.007562 -0.007431
v 0.006455 0.009255 -0.006706
v 0.011798 0.018825 -0.000386
v -0.000594 0.029852 0.000146
v 0.006416 0.006600 -0.007720
v 0.008298 0.007745 -0.007322
v 0.008002 0.009941 -0.006262
v 0.010820 0.010466 -0.005485
v 0.012626 0.011176 -0.004108
v 0.004042 0.027986 0.000287
v 0.001270 0.028859 0.000200
v 0.000655 0.031036 0.000174
v 0.010525 0.005880 -0.007661
v 0.012497 0.022917 -0.000331
v 0.009796 0.025284 -0.000055
v 0.006350 0.026761 0.000189
v 0.009840 0.007565 -0.007317
v 0.013321 0.021008 -0.000536
v 0.010653 0.008836 -0.006771
v 0.011860 0.009924 -0.005962
v 0.008431 0.027549 0.000075
v 0.002826 0.030844 0.000210
v 0.011340 0.007847 -0.007170
v 0.013972 0.023397 -0.000528
v 0.005275 0.032452 0.000197
v 0.006307 0.029355 0.000324
v 0.001622 0.032933 0.000133
v 0.012112 0.026143 -0.000354
v 0.010530 0.027537 -0.000130
v 0.008337 0.030237 0.000200
v 0.003061 0.032621 0.000240
v 0.010651 0.029615 -0.000214
v 0.006102 0.030923 0.000356
v 0.012248 0.028124 -0.000339
v 0.015236 0.027094 -0.000292
vn -0.1019 0.5552 0.8254
vn -0.0066 0.6373 0.7706
vn -0.1151 0.6653 0.7376
vn -0.1155 -0.6983 -0.7064
vn 0.0444 -0.5278 -0.8482
vn -0.0475 -0.6249 -0.7793
vn -0.2184 0.5953 0.7732
vn -0.0788 0.6057 0.7918
vn -0.0916 0.5492 0.8306
vn -0.1008 -0.6093 -0.7865
vn -0.0288 -0.5302 -0.8474
vn -0.0955 0.6075 0.7885
vn 0.0090 0.6346 0.7728
vn 0.0814 0.6297 0.7726
vn -0.0438 0.6875 0.7248
vn 0.0443 0.7299 0.6821
vn 0.1310 0.5806 0.8036
vn 0.6824 0.6717 0.2884
vn 0.0604 0.6127 0.7880
vn 0.0476 -0.6707 -0.7402
vn 0.0086 -0.6745 -0.7383
vn -0.0288 -0.7026 -0.7110
vn -0.0523 0.7284 0.6831
vn -0.0456 0.7617 0.6463
vn -0.1078 0.6695 0.7350
vn -0.0357 -0.6014 -0.7982
vn 0.0425 -0.6301 -0.7754
vn -0.0114 -0.6160 -0.7876
vn 0.4584 0.1762 0.8711
vn -0.1213 0.7373 0.6646
vn 0.0867 0.8249 0.5586
vn 0.0650 -0.8168 -0.5732
vn 0.1454 -0.8299 -0.5387
vn 0.0494 -0.8173 -0.5741
vn 0.1705 -0.7643 -0.6219
vn 0.2008 -0.7755 -0.5986
vn 0.2233 -0.7256 -0.6509
vn 0.1523 -0.8885 -0.4329
vn -0.3620 0.7858 0.5014
vn -0.3522 0.6381 0.6846
vn -0.3337 0.8146 0.4744
vn -0.0829 -0.3802 0.9212
vn -0.0848 0.8902 0.4477
vn -0.9757 -0.2105 -0.0613
vn 0.0526 0.9536 0.2963
vn 0.2318 -0.8914 -0.3895
vn 0.4127 -0.9079 0.0742
vn 0.2971 -0.9545 -0.0258
vn 0.4320 -0.8963 -0.1005
vn 0.0262 -0.7918 0.6103
vn -0.0308 -0.6060 0.7949
vn 0.0705 -0.9586 0.2760
vn -0.1760 -0.8567 0.4849
vn 0.0083 -0.9988 0.0484
vn 0.1667 -0.3072 0.9369
vn 0.1140 -0.3245 0.9390
vn 0.1806 -0.3662 0.9128
vn -0.1066 -0.6899 0.7160
vn -0.0206 -0.4278 0.9037
vn 0.0087 -0.0735 -0.9973
vn 0.8069 -0.1605 -0.5685
vn -0.5610 -0.3408 -0.7544
vn 0.1330 -0.3815 0.9147
vn 0.1240 -0.3572 0.9258
vn 0.1061 -0.3876 0.9157
vn 0.0992 -0.3151 0.9439
vn 0.1604 -0.3203 0.9336
vn 0.0177 -0.0644 -0.9978
vn -0.0608 -0.0536 -0.9967
vn -0.0631 0.0396 -0.9972
vn -0.3646 -0.7307 0.5772
vn -0.0246 -0.9996 -0.0149
vn 0.0914 -0.2109 0.9732
vn 0.1186 -0.3288 0.9369
vn 0.1189 -0.2988 0.9469
vn 0.1483 -0.2127 0.9658
vn 0.0486 -0.2157 0.9752
vn 0.1415 -0.1014 0.9847
vn 0.1065 -0.3705 0.9227
vn 0.1073 -0.4038 0.9085
vn 0.0251 -0.3736 0.9273
vn 0.0564 -0.0726 0.9958
vn 0.0801 0.0172 0.9966
vn -0.0268 -0.2942 0.9554
vn -0.0032 -0.2755 0.9613
vn 0.0193 -0.2715 0.9623
vn -0.1757 0.0692 -0.9820
vn -0.1959 0.2167 -0.9564
vn -0.1807 0.1534 -0.9715
vn -0.2637 -0.8914 -0.3685
vn -0.1496 -0.7762 0.6125
vn 0.0551 -0.3977 0.9159
vn 0.9764 0.1975 -0.0874
vn 0.9183 -0.2714 0.2884
vn 0.9183 0.3571 -0.1710
vn -0.6400 -0.5077 0.5768
vn -0.2065 -0.7317 0.6495
vn -0.1988 -0.7265 0.6578
vn 0.1049 -0.9365 -0.3346
vn -0.3470 -0.8880 -0.3019
vn -0.0022 -0.4469 0.8946
vn 0.0361 -0.2987 0.9537
vn 0.1269 -0.1701 0.9772
vn 0.0769 -0.0416 0.9962
vn -0.0242 -0.2763 0.9608
vn 0.1105 -0.1782 0.9778
vn 0.0121 -0.3707 0.9287
vn 0.0712 -0.3912 0.9176
vn -0.0058 -0.3395 0.9406
vn 0.0809 0.0808 0.9934
vn 0.1235 -0.7709 0.6248
vn -0.1905 -0.6105 0.7688
vn 0.0561 -0.3554 0.9330
vn -0.1486 -0.0597 0.9871
vn 0.0644 -0.0528 0.9965
vn -0.0696 0.3016 0.9509
vn -0.0842 -0.0593 -0.9947
vn -0.2497 0.0738 -0.9655
vn -0.1400 0.0639 -0.9881
vn 0.0287 -0.2699 0.9625
vn 0.0817 0.0290 0.9962
vn -0.0327 0.0992 0.9945
vn 0.0832 0.0426 0.9956
vn 0.1719 0.8539 -0.4911
vn 0.0985 0.8632 -0.4951
vn 0.0612 0.7946 -0.6040
vn -0.0339 -0.4783 0.8776
vn 0.2606 -0.2928 0.9200
vn -0.0610 0.0663 -0.9959
vn -0.0888 -0.6024 -0.7933
vn 0.0758 -0.9864 -0.1461
vn 0.0566 -0.8542 0.5168
vn 0.1063 0.3390 0.9347
vn 0.1470 0.3209 0.9356
vn -0.2407 -0.0650 0.9684
vn -0.2845 0.0215 0.9584
vn 0.0651 0.2439 0.9676
vn -0.0721 -0.2300 -0.9705
vn -0.0567 -0.1178 -0.9914
vn -0.0251 -0.0483 -0.9985
vn -0.0552 0.0206 -0.9983
vn 0.1087 0.3817 -0.9179
vn 0.1412 0.3269 -0.9344
vn -0.0687 0.1856 -0.9802
vn -0.0717 0.0650 -0.9953
vn -0.0845 0.0533 -0.9950
vn -0.1364 -0.0163 -0.9905
vn -0.2907 -0.3878 0.8747
vn 0.1037 -0.4426 -0.8907
vn -0.0000 -0.0684 -0.9977
vn 0.0146 0.0312 -0.9994
vn 0.0054 -0.0496 -0.9988
vn 0.0054 -0.2337 0.9723
vn 0.1460 -0.2545 0.9560
vn -0.0786 -0.1525 0.9852
vn -0.1315 -0.4622 0.8770
vn -0.0997 -0.4557 0.8845
vn -0.2585 -0.2396 0.9358
vn 0.0221 -0.0480 -0.9986
vn 0.2472 -0.6561 0.7131
vn 0.1297 -0.7697 0.6251
vn 0.2034 -0.7089 0.6754
vn -0.0877 -0.3238 -0.9421
vn -0.3107 0.4021 -0.8612
vn 0.0855 -0.2421 -0.9665
vn 0.0719 -0.3885 0.9186
vn -0.0131 -0.3339 0.9425
vn 0.1266 -0.1769 0.9760
vn 0.1445 -0.0999 0.9844
vn 0.9663 0.2568 0.0190
vn -0.1621 0.9680 -0.1914
vn -0.0714 0.1711 0.9827
vn 0.1205 -0.2475 -0.9614
vn -0.2436 -0.0018 0.9699
vn -0.0209 -0.0316 0.9993
vn -0.0907 0.0041 0.9959
vn 0.0069 -0.7528 0.6582
vn 0.0956 -0.7176 0.6899
vn 0.0160 -0.6720 0.7403
vn -0.2273 -0.3112 0.9228
vn -0.1522 -0.2754 0.9492
vn -0.1420 -0.2933 0.9454
vn 0.1017 -0.2100 0.9724
vn -0.0124 -0.3038 0.9526
vn 0.0477 -0.3919 0.9188
vn -0.0702 -0.3038 0.9502
vn -0.0574 -0.4819 0.8743
vn 0.1039 0.2052 0.9732
vn 0.0785 0.4166 0.9057
vn 0.2081 0.2000 0.9574
vn -0.0048 -0.2055 -0.9786
vn -0.2133 0.0054 0.9770
vn 0.0746 -0.0318 -0.9967
vn -0.0941 0.1114 -0.9893
vn 0.3249 -0.0805 -0.9423
vn -0.0556 -0.5234 -0.8502
vn -0.0862 -0.3583 0.9296
vn -0.0287 0.0600 -0.9978
vn -0.0538 -0.0877 -0.9947
vn -0.2301 -0.1465 -0.9621
vn -0.0845 -0.1249 0.9886
vn -0.1577 -0.0935 0.9831
vn 0.0424 0.0730 0.9964
vn -0.0369 0.7483 -0.6623
vn -0.1222 0.7333 -0.6689
vn -0.0132 0.6833 -0.7301
vn 0.0634 -0.1918 0.9794
vn -0.0119 -0.0987 0.9950
vn 0.1227 -0.1890 0.9743
vn 0.1741 0.4414 0.8803
vn 0.2418 0.1535 -0.9581
vn 0.2422 0.2002 -0.9493
vn 0.1880 0.1045 -0.9766
vn 0.0911 -0.6655 0.7408
vn 0.0790 -0.5923 0.8018
vn -0.0696 -0.7173 0.6933
vn -0.0773 -0.3222 -0.9435
vn -0.0583 -0.3007 -0.9519
vn 0.2134 -0.3794 0.9003
vn -0.0650 -0.4235 0.9036
vn 0.0943 -0.0090 0.9955
vn 0.1883 0.5774 0.7945
vn 0.0731 -0.1230 0.9897
vn -0.2101 -0.1898 0.9591
vn -0.0984 -0.0822 0.9917
vn 0.1562 -0.3106 0.9376
vn 0.0418 -0.7988 0.6001
vn 0.1343 -0.1289 -0.9825
vn 0.2577 -0.1825 -0.9488
vn 0.1917 -0.2607 -0.9462
vn 0.0660 -0.1666 -0.9838
vn 0.1155 -0.2330 -0.9656
vn 0.1420 -0.1899 0.9715
vn 0.0309 0.3807 -0.9242
vn 0.0584 0.4794 -0.8757
vn 0.0842 0.5177 -0.8514
vn -0.0194 -0.6535 0.7567
vn -0.0503 -0.4875 0.8717
vn -0.0495 0.1801 0.9824
vn -0.0250 -0.0119 0.9996
vn 0.0521 0.1194 0.9915
vn 0.0037 -0.2915 -0.9565
vn 0.0825 0.3338 0.9390
vn 0.0774 0.0906 0.9929
vn 0.0979 0.7454 0.6594
vn -0.0512 -0.5045 0.8619
vn -0.1591 0.0020 0.9873
vn -0.6320 0.7710 0.0782
vn -0.3676 -0.2396 0.8986
vn -0.2976 -0.4412 0.8467
vn -0.3117 -0.3959 0.8638
vn -0.3435 -0.4270 0.8365
vn -0.2459 -0.2203 0.9439
vn -0.3204 -0.3454 0.8821
vn -0.2730 -0.2192 0.9367
vn 0.1400 -0.1406 -0.9801
vn 0.1091 -0.1290 -0.9856
vn -0.0328 0.1188 0.9924
vn -0.2898 -0.2936 -0.9110
vn -0.0635 0.4533 -0.8891
vn 0.0691 0.3101 -0.9482
vn 0.0485 -0.4742 0.8791
vn -0.1334 -0.3253 0.9361
vn -0.0151 0.3823 -0.9239
vn 0.7219 -0.6143 -0.3188
vn 0.0601 0.4371 -0.8974
vn -0.5391 0.1506 -0.8287
vn -0.0792 -0.1995 -0.9767
vn 0.0360 -0.2383 -0.9705
vn 0.3085 -0.3969 -0.8645
vn 0.3550 -0.2683 -0.8955
vn 0.2705 -0.2371 -0.9331
vn 0.1295 -0.1291 -0.9831
vn 0.0827 -0.3985 0.9134
vn 0.1180 -0.3854 0.9152
vn -0.0163 -0.3948 0.9186
vn 0.0263 -0.3611 0.9322
vn -0.1754 -0.0265 0.9841
vn -0.0193 -0.3604 0.9326
vn 0.0506 0.0225 0.9985
vn 0.1203 0.2536 -0.9598
vn -0.0473 0.0652 -0.9968
vn -0.0441 0.2176 -0.9750
vn 0.1377 0.1866 -0.9727
vn 0.1247 0.4230 -0.8975
vn 0.1295 0.1859 -0.9740
vn 0.0366 -0.4220 0.9059
vn 0.0078 -0.3953 0.9185
vn -0.2856 -0.2290 0.9306
vn 0.0195 0.0049 0.9998
vn 0.0421 -0.0077 0.9991
vn 0.1436 -0.1558 0.9773
vn 0.1316 -0.1055 -0.9857
vn 0.1442 -0.2257 -0.9635
vn -0.0047 -0.3803 0.9248
vn 0.1314 -0.2227 -0.9660
vn 0.0227 -0.1063 0.9941
vn 0.0240 -0.0192 0.9995
vn -0.9423 -0.2056 -0.2643
vn 0.0002 0.9871 0.1602
vn -0.1956 -0.3007 0.9334
vn 0.0198 -0.0080 -0.9998
vn 0.6584 0.7520 -0.0320
vn 0.1709 0.1046 -0.9797
vn 0.0730 -0.2551 0.9642
vn 0.1139 -0.3857 0.9156
vn 0.0190 -0.3858 0.9224
vn -0.1740 -0.2200 0.9598
vn -0.0373 -0.0822 -0.9959
vn -0.0440 -0.0640 -0.9970
vn -0.9894 0.1453 -0.0067
vn 0.0633 0.3084 -0.9491
vn 0.4714 0.0607 -0.8798
vn 0.0143 0.2245 -0.9744
vn 0.4013 0.2073 -0.8922
vn 0.2473 -0.0015 -0.9689
vn -0.0527 -0.6034 -0.7957
vn -0.5744 -0.1489 -0.8049
vn 0.0343 -0.1260 0.9914
vn 0.1022 0.1316 0.9860
vn 0.0225 0.2983 0.9542
vn 0.1732 0.2246 0.9589
vn 0.0709 0.6872 0.7230
vn 0.1533 0.7320 0.6639
vn -0.0508 -0.1030 0.9934
vn -0.0130 -0.1686 0.9856
vn -0.1541 -0.2888 0.9449
vn 0.1003 0.5189 -0.8489
vn 0.3429 0.3550 -0.8697
vn 0.3611 0.1622 -0.9183
vn -0.2037 -0.1716 0.9639
vn -0.1328 0.0509 0.9898
vn 0.0047 -0.1430 0.9897
vn -0.1044 -0.0276 -0.9942
vn 0.7236 -0.6549 -0.2181
vn -0.0337 0.0045 -0.9994
vn 0.0873 -0.1652 -0.9824
vn 0.0592 -0.1429 -0.9880
vn 0.0813 -0.1991 -0.9766
vn -0.1697 -0.1126 0.9790
vn -0.2306 -0.1993 0.9524
vn -0.0435 0.0039 -0.9990
vn 0.0155 -0.0052 -0.9999
vn -0.0268 -0.0255 -0.9993
vn 0.0259 -0.2430 -0.9697
vn 0.3752 -0.4089 -0.8319
vn 0.0318 -0.2466 0.9686
vn -0.1192 -0.1312 0.9842
vn 0.1375 -0.0449 -0.9895
vn -0.0060 -0.2368 0.9715
vn 0.0750 -0.2822 0.9564
vn 0.0707 -0.3118 0.9475
vn -0.0891 -0.3966 0.9137
vn 0.2633 0.2445 -0.9332
vn -0.4653 -0.3190 -0.8257
vn -0.0128 0.4133 -0.9105
vn 0.1100 -0.1026 -0.9886
vn 0.3072 -0.1126 -0.9450
vn 0.1379 -0.3696 -0.9189
vn 0.1664 -0.2292 -0.9591
vn 0.0473 -0.1290 0.9905
vn -0.1565 -0.1545 0.9755
vn 0.2840 0.2759 -0.9183
vn 0.1582 0.2981 -0.9413
vn 0.1294 0.3720 -0.9192
vn 0.1645 0.2497 -0.9542
vn 0.0686 0.4139 -0.9077
vn -0.0777 0.0838 0.9934
vn -0.0456 0.1229 0.9914
vn 0.0645 -0.2358 -0.9697
vn 0.1802 -0.2329 -0.9557
vn 0.1049 -0.3254 -0.9397
vn 0.2012 -0.3813 0.9023
vn 0.1225 -0.4144 0.9018
vn 0.0678 0.0370 -0.9970
vn 0.0828 0.9098 0.4068
vn 0.1225 0.8777 0.4633
vn -0.2849 -0.1731 0.9428
vn -0.3117 -0.1676 0.9353
vn -0.3876 -0.0060 0.9218
vn -0.1748 -0.0874 0.9807
vn 0.1173 -0.3937 -0.9117
vn 0.2732 -0.0291 0.9615
vn 0.1046 -0.3169 0.9427
vn 0.1393 0.1979 -0.9703
vn 0.0939 0.1088 -0.9896
vn 0.1930 0.1558 -0.9687
vn 0.3963 0.4927 -0.7747
vn -0.2454 -0.2937 0.9239
vn -0.1480 -0.2527 0.9562
vn -0.0867 -0.1510 0.9847
vn 0.0880 0.2478 -0.9648
vn 0.0417 -0.0311 -0.9986
vn 0.2106 0.3711 -0.9044
vn 0.0776 -0.4481 -0.8906
vn 0.1431 0.2438 -0.9592
vn 0.2820 -0.0223 -0.9591
vn -0.0245 0.2165 -0.9760
vn -0.1017 -0.1434 0.9844
vn -0.0152 0.0183 0.9997
vn -0.0139 -0.0454 0.9989
vn -0.0463 -0.0019 -0.9989
vn -0.0352 -0.0035 -0.9994
vn 0.1067 0.0852 -0.9906
vn -0.0156 -0.2236 -0.9745
vn -0.1612 -0.0211 -0.9867
vn 0.0416 -0.2571 -0.9655
vn 0.0620 -0.4150 0.9077
vn 0.0947 -0.0310 0.9950
vn 0.0139 0.1994 0.9798
vn 0.1311 0.1529 0.9795
vn 0.0818 0.4598 0.8843
vn -0.1411 0.0044 0.9900
vn -0.1227 -0.0998 0.9874
vn -0.1121 -0.0576 0.9920
vn 0.0991 -0.3512 -0.9310
vn 0.0611 -0.3598 0.9310
vn 0.0860 -0.4843 0.8707
vn 0.0419 -0.1732 0.9840
vn 0.2447 0.8810 0.4049
vn -0.0165 -0.1157 0.9931
vn -0.1349 -0.1008 0.9857
vn 0.0564 -0.1559 0.9862
vn -0.0848 -0.0774 0.9934
vn -0.0465 -0.1228 0.9913
vn -0.0241 -0.0482 0.9985
vn -0.2544 -0.4513 0.8554
vn -0.1377 -0.3197 0.9374
vn -0.2946 -0.3504 0.8891
vn 0.0293 -0.2399 -0.9703
vn 0.0739 -0.1698 -0.9827
vn 0.2355 -0.2070 0.9496
vn 0.3153 -0.2528 0.9147
vn -0.2088 -0.1390 0.9680
vn -0.3256 0.0552 0.9439
vn 0.0624 -0.4882 -0.8705
vn 0.2253 -0.3502 0.9092
vn 0.2066 -0.3456 0.9153
vn 0.0777 0.7646 0.6398
vn 0.0921 0.6609 0.7448
vn 0.0545 0.7859 0.6159
vn -0.1483 -0.4025 0.9033
vn -0.4388 -0.2884 0.8511
vn -0.0140 -0.5227 0.8524
vn -0.0112 0.2705 -0.9627
vn 0.0477 0.1406 -0.9889
vn 0.1027 0.0871 -0.9909
vn 0.2132 0.2389 -0.9473
vn 0.2631 -0.1210 -0.9572
vn 0.0132 -0.3196 -0.9474
vn 0.0098 -0.4307 -0.9024
vn 0.0610 0.7166 0.6948
vn -0.1316 -0.1924 0.9724
vn -0.1446 -0.1030 0.9841
vn -0.1519 -0.1403 0.9784
vn -0.1687 0.0432 0.9847
vn -0.1008 -0.0622 0.9930
vn 0.0767 -0.0444 0.9961
vn 0.1277 0.3891 -0.9123
vn 0.2158 0.1514 -0.9646
vn 0.2700 0.2952 -0.9165
vn 0.1942 0.8309 0.5215
vn -0.0466 0.0270 -0.9985
vn 0.1608 0.1550 -0.9747
vn -0.0125 -0.2001 -0.9797
vn 0.3392 0.2642 -0.9029
vn 0.3964 0.0039 -0.9181
vn -0.1902 -0.2816 -0.9405
vn 0.2601 -0.2824 -0.9234
vn 0.1140 0.0789 0.9903
vn 0.0634 0.1433 0.9877
vn 0.0773 0.1153 -0.9903
vn 0.1201 0.0122 -0.9927
vn -0.0124 0.0485 -0.9987
vn 0.1850 0.2261 -0.9564
vn 0.1725 0.4961 -0.8510
vn -0.0277 -0.0633 0.9976
vn -0.2160 -0.2241 0.9503
vn -0.1399 -0.0339 0.9896
vn 0.0878 -0.0072 -0.9961
vn -0.0976 -0.2656 -0.9591
vn 0.4300 -0.2453 0.8689
vn 0.1792 0.3584 0.9162
vn 0.0552 0.4948 0.8672
vn -0.1155 -0.0145 0.9932
vn -0.0881 -0.1326 0.9872
vn -0.1452 -0.2352 0.9611
vn 0.1785 0.1326 -0.9750
vn 0.2018 0.3350 -0.9204
vn 0.2881 0.1444 -0.9466
vn -0.2081 -0.3230 0.9232
vn -0.3096 -0.1646 0.9365
vn -0.2067 -0.1618 0.9649
vn -0.2967 -0.2805 0.9128
vn -0.1674 -0.0938 0.9814
vn -0.3071 -0.2923 0.9057
vn -0.0742 -0.0094 0.9972
vn 0.0486 -0.0763 0.9959
vn 0.3800 0.0359 0.9243
vn 0.1695 0.6327 0.7556
vn 0.0689 0.1107 -0.9915
vn 0.1274 0.2606 -0.9570
vn -0.0871 -0.9957 0.0318
vn -0.0803 -0.3885 0.9179
vn -0.9592 -0.2100 -0.1895
vn 0.0458 -0.0276 -0.9986
vn 0.1275 0.0245 -0.9915
vn 0.1327 -0.0218 -0.9909
vn 0.1650 -0.4022 -0.9005
vn 0.3306 -0.3061 -0.8927
vn 0.2108 -0.3178 -0.9244
vn 0.1126 -0.4212 -0.8999
vn 0.0607 -0.3884 -0.9195
vn 0.0553 -0.4212 -0.9053
vn 0.1381 -0.4251 -0.8946
vn 0.1065 -0.7050 0.7012
vn 0.0763 -0.3215 0.9438
vn -0.0145 0.7882 0.6152
vn 0.1929 0.9140 0.3568
vn 0.0724 0.9341 0.3496
vn 0.2269 0.8892 0.3973
vn 0.1898 0.1140 -0.9752
vn 0.0377 0.3807 -0.9239
vn 0.0642 0.0979 -0.9931
vn 0.0427 0.0853 -0.9954
vn 0.1017 0.0056 -0.9948
vn 0.0178 0.0157 -0.9997
vn -0.2053 -0.3311 0.9210
vn -0.3721 -0.2652 0.8895
vn 0.2239 0.4268 -0.8762
vn 0.2983 0.1255 -0.9462
vn 0.1712 0.1366 -0.9757
vn 0.1723 -0.0432 -0.9841
vn 0.0260 -0.0690 -0.9973
vn 0.0681 -0.0074 -0.9976
vn 0.0366 0.0127 -0.9992
vn -0.0126 -0.0374 -0.9992
vn -0.0107 0.0504 -0.9987
vn 0.1223 0.0419 -0.9916
vn 0.0545 -0.4629 -0.8848
vn 0.1125 -0.3470 -0.9311
vn 0.0122 -0.2121 0.9772
vn 0.0317 -0.3841 0.9227
vn 0.0631 0.0326 -0.9975
vn -0.1850 -0.2690 0.9452
vn -0.1669 -0.0848 0.9823
vn -0.1777 -0.1567 0.9715
vn -0.1701 0.1194 0.9782
vn -0.1211 0.2415 -0.9628
vn 0.2219 0.0030 -0.9751
vn 0.2151 -0.0422 -0.9757
vn 0.0706 0.8929 0.4447
vn -0.0186 -0.2707 0.9625
vn 0.0290 -0.2709 0.9622
vn -0.0971 -0.3915 0.9150
vn -0.3031 -0.4588 0.8353
vn -0.4527 -0.5624 0.6919
vn -0.1075 -0.6363 0.7639
vn -0.1465 -0.5355 0.8317
vn -0.3206 -0.2842 0.9036
vn 0.2116 0.1552 -0.9649
vn 0.1148 0.2321 -0.9659
vn 0.1587 0.2180 -0.9629
vn 0.0640 -0.4338 -0.8987
vn 0.0630 0.1465 0.9872
vn 0.0330 0.2611 0.9647
vn 0.0442 0.8479 0.5283
vn -0.1130 0.1140 -0.9870
vn -0.6586 0.6982 -0.2808
vn 0.2231 0.4541 -0.8625
vn -0.0985 0.1585 0.9824
vn -0.2533 0.0788 0.9642
vn -0.1120 -0.0336 0.9931
vn 0.1068 0.0972 -0.9895
vn 0.1183 0.2117 -0.9702
vn -0.5428 0.8225 -0.1698
vn -0.0332 -0.1238 0.9918
vn -0.0048 -0.1856 0.9826
vn -0.0394 -0.0407 0.9984
vn -0.0957 0.0413 0.9946
vn -0.1197 -0.1336 0.9838
vn -0.0518 0.0548 0.9972
vn 0.0323 -0.4284 -0.9030
vn 0.0091 -0.4644 -0.8856
vn 0.0960 -0.3091 -0.9462
vn 0.1145 -0.3081 -0.9444
vn 0.2778 0.9602 0.0285
vn 0.0639 -0.0651 -0.9958
vn -0.1907 -0.1632 0.9680
vn -0.0983 -0.1764 0.9794
vn -0.0925 -0.1344 0.9866
vn 0.0347 -0.0324 -0.9989
vn 0.4010 -0.2572 -0.8792
vn -0.0105 -0.4681 -0.8836
vn 0.0901 -0.1734 0.9807
vn 0.1223 -0.0723 0.9899
vn 0.2854 0.0602 -0.9565
vn 0.3389 0.2280 -0.9128
vn 0.2879 0.2643 -0.9205
vn 0.0641 0.9839 0.1669
vn 0.0208 -0.1305 0.9912
vn -0.0640 0.0395 0.9972
vn 0.1004 -0.1242 0.9872
vn 0.2124 -0.5394 0.8148
vn -0.1519 -0.2194 0.9637
vn -0.0878 -0.1289 0.9878
vn 0.2884 0.3474 -0.8923
vn -0.0093 0.2066 -0.9784
vn 0.0624 0.3806 -0.9226
vn -0.1682 0.0807 0.9824
vn -0.0853 0.0697 0.9939
vn -0.1054 0.1669 0.9803
vn 0.3092 -0.2509 -0.9173
vn 0.3712 -0.5689 -0.7339
vn 0.0620 0.5238 0.8496
vn 0.1362 0.3626 0.9219
vn -0.0883 -0.2111 0.9735
vn 0.3971 0.1334 -0.9080
vn 0.1711 0.1342 -0.9761
vn 0.2380 0.2816 -0.9295
vn -0.0156 0.0713 -0.9973
vn 0.2345 0.2191 -0.9471
vn 0.2122 0.0562 -0.9756
vn 0.0767 0.0355 -0.9964
vn 0.0899 -0.0236 -0.9957
vn 0.1575 -0.0824 -0.9841
vn 0.0846 0.0093 -0.9964
vn 0.1560 -0.4857 -0.8601
vn 0.0744 -0.3775 -0.9230
vn 0.2819 -0.6039 0.7455
vn 0.0575 -0.6487 0.7589
vn 0.1397 0.9864 -0.0867
vn 0.0629 0.1024 0.9928
vn -0.0163 0.0015 0.9999
vn 0.5184 0.0278 0.8547
vn -0.0994 -0.2574 0.9612
vn -0.2057 0.0981 -0.9737
vn -0.1909 0.4314 -0.8817
vn 0.9883 -0.1471 0.0415
vn 0.0892 -0.4149 -0.9055
vn 0.0748 -0.4364 -0.8966
vn -0.1227 0.0870 0.9886
vn -0.2404 0.0872 0.9667
vn -0.1395 -0.0345 0.9896
vn 0.0825 -0.3174 -0.9447
vn 0.1174 -0.2682 -0.9562
vn 0.3797 -0.5259 0.7611
vn 0.1716 0.1530 0.9732
vn 0.0544 0.6890 0.7227
vn 0.1667 0.7110 0.6832
vn -0.2629 -0.1659 -0.9504
vn -0.1595 0.0307 -0.9867
vn -0.0469 0.0410 -0.9981
vn 0.0797 -0.0279 0.9964
vn 0.0041 -0.0984 0.9951
vn -0.0632 0.6015 0.7964
vn -0.0974 0.1405 0.9853
vn -0.0308 0.1013 0.9944
vn -0.1593 -0.2980 0.9412
vn -0.0907 -0.1982 0.9760
vn -0.2014 -0.2578 0.9450
vn 0.3559 -0.4787 -0.8026
vn 0.1285 -0.3878 -0.9127
vn -0.2794 -0.3993 0.8732
vn 0.0706 0.4235 0.9032
vn -0.0825 0.7012 -0.7081
vn 0.3227 0.7949 -0.5139
vn 0.0839 0.9203 -0.3822
vn -0.0560 0.1996 0.9783
vn -0.0025 0.0735 0.9973
vn 0.0469 0.0692 0.9965
vn -0.0466 -0.2619 0.9640
vn 0.0903 -0.4918 0.8660
vn 0.1031 -0.1270 0.9865
vn 0.0590 0.9760 0.2098
vn 0.0859 -0.0678 0.9940
vn 0.2186 0.0848 -0.9721
vn 0.1846 0.1906 -0.9641
vn 0.1624 0.8744 -0.4573
vn -0.0008 -0.0031 -1.0000
vn -0.0032 0.0487 -0.9988
vn 0.0035 0.1191 -0.9929
vn 0.0648 0.0522 0.9965
vn 0.0200 0.0656 0.9976
vn 0.9586 -0.0727 0.2754
vn 0.1301 -0.6416 -0.7559
vn 0.0265 -0.3501 -0.9363
vn 0.1055 -0.2354 -0.9661
vn 0.1174 -0.7601 0.6391
vn 0.0800 0.3803 0.9214
vn 0.0238 0.0932 -0.9954
vn -0.1562 0.9865 -0.0487
vn 0.0253 0.3622 -0.9318
vn 0.1694 0.2905 -0.9417
vn 0.0214 -0.0926 0.9955
vn -0.0870 -0.0228 0.9959
vn -0.1608 -0.0802 0.9837
vn 0.0815 0.0336 0.9961
vn 0.1162 0.1208 -0.9858
vn -0.1901 -0.1517 -0.9700
vn 0.1510 -0.0203 -0.9883
vn 0.1228 -0.2524 -0.9598
vn 0.1619 -0.1750 -0.9712
vn 0.3194 -0.1236 -0.9395
vn 0.0574 -0.0813 -0.9950
vn 0.5751 -0.3475 -0.7406
vn -0.5615 -0.3581 -0.7460
vn 0.0503 -0.1460 -0.9880
vn 0.2597 -0.5049 -0.8232
vn 0.0757 -0.0790 -0.9940
vn -0.9319 0.3463 -0.1078
vn -0.3849 -0.9218 -0.0473
vn 0.0989 0.0274 0.9947
vn 0.2089 0.2209 -0.9527
vn 0.1544 0.0568 -0.9864
vn -0.0676 0.2177 -0.9737
vn -0.0963 0.1432 0.9850
vn -0.0955 -0.0421 0.9945
vn 0.0028 0.1618 0.9868
vn 0.1003 -0.0984 -0.9901
vn 0.1194 -0.1028 -0.9875
vn 0.3967 -0.5609 0.7266
vn 0.0238 -0.4779 0.8781
vn 0.0332 -0.2233 0.9742
vn 0.0959 0.9379 0.3334
vn -0.0099 0.0360 0.9993
vn 0.0099 -0.0377 0.9992
vn 0.1275 0.2130 -0.9687
vn 0.1539 0.4867 -0.8599
vn 0.2688 0.3312 -0.9045
vn 0.0604 0.2676 -0.9616
vn 0.2583 -0.6190 -0.7417
vn 0.1559 -0.6996 -0.6973
vn 0.1199 -0.1922 -0.9740
vn 0.1863 0.1355 0.9731
vn 0.1172 0.1680 0.9788
vn 0.1188 0.1367 0.9835
vn 0.0708 0.8640 -0.4985
vn 0.0769 0.9956 0.0538
vn 0.0372 0.0380 0.9986
vn 0.0107 0.2362 0.9716
vn -0.1278 0.1414 0.9817
vn 0.0532 -0.1136 -0.9921
vn 0.0496 -0.1747 0.9834
vn 0.0927 0.4825 0.8710
vn 0.1759 0.5984 0.7817
vn 0.0820 -0.0966 -0.9919
vn 0.0003 -0.0767 -0.9971
vn -0.0222 0.0067 -0.9997
vn 0.1279 -0.2726 -0.9536
vn 0.0762 -0.2743 -0.9586
vn 0.0882 -0.0452 -0.9951
vn 0.1408 -0.1155 -0.9833
vn 0.0829 -0.1934 -0.9776
vn 0.0958 -0.0885 -0.9915
vn 0.0591 0.3869 -0.9202
vn 0.0127 0.3552 -0.9347
vn 0.1438 0.3366 -0.9306
vn 0.0573 0.0711 0.9958
vn 0.0963 0.0581 0.9937
vn 0.0718 0.9660 -0.2483
vn -0.0913 -0.0344 0.9952
vn -0.1740 -0.1238 0.9769
vn -0.0881 -0.0919 0.9919
vn 0.4628 0.1723 -0.8696
vn 0.0053 0.0294 -0.9996
vn 0.0099 -0.0663 -0.9978
vn -0.2531 0.1322 0.9584
vn 0.7771 -0.2465 0.5792
vn -0.5028 -0.3894 0.7718
vn 0.0813 0.0204 -0.9965
vn 0.1043 0.1123 -0.9882
vn 0.0266 -0.5340 0.8451
vn 0.1422 -0.4302 -0.8915
vn 0.2134 -0.3541 -0.9105
vn -0.7932 -0.5986 -0.1119
vn 0.1676 -0.2418 -0.9557
vn 0.2626 -0.9648 0.0156
vn 0.1696 0.5817 -0.7955
vn 0.2102 0.7396 -0.6394
vn 0.0387 0.6988 -0.7143
vn 0.1142 0.2955 0.9485
vn 0.1626 0.4576 0.8742
vn 0.1451 0.2488 0.9576
vn 0.9794 -0.1814 0.0883
vn 0.9975 0.0700 -0.0080
vn 0.0327 0.2588 -0.9654
vn -0.5396 -0.7249 -0.4283
vn 0.1399 -0.8655 -0.4810
vn 0.0758 -0.9484 -0.3080
vn 0.2425 -0.7515 -0.6136
vn 0.0763 -0.1548 -0.9850
vn 0.0097 0.4099 -0.9121
vn 0.1194 0.3998 -0.9088
vn 0.0464 -0.1704 0.9843
vn 0.0535 0.9479 0.3141
vn 0.1783 0.8425 0.5083
vn 0.0834 0.7788 0.6217
vn -0.0351 0.1104 0.9933
vn -0.0987 0.0778 0.9921
vn 0.0225 0.0326 0.9992
vn 0.1204 -0.8397 -0.5296
vn 0.0627 -0.2424 -0.9681
vn 0.1115 -0.8465 -0.5206
vn 0.1404 0.5171 -0.8443
vn 0.2015 0.6269 -0.7526
vn 0.0796 0.7250 -0.6841
vn -0.6837 0.7262 0.0715
vn -0.0236 -0.0347 0.9991
vn 0.1381 -0.4175 -0.8981
vn 0.1387 0.3119 -0.9399
vn 0.1101 0.0677 -0.9916
vn 0.1817 0.1388 -0.9735
vn 0.0433 0.9680 -0.2474
vn -0.0112 0.7555 0.6551
vn 0.0611 0.9182 0.3913
vn 0.1171 0.2919 -0.9493
vn 0.2066 0.2897 -0.9345
vn 0.0389 0.8256 -0.5629
vn 0.1486 0.6792 -0.7187
vn 0.2609 0.9167 -0.3027
vn 0.0533 0.9821 -0.1809
vn 0.0470 0.0181 -0.9987
vn 0.0807 0.0276 -0.9964
vn 0.0217 -0.8881 -0.4591
vn 0.1676 -0.9651 -0.2012
vn 0.1258 0.0416 -0.9912
vn 0.0841 -0.0474 -0.9953
vn 0.2200 0.0083 -0.9755
vn 0.1300 0.6330 -0.7632
vn 0.1212 0.5922 -0.7966
vn 0.3061 0.7992 -0.5172
vn 0.0785 0.3650 0.9277
vn 0.0464 0.9804 -0.1914
vn 0.1535 0.9830 0.1005
vn -0.0049 0.9656 -0.2600
vn -0.0654 -0.8699 0.4888
vn 0.1244 -0.4413 0.8887
vn 0.2176 -0.9617 0.1669
vn 0.0894 0.2649 -0.9601
vn 0.0766 0.6165 0.7836
vn 0.2899 -0.9292 -0.2294
vn 0.0061 0.1643 -0.9864
vn 0.0127 0.0668 -0.9977
vn 0.1288 0.4776 -0.8691
vn 0.0857 -0.2435 -0.9661
vn 0.0770 -0.1596 -0.9842
vn 0.0828 -0.1266 -0.9885
vn 0.2531 0.1975 -0.9471
vn 0.1176 0.1770 -0.9772
vn 0.1653 0.1503 0.9747
vn 0.1586 0.0687 0.9849
vn 0.1118 0.1971 0.9740
vn 0.0102 0.6683 0.7438
vn 0.0421 -0.9729 0.2272
vn 0.1352 0.6863 -0.7147
vn 0.0821 0.4356 -0.8964
vn -0.0100 0.9231 0.3844
vn -0.0986 -0.7876 -0.6083
vn 0.0598 -0.6607 0.7483
vn 0.1429 -0.2459 0.9587
vn 0.2006 -0.9113 -0.3596
vn 0.1124 -0.5110 -0.8522
vn 0.2087 -0.4695 -0.8579
vn 0.1791 0.0533 0.9824
vn 0.1286 -0.1197 0.9844
vn 0.0475 0.6934 -0.7190
vn 0.1518 0.3836 -0.9110
vn 0.1821 -0.1162 -0.9764
vn 0.1138 -0.1270 -0.9853
vn 0.0958 0.1223 -0.9879
vn 0.1132 0.2184 -0.9693
vn 0.0663 0.4319 -0.8995
vn 0.0910 0.7331 -0.6740
vn 0.1452 -0.3524 -0.9245
vn 0.1810 -0.2051 -0.9619
vn 0.1036 -0.2545 -0.9615
vn 0.1642 0.1843 0.9691
vn 0.0977 0.4002 0.9112
vn 0.1255 0.4399 0.8892
vn -0.0079 0.9968 -0.0801
vn 0.1470 0.9840 -0.1006
vn 0.1312 -0.0000 -0.9914
vn 0.1863 0.0336 -0.9819
vn -0.0009 0.9586 0.2848
vn 0.1076 -0.2959 -0.9491
vn 0.0778 0.2604 -0.9624
vn 0.1337 0.2720 -0.9530
vn 0.1255 -0.0698 -0.9896
vn 0.0492 0.9273 -0.3711
vn 0.1841 0.1160 0.9760
vn 0.1485 0.4446 -0.8833
vn 0.1620 0.4588 -0.8736
vn 0.0645 0.6846 -0.7260
vn 0.1733 0.7106 -0.6819
vn 0.1748 -0.3656 0.9142
vn -0.0042 -0.8195 0.5731
vn 0.2723 -0.2881 0.9181
vn 0.1099 -0.2921 -0.9501
vn 0.1141 -0.1006 -0.9884
vn 0.1317 0.3080 0.9422
vn 0.1649 0.6225 0.7650
vn 0.0039 0.6745 0.7383
vn 0.0844 -0.9899 0.1141
vn 0.1468 -0.6143 -0.7753
vn 0.4093 -0.8906 0.1982
vn 0.1947 -0.2389 -0.9513
vn 0.0673 -0.4403 -0.8953
vn 0.1096 0.0997 -0.9890
vn -0.0543 -0.1836 0.9815
vn 0.8048 0.5815 0.1190
vn -0.1084 -0.0878 0.9902
vn 0.1341 -0.4606 -0.8774
vn 0.1967 -0.2740 -0.9414
vn 0.1211 -0.1200 -0.9854
vn 0.2457 0.0543 0.9678
vn 0.1329 0.0641 0.9891
vn 0.1356 0.2910 0.9471
vn -0.0464 -0.0003 0.9989
vn 0.0039 -0.0235 0.9997
vn -0.0432 -0.1190 0.9920
vn 0.1813 -0.1737 -0.9680
vn 0.1036 0.0169 -0.9945
vn 0.1325 0.3697 -0.9197
vn 0.1043 0.3962 -0.9122
vn 0.1828 -0.2838 -0.9413
vn 0.0926 0.3266 -0.9406
vn 0.1313 0.1480 0.9802
vn -0.8680 -0.4963 -0.0159
vn 0.6695 -0.7423 0.0299
vn 0.0566 -0.0981 0.9936
vn 0.0316 0.9721 -0.2325
vn -0.5902 0.8070 0.0219
vn 0.0829 0.0426 -0.9956
vn 0.1408 0.0676 -0.9877
vn 0.1428 0.0640 -0.9877
vn 0.0757 0.8490 -0.5229
vn 0.0766 0.5901 -0.8037
vn -0.3549 0.9270 -0.1217
vn 0.1635 -0.4076 -0.8984
vn 0.2302 -0.3925 -0.8905
vn 0.2316 -0.3219 -0.9180
vn 0.1177 -0.2110 -0.9704
vn 0.1838 -0.2293 -0.9559
vn 0.3003 -0.1787 0.9370
vn 0.2625 -0.1349 0.9555
vn 0.2866 0.0006 0.9581
vn 0.1634 0.0622 0.9846
vn 0.1946 0.2075 -0.9587
vn 0.2141 -0.1553 0.9644
vn 0.2483 -0.0693 0.9662
vn 0.3520 0.0362 0.9353
vn -0.1306 -0.0594 0.9897
vn -0.0568 -0.1181 0.9914
vn -0.1087 -0.0128 0.9940
vn -0.0181 -0.0205 -0.9996
vn -0.1686 0.9842 -0.0534
vn 0.0939 0.6479 0.7559
vn 0.2031 -0.2718 -0.9407
vn -0.0506 0.0801 -0.9955
vn -0.0707 0.1444 -0.9870
vn 0.0010 0.1055 -0.9944
vn 0.0181 -0.0964 0.9952
vn 0.0588 -0.0814 0.9949
vn 0.0062 0.0334 0.9994
vn -0.0883 -0.0093 -0.9961
vn -0.1246 -0.0714 -0.9896
vn -0.1684 -0.0218 -0.9855
vn 0.1128 0.1448 0.9830
vn 0.1125 0.2090 0.9714
vn 0.1952 0.1326 0.9718
vn 0.1945 -0.2220 -0.9554
vn 0.2306 0.2167 0.9486
vn 0.5938 -0.8009 -0.0768
vn -0.8561 -0.5165 0.0164
vn -0.0228 0.0132 -0.9997
vn 0.1421 -0.1349 -0.9806
vn 0.2939 -0.0922 -0.9514
vn 0.2231 0.0010 0.9748
vn 0.4273 0.2556 0.8672
vn 0.0727 -0.3372 -0.9386
vn 0.1368 -0.4884 -0.8618
vn -0.1499 0.5308 -0.8342
vn 0.2158 -0.0344 -0.9758
vn 0.2261 0.0188 -0.9739
vn 0.1877 0.4063 -0.8943
vn -0.0156 0.3472 -0.9377
vn 0.1841 0.0443 0.9819
vn 0.4831 -0.8069 -0.3399
vn -0.7119 -0.3349 -0.6173
vn 0.1172 0.6454 -0.7548
vn -0.3162 0.9286 -0.1944
vn 0.3754 -0.1999 -0.9050
vn 0.2475 -0.1227 -0.9611
vn -0.0459 0.0244 -0.9986
vn -0.0192 -0.0602 -0.9980
vn -0.1111 -0.0285 -0.9934
vn 0.2856 0.2895 -0.9136
vn 0.0019 0.0611 0.9981
vn 0.0237 0.2396 0.9706
vn 0.0913 0.0643 0.9937
vn -0.2381 0.9325 -0.2717
vn 0.2116 0.4075 0.8884
vn 0.2146 0.4867 0.8468
vn -0.6916 0.0151 0.7222
vn -0.6129 0.2497 0.7497
vn -0.7482 0.1665 0.6422
vn 0.1437 0.2441 -0.9590
vn 0.1322 -0.0118 -0.9912
vn 0.2116 0.1686 0.9627
vn 0.1307 0.1737 0.9761
vn 0.1684 0.0403 0.9849
vn -0.2435 -0.1535 0.9577
vn 0.1303 -0.2469 0.9603
vn -0.0389 -0.1496 0.9880
vn 0.1392 -0.0502 -0.9890
vn 0.1336 -0.1192 -0.9838
vn 0.0328 0.2154 -0.9760
vn 0.0800 0.5530 -0.8293
vn 0.0669 0.1808 0.9812
vn 0.0038 0.1750 0.9846
vn -0.0727 -0.1197 -0.9901
vn -0.1192 -0.1692 -0.9783
vn -0.1495 -0.1307 -0.9801
vn 0.1126 0.5953 -0.7956
vn 0.0726 0.5746 -0.8152
vn 0.0673 0.5790 -0.8125
vn 0.2184 0.4158 0.8828
vn 0.5625 0.8063 -0.1830
vn -0.0767 0.0419 -0.9962
vn -0.0134 0.0600 -0.9981
vn -0.0366 -0.0019 -0.9993
vn -0.1081 0.0112 -0.9941
vn -0.0686 -0.0561 -0.9961
vn -0.0684 0.0086 -0.9976
vn 0.0958 -0.0038 0.9954
vn 0.0343 0.0297 0.9990
vn 0.0962 0.1689 0.9809
vn -0.1999 -0.2338 -0.9515
vn -0.1322 -0.2489 -0.9595
vn -0.1747 -0.2887 -0.9414
vn -0.3467 -0.1836 -0.9198
vn -0.2184 -0.3063 -0.9265
vn 0.0953 -0.5361 -0.8388
vn 0.4689 -0.2503 -0.8470
vn 0.6753 -0.2755 -0.6841
vn 0.0537 0.2282 0.9721
vn -0.0674 0.0732 -0.9950
vn -0.0233 0.0395 -0.9989
vn -0.0732 0.0078 -0.9973
vn -0.0059 0.5340 -0.8454
vn 0.2138 0.6157 -0.7584
vn 0.0782 0.4760 -0.8760
vn 0.0627 -0.1703 -0.9834
vn -0.1334 -0.1056 -0.9854
vn 0.0930 0.1144 -0.9891
vn 0.0524 0.2630 0.9634
vn 0.1514 0.3383 0.9288
vn 0.0392 0.1748 0.9838
vn 0.0511 0.3277 -0.9434
vn 0.0445 0.0506 0.9977
vn 0.2108 -0.0336 0.9769
vn -0.1382 0.4207 0.8966
vn -0.0908 0.0624 -0.9939
vn 0.6988 0.3651 0.6151
vn -0.0554 0.0921 -0.9942
vn 0.2717 0.0813 -0.9589
vn 0.2698 0.0165 -0.9628
vn 0.2214 0.2307 0.9475
vn 0.2432 0.5898 0.7701
vn 0.3036 0.1637 0.9386
vn 0.0896 0.1186 0.9889
vn -0.0362 0.0722 0.9967
vn 0.0024 0.0316 0.9995
vn -0.0604 -0.0131 -0.9981
vn -0.1140 0.0142 -0.9934
vn -0.0480 0.0250 -0.9985
vn 0.1003 -0.2842 -0.9535
vn -0.0998 -0.3901 -0.9153
vn 0.2138 -0.0856 -0.9731
vn 0.1304 0.4330 -0.8919
vn 0.2551 0.2282 -0.9396
vn -0.1466 0.2818 -0.9482
vn -0.3112 0.3531 -0.8823
vn -0.0505 0.5240 -0.8502
vn 0.5429 -0.5271 0.6538
vn -0.1952 -0.5695 -0.7985
vn -0.3456 -0.4667 -0.8141
vn -0.1226 0.0134 -0.9924
vn 0.1284 0.0517 0.9904
vn 0.0895 0.1268 0.9879
vn 0.1092 0.1578 0.9814
vn -0.0780 -0.1370 -0.9875
vn -0.1462 -0.1281 -0.9809
vn -0.1344 -0.0751 -0.9881
vn 0.1186 0.2205 0.9681
vn 0.1761 0.2694 0.9468
vn 0.1661 0.1404 0.9761
vn -0.1413 -0.0048 -0.9900
vn -0.1447 -0.0142 -0.9894
vn 0.1009 0.0288 -0.9945
vn 0.0492 0.2787 -0.9591
vn 0.0394 0.4697 0.8820
vn 0.4044 -0.9129 0.0558
vn -0.3391 -0.1133 -0.9339
vn 0.1457 -0.1882 0.9713
vn 0.1692 -0.0710 0.9830
vn 0.0546 -0.1943 0.9794
vn -0.0785 0.3288 0.9411
vn 0.0540 0.1971 0.9789
vn -0.0059 0.1848 0.9828
vn 0.1926 0.0007 0.9813
vn 0.1316 0.1416 0.9811
vn 0.2090 0.0593 0.9761
vn -0.1271 -0.0255 -0.9916
vn -0.0367 -0.0607 -0.9975
vn -0.2474 -0.1404 -0.9587
vn -0.0166 -0.6740 -0.7386
vn -0.0774 0.0472 0.9959
vn -0.0699 0.1054 0.9920
vn -0.1265 0.1069 0.9862
vn 0.0758 -0.1417 -0.9870
vn 0.0343 -0.0979 -0.9946
vn 0.0908 -0.0865 -0.9921
vn 0.1261 -0.2417 0.9621
vn 0.5606 0.0268 0.8276
vn 0.0662 0.2522 0.9654
vn -0.1188 -0.2621 -0.9577
vn -0.3259 -0.3735 -0.8685
vn 0.1857 -0.4159 -0.8902
vn 0.0492 0.0865 0.9950
vn 0.5418 0.1392 0.8289
vn 0.0151 -0.1054 0.9943
vn -0.2252 -0.2185 -0.9495
vn -0.1931 -0.1292 -0.9726
vn -0.0161 -0.3474 -0.9376
vn 0.0022 -0.6131 0.7900
vn 0.1499 -0.2407 0.9589
vn 0.3334 -0.0403 0.9419
vn 0.7875 -0.1023 0.6078
vn -0.0266 -0.1209 -0.9923
vn -0.2516 -0.0249 -0.9675
vn -0.1187 0.0240 -0.9926
vn 0.1714 -0.0778 0.9821
vn 0.0844 -0.1484 0.9853
vn 0.0383 0.0244 0.9990
vn 0.1178 0.0821 0.9896
vn 0.1330 0.0917 0.9869
vn -0.5697 -0.3302 -0.7526
vn 0.3859 0.0160 0.9224
vn 0.2992 -0.1473 0.9427
vn 0.2700 -0.0340 0.9623
vn 0.1286 0.1922 0.9729
vn 0.2290 0.2190 0.9485
vn 0.1695 0.2470 0.9541
vn -0.0507 -0.1076 -0.9929
vn -0.2054 -0.0820 -0.9752
vn -0.0997 -0.0123 -0.9949
vn -0.3541 -0.0762 -0.9321
vn -0.1117 -0.1468 -0.9828
vn -0.1204 -0.0994 -0.9877
vn -0.2377 -0.1209 -0.9638
vn -0.0931 -0.1343 -0.9866
vn -0.1149 -0.0446 -0.9924
vn -0.1106 -0.1639 -0.9803
vn 0.0667 0.2095 0.9755
vn 0.0131 0.1756 0.9844
vn 0.1123 0.0624 0.9917
vn -0.0725 0.3701 -0.9261
vn -0.5011 0.2692 -0.8224
vn 0.0906 -0.1333 -0.9869
vn 0.0225 -0.1528 -0.9880
vn 0.0987 0.0939 0.9907
vn 0.0339 0.1595 0.9866
vn -0.1054 0.0231 0.9942
vn 0.0019 0.1317 0.9913
vn 0.0224 -0.1763 -0.9841
vn -0.1057 -0.1184 -0.9873
vn -0.1683 -0.0245 -0.9854
vn -0.0890 -0.0040 -0.9960
vn 0.2220 0.9713 -0.0854
vn 0.0893 0.1583 0.9833
vn 0.8971 -0.4229 -0.1279
vn -0.0087 -0.3534 -0.9354
vn 0.1100 0.2583 -0.9598
vn -0.6723 0.7393 -0.0394
vn -0.2121 0.1916 -0.9583
vn -0.2166 -0.0394 -0.9755
vn 0.5996 0.7478 -0.2850
vn -0.1485 -0.1537 -0.9769
vn -0.0815 -0.0497 -0.9954
vn -0.6722 0.7399 -0.0274
vn 0.2130 0.1827 0.9598
vn 0.2021 0.2766 0.9395
vn -0.1387 0.9707 0.1961
vn 0.2128 0.1584 0.9642
vn 0.9616 -0.2733 -0.0261
vn -0.1803 -0.0875 -0.9797
vn -0.2816 -0.2336 -0.9306
vn 0.0898 0.2276 -0.9696
vn 0.2240 0.1948 0.9549
vn 0.8977 -0.4392 -0.0350
vn -0.0240 0.6038 0.7968
vn 0.1238 -0.0606 0.9905
vn -0.0787 -0.0392 0.9961
vn 0.0072 -0.0708 0.9975
vn 0.0053 0.0095 0.9999
vn -0.0087 0.0363 0.9993
vn -0.0931 0.0396 0.9949
vn -0.0895 0.0650 0.9939
vn -0.0011 -0.0375 -0.9993
vn -0.0250 -0.0123 -0.9996
vn 0.0064 -0.0961 -0.9954
vn 0.9650 0.2121 -0.1544
vn 0.0772 -0.0538 -0.9956
vn 0.0252 -0.0077 -0.9997
vn 0.0262 -0.0339 -0.9991
vn -0.0282 0.1948 -0.9804
vn -0.0077 0.1042 -0.9945
vn -0.0472 0.0833 -0.9954
vn 0.0091 0.1223 -0.9925
vn -0.0947 0.2180 -0.9713
vn 0.1059 0.1964 -0.9748
vn -0.0662 0.1643 -0.9842
vn 0.1115 -0.1171 -0.9868
vn 0.0004 -0.1772 0.9842
vn 0.0109 -0.0935 0.9956
vn -0.0815 -0.1249 0.9888
vn -0.0078 0.0035 -1.0000
vn -0.0761 0.0556 0.9955
vn 0.0063 0.0413 0.9991
vn -0.0021 0.0244 0.9997
vn -0.0334 -0.1028 0.9941
vn -0.1693 -0.0808 0.9822
vn 0.0326 -0.1441 0.9890
vn 0.0525 -0.0813 -0.9953
vn -0.0100 -0.0165 -0.9998
vn -0.1006 -0.1044 -0.9894
vn -0.3955 -0.9180 0.0280
vn -0.4723 -0.8797 0.0561
vn -0.3599 0.1303 -0.9238
vn 0.5002 0.8423 0.2010
vn -0.8168 0.4969 0.2932
vn 0.4379 -0.3145 0.8422
vn -0.5968 -0.8022 -0.0187
vn -0.5621 -0.8154 -0.1384
vn -0.5692 -0.8222 0.0078
vn 0.7978 -0.5460 -0.2556
vn -0.4552 -0.8866 0.0823
vn -0.6074 -0.7937 0.0316
vn -0.5965 -0.8001 0.0626
vn -0.6546 -0.7329 0.1856
vn -0.0664 0.8773 -0.4754
vn 0.4631 0.8265 0.3201
vn 0.5828 0.8075 0.0911
vn 0.7824 0.6199 0.0602
vn 0.6543 0.7535 -0.0644
vn 0.7115 0.6989 -0.0728
vn 0.6502 0.7233 0.2325
vn -0.6173 -0.7307 0.2916
vn -0.6626 -0.7337 0.1501
vn -0.6563 -0.6900 0.3053
vn 0.5692 0.8084 -0.1500
vn 0.6642 0.7347 -0.1379
vn 0.5866 0.7695 -0.2526
vn -0.6476 -0.7495 0.1373
vn 0.0864 0.0043 0.9962
vn 0.0913 -0.0177 0.9957
vn 0.0958 0.0054 0.9954
vn -0.5688 -0.8149 -0.1118
vn -0.4935 -0.8608 -0.1243
vn -0.5362 -0.8441 0.0014
vn 0.0584 -0.9980 -0.0251
vn -0.2757 -0.9603 0.0429
vn -0.1853 -0.9825 -0.0208
vn -0.6368 -0.7594 0.1334
vn 0.6952 0.6669 0.2683
vn 0.5690 0.8012 0.1853
vn 0.5070 0.8373 0.2047
vn -0.4591 -0.8552 -0.2405
vn -0.4275 -0.8881 -0.1691
vn -0.5271 -0.8330 -0.1682
vn -0.7541 -0.6059 0.2534
vn -0.7491 -0.6428 0.1599
vn -0.6332 -0.7462 0.2059
vn 0.7223 0.6916 -0.0037
vn 0.7420 0.6673 -0.0644
vn 0.5130 0.8517 0.1064
vn 0.6197 0.7848 -0.0068
vn 0.4975 0.8671 -0.0232
vn -0.6899 -0.7234 -0.0259
vn -0.6938 -0.7192 -0.0378
vn -0.5876 -0.8057 -0.0751
vn 0.3824 0.8417 0.3813
vn 0.4064 0.8383 0.3634
vn 0.5273 0.8294 0.1846
vn -0.7304 -0.6782 -0.0816
vn 0.3495 0.8787 0.3252
vn 0.6037 0.7845 0.1415
vn 0.6641 0.7276 -0.1720
vn 0.6884 0.7116 -0.1405
vn 0.6765 0.7170 -0.1684
vn 0.4380 0.8572 0.2709
vn -0.6976 -0.6710 -0.2514
vn 0.3297 0.8589 0.3919
vn -0.6423 -0.7470 -0.1715
vn -0.3927 -0.8695 -0.2995
vn -0.3694 -0.9245 -0.0943
vn -0.4312 -0.8694 -0.2413
vn 0.4093 0.8338 0.3705
vn -0.6771 -0.7247 -0.1278
vn -0.6344 -0.6945 -0.3395
vn -0.5718 -0.7866 -0.2330
vn 0.6283 0.7440 0.2272
vn 0.5796 0.8136 0.0461
vn 0.5286 0.8373 0.1399
vn -0.1400 -0.4223 0.8956
vn -0.3400 -0.7643 0.5479
vn -0.3769 -0.1989 0.9046
vn -0.2139 0.0827 0.9734
vn 0.7099 0.6925 0.1288
vn 0.6039 0.7970 0.0110
vn 0.6314 0.7746 0.0359
vn 0.6619 0.7496 -0.0035
vn -0.4550 -0.8631 -0.2191
vn -0.4789 -0.8331 -0.2769
vn -0.4300 -0.8580 -0.2811
vn -0.6810 -0.7260 -0.0958
vn -0.9556 0.2945 -0.0062
vn -0.0902 -0.0286 -0.9955
vn -0.0281 0.0178 -0.9994
vn -0.5269 -0.8280 -0.1916
vn -0.5695 -0.8076 -0.1528
vn -0.5948 -0.8014 -0.0625
vn -0.2490 -0.5642 0.7872
vn -0.3323 -0.7641 0.5530
vn -0.4358 -0.4704 0.7674
vn 0.4931 0.8544 0.1639
vn 0.4841 0.8560 0.1811
vn 0.4624 0.8847 0.0597
vn -0.4383 -0.3946 0.8076
vn -0.1788 -0.3325 0.9260
vn -0.0976 -0.4957 0.8630
vn -0.2186 -0.2552 0.9419
vn -0.1818 -0.6865 0.7040
vn -0.1921 -0.8134 0.5491
vn -0.0917 -0.5275 0.8446
vn -0.2363 -0.8414 0.4860
vn -0.3362 -0.8932 0.2986
vn -0.1574 -0.9168 0.3671
vn -0.0861 -0.1599 0.9834
vn -0.5325 -0.3931 0.7496
vn -0.3778 -0.0099 0.9258
vn -0.1747 0.0856 0.9809
vn -0.3598 -0.1077 0.9268
vn -0.1833 -0.0804 0.9798
vn -0.1502 -0.9062 0.3952
vn -0.5886 -0.7151 0.3771
vn -0.3436 -0.6303 0.6962
vn -0.1694 -0.1542 0.9734
vn -0.2723 -0.1929 0.9427
vn 0.1333 -0.1536 0.9791
vn -0.4727 0.2243 0.8522
vn -0.5719 -0.8080 -0.1415
vn -0.5462 -0.8203 -0.1696
vn -0.5400 -0.8336 -0.1165
vn 0.6185 0.7335 0.2820
vn 0.6064 0.7670 0.2100
vn 0.6088 0.7853 0.1124
vn -0.7874 -0.5788 -0.2120
vn -0.7480 -0.6420 -0.1683
vn -0.7013 -0.6949 -0.1586
vn -0.3266 -0.7586 0.5638
vn -0.4521 -0.8488 0.2742
vn -0.4735 -0.7931 0.3832
vn 0.4840 0.5164 0.7065
vn 0.8805 -0.0699 0.4689
vn 0.3947 -0.1539 0.9058
vn -0.3569 -0.8206 0.4464
vn -0.8591 0.4438 -0.2551
vn -0.8893 0.4556 0.0394
vn -0.8211 0.5387 -0.1886
vn -0.0663 -0.3000 0.9516
vn -0.1880 -0.1308 0.9734
vn -0.1341 -0.1078 0.9851
vn -0.6573 -0.0279 0.7531
vn -0.3114 0.0130 0.9502
vn -0.2121 0.0889 0.9732
vn 0.5476 0.7728 0.3208
vn 0.3614 0.8642 0.3499
vn 0.4937 0.7977 0.3462
vn 0.6488 0.6939 0.3125
vn 0.6389 0.7255 0.2557
vn -0.4306 -0.8809 0.1966
vn -0.3567 -0.9265 0.1203
vn -0.1655 -0.7529 0.6370
vn -0.2675 -0.7463 0.6095
vn 0.6974 0.6489 0.3041
vn 0.7471 0.6344 0.1982
vn 0.7655 0.5372 0.3540
vn -0.6671 -0.5204 0.5331
vn -0.4373 -0.7504 0.4956
vn -0.7473 -0.2809 0.6022
vn -0.7439 -0.0700 0.6646
vn -0.2534 0.1295 0.9587
vn -0.2536 -0.0684 0.9649
vn 0.7297 0.6392 0.2427
vn -0.3992 -0.0980 0.9116
vn -0.2243 -0.8556 0.4665
vn -0.1195 -0.8731 0.4726
vn -0.7138 -0.6209 0.3239
vn 0.1598 -0.1500 0.9757
vn -0.1308 -0.1828 0.9744
vn -0.0948 -0.2181 0.9713
vn -0.1923 -0.0497 0.9801
vn -0.1563 -0.0449 0.9867
vn -0.1985 -0.9257 0.3219
vn -0.2213 -0.9589 0.1773
vn -0.0787 -0.8412 0.5350
vn -0.0372 -0.1241 0.9916
vn 0.0018 -0.2207 0.9753
vn -0.1187 -0.2116 0.9701
vn -0.7155 -0.6385 -0.2836
vn -0.6029 -0.6975 -0.3874
vn -0.6571 -0.6733 -0.3389
vn -0.4152 -0.8940 0.1685
vn -0.5445 -0.8382 -0.0312
vn -0.0743 -0.1661 0.9833
vn -0.3050 -0.0898 0.9481
vn -0.1125 -0.1111 0.9874
vn -0.2233 0.0529 0.9733
vn -0.3842 -0.0527 0.9218
vn -0.9547 -0.2181 0.2023
vn -0.1395 -0.0380 0.9895
vn -0.5073 -0.8566 0.0942
vn -0.0752 -0.0587 -0.9954
vn -0.0090 0.0396 -0.9992
vn -0.0187 0.1185 -0.9928
vn -0.2704 -0.0923 0.9583
vn -0.5304 -0.7337 -0.4246
vn -0.6500 -0.6413 -0.4077
vn 0.2050 0.2146 -0.9549
vn -0.6605 -0.6602 -0.3576
vn -0.5463 -0.7569 -0.3587
vn -0.5616 -0.7581 -0.3314
vn -0.3224 -0.9444 0.0643
vn -0.4296 -0.8799 0.2032
vn -0.2344 -0.9690 0.0783
vn -0.2847 0.3463 -0.8939
vn -0.1938 0.4878 -0.8512
vn -0.3872 0.5409 -0.7466
vn -0.7794 0.4758 0.4077
vn -0.0375 -0.0835 0.9958
vn -0.0216 -0.0502 0.9985
vn -0.2401 0.5260 -0.8159
vn 0.0502 0.4082 -0.9115
vn -0.2107 -0.9775 0.0082
vn 0.1156 0.0818 0.9899
vn 0.0783 -0.0220 0.9967
vn 0.0884 0.0244 0.9958
vn 0.5064 -0.6858 0.5227
vn 0.5062 -0.3966 0.7658
vn 0.3055 -0.3602 0.8815
vn 0.3188 -0.2271 0.9202
vn -0.4207 0.2152 0.8813
vn -0.2372 -0.1647 0.9574
vn -0.0343 -0.9450 0.3252
vn 0.0442 -0.9673 0.2496
vn -0.4487 0.5710 0.6875
vn -0.6656 0.4933 0.5599
vn 0.0353 -0.1040 0.9940
vn -0.0007 -0.0761 0.9971
vn -0.4611 0.6747 0.5764
vn -0.2267 0.5070 0.8316
vn -0.4839 0.4590 0.7451
vn -0.1091 0.0566 0.9924
vn -0.2203 0.2337 0.9470
vn -0.2422 -0.9696 -0.0346
vn -0.0740 -0.9830 -0.1679
vn -0.4656 -0.8599 -0.2091
vn -0.4803 -0.8534 -0.2028
vn -0.5807 -0.7818 -0.2273
vn -0.3961 -0.9117 -0.1094
vn -0.7581 -0.6426 -0.1110
vn -0.7366 -0.6322 -0.2402
vn -0.1828 -0.5486 0.8159
vn -0.0391 0.0761 0.9963
vn -0.2595 0.3858 0.8853
vn 0.2572 -0.1190 0.9590
vn -0.2554 -0.9625 -0.0914
vn -0.3414 -0.9364 0.0809
vn -0.0055 -0.5622 -0.8270
vn 0.0839 -0.5996 -0.7959
vn 0.0969 -0.6153 -0.7823
vn -0.0794 0.2705 0.9595
vn -0.5189 0.3821 0.7647
vn -0.2081 0.4934 0.8446
vn -0.2954 0.4321 0.8521
vn -0.0900 -0.9899 0.1091
vn -0.0635 -0.9926 0.1035
vn 0.1042 -0.3586 0.9277
vn -0.0633 -0.6030 0.7952
vn 0.0141 -0.5465 0.8373
vn 0.0263 -0.4155 0.9092
vn -0.0280 -0.2465 0.9687
vn 0.0583 -0.2689 0.9614
vn 0.0566 -0.0206 0.9982
vn -0.0398 -0.0434 0.9983
vn -0.1335 0.1949 0.9717
vn -0.1997 0.0855 0.9761
vn 0.2548 0.5079 -0.8229
vn 0.7500 -0.6444 0.1494
vn -0.9089 -0.2031 -0.3642
vn 0.6357 0.7074 0.3091
vn -0.6045 -0.7643 -0.2246
vn -0.5198 -0.8111 -0.2683
vn -0.4792 -0.8295 -0.2870
vn -0.3479 -0.9368 -0.0376
vn -0.3682 -0.9278 0.0611
vn -0.9697 -0.1213 -0.2120
vn -0.3126 0.5313 0.7874
vn -0.3861 -0.8253 -0.4121
vn -0.0946 -0.9831 0.1567
vn 0.1364 -0.4633 0.8756
vn -0.0729 -0.6120 0.7875
vn -0.0663 -0.5574 0.8276
vn -0.0816 0.5866 0.8057
vn -0.1102 0.4625 0.8797
vn -0.0363 0.5349 0.8441
vn -0.0476 -0.1368 0.9895
vn -0.0419 -0.0905 0.9950
vn -0.4186 0.7783 0.4680
vn -0.0773 0.0288 0.9966
vn 0.0076 0.0530 0.9986
vn -0.1674 -0.9857 -0.0219
vn -0.6185 0.7247 0.3036
vn -0.5636 0.7280 0.3904
vn -0.1991 -0.9750 -0.0991
vn -0.2206 -0.9539 -0.2033
vn -0.0890 -0.5303 0.8431
vn -0.0547 -0.4508 0.8909
vn 0.0090 -0.3920 0.9199
vn -0.0593 -0.2013 0.9777
vn 0.0182 -0.2022 0.9792
vn -0.0635 -0.0849 0.9944
vn -0.5762 -0.6101 -0.5438
vn -0.8832 0.2972 -0.3629
vn 0.1024 -0.7140 -0.6926
vn -0.2567 -0.6480 0.7171
vn 0.3188 -0.5641 -0.7617
vn 0.3885 -0.4781 -0.7877
vn 0.1695 -0.4273 -0.8881
vn -0.0188 -0.3032 0.9527
vn -0.0326 -0.0863 0.9957
vn -0.0752 -0.1097 0.9911
vn -0.3712 0.7341 0.5686
vn -0.1832 0.0429 -0.9821
vn -0.0779 0.0411 -0.9961
vn -0.0931 -0.0357 -0.9950
vn -0.0809 -0.6564 0.7501
vn 0.1315 -0.7663 0.6289
vn 0.1852 -0.7107 -0.6786
vn 0.1249 -0.5409 -0.8318
vn 0.0975 -0.6136 -0.7836
vn 0.0177 -0.6193 -0.7850
vn 0.0349 0.7136 0.6997
vn -0.0238 -0.5414 0.8404
vn -0.5004 0.8260 0.2594
vn -0.0378 -0.1099 0.9932
vn -0.4137 0.7781 0.4727
vn -0.2532 -0.9568 -0.1431
vn -0.2635 -0.9269 -0.2672
vn -0.1413 -0.9775 -0.1564
vn -0.0878 -0.9961 0.0021
vn -0.3474 -0.8759 -0.3347
vn -0.0866 -0.1959 0.9768
vn -0.0946 -0.1059 0.9899
vn -0.1536 0.3840 0.9105
vn -0.2711 0.3809 0.8840
vn -0.0413 0.4004 0.9154
vn 0.0705 0.9873 0.1427
vn 0.3964 0.8583 -0.3260
vn 0.8387 0.3251 0.4370
vn -0.3972 -0.6651 -0.6324
vn -0.7179 -0.6571 -0.2300
vn -0.0119 -0.4418 0.8970
vn 0.0209 -0.3601 0.9327
vn -0.0297 -0.2813 0.9592
vn -0.1056 -0.0400 0.9936
vn -0.0505 -0.0288 0.9983
vn -0.0979 -0.0581 0.9935
vn -0.2766 0.6502 0.7076
vn -0.2692 0.6149 0.7413
vn 0.0520 -0.8351 0.5477
vn -0.6431 -0.7194 0.2626
vn -0.6458 -0.1361 -0.7513
vn -0.0212 -0.6030 0.7975
vn -0.0733 -0.1696 0.9828
vn -0.2722 0.5215 0.8087
vn -0.0598 0.0640 0.9962
vn -0.1172 0.0514 0.9918
vn -0.1482 0.1516 0.9773
vn -0.0151 -0.9996 0.0256
vn -0.2935 -0.9547 -0.0495
vn -0.6600 -0.4636 -0.5912
vn -0.5481 -0.5907 -0.5922
vn -0.6898 0.7112 -0.1357
vn -0.6445 0.6042 -0.4686
vn 0.0151 -0.4362 0.8997
vn -0.0322 -0.3690 0.9289
vn 0.0045 -0.3603 0.9328
vn -0.0235 -0.2892 0.9570
vn -0.0405 -0.2576 0.9654
vn -0.0675 -0.1883 0.9798
vn 0.0167 -0.8850 0.4653
vn -0.0371 -0.7531 0.6569
vn -0.0915 -0.6028 0.7927
vn -0.0558 0.6861 0.7253
vn -0.0075 0.6684 0.7438
vn -0.1047 0.8066 0.5817
vn -0.2016 -0.9663 -0.1599
vn -0.0786 -0.9133 -0.3996
vn -0.0874 -0.5955 0.7986
vn -0.0585 0.8378 0.5428
vn -0.5823 0.8113 0.0515
vn -0.0056 -0.2332 0.9724
vn -0.4269 0.8433 0.3265
vn 0.1156 -0.9933 0.0027
vn 0.0682 -0.7275 -0.6827
vn 0.0836 -0.7500 -0.6561
vn 0.1009 -0.7565 -0.6461
vn -0.0364 -0.6267 0.7784
vn -0.0450 -0.4659 0.8837
vn 0.0136 -0.3182 0.9479
vn -0.0012 -0.3199 0.9474
vn -0.5714 0.7239 -0.3866
vn -0.5125 0.8583 -0.0236
vn -0.0811 -0.1119 0.9904
vn -0.0956 -0.0891 0.9914
vn -0.0497 -0.1211 0.9914
vn -0.1421 0.3394 0.9299
vn -0.2315 0.4800 0.8462
vn -0.3161 -0.7594 -0.5687
vn -0.3260 -0.9454 -0.0013
vn 0.7885 -0.6148 0.0138
vn -0.0077 0.0057 1.0000
vn 0.2232 0.1040 0.9692
vn 0.2353 0.0279 0.9715
vn 0.1828 0.0694 0.9807
vn 0.0330 -0.7235 -0.6895
vn -0.0386 -0.2094 0.9771
vn -0.0647 -0.9765 -0.2056
vn -0.1691 -0.9336 -0.3159
vn -0.1344 -0.9033 -0.4075
vn -0.1271 -0.8996 -0.4177
vn -0.2240 -0.8814 -0.4160
vn -0.2678 -0.8753 -0.4026
vn -0.0004 -0.2711 0.9625
vn 0.0299 -0.2663 0.9634
vn -0.0664 0.0800 0.9946
vn -0.0479 -0.0729 0.9962
vn -0.0979 0.0310 0.9947
vn -0.1285 0.1573 0.9792
vn -0.0602 0.0271 0.9978
vn -0.0746 0.1394 0.9874
vn -0.1556 0.2401 0.9582
vn -0.1890 -0.9167 -0.3519
vn -0.3841 -0.6812 -0.6233
vn -0.1991 -0.8530 -0.4824
vn 0.1414 -0.9525 -0.2696
vn -0.6136 -0.0839 -0.7851
vn -0.0498 -0.5934 -0.8034
vn 0.0249 -0.3411 0.9397
vn 0.0348 -0.3202 0.9467
vn -0.0254 -0.1985 0.9798
vn -0.0611 -0.0377 0.9974
vn -0.0806 0.0065 0.9967
vn -0.3404 0.6560 0.6736
vn -0.1473 -0.2684 -0.9520
vn -0.4399 0.3572 -0.8239
vn -0.6921 0.0422 -0.7205
vn 0.1901 -0.7426 -0.6422
vn 0.0667 -0.7369 -0.6727
vn -0.0944 -0.9173 -0.3869
vn 0.0128 -0.3697 0.9291
vn 0.0577 -0.4587 0.8867
vn -0.0439 -0.0847 0.9954
vn -0.0347 -0.9947 0.0969
vn 0.0106 -0.8667 -0.4988
vn -0.0391 -0.7928 -0.6082
vn -0.0888 -0.9321 -0.3512
vn -0.0599 -0.6786 0.7321
vn 0.0463 -0.0128 -0.9988
vn 0.0118 0.0327 -0.9994
vn 0.0150 0.0673 -0.9976
vn 0.0621 0.8440 0.5328
vn -0.1132 0.8825 0.4565
vn -0.0623 0.9334 0.3535
vn 0.0286 -0.1873 0.9819
vn 0.0409 -0.2096 0.9769
vn -0.1060 0.1545 0.9823
vn -0.1291 -0.0693 0.9892
vn -0.1567 -0.0593 0.9859
vn -0.0708 -0.0301 0.9970
vn -0.6170 -0.3066 -0.7248
vn -0.3546 -0.1456 -0.9236
vn -0.1685 0.0398 -0.9849
vn 0.0437 -0.8493 -0.5262
vn 0.1038 -0.7062 0.7004
vn 0.0119 -0.3949 0.9187
vn 0.0521 -0.0803 -0.9954
vn -0.0440 -0.0217 -0.9988
vn 0.0337 0.0154 -0.9993
vn -0.4870 0.7956 -0.3604
vn -0.4997 0.6927 -0.5200
vn -0.4000 0.9157 -0.0393
vn -0.3468 0.9146 0.2078
vn -0.1299 0.3860 0.9133
vn -0.0717 0.4256 0.9020
vn -0.8265 0.4389 -0.3524
vn 0.4461 0.8921 0.0721
vn 0.7445 0.5547 -0.3716
vn -0.1828 -0.5940 -0.7834
vn -0.3087 -0.7940 -0.5237
vn -0.0097 -0.8591 -0.5117
vn -0.2945 -0.5902 -0.7517
vn -0.2003 -0.6867 -0.6988
vn -0.1448 -0.6594 -0.7378
vn 0.1382 -0.3038 -0.9427
vn 0.0334 -0.9913 0.1271
vn -0.0069 -0.9166 0.3997
vn -0.0612 0.0250 -0.9978
vn -0.1073 0.0331 -0.9937
vn -0.0552 0.1030 -0.9931
vn -0.1566 0.8290 0.5369
vn -0.0168 -0.0058 0.9998
vn -0.0290 -0.0022 0.9996
vn -0.1240 0.4513 0.8837
vn -0.1823 0.3850 0.9047
vn -0.1790 0.5670 0.8041
vn -0.1245 0.3282 0.9364
vn -0.1792 -0.7232 -0.6669
vn 0.0378 -0.9464 -0.3207
vn -0.0310 -0.0888 -0.9956
vn -0.0801 0.0223 -0.9965
vn -0.0652 -0.0745 -0.9951
vn -0.0828 0.0295 -0.9961
vn 0.0665 -0.2173 0.9738
vn 0.1040 -0.2658 0.9584
vn 0.0546 -0.2688 0.9617
vn -0.0442 -0.2739 0.9607
vn -0.0805 0.2051 0.9754
vn 0.0443 -0.9581 0.2830
vn 0.0669 -0.8487 0.5246
vn 0.4810 -0.3590 -0.7998
vn 0.1016 -0.0813 -0.9915
vn 0.4078 -0.3285 -0.8519
vn 0.1023 -0.3192 0.9422
vn 0.0615 -0.3095 0.9489
vn 0.0888 -0.3401 0.9362
vn 0.0426 -0.7759 -0.6294
vn -0.2123 -0.8052 -0.5537
vn 0.0907 -0.6289 -0.7722
vn -0.2686 -0.5433 -0.7954
vn -0.4219 0.0916 -0.9020
vn 0.1277 -0.9792 0.1578
vn -0.4584 0.4581 -0.7616
vn -0.5327 0.1849 -0.8259
vn -0.4070 0.2865 -0.8673
vn -0.0955 0.8795 0.4663
vn 0.2128 -0.1277 0.9687
vn 0.1199 -0.2970 0.9473
vn 0.1102 -0.2692 0.9568
vn 0.0991 -0.0004 0.9951
vn -0.0514 0.0234 0.9984
vn -0.0169 -0.0136 0.9998
vn 0.0305 0.1405 0.9896
vn -0.0129 0.0757 0.9970
vn -0.0942 -0.7966 -0.5971
vn 0.4711 -0.0621 -0.8799
vn 0.3855 -0.6374 -0.6672
vn 0.0249 -0.9449 -0.3263
vn 0.0361 -0.9876 -0.1527
vn -0.3886 0.9147 -0.1109
vn -0.3847 0.8590 -0.3378
vn 0.0399 -0.2423 0.9694
vn -0.0044 -0.0103 0.9999
vn 0.4816 0.8740 0.0655
vn 0.5461 0.8362 -0.0496
vn 0.5462 0.8376 0.0120
vn -0.2941 -0.9513 -0.0922
vn -0.1330 -0.9289 -0.3455
vn -0.0280 -0.1111 0.9934
vn -0.0281 -0.0703 0.9971
vn -0.0783 -0.0814 0.9936
vn 0.0078 -0.9587 0.2845
vn 0.0192 -0.8966 0.4423
vn -0.3555 0.9161 0.1857
vn -0.3748 0.9141 -0.1551
vn 0.0647 -0.2696 0.9608
vn -0.0125 0.1181 0.9929
vn -0.0838 0.4227 0.9024
vn -0.1220 0.6050 0.7868
vn -0.0031 -0.0099 -0.9999
vn 0.0467 0.0256 -0.9986
vn -0.1364 -0.0653 -0.9885
vn -0.3423 -0.1753 -0.9231
vn 0.0259 -0.9500 0.3112
vn -0.0143 -0.9075 0.4199
vn -0.0447 -0.7950 -0.6049
vn 0.2991 -0.8030 -0.5155
vn 0.2608 -0.7864 -0.5599
vn 0.0104 0.9794 0.2016
vn -0.1618 0.9374 0.3083
vn 0.0294 0.9036 0.4274
vn -0.0988 0.5512 0.8285
vn 0.3936 0.8801 -0.2655
vn 0.6034 0.7948 -0.0643
vn 0.1177 -0.6321 -0.7659
vn 0.0137 -0.6198 -0.7846
vn -0.4896 0.1624 -0.8567
vn -0.1837 0.0336 -0.9824
vn 0.0241 -0.1537 -0.9878
vn -0.1633 -0.6987 -0.6965
vn -0.0440 -0.7735 -0.6323
vn -0.2222 -0.7430 -0.6314
vn -0.1344 0.8254 0.5483
vn 0.1429 -0.2475 0.9583
vn 0.0865 -0.3447 0.9347
vn 0.0739 -0.3316 0.9405
vn 0.0474 -0.1295 0.9904
vn 0.0371 -0.1147 0.9927
vn 0.0070 -0.0737 0.9973
vn -0.2731 0.8276 0.4904
vn -0.1905 0.6992 0.6891
vn -0.2328 0.6673 0.7075
vn -0.5317 -0.8374 0.1267
vn -0.4232 -0.8842 0.1977
vn -0.5855 -0.7895 0.1841
vn 0.0167 -0.9878 -0.1550
vn -0.4484 0.4238 -0.7870
vn 0.0704 -0.1940 0.9785
vn 0.0306 -0.1895 0.9814
vn -0.2318 0.8093 0.5397
vn -0.0013 0.2976 0.9547
vn -0.2002 -0.4530 -0.8688
vn 0.8284 -0.4570 0.3238
vn -0.1686 -0.3213 -0.9319
vn 0.1164 -0.1614 -0.9800
vn 0.0106 -0.1029 -0.9946
vn -0.0350 -0.8707 -0.4906
vn 0.1231 -0.8697 -0.4780
vn -0.3525 -0.7929 -0.4970
vn 0.0744 -0.7568 -0.6493
vn 0.1979 -0.3266 0.9242
vn 0.1154 -0.3271 0.9379
vn -0.3566 0.9335 0.0370
vn -0.2526 0.9352 0.2483
vn -0.3728 0.9249 0.0752
vn 0.0082 0.0556 0.9984
vn -0.0628 0.5436 0.8370
vn -0.1079 0.6032 0.7903
vn 0.6565 0.5352 0.5315
vn 0.9468 0.1735 0.2712
vn -0.0691 -0.7801 -0.6219
vn 0.0406 -0.9919 0.1202
vn 0.1023 -0.2997 0.9485
vn 0.0633 -0.2914 0.9545
vn -0.5758 -0.8167 0.0385
vn -0.4926 -0.8672 -0.0733
vn -0.6107 -0.7888 -0.0696
vn -0.4336 -0.8722 0.2264
vn -0.5326 -0.8463 -0.0019
vn 0.5323 0.8462 -0.0245
vn 0.6505 0.7440 -0.1528
vn 0.5419 0.8307 -0.1277
vn -0.5457 -0.4569 -0.7025
vn -0.0091 -0.7846 -0.6199
vn 0.0997 -0.1283 -0.9867
vn 0.1253 -0.9374 0.3248
vn 0.1641 -0.9661 0.1995
vn 0.0358 -0.0270 -0.9990
vn 0.0185 -0.9365 -0.3501
vn 0.0328 -0.0839 0.9959
vn 0.0840 -0.1349 0.9873
vn -0.3406 0.9196 0.1959
vn -0.2687 0.8855 0.3792
vn -0.0328 0.2820 0.9589
vn -0.1334 0.6969 0.7047
vn -0.4440 -0.8812 0.1627
vn 0.1349 -0.2022 -0.9700
vn 0.1626 -0.9794 0.1197
vn 0.3373 -0.8057 -0.4869
vn 0.2648 -0.8960 -0.3563
vn 0.0230 -0.8199 -0.5720
vn 0.1025 -0.3757 0.9210
vn 0.0426 -0.1547 0.9870
vn -0.0340 0.2434 0.9693
vn -0.1188 0.7233 0.6803
vn -0.1473 0.7573 0.6363
vn 0.5304 0.8474 -0.0222
vn 0.5137 0.8344 0.1996
vn -0.0109 -0.5249 -0.8511
vn -0.0639 -0.5554 -0.8291
vn 0.1913 -0.8965 -0.3996
vn 0.1913 -0.9179 -0.3476
vn -0.0201 -0.8175 -0.5755
vn 0.1435 -0.9152 -0.3766
vn -0.2200 0.7642 0.6063
vn 0.2392 0.8825 0.4049
vn -0.1525 0.8055 0.5727
vn -0.3013 0.8524 -0.4273
vn -0.3536 0.7376 -0.5752
vn -0.2849 0.7973 -0.5321
vn -0.3529 0.9249 -0.1417
vn 0.0474 -0.1795 0.9826
vn -0.0561 0.5255 0.8489
vn 0.5952 0.8036 0.0002
vn 0.3670 0.8997 0.2362
vn 0.1029 0.0158 -0.9946
vn -0.0159 0.0004 -0.9999
vn -0.1226 -0.6445 -0.7547
vn 0.0153 -0.8597 -0.5105
vn -0.2480 0.0247 0.9684
vn -0.2555 0.0453 0.9658
vn 0.1223 -0.0126 0.9924
vn 0.0885 0.9683 0.2337
vn -0.2617 0.9549 0.1399
vn -0.1538 0.8420 0.5170
vn -0.3855 0.8880 0.2507
vn -0.3296 0.8369 0.4370
vn 0.0889 -0.3660 0.9264
vn 0.0503 0.0436 0.9978
vn -0.2586 0.9184 0.2993
vn 0.0095 -0.2162 -0.9763
vn 0.1266 -0.9919 0.0048
vn -0.4603 -0.0549 -0.8860
vn -0.4720 0.1023 -0.8756
vn -0.3747 -0.0310 -0.9266
vn 0.2308 -0.8818 0.4114
vn -0.0284 0.0158 -0.9995
vn -0.0492 0.8368 0.5453
vn -0.3535 0.8869 -0.2974
vn -0.3707 0.7581 -0.5365
vn 0.0533 -0.2211 0.9738
vn 0.1049 -0.2758 0.9555
vn -0.4785 -0.8573 -0.1900
vn -0.4651 -0.8709 0.1586
vn -0.0573 -0.5424 -0.8382
vn -0.1065 0.2564 -0.9607
vn 0.0461 0.5255 -0.8496
vn -0.2999 0.2359 -0.9243
vn -0.1292 0.7784 0.6144
vn -0.0745 0.5913 0.8030
vn -0.8358 -0.3355 0.4347
vn -0.7088 -0.4443 0.5479
vn -0.4551 -0.4646 0.7596
vn -0.5470 -0.8371 -0.0026
vn -0.3939 -0.8402 0.3727
vn -0.6845 -0.7286 0.0244
vn 0.8204 0.3802 0.4270
vn 0.5535 0.8325 0.0265
vn 0.1345 -0.0433 0.9900
vn 0.0266 -0.9122 -0.4089
vn 0.0775 -0.9956 -0.0527
vn -0.3766 0.9257 0.0361
vn -0.4497 0.8707 -0.1989
vn 0.5195 0.8539 -0.0304
vn 0.6254 0.7803 -0.0075
vn 0.5122 0.8394 0.1818
vn -0.4132 -0.8366 0.3597
vn 0.1132 -0.0335 -0.9930
vn 0.1074 0.0867 -0.9904
vn 0.4591 -0.0555 -0.8867
vn 0.1432 -0.4301 -0.8914
vn -0.0041 -0.9973 -0.0728
vn -0.0086 -0.0893 -0.9960
vn -0.0528 -0.1273 -0.9905
vn -0.0942 -0.1687 -0.9812
vn -0.0272 -0.1678 -0.9854
vn -0.1793 -0.2523 -0.9509
vn -0.5184 0.0047 -0.8551
vn 0.0677 -0.4225 0.9038
vn 0.0995 -0.4173 0.9033
vn 0.1457 -0.4075 0.9015
vn 0.0901 -0.0435 0.9950
vn 0.0594 -0.0982 0.9934
vn -0.1110 0.6721 0.7321
vn -0.0215 0.6915 0.7221
vn 0.7969 0.5109 0.3225
vn -0.5789 0.1840 -0.7943
vn -0.0045 -0.5816 -0.8134
vn -0.0177 -0.5110 -0.8594
vn -0.0252 -0.5165 -0.8559
vn 0.0921 -0.9325 -0.3493
vn 0.1963 -0.9439 -0.2657
vn 0.0588 -0.9655 -0.2537
vn 0.1544 -0.3215 0.9342
vn 0.1492 -0.3236 0.9344
vn 0.1295 -0.3531 0.9266
vn 0.0457 0.1887 0.9810
vn 0.0611 0.2871 0.9560
vn 0.0718 0.1301 0.9889
vn -0.0252 0.0319 -0.9992
vn -0.0284 -0.0271 -0.9992
vn 0.0281 0.0393 -0.9988
vn 0.6013 0.7472 -0.2832
vn 0.5248 0.8509 0.0209
vn 0.0530 -0.1130 -0.9922
vn 0.0339 -0.9929 0.1140
vn 0.0674 -0.9645 0.2553
vn -0.0591 -0.1526 -0.9865
vn -0.2679 0.6296 -0.7293
vn 0.8797 -0.3891 -0.2732
vn 0.6998 0.5150 0.4951
vn -0.6461 -0.2788 -0.7105
vn -0.7713 -0.1496 -0.6186
vn 0.0681 -0.1379 -0.9881
vn -0.0229 -0.0931 -0.9954
vn 0.0106 -0.1200 -0.9927
vn 0.0353 0.6190 0.7846
vn 0.1691 0.9853 -0.0260
vn 0.1447 -0.0274 0.9891
vn 0.0929 -0.4525 0.8869
vn -0.0045 0.0877 0.9961
vn -0.2769 0.9604 0.0299
vn 0.0262 0.1683 0.9854
vn 0.0650 0.2434 0.9677
vn -0.1470 0.8970 0.4168
vn -0.0844 0.8497 0.5204
vn -0.1088 0.8154 0.5686
vn 0.0314 -0.9093 -0.4150
vn 0.0501 -0.1288 -0.9904
vn -0.1924 -0.5888 -0.7851
vn -0.2549 -0.8310 -0.4944
vn 0.1181 -0.9821 0.1465
vn 0.1174 -0.4003 0.9089
vn -0.4045 0.1618 -0.9001
vn -0.0730 0.7504 0.6570
vn -0.6405 -0.7214 0.2632
vn -0.7454 -0.6504 0.1460
vn -0.7095 -0.6968 0.1058
vn 0.4337 0.8870 -0.1584
vn 0.5623 0.8126 -0.1533
vn 0.7595 0.6374 -0.1302
vn 0.3346 0.9411 -0.0483
vn 0.0733 0.9453 -0.3177
vn 0.1632 0.8832 -0.4397
vn 0.0125 -0.9999 -0.0017
vn 0.1615 -0.3076 0.9377
vn 0.1335 -0.3605 0.9231
vn 0.1078 -0.3088 0.9450
vn -0.1589 0.8955 0.4158
vn -0.0306 0.7303 0.6824
vn 0.0078 -0.4347 -0.9005
vn 0.0255 -0.4179 -0.9081
vn -0.0017 -0.1140 -0.9935
vn -0.0059 -0.1406 -0.9901
vn 0.1415 -0.9769 0.1598
vn 0.0263 -0.9203 0.3904
vn -0.2131 0.0576 -0.9753
vn -0.2071 -0.0339 -0.9777
vn 0.1852 -0.4078 0.8941
vn 0.0985 -0.3536 0.9302
vn -0.2301 0.9546 0.1892
vn 0.0265 0.4968 0.8675
vn 0.0521 0.5299 0.8465
vn 0.0539 0.4218 0.9051
vn 0.0322 0.5445 0.8382
vn -0.7107 -0.6439 -0.2833
vn -0.3095 0.0188 -0.9507
vn -0.6121 -0.3870 -0.6897
vn 0.0199 -0.0638 0.9978
vn 0.0213 -0.0672 0.9975
vn 0.0012 -0.1135 -0.9935
vn 0.2435 -0.9324 0.2671
vn 0.0831 -0.9923 0.0922
vn 0.0406 -0.1408 0.9892
vn 0.1410 -0.3108 0.9400
vn -0.2003 0.8227 -0.5320
vn -0.3279 0.7483 -0.5767
vn -0.1662 0.6684 -0.7250
vn 0.0628 0.0791 0.9949
vn 0.0634 0.1611 0.9849
vn 0.0655 0.1881 0.9800
vn -0.3850 -0.7786 0.4955
vn -0.4521 -0.8472 0.2790
vn -0.4245 -0.8795 0.2152
vn -0.3636 -0.9139 0.1805
vn -0.0313 -0.6267 -0.7786
vn 0.0342 -0.5617 -0.8267
vn 0.1085 -0.2213 -0.9691
vn 0.0171 -0.2075 -0.9781
vn 0.0488 -0.1379 -0.9892
vn 0.1485 -0.3421 0.9279
vn -0.3196 0.7461 -0.5841
vn -0.5911 -0.4658 -0.6585
vn 0.1927 -0.9653 0.1762
vn 0.0165 -0.9981 0.0596
vn -0.0696 0.0045 -0.9976
vn -0.0375 0.0051 -0.9993
vn -0.1871 0.6258 -0.7572
vn -0.2620 0.4526 -0.8524
vn 0.1360 -0.2491 0.9589
vn 0.1100 -0.2055 0.9724
vn -0.2063 0.9700 -0.1284
vn -0.0726 0.8143 0.5758
vn -0.0672 0.7094 0.7016
vn -0.6119 -0.7460 -0.2628
vn -0.4119 -0.9090 0.0632
vn -0.5641 -0.7622 -0.3175
vn 0.0511 -0.1382 -0.9891
vn -0.0682 -0.0043 -0.9977
vn -0.0260 0.1557 -0.9875
vn -0.1666 0.4876 -0.8570
vn -0.2347 0.5896 -0.7729
vn 0.1771 -0.1475 0.9731
vn 0.1050 -0.0679 0.9922
vn -0.0631 0.0162 0.9979
vn -0.0062 0.0304 0.9995
vn -0.0714 0.0272 0.9971
vn 0.0519 -0.7189 -0.6932
vn -0.0565 -0.9007 -0.4308
vn 0.0077 -0.0684 -0.9976
vn 0.0524 -0.0642 -0.9966
vn -0.1024 0.8156 0.5695
vn 0.7055 -0.5531 -0.4431
vn 0.8232 0.3539 0.4440
vn -0.5432 -0.8358 0.0798
vn 0.0928 0.0003 0.9957
vn 0.0707 0.0482 0.9963
vn 0.0757 -0.0256 0.9968
vn -0.9062 -0.1788 -0.3833
vn -0.8969 -0.2125 -0.3877
vn -0.9405 -0.1843 -0.2856
vn -0.4901 -0.8716 -0.0086
vn -0.5087 -0.7929 0.3355
vn -0.0842 -0.1069 -0.9907
vn -0.0598 -0.1177 -0.9912
vn -0.1143 -0.0918 -0.9892
vn 0.0172 -0.9963 0.0846
vn 0.0403 -0.0528 -0.9978
vn 0.1394 -0.9213 0.3630
vn 0.1299 -0.2154 0.9679
vn -0.2069 0.9553 -0.2111
vn 0.0819 -0.0358 0.9960
vn -0.2453 0.9526 -0.1797
vn -0.6625 -0.6090 -0.4361
vn 0.3972 0.8096 0.4322
vn 0.3721 0.7743 0.5119
vn 0.4393 0.7650 0.4710
vn 0.0738 -0.5677 -0.8200
vn 0.0409 -0.9967 0.0706
vn 0.0447 -0.1513 -0.9875
vn -0.0354 -0.1983 -0.9795
vn -0.0890 0.4292 -0.8988
vn -0.3412 0.7900 -0.5093
vn -0.2121 0.5880 -0.7805
vn -0.1275 0.9519 0.2785
vn -0.1354 0.9381 0.3188
vn 0.0054 -0.3961 -0.9182
vn -0.0075 -0.3510 -0.9363
vn -0.0612 -0.4557 -0.8880
vn 0.0244 -0.0020 -0.9997
vn 0.0334 0.0281 -0.9990
vn 0.0024 0.1031 -0.9947
vn -0.2208 0.8670 -0.4468
vn 0.0140 0.6790 0.7340
vn 0.0295 0.7003 0.7133
vn -0.0972 0.0171 -0.9951
vn -0.0925 -0.0119 -0.9956
vn -0.1171 0.0144 -0.9930
vn 0.0138 -0.3786 -0.9255
vn 0.0111 -0.3517 -0.9360
vn -0.0316 -0.2295 -0.9728
vn -0.0694 -0.2813 -0.9571
vn 0.0414 -0.1551 -0.9870
vn 0.0373 -0.0606 -0.9975
vn 0.0370 -0.1044 -0.9939
vn -0.0175 -0.0254 -0.9995
vn -0.7210 -0.6014 -0.3442
vn -0.5332 -0.8413 0.0883
vn -0.5282 -0.8253 0.2000
vn 0.0061 -0.1215 -0.9926
vn 0.0235 0.3047 -0.9522
vn -0.0928 0.3180 -0.9435
vn 0.3532 0.2784 -0.8932
vn 0.3893 0.3343 -0.8583
vn 0.2909 0.2962 -0.9098
vn -0.0229 0.8591 0.5113
vn -0.0683 0.9035 0.4231
vn 0.0532 0.6465 0.7611
vn 0.6126 0.7903 -0.0141
vn 0.8328 0.2783 -0.4786
vn 0.1593 0.8533 -0.4965
vn -0.7593 0.5874 0.2801
vn -0.4022 -0.6164 -0.6770
vn -0.2916 -0.9139 0.2825
vn 0.8285 0.2337 0.5089
vn 0.8173 0.5237 -0.2403
vn 0.5285 0.8312 0.1726
vn -0.3611 0.4221 -0.8315
vn -0.5744 -0.0838 -0.8143
vn -0.4599 -0.1587 -0.8737
vn -0.0078 -0.9110 0.4124
vn 0.2147 -0.9745 0.0652
vn -0.0263 0.0502 -0.9984
vn -0.1429 0.9886 0.0475
vn -0.2246 0.9468 -0.2304
vn 0.0881 0.4441 0.8916
vn 0.1369 0.2990 0.9444
vn 0.0773 0.3143 0.9462
vn 0.1262 0.5767 0.8072
vn 0.1079 0.4530 0.8849
vn 0.0448 0.6234 0.7806
vn 0.5943 0.8004 -0.0787
vn 0.6576 -0.5075 -0.5568
vn 0.5691 0.7667 -0.2971
vn 0.0531 -0.2663 -0.9624
vn 0.0175 -0.2650 -0.9641
vn -0.2538 0.7492 -0.6118
vn -0.0580 0.9845 0.1656
vn -0.1558 0.9792 -0.1301
vn -0.0080 -0.3302 -0.9439
vn 0.0418 -0.2043 -0.9780
vn -0.0850 -0.3956 -0.9145
vn 0.0419 -0.3035 -0.9519
vn 0.1367 -0.9899 -0.0379
vn 0.0051 -0.0199 -0.9998
vn -0.0383 -0.0453 -0.9982
vn 0.0217 0.0407 -0.9989
vn -0.1747 0.5712 -0.8020
vn -0.1404 0.6575 -0.7403
vn -0.4613 -0.1859 -0.8676
vn -0.2237 0.6702 -0.7077
vn 0.0473 -0.2054 -0.9775
vn 0.0316 -0.2435 -0.9694
vn -0.0314 -0.1814 -0.9829
vn 0.0280 -0.1825 -0.9828
vn -0.0067 0.1978 -0.9802
vn 0.0142 0.2151 -0.9765
vn 0.0343 -0.6510 0.7583
vn -0.2527 -0.6673 0.7006
vn -0.0769 -0.6328 0.7705
vn -0.0264 -0.7356 0.6769
vn 0.0139 -0.7753 0.6314
vn 0.0461 -0.7609 0.6473
vn -0.0996 0.7138 -0.6933
vn -0.0035 0.7253 -0.6884
vn 0.1729 0.7360 -0.6545
vn 0.1591 -0.3178 -0.9347
vn 0.1326 0.1828 -0.9742
vn 0.0238 -0.2798 -0.9598
vn 0.0918 -0.2709 -0.9582
vn 0.0099 0.2525 -0.9675
vn -0.0641 0.1739 -0.9827
vn -0.1782 0.3951 -0.9012
vn -0.1248 0.4601 -0.8790
vn -0.1090 0.9923 -0.0592
vn 0.4613 0.8111 -0.3596
vn 0.7739 0.6232 -0.1126
vn 0.4297 0.7868 -0.4431
vn 0.1196 0.8122 -0.5710
vn -0.0451 -0.1212 -0.9916
vn 0.0047 -0.1273 -0.9919
vn -0.1626 0.8673 -0.4705
vn -0.1443 0.8880 -0.4365
vn -0.1202 0.9671 -0.2241
vn 0.0651 0.6513 0.7560
vn 0.0795 0.4973 0.8639
vn -0.0631 -0.8384 -0.5414
vn 0.0818 -0.5808 0.8099
vn 0.0761 -0.2587 -0.9630
vn -0.0061 -0.0298 -0.9995
vn -0.0417 -0.0791 -0.9960
vn -0.1271 0.4032 -0.9063
vn -0.2078 0.4804 -0.8521
vn -0.1452 0.6797 -0.7190
vn -0.0836 0.9795 0.1831
vn -0.0286 0.9700 0.2415
vn -0.2738 -0.4230 0.8638
vn 0.4740 -0.8435 -0.2527
vn 0.2867 -0.7261 0.6249
vn 0.6823 0.6836 -0.2592
vn 0.4835 0.8739 -0.0509
vn 0.4850 0.8734 -0.0445
vn 0.1679 -0.5726 0.8024
vn 0.0592 -0.8516 0.5208
vn -0.0569 -0.8924 0.4476
vn 0.0390 -0.2333 -0.9716
vn 0.0124 -0.0112 -0.9999
vn 0.0358 -0.0196 -0.9992
vn 0.0131 -0.0235 -0.9996
vn -0.0519 0.0131 -0.9986
vn -0.1054 -0.0261 -0.9941
vn -0.0896 -0.0262 -0.9956
vn -0.0230 0.0690 -0.9974
vn -0.0920 0.8585 -0.5046
vn 0.0704 0.5789 0.8123
vn 0.1794 0.4973 0.8489
vn 0.1104 0.3828 0.9172
vn 0.1279 0.6831 0.7191
vn -0.0472 0.8038 0.5931
vn 0.0431 0.7238 0.6887
vn 0.1268 -0.3254 -0.9370
vn 0.0640 -0.4050 -0.9121
vn -0.0222 -0.1678 -0.9856
vn -0.0359 -0.1293 -0.9910
vn -0.0639 -0.0933 -0.9936
vn 0.0074 -0.0377 -0.9993
vn 0.0784 0.4883 0.8692
vn -0.4114 -0.9061 0.0984
vn -0.3996 -0.8847 0.2401
vn -0.3149 -0.9279 0.1993
vn 0.0493 -0.2105 -0.9763
vn 0.0096 -0.2194 -0.9756
vn -0.0333 -0.1588 -0.9867
vn -0.1612 0.5207 -0.8384
vn 0.0668 0.6492 -0.7577
vn -0.1772 0.6475 -0.7412
vn -0.1578 0.6526 -0.7411
vn -0.0795 0.7738 -0.6284
vn -0.1722 0.5417 -0.8228
vn -0.2414 0.7945 -0.5573
vn -0.0087 -0.1429 -0.9897
vn -0.0198 -0.1343 -0.9907
vn -0.0703 0.0624 -0.9956
vn -0.1031 0.2551 -0.9614
vn 0.1668 0.6400 0.7501
vn 0.0284 -0.0056 0.9996
vn -0.3331 0.0301 -0.9424
vn 0.2957 0.5947 -0.7476
vn 0.0165 0.0738 -0.9971
vn 0.2317 -0.5820 0.7795
vn 0.0051 -0.6421 0.7666
vn 0.1342 -0.6648 0.7349
vn 0.1007 -0.6343 0.7665
vn 0.1812 -0.8933 0.4112
vn 0.0909 -0.8713 0.4822
vn 0.0377 -0.7314 0.6809
vn -0.0688 -0.9176 0.3914
vn -0.0629 -0.2973 -0.9527
vn -0.0088 -0.1688 -0.9856
vn 0.0274 -0.1804 -0.9832
vn -0.0638 -0.0477 -0.9968
vn -0.1290 0.6140 -0.7787
vn -0.1053 0.7129 -0.6933
vn -0.0882 0.8740 -0.4778
vn -0.0887 0.9801 0.1775
vn -0.4890 -0.7802 0.3901
vn -0.3000 -0.8855 0.3549
vn -0.3736 -0.9241 0.0802
vn -0.0444 0.5987 -0.7998
vn -0.0732 0.5477 -0.8334
vn 0.0154 0.6449 -0.7641
vn 0.0112 -0.7223 0.6915
vn 0.3080 -0.6941 0.6506
vn -0.0790 -0.5430 0.8360
vn 0.0617 -0.3774 -0.9240
vn 0.0824 -0.4285 0.8998
vn 0.0929 -0.3938 0.9145
vn -0.0109 -0.3901 0.9207
vn 0.0207 -0.2263 -0.9738
vn 0.0905 -0.2088 -0.9738
vn 0.1746 0.0589 0.9829
vn 0.0732 0.1138 0.9908
vn -0.0447 0.6404 -0.7667
vn -0.0817 0.8684 -0.4891
vn -0.1060 0.9122 -0.3957
vn -0.0675 0.9654 -0.2520
vn 0.5602 0.8073 0.1856
vn 0.5763 0.7475 0.3302
vn 0.5222 0.8509 -0.0576
vn 0.0018 0.4356 -0.9001
vn -0.0494 0.4017 -0.9145
vn -0.0798 0.3126 -0.9465
vn 0.1022 -0.5959 0.7966
vn -0.1344 0.5693 -0.8111
vn 0.1445 0.7042 0.6952
vn 0.1514 -0.3385 0.9287
vn 0.1576 -0.2735 0.9489
vn -0.0912 -0.7169 0.6912
vn 0.0869 -0.6613 0.7450
vn 0.0161 -0.6892 0.7244
vn 0.0050 -0.7379 0.6749
vn 0.0854 -0.8655 0.4936
vn 0.1162 -0.7532 0.6474
vn -0.1359 -0.8664 0.4805
vn 0.0812 -0.7573 0.6480
vn -0.2123 0.7178 -0.6631
vn -0.2129 0.6534 -0.7264
vn -0.2884 0.5322 -0.7960
vn -0.2540 0.7441 -0.6179
vn -0.1627 0.7300 -0.6638
vn 0.0788 0.7517 -0.6548
vn -0.0012 -0.2812 -0.9597
vn 0.0575 -0.2014 -0.9778
vn 0.0187 -0.1578 -0.9873
vn 0.0472 -0.1677 -0.9847
vn -0.0260 0.9931 -0.1143
vn -0.0898 0.9817 -0.1682
vn 0.0907 0.7350 0.6719
vn -0.9667 -0.2424 -0.0825
vn 0.9364 0.0437 0.3482
vn -0.5630 -0.8131 -0.1478
vn 0.0706 -0.2929 0.9535
vn -0.0932 0.2626 -0.9604
vn 0.0794 0.4940 -0.8658
vn 0.1205 0.5492 -0.8269
vn -0.2322 0.4617 -0.8561
vn 0.0665 -0.2863 -0.9558
vn 0.0743 -0.2252 -0.9715
vn 0.0215 -0.1424 -0.9896
vn -0.0253 -0.1144 -0.9931
vn -0.0600 -0.0583 -0.9965
vn 0.0046 -0.0510 -0.9987
vn -0.0027 -0.0299 -0.9995
vn -0.0617 0.0834 -0.9946
vn -0.0192 0.2726 -0.9619
vn -0.0579 0.2461 -0.9675
vn -0.0559 0.7089 -0.7031
vn 0.0581 -0.7631 0.6436
vn -0.0062 -0.7084 0.7058
vn -0.0481 -0.6895 0.7227
vn 0.0828 -0.3541 -0.9315
vn 0.0176 0.8192 -0.5732
vn 0.1246 0.7615 0.6361
vn 0.1551 0.7302 0.6654
vn -0.1105 0.7743 0.6231
vn -0.0076 0.7284 0.6852
vn -0.2274 0.9467 0.2280
vn 0.0005 -0.3242 0.9460
vn -0.2249 0.9306 0.2890
vn 0.9001 -0.3561 -0.2509
vn 0.0557 -0.2674 0.9620
vn 0.1832 -0.3766 0.9081
vn 0.0443 -0.4151 0.9087
vn 0.1018 -0.5220 0.8469
vn 0.2677 -0.3316 0.9046
vn 0.1907 -0.7277 0.6589
vn 0.1696 -0.5139 0.8409
vn 0.0539 -0.6559 0.7529
vn 0.1472 -0.3188 -0.9363
vn 0.0881 -0.3434 -0.9350
vn -0.0125 0.1315 -0.9912
vn -0.0178 0.0666 -0.9976
vn -0.0172 0.0732 -0.9972
vn -0.0635 0.0386 -0.9972
vn 0.2322 0.8290 0.5088
vn -0.0682 0.3467 -0.9355
vn -0.1977 0.6209 -0.7586
vn -0.1636 0.6470 -0.7447
vn -0.1492 0.5913 -0.7925
vn 0.0378 -0.7293 0.6832
vn 0.0912 -0.2539 -0.9629
vn 0.0097 -0.2109 -0.9775
vn 0.0253 -0.1830 -0.9828
vn -0.0228 -0.0155 -0.9996
vn -0.0914 0.9630 -0.2534
vn 0.1186 0.7922 0.5986
vn -0.0395 0.1183 -0.9922
vn 0.0091 0.4847 -0.8746
vn -0.0599 0.3977 -0.9156
vn -0.0644 0.5060 -0.8601
vn 0.0375 -0.0825 -0.9959
vn -0.0155 -0.1132 -0.9935
vn -0.0523 0.8877 -0.4575
vn -0.0979 0.8973 -0.4304
vn 0.1981 0.8153 0.5442
vn 0.0513 0.7528 0.6562
vn 0.2024 0.7721 0.6023
vn 0.1059 0.8465 0.5218
vn -0.0507 0.5648 -0.8237
vn 0.0142 0.5466 -0.8373
vn -0.0340 0.5297 -0.8475
vn 0.1105 -0.2473 -0.9626
vn 0.0577 -0.2588 -0.9642
vn -0.0028 -0.0578 -0.9983
vn 0.0258 -0.0546 -0.9982
vn 0.0715 -0.2084 -0.9754
vn 0.0284 -0.2590 -0.9655
vn -0.0208 0.0315 -0.9993
vn -0.0470 -0.0193 -0.9987
vn -0.0883 0.5351 -0.8401
vn -0.0178 0.4162 -0.9091
vn 0.0162 0.1574 -0.9874
vn -0.0657 0.3616 -0.9300
vn -0.0972 0.9232 -0.3717
vn -0.0800 0.9960 0.0393
vn 0.2287 0.7567 0.6125
vn 0.0665 0.7373 0.6723
vn 0.0395 -0.2481 -0.9679
vn 0.0437 -0.1712 -0.9843
vn 0.0238 -0.1118 -0.9934
vn -0.0079 0.3590 -0.9333
vn -0.0037 0.8534 -0.5213
vn -0.0658 0.8388 -0.5405
vn 0.0422 0.0291 -0.9987
vn 0.0019 -0.0199 -0.9998
vn 0.0083 0.8306 0.5568
vn 0.0068 -0.1020 -0.9948
vn 0.0366 -0.0690 -0.9969
vn 0.1445 -0.5838 0.7989
vn 0.1486 -0.6161 0.7735
vn 0.2182 -0.6274 0.7475
vn -0.0130 0.8003 -0.5994
vn 0.1609 0.9025 0.3995
vn 0.0473 -0.0499 -0.9976
vn 0.0472 -0.0227 -0.9986
vn 0.0433 0.0171 -0.9989
vn 0.0883 0.2094 -0.9738
vn -0.0159 0.1693 -0.9854
vn 0.0673 0.8221 0.5654
vn 0.0489 -0.2348 -0.9708
vn 0.0178 -0.2214 -0.9750
vn -0.0113 0.3397 -0.9405
vn 0.0015 0.5117 -0.8591
vn -0.1164 0.8159 -0.5664
vn -0.0016 0.8378 -0.5460
vn 0.3012 -0.1035 0.9479
vn 0.4543 0.3417 0.8227
vn 0.1865 0.0400 0.9816
vn -0.0234 0.6516 -0.7582
vn 0.0020 0.5620 -0.8271
vn 0.0603 0.6600 -0.7488
vn -0.0047 0.7328 -0.6805
vn 0.1172 0.8362 -0.5358
vn 0.1371 0.9804 -0.1413
vn 0.1306 0.9846 -0.1165
vn -0.1134 0.1870 0.9758
vn 0.0079 -0.2302 -0.9731
vn 0.0415 0.0137 -0.9990
vn -0.0181 0.3168 -0.9483
vn -0.0549 0.7549 -0.6536
vn 0.1067 0.7457 0.6577
vn 0.3168 0.7709 0.5526
vn 0.0643 -0.3575 -0.9317
vn 0.1562 -0.2886 -0.9446
vn 0.0319 -0.2902 -0.9564
vn 0.0634 0.1351 -0.9888
vn 0.0612 0.2818 -0.9575
vn 0.0139 0.1412 -0.9899
vn 0.0791 0.8055 -0.5873
vn -0.0261 0.6708 -0.7412
vn 0.0913 0.7413 -0.6649
vn -0.0205 -0.0543 -0.9983
vn -0.0319 -0.1180 -0.9925
vn -0.0908 -0.0915 -0.9917
vn 0.0194 -0.2528 -0.9673
vn 0.0007 -0.2456 -0.9694
vn 0.0299 0.0878 -0.9957
vn -0.0331 0.0378 -0.9987
vn -0.0440 0.6676 -0.7433
vn 0.0414 0.7024 -0.7106
vn 0.0596 0.7447 0.6648
vn 0.0320 0.0073 0.9995
vn 0.0449 0.1271 0.9909
vn 0.0645 -0.0432 0.9970
vn 0.0265 -0.1549 -0.9876
vn 0.0169 -0.1274 -0.9917
vn -0.0264 0.1404 0.9897
vn -0.0016 -0.0466 0.9989
vn 0.0082 0.0797 0.9968
vn 0.1106 -0.3248 -0.9393
vn 0.0096 0.1527 -0.9882
vn 0.0239 0.4592 -0.8880
vn 0.0127 0.3512 -0.9362
vn 0.0307 0.3180 -0.9476
vn 0.0154 0.7593 -0.6505
vn 0.1128 0.7535 -0.6478
vn 0.2417 0.6687 0.7032
vn -0.0261 -0.0578 -0.9980
vn -0.0980 -0.1136 -0.9887
vn -0.0841 -0.0996 -0.9915
vn 0.0241 -0.0327 -0.9992
vn 0.0057 0.6645 -0.7473
vn -0.1120 -0.0041 -0.9937
vn -0.0186 0.0420 -0.9989
vn -0.0860 -0.0772 -0.9933
vn -0.0337 0.0818 0.9961
vn 0.0092 0.0692 0.9976
vn 0.0667 0.0185 0.9976
vn 0.0333 0.1215 -0.9920
vn -0.0122 0.0576 -0.9983
vn 0.0406 0.3075 -0.9507
vn 0.0693 0.5355 -0.8417
vn 0.1489 0.7201 -0.6777
vn 0.0207 0.9249 -0.3797
vn 0.0948 0.6220 -0.7773
vn -0.3887 0.2348 -0.8910
vn -0.0457 -0.1359 -0.9897
vn -0.0970 -0.3754 -0.9218
vn 0.1694 -0.0894 0.9815
vn 0.0936 -0.1964 0.9760
vn 0.1888 -0.0817 0.9786
vn 0.0558 0.0343 0.9979
vn -0.0338 -0.1459 0.9887
vn -0.0991 -0.0663 0.9929
vn 0.0543 0.0906 0.9944
vn 0.0052 0.0131 0.9999
vn -0.0176 0.2321 -0.9725
vn -0.1238 0.8404 0.5277
vn 0.0418 -0.0145 0.9990
vn -0.0688 0.0302 0.9972
vn 0.1019 -0.0573 0.9931
vn 0.0964 -0.2826 -0.9544
vn 0.0550 -0.3280 -0.9431
vn -0.0313 -0.0723 -0.9969
vn 0.0238 -0.0060 -0.9997
vn 0.0794 0.4474 -0.8908
vn -0.0096 0.6256 -0.7801
vn 0.0044 0.7551 -0.6556
vn 0.0446 0.7758 -0.6295
vn -0.1353 0.0740 -0.9880
vn -0.1655 0.1902 -0.9677
vn -0.0990 0.1212 -0.9877
vn -0.1057 -0.0567 -0.9928
vn -0.0729 0.1181 -0.9903
vn 0.0439 -0.2237 -0.9737
vn -0.2851 -0.2224 -0.9323
vn 0.0704 -0.1891 0.9794
vn -0.0582 -0.0519 0.9970
vn 0.0455 -0.1273 -0.9908
vn -0.0023 -0.1338 -0.9910
vn -0.1144 -0.4821 0.8686
vn -0.1664 -0.4313 0.8867
vn -0.1235 -0.4851 0.8657
vn 0.1945 0.8321 -0.5194
vn 0.0935 0.8334 -0.5447
vn 0.1993 0.8655 -0.4595
vn 0.1438 0.6109 -0.7785
vn 0.2960 0.5511 -0.7802
vn -0.0910 0.0358 0.9952
vn 0.1498 -0.0386 0.9880
vn 0.0215 0.0332 0.9992
vn 0.0006 -0.1912 -0.9816
vn -0.0007 0.5820 -0.8132
vn 0.0096 0.5052 -0.8630
vn 0.0234 0.0682 0.9974
vn -0.0997 0.0688 0.9926
vn -0.0978 -0.0443 0.9942
vn -0.0117 -0.0054 -0.9999
vn -0.0345 0.0867 -0.9956
vn -0.0024 0.2176 -0.9760
vn 0.1790 0.7904 -0.5859
vn -0.0402 -0.0280 -0.9988
vn 0.0145 -0.0178 -0.9997
vn 0.0104 -0.0529 -0.9985
vn -0.0326 0.1265 0.9914
vn -0.1056 0.0019 0.9944
vn -0.0502 -0.0067 -0.9987
vn 0.0620 -0.2256 -0.9722
vn -0.0243 0.3142 -0.9490
vn -0.0138 0.4402 -0.8978
vn 0.0354 0.8575 -0.5132
vn 0.0587 0.9260 -0.3729
vn 0.0789 -0.0172 0.9967
vn -0.0200 -0.0336 -0.9992
vn 0.0053 -0.0069 -1.0000
vn 0.0366 -0.0316 -0.9988
vn 0.0140 -0.0617 -0.9980
vn -0.9409 0.3344 0.0543
vn 0.3034 0.9264 0.2228
vn 0.0561 0.0918 -0.9942
vn -0.0325 0.3063 -0.9514
vn -0.0887 0.1910 -0.9776
vn 0.1307 -0.0191 0.9912
vn 0.0891 0.0090 0.9960
vn 0.0824 -0.0164 0.9965
vn -0.2415 0.1189 -0.9631
vn -0.2650 0.1582 -0.9512
vn -0.2189 0.1864 -0.9578
vn -0.0468 0.2501 0.9671
vn 0.1819 0.8453 -0.5024
vn 0.0008 0.7080 -0.7062
vn 0.0015 0.6107 -0.7919
vn 0.1249 0.7074 -0.6957
vn 0.0965 -0.2641 0.9597
vn 0.0848 -0.1495 0.9851
vn -0.0029 -0.1599 0.9871
vn 0.0449 0.0647 0.9969
vn 0.4013 0.7680 -0.4991
vn -0.0672 0.1158 -0.9910
vn -0.0529 0.0946 -0.9941
vn -0.0744 0.1310 -0.9886
vn -0.0456 0.0291 -0.9985
vn 0.2168 0.9751 -0.0474
vn 0.2248 0.1822 -0.9572
vn 0.0296 0.8510 -0.5243
vn 0.0058 -0.1064 0.9943
vn 0.0818 -0.0283 -0.9962
vn 0.0246 -0.0882 -0.9958
vn 0.0569 -0.0470 -0.9973
vn 0.0265 0.0958 -0.9951
vn -0.0210 0.0452 -0.9988
vn 0.0682 0.4796 -0.8748
vn -0.0487 0.4055 -0.9128
vn -0.0910 0.6398 -0.7631
vn -0.0483 0.0922 -0.9946
vn -0.0094 0.1021 0.9947
vn -0.0017 0.0339 0.9994
vn -0.0409 0.0090 0.9991
vn -0.0625 -0.0374 0.9973
vn 0.0854 -0.0323 0.9958
vn -0.0403 0.0081 0.9992
vn 0.0051 0.2107 -0.9775
vn 0.0652 0.7101 -0.7011
vn -0.0197 -0.0012 -0.9998
vn -0.1116 0.0238 -0.9935
vn -0.1257 0.0624 -0.9901
vn 0.1218 -0.0387 0.9918
vn 0.0130 -0.0903 0.9958
vn 0.0371 -0.0891 0.9953
vn -0.1039 -0.0973 -0.9898
vn -0.0451 -0.0465 -0.9979
vn -0.0034 -0.1162 -0.9932
vn -0.0272 0.4177 -0.9082
vn 0.1171 0.0366 0.9924
vn 0.0760 -0.0178 0.9969
vn -0.0252 0.0689 0.9973
vn 0.0847 -0.0551 0.9949
vn 0.0808 0.0674 0.9944
vn 0.0011 0.0409 0.9992
vn -0.0954 -0.1861 -0.9779
vn -0.1254 -0.0114 -0.9920
vn -0.1189 0.0429 -0.9920
vn -0.0773 0.0430 -0.9961
vn -0.0842 0.0066 -0.9964
vn 0.0904 0.0928 0.9916
vn 0.1410 0.1064 0.9843
vn 0.0399 0.0214 0.9990
vn 0.0045 0.0048 1.0000
vn 0.0662 -0.0586 -0.9961
vn 0.0317 -0.1701 -0.9849
vn 0.0110 0.1429 -0.9897
vn -0.0342 0.2876 -0.9571
vn 0.0034 -0.0212 -0.9998
vn 0.1788 0.0024 0.9839
vn -0.0007 0.0013 -1.0000
vn 0.0665 0.2675 -0.9613
vn -0.0123 0.6967 -0.7173
vn 0.5123 0.1192 -0.8505
vn -0.9080 0.0603 -0.4147
vn 0.1146 -0.0081 0.9934
vn -0.2519 -0.8746 0.4144
vn 0.5144 0.8521 -0.0966
vn 0.7682 0.6317 0.1041
vn 0.6141 0.7461 0.2573
vn 0.0763 -0.1804 0.9806
vn 0.6153 0.7883 -0.0009
vn 0.0438 0.4107 -0.9107
vn 0.2189 0.3599 -0.9069
vn 0.2426 0.2114 -0.9468
vn 0.3035 0.8644 -0.4008
vn -0.1690 -0.1715 0.9706
vn 0.0180 -0.1667 0.9858
vn 0.0112 -0.0509 0.9986
vn 0.4167 -0.1735 -0.8923
vn -0.0191 -0.0150 -0.9997
vn 0.1641 -0.2602 -0.9515
vn 0.0551 0.5385 -0.8408
vn 0.7814 0.5855 0.2158
vn 0.8974 0.4373 -0.0588
vn 0.0323 0.6561 -0.7540
vn 0.1013 -0.6189 -0.7789
vn -0.4801 -0.2313 0.8462
vn 0.0595 -0.4157 0.9076
vn 0.1698 0.1415 -0.9753
vn 0.1768 0.2273 -0.9576
vn 0.0865 0.9383 0.3349
vn 0.2835 0.9170 0.2805
vn 0.1743 0.9326 0.3162
vn -0.0753 -0.4351 0.8972
vn 0.1661 -0.5487 0.8194
vn 0.0179 -0.3670 0.9301
vn 0.1516 0.0027 0.9884
vn -0.0473 0.4398 0.8969
vn 0.2227 0.6609 0.7167
vn 0.0017 0.8288 0.5595
vn -0.0149 0.4748 0.8800
vn -0.1586 -0.5325 0.8315
vn -0.0007 0.3076 -0.9515
vn 0.1232 -0.0088 -0.9923
vn 0.0076 -0.0749 0.9972
vn 0.0472 -0.0337 0.9983
vn 0.0035 -0.0335 0.9994
vn 0.0552 0.4792 -0.8760
vn 0.1088 0.4329 -0.8949
vn 0.2552 0.2643 -0.9301
vn -0.2885 -0.7531 0.5913
vn 0.1565 0.0739 0.9849
vn 0.2286 0.1498 -0.9619
vn 0.1860 0.0210 -0.9823
vn 0.7651 0.6223 -0.1652
vn -0.0414 -0.2961 -0.9543
vn 0.0887 -0.2564 -0.9625
vn -0.0857 -0.1122 -0.9900
vn 0.2519 0.9134 0.3199
vn 0.5562 0.7341 0.3895
vn 0.2383 0.9616 0.1362
vn 0.0429 0.7704 -0.6362
vn -0.0154 -0.6505 0.7593
vn 0.0104 -0.4388 0.8985
vn 0.0514 -0.4689 0.8818
vn -0.4098 0.0293 0.9117
vn 0.0826 -0.2088 -0.9745
vn 0.4501 0.8308 -0.3273
vn 0.2486 0.8802 -0.4044
vn 0.1989 0.9720 -0.1250
vn 0.3938 0.8841 0.2515
vn 0.0057 -0.4313 -0.9022
vn -0.0949 -0.2990 -0.9495
vn -0.3067 -0.9501 -0.0572
vn 0.1064 -0.0059 0.9943
vn -0.0218 -0.0090 0.9997
vn 0.0159 -0.0438 0.9989
vn 0.0012 0.2322 -0.9727
vn -0.1929 -0.1482 -0.9700
vn 0.1876 0.0945 -0.9777
vn 0.1618 -0.9625 -0.2177
vn -0.3136 0.0105 -0.9495
vn 0.3216 -0.0438 -0.9459
vn 0.0619 -0.2936 0.9539
vn 0.3029 0.1375 -0.9431
vn 0.2675 0.4361 -0.8592
vn 0.3677 0.4660 -0.8048
vn 0.5492 0.7565 0.3550
vn 0.5678 0.7304 0.3796
vn 0.6758 0.7371 -0.0102
vn 0.4954 0.8659 -0.0692
vn 0.6283 0.3640 0.6875
vn 0.2720 -0.6307 0.7268
vn 0.4100 0.8373 0.3617
vn 0.0471 0.0455 0.9979
vn 0.1435 -0.4468 0.8830
vn 0.0049 0.8199 -0.5725
vn -0.0422 0.7153 -0.6975
vn 0.6993 0.6479 0.3020
vn 0.5784 0.8060 0.1256
vn 0.1323 0.0912 0.9870
vn -0.1272 -0.0028 0.9919
vn 0.8807 0.4311 -0.1964
vn 0.3295 0.9440 0.0156
vn 0.4490 0.8895 -0.0842
vn 0.0253 -0.0927 0.9954
vn -0.5714 0.6905 0.4434
vn -0.0185 -0.3696 0.9290
vn 0.1491 -0.0273 0.9884
vn 0.1471 0.5641 0.8125
vn -0.0985 0.5954 0.7973
vn -0.2718 0.6250 0.7317
vn 0.0004 -0.0284 -0.9996
vn -0.0324 -0.0509 -0.9982
vn 0.0070 -0.4540 0.8910
vn -0.0050 0.0733 -0.9973
vn 0.0777 -0.2205 -0.9723
vn -0.3144 0.6674 -0.6751
vn 0.0472 -0.3498 0.9356
vn 0.0577 0.0334 -0.9978
vn 0.2355 0.0877 -0.9679
vn 0.0759 -0.0373 -0.9964
vn -0.0240 0.8594 0.5107
vn -0.0420 0.8781 0.4766
vn -0.0391 0.1462 0.9885
vn 0.2454 0.3267 -0.9127
vn 0.1869 0.1458 -0.9715
vn 0.0067 0.4242 -0.9056
vn -0.1523 -0.0386 0.9876
vn -0.3080 0.8149 0.4910
vn 0.1694 -0.3708 0.9131
vn 0.0336 -0.1712 -0.9847
vn 0.0767 -0.2243 -0.9715
vn -0.0534 -0.6373 -0.7688
vn 0.0420 -0.4466 0.8938
vn 0.0459 -0.4773 0.8775
vn 0.0987 -0.4560 0.8845
vn -0.4152 0.8737 0.2536
vn -0.9273 -0.1496 -0.3431
vn -0.9400 -0.1753 -0.2927
vn -0.9463 -0.0677 -0.3160
vn 0.1882 0.8142 0.5493
vn 0.1684 -0.0340 0.9851
vn -0.0509 0.4558 0.8886
vn -0.0776 0.2727 0.9590
vn 0.0338 0.2727 0.9615
vn -0.0758 0.3248 -0.9428
vn 0.0297 -0.2535 -0.9669
vn 0.4424 0.7144 -0.5420
vn 0.4409 0.7528 -0.4888
vn 0.6262 0.6132 -0.4815
vn -0.2383 -0.7106 0.6621
vn 0.1165 0.0939 -0.9887
vn 0.0927 0.1844 -0.9785
vn 0.1406 0.1242 -0.9822
vn 0.0027 -0.9995 0.0320
vn 0.0116 -0.1027 0.9946
vn 0.0976 -0.0175 0.9951
vn 0.3517 0.1844 0.9178
vn -0.0134 0.0574 -0.9983
vn -0.0075 -0.0167 -0.9998
vn -0.0673 0.0560 -0.9962
vn -0.0535 0.4660 0.8832
vn 0.4380 0.8335 -0.3368
vn 0.0790 0.9617 -0.2623
vn 0.4571 0.8880 -0.0499
vn -0.1714 0.1991 -0.9649
vn 0.4567 0.8877 0.0590
vn 0.0324 0.0056 -0.9995
vn -0.2666 -0.2902 0.9191
vn 0.0715 0.2915 0.9539
vn 0.0604 0.2471 -0.9671
vn 0.0337 -0.2666 -0.9632
vn 0.4001 0.2511 -0.8814
vn 0.3067 0.9492 0.0699
vn -0.0284 -0.6241 0.7808
vn -0.0894 -0.5923 0.8007
vn -0.0961 -0.4796 0.8722
vn 0.6762 0.7357 0.0380
vn 0.7111 0.7013 0.0505
vn 0.7120 0.7018 -0.0228
vn -0.0789 0.6878 0.7216
vn -0.0956 0.7137 0.6939
vn -0.0207 0.5519 0.8337
vn 0.5571 0.8304 0.0003
vn -0.0562 0.1170 0.9915
vn 0.0946 -0.0111 0.9955
vn -0.1525 0.7349 0.6609
vn 0.0472 0.8064 0.5895
vn -0.0108 0.7768 0.6296
vn -0.3041 -0.0290 0.9522
vn 0.5211 0.2949 -0.8009
vn -0.2204 0.7301 0.6468
vn -0.0850 0.3407 0.9363
vn 0.0999 0.4224 0.9009
vn 0.4423 0.8911 0.1017
vn 0.4307 0.9024 -0.0086
vn 0.3437 0.9308 0.1242
vn 0.6562 0.7211 0.2223
vn 0.2575 0.8177 -0.5148
vn 0.2015 0.8743 -0.4415
vn 0.2426 0.8630 -0.4432
vn -0.0568 -0.0577 0.9967
vn -0.1204 0.7149 -0.6888
vn -0.3035 0.8236 0.4792
vn -0.1230 0.6836 -0.7194
vn 0.3455 0.8303 0.4373
vn -0.0877 0.8840 -0.4593
vn 0.1065 0.9119 -0.3964
vn 0.0124 0.7631 -0.6462
vn -0.0148 -0.0630 0.9979
vn 0.8229 -0.5631 0.0754
vn 0.4706 0.3396 -0.8144
vn 0.0216 -0.0596 0.9980
vn 0.1070 -0.0714 0.9917
vn 0.1086 0.4526 0.8851
vn 0.0796 0.0620 0.9949
vn -0.0266 0.5864 0.8096
vn -0.0655 0.5271 0.8473
vn -0.0339 -0.0461 0.9984
vn 0.1311 0.1990 -0.9712
vn -0.3569 0.9314 -0.0714
vn 0.0079 0.0013 -1.0000
vn 0.3410 0.4981 0.7973
vn 0.0992 0.3934 -0.9140
vn -0.0213 0.4167 0.9088
vn -0.0114 0.3460 0.9382
vn 0.1865 0.4071 0.8942
vn 0.2092 0.7355 0.6444
vn 0.2592 0.6962 0.6694
vn 0.2412 0.7553 0.6094
vn -0.2121 -0.9130 -0.3485
vn 0.3538 0.1822 -0.9174
vn 0.1163 0.5633 -0.8180
vn -0.4214 -0.8712 -0.2517
vn -0.0372 0.0193 0.9991
vn -0.2866 -0.0599 0.9562
vn -0.0612 -0.6002 -0.7975
vn 0.0558 -0.5696 -0.8200
vn -0.0396 -0.6234 -0.7809
vn -0.0614 0.7539 0.6541
vn 0.0166 -0.0662 0.9977
vn 0.0595 -0.0462 0.9972
vn 0.0545 -0.0487 0.9973
vn 0.0642 0.2316 0.9707
vn 0.0492 -0.0520 -0.9974
vn 0.0077 -0.0244 -0.9997
vn -0.0463 0.0398 -0.9981
vn -0.0690 -0.1684 -0.9833
vn 0.0013 -0.3606 -0.9327
vn -0.0129 -0.1210 -0.9926
vn -0.0227 -0.0214 -0.9995
vn 0.0221 -0.0069 -0.9997
vn 0.0829 -0.0019 0.9966
vn 0.0267 -0.0412 0.9988
vn 0.1036 -0.0690 0.9922
vn -0.0162 -0.1519 -0.9883
vn 0.0192 -0.1374 -0.9903
vn -0.1507 -0.0238 -0.9883
vn 0.5293 0.8231 -0.2059
vn 0.8045 0.5648 -0.1838
vn 0.5933 0.7566 -0.2750
vn 0.0266 0.7462 0.6652
vn 0.0454 -0.1513 -0.9874
vn 0.5823 0.8034 0.1244
vn 0.0554 -0.1775 0.9826
vn 0.0051 -0.3095 0.9509
vn 0.0953 0.2530 -0.9628
vn 0.3858 -0.0640 -0.9204
vn 0.2842 0.3589 -0.8891
vn -0.5847 -0.4019 0.7047
vn -0.4521 -0.5008 0.7381
vn -0.5639 -0.4334 0.7030
vn 0.0435 0.0783 0.9960
vn 0.1773 0.9842 -0.0050
vn 0.0045 -0.0592 -0.9982
vn -0.0315 -0.1220 -0.9920
vn 0.0132 0.0697 0.9975
vn -0.2232 -0.3231 0.9197
vn -0.0238 -0.1876 0.9820
vn -0.8791 -0.4752 0.0360
vn 0.1211 0.1395 0.9828
vn 0.1781 0.0851 0.9803
vn 0.1474 0.4164 0.8972
vn 0.1439 0.5099 -0.8481
vn -0.0323 0.7468 -0.6642
vn -0.0040 0.0948 0.9955
vn -0.0800 0.1609 0.9837
vn -0.1068 0.0931 0.9899
vn -0.1451 -0.0914 -0.9852
vn 0.1293 -0.1023 0.9863
vn 0.0243 0.1308 0.9911
vn -0.1289 0.0130 0.9916
vn 0.1735 -0.0707 0.9823
vn -0.0896 0.1353 0.9867
vn -0.1738 -0.5718 0.8018
vn 0.6870 0.3992 -0.6072
vn 0.0105 -0.0708 -0.9974
vn 0.2591 -0.5635 -0.7844
vn 0.1939 0.1074 0.9751
vn 0.1552 -0.7363 -0.6587
vn 0.0711 -0.6555 -0.7518
vn 0.1703 0.0586 0.9836
vn 0.1186 -0.9901 -0.0755
vn -0.1376 -0.0989 -0.9855
vn 0.0184 0.1703 -0.9852
vn 0.0549 0.1103 -0.9924
vn 0.0015 0.0961 -0.9954
vn -0.1259 0.6903 0.7125
vn 0.0510 -0.0296 -0.9983
vn 0.0482 -0.0424 -0.9979
vn 0.0298 0.0317 -0.9991
vn 0.0439 0.0587 -0.9973
vn 0.2002 -0.8388 -0.5062
vn 0.1233 -0.9172 -0.3790
vn -0.3784 -0.2103 0.9014
vn -0.2796 -0.6050 0.7455
vn -0.0668 -0.1974 0.9780
vn 0.0753 -0.2020 0.9765
vn 0.4210 0.9071 -0.0001
vn 0.7136 0.7000 0.0265
vn 0.4337 0.2380 -0.8691
vn 0.2414 0.2577 -0.9356
vn 0.3420 0.2988 -0.8909
vn -0.0875 -0.1537 -0.9842
vn 0.0753 0.0177 0.9970
vn 0.3363 0.1857 0.9233
vn 0.0021 0.9425 0.3342
vn 0.2114 0.8566 0.4707
vn 0.2263 -0.9663 0.1230
vn 0.0057 -0.9988 0.0494
vn -0.0993 -0.3545 0.9298
vn -0.0249 0.5304 -0.8474
vn -0.9574 0.2600 -0.1256
vn 0.1598 0.2101 -0.9645
vn 0.6224 0.7791 0.0743
vn 0.4866 0.8574 -0.1677
vn 0.7757 0.6054 -0.1783
vn 0.1134 0.0065 0.9935
vn -0.1081 -0.0303 -0.9937
vn -0.1485 -0.0393 -0.9881
vn -0.1653 0.0097 -0.9862
vn -0.3476 0.2447 0.9051
vn -0.3945 0.2330 0.8889
vn -0.4000 0.2309 0.8870
vn 0.0886 0.2280 -0.9696
vn 0.0596 0.3457 -0.9365
vn 0.0252 0.0940 -0.9953
vn 0.1317 0.0986 -0.9864
vn 0.0198 0.0022 0.9998
vn -0.1054 0.5509 0.8279
vn 0.0721 0.1040 0.9920
vn -0.1467 -0.1869 0.9714
vn -0.4342 -0.2514 0.8650
vn -0.0201 0.0843 -0.9962
vn 0.0178 0.6621 -0.7492
vn -0.1141 0.6702 -0.7333
vn -0.0530 0.5591 -0.8274
vn 0.0638 0.0207 0.9977
vn 0.1781 -0.6439 -0.7441
vn 0.3192 0.2611 -0.9110
vn -0.1794 -0.5987 0.7806
vn 0.3823 -0.2307 -0.8948
vn 0.1186 -0.3098 0.9434
vn -0.7598 -0.6329 0.1487
vn -0.0843 0.6606 -0.7460
vn -0.1900 -0.2974 0.9357
vn 0.1245 -0.0655 0.9901
vn 0.1248 -0.0838 0.9886
vn 0.1820 -0.0348 0.9827
vn -0.2128 0.0532 -0.9757
vn 0.0218 0.3426 0.9392
vn 0.0883 -0.0769 0.9931
vn 0.0557 0.9539 -0.2950
vn -0.3006 0.3834 0.8733
vn 0.4200 0.8805 0.2197
vn 0.0802 -0.6168 -0.7830
vn 0.7318 0.6524 -0.1971
vn -0.2680 0.0946 -0.9588
vn -0.1033 -0.0933 0.9903
vn -0.0262 -0.0928 0.9953
vn -0.2729 -0.0974 0.9571
vn 0.0469 -0.0529 0.9975
vn 0.0146 -0.0207 0.9997
vn 0.0185 -0.0751 0.9970
vn 0.0693 -0.1115 0.9914
vn 0.1586 0.0420 0.9865
vn -0.1215 0.0981 0.9877
vn 0.5190 -0.2879 0.8048
vn 0.0371 -0.0792 0.9962
vn 0.0200 0.1222 0.9923
vn -0.1242 -0.0481 0.9911
vn 0.2044 0.2141 -0.9552
vn -0.0976 0.0581 -0.9935
vn 0.0848 -0.2169 0.9725
vn 0.0554 0.1207 0.9911
vn 0.2838 -0.0950 0.9542
vn 0.0991 0.0057 0.9951
vn 0.0455 -0.0481 0.9978
vn 0.0837 -0.0695 0.9941
vn 0.0268 0.0026 0.9996
vn -0.0487 0.0841 0.9953
vn 0.1471 0.1184 -0.9820
vn 0.0390 -0.0923 0.9950
vn 0.0901 -0.1287 0.9876
vn 0.1325 -0.1117 0.9849
vn 0.0128 -0.6774 0.7355
vn 0.1666 -0.9038 0.3942
vn -0.0112 -0.6160 0.7877
vn -0.3265 -0.7483 0.5774
vn -0.0007 -0.7444 0.6677
vn -0.0487 -0.2287 0.9723
vn -0.1087 -0.1324 0.9852
vn -0.1763 -0.2364 0.9555
vn 0.0931 -0.2220 0.9706
vn 0.1648 -0.1431 0.9759
vn 0.0490 -0.1226 0.9912
vn -0.0570 -0.1208 -0.9910
vn 0.2421 -0.4005 0.8837
vn 0.0136 -0.0194 -0.9997
vn 0.4788 0.8446 -0.2395
vn 0.1741 0.8266 0.5351
vn 0.1018 0.8532 0.5116
vn 0.2897 0.8481 0.4437
vn 0.3259 0.2089 -0.9220
vn -0.1460 -0.2473 0.9579
vn -0.2008 0.8814 0.4275
vn 0.6193 0.6890 0.3766
vn 0.7605 0.6486 -0.0319
vn 0.0548 0.6500 -0.7580
vn 0.0552 -0.0249 -0.9982
vn 0.1587 -0.0366 -0.9866
vn 0.0173 0.0538 -0.9984
vn 0.2896 -0.1074 -0.9511
vn 0.1173 -0.2066 0.9714
vn -0.0260 0.6062 -0.7949
vn -0.0718 0.0600 -0.9956
vn -0.1114 -0.0831 0.9903
vn -0.0763 -0.0367 0.9964
vn -0.1027 0.3337 0.9371
vn 0.1828 0.9783 0.0972
vn -0.0736 -0.1370 0.9878
vn -0.0494 -0.3732 0.9264
vn 0.0443 -0.0966 0.9943
vn 0.0886 0.9904 0.1059
vn -0.0732 0.9460 0.3158
vn 0.1739 0.9065 0.3848
vn -0.0192 -0.1391 -0.9901
vn 0.0351 -0.0790 -0.9963
vn 0.2160 -0.0505 -0.9751
vn 0.1062 -0.2247 0.9686
vn -0.0847 -0.8609 -0.5018
vn 0.0730 -0.2714 -0.9597
vn 0.0228 0.1293 0.9913
vn -0.2655 0.4496 -0.8528
vn -0.6719 0.0913 -0.7350
vn -0.0602 0.1254 -0.9903
vn -0.1247 0.0876 -0.9883
vn 0.4456 0.5862 0.6766
vn -0.1353 -0.0765 -0.9878
vn -0.2215 -0.1118 -0.9687
vn -0.1834 -0.0518 -0.9817
vn 0.1546 0.4028 -0.9021
vn 0.1097 -0.2411 -0.9643
vn 0.1627 -0.1965 -0.9669
vn 0.1825 0.3428 0.9215
vn 0.0706 -0.0264 0.9972
vn 0.1209 0.0276 0.9923
vn 0.1100 -0.0689 0.9915
vn -0.0471 -0.1372 0.9894
vn -0.1966 0.2536 -0.9471
vn -0.0726 0.6873 0.7227
vn 0.0194 0.1425 0.9896
vn -0.0847 0.1500 0.9850
vn 0.2007 0.2961 0.9338
vn -0.0435 -0.0219 -0.9988
vn 0.0451 -0.0927 -0.9947
vn -0.1430 -0.1031 0.9843
vn -0.1851 0.5029 -0.8443
vn 0.1060 0.0687 0.9920
vn 0.0415 -0.1469 0.9883
vn -0.6517 -0.7498 -0.1143
vn 0.0764 -0.2914 -0.9536
vn 0.0556 -0.4072 0.9116
vn 0.1412 -0.3591 0.9226
vn 0.0024 -0.3140 0.9494
vn 0.1044 -0.3629 0.9260
vn -0.1485 -0.0297 -0.9885
vn -0.1436 -0.0040 -0.9896
vn -0.1083 -0.0412 -0.9933
vn 0.1677 0.0958 0.9812
vn -0.0964 0.3300 -0.9390
vn -0.1194 0.3618 -0.9246
vn -0.0462 0.3233 -0.9452
vn -0.1300 0.8211 -0.5558
vn 0.0096 -0.0821 -0.9966
vn -0.0096 -0.0881 -0.9961
vn 0.0073 -0.0469 -0.9989
vn 0.0429 0.0054 -0.9991
vn 0.0578 -0.3302 0.9421
vn 0.1405 -0.1262 -0.9820
vn 0.3723 0.2624 0.8902
vn -0.1721 -0.2130 0.9618
vn -0.2268 -0.1234 0.9661
vn -0.1343 -0.1521 0.9792
vn 0.0344 0.0225 -0.9992
vn 0.0162 0.0679 -0.9976
vn 0.0655 0.0721 -0.9952
vn 0.0496 0.6512 0.7573
vn 0.1038 0.1041 0.9891
vn -0.1209 -0.0608 -0.9908
vn -0.0678 0.0055 0.9977
vn 0.1135 0.2133 -0.9704
vn 0.0189 0.8028 0.5960
vn 0.1543 -0.3267 0.9325
vn -0.1121 0.4374 -0.8923
vn 0.0909 0.9715 0.2189
vn -0.1360 0.0132 0.9906
vn -0.0512 0.0537 0.9972
vn 0.2422 0.9453 -0.2185
vn 0.0258 0.0349 -0.9991
vn -0.1292 0.7780 0.6148
vn 0.2493 -0.9683 -0.0131
vn 0.2673 -0.9622 0.0531
vn 0.2290 -0.9734 0.0019
vn 0.7917 0.3109 0.5259
vn 0.1114 0.3142 -0.9428
vn 0.1349 0.2450 -0.9601
vn 0.1412 0.3219 -0.9362
vn 0.0222 -0.1275 -0.9916
vn -0.0396 -0.0901 -0.9951
vn 0.0350 -0.0303 -0.9989
vn -0.1302 -0.0607 0.9896
vn -0.2331 0.1550 0.9600
vn -0.1412 -0.3504 0.9259
vn 0.4404 0.8840 -0.1568
vn 0.5794 0.8150 -0.0009
vn 0.5049 0.8426 -0.1872
vn 0.5266 0.7486 0.4028
vn 0.8657 -0.4963 -0.0658
vn 0.0971 -0.4389 -0.8933
vn 0.1129 -0.1214 -0.9862
vn 0.0215 -0.1344 -0.9907
vn 0.0809 0.2235 0.9713
vn -0.3023 0.8576 0.4161
vn -0.2660 0.8737 0.4074
vn -0.3177 0.8217 0.4732
vn -0.0865 0.0736 0.9935
vn -0.1875 0.1752 0.9665
vn 0.0107 0.4406 -0.8976
vn -0.0057 -0.0288 0.9996
vn 0.0006 0.0282 0.9996
vn -0.0465 0.0099 0.9989
vn 0.6234 0.6851 0.3767
vn -0.1256 0.4944 -0.8601
vn 0.1283 0.0110 0.9917
vn -0.3948 0.0358 0.9181
vn -0.0018 -0.0576 0.9983
vn -0.0054 0.0084 -1.0000
vn 0.0623 -0.1262 -0.9900
vn 0.1523 0.0917 0.9841
vn 0.0659 0.0707 0.9953
vn 0.1445 0.4182 -0.8968
vn 0.1350 0.4433 -0.8861
vn 0.1859 0.3852 -0.9039
vn -0.5853 -0.7549 0.2960
vn -0.4605 -0.6639 0.5892
vn -0.4145 -0.8789 0.2361
vn -0.0179 0.1400 -0.9900
vn 0.0869 0.2724 -0.9582
vn 0.0732 0.2984 -0.9516
vn 0.1129 0.2982 -0.9478
vn -0.1021 -0.3149 0.9436
vn -0.0130 0.3265 -0.9451
vn -0.1002 -0.0140 -0.9949
vn -0.0943 0.3769 -0.9215
vn -0.0126 -0.0287 0.9995
vn 0.0126 -0.4751 0.8798
vn 0.2220 -0.3873 0.8948
vn 0.0815 -0.2431 0.9666
vn 0.6479 0.7184 0.2533
vn -0.0583 0.6770 -0.7336
vn -0.1521 0.6893 -0.7083
vn -0.0501 0.7559 -0.6528
vn 0.1005 0.1105 -0.9888
vn 0.0676 0.2529 -0.9651
vn 0.1621 0.3183 -0.9340
vn 0.7194 0.6679 -0.1904
vn 0.6919 0.7112 -0.1243
vn 0.7042 0.6898 -0.1681
vn -0.1026 0.1608 -0.9816
vn -0.0199 0.0100 -0.9998
vn 0.0137 -0.0143 -0.9998
vn -0.0265 -0.0162 -0.9995
vn -0.0147 -0.1652 0.9861
vn -0.1055 -0.1192 0.9873
vn 0.1209 -0.0329 0.9921
vn -0.5257 -0.5838 -0.6187
vn 0.0900 -0.5744 -0.8136
vn -0.0774 0.0011 -0.9970
vn 0.0429 -0.0035 -0.9991
vn -0.1314 0.0278 -0.9909
vn -0.0426 0.1029 -0.9938
vn 0.0965 -0.4883 -0.8673
vn 0.0785 -0.1456 0.9862
vn 0.3390 0.9407 0.0111
vn -0.0437 0.0368 0.9984
vn 0.4522 0.7752 0.4411
vn 0.1437 -0.0271 -0.9892
vn 0.0242 0.7753 -0.6311
vn 0.0884 0.6824 -0.7256
vn -0.1911 0.6703 -0.7170
vn 0.1070 -0.2722 -0.9563
vn 0.9952 0.0223 0.0952
vn 0.7193 -0.5125 -0.4690
vn -0.2089 0.7138 0.6685
vn 0.0224 -0.0051 0.9997
vn -0.0940 0.1264 -0.9875
vn -0.0542 0.8801 0.4717
vn 0.0327 0.4694 -0.8824
vn -0.1721 0.3948 0.9025
vn -0.0206 -0.1301 0.9913
vn 0.0093 -0.1507 0.9885
vn 0.0195 -0.1337 0.9908
vn 0.0672 -0.0693 0.9953
vn 0.8080 -0.4571 -0.3718
vn 0.0678 -0.0029 0.9977
vn -0.2792 0.0980 -0.9552
vn 0.4234 0.8585 -0.2893
vn -0.0932 -0.3217 0.9422
vn -0.0356 -0.2196 0.9749
vn 0.1017 -0.1625 0.9815
vn 0.1396 0.2031 -0.9691
vn -0.6642 0.0618 -0.7450
vn -0.0537 0.0584 -0.9969
vn 0.0441 0.0495 -0.9978
vn -0.1011 -0.2136 0.9717
vn 0.4236 -0.1297 -0.8965
vn -0.3413 -0.2571 -0.9041
vn 0.0334 -0.0421 -0.9986
vn 0.0247 -0.0387 -0.9989
vn 0.0376 -0.9344 0.3543
vn -0.1510 0.2615 0.9533
vn -0.1019 0.3291 0.9388
vn -0.0718 0.2604 0.9628
vn 0.1623 -0.1345 -0.9775
vn -0.2132 -0.0797 -0.9738
vn 0.0884 -0.1609 0.9830
vn 0.1295 -0.1040 0.9861
vn 0.0563 -0.0287 0.9980
vn -0.1306 -0.2383 0.9624
vn -0.0831 -0.0584 -0.9948
vn -0.1487 -0.0014 -0.9889
vn -0.0972 0.0323 -0.9947
vn -0.0575 -0.0874 0.9945
vn -0.0600 -0.5203 0.8519
vn 0.1180 -0.0028 0.9930
vn 0.2266 -0.1087 0.9679
vn 0.1515 0.0032 0.9884
vn 0.6195 0.7835 -0.0492
vn 0.0517 -0.6362 -0.7698
vn -0.0245 0.4876 0.8727
vn -0.0240 -0.0175 -0.9996
vn 0.6840 0.6692 -0.2904
vn -0.1698 -0.1118 -0.9791
vn -0.2231 -0.3783 0.8984
vn 0.0965 0.2230 -0.9700
vn 0.1363 -0.0803 0.9874
vn 0.0354 0.1371 -0.9899
vn 0.0400 -0.3860 0.9216
vn 0.0031 -0.4159 0.9094
vn 0.0946 -0.2415 0.9658
vn -0.0655 0.3315 -0.9412
vn -0.2551 -0.2288 -0.9395
vn 0.0116 -0.0051 -0.9999
vn 0.0274 0.0302 -0.9992
vn 0.0530 -0.0197 -0.9984
vn -0.3572 -0.9258 0.1234
vn -0.5818 -0.7807 -0.2279
vn 0.1286 0.4227 0.8971
vn -0.0269 -0.0368 0.9990
vn 0.0327 -0.0048 0.9995
vn -0.0173 0.0003 0.9998
vn 0.0452 0.1084 -0.9931
vn 0.4901 0.7024 0.5161
vn -0.1415 -0.0606 -0.9881
vn 0.1731 0.0379 -0.9842
vn 0.0677 -0.0611 0.9958
vn -0.3316 0.1018 -0.9379
vn -0.0608 0.0753 -0.9953
vn -0.1436 -0.0694 -0.9872
vn -0.0701 -0.0515 -0.9962
vn -0.0243 0.8972 0.4409
vn -0.1765 -0.3258 0.9288
vn -0.4731 -0.8795 0.0508
vn -0.0848 -0.0807 0.9931
vn 0.2211 -0.9269 0.3032
vn -0.0123 -0.9456 0.3250
vn -0.2318 0.7884 -0.5698
vn -0.0059 -0.0047 1.0000
vn 0.0875 -0.9130 -0.3985
vn 0.1944 0.0857 -0.9772
vn 0.2104 -0.0922 -0.9733
vn 0.0051 0.1478 -0.9890
vn 0.1936 0.6810 0.7063
vn 0.1094 0.6744 0.7302
vn -0.1364 0.7216 0.6788
vn 0.1124 -0.4260 -0.8977
vn 0.1849 -0.4516 -0.8729
vn 0.1587 -0.4992 -0.8519
vn -0.0337 -0.0391 0.9987
vn -0.2122 0.1226 0.9695
vn 0.6822 -0.4042 0.6093
vn 0.0349 -0.0625 0.9974
vn -0.0459 -0.0047 0.9989
vn -0.6489 -0.7023 0.2928
vn -0.7868 -0.6128 0.0734
vn -0.9613 -0.2643 -0.0777
vn -0.1119 0.0218 -0.9935
vn 0.0929 -0.0210 -0.9954
vn -0.1656 -0.3269 -0.9304
vn -0.2411 -0.2661 0.9333
vn -0.1718 -0.2995 0.9385
vn -0.1230 -0.1439 0.9819
vn 0.1910 -0.0810 0.9783
vn -0.5012 -0.8473 -0.1755
vn -0.1488 -0.1690 0.9743
vn -0.1791 -0.3961 0.9005
vn 0.6212 -0.7777 0.0963
vn 0.2129 0.0110 0.9770
vn 0.0313 -0.4157 -0.9089
vn -0.2054 -0.2262 0.9522
vn 0.0857 -0.1101 0.9902
vn 0.3561 0.0295 0.9340
vn -0.5932 -0.7867 0.1711
vn -0.3094 -0.5143 0.7999
vn 0.2031 -0.1707 0.9642
vn -0.0069 0.0351 -0.9994
vn 0.1913 0.7487 -0.6348
vn 0.0858 0.2314 0.9691
vn -0.1712 -0.9344 0.3124
vn 0.0177 -0.1075 0.9940
vn -0.0819 0.0550 0.9951
vn -0.6505 -0.4904 -0.5799
vn -0.6305 -0.5621 -0.5353
vn -0.6677 -0.5196 -0.5330
vn 0.3105 -0.9239 0.2236
vn 0.0438 0.0485 -0.9979
vn 0.1769 0.4361 0.8823
vn 0.0605 -0.1053 -0.9926
vn -0.0070 -0.1030 0.9947
vn -0.0234 -0.2152 -0.9763
vn 0.0305 -0.1173 -0.9926
vn -0.1559 -0.1748 -0.9722
vn -0.2334 -0.2064 0.9502
vn -0.2495 -0.2766 0.9280
vn -0.0740 -0.0969 0.9925
vn 0.0071 0.0749 0.9972
vn -0.3090 -0.4503 0.8377
vn -0.1901 -0.4564 0.8692
vn 0.2180 0.3166 0.9232
vn -0.0298 0.1016 0.9944
vn 0.0431 -0.0031 0.9991
vn -0.0526 0.0749 -0.9958
vn -0.0722 -0.7199 0.6903
vn -0.0098 -0.7199 0.6940
vn -0.0102 -0.6486 0.7611
vn 0.0207 0.1753 -0.9843
vn 0.7973 -0.0189 -0.6032
vn -0.0413 -0.7549 -0.6545
vn -0.0318 -0.8171 -0.5756
vn -0.2152 -0.7534 -0.6213
vn -0.2988 -0.8670 0.3987
vn 0.1332 0.0420 0.9902
vn -0.7781 -0.5374 -0.3253
vn -0.0249 0.4679 -0.8834
vn 0.0189 -0.0404 0.9990
vn 0.0348 -0.2576 0.9656
vn -0.0882 -0.0424 -0.9952
vn -0.0255 -0.0793 0.9965
vn 0.0990 0.0600 0.9933
vn 0.0414 -0.0359 0.9985
vn 0.0666 0.0423 0.9969
vn 0.0332 -0.0140 0.9994
vn 0.2080 0.3306 -0.9206
vn -0.0570 0.2327 -0.9709
vn -0.7335 -0.1338 0.6663
vn -0.1153 -0.0138 -0.9932
vn -0.6496 -0.7486 0.1328
vn -0.2709 -0.4584 0.8465
vn 0.0192 -0.5397 -0.8417
vn 0.0792 0.2191 -0.9725
vn -0.0032 0.7299 0.6836
vn -0.7269 -0.6860 0.0318
vn 0.0438 0.1567 0.9867
vn -0.3999 -0.8657 -0.3012
vn 0.0497 -0.0865 -0.9950
vn -0.0068 0.1140 0.9935
vn -0.0137 0.0686 0.9976
vn 0.0473 0.0990 0.9940
vn 0.5404 0.8414 -0.0056
vn 0.5329 0.8453 -0.0381
vn 0.2915 0.9446 -0.1510
vn -0.1229 0.2999 0.9460
vn -0.8724 -0.4370 0.2191
vn -0.1301 0.7382 -0.6619
vn -0.1243 -0.2145 0.9688
vn -0.0561 0.2673 -0.9620
vn -0.3325 -0.9225 -0.1959
vn -0.1146 -0.9564 0.2685
vn 0.0340 -0.1797 0.9831
vn -0.0507 -0.1725 0.9837
vn -0.0310 -0.1283 0.9912
vn -0.1455 0.7610 0.6322
vn -0.8839 -0.4556 -0.1055
vn -0.4609 -0.8873 0.0183
vn 0.4667 0.8690 0.1643
vn 0.0860 -0.0363 -0.9956
vn -0.0094 -0.1019 -0.9948
vn -0.4026 -0.8798 0.2528
vn -0.2936 -0.9513 0.0942
vn -0.2682 -0.9426 0.1989
vn -0.0718 0.8596 -0.5059
vn 0.0266 0.8486 -0.5284
vn -0.0357 0.8849 -0.4644
vn -0.0103 0.0317 -0.9994
vn 0.0815 -0.0918 -0.9924
vn 0.1393 -0.2215 -0.9652
vn -0.3858 -0.8437 -0.3732
vn -0.2623 -0.9350 -0.2385
vn -0.1974 -0.9551 -0.2208
vn -0.3351 -0.9177 -0.2134
vn -0.5514 -0.8338 -0.0263
vn -0.5544 -0.8257 -0.1040
vn -0.1356 -0.1107 -0.9846
vn -0.3861 -0.2761 -0.8802
vn 0.0258 -0.7128 0.7008
vn -0.6250 -0.7770 0.0758
vn -0.5589 -0.8279 0.0464
vn -0.6096 -0.7893 -0.0741
vn -0.4436 -0.8843 0.1454
vn -0.5291 -0.7578 0.3818
vn -0.0825 -0.2549 0.9634
vn -0.1087 0.3349 -0.9360
vn -0.3545 0.9333 0.0572
vn -0.5297 -0.8476 -0.0320
vn -0.0831 -0.0063 0.9965
vn -0.0166 0.3527 -0.9356
vn -0.3870 -0.8457 0.3676
vn -0.7010 -0.7071 -0.0922
vt 0.221747 0.751589
vt 0.215116 0.754432
vt 0.212280 0.747969
vt 0.854856 0.197431
vt 0.850147 0.198839
vt 0.854893 0.194184
vt 0.231359 0.748254
vt 0.219653 0.745568
vt 0.226252 0.743765
vt 0.578547 0.808588
vt 0.578505 0.813378
vt 0.574781 0.810299
vt 0.571469 0.822460
vt 0.567892 0.815416
vt 0.572934 0.819444
vt 0.241473 0.741611
vt 0.238245 0.741801
vt 0.235035 0.737480
vt 0.233915 0.728754
vt 0.233084 0.723944
vt 0.239115 0.730530
vt 0.236503 0.733445
vt 0.242372 0.733793
vt 0.230669 0.716781
vt 0.230660 0.714368
vt 0.238496 0.718476
vt 0.840084 0.898520
vt 0.840617 0.893171
vt 0.843170 0.896477
vt 0.242808 0.726425
vt 0.245101 0.721520
vt 0.247985 0.723399
vt 0.249020 0.729478
vt 0.252876 0.729242
vt 0.454504 0.664334
vt 0.450905 0.666747
vt 0.451178 0.659644
vt 0.107879 0.894597
vt 0.111977 0.899066
vt 0.109142 0.901293
vt 0.431584 0.677806
vt 0.431450 0.671964
vt 0.434804 0.671236
vt 0.432354 0.667163
vt 0.428060 0.666637
vt 0.433711 0.659519
vt 0.928409 0.356704
vt 0.925397 0.351899
vt 0.931775 0.352877
vt 0.105791 0.803171
vt 0.103097 0.804237
vt 0.104736 0.797853
vt 0.084377 0.927478
vt 0.084462 0.921975
vt 0.086409 0.925611
vt 0.950794 0.800148
vt 0.949878 0.803508
vt 0.946061 0.800148
vt 0.953440 0.801302
vt 0.099939 0.797271
vt 0.098046 0.795522
vt 0.102348 0.790166
vt 0.418242 0.979288
vt 0.414893 0.979550
vt 0.414893 0.974779
vt 0.998659 0.304627
vt 0.997046 0.306096
vt 0.995419 0.304627
vt 0.722059 0.480775
vt 0.727946 0.485474
vt 0.722428 0.487456
vt 0.254468 0.264687
vt 0.257869 0.258257
vt 0.259795 0.264640
vt 0.258879 0.804442
vt 0.263284 0.803513
vt 0.265254 0.808208
vt 0.227475 0.246262
vt 0.222930 0.251702
vt 0.221096 0.247410
vt 0.006482 0.003698
vt 0.006646 0.001000
vt 0.010857 0.005121
vt 0.262495 0.259715
vt 0.275460 0.253343
vt 0.278949 0.257543
vt 0.273426 0.259296
vt 0.286212 0.257847
vt 0.289658 0.255619
vt 0.291474 0.261378
vt 0.448208 0.603685
vt 0.442044 0.598283
vt 0.448927 0.596530
vt 0.258021 0.791451
vt 0.258347 0.799044
vt 0.253877 0.796825
vt 0.237417 0.241058
vt 0.239996 0.246069
vt 0.236764 0.245781
vt 0.246352 0.246890
vt 0.245349 0.244120
vt 0.252052 0.246693
vt 0.483646 0.981852
vt 0.487921 0.981852
vt 0.487373 0.986469
vt 0.258074 0.246810
vt 0.265180 0.242881
vt 0.263272 0.246792
vt 0.435853 0.783666
vt 0.430956 0.786974
vt 0.426376 0.783103
vt 0.266303 0.239948
vt 0.269710 0.240771
vt 0.292120 0.240440
vt 0.285244 0.238720
vt 0.289515 0.234841
vt 0.421050 0.779125
vt 0.417402 0.784488
vt 0.413830 0.781772
vt 0.490033 0.266490
vt 0.490849 0.260634
vt 0.497336 0.262828
vt 0.949703 0.856720
vt 0.953234 0.855763
vt 0.946061 0.859230
vt 0.497176 0.926890
vt 0.493238 0.924788
vt 0.496918 0.923206
vt 0.256503 0.232415
vt 0.258492 0.226806
vt 0.260755 0.231449
vt 0.432668 0.956324
vt 0.432668 0.963192
vt 0.430981 0.957427
vt 0.741778 0.992973
vt 0.737803 0.992973
vt 0.739407 0.988822
vt 0.865430 0.993003
vt 0.863083 0.993003
vt 0.864786 0.988822
vt 0.284356 0.228654
vt 0.282326 0.220984
vt 0.289917 0.223791
vt 0.425937 0.806906
vt 0.431825 0.810562
vt 0.421562 0.809311
vt 0.481105 0.251844
vt 0.484783 0.247314
vt 0.488197 0.249255
vt 0.267487 0.216683
vt 0.271732 0.217197
vt 0.268483 0.222404
vt 0.288892 0.217497
vt 0.412240 0.795247
vt 0.424005 0.798273
vt 0.417290 0.802387
vt 0.640378 0.983955
vt 0.643561 0.981852
vt 0.643561 0.986470
vt 0.498227 0.253631
vt 0.496670 0.248939
vt 0.502793 0.251014
vt 0.255309 0.213803
vt 0.263608 0.212341
vt 0.263590 0.217825
vt 0.818568 0.465359
vt 0.816524 0.469239
vt 0.810437 0.464252
vt 0.529989 0.013556
vt 0.524389 0.008491
vt 0.527009 0.007724
vt 0.478307 0.240667
vt 0.480345 0.238322
vt 0.483280 0.241255
vt 0.799666 0.463732
vt 0.798460 0.466876
vt 0.789782 0.465433
vt 0.319299 0.684041
vt 0.317168 0.688227
vt 0.314889 0.686493
vt 0.271955 0.210143
vt 0.277361 0.209057
vt 0.278234 0.212132
vt 0.794254 0.470217
vt 0.786558 0.469062
vt 0.863575 0.489454
vt 0.868649 0.487761
vt 0.871008 0.491756
vt 0.955999 0.443297
vt 0.960653 0.442930
vt 0.959627 0.445031
vt 0.326723 0.341101
vt 0.332025 0.341563
vt 0.330780 0.345368
vt 0.815981 0.018565
vt 0.812640 0.012729
vt 0.815770 0.015886
vt 0.805579 0.382271
vt 0.800298 0.388145
vt 0.796995 0.381817
vt 0.879030 0.487829
vt 0.855233 0.167973
vt 0.849838 0.168317
vt 0.852587 0.166432
vt 0.533807 0.018336
vt 0.531485 0.009566
vt 0.535240 0.011770
vt 0.514970 0.195403
vt 0.513918 0.200748
vt 0.512906 0.193504
vt 0.827797 0.720556
vt 0.830012 0.721453
vt 0.832771 0.723304
vt 0.020611 0.046361
vt 0.025966 0.051662
vt 0.020940 0.055101
vt 0.290700 0.208483
vt 0.288152 0.205016
vt 0.295241 0.208083
vt 0.301838 0.591738
vt 0.301284 0.585354
vt 0.304516 0.591941
vt 0.517144 0.214711
vt 0.523569 0.221563
vt 0.518183 0.220849
vt 0.003228 0.013484
vt 0.005610 0.011216
vt 0.005685 0.024961
vt 0.662617 0.956324
vt 0.664993 0.957719
vt 0.662617 0.963048
vt 0.897509 0.086831
vt 0.892906 0.087033
vt 0.891593 0.084150
vt 0.023637 0.852395
vt 0.024235 0.847434
vt 0.028132 0.850165
vt 0.213116 0.180755
vt 0.216794 0.181864
vt 0.216874 0.186115
vt 0.908940 0.911518
vt 0.913094 0.907704
vt 0.913094 0.916226
vt 0.861054 0.845911
vt 0.859765 0.852812
vt 0.859372 0.848405
vt 0.869803 0.560330
vt 0.876490 0.560330
vt 0.871658 0.565090
vt 0.029503 0.860093
vt 0.026595 0.864488
vt 0.024582 0.861284
vt 0.769404 0.956324
vt 0.769404 0.962893
vt 0.764489 0.957202
vt 0.522322 0.245219
vt 0.525006 0.249193
vt 0.522130 0.250543
vt 0.040039 0.789219
vt 0.037238 0.788683
vt 0.037753 0.783546
vt 0.253352 0.435960
vt 0.255546 0.443936
vt 0.250705 0.441043
vt 0.230816 0.182519
vt 0.227145 0.185188
vt 0.225286 0.181234
vt 0.227778 0.179582
vt 0.262452 0.196848
vt 0.263503 0.192234
vt 0.267074 0.197935
vt 0.322336 0.780108
vt 0.319073 0.780112
vt 0.320575 0.777752
vt 0.530390 0.092515
vt 0.526446 0.097853
vt 0.529238 0.090202
vt 0.863575 0.565251
vt 0.523999 0.257981
vt 0.519681 0.255872
vt 0.519326 0.247057
vt 0.843197 0.713144
vt 0.847793 0.717429
vt 0.841199 0.718145
vt 0.273677 0.191868
vt 0.275426 0.189263
vt 0.279029 0.189964
vt 0.395042 0.682407
vt 0.391462 0.680338
vt 0.395475 0.679953
vt 0.265413 0.467230
vt 0.266246 0.457331
vt 0.268949 0.457875
vt 0.761841 0.713368
vt 0.767160 0.712491
vt 0.766862 0.718455
vt 0.600631 0.374490
vt 0.603629 0.375585
vt 0.597096 0.379486
vt 0.332388 0.326222
vt 0.336657 0.326076
vt 0.336395 0.328595
vt 0.537239 0.056116
vt 0.535319 0.053519
vt 0.539149 0.046786
vt 0.805234 0.070386
vt 0.809000 0.066561
vt 0.813786 0.070554
vt 0.152409 0.896787
vt 0.150071 0.894433
vt 0.156170 0.893994
vt 0.220741 0.172464
vt 0.221838 0.169843
vt 0.224253 0.170758
vt 0.130263 0.939160
vt 0.128357 0.934673
vt 0.131894 0.934319
vt 0.283782 0.186101
vt 0.289862 0.183263
vt 0.284993 0.189389
vt 0.608452 0.386188
vt 0.615116 0.384117
vt 0.614153 0.391104
vt 0.872527 0.643873
vt 0.877469 0.648097
vt 0.869404 0.648627
vt 0.268845 0.471076
vt 0.263340 0.470951
vt 0.401381 0.951188
vt 0.403224 0.945953
vt 0.405258 0.949068
vt 0.544218 0.029439
vt 0.547292 0.023793
vt 0.548083 0.031802
vt 0.152848 0.890926
vt 0.125401 0.389537
vt 0.130374 0.393467
vt 0.125213 0.397224
vt 0.121849 0.402341
vt 0.123662 0.406360
vt 0.116236 0.402845
vt 0.216741 0.167823
vt 0.219561 0.167447
vt 0.217612 0.172407
vt 0.194572 0.265344
vt 0.188709 0.268214
vt 0.188313 0.264502
vt 0.094591 0.841452
vt 0.095640 0.846471
vt 0.090104 0.848103
vt 0.711116 0.452472
vt 0.706622 0.451555
vt 0.709457 0.447484
vt 0.121948 0.392136
vt 0.609767 0.380231
vt 0.612930 0.377671
vt 0.613913 0.382048
vt 0.314649 0.791815
vt 0.320894 0.790584
vt 0.318624 0.795030
vt 0.873805 0.653355
vt 0.937901 0.398824
vt 0.939938 0.402173
vt 0.935047 0.402173
vt 0.706059 0.457064
vt 0.708321 0.466319
vt 0.704199 0.466333
vt 0.817225 0.067783
vt 0.818843 0.071525
vt 0.255232 0.474633
vt 0.258991 0.480766
vt 0.255117 0.487423
vt 0.732083 0.628750
vt 0.735170 0.623305
vt 0.735528 0.627120
vt 0.492785 0.907703
vt 0.491682 0.914323
vt 0.488955 0.912484
vt 0.591563 0.886603
vt 0.588091 0.876427
vt 0.590744 0.877346
vt 0.798206 0.600140
vt 0.793724 0.595604
vt 0.800168 0.596318
vt 0.130174 0.372467
vt 0.134007 0.376755
vt 0.128273 0.378960
vt 0.230068 0.158304
vt 0.223868 0.159834
vt 0.227075 0.156208
vt 0.797782 0.706410
vt 0.802932 0.702264
vt 0.803797 0.708553
vt 0.821243 0.061360
vt 0.823271 0.064475
vt 0.413777 0.295337
vt 0.416880 0.297873
vt 0.413107 0.299118
vt 0.418316 0.285382
vt 0.416364 0.288508
vt 0.418260 0.278112
vt 0.413666 0.279180
vt 0.137869 0.362477
vt 0.134127 0.361595
vt 0.132071 0.358188
vt 0.233626 0.158373
vt 0.238568 0.156984
vt 0.238795 0.162422
vt 0.251466 0.166716
vt 0.259018 0.165057
vt 0.253248 0.169095
vt 0.708268 0.482669
vt 0.704491 0.475471
vt 0.705218 0.472591
vt 0.543793 0.085549
vt 0.541586 0.091354
vt 0.541573 0.080718
vt 0.415565 0.317002
vt 0.410317 0.316302
vt 0.414850 0.312709
vt 0.971844 0.492311
vt 0.969072 0.494840
vt 0.965390 0.492311
vt 0.265275 0.506715
vt 0.266186 0.512160
vt 0.264509 0.513663
vt 0.728000 0.633437
vt 0.732167 0.633477
vt 0.727542 0.640050
vt 0.138525 0.349292
vt 0.134081 0.346484
vt 0.138955 0.345363
vt 0.118437 0.379279
vt 0.119080 0.382249
vt 0.112535 0.382624
vt 0.698345 0.170479
vt 0.697022 0.163469
vt 0.700752 0.163569
vt 0.116611 0.392013
vt 0.109237 0.391836
vt 0.113080 0.391957
vt 0.111522 0.395472
vt 0.611232 0.366609
vt 0.606953 0.361739
vt 0.614480 0.361290
vt 0.266650 0.518247
vt 0.267437 0.527605
vt 0.264790 0.520458
vt 0.541904 0.108629
vt 0.539250 0.106644
vt 0.542019 0.104611
vt 0.244036 0.153011
vt 0.240968 0.149367
vt 0.244573 0.149925
vt 0.266088 0.158398
vt 0.266255 0.152665
vt 0.270831 0.157844
vt 0.264823 0.532828
vt 0.007465 0.017049
vt 0.012518 0.023155
vt 0.009366 0.028908
vt 0.723023 0.011911
vt 0.727696 0.004968
vt 0.727528 0.010958
vt 0.425280 0.294620
vt 0.420885 0.292602
vt 0.424684 0.289495
vt 0.427994 0.287869
vt 0.428335 0.293802
vt 0.431058 0.290720
vt 0.239273 0.153996
vt 0.236287 0.151708
vt 0.606095 0.352226
vt 0.615032 0.352996
vt 0.607493 0.356750
vt 0.319936 0.823175
vt 0.315019 0.822093
vt 0.317067 0.819313
vt 0.807152 0.846838
vt 0.803928 0.843743
vt 0.805354 0.840585
vt 0.267087 0.538324
vt 0.265755 0.544481
vt 0.723410 0.024226
vt 0.722940 0.017999
vt 0.727551 0.018690
vt 0.570908 0.463642
vt 0.575037 0.470951
vt 0.570455 0.473490
vt 0.014129 0.012286
vt 0.018811 0.012056
vt 0.016817 0.016730
vt 0.126042 0.347049
vt 0.126512 0.342361
vt 0.228425 0.149964
vt 0.230168 0.144867
vt 0.232066 0.146680
vt 0.117134 0.367658
vt 0.113511 0.369568
vt 0.114114 0.364387
vt 0.260149 0.545042
vt 0.255664 0.543774
vt 0.259422 0.535284
vt 0.421978 0.323966
vt 0.423793 0.316273
vt 0.427523 0.320613
vt 0.103064 0.973831
vt 0.106971 0.973831
vt 0.105044 0.979661
vt 0.914867 0.342074
vt 0.915307 0.337988
vt 0.919445 0.337763
vt 0.218965 0.971154
vt 0.218957 0.965428
vt 0.222373 0.966489
vt 0.121529 0.351992
vt 0.121337 0.355543
vt 0.114851 0.354925
vt 0.288332 0.144189
vt 0.285278 0.151901
vt 0.284559 0.144023
vt 0.195088 0.526544
vt 0.194783 0.518285
vt 0.198797 0.514690
vt 0.409990 0.370845
vt 0.413343 0.369023
vt 0.414126 0.372365
vt 0.426929 0.323726
vt 0.426327 0.327325
vt 0.425920 0.313426
vt 0.430766 0.306376
vt 0.432509 0.316557
vt 0.103190 0.390175
vt 0.097398 0.391576
vt 0.097466 0.387528
vt 0.603063 0.339122
vt 0.600638 0.334235
vt 0.605921 0.336557
vt 0.259513 0.551581
vt 0.254932 0.555093
vt 0.549364 0.136872
vt 0.550129 0.143688
vt 0.544992 0.141903
vt 0.409333 0.383853
vt 0.411109 0.390336
vt 0.408489 0.392672
vt 0.918114 0.556352
vt 0.913694 0.556324
vt 0.912877 0.552674
vt 0.128183 0.338837
vt 0.122197 0.340316
vt 0.122287 0.336146
vt 0.285586 0.733230
vt 0.280579 0.728446
vt 0.285291 0.730090
vt 0.259296 0.144832
vt 0.253648 0.138976
vt 0.259524 0.141444
vt 0.023755 0.057042
vt 0.227344 0.544128
vt 0.221450 0.544607
vt 0.224372 0.540804
vt 0.260159 0.558810
vt 0.414084 0.383562
vt 0.410857 0.383555
vt 0.415249 0.378964
vt 0.125906 0.973831
vt 0.128917 0.974043
vt 0.128917 0.979700
vt 0.111157 0.371145
vt 0.104363 0.368530
vt 0.108230 0.365790
vt 0.234775 0.135739
vt 0.237885 0.133722
vt 0.239914 0.140294
vt 0.242859 0.135836
vt 0.550385 0.179637
vt 0.545136 0.174314
vt 0.548912 0.171469
vt 0.552658 0.176803
vt 0.254443 0.562979
vt 0.259015 0.568067
vt 0.253713 0.568976
vt 0.398684 0.562101
vt 0.393092 0.558480
vt 0.397830 0.554885
vt 0.297971 0.751610
vt 0.290843 0.750220
vt 0.295626 0.747106
vt 0.724640 0.081180
vt 0.725441 0.071683
vt 0.727394 0.083737
vt 0.193091 0.536968
vt 0.188032 0.537429
vt 0.190238 0.533936
vt 0.423337 0.382656
vt 0.417212 0.372491
vt 0.424356 0.371560
vt 0.018010 0.921975
vt 0.021511 0.925587
vt 0.018010 0.927133
vt 0.267927 0.131085
vt 0.269615 0.138818
vt 0.263395 0.131342
vt 0.622495 0.349015
vt 0.626246 0.342899
vt 0.627741 0.350835
vt 0.405006 0.522267
vt 0.401969 0.525824
vt 0.400385 0.520427
vt 0.192618 0.548304
vt 0.190441 0.544128
vt 0.116810 0.342093
vt 0.115915 0.345907
vt 0.108730 0.343243
vt 0.279765 0.127091
vt 0.278304 0.132146
vt 0.275661 0.126190
vt 0.597038 0.319731
vt 0.604394 0.320947
vt 0.596409 0.322305
vt 0.649855 0.897467
vt 0.650768 0.903268
vt 0.641728 0.900044
vt 0.192580 0.560939
vt 0.187604 0.558358
vt 0.195017 0.556656
vt 0.582430 0.523777
vt 0.579467 0.516316
vt 0.583997 0.519481
vt 0.707876 0.241096
vt 0.704708 0.238781
vt 0.708640 0.230847
vt 0.120490 0.321149
vt 0.126378 0.323750
vt 0.122085 0.326925
vt 0.608169 0.546535
vt 0.606162 0.553623
vt 0.604493 0.545128
vt 0.190416 0.563467
vt 0.332271 0.869790
vt 0.332994 0.875465
vt 0.329744 0.873321
vt 0.851337 0.813755
vt 0.846303 0.811728
vt 0.850264 0.807808
vt 0.245167 0.132350
vt 0.250798 0.125812
vt 0.250214 0.129257
vt 0.282967 0.123915
vt 0.277163 0.124101
vt 0.278278 0.119015
vt 0.937524 0.700935
vt 0.943341 0.707150
vt 0.935047 0.707150
vt 0.415062 0.446548
vt 0.414563 0.451065
vt 0.411765 0.438767
vt 0.417284 0.436492
vt 0.420197 0.444339
vt 0.446668 0.328089
vt 0.444816 0.333678
vt 0.444308 0.327328
vt 0.115303 0.330083
vt 0.112605 0.329105
vt 0.115074 0.325843
vt 0.899312 0.438069
vt 0.894150 0.436502
vt 0.898754 0.434116
vt 0.253294 0.128202
vt 0.257552 0.122556
vt 0.259535 0.124155
vt 0.285778 0.121021
vt 0.290912 0.125022
vt 0.287277 0.127016
vt 0.977650 0.981852
vt 0.977266 0.986298
vt 0.973285 0.981852
vt 0.186536 0.575986
vt 0.194195 0.578868
vt 0.189750 0.582382
vt 0.588452 0.543102
vt 0.583652 0.539444
vt 0.588213 0.536579
vt 0.400848 0.595575
vt 0.405487 0.596051
vt 0.405780 0.602310
vt 0.225213 0.585484
vt 0.222407 0.581005
vt 0.223913 0.579300
vt 0.448883 0.362827
vt 0.445835 0.358625
vt 0.450093 0.358979
vt 0.104921 0.950674
vt 0.103245 0.947563
vt 0.107715 0.945953
vt 0.455556 0.310238
vt 0.448702 0.314493
vt 0.449215 0.309687
vt 0.384918 0.495203
vt 0.390435 0.494799
vt 0.386326 0.501436
vt 0.426127 0.424812
vt 0.430198 0.427705
vt 0.427527 0.434414
vt 0.443903 0.389654
vt 0.440983 0.382038
vt 0.444963 0.379618
vt 0.718620 0.823830
vt 0.716025 0.818415
vt 0.719854 0.820645
vt 0.453018 0.321673
vt 0.457182 0.321434
vt 0.453363 0.324429
vt 0.452720 0.318375
vt 0.258132 0.116298
vt 0.262249 0.119438
vt 0.715144 0.235617
vt 0.712298 0.233349
vt 0.718251 0.231256
vt 0.177701 0.556075
vt 0.175253 0.551608
vt 0.179842 0.547758
vt 0.391478 0.611811
vt 0.396811 0.616210
vt 0.392220 0.615384
vt 0.544633 0.204730
vt 0.543088 0.208112
vt 0.540133 0.205213
vt 0.953895 0.230233
vt 0.950927 0.230646
vt 0.946061 0.230233
vt 0.718996 0.814697
vt 0.893040 0.205202
vt 0.898853 0.207273
vt 0.898212 0.209591
vt 0.249995 0.118142
vt 0.252200 0.114144
vt 0.253268 0.118428
vt 0.655066 0.851999
vt 0.657000 0.856653
vt 0.652190 0.856377
vt 0.436771 0.418724
vt 0.430719 0.406934
vt 0.437595 0.406296
vt 0.798775 0.490538
vt 0.799203 0.494954
vt 0.795746 0.491535
vt 0.452925 0.371959
vt 0.450637 0.365884
vt 0.454884 0.366655
vt 0.244037 0.642757
vt 0.245166 0.651129
vt 0.243405 0.648357
vt 0.115273 0.313040
vt 0.111193 0.314693
vt 0.115422 0.307534
vt 0.812471 0.088619
vt 0.811179 0.081539
vt 0.817481 0.083947
vt 0.839937 0.825227
vt 0.848073 0.824315
vt 0.846518 0.828365
vt 0.426666 0.938433
vt 0.428331 0.934319
vt 0.428331 0.943671
vt 0.285950 0.109074
vt 0.285366 0.114293
vt 0.279702 0.107883
vt 0.457624 0.195945
vt 0.464436 0.195016
vt 0.464397 0.202387
vt 0.906639 0.156676
vt 0.906639 0.149011
vt 0.910404 0.153346
vt 0.935047 0.734876
vt 0.938153 0.734568
vt 0.943612 0.734876
vt 0.430034 0.476477
vt 0.421112 0.478206
vt 0.426399 0.467187
vt 0.431761 0.440409
vt 0.432093 0.448401
vt 0.429426 0.441295
vt 0.586333 0.559375
vt 0.587705 0.567128
vt 0.582498 0.562038
vt 0.582395 0.556820
vt 0.399744 0.626153
vt 0.399289 0.634402
vt 0.394635 0.632394
vt 0.451589 0.387846
vt 0.452565 0.382722
vt 0.456491 0.388003
vt 0.458427 0.378048
vt 0.458162 0.371082
vt 0.459357 0.352572
vt 0.459321 0.347954
vt 0.462762 0.348898
vt 0.809484 0.095875
vt 0.817622 0.092336
vt 0.293648 0.108234
vt 0.288793 0.103662
vt 0.431239 0.434972
vt 0.433681 0.428621
vt 0.435016 0.436590
vt 0.501710 0.965429
vt 0.497451 0.971394
vt 0.497454 0.968032
vt 0.723869 0.815852
vt 0.723670 0.808615
vt 0.462415 0.334965
vt 0.461830 0.331565
vt 0.467143 0.332268
vt 0.955926 0.858546
vt 0.962959 0.858546
vt 0.960672 0.861104
vt 0.839333 0.404108
vt 0.845965 0.405709
vt 0.840430 0.408843
vt 0.406633 0.879973
vt 0.413573 0.869790
vt 0.412615 0.877330
vt 0.440653 0.419760
vt 0.440687 0.414109
vt 0.443328 0.426772
vt 0.579363 0.566060
vt 0.580675 0.568282
vt 0.578392 0.574431
vt 0.459984 0.410675
vt 0.456380 0.413216
vt 0.453632 0.407462
vt 0.831608 0.617539
vt 0.834412 0.613858
vt 0.837356 0.617444
vt 0.387268 0.486624
vt 0.380219 0.479249
vt 0.389488 0.481138
vt 0.061628 0.883431
vt 0.064493 0.878097
vt 0.065397 0.884445
vt 0.965390 0.840902
vt 0.968570 0.838561
vt 0.971726 0.838723
vt 0.532926 0.230346
vt 0.534016 0.224942
vt 0.537841 0.232177
vt 0.457722 0.406227
vt 0.455829 0.404272
vt 0.461338 0.402113
vt 0.613198 0.521188
vt 0.612130 0.525450
vt 0.608447 0.518695
vt 0.621576 0.526857
vt 0.626193 0.530901
vt 0.619958 0.532240
vt 0.845616 0.475662
vt 0.847089 0.470446
vt 0.851554 0.474591
vt 0.322784 0.849721
vt 0.326148 0.853388
vt 0.319231 0.853687
vt 0.466022 0.175602
vt 0.466795 0.184882
vt 0.460690 0.179405
vt 0.439584 0.464411
vt 0.432678 0.455433
vt 0.436863 0.452863
vt 0.537803 0.244711
vt 0.542907 0.241773
vt 0.542917 0.245774
vt 0.469873 0.351717
vt 0.468354 0.340892
vt 0.473930 0.348121
vt 0.475165 0.329690
vt 0.473074 0.332612
vt 0.469453 0.323418
vt 0.804725 0.110351
vt 0.802226 0.116365
vt 0.800351 0.110675
vt 0.606913 0.288456
vt 0.609448 0.284427
vt 0.613336 0.289141
vt 0.466528 0.361426
vt 0.470395 0.358013
vt 0.471809 0.368638
vt 0.827115 0.403747
vt 0.833095 0.406914
vt 0.828235 0.409405
vt 0.365959 0.814332
vt 0.361512 0.809814
vt 0.364638 0.808356
vt 0.116497 0.802101
vt 0.121595 0.805472
vt 0.119451 0.812594
vt 0.641717 0.634207
vt 0.641859 0.638739
vt 0.637744 0.635889
vt 0.599492 0.496998
vt 0.599698 0.503714
vt 0.596010 0.500106
vt 0.252573 0.624831
vt 0.249814 0.617977
vt 0.254304 0.617605
vt 0.711923 0.208588
vt 0.718058 0.209437
vt 0.713675 0.213964
vt 0.542402 0.255542
vt 0.540403 0.261974
vt 0.536424 0.250904
vt 0.469813 0.431508
vt 0.465086 0.426851
vt 0.468388 0.426642
vt 0.090036 0.824628
vt 0.086276 0.828132
vt 0.086729 0.825240
vt 0.478293 0.333171
vt 0.482528 0.331335
vt 0.482354 0.336576
vt 0.479272 0.326645
vt 0.238340 0.629005
vt 0.242824 0.625775
vt 0.243405 0.632554
vt 0.238084 0.635973
vt 0.234082 0.639244
vt 0.231910 0.634780
vt 0.955926 0.256558
vt 0.963086 0.256558
vt 0.960151 0.260992
vt 0.516628 0.800652
vt 0.523029 0.802737
vt 0.517817 0.807998
vt 0.464040 0.165329
vt 0.459199 0.160195
vt 0.465591 0.159905
vt 0.458076 0.169499
vt 0.606854 0.791736
vt 0.608901 0.795577
vt 0.605459 0.799385
vt 0.942219 0.160751
vt 0.936308 0.166838
vt 0.935047 0.160751
vt 0.932331 0.625529
vt 0.926810 0.626768
vt 0.929666 0.623820
vt 0.844866 0.627425
vt 0.839401 0.635149
vt 0.840673 0.625139
vt 0.950743 0.870545
vt 0.946061 0.871174
vt 0.948765 0.867622
vt 0.836872 0.470186
vt 0.838866 0.479152
vt 0.833866 0.475470
vt 0.831254 0.478558
vt 0.635731 0.528885
vt 0.632580 0.523628
vt 0.637712 0.521106
vt 0.620512 0.289840
vt 0.625708 0.288284
vt 0.622883 0.292877
vt 0.726129 0.227907
vt 0.728748 0.224720
vt 0.730092 0.228288
vt 0.463102 0.154970
vt 0.416159 0.631895
vt 0.414213 0.635173
vt 0.414521 0.626141
vt 0.681154 0.120496
vt 0.677649 0.123844
vt 0.679170 0.111749
vt 0.592257 0.483879
vt 0.595512 0.480008
vt 0.594988 0.492951
vt 0.612868 0.496362
vt 0.610378 0.501543
vt 0.606292 0.498447
vt 0.257132 0.602898
vt 0.254799 0.609591
vt 0.250713 0.613131
vt 0.645178 0.921975
vt 0.645178 0.931390
vt 0.640192 0.925259
vt 0.634915 0.519538
vt 0.713634 0.202980
vt 0.715703 0.198248
vt 0.717865 0.205392
vt 0.333989 0.705910
vt 0.328935 0.708269
vt 0.327070 0.704299
vt 0.682630 0.299274
vt 0.680468 0.304976
vt 0.677777 0.300705
vt 0.604668 0.487489
vt 0.296752 0.087851
vt 0.289817 0.083410
vt 0.296184 0.082082
vt 0.241224 0.937713
vt 0.243245 0.934319
vt 0.244696 0.939136
vt 0.360898 0.792853
vt 0.363371 0.793342
vt 0.363940 0.801599
vt 0.868415 0.054457
vt 0.873537 0.059393
vt 0.869793 0.057332
vt 0.331356 0.713238
vt 0.324378 0.713756
vt 0.420225 0.641099
vt 0.419820 0.636333
vt 0.664301 0.296295
vt 0.666883 0.295296
vt 0.669092 0.299887
vt 0.126552 0.781159
vt 0.127133 0.788320
vt 0.121816 0.789879
vt 0.235871 0.620261
vt 0.237858 0.625972
vt 0.234720 0.626524
vt 0.518468 0.887350
vt 0.513058 0.883832
vt 0.516072 0.881921
vt 0.630901 0.945953
vt 0.630901 0.953915
vt 0.628384 0.951319
vt 0.525306 0.789952
vt 0.521426 0.785839
vt 0.525198 0.785462
vt 0.717190 0.194234
vt 0.712306 0.195840
vt 0.714066 0.190547
vt 0.424634 0.645575
vt 0.425392 0.638894
vt 0.846210 0.570105
vt 0.851527 0.573982
vt 0.843522 0.572679
vt 0.276634 0.818408
vt 0.277389 0.827228
vt 0.273690 0.824614
vt 0.369015 0.445283
vt 0.377576 0.445928
vt 0.375657 0.449126
vt 0.484974 0.381611
vt 0.481379 0.389415
vt 0.478800 0.382517
vt 0.901555 0.907704
vt 0.901555 0.915518
vt 0.898717 0.912460
vt 0.505245 0.345973
vt 0.506595 0.342264
vt 0.507871 0.344174
vt 0.056066 0.362978
vt 0.061724 0.363203
vt 0.063714 0.365524
vt 0.428202 0.644559
vt 0.428670 0.635259
vt 0.430343 0.642281
vt 0.488361 0.389933
vt 0.490515 0.396818
vt 0.481949 0.399948
vt 0.614386 0.472548
vt 0.621929 0.476830
vt 0.614715 0.476747
vt 0.496665 0.372213
vt 0.502901 0.374750
vt 0.500233 0.382879
vt 0.631804 0.497114
vt 0.636806 0.502490
vt 0.632364 0.506638
vt 0.060922 0.354165
vt 0.061139 0.359444
vt 0.055155 0.352582
vt 0.055764 0.369104
vt 0.053923 0.372335
vt 0.051155 0.367476
vt 0.992830 0.771885
vt 0.989181 0.771885
vt 0.991415 0.768896
vt 0.288881 0.064258
vt 0.291130 0.069161
vt 0.285574 0.070537
vt 0.459959 0.138732
vt 0.462683 0.135889
vt 0.464515 0.142585
vt 0.387297 0.896948
vt 0.379438 0.896149
vt 0.383149 0.893854
vt 0.668681 0.133419
vt 0.663354 0.132203
vt 0.668453 0.124394
vt 0.488936 0.378117
vt 0.493905 0.379196
vt 0.497298 0.390355
vt 0.488700 0.384906
vt 0.738994 0.731733
vt 0.733288 0.734704
vt 0.733805 0.728558
vt 0.070752 0.348028
vt 0.062213 0.341398
vt 0.064801 0.339428
vt 0.382145 0.449538
vt 0.377446 0.441459
vt 0.382871 0.444995
vt 0.326075 0.729523
vt 0.320832 0.726273
vt 0.324499 0.723912
vt 0.457100 0.120042
vt 0.453873 0.119598
vt 0.459257 0.118334
vt 0.603194 0.921975
vt 0.603194 0.931600
vt 0.602044 0.927629
vt 0.059897 0.337191
vt 0.506669 0.801203
vt 0.508653 0.807479
vt 0.501564 0.804922
vt 0.717770 0.186229
vt 0.721118 0.184501
vt 0.721834 0.187288
vt 0.512640 0.373822
vt 0.509083 0.374389
vt 0.506734 0.368429
vt 0.835232 0.303602
vt 0.844083 0.302002
vt 0.835714 0.307725
vt 0.511453 0.363099
vt 0.507744 0.351857
vt 0.513192 0.356942
vt 0.052306 0.349732
vt 0.057838 0.348462
vt 0.500916 0.398894
vt 0.497092 0.404399
vt 0.496046 0.400054
vt 0.495870 0.799957
vt 0.500846 0.797903
vt 0.902853 0.192259
vt 0.899706 0.188885
vt 0.903757 0.186440
vt 0.668881 0.144382
vt 0.662444 0.149224
vt 0.662207 0.143555
vt 0.453838 0.634523
vt 0.447878 0.633281
vt 0.451004 0.629151
vt 0.783408 0.349599
vt 0.779587 0.346748
vt 0.788968 0.345374
vt 0.053490 0.344693
vt 0.047336 0.360251
vt 0.041439 0.357753
vt 0.044471 0.356148
vt 0.039853 0.361166
vt 0.287589 0.053567
vt 0.291928 0.054171
vt 0.289850 0.058163
vt 0.422774 0.931873
vt 0.420199 0.929334
vt 0.422774 0.921975
vt 0.517145 0.366244
vt 0.515651 0.360908
vt 0.521745 0.363418
vt 0.188128 0.226627
vt 0.183920 0.225286
vt 0.185166 0.221784
vt 0.388770 0.438852
vt 0.392676 0.442342
vt 0.385135 0.441575
vt 0.452750 0.643886
vt 0.450335 0.640546
vt 0.453224 0.639252
vt 0.445560 0.827798
vt 0.446840 0.823340
vt 0.448465 0.825122
vt 0.736082 0.704040
vt 0.740922 0.703453
vt 0.736146 0.709556
vt 0.060180 0.324601
vt 0.064616 0.326808
vt 0.059080 0.330056
vt 0.190534 0.221445
vt 0.191621 0.218897
vt 0.195726 0.219273
vt 0.295894 0.046086
vt 0.296075 0.050201
vt 0.293194 0.050900
vt 0.536391 0.813970
vt 0.538720 0.819912
vt 0.531220 0.815958
vt 0.647526 0.132652
vt 0.643584 0.137980
vt 0.643965 0.130980
vt 0.927656 0.015395
vt 0.930183 0.020231
vt 0.925479 0.017353
vt 0.949248 0.526238
vt 0.946061 0.524942
vt 0.953676 0.524942
vt 0.736028 0.696538
vt 0.738189 0.691773
vt 0.742267 0.696427
vt 0.378279 0.821115
vt 0.380378 0.817876
vt 0.382702 0.819466
vt 0.379826 0.813783
vt 0.376457 0.814809
vt 0.963198 0.263567
vt 0.963198 0.266293
vt 0.955926 0.266140
vt 0.767583 0.319430
vt 0.770956 0.321149
vt 0.766386 0.323802
vt 0.034946 0.333843
vt 0.043085 0.337248
vt 0.039004 0.337698
vt 0.467744 0.113499
vt 0.462521 0.109429
vt 0.465533 0.106843
vt 0.730873 0.177277
vt 0.729839 0.182017
vt 0.724298 0.178398
vt 0.914594 0.063519
vt 0.908233 0.067945
vt 0.910768 0.064414
vt 0.200411 0.195505
vt 0.204575 0.191155
vt 0.201383 0.198348
vt 0.377216 0.781459
vt 0.375250 0.786893
vt 0.369742 0.786424
vt 0.476419 0.939213
vt 0.481892 0.934319
vt 0.481892 0.941102
vt 0.474608 0.633134
vt 0.465907 0.634418
vt 0.469954 0.628719
vt 0.770910 0.313605
vt 0.767232 0.314492
vt 0.768795 0.310307
vt 0.735873 0.678873
vt 0.740709 0.685371
vt 0.735744 0.683817
vt 0.054415 0.308890
vt 0.059681 0.310303
vt 0.054417 0.314407
vt 0.183665 0.176602
vt 0.188668 0.181693
vt 0.182727 0.183282
vt 0.380610 0.789814
vt 0.374441 0.789160
vt 0.717311 0.152915
vt 0.717118 0.160425
vt 0.712926 0.154649
vt 0.448929 0.876969
vt 0.452690 0.875111
vt 0.452127 0.879968
vt 0.435691 0.846187
vt 0.438280 0.848446
vt 0.433293 0.851178
vt 0.461858 0.089294
vt 0.458093 0.090011
vt 0.461594 0.084127
vt 0.901642 0.930289
vt 0.900709 0.926711
vt 0.906914 0.927863
vt 0.198284 0.181264
vt 0.199589 0.185145
vt 0.194378 0.184281
vt 0.719594 0.154446
vt 0.721916 0.158908
vt 0.482674 0.622735
vt 0.477788 0.619431
vt 0.483768 0.620279
vt 0.195201 0.173819
vt 0.191108 0.177822
vt 0.189128 0.173525
vt 0.075540 0.274716
vt 0.076429 0.270514
vt 0.080863 0.269576
vt 0.064234 0.296076
vt 0.060345 0.296809
vt 0.062001 0.288514
vt 0.045146 0.314156
vt 0.041522 0.309389
vt 0.044636 0.308743
vt 0.189087 0.169121
vt 0.188395 0.162015
vt 0.192329 0.168254
vt 0.374637 0.409496
vt 0.370686 0.401913
vt 0.376301 0.404505
vt 0.566909 0.257353
vt 0.567850 0.263374
vt 0.563025 0.260897
vt 0.738200 0.674605
vt 0.735124 0.672531
vt 0.738630 0.670260
vt 0.056695 0.291689
vt 0.207441 0.918503
vt 0.201071 0.916283
vt 0.206581 0.915454
vt 0.193268 0.164847
vt 0.193501 0.158606
vt 0.887969 0.767467
vt 0.892709 0.767708
vt 0.891972 0.770740
vt 0.836194 0.154359
vt 0.832920 0.151879
vt 0.837380 0.150721
vt 0.287956 0.028538
vt 0.288922 0.021332
vt 0.292500 0.020193
vt 0.840818 0.244009
vt 0.849102 0.246673
vt 0.841622 0.246809
vt 0.984616 0.908676
vt 0.986630 0.912903
vt 0.981788 0.912903
vt 0.417878 0.869791
vt 0.421895 0.875480
vt 0.415573 0.876050
vt 0.187900 0.147193
vt 0.186980 0.141641
vt 0.191937 0.145846
vt 0.072154 0.262122
vt 0.067130 0.262989
vt 0.067764 0.257855
vt 0.048440 0.284605
vt 0.044294 0.289585
vt 0.043356 0.284597
vt 0.193129 0.140178
vt 0.189629 0.136960
vt 0.185617 0.135540
vt 0.760772 0.303457
vt 0.752816 0.300356
vt 0.757283 0.296229
vt 0.076331 0.252374
vt 0.074273 0.254914
vt 0.070046 0.250192
vt 0.909552 0.387360
vt 0.916237 0.387360
vt 0.910602 0.393440
vt 0.374485 0.389735
vt 0.375217 0.399297
vt 0.370318 0.398240
vt 0.384836 0.402973
vt 0.387156 0.400455
vt 0.388385 0.404946
vt 0.457333 0.060418
vt 0.460156 0.060134
vt 0.460030 0.064668
vt 0.195310 0.136150
vt 0.059759 0.257944
vt 0.064262 0.260340
vt 0.062576 0.263401
vt 0.381259 0.399515
vt 0.379870 0.393743
vt 0.384582 0.397445
vt 0.248918 0.850662
vt 0.247996 0.845564
vt 0.253678 0.848310
vt 0.762122 0.288216
vt 0.758443 0.290750
vt 0.758487 0.285197
vt 0.201607 0.123304
vt 0.202166 0.127413
vt 0.197197 0.124749
vt 0.067614 0.239641
vt 0.070561 0.244282
vt 0.065488 0.246546
vt 0.051273 0.268778
vt 0.046863 0.268723
vt 0.049196 0.263364
vt 0.454203 0.045886
vt 0.460092 0.041441
vt 0.458608 0.047835
vt 0.763141 0.272325
vt 0.762925 0.282742
vt 0.753729 0.283014
vt 0.074170 0.234300
vt 0.072885 0.239657
vt 0.070387 0.233593
vt 0.376395 0.380466
vt 0.367058 0.382265
vt 0.373250 0.378494
vt 0.190883 0.110127
vt 0.190463 0.115784
vt 0.185496 0.110839
vt 0.184903 0.114933
vt 0.946061 0.012076
vt 0.951381 0.012076
vt 0.947895 0.015205
vt 0.192832 0.963199
vt 0.192832 0.956324
vt 0.196497 0.960376
vt 0.070284 0.228168
vt 0.074693 0.230512
vt 0.381697 0.384295
vt 0.382784 0.389766
vt 0.379314 0.388466
vt 0.566341 0.238147
vt 0.563347 0.236368
vt 0.565376 0.231924
vt 0.454468 0.023479
vt 0.456703 0.032115
vt 0.450101 0.030439
vt 0.913995 0.684391
vt 0.919117 0.685993
vt 0.913695 0.685979
vt 0.070848 0.223589
vt 0.074042 0.224640
vt 0.536179 0.462698
vt 0.540488 0.459493
vt 0.540803 0.462158
vt 0.745892 0.614775
vt 0.749208 0.617986
vt 0.741589 0.618967
vt 0.057659 0.242550
vt 0.055039 0.245539
vt 0.053602 0.237610
vt 0.539980 0.466201
vt 0.543605 0.467275
vt 0.539309 0.470851
vt 0.938504 0.731933
vt 0.935047 0.732568
vt 0.935047 0.727085
vt 0.078358 0.214684
vt 0.072030 0.220012
vt 0.072835 0.214749
vt 0.359342 0.368383
vt 0.364799 0.366483
vt 0.364467 0.369848
vt 0.381733 0.379065
vt 0.382787 0.372534
vt 0.658493 0.326376
vt 0.660362 0.333466
vt 0.653835 0.327790
vt 0.078185 0.201076
vt 0.079202 0.197196
vt 0.085905 0.200141
vt 0.078702 0.205023
vt 0.071674 0.206719
vt 0.072163 0.203339
vt 0.062796 0.224093
vt 0.055699 0.225154
vt 0.060654 0.222231
vt 0.043531 0.236521
vt 0.043577 0.231009
vt 0.047979 0.237301
vt 0.911661 0.163890
vt 0.910864 0.159090
vt 0.915533 0.164912
vt 0.067019 0.220115
vt 0.061496 0.219209
vt 0.066403 0.216174
vt 0.046471 0.226522
vt 0.048167 0.230407
vt 0.369339 0.361860
vt 0.367919 0.369274
vt 0.542973 0.483610
vt 0.539436 0.485260
vt 0.539664 0.480253
vt 0.762880 0.572857
vt 0.766078 0.579640
vt 0.761742 0.579317
vt 0.450571 0.001000
vt 0.455675 0.006951
vt 0.451911 0.011313
vt 0.114975 0.134153
vt 0.114190 0.140207
vt 0.109153 0.140319
vt 0.061586 0.209527
vt 0.057844 0.213852
vt 0.057592 0.208254
vt 0.182430 0.068566
vt 0.183537 0.074199
vt 0.180797 0.073666
vt 0.842036 0.766137
vt 0.842400 0.761260
vt 0.847779 0.760779
vt 0.103887 0.140865
vt 0.107668 0.137617
vt 0.082925 0.182952
vt 0.079251 0.186953
vt 0.079615 0.178744
vt 0.615387 0.968527
vt 0.611023 0.971407
vt 0.611023 0.965429
vt 0.363653 0.360260
vt 0.366320 0.353686
vt 0.042899 0.215533
vt 0.048787 0.214171
vt 0.044876 0.217866
vt 0.102492 0.147969
vt 0.100012 0.143189
vt 0.104883 0.144524
vt 0.529010 0.474524
vt 0.531541 0.476996
vt 0.526092 0.478072
vt 0.054479 0.210335
vt 0.058349 0.205693
vt 0.971615 0.867751
vt 0.968432 0.864108
vt 0.971615 0.863349
vt 0.574177 0.220393
vt 0.570038 0.223917
vt 0.570746 0.216083
vt 0.096940 0.146068
vt 0.092373 0.146507
vt 0.093820 0.142669
vt 0.040460 0.042325
vt 0.045513 0.046742
vt 0.042368 0.051665
vt 0.471680 0.971465
vt 0.467583 0.966210
vt 0.471680 0.965429
vt 0.536421 0.504900
vt 0.541796 0.501196
vt 0.539783 0.508827
vt 0.107073 0.130858
vt 0.107867 0.127833
vt 0.110791 0.126343
vt 0.528018 0.489266
vt 0.525052 0.489055
vt 0.525838 0.483867
vt 0.086820 0.147208
vt 0.090294 0.151613
vt 0.086664 0.152618
vt 0.365573 0.350167
vt 0.370276 0.349847
vt 0.370540 0.353243
vt 0.126584 0.111351
vt 0.123546 0.119212
vt 0.118569 0.117106
vt 0.071361 0.166312
vt 0.074802 0.171318
vt 0.070529 0.169888
vt 0.146274 0.939736
vt 0.141883 0.934319
vt 0.146274 0.934342
vt 0.367928 0.346556
vt 0.098979 0.127471
vt 0.099566 0.131755
vt 0.096315 0.132718
vt 0.065792 0.173569
vt 0.065492 0.178202
vt 0.059282 0.177227
vt 0.054080 0.185131
vt 0.051622 0.188474
vt 0.050086 0.184774
vt 0.185837 0.043969
vt 0.183080 0.039076
vt 0.185037 0.038506
vt 0.183528 0.046745
vt 0.537087 0.509154
vt 0.540260 0.513763
vt 0.536537 0.517895
vt 0.091748 0.138511
vt 0.089588 0.135658
vt 0.090859 0.133166
vt 0.589656 0.847069
vt 0.583573 0.844438
vt 0.588162 0.843346
vt 0.575504 0.215619
vt 0.575090 0.209680
vt 0.083849 0.136003
vt 0.084936 0.140786
vt 0.079894 0.142628
vt 0.584948 0.840585
vt 0.109652 0.118650
vt 0.108195 0.116551
vt 0.114292 0.107231
vt 0.094853 0.125976
vt 0.094915 0.120303
vt 0.099221 0.122164
vt 0.986955 0.440302
vt 0.981788 0.440302
vt 0.984652 0.438784
vt 0.880013 0.834500
vt 0.877950 0.831005
vt 0.882686 0.829244
vt 0.387542 0.352683
vt 0.393091 0.351403
vt 0.390642 0.357833
vt 0.083304 0.127949
vt 0.085615 0.130135
vt 0.079482 0.129667
vt 0.780628 0.851766
vt 0.784849 0.854688
vt 0.782084 0.857463
vt 0.666324 0.169598
vt 0.660879 0.173260
vt 0.661427 0.168812
vt 0.212706 0.965428
vt 0.212706 0.971681
vt 0.210814 0.967700
vt 0.065963 0.152790
vt 0.061546 0.150358
vt 0.066211 0.149077
vt 0.184823 0.017783
vt 0.188138 0.024329
vt 0.181783 0.019980
vt 0.675747 0.190424
vt 0.673072 0.192949
vt 0.672778 0.189588
vt 0.102507 0.115352
vt 0.101037 0.106874
vt 0.104437 0.110935
vt 0.098940 0.115621
vt 0.097625 0.111590
vt 0.386223 0.347641
vt 0.383086 0.343440
vt 0.388301 0.345243
vt 0.568695 0.194430
vt 0.572818 0.197704
vt 0.569483 0.198485
vt 0.145718 0.075478
vt 0.138830 0.080117
vt 0.142055 0.073431
vt 0.134201 0.086138
vt 0.131370 0.080515
vt 0.528521 0.523202
vt 0.532104 0.528751
vt 0.525797 0.525326
vt 0.115243 0.101856
vt 0.111662 0.103518
vt 0.110691 0.101414
vt 0.848064 0.005217
vt 0.842758 0.008704
vt 0.841890 0.003916
vt 0.848796 0.009892
vt 0.846273 0.012937
vt 0.669028 0.187601
vt 0.669944 0.193135
vt 0.666631 0.191523
vt 0.034174 0.034300
vt 0.028289 0.037594
vt 0.027944 0.031066
vt 0.147151 0.862404
vt 0.143479 0.864258
vt 0.144857 0.861031
vt 0.488640 0.827358
vt 0.484420 0.824279
vt 0.487880 0.819395
vt 0.854789 0.048312
vt 0.852454 0.049770
vt 0.845786 0.047315
vt 0.148472 0.857749
vt 0.848728 0.051810
vt 0.841404 0.051620
vt 0.839372 0.048943
vt 0.912397 0.651402
vt 0.919150 0.650823
vt 0.913578 0.653334
vt 0.059943 0.134354
vt 0.057342 0.135624
vt 0.056110 0.132257
vt 0.857519 0.455785
vt 0.847453 0.454465
vt 0.848765 0.451780
vt 0.386828 0.339787
vt 0.389479 0.334012
vt 0.391972 0.337270
vt 0.147161 0.060848
vt 0.150373 0.057021
vt 0.145608 0.066619
vt 0.811272 0.436618
vt 0.807136 0.438931
vt 0.805722 0.436068
vt 0.045327 0.137756
vt 0.048991 0.141022
vt 0.045805 0.144179
vt 0.483825 0.810944
vt 0.486754 0.807260
vt 0.487264 0.812387
vt 0.816864 0.442072
vt 0.813843 0.446860
vt 0.807892 0.444122
vt 0.153798 0.049084
vt 0.148464 0.053111
vt 0.527097 0.549389
vt 0.528359 0.553619
vt 0.526973 0.558686
vt 0.128881 0.071048
vt 0.130890 0.064525
vt 0.134290 0.068066
vt 0.669133 0.210438
vt 0.663077 0.211625
vt 0.666804 0.207148
vt 0.247624 0.816325
vt 0.242857 0.823626
vt 0.243279 0.817762
vt 0.844845 0.119365
vt 0.844757 0.116174
vt 0.849690 0.118973
vt 0.834214 0.050847
vt 0.831869 0.048210
vt 0.818201 0.445598
vt 0.818291 0.449514
vt 0.875955 0.660782
vt 0.883592 0.658470
vt 0.880580 0.661662
vt 0.403648 0.339903
vt 0.401280 0.337142
vt 0.406426 0.336764
vt 0.698704 0.409636
vt 0.695196 0.413888
vt 0.695960 0.407321
vt 0.673280 0.810257
vt 0.675278 0.815625
vt 0.671385 0.818447
vt 0.876158 0.844271
vt 0.871766 0.840712
vt 0.878633 0.840715
vt 0.681968 0.332071
vt 0.673143 0.327829
vt 0.679552 0.326282
vt 0.014974 0.062873
vt 0.019750 0.066092
vt 0.018773 0.073092
vt 0.940054 0.694166
vt 0.935047 0.694166
vt 0.943534 0.692735
vt 0.938058 0.608084
vt 0.943616 0.608084
vt 0.938744 0.610247
vt 0.937384 0.463704
vt 0.943519 0.463704
vt 0.936981 0.466958
vt 0.125414 0.053431
vt 0.128495 0.058519
vt 0.123655 0.060593
vt 0.799500 0.022611
vt 0.803448 0.024890
vt 0.798716 0.025070
vt 0.998107 0.460910
vt 0.995419 0.458466
vt 0.998406 0.458466
vt 0.159914 0.022842
vt 0.160758 0.028736
vt 0.155580 0.036245
vt 0.662191 0.381694
vt 0.657625 0.379450
vt 0.660980 0.372593
vt 0.148107 0.033088
vt 0.144883 0.043119
vt 0.144232 0.038045
vt 0.793042 0.025600
vt 0.796223 0.021735
vt 0.025624 0.871748
vt 0.027536 0.874732
vt 0.024079 0.871234
vt 0.692143 0.907703
vt 0.692143 0.919257
vt 0.691709 0.912936
vt 0.657158 0.221731
vt 0.662293 0.220968
vt 0.660238 0.224497
vt 0.245444 0.797135
vt 0.248263 0.799563
vt 0.245332 0.801537
vt 0.941102 0.755476
vt 0.935047 0.755476
vt 0.937931 0.751571
vt 0.335762 0.846989
vt 0.339943 0.847707
vt 0.336211 0.858700
vt 0.899861 0.031900
vt 0.901725 0.029061
vt 0.904374 0.032640
vt 0.672555 0.378072
vt 0.673141 0.369224
vt 0.674546 0.377921
vt 0.106080 0.070142
vt 0.101146 0.068761
vt 0.106750 0.063589
vt 0.787899 0.027122
vt 0.791524 0.022167
vt 0.017072 0.055587
vt 0.011212 0.049530
vt 0.014894 0.049432
vt 0.135140 0.824591
vt 0.135368 0.816532
vt 0.137393 0.816381
vt 0.678237 0.377200
vt 0.680246 0.368000
vt 0.681253 0.372994
vt 0.827115 0.329869
vt 0.832246 0.324442
vt 0.837697 0.327618
vt 0.040603 0.099170
vt 0.045273 0.099768
vt 0.044200 0.103950
vt 0.668242 0.261880
vt 0.669908 0.258588
vt 0.669749 0.263570
vt 0.263663 0.877338
vt 0.261216 0.874998
vt 0.263119 0.869791
vt 0.955926 0.287837
vt 0.963181 0.287837
vt 0.961617 0.290752
vt 0.154367 0.018673
vt 0.147797 0.023121
vt 0.149503 0.017976
vt 0.244307 0.782788
vt 0.249084 0.786278
vt 0.245493 0.789088
vt 0.643424 0.217762
vt 0.648506 0.216612
vt 0.647694 0.222949
vt 0.661156 0.252866
vt 0.664934 0.255818
vt 0.661879 0.257023
vt 0.677701 0.777899
vt 0.673677 0.786819
vt 0.671385 0.777415
vt 0.653043 0.229909
vt 0.648084 0.234536
vt 0.646820 0.231360
vt 0.645208 0.358000
vt 0.646406 0.353001
vt 0.650096 0.363177
vt 0.668430 0.357344
vt 0.666770 0.365105
vt 0.663771 0.361158
vt 0.670232 0.363517
vt 0.671156 0.354205
vt 0.674798 0.357010
vt 0.645510 0.225594
vt 0.643257 0.220132
vt 0.028888 0.101490
vt 0.023500 0.097694
vt 0.025019 0.094216
vt 0.513991 0.943461
vt 0.510028 0.939553
vt 0.513991 0.934319
vt 0.031850 0.085501
vt 0.038886 0.085955
vt 0.036506 0.088051
vt 0.064201 0.073470
vt 0.061248 0.071580
vt 0.063384 0.068453
vt 0.047989 0.073412
vt 0.048187 0.068195
vt 0.049583 0.077291
vt 0.053832 0.055893
vt 0.054908 0.066172
vt 0.049537 0.059005
vt 0.011248 0.055667
vt 0.651798 0.340338
vt 0.648591 0.342412
vt 0.650214 0.336727
vt 0.044527 0.064368
vt 0.044396 0.070514
vt 0.672440 0.337684
vt 0.672037 0.344032
vt 0.669392 0.341564
vt 0.885539 0.161680
vt 0.877164 0.163048
vt 0.878823 0.158959
vt 0.028710 0.072642
vt 0.035031 0.072003
vt 0.031861 0.075383
vt 0.986793 0.795587
vt 0.983501 0.797284
vt 0.983356 0.795587
vt 0.689728 0.535397
vt 0.693693 0.536779
vt 0.689114 0.542282
vt 0.678778 0.664818
vt 0.675185 0.662484
vt 0.677898 0.657661
vt 0.675275 0.655562
vt 0.674147 0.648474
vt 0.675637 0.650029
vt 0.685484 0.669880
vt 0.683371 0.660485
vt 0.685709 0.662560
vt 0.932898 0.222041
vt 0.921825 0.222041
vt 0.926426 0.221972
vt 0.696713 0.521605
vt 0.690129 0.521902
vt 0.691960 0.512735
vt 0.696271 0.514223
vt 0.697393 0.508841
vt 0.686238 0.656760
vt 0.684397 0.651039
vt 0.687827 0.650576
vt 0.675292 0.529726
vt 0.681331 0.528632
vt 0.680448 0.534489
vt 0.683620 0.642715
vt 0.686866 0.646243
vt 0.682428 0.645587
vt 0.876020 0.223179
vt 0.870595 0.227887
vt 0.869372 0.223748
vt 0.671994 0.631163
vt 0.671358 0.623520
vt 0.674239 0.624528
vt 0.935047 0.599920
vt 0.939157 0.599560
vt 0.939533 0.601112
vt 0.863575 0.621528
vt 0.863576 0.615964
vt 0.867730 0.619210
vt 0.694766 0.492823
vt 0.689711 0.490105
vt 0.693290 0.485598
vt 0.669827 0.609297
vt 0.672778 0.604312
vt 0.671679 0.610615
vt 0.684435 0.621344
vt 0.681984 0.623745
vt 0.682794 0.616024
vt 0.020899 0.786649
vt 0.018575 0.791593
vt 0.015097 0.786722
vt 0.665157 0.510703
vt 0.670779 0.516457
vt 0.666292 0.521279
vt 0.693127 0.628963
vt 0.690330 0.623915
vt 0.692648 0.620649
vt 0.694198 0.465325
vt 0.695741 0.472539
vt 0.692945 0.468977
vt 0.689346 0.614255
vt 0.661332 0.513464
vt 0.653554 0.515104
vt 0.658409 0.509509
vt 0.679077 0.481438
vt 0.682516 0.472450
vt 0.683490 0.483136
vt 0.688774 0.461005
vt 0.691781 0.614208
vt 0.689224 0.606683
vt 0.693837 0.458820
vt 0.681156 0.598399
vt 0.684040 0.597757
vt 0.681417 0.605054
vt 0.849250 0.221447
vt 0.853067 0.221574
vt 0.848081 0.223877
vt 0.943334 0.815689
vt 0.940531 0.820388
vt 0.935047 0.815689
vt 0.589412 0.797050
vt 0.588944 0.801956
vt 0.586945 0.792304
vt 0.235622 0.820842
vt 0.239576 0.829613
vt 0.233853 0.830090
vt 0.874071 0.211712
vt 0.873918 0.214882
vt 0.869140 0.212445
vt 0.440280 0.860213
vt 0.442445 0.854950
vt 0.446043 0.855854
vt 0.239050 0.821395
vt 0.679710 0.471198
vt 0.678800 0.461839
vt 0.540362 0.628098
vt 0.538803 0.634532
vt 0.535312 0.630021
vt 0.582572 0.784788
vt 0.582236 0.780606
vt 0.586439 0.781663
vt 0.503527 0.582121
vt 0.503509 0.587974
vt 0.499519 0.579572
vt 0.532227 0.612049
vt 0.533524 0.619516
vt 0.529003 0.616714
vt 0.787222 0.275739
vt 0.789556 0.270268
vt 0.791965 0.275977
vt 0.728868 0.314188
vt 0.726765 0.318410
vt 0.724406 0.315182
vt 0.706043 0.785002
vt 0.705681 0.778684
vt 0.712132 0.777900
vt 0.967106 0.239338
vt 0.965390 0.241660
vt 0.966830 0.237147
vt 0.648439 0.812968
vt 0.644169 0.814196
vt 0.644615 0.804299
vt 0.056170 0.787003
vt 0.057329 0.794092
vt 0.051905 0.794361
vt 0.630431 0.778726
vt 0.632443 0.777415
vt 0.633565 0.782288
vt 0.899887 0.610155
vt 0.897201 0.605354
vt 0.902888 0.607151
vt 0.891529 0.971285
vt 0.893246 0.965428
vt 0.895241 0.967526
vt 0.131424 0.842305
vt 0.133968 0.846001
vt 0.130124 0.849534
vt 0.106797 0.929077
vt 0.106435 0.932082
vt 0.102272 0.928112
vt 0.740829 0.284608
vt 0.743278 0.289345
vt 0.739196 0.287719
vt 0.879040 0.383565
vt 0.875373 0.384219
vt 0.872531 0.380622
vt 0.339154 0.297438
vt 0.333590 0.292312
vt 0.339209 0.291301
vt 0.135314 0.852116
vt 0.140295 0.850827
vt 0.141459 0.857304
vt 0.971605 0.973831
vt 0.971605 0.979300
vt 0.966268 0.974114
vt 0.921825 0.093723
vt 0.927819 0.093915
vt 0.923302 0.095434
vt 0.559566 0.638722
vt 0.555153 0.634711
vt 0.557122 0.634237
vt 0.667106 0.465502
vt 0.673981 0.466746
vt 0.670966 0.473033
vt 0.548346 0.626854
vt 0.551913 0.626627
vt 0.784791 0.814270
vt 0.785720 0.816932
vt 0.782105 0.816053
vt 0.494327 0.849919
vt 0.495284 0.854502
vt 0.488643 0.850684
vt 0.924778 0.115850
vt 0.925783 0.112096
vt 0.928980 0.116394
vt 0.687670 0.934319
vt 0.683578 0.943309
vt 0.683332 0.937167
vt 0.323090 0.276214
vt 0.319575 0.275480
vt 0.323018 0.273048
vt 0.652786 0.794924
vt 0.647029 0.794662
vt 0.646855 0.788000
vt 0.926493 0.098062
vt 0.837055 0.181643
vt 0.842110 0.179902
vt 0.845681 0.182983
vt 0.120522 0.842517
vt 0.125518 0.845680
vt 0.122344 0.849165
vt 0.803429 0.741786
vt 0.799704 0.745468
vt 0.798328 0.742207
vt 0.224167 0.822619
vt 0.227903 0.813863
vt 0.229212 0.819820
vt 0.738932 0.315051
vt 0.739927 0.306845
vt 0.741122 0.310820
vt 0.057496 0.801810
vt 0.056070 0.807207
vt 0.050471 0.805745
vt 0.053988 0.800304
vt 0.679693 0.453506
vt 0.675823 0.458440
vt 0.674983 0.452858
vt 0.632919 0.847231
vt 0.633319 0.840585
vt 0.634803 0.847895
vt 0.769167 0.921975
vt 0.772039 0.927453
vt 0.768275 0.925386
vt 0.376635 0.317875
vt 0.370951 0.311576
vt 0.377307 0.312682
vt 0.932657 0.235453
vt 0.928231 0.232417
vt 0.931283 0.230604
vt 0.669882 0.456571
vt 0.992704 0.923597
vt 0.989181 0.923597
vt 0.992338 0.920079
vt 0.795529 0.818933
vt 0.798233 0.821003
vt 0.793492 0.820446
vt 0.898959 0.745470
vt 0.902372 0.748687
vt 0.899729 0.747677
vt 0.504363 0.736137
vt 0.506368 0.745391
vt 0.500736 0.739088
vt 0.979051 0.816807
vt 0.974217 0.815462
vt 0.979285 0.815462
vt 0.457372 0.939075
vt 0.458034 0.934319
vt 0.461342 0.936793
vt 0.055798 0.907704
vt 0.059740 0.907704
vt 0.055055 0.914092
vt 0.798034 0.813963
vt 0.791507 0.816333
vt 0.336805 0.265072
vt 0.339790 0.269076
vt 0.335184 0.272666
vt 0.309767 0.965428
vt 0.309767 0.971515
vt 0.307600 0.967595
vt 0.571615 0.647281
vt 0.570629 0.642966
vt 0.577755 0.646933
vt 0.487794 0.943521
vt 0.483892 0.940676
vt 0.486287 0.937319
vt 0.557598 0.940043
vt 0.555604 0.935753
vt 0.556721 0.934319
vt 0.998230 0.587749
vt 0.995419 0.587749
vt 0.996122 0.586797
vt 0.368354 0.292681
vt 0.363272 0.293980
vt 0.368462 0.287720
vt 0.386682 0.305541
vt 0.390511 0.309249
vt 0.384669 0.308658
vt 0.914761 0.004854
vt 0.913208 0.008204
vt 0.911791 0.006465
vt 0.329384 0.934319
vt 0.329384 0.940054
vt 0.325518 0.938758
vt 0.372560 0.288257
vt 0.378397 0.290454
vt 0.744256 0.322340
vt 0.745439 0.317088
vt 0.747126 0.323142
vt 0.510480 0.560036
vt 0.504920 0.555519
vt 0.511781 0.556516
vt 0.952410 0.733805
vt 0.953167 0.734693
vt 0.950543 0.735986
vt 0.382221 0.297209
vt 0.380908 0.292554
vt 0.385734 0.299978
vt 0.791215 0.139506
vt 0.785463 0.137524
vt 0.789503 0.135542
vt 0.580622 0.639658
vt 0.378271 0.647000
vt 0.384061 0.647386
vt 0.383071 0.650553
vt 0.498833 0.728240
vt 0.498449 0.725136
vt 0.504079 0.732943
vt 0.739985 0.217806
vt 0.745001 0.212631
vt 0.742297 0.217697
vt 0.998582 0.300909
vt 0.995419 0.302627
vt 0.995419 0.299481
vt 0.363205 0.263471
vt 0.361059 0.271366
vt 0.357108 0.263985
vt 0.190395 0.255433
vt 0.191699 0.259240
vt 0.183991 0.256372
vt 0.383001 0.606481
vt 0.378038 0.604120
vt 0.380066 0.601253
vt 0.605841 0.094597
vt 0.612475 0.088532
vt 0.613534 0.093462
vt 0.910270 0.741191
vt 0.912736 0.747687
vt 0.906639 0.745336
vt 0.055823 0.950215
vt 0.061117 0.953998
vt 0.054844 0.953998
vt 0.792499 0.658336
vt 0.789873 0.661297
vt 0.788624 0.657396
vt 0.784352 0.736698
vt 0.785173 0.728985
vt 0.787627 0.732299
vt 0.056032 0.851632
vt 0.057261 0.849083
vt 0.059108 0.852189
vt 0.351544 0.254998
vt 0.345781 0.249804
vt 0.350945 0.250962
vt 0.569173 0.440560
vt 0.566046 0.443210
vt 0.566361 0.437487
vt 0.379572 0.282286
vt 0.373170 0.277916
vt 0.377791 0.272054
vt 0.402002 0.298386
vt 0.402171 0.302837
vt 0.394675 0.303453
vt 0.376432 0.605352
vt 0.380013 0.609658
vt 0.374061 0.614969
vt 0.387635 0.939516
vt 0.384317 0.937539
vt 0.387579 0.934319
vt 0.016976 0.863742
vt 0.016780 0.860062
vt 0.020108 0.866185
vt 0.564164 0.627677
vt 0.563446 0.623054
vt 0.568558 0.628318
vt 0.981788 0.828925
vt 0.984321 0.826599
vt 0.986754 0.828925
vt 0.971645 0.633995
vt 0.968648 0.635891
vt 0.970357 0.632322
vt 0.567441 0.444832
vt 0.571389 0.445455
vt 0.326401 0.925096
vt 0.329850 0.927372
vt 0.327167 0.929873
vt 0.370296 0.269194
vt 0.370625 0.262880
vt 0.376527 0.268333
vt 0.812916 0.232997
vt 0.813032 0.226647
vt 0.816200 0.231088
vt 0.378798 0.635873
vt 0.372829 0.635212
vt 0.377890 0.631489
vt 0.840815 0.261507
vt 0.835208 0.262223
vt 0.837113 0.257259
vt 0.826459 0.991711
vt 0.828890 0.988822
vt 0.828890 0.993017
vt 0.798850 0.228860
vt 0.796095 0.233408
vt 0.794852 0.228769
vt 0.371396 0.643478
vt 0.372744 0.647767
vt 0.380305 0.569678
vt 0.376177 0.572206
vt 0.375854 0.567460
vt 0.235370 0.857157
vt 0.233074 0.856584
vt 0.234031 0.847108
vt 0.204985 0.882254
vt 0.201729 0.880175
vt 0.206930 0.876085
vt 0.489885 0.947928
vt 0.491947 0.945953
vt 0.491947 0.954004
vt 0.354787 0.251046
vt 0.353992 0.245252
vt 0.361867 0.247536
vt 0.155223 0.971489
vt 0.150546 0.965429
vt 0.156524 0.965429
vt 0.786316 0.231680
vt 0.787616 0.229782
vt 0.788830 0.236391
vt 0.567010 0.922271
vt 0.570473 0.926281
vt 0.565776 0.926928
vt 0.211354 0.804070
vt 0.207468 0.815805
vt 0.205255 0.808905
vt 0.375358 0.538876
vt 0.378358 0.540060
vt 0.379197 0.546293
vt 0.814757 0.312642
vt 0.815883 0.315778
vt 0.809417 0.316286
vt 0.938541 0.117577
vt 0.935047 0.117081
vt 0.936747 0.112860
vt 0.366505 0.251873
vt 0.368759 0.247665
vt 0.370864 0.252636
vt 0.805850 0.226342
vt 0.803086 0.221468
vt 0.807848 0.223502
vt 0.396921 0.287002
vt 0.401236 0.283601
vt 0.400579 0.288201
vt 0.052357 0.874623
vt 0.050016 0.878378
vt 0.049844 0.869790
vt 0.375388 0.558052
vt 0.373689 0.550287
vt 0.379427 0.552835
vt 0.667878 0.895353
vt 0.664590 0.896416
vt 0.663353 0.890960
vt 0.395547 0.926100
vt 0.393124 0.931907
vt 0.393124 0.921975
vt 0.043490 0.869790
vt 0.043058 0.873534
vt 0.038498 0.870524
vt 0.229248 0.752606
vt 0.236049 0.751813
vt 0.240396 0.756247
vt 0.342977 0.229032
vt 0.349392 0.228983
vt 0.346933 0.235294
vt 0.571457 0.436242
vt 0.571615 0.431476
vt 0.574905 0.427796
vt 0.803237 0.327384
vt 0.801720 0.324788
vt 0.808866 0.326788
vt 0.368582 0.574276
vt 0.375546 0.577965
vt 0.370213 0.583145
vt 0.745310 0.183054
vt 0.746773 0.189627
vt 0.743826 0.187314
vt 0.367481 0.599516
vt 0.366975 0.595464
vt 0.372498 0.599943
vt 0.365446 0.601747
vt 0.370748 0.603581
vt 0.363236 0.609588
vt 0.127445 0.971681
vt 0.125172 0.968314
vt 0.127445 0.965429
vt 0.488295 0.689295
vt 0.493029 0.685355
vt 0.493207 0.689979
vt 0.319860 0.207976
vt 0.325210 0.204617
vt 0.323595 0.209730
vt 0.358762 0.235099
vt 0.357372 0.227898
vt 0.366246 0.230451
vt 0.835069 0.031923
vt 0.832257 0.028413
vt 0.838986 0.029138
vt 0.440057 0.732648
vt 0.441543 0.727971
vt 0.446513 0.730066
vt 0.959879 0.217206
vt 0.963329 0.217747
vt 0.955926 0.217747
vt 0.493968 0.678972
vt 0.502290 0.680124
vt 0.499254 0.684797
vt 0.351576 0.224529
vt 0.348474 0.216825
vt 0.356012 0.218237
vt 0.567697 0.405569
vt 0.568055 0.400900
vt 0.572933 0.404813
vt 0.490396 0.591150
vt 0.489112 0.585989
vt 0.496279 0.590507
vt 0.282347 0.685973
vt 0.290280 0.689388
vt 0.285319 0.692975
vt 0.451042 0.724277
vt 0.447169 0.722493
vt 0.454503 0.711231
vt 0.449754 0.709002
vt 0.453384 0.706060
vt 0.261950 0.770624
vt 0.253417 0.768341
vt 0.257893 0.765436
vt 0.478833 0.687866
vt 0.476761 0.685020
vt 0.483452 0.685063
vt 0.748491 0.171570
vt 0.744196 0.171065
vt 0.748803 0.167135
vt 0.353516 0.209412
vt 0.345982 0.208671
vt 0.576070 0.419558
vt 0.571906 0.418037
vt 0.575539 0.415672
vt 0.573558 0.414054
vt 0.363468 0.616762
vt 0.366313 0.624433
vt 0.362536 0.621865
vt 0.361050 0.563798
vt 0.367178 0.559825
vt 0.371468 0.563292
vt 0.926493 0.646452
vt 0.929044 0.643342
vt 0.932310 0.646452
vt 0.339193 0.198579
vt 0.338658 0.205206
vt 0.333661 0.204412
vt 0.361122 0.217475
vt 0.364350 0.218799
vt 0.362613 0.223534
vt 0.936820 0.636401
vt 0.935047 0.634794
vt 0.943407 0.635911
vt 0.079005 0.988823
vt 0.079622 0.993189
vt 0.079005 0.993418
vt 0.803216 0.903196
vt 0.801522 0.899947
vt 0.801878 0.895278
vt 0.488111 0.671640
vt 0.496399 0.670130
vt 0.493468 0.675110
vt 0.503177 0.666871
vt 0.508901 0.665331
vt 0.503868 0.670439
vt 0.384241 0.231999
vt 0.383108 0.236050
vt 0.378664 0.227933
vt 0.955926 0.096284
vt 0.963078 0.100270
vt 0.959632 0.101404
vt 0.275130 0.682034
vt 0.275488 0.685923
vt 0.910709 0.544197
vt 0.906639 0.540025
vt 0.910780 0.540418
vt 0.290641 0.656831
vt 0.299147 0.657382
vt 0.293336 0.660408
vt 0.344278 0.196433
vt 0.349818 0.198126
vt 0.342692 0.201783
vt 0.929311 0.834759
vt 0.921825 0.834759
vt 0.927468 0.829548
vt 0.396924 0.251888
vt 0.396011 0.246051
vt 0.399069 0.247942
vt 0.363903 0.544226
vt 0.366049 0.538615
vt 0.366985 0.544594
vt 0.846583 0.027006
vt 0.850446 0.026753
vt 0.845753 0.030555
vt 0.882864 0.255774
vt 0.878324 0.256134
vt 0.878527 0.251503
vt 0.916201 0.655334
vt 0.912316 0.658189
vt 0.906639 0.655334
vt 0.495841 0.664918
vt 0.501176 0.660347
vt 0.506734 0.662367
vt 0.011159 0.867485
vt 0.008065 0.861621
vt 0.010519 0.864978
vt 0.337763 0.187498
vt 0.333654 0.184261
vt 0.340225 0.184214
vt 0.946061 0.039791
vt 0.953660 0.045516
vt 0.946061 0.046426
vt 0.276273 0.654262
vt 0.283566 0.652782
vt 0.285654 0.656251
vt 0.286444 0.649920
vt 0.832845 0.161596
vt 0.839341 0.159173
vt 0.839872 0.161452
vt 0.356500 0.590329
vt 0.360370 0.595783
vt 0.354294 0.595947
vt 0.282214 0.647805
vt 0.468832 0.956324
vt 0.468832 0.963048
vt 0.464773 0.961936
vt 0.753815 0.179892
vt 0.754343 0.173189
vt 0.756680 0.178478
vt 0.011276 0.857620
vt 0.005562 0.856670
vt 0.009886 0.853845
vt 0.336981 0.175204
vt 0.330081 0.173786
vt 0.335782 0.170859
vt 0.581234 0.411751
vt 0.578905 0.409322
vt 0.583366 0.405882
vt 0.361022 0.552370
vt 0.363242 0.555489
vt 0.357633 0.557907
vt 0.333537 0.615578
vt 0.337483 0.621604
vt 0.333064 0.620707
vt 0.446622 0.701311
vt 0.444031 0.706275
vt 0.440051 0.703940
vt 0.217181 0.399878
vt 0.224144 0.398984
vt 0.221551 0.405209
vt 0.243808 0.397218
vt 0.245120 0.403390
vt 0.240546 0.404572
vt 0.981788 0.778086
vt 0.983279 0.774575
vt 0.986714 0.778086
vt 0.361422 0.189016
vt 0.366899 0.189563
vt 0.364872 0.194220
vt 0.665084 0.738128
vt 0.668204 0.734549
vt 0.669055 0.739049
vt 0.790824 0.764621
vt 0.793719 0.760439
vt 0.796025 0.765097
vt 0.619490 0.030769
vt 0.624419 0.024845
vt 0.628659 0.028978
vt 0.607732 0.082457
vt 0.615020 0.078959
vt 0.442766 0.700378
vt 0.286850 0.823844
vt 0.289914 0.820051
vt 0.293845 0.822644
vt 0.354644 0.853548
vt 0.349999 0.858219
vt 0.349177 0.853856
vt 0.681019 0.763327
vt 0.675038 0.762001
vt 0.677482 0.756950
vt 0.363334 0.851549
vt 0.365684 0.857149
vt 0.361695 0.854822
vt 0.352382 0.582700
vt 0.356059 0.585030
vt 0.352650 0.588094
vt 0.730937 0.793391
vt 0.733055 0.799240
vt 0.726145 0.794557
vt 0.261498 0.398613
vt 0.258554 0.403400
vt 0.256280 0.396618
vt 0.383170 0.194669
vt 0.375817 0.195006
vt 0.379859 0.192750
vt 0.389805 0.208278
vt 0.394700 0.207886
vt 0.389688 0.210753
vt 0.400373 0.223633
vt 0.396882 0.219063
vt 0.400937 0.217440
vt 0.361221 0.859581
vt 0.812098 0.938429
vt 0.814220 0.935558
vt 0.815556 0.942294
vt 0.715227 0.581452
vt 0.710088 0.576317
vt 0.713592 0.575335
vt 0.802838 0.880521
vt 0.798685 0.881654
vt 0.798649 0.874872
vt 0.238660 0.393151
vt 0.237557 0.387839
vt 0.243136 0.388608
vt 0.240627 0.382188
vt 0.008359 0.840585
vt 0.009216 0.845687
vt 0.005402 0.843442
vt 0.368205 0.185633
vt 0.370579 0.179660
vt 0.374799 0.182614
vt 0.681019 0.747649
vt 0.675361 0.748255
vt 0.674429 0.742162
vt 0.393195 0.205378
vt 0.385605 0.204124
vt 0.393750 0.201370
vt 0.938499 0.272074
vt 0.941967 0.269441
vt 0.943823 0.270241
vt 0.805361 0.877138
vt 0.882814 0.767593
vt 0.877286 0.770125
vt 0.879249 0.767067
vt 0.785026 0.460353
vt 0.779587 0.458914
vt 0.782983 0.455648
vt 0.229172 0.378463
vt 0.226109 0.384485
vt 0.223386 0.381798
vt 0.235239 0.383012
vt 0.236424 0.376578
vt 0.361236 0.176802
vt 0.364252 0.169432
vt 0.369724 0.173053
vt 0.707227 0.603012
vt 0.705754 0.596648
vt 0.710219 0.595713
vt 0.422333 0.731689
vt 0.420871 0.735872
vt 0.418216 0.734037
vt 0.220904 0.378378
vt 0.217626 0.376520
vt 0.221663 0.374261
vt 0.292927 0.818474
vt 0.296450 0.814956
vt 0.490465 0.599607
vt 0.483550 0.603441
vt 0.483420 0.597691
vt 0.384431 0.185470
vt 0.378776 0.187578
vt 0.380509 0.178348
vt 0.880317 0.395483
vt 0.876859 0.394185
vt 0.879404 0.392485
vt 0.328574 0.143653
vt 0.334615 0.143542
vt 0.331298 0.146918
vt 0.385737 0.179506
vt 0.596000 0.050077
vt 0.597781 0.046086
vt 0.603186 0.046872
vt 0.969234 0.620704
vt 0.971746 0.624085
vt 0.965390 0.624085
vt 0.919037 0.667957
vt 0.913441 0.671033
vt 0.915255 0.667038
vt 0.419126 0.738912
vt 0.411801 0.739311
vt 0.217562 0.360045
vt 0.219973 0.362359
vt 0.220725 0.368578
vt 0.510025 0.539832
vt 0.505425 0.543905
vt 0.503339 0.539284
vt 0.285288 0.805910
vt 0.281164 0.801554
vt 0.288766 0.800948
vt 0.567333 0.125363
vt 0.569375 0.129828
vt 0.566399 0.131417
vt 0.601407 0.943324
vt 0.597886 0.937129
vt 0.601407 0.934319
vt 0.877553 0.896979
vt 0.869215 0.894717
vt 0.870284 0.890926
vt 0.969600 0.687305
vt 0.965390 0.685735
vt 0.971826 0.685735
vt 0.887969 0.620957
vt 0.892789 0.614060
vt 0.896792 0.620549
vt 0.747295 0.804302
vt 0.742095 0.801667
vt 0.744299 0.797996
vt 0.274959 0.908666
vt 0.274959 0.919448
vt 0.269251 0.913120
vt 0.327727 0.600291
vt 0.325967 0.595391
vt 0.328805 0.595176
vt 0.458655 0.602204
vt 0.456572 0.607383
vt 0.452453 0.602948
vt 0.729696 0.111146
vt 0.732153 0.113644
vt 0.729696 0.116360
vt 0.369007 0.162828
vt 0.364190 0.160375
vt 0.368761 0.157493
vt 0.425112 0.268320
vt 0.421836 0.263894
vt 0.428311 0.262105
vt 0.399258 0.190919
vt 0.401072 0.197852
vt 0.394573 0.196741
vt 0.076927 0.832061
vt 0.071619 0.835668
vt 0.071154 0.828987
vt 0.715840 0.596418
vt 0.712507 0.601962
vt 0.504312 0.558913
vt 0.503557 0.561445
vt 0.497129 0.556434
vt 0.493680 0.559321
vt 0.274573 0.375508
vt 0.265774 0.375836
vt 0.267107 0.371148
vt 0.273733 0.371102
vt 0.327567 0.133357
vt 0.331279 0.128925
vt 0.330737 0.138202
vt 0.388478 0.168435
vt 0.383729 0.172009
vt 0.379263 0.168299
vt 0.327059 0.561742
vt 0.334884 0.557938
vt 0.332834 0.564435
vt 0.332501 0.546597
vt 0.336855 0.549926
vt 0.331780 0.552995
vt 0.929867 0.953692
vt 0.925529 0.951132
vt 0.929636 0.948784
vt 0.241108 0.363722
vt 0.243778 0.358773
vt 0.245816 0.364478
vt 0.391463 0.186481
vt 0.395852 0.180621
vt 0.397497 0.186892
vt 0.447651 0.940594
vt 0.445379 0.936814
vt 0.447146 0.936315
vt 0.753768 0.805569
vt 0.752803 0.808011
vt 0.747126 0.808212
vt 0.962934 0.878638
vt 0.961173 0.881606
vt 0.955926 0.878638
vt 0.330516 0.567611
vt 0.325616 0.566343
vt 0.839352 0.654556
vt 0.838701 0.651590
vt 0.843130 0.652299
vt 0.751520 0.870668
vt 0.756178 0.869790
vt 0.754241 0.877943
vt 0.833878 0.803935
vt 0.837151 0.801223
vt 0.840262 0.803188
vt 0.236322 0.359056
vt 0.239191 0.355576
vt 0.625527 0.093614
vt 0.618477 0.099542
vt 0.617689 0.094482
vt 0.379571 0.150709
vt 0.373927 0.156508
vt 0.374837 0.149151
vt 0.373482 0.160148
vt 0.379645 0.154630
vt 0.381095 0.162146
vt 0.406572 0.979640
vt 0.404254 0.977463
vt 0.406572 0.973831
vt 0.716989 0.612771
vt 0.711999 0.614902
vt 0.712279 0.611384
vt 0.709682 0.630573
vt 0.706790 0.625914
vt 0.711092 0.626458
vt 0.578207 0.143560
vt 0.575589 0.137887
vt 0.579296 0.138128
vt 0.373554 0.916866
vt 0.374985 0.907703
vt 0.377312 0.912390
vt 0.369895 0.146538
vt 0.367469 0.146683
vt 0.362199 0.140316
vt 0.632130 0.177346
vt 0.629384 0.187049
vt 0.626486 0.181322
vt 0.661673 0.790344
vt 0.665706 0.789548
vt 0.665947 0.794206
vt 0.623803 0.108478
vt 0.631468 0.107750
vt 0.623517 0.115389
vt 0.328649 0.541001
vt 0.333847 0.532811
vt 0.332251 0.539017
vt 0.284854 0.790041
vt 0.289937 0.793990
vt 0.286054 0.794567
vt 0.570340 0.122254
vt 0.567952 0.115044
vt 0.573453 0.119233
vt 0.274022 0.358544
vt 0.278713 0.360888
vt 0.273661 0.364807
vt 0.367876 0.131786
vt 0.370195 0.138840
vt 0.415297 0.199528
vt 0.411088 0.195708
vt 0.416180 0.194539
vt 0.422968 0.229699
vt 0.421091 0.221940
vt 0.425771 0.224024
vt 0.481479 0.528170
vt 0.483233 0.532233
vt 0.475076 0.528887
vt 0.691766 0.953856
vt 0.691766 0.950182
vt 0.695159 0.952165
vt 0.326049 0.525543
vt 0.332664 0.524512
vt 0.331365 0.528125
vt 0.744683 0.897809
vt 0.744576 0.890926
vt 0.748364 0.894158
vt 0.646510 0.938754
vt 0.648211 0.937922
vt 0.648211 0.943530
vt 0.424733 0.232785
vt 0.429856 0.232345
vt 0.428668 0.237668
vt 0.631676 0.195257
vt 0.630733 0.191182
vt 0.634172 0.189733
vt 0.657010 0.677487
vt 0.652332 0.671936
vt 0.656902 0.668042
vt 0.084966 0.904942
vt 0.082895 0.899510
vt 0.087183 0.895609
vt 0.848776 0.332398
vt 0.854546 0.331869
vt 0.854169 0.335956
vt 0.842787 0.375945
vt 0.844005 0.379906
vt 0.837936 0.375933
vt 0.737506 0.133884
vt 0.737390 0.128402
vt 0.738926 0.130566
vt 0.233237 0.344092
vt 0.236079 0.339571
vt 0.238971 0.343130
vt 0.248023 0.342082
vt 0.251622 0.343752
vt 0.247834 0.346752
vt 0.256944 0.344547
vt 0.260521 0.349138
vt 0.254027 0.350924
vt 0.346708 0.123445
vt 0.344906 0.118117
vt 0.350450 0.119651
vt 0.583372 0.336067
vt 0.579848 0.335116
vt 0.579168 0.329679
vt 0.712425 0.719399
vt 0.716590 0.721635
vt 0.714894 0.723277
vt 0.743269 0.789841
vt 0.747656 0.785753
vt 0.750119 0.786764
vt 0.713610 0.630669
vt 0.711358 0.638243
vt 0.965390 0.108188
vt 0.968587 0.105709
vt 0.971991 0.108188
vt 0.298335 0.800869
vt 0.300717 0.797572
vt 0.303463 0.798528
vt 0.360716 0.880492
vt 0.367159 0.876093
vt 0.365688 0.881535
vt 0.284885 0.358940
vt 0.290150 0.356803
vt 0.291102 0.361231
vt 0.346583 0.111315
vt 0.341053 0.111705
vt 0.339006 0.105156
vt 0.581003 0.321107
vt 0.581510 0.326898
vt 0.578260 0.324166
vt 0.385033 0.147134
vt 0.379633 0.144231
vt 0.383450 0.140756
vt 0.161340 0.832242
vt 0.160778 0.828298
vt 0.163525 0.830137
vt 0.793807 0.877282
vt 0.796455 0.875489
vt 0.796455 0.880169
vt 0.166858 0.799280
vt 0.171792 0.795067
vt 0.168403 0.805391
vt 0.802001 0.208729
vt 0.802489 0.203475
vt 0.805938 0.203287
vt 0.413670 0.713432
vt 0.409834 0.717956
vt 0.410962 0.712572
vt 0.403157 0.872358
vt 0.404633 0.869790
vt 0.403535 0.876945
vt 0.228685 0.326908
vt 0.229161 0.330080
vt 0.224884 0.331690
vt 0.240617 0.337648
vt 0.244951 0.329464
vt 0.247876 0.335869
vt 0.566948 0.101288
vt 0.564629 0.096678
vt 0.568862 0.093050
vt 0.357337 0.118530
vt 0.361517 0.114569
vt 0.360914 0.122041
vt 0.422167 0.208928
vt 0.421363 0.203438
vt 0.426319 0.204010
vt 0.795606 0.863027
vt 0.793080 0.858343
vt 0.797867 0.859227
vt 0.658859 0.656196
vt 0.658391 0.663085
vt 0.654142 0.655847
vt 0.316073 0.548681
vt 0.322039 0.550283
vt 0.320420 0.554385
vt 0.269726 0.344735
vt 0.264869 0.337483
vt 0.273778 0.339430
vt 0.278057 0.345799
vt 0.281581 0.343837
vt 0.286516 0.348409
vt 0.722146 0.688243
vt 0.724762 0.687193
vt 0.724106 0.693717
vt 0.181511 0.624972
vt 0.183751 0.618799
vt 0.186164 0.623730
vt 0.614350 0.170866
vt 0.612009 0.166437
vt 0.617432 0.169611
vt 0.891425 0.079305
vt 0.888935 0.076418
vt 0.892643 0.075785
vt 0.794231 0.869790
vt 0.692438 0.333372
vt 0.697669 0.331276
vt 0.697242 0.337240
vt 0.251412 0.922852
vt 0.259630 0.921975
vt 0.255830 0.926341
vt 0.805533 0.646406
vt 0.798939 0.642130
vt 0.806078 0.642012
vt 0.459849 0.895778
vt 0.464538 0.892570
vt 0.464538 0.900955
vt 0.814219 0.211203
vt 0.821649 0.212457
vt 0.816391 0.213537
vt 0.254473 0.330344
vt 0.253689 0.335242
vt 0.249642 0.332043
vt 0.336416 0.099558
vt 0.341727 0.095145
vt 0.345267 0.101728
vt 0.047698 0.860705
vt 0.040539 0.863302
vt 0.041709 0.854700
vt 0.329673 0.499945
vt 0.330317 0.495175
vt 0.334497 0.496097
vt 0.434991 0.224998
vt 0.427960 0.220619
vt 0.436132 0.222053
vt 0.183547 0.629208
vt 0.180338 0.629507
vt 0.345838 0.785586
vt 0.344364 0.789981
vt 0.342347 0.786103
vt 0.176571 0.797076
vt 0.172767 0.802868
vt 0.799876 0.646316
vt 0.418621 0.692320
vt 0.420316 0.688594
vt 0.423325 0.689081
vt 0.235726 0.321257
vt 0.241563 0.319271
vt 0.241986 0.326511
vt 0.331742 0.094148
vt 0.332639 0.097404
vt 0.375433 0.125819
vt 0.375714 0.118930
vt 0.378936 0.123918
vt 0.574191 0.293980
vt 0.571589 0.289505
vt 0.577645 0.290417
vt 0.620055 0.187050
vt 0.623828 0.192741
vt 0.617753 0.194486
vt 0.620083 0.670306
vt 0.618466 0.676950
vt 0.617278 0.674934
vt 0.968000 0.438899
vt 0.971880 0.441066
vt 0.965390 0.441066
vt 0.799679 0.211602
vt 0.796473 0.214063
vt 0.796562 0.211866
vt 0.783684 0.213946
vt 0.783841 0.211420
vt 0.788223 0.211219
vt 0.789530 0.075771
vt 0.794879 0.076134
vt 0.790975 0.078138
vt 0.869506 0.458759
vt 0.871689 0.454199
vt 0.873668 0.458207
vt 0.570948 0.090810
vt 0.576391 0.094202
vt 0.572627 0.099523
vt 0.281990 0.335519
vt 0.287445 0.329521
vt 0.288408 0.335093
vt 0.428455 0.195286
vt 0.425480 0.191426
vt 0.428879 0.187799
vt 0.866289 0.580126
vt 0.871621 0.580480
vt 0.868411 0.584664
vt 0.502608 0.534643
vt 0.496956 0.535370
vt 0.650383 0.667780
vt 0.646553 0.661764
vt 0.652793 0.663080
vt 0.694375 0.320760
vt 0.698575 0.322567
vt 0.692549 0.323876
vt 0.317354 0.884736
vt 0.314490 0.887802
vt 0.315322 0.882265
vt 0.746593 0.126986
vt 0.746621 0.119490
vt 0.749890 0.123552
vt 0.749269 0.120397
vt 0.784274 0.075597
vt 0.786793 0.077448
vt 0.259177 0.326731
vt 0.253720 0.325333
vt 0.262417 0.323977
vt 0.337534 0.082791
vt 0.337793 0.088553
vt 0.331916 0.085929
vt 0.351466 0.089871
vt 0.347864 0.097501
vt 0.345664 0.093296
vt 0.039029 0.845312
vt 0.037988 0.840585
vt 0.044193 0.843495
vt 0.077694 0.692487
vt 0.084364 0.693420
vt 0.081617 0.696994
vt 0.867730 0.244417
vt 0.872415 0.247909
vt 0.864942 0.249503
vt 0.320217 0.881116
vt 0.316954 0.880535
vt 0.797750 0.647739
vt 0.791562 0.642801
vt 0.807008 0.193997
vt 0.805511 0.189123
vt 0.810715 0.191514
vt 0.746855 0.114675
vt 0.750345 0.113617
vt 0.750929 0.038643
vt 0.755788 0.031386
vt 0.756073 0.036626
vt 0.284658 0.324491
vt 0.281206 0.330268
vt 0.560042 0.047773
vt 0.561695 0.052336
vt 0.558497 0.054111
vt 0.069680 0.876145
vt 0.071519 0.881338
vt 0.069472 0.883534
vt 0.190784 0.625181
vt 0.192001 0.627756
vt 0.187538 0.627879
vt 0.620457 0.662243
vt 0.624073 0.659385
vt 0.628225 0.665369
vt 0.950752 0.323312
vt 0.953731 0.326149
vt 0.946061 0.326149
vt 0.578213 0.284549
vt 0.572687 0.281369
vt 0.576727 0.280158
vt 0.427910 0.171796
vt 0.425674 0.175930
vt 0.420410 0.171829
vt 0.171659 0.669669
vt 0.172810 0.678224
vt 0.169396 0.677714
vt 0.181720 0.654087
vt 0.177709 0.656171
vt 0.178557 0.649486
vt 0.608496 0.169715
vt 0.608818 0.175688
vt 0.601992 0.172115
vt 0.623735 0.087575
vt 0.694519 0.306165
vt 0.700577 0.305776
vt 0.697613 0.310498
vt 0.573187 0.084985
vt 0.572555 0.078192
vt 0.576602 0.077817
vt 0.617877 0.197948
vt 0.611425 0.190988
vt 0.615856 0.188987
vt 0.187675 0.641456
vt 0.185459 0.639185
vt 0.188654 0.637638
vt 0.993076 0.366316
vt 0.989181 0.366316
vt 0.992449 0.362824
vt 0.878851 0.740708
vt 0.876036 0.744771
vt 0.873087 0.740708
vt 0.714439 0.655291
vt 0.719643 0.656805
vt 0.717933 0.661245
vt 0.085163 0.678147
vt 0.080304 0.674775
vt 0.084765 0.671875
vt 0.064512 0.701064
vt 0.070504 0.703214
vt 0.062495 0.703739
vt 0.752775 0.377943
vt 0.746272 0.382695
vt 0.747685 0.377374
vt 0.842628 0.938723
vt 0.845379 0.942840
vt 0.842234 0.943323
vt 0.811889 0.183068
vt 0.817095 0.183846
vt 0.814816 0.188327
vt 0.231164 0.302169
vt 0.238019 0.303376
vt 0.234700 0.307216
vt 0.342757 0.076824
vt 0.337870 0.078588
vt 0.339000 0.071269
vt 0.435138 0.185430
vt 0.435224 0.189454
vt 0.609974 0.180726
vt 0.602002 0.179542
vt 0.871087 0.551015
vt 0.871856 0.547575
vt 0.876136 0.549976
vt 0.652021 0.642940
vt 0.648564 0.643896
vt 0.653558 0.636555
vt 0.623856 0.650181
vt 0.619468 0.650894
vt 0.621488 0.646346
vt 0.893103 0.509018
vt 0.899302 0.508627
vt 0.898297 0.513532
vt 0.100195 0.816808
vt 0.097228 0.815822
vt 0.100882 0.809759
vt 0.256975 0.306112
vt 0.262267 0.304062
vt 0.262601 0.307065
vt 0.331352 0.453657
vt 0.336247 0.463310
vt 0.326669 0.459734
vt 0.475928 0.558490
vt 0.467278 0.558460
vt 0.469007 0.553634
vt 0.613526 0.197428
vt 0.613925 0.202429
vt 0.609806 0.196671
vt 0.095703 0.655946
vt 0.092848 0.652942
vt 0.097482 0.652712
vt 0.753089 0.386897
vt 0.755267 0.383663
vt 0.724955 0.533608
vt 0.718642 0.535463
vt 0.723700 0.526725
vt 0.605813 0.890926
vt 0.605645 0.899198
vt 0.604271 0.893686
vt 0.538377 0.424104
vt 0.540511 0.429635
vt 0.534912 0.427937
vt 0.609171 0.206277
vt 0.607897 0.201281
vt 0.198665 0.626071
vt 0.199243 0.620882
vt 0.201493 0.624523
vt 0.094730 0.647209
vt 0.090380 0.650256
vt 0.067118 0.687559
vt 0.063475 0.694148
vt 0.061123 0.691836
vt 0.295878 0.971628
vt 0.295878 0.965429
vt 0.298133 0.968082
vt 0.225188 0.297273
vt 0.222116 0.292788
vt 0.229184 0.293847
vt 0.569144 0.044349
vt 0.562712 0.047665
vt 0.564558 0.041868
vt 0.324349 0.439339
vt 0.327632 0.440302
vt 0.322626 0.446056
vt 0.292602 0.544112
vt 0.286323 0.546127
vt 0.290313 0.539197
vt 0.288539 0.534550
vt 0.283258 0.534239
vt 0.289320 0.527996
vt 0.282204 0.526335
vt 0.284880 0.518288
vt 0.287714 0.521674
vt 0.697274 0.293725
vt 0.695459 0.298182
vt 0.693848 0.290982
vt 0.084259 0.654062
vt 0.087581 0.660869
vt 0.079184 0.657801
vt 0.946061 0.321312
vt 0.949885 0.316779
vt 0.953647 0.321312
vt 0.564777 0.914886
vt 0.563363 0.911232
vt 0.565124 0.907704
vt 0.233055 0.290390
vt 0.239625 0.290637
vt 0.236522 0.293386
vt 0.545392 0.425753
vt 0.542908 0.428456
vt 0.330275 0.449263
vt 0.971904 0.186205
vt 0.965390 0.186205
vt 0.968459 0.182276
vt 0.993215 0.186777
vt 0.990657 0.189317
vt 0.989181 0.186777
vt 0.882404 0.584110
vt 0.879757 0.579815
vt 0.883312 0.576861
vt 0.598414 0.188642
vt 0.605740 0.186971
vt 0.599394 0.191237
vt 0.597953 0.171386
vt 0.593623 0.171680
vt 0.594937 0.163569
vt 0.715443 0.283735
vt 0.720989 0.287369
vt 0.714326 0.291205
vt 0.263660 0.294575
vt 0.264907 0.287899
vt 0.270345 0.291504
vt 0.266792 0.297891
vt 0.274041 0.291466
vt 0.278066 0.291973
vt 0.273629 0.298154
vt 0.290856 0.550588
vt 0.296306 0.551151
vt 0.284568 0.511259
vt 0.283368 0.514904
vt 0.278355 0.507572
vt 0.613038 0.650846
vt 0.612978 0.657440
vt 0.608718 0.656541
vt 0.607161 0.663261
vt 0.065669 0.684025
vt 0.057857 0.685066
vt 0.062317 0.678301
vt 0.067916 0.677298
vt 0.720505 0.514409
vt 0.725460 0.513502
vt 0.721611 0.518112
vt 0.560863 0.910246
vt 0.910812 0.205466
vt 0.910583 0.210643
vt 0.906639 0.207553
vt 0.236221 0.284206
vt 0.231273 0.282372
vt 0.236619 0.278657
vt 0.569947 0.039013
vt 0.562380 0.038343
vt 0.567642 0.034506
vt 0.420523 0.123413
vt 0.420603 0.131062
vt 0.416029 0.127513
vt 0.425300 0.145480
vt 0.429151 0.138191
vt 0.428688 0.146150
vt 0.188564 0.660931
vt 0.190941 0.660443
vt 0.189003 0.667659
vt 0.636254 0.103209
vt 0.629684 0.104173
vt 0.071170 0.668483
vt 0.064796 0.671552
vt 0.066717 0.666240
vt 0.092036 0.804763
vt 0.095141 0.807322
vt 0.094247 0.811667
vt 0.227559 0.279481
vt 0.247102 0.279414
vt 0.250703 0.285005
vt 0.242417 0.284385
vt 0.532179 0.404461
vt 0.529184 0.397355
vt 0.536228 0.402574
vt 0.348857 0.062172
vt 0.353628 0.057656
vt 0.357085 0.060345
vt 0.190565 0.657224
vt 0.194043 0.659454
vt 0.342735 0.812495
vt 0.345843 0.814508
vt 0.344154 0.819578
vt 0.652400 0.602798
vt 0.658972 0.606938
vt 0.652761 0.609562
vt 0.091525 0.629437
vt 0.090086 0.634264
vt 0.086965 0.628325
vt 0.084905 0.643841
vt 0.079455 0.644022
vt 0.080734 0.639601
vt 0.071801 0.663896
vt 0.223546 0.281120
vt 0.226370 0.276377
vt 0.226287 0.281499
vt 0.242223 0.278510
vt 0.265691 0.282021
vt 0.268258 0.285106
vt 0.677634 0.881927
vt 0.675426 0.886282
vt 0.674665 0.880724
vt 0.293254 0.533313
vt 0.295268 0.537782
vt 0.348042 0.819046
vt 0.657752 0.601398
vt 0.655654 0.599662
vt 0.658840 0.594194
vt 0.716899 0.300766
vt 0.711181 0.305534
vt 0.709878 0.300348
vt 0.041826 0.701543
vt 0.039042 0.707152
vt 0.036778 0.700912
vt 0.545566 0.418414
vt 0.543791 0.412208
vt 0.548130 0.414788
vt 0.260891 0.277978
vt 0.260885 0.284181
vt 0.927563 0.397029
vt 0.932554 0.400037
vt 0.921825 0.400037
vt 0.573949 0.036514
vt 0.285572 0.500359
vt 0.279412 0.497244
vt 0.281557 0.492377
vt 0.965390 0.328365
vt 0.971815 0.328365
vt 0.966176 0.333086
vt 0.532450 0.877150
vt 0.527994 0.874779
vt 0.530096 0.869790
vt 0.082546 0.630879
vt 0.082173 0.635152
vt 0.077289 0.633249
vt 0.046362 0.685284
vt 0.052389 0.679111
vt 0.025370 0.706898
vt 0.031087 0.703787
vt 0.029623 0.710297
vt 0.545628 0.404655
vt 0.547436 0.406059
vt 0.541627 0.409488
vt 0.250124 0.276560
vt 0.252754 0.272063
vt 0.255414 0.275114
vt 0.531182 0.393274
vt 0.534659 0.391358
vt 0.534791 0.397214
vt 0.281713 0.276191
vt 0.281272 0.284217
vt 0.275364 0.279474
vt 0.329294 0.044466
vt 0.328832 0.039443
vt 0.334188 0.041395
vt 0.605415 0.055203
vt 0.610343 0.047343
vt 0.617424 0.057931
vt 0.283467 0.505641
vt 0.288825 0.503581
vt 0.288872 0.509952
vt 0.566339 0.969652
vt 0.570297 0.965429
vt 0.570297 0.971441
vt 0.061357 0.653175
vt 0.064639 0.656860
vt 0.059461 0.657047
vt 0.021966 0.710814
vt 0.671780 0.962928
vt 0.666993 0.962928
vt 0.669121 0.956324
vt 0.555442 0.413841
vt 0.551395 0.409953
vt 0.554977 0.408279
vt 0.276094 0.475685
vt 0.273385 0.469610
vt 0.281914 0.476214
vt 0.613971 0.238761
vt 0.609305 0.234665
vt 0.613837 0.235948
vt 0.616199 0.064392
vt 0.609354 0.065468
vt 0.609116 0.060297
vt 0.609738 0.227972
vt 0.615565 0.232437
vt 0.783223 0.798524
vt 0.786054 0.796401
vt 0.789646 0.797119
vt 0.455267 0.611804
vt 0.750048 0.419951
vt 0.744362 0.418740
vt 0.747302 0.412892
vt 0.722496 0.493257
vt 0.724616 0.498318
vt 0.722361 0.497026
vt 0.054996 0.661987
vt 0.058127 0.664859
vt 0.053737 0.669105
vt 0.725554 0.487816
vt 0.727870 0.491273
vt 0.271155 0.274197
vt 0.281576 0.272645
vt 0.293903 0.276571
vt 0.294190 0.281242
vt 0.289545 0.279661
vt 0.580381 0.048703
vt 0.574537 0.045458
vt 0.578800 0.042796
vt 0.327059 0.033177
vt 0.331445 0.028622
vt 0.331582 0.033420
vt 0.573139 0.024448
vt 0.574238 0.028264
vt 0.568235 0.025763
vt 0.530566 0.880124
vt 0.532069 0.882919
vt 0.606556 0.230926
vt 0.685525 0.172289
vt 0.691195 0.171276
vt 0.690152 0.175332
vt 0.686898 0.165622
vt 0.709560 0.318830
vt 0.712114 0.312564
vt 0.712385 0.320274
vt 0.079210 0.618385
vt 0.083413 0.611201
vt 0.083031 0.617032
vt 0.559373 0.401668
vt 0.556504 0.402778
vt 0.556156 0.396111
vt 0.545229 0.400954
vt 0.550695 0.395480
vt 0.551592 0.399632
vt 0.525699 0.376184
vt 0.531655 0.376323
vt 0.531385 0.379591
vt 0.297988 0.524215
vt 0.294559 0.515953
vt 0.300860 0.519301
vt 0.296327 0.509418
vt 0.608478 0.629290
vt 0.604941 0.627088
vt 0.612485 0.625533
vt 0.034793 0.679638
vt 0.030736 0.677922
vt 0.035274 0.675207
vt 0.486313 0.173273
vt 0.489369 0.176614
vt 0.484004 0.180598
vt 0.432857 0.130974
vt 0.438414 0.127465
vt 0.442179 0.128932
vt 0.457071 0.577378
vt 0.467202 0.584427
vt 0.455401 0.581362
vt 0.620915 0.605170
vt 0.618975 0.598918
vt 0.622529 0.598220
vt 0.085409 0.603048
vt 0.080693 0.608874
vt 0.080037 0.601445
vt 0.955926 0.330973
vt 0.963231 0.330973
vt 0.958168 0.332581
vt 0.074879 0.615493
vt 0.074661 0.608506
vt 0.068363 0.632633
vt 0.062859 0.628269
vt 0.070732 0.629097
vt 0.043896 0.659393
vt 0.047717 0.663424
vt 0.042018 0.663628
vt 0.331937 0.022077
vt 0.324309 0.025212
vt 0.328090 0.019512
vt 0.118639 0.956324
vt 0.118639 0.963246
vt 0.115204 0.959603
vt 0.069846 0.611327
vt 0.021388 0.687375
vt 0.017683 0.680318
vt 0.021814 0.682026
vt 0.530739 0.368564
vt 0.534442 0.371796
vt 0.528741 0.372389
vt 0.290406 0.482496
vt 0.283793 0.478873
vt 0.293330 0.475745
vt 0.441259 0.121885
vt 0.434546 0.120014
vt 0.806442 0.515859
vt 0.811268 0.517678
vt 0.806275 0.520303
vt 0.205673 0.664959
vt 0.206007 0.670989
vt 0.202939 0.669202
vt 0.799479 0.518615
vt 0.799880 0.522453
vt 0.809639 0.001200
vt 0.814496 0.005952
vt 0.804279 0.005337
vt 0.442204 0.779034
vt 0.442611 0.785192
vt 0.439921 0.785872
vt 0.030033 0.672478
vt 0.029951 0.667013
vt 0.033562 0.670088
vt 0.572526 0.015905
vt 0.578911 0.013266
vt 0.575517 0.019469
vt 0.337738 0.395991
vt 0.329259 0.395087
vt 0.332525 0.389954
vt 0.427604 0.090766
vt 0.422735 0.088348
vt 0.428597 0.085259
vt 0.606019 0.242249
vt 0.603350 0.248381
vt 0.600621 0.244723
vt 0.598134 0.629985
vt 0.598400 0.626098
vt 0.496521 0.178024
vt 0.496211 0.182871
vt 0.491563 0.183513
vt 0.889024 0.737533
vt 0.887969 0.731488
vt 0.893965 0.736508
vt 0.118268 0.515578
vt 0.118974 0.510173
vt 0.122831 0.514483
vt 0.612181 0.600723
vt 0.611065 0.605663
vt 0.606576 0.600880
vt 0.221844 0.879173
vt 0.216900 0.881249
vt 0.216166 0.874986
vt 0.043048 0.647466
vt 0.038493 0.646100
vt 0.041747 0.642081
vt 0.028032 0.668735
vt 0.026979 0.664531
vt 0.528965 0.359841
vt 0.532502 0.359306
vt 0.534021 0.365203
vt 0.571220 0.002608
vt 0.576002 0.001000
vt 0.571939 0.006741
vt 0.591240 0.219732
vt 0.593813 0.221882
vt 0.590323 0.225986
vt 0.531338 0.355287
vt 0.687609 0.211654
vt 0.685293 0.206626
vt 0.688272 0.201955
vt 0.872638 0.149322
vt 0.870117 0.154801
vt 0.864092 0.150802
vt 0.101272 0.542382
vt 0.102033 0.549169
vt 0.096131 0.545310
vt 0.094763 0.562049
vt 0.086782 0.559110
vt 0.091179 0.558623
vt 0.088767 0.566066
vt 0.220053 0.883943
vt 0.220808 0.888107
vt 0.201655 0.249604
vt 0.207459 0.242822
vt 0.203191 0.251388
vt 0.366982 0.678893
vt 0.370514 0.679522
vt 0.369489 0.683376
vt 0.352959 0.694401
vt 0.352473 0.690049
vt 0.356964 0.692173
vt 0.731671 0.374810
vt 0.726938 0.376631
vt 0.726473 0.373589
vt 0.839845 0.207843
vt 0.840166 0.204443
vt 0.845140 0.205164
vt 0.109194 0.514374
vt 0.114590 0.518468
vt 0.108273 0.520347
vt 0.019086 0.661067
vt 0.014312 0.664129
vt 0.015199 0.660008
vt 0.551307 0.363417
vt 0.546203 0.364958
vt 0.546197 0.361274
vt 0.732399 0.067110
vt 0.735228 0.063563
vt 0.734708 0.073193
vt 0.588639 0.224889
vt 0.588681 0.231470
vt 0.729846 0.380217
vt 0.064981 0.596548
vt 0.065097 0.603570
vt 0.060854 0.598802
vt 0.539096 0.358366
vt 0.537952 0.355552
vt 0.548274 0.354448
vt 0.486590 0.147953
vt 0.489657 0.155913
vt 0.483777 0.150135
vt 0.893485 0.764522
vt 0.898070 0.759770
vt 0.898059 0.764423
vt 0.430357 0.072873
vt 0.428628 0.075078
vt 0.425047 0.070561
vt 0.685018 0.220338
vt 0.682724 0.211121
vt 0.358033 0.698160
vt 0.959488 0.318058
vt 0.955926 0.319067
vt 0.957121 0.314493
vt 0.043349 0.631719
vt 0.035924 0.628152
vt 0.039097 0.624154
vt 0.544205 0.351204
vt 0.539800 0.353395
vt 0.541193 0.349749
vt 0.541330 0.343664
vt 0.537680 0.350915
vt 0.296896 0.481895
vt 0.302290 0.480281
vt 0.302308 0.486302
vt 0.866621 0.278111
vt 0.870836 0.276780
vt 0.873645 0.277980
vt 0.591278 0.244395
vt 0.589114 0.241324
vt 0.593169 0.237075
vt 0.033558 0.815005
vt 0.035738 0.819431
vt 0.033561 0.819715
vt 0.114305 0.501582
vt 0.113304 0.505707
vt 0.108243 0.500265
vt 0.480715 0.547197
vt 0.494512 0.548087
vt 0.489683 0.552311
vt 0.481799 0.574761
vt 0.480925 0.581301
vt 0.475950 0.577978
vt 0.031113 0.641148
vt 0.026395 0.642087
vt 0.031737 0.637268
vt 0.480691 0.129162
vt 0.478498 0.119989
vt 0.486870 0.130951
vt 0.422264 0.040099
vt 0.417296 0.042386
vt 0.415556 0.038969
vt 0.242224 0.454266
vt 0.238140 0.453227
vt 0.242378 0.447542
vt 0.891135 0.217094
vt 0.895687 0.211844
vt 0.903965 0.214817
vt 0.514770 0.921975
vt 0.518276 0.926570
vt 0.514770 0.927558
vt 0.903443 0.370283
vt 0.901345 0.375564
vt 0.897530 0.369568
vt 0.108377 0.496508
vt 0.112393 0.493295
vt 0.068317 0.586646
vt 0.068373 0.579432
vt 0.072100 0.582458
vt 0.042285 0.615756
vt 0.046170 0.610287
vt 0.046695 0.617103
vt 0.484585 0.136854
vt 0.492978 0.136101
vt 0.491866 0.139205
vt 0.416749 0.032426
vt 0.412074 0.029916
vt 0.417116 0.028319
vt 0.426945 0.065282
vt 0.432795 0.066533
vt 0.682419 0.801027
vt 0.686785 0.805743
vt 0.682438 0.806308
vt 0.108661 0.505813
vt 0.102190 0.505149
vt 0.094189 0.538274
vt 0.088303 0.534937
vt 0.091415 0.533114
vt 0.073234 0.575629
vt 0.066644 0.574997
vt 0.070077 0.570286
vt 0.542930 0.338585
vt 0.544257 0.342760
vt 0.744206 0.459801
vt 0.741317 0.457432
vt 0.743932 0.454613
vt 0.346946 0.984417
vt 0.348905 0.981852
vt 0.348905 0.986632
vt 0.063436 0.566949
vt 0.058907 0.586637
vt 0.063764 0.581720
vt 0.062885 0.584766
vt 0.018807 0.640561
vt 0.016492 0.636482
vt 0.023484 0.636985
vt 0.009465 0.645182
vt 0.012029 0.641712
vt 0.016371 0.644179
vt 0.428708 0.059764
vt 0.425689 0.057748
vt 0.426390 0.052462
vt 0.647157 0.117812
vt 0.638659 0.114246
vt 0.640898 0.107521
vt 0.887969 0.490759
vt 0.894139 0.490065
vt 0.898184 0.490759
vt 0.474425 0.919318
vt 0.471988 0.909135
vt 0.475724 0.913607
vt 0.032685 0.812544
vt 0.037301 0.805073
vt 0.040467 0.812996
vt 0.809655 0.833300
vt 0.808374 0.836503
vt 0.804652 0.833708
vt 0.225894 0.849357
vt 0.229199 0.845381
vt 0.228720 0.853287
vt 0.571673 0.882783
vt 0.567413 0.886677
vt 0.564505 0.884813
vt 0.081668 0.552705
vt 0.075039 0.557364
vt 0.079728 0.547839
vt 0.075174 0.550890
vt 0.024468 0.627899
vt 0.022343 0.632706
vt 0.019186 0.628359
vt 0.542933 0.329154
vt 0.542887 0.332870
vt 0.538289 0.328158
vt 0.537218 0.335483
vt 0.484308 0.123649
vt 0.486072 0.112382
vt 0.489498 0.118445
vt 0.732282 0.031531
vt 0.729741 0.024554
vt 0.733841 0.023101
vt 0.870742 0.532442
vt 0.876217 0.532442
vt 0.873211 0.534993
vt 0.718905 0.395225
vt 0.718933 0.400224
vt 0.715808 0.398037
vt 0.351842 0.710059
vt 0.355212 0.706950
vt 0.356650 0.716726
vt 0.567632 0.878625
vt 0.627270 0.733901
vt 0.619161 0.730564
vt 0.620781 0.725772
vt 0.092552 0.508676
vt 0.097069 0.510233
vt 0.092454 0.515326
vt 0.657169 0.101889
vt 0.650672 0.112566
vt 0.652756 0.106792
vt 0.485102 0.107667
vt 0.481529 0.099213
vt 0.488033 0.106727
vt 0.483548 0.097968
vt 0.484213 0.092704
vt 0.171160 0.857652
vt 0.171076 0.863200
vt 0.165527 0.856812
vt 0.919139 0.921975
vt 0.919139 0.931511
vt 0.915851 0.929449
vt 0.785187 0.065950
vt 0.779587 0.066071
vt 0.785166 0.061890
vt 0.543345 0.320135
vt 0.536932 0.313600
vt 0.541143 0.315125
vt 0.493153 0.115843
vt 0.492703 0.107278
vt 0.658393 0.934319
vt 0.662158 0.935621
vt 0.658393 0.943179
vt 0.620995 0.742413
vt 0.618275 0.734862
vt 0.593475 0.733518
vt 0.596947 0.727828
vt 0.601139 0.732813
vt 0.789128 0.065296
vt 0.787387 0.069863
vt 0.793525 0.067795
vt 0.033784 0.800839
vt 0.040629 0.799210
vt 0.760860 0.698466
vt 0.760500 0.704064
vt 0.758661 0.696217
vt 0.403337 0.826110
vt 0.398947 0.820757
vt 0.400751 0.816745
vt 0.580125 0.872299
vt 0.575221 0.876149
vt 0.573521 0.873526
vt 0.101008 0.495909
vt 0.095670 0.497636
vt 0.098277 0.491649
vt 0.075119 0.533333
vt 0.076166 0.539964
vt 0.072885 0.537271
vt 0.503848 0.139561
vt 0.501864 0.133642
vt 0.510052 0.133110
vt 0.742502 0.033127
vt 0.737790 0.036329
vt 0.738951 0.029150
vt 0.128453 0.881951
vt 0.135521 0.888229
vt 0.125748 0.888229
vt 0.375295 0.878652
vt 0.381599 0.874588
vt 0.381404 0.876439
vt 0.629981 0.749498
vt 0.628016 0.752636
vt 0.625972 0.748002
vt 0.742664 0.496551
vt 0.745928 0.497752
vt 0.742014 0.501394
vt 0.868473 0.977443
vt 0.867497 0.979544
vt 0.867497 0.973831
vt 0.713446 0.407845
vt 0.709248 0.414196
vt 0.708470 0.410464
vt 0.104944 0.474397
vt 0.102431 0.480379
vt 0.099872 0.476502
vt 0.087718 0.504324
vt 0.088713 0.511070
vt 0.083486 0.510870
vt 0.066819 0.547808
vt 0.063429 0.554190
vt 0.062159 0.547289
vt 0.036631 0.595835
vt 0.032226 0.600364
vt 0.030136 0.598612
vt 0.014378 0.622837
vt 0.009156 0.624865
vt 0.008192 0.620108
vt 0.495675 0.118222
vt 0.496616 0.113595
vt 0.501532 0.114166
vt 0.734175 0.425425
vt 0.732870 0.421159
vt 0.734292 0.416894
vt 0.868177 0.193480
vt 0.868046 0.187576
vt 0.876362 0.188602
vt 0.488857 0.085863
vt 0.489940 0.094068
vt 0.230290 0.477553
vt 0.232111 0.472395
vt 0.235311 0.474980
vt 0.298351 0.420824
vt 0.295461 0.432373
vt 0.295609 0.422956
vt 0.301596 0.426748
vt 0.878688 0.421184
vt 0.884505 0.421793
vt 0.881188 0.424160
vt 0.616351 0.750408
vt 0.611324 0.746429
vt 0.613510 0.743085
vt 0.609048 0.740935
vt 0.611280 0.738232
vt 0.356919 0.725345
vt 0.357973 0.730232
vt 0.354863 0.733132
vt 0.173196 0.846362
vt 0.180582 0.847396
vt 0.181634 0.849741
vt 0.014538 0.612020
vt 0.013437 0.605742
vt 0.016499 0.605631
vt 0.482945 0.556611
vt 0.488493 0.558187
vt 0.483579 0.564166
vt 0.133894 0.934319
vt 0.137025 0.936353
vt 0.133894 0.943759
vt 0.232099 0.492287
vt 0.229723 0.487466
vt 0.239414 0.489260
vt 0.452330 0.854715
vt 0.456218 0.848228
vt 0.456039 0.853756
vt 0.720765 0.424811
vt 0.718527 0.421896
vt 0.723091 0.419770
vt 0.572473 0.921975
vt 0.576557 0.924392
vt 0.572473 0.928994
vt 0.914499 0.789749
vt 0.912991 0.786877
vt 0.918975 0.786877
vt 0.110455 0.450236
vt 0.106944 0.450544
vt 0.106357 0.445419
vt 0.083172 0.507384
vt 0.080770 0.499616
vt 0.088104 0.498699
vt 0.070901 0.528468
vt 0.067190 0.532092
vt 0.066983 0.528067
vt 0.029423 0.593989
vt 0.027703 0.586477
vt 0.034126 0.588230
vt 0.740490 0.017211
vt 0.742051 0.024533
vt 0.738108 0.025146
vt 0.225291 0.475312
vt 0.020465 0.600315
vt 0.012088 0.598043
vt 0.016803 0.595046
vt 0.711672 0.432727
vt 0.710017 0.428126
vt 0.712789 0.426230
vt 0.070930 0.516086
vt 0.073046 0.512471
vt 0.076389 0.517187
vt 0.052034 0.546001
vt 0.054992 0.540320
vt 0.059877 0.544009
vt 0.485353 0.074081
vt 0.491944 0.073338
vt 0.489348 0.080326
vt 0.227250 0.494969
vt 0.694763 0.973831
vt 0.694763 0.979423
vt 0.690100 0.976105
vt 0.717420 0.433852
vt 0.717549 0.428936
vt 0.722513 0.426819
vt 0.099369 0.452903
vt 0.098909 0.459983
vt 0.094073 0.456455
vt 0.051443 0.553316
vt 0.045987 0.555750
vt 0.047275 0.550021
vt 0.482338 0.059466
vt 0.485085 0.053150
vt 0.487002 0.060608
vt 0.281864 0.949054
vt 0.279387 0.950998
vt 0.278641 0.945953
vt 0.093213 0.470797
vt 0.089590 0.463248
vt 0.094146 0.466207
vt 0.085845 0.480340
vt 0.085020 0.473098
vt 0.093149 0.476096
vt 0.020602 0.582269
vt 0.023780 0.576352
vt 0.026958 0.578832
vt 0.557479 0.286097
vt 0.560148 0.294295
vt 0.554311 0.292872
vt 0.477301 0.566478
vt 0.472078 0.571879
vt 0.016087 0.575110
vt 0.189219 0.445616
vt 0.193855 0.447251
vt 0.194002 0.452686
vt 0.484989 0.037283
vt 0.485446 0.044193
vt 0.480347 0.039435
vt 0.233146 0.521570
vt 0.236360 0.527069
vt 0.231788 0.528365
vt 0.791884 0.632643
vt 0.796186 0.631894
vt 0.795392 0.638193
vt 0.079064 0.471752
vt 0.080418 0.482301
vt 0.073691 0.490499
vt 0.072613 0.498912
vt 0.069707 0.494281
vt 0.058608 0.522124
vt 0.061935 0.526217
vt 0.056574 0.527148
vt 0.007468 0.580228
vt 0.003992 0.584318
vt 0.003621 0.579365
vt 0.497483 0.050135
vt 0.489054 0.049548
vt 0.491008 0.045411
vt 0.036230 0.553006
vt 0.028906 0.553002
vt 0.032122 0.547299
vt 0.799204 0.635399
vt 0.804046 0.635479
vt 0.801463 0.636300
vt 0.059495 0.514614
vt 0.055190 0.518194
vt 0.052462 0.512823
vt 0.183576 0.424103
vt 0.178417 0.425941
vt 0.175010 0.421922
vt 0.494953 0.063216
vt 0.500108 0.059285
vt 0.505991 0.066035
vt 0.222195 0.510158
vt 0.225248 0.502566
vt 0.225316 0.509798
vt 0.049529 0.517203
vt 0.049890 0.522247
vt 0.046097 0.519415
vt 0.048708 0.525183
vt 0.042782 0.526051
vt 0.040889 0.540291
vt 0.034449 0.535454
vt 0.043009 0.537442
vt 0.020149 0.560563
vt 0.015051 0.564081
vt 0.016217 0.556260
vt 0.215998 0.469238
vt 0.215738 0.476700
vt 0.213794 0.471759
vt 0.079549 0.464492
vt 0.073765 0.468673
vt 0.074980 0.462582
vt 0.031534 0.540964
vt 0.024125 0.544063
vt 0.026855 0.540398
vt 0.197212 0.415899
vt 0.201273 0.411225
vt 0.202210 0.417844
vt 0.191869 0.423509
vt 0.196092 0.421023
vt 0.200161 0.424870
vt 0.491013 0.024357
vt 0.496076 0.033027
vt 0.491325 0.032782
vt 0.686425 0.009229
vt 0.690456 0.007752
vt 0.691042 0.010995
vt 0.869242 0.478497
vt 0.877317 0.475457
vt 0.875650 0.480857
vt 0.506462 0.049023
vt 0.502024 0.052118
vt 0.500771 0.043945
vt 0.983814 0.428968
vt 0.986930 0.431083
vt 0.981788 0.431083
vt 0.952866 0.409631
vt 0.949389 0.404169
vt 0.953528 0.403979
vt 0.069893 0.463749
vt 0.070004 0.458616
vt 0.036851 0.513196
vt 0.043592 0.515821
vt 0.038051 0.519198
vt 0.192877 0.401380
vt 0.199676 0.401301
vt 0.195898 0.405848
vt 0.046616 0.941341
vt 0.042498 0.943765
vt 0.042498 0.934319
vt 0.219717 0.491297
vt 0.212885 0.494891
vt 0.214332 0.488736
vt 0.488740 0.012337
vt 0.488317 0.006284
vt 0.492651 0.014857
vt 0.902368 0.271999
vt 0.903395 0.277895
vt 0.897199 0.273593
vt 0.012948 0.537108
vt 0.008462 0.534028
vt 0.012143 0.532340
vt 0.182329 0.894179
vt 0.186677 0.896412
vt 0.185737 0.900967
vt 0.437310 0.602479
vt 0.441134 0.603436
vt 0.440420 0.611434
vt 0.067723 0.445647
vt 0.071866 0.449402
vt 0.066492 0.449045
vt 0.033108 0.503586
vt 0.037070 0.502217
vt 0.035395 0.507618
vt 0.170305 0.912483
vt 0.173215 0.915280
vt 0.168019 0.919451
vt 0.179267 0.894964
vt 0.808891 0.574013
vt 0.809855 0.578482
vt 0.805605 0.578379
vt 0.699063 0.814214
vt 0.701686 0.811380
vt 0.703571 0.819493
vt 0.058654 0.466140
vt 0.055257 0.460956
vt 0.062372 0.465238
vt 0.386326 0.916788
vt 0.386848 0.907704
vt 0.390320 0.911950
vt 0.290693 0.723188
vt 0.283923 0.718877
vt 0.286122 0.716041
vt 0.863575 0.714290
vt 0.869723 0.711401
vt 0.870872 0.714796
vt 0.028254 0.507022
vt 0.025715 0.514026
vt 0.020713 0.512802
vt 0.186989 0.379140
vt 0.190806 0.376548
vt 0.194028 0.379909
vt 0.735433 0.875683
vt 0.732272 0.871581
vt 0.737216 0.869790
vt 0.454555 0.211641
vt 0.457610 0.208617
vt 0.457316 0.215461
vt 0.420783 0.503724
vt 0.428050 0.505203
vt 0.424888 0.509087
vt 0.054520 0.464341
vt 0.051863 0.472059
vt 0.048127 0.471694
vt 0.184093 0.376156
vt 0.179539 0.373605
vt 0.187380 0.372579
vt 0.918855 0.817903
vt 0.913507 0.817903
vt 0.915311 0.813459
vt 0.912253 0.223019
vt 0.912787 0.227005
vt 0.906639 0.223267
vt 0.420677 0.522006
vt 0.423621 0.516635
vt 0.428329 0.521578
vt 0.676231 0.040454
vt 0.681280 0.034232
vt 0.681255 0.040247
vt 0.038148 0.484389
vt 0.033468 0.486448
vt 0.033608 0.480056
vt 0.027069 0.495387
vt 0.029112 0.490585
vt 0.032922 0.495494
vt 0.008061 0.503618
vt 0.013681 0.508893
vt 0.003885 0.510334
vt 0.179558 0.366065
vt 0.172812 0.360627
vt 0.178453 0.359863
vt 0.731351 0.880488
vt 0.413646 0.543181
vt 0.410411 0.542126
vt 0.410580 0.539032
vt 0.415631 0.538393
vt 0.419205 0.548048
vt 0.805105 0.564779
vt 0.811660 0.561982
vt 0.810904 0.567912
vt 0.696382 0.807602
vt 0.685396 0.047759
vt 0.678985 0.052508
vt 0.676819 0.049750
vt 0.675248 0.033354
vt 0.013497 0.504821
vt 0.463411 0.212492
vt 0.800401 0.567053
vt 0.804240 0.568707
vt 0.798329 0.572864
vt 0.927199 0.439535
vt 0.929578 0.448229
vt 0.922220 0.440793
vt 0.050740 0.453925
vt 0.046758 0.456494
vt 0.190529 0.356058
vt 0.184299 0.359720
vt 0.184515 0.354089
vt 0.732580 0.886754
vt 0.734730 0.880561
vt 0.194332 0.919252
vt 0.189652 0.914813
vt 0.199071 0.913052
vt 0.421041 0.557764
vt 0.418838 0.559733
vt 0.414365 0.555533
vt 0.464608 0.606154
vt 0.906639 0.349750
vt 0.913770 0.349312
vt 0.919616 0.349750
vt 0.179276 0.346152
vt 0.174146 0.347719
vt 0.175416 0.343975
vt 0.783569 0.582440
vt 0.784940 0.579521
vt 0.789725 0.579557
vt 0.060892 0.433170
vt 0.058195 0.440079
vt 0.057659 0.432679
vt 0.192175 0.343272
vt 0.197571 0.338566
vt 0.191237 0.346268
vt 0.831358 0.555478
vt 0.831555 0.551750
vt 0.835065 0.554962
vt 0.789718 0.029911
vt 0.785829 0.035532
vt 0.784200 0.032254
vt 0.891555 0.480131
vt 0.897322 0.477186
vt 0.896065 0.483235
vt 0.784766 0.567899
vt 0.791882 0.566861
vt 0.793240 0.569930
vt 0.677097 0.058959
vt 0.677611 0.064165
vt 0.673621 0.062907
vt 0.060039 0.428773
vt 0.176282 0.333511
vt 0.181594 0.334097
vt 0.178124 0.339322
vt 0.669514 0.038249
vt 0.660909 0.042473
vt 0.665046 0.037215
vt 0.043865 0.450128
vt 0.042193 0.455065
vt 0.037802 0.452969
vt 0.026930 0.465404
vt 0.034250 0.467177
vt 0.027001 0.470292
vt 0.461700 0.786117
vt 0.466225 0.786386
vt 0.465241 0.790668
vt 0.790604 0.571622
vt 0.783349 0.571591
vt 0.437269 0.532507
vt 0.435133 0.525065
vt 0.440500 0.529778
vt 0.665144 0.056340
vt 0.664456 0.053685
vt 0.670151 0.052679
vt 0.444003 0.509685
vt 0.449128 0.512612
vt 0.446255 0.515218
vt 0.062955 0.411278
vt 0.067845 0.411487
vt 0.065101 0.415230
vt 0.197890 0.330258
vt 0.194202 0.326875
vt 0.201116 0.326424
vt 0.192472 0.330956
vt 0.789080 0.039176
vt 0.795167 0.041465
vt 0.785476 0.045176
vt 0.333221 0.658938
vt 0.330491 0.662585
vt 0.334049 0.654233
vt 0.682878 0.084115
vt 0.680036 0.084480
vt 0.680048 0.081385
vt 0.673238 0.070432
vt 0.676768 0.069731
vt 0.675726 0.076816
vt 0.444875 0.521589
vt 0.441488 0.514533
vt 0.451194 0.520961
vt 0.055252 0.426279
vt 0.053625 0.432350
vt 0.049625 0.426549
vt 0.470698 0.808334
vt 0.466419 0.806795
vt 0.468096 0.797606
vt 0.470361 0.796251
vt 0.018977 0.462429
vt 0.016825 0.458843
vt 0.019782 0.457808
vt 0.645828 0.085462
vt 0.641313 0.093220
vt 0.639079 0.082714
vt 0.422682 0.592701
vt 0.418040 0.597148
vt 0.417142 0.586535
vt 0.882016 0.734738
vt 0.877338 0.738689
vt 0.875821 0.735315
vt 0.068264 0.912030
vt 0.071595 0.910754
vt 0.071627 0.916134
vt 0.932021 0.796690
vt 0.931839 0.801828
vt 0.921825 0.796690
vt 0.682052 0.099713
vt 0.687147 0.097560
vt 0.683440 0.103885
vt 0.935047 0.572080
vt 0.940833 0.569380
vt 0.943613 0.572080
vt 0.333009 0.684190
vt 0.325319 0.678698
vt 0.333105 0.676118
vt 0.441191 0.556928
vt 0.447983 0.566265
vt 0.439077 0.561941
vt 0.953426 0.905422
vt 0.953312 0.908336
vt 0.949015 0.908276
vt 0.803677 0.035028
vt 0.808181 0.037204
vt 0.800592 0.042833
vt 0.669643 0.079274
vt 0.663640 0.087459
vt 0.665395 0.077405
vt 0.044762 0.411759
vt 0.049395 0.409074
vt 0.048263 0.414910
vt 0.036538 0.431335
vt 0.031143 0.431343
vt 0.030060 0.427602
vt 0.188989 0.304546
vt 0.190405 0.299776
vt 0.196034 0.302593
vt 0.948409 0.817372
vt 0.953266 0.817403
vt 0.949645 0.822564
vt 0.800432 0.054334
vt 0.798388 0.046976
vt 0.803976 0.049518
vt 0.447616 0.571561
vt 0.442892 0.571925
vt 0.655402 0.057626
vt 0.649432 0.051805
vt 0.655364 0.047852
vt 0.638784 0.022113
vt 0.641077 0.023033
vt 0.635619 0.026742
vt 0.046241 0.419256
vt 0.039295 0.417585
vt 0.042132 0.414120
vt 0.024933 0.431921
vt 0.022495 0.435279
vt 0.026825 0.440737
vt 0.024228 0.443013
vt 0.324450 0.671796
vt 0.320338 0.667895
vt 0.325372 0.665860
vt 0.432761 0.901446
vt 0.429982 0.900906
vt 0.429872 0.897390
vt 0.435764 0.606373
vt 0.429574 0.606594
vt 0.427830 0.598567
vt 0.679158 0.106267
vt 0.672927 0.110896
vt 0.677585 0.103401
vt 0.432636 0.593891
vt 0.437170 0.593922
vt 0.198191 0.291868
vt 0.196771 0.298088
vt 0.194173 0.291129
vt 0.915875 0.457184
vt 0.910730 0.453817
vt 0.919301 0.452661
vt 0.328900 0.689236
vt 0.322081 0.690015
vt 0.323494 0.684922
vt 0.850036 0.602504
vt 0.848678 0.605452
vt 0.842788 0.605271
vt 0.644916 0.045681
vt 0.641626 0.048065
vt 0.639845 0.044034
vt 0.452123 0.564144
vt 0.456884 0.569821
vt 0.648912 0.064899
vt 0.647493 0.070712
vt 0.643559 0.068444
vt 0.647719 0.048279
vt 0.645268 0.052480
vt 0.052261 0.395516
vt 0.046973 0.394841
vt 0.052543 0.390206
vt 0.035707 0.412746
vt 0.034927 0.416511
vt 0.030382 0.412959
vt 0.023766 0.419803
vt 0.028486 0.422869
vt 0.022495 0.422952
vt 0.198766 0.283411
vt 0.194157 0.283164
vt 0.198413 0.280991
vt 0.436904 0.613390
vt 0.182234 0.273622
vt 0.184317 0.268526
vt 0.186410 0.270798
vt 0.663591 0.103093
vt 0.665532 0.094909
vt 0.038778 0.404331
vt 0.036576 0.399479
vt 0.040130 0.400921
vt 0.039639 0.393700
vt 0.204820 0.264784
vt 0.201982 0.270816
vt 0.197949 0.268533
vt 0.981788 0.078623
vt 0.986653 0.077827
vt 0.987125 0.078623
vt 0.802790 0.490476
vt 0.800507 0.777556
vt 0.806411 0.777523
vt 0.804920 0.782203
vt 0.685945 0.553094
vt 0.682510 0.551127
vt 0.686116 0.545725
vt 0.601978 0.356292
vt 0.599483 0.349829
vt 0.602815 0.346921
vt 0.123374 0.368424
vt 0.122380 0.360344
vt 0.126127 0.368139
vt 0.428080 0.449683
vt 0.595763 0.264132
vt 0.596656 0.258441
vt 0.602052 0.259291
vt 0.538732 0.024332
vt 0.540287 0.018663
vt 0.544831 0.019204
vt 0.809211 0.597474
vt 0.812718 0.592814
vt 0.816575 0.597976
vt 0.185743 0.252379
vt 0.183771 0.244156
vt 0.188506 0.247656
vt 0.928009 0.428385
vt 0.931633 0.426773
vt 0.932330 0.431057
vt 0.953322 0.787894
vt 0.953322 0.793655
vt 0.948703 0.789270
vt 0.728494 0.596886
vt 0.730242 0.601390
vt 0.725828 0.601151
vt 0.547498 0.945953
vt 0.547498 0.954049
vt 0.546708 0.950917
vt 0.793733 0.847319
vt 0.787160 0.849736
vt 0.790024 0.842195
vt 0.789568 0.523612
vt 0.785348 0.516795
vt 0.797883 0.515996
vt 0.546783 0.279284
vt 0.552868 0.281776
vt 0.545366 0.283904
vt 0.840756 0.251780
vt 0.844215 0.255680
vt 0.837530 0.254340
vt 0.135605 0.340150
vt 0.754191 0.966074
vt 0.752095 0.968086
vt 0.752297 0.965429
vt 0.935047 0.466259
vt 0.600915 0.165243
vt 0.604114 0.162476
vt 0.735080 0.587659
vt 0.729159 0.581241
vt 0.734608 0.579644
vt 0.731323 0.589921
vt 0.044944 0.129999
vt 0.048884 0.131044
vt 0.046390 0.133795
vt 0.014954 0.816072
vt 0.014497 0.800667
vt 0.017591 0.811425
vt 0.465846 0.846442
vt 0.468684 0.844959
vt 0.468599 0.851114
vt 0.632197 0.087114
vt 0.602512 0.550006
vt 0.251559 0.387932
vt 0.249806 0.380441
vt 0.256901 0.381096
vt 0.919365 0.330119
vt 0.917696 0.332308
vt 0.912676 0.329688
vt 0.312791 0.798132
vt 0.317172 0.802572
vt 0.309867 0.801152
vt 0.762879 0.802153
vt 0.765815 0.806878
vt 0.759891 0.808674
vt 0.226336 0.291793
vt 0.400753 0.585775
vt 0.403226 0.577993
vt 0.403898 0.586377
vt 0.978675 0.737393
vt 0.974084 0.737393
vt 0.979399 0.734453
vt 0.560755 0.229626
vt 0.562109 0.224028
vt 0.565007 0.227018
vt 0.032155 0.079892
vt 0.622851 0.354192
vt 0.622403 0.359084
vt 0.620844 0.352842
vt 0.632770 0.057338
vt 0.638962 0.056814
vt 0.633751 0.063090
vt 0.800830 0.001277
vt 0.805278 0.001000
vt 0.192398 0.225487
vt 0.453209 0.437672
vt 0.457278 0.429878
vt 0.458494 0.441435
vt 0.047228 0.688821
vt 0.557415 0.356266
vt 0.552944 0.352325
vt 0.558510 0.352936
vt 0.790421 0.265599
vt 0.794205 0.264869
vt 0.796131 0.269531
vt 0.335888 0.008031
vt 0.337196 0.012487
vt 0.333233 0.009985
vt 0.529506 0.059802
vt 0.529418 0.066833
vt 0.526597 0.071279
vt 0.381105 0.963201
vt 0.379064 0.960891
vt 0.381105 0.956324
vt 0.389145 0.293204
vt 0.391258 0.297683
vt 0.386285 0.292599
vt 0.598303 0.652314
vt 0.599653 0.655600
vt 0.593191 0.654842
vt 0.110937 0.108224
vt 0.164810 0.807755
vt 0.160372 0.800645
vt 0.951840 0.598617
vt 0.946321 0.596484
vt 0.953516 0.596484
vt 0.687115 0.103264
vt 0.690006 0.103684
vt 0.686331 0.115518
vt 0.845729 0.560992
vt 0.840897 0.560514
vt 0.843922 0.554819
vt 0.290793 0.693862
vt 0.291320 0.700852
vt 0.286717 0.697945
vt 0.312490 0.879713
vt 0.310160 0.880261
vt 0.311765 0.873270
vt 0.100504 0.440524
vt 0.099666 0.447085
vt 0.094707 0.446274
vt 0.575650 0.943433
vt 0.571226 0.940597
vt 0.575650 0.937883
vt 0.603311 0.228787
vt 0.603551 0.233217
vt 0.597482 0.233945
vt 0.892233 0.514372
vt 0.644478 0.878984
vt 0.637581 0.878191
vt 0.641874 0.869790
vt 0.188285 0.908599
vt 0.191684 0.910416
vt 0.627491 0.591936
vt 0.627057 0.586727
vt 0.631649 0.585025
vt 0.195381 0.192441
vt 0.194178 0.186554
vt 0.200644 0.190120
vt 0.738033 0.069211
vt 0.740199 0.074079
vt 0.831241 0.061528
vt 0.835582 0.057940
vt 0.833092 0.062964
vt 0.616124 0.685903
vt 0.617513 0.691242
vt 0.613740 0.689430
vt 0.921825 0.645739
vt 0.664787 0.024132
vt 0.656585 0.023099
vt 0.667665 0.019689
vt 0.921825 0.190701
vt 0.928287 0.190701
vt 0.925392 0.194763
vt 0.100835 0.822973
vt 0.103352 0.822747
vt 0.101332 0.831390
vt 0.098880 0.086426
vt 0.103134 0.092176
vt 0.097457 0.092200
vt 0.023227 0.619069
vt 0.021416 0.612757
vt 0.027363 0.613752
vt 0.711377 0.407542
vt 0.713921 0.401971
vt 0.225120 0.235252
vt 0.221064 0.238166
vt 0.217163 0.235990
vt 0.067049 0.542043
vt 0.325122 0.653717
vt 0.326742 0.647812
vt 0.330566 0.651221
vt 0.387355 0.467966
vt 0.383184 0.463041
vt 0.388327 0.463368
vt 0.621042 0.860097
vt 0.623119 0.854320
vt 0.626254 0.856614
vt 0.287396 0.168097
vt 0.285999 0.162568
vt 0.290990 0.166471
vt 0.815116 0.895959
vt 0.821040 0.894168
vt 0.821178 0.899077
vt 0.394835 0.635610
vt 0.399045 0.641238
vt 0.919337 0.057828
vt 0.913274 0.056905
vt 0.222279 0.804448
vt 0.220056 0.798128
vt 0.224487 0.800028
vt 0.670866 0.526148
vt 0.604701 0.214272
vt 0.607249 0.207068
vt 0.873005 0.902139
vt 0.869215 0.903984
vt 0.179549 0.590131
vt 0.180374 0.594016
vt 0.177267 0.598034
vt 0.668598 0.902469
vt 0.499187 0.077710
vt 0.502539 0.071109
vt 0.504472 0.077791
vt 0.874428 0.434844
vt 0.874154 0.427558
vt 0.878218 0.433009
vt 0.549717 0.861243
vt 0.544357 0.857850
vt 0.547550 0.856546
vt 0.631416 0.684923
vt 0.626399 0.688913
vt 0.624810 0.682275
vt 0.055955 0.699922
vt 0.049453 0.697843
vt 0.053178 0.696550
vt 0.536243 0.499184
vt 0.536242 0.492378
vt 0.541187 0.495624
vt 0.738367 0.941801
vt 0.732392 0.938694
vt 0.732007 0.934319
vt 0.123852 0.809449
vt 0.382883 0.135919
vt 0.129429 0.360126
vt 0.413255 0.376623
vt 0.409816 0.375157
vt 0.689732 0.497676
vt 0.693709 0.501033
vt 0.689501 0.505906
vt 0.350828 0.043656
vt 0.343513 0.048613
vt 0.344257 0.041512
vt 0.779587 0.519937
vt 0.241622 0.751572
vt 0.245543 0.751949
vt 0.248674 0.755252
vt 0.493917 0.585541
vt 0.030631 0.569634
vt 0.032985 0.565140
vt 0.036529 0.571800
vt 0.605744 0.248458
vt 0.700589 0.962845
vt 0.700589 0.956324
vt 0.704665 0.959151
vt 0.624253 0.187985
vt 0.622312 0.183700
vt 0.038869 0.049494
vt 0.800945 0.193024
vt 0.076825 0.288951
vt 0.071580 0.289050
vt 0.075665 0.283148
vt 0.495695 0.196903
vt 0.499956 0.196960
vt 0.500915 0.198754
vt 0.850972 0.767976
vt 0.846157 0.768858
vt 0.497566 0.777415
vt 0.504486 0.782568
vt 0.500062 0.783418
vt 0.273317 0.167965
vt 0.280065 0.167280
vt 0.274683 0.172322
vt 0.697945 0.895400
vt 0.695520 0.897905
vt 0.694974 0.893041
vt 0.287557 0.099155
vt 0.293034 0.094295
vt 0.292545 0.098729
vt 0.300901 0.448727
vt 0.297337 0.457446
vt 0.296552 0.445542
vt 0.527735 0.497452
vt 0.795123 0.590915
vt 0.799301 0.591744
vt 0.622888 0.509965
vt 0.627696 0.515420
vt 0.623114 0.518360
vt 0.584729 0.383258
vt 0.586271 0.388978
vt 0.580422 0.389476
vt 0.245846 0.288164
vt 0.793734 0.842572
vt 0.267213 0.488348
vt 0.270587 0.488774
vt 0.268826 0.497661
vt 0.675356 0.120815
vt 0.918520 0.580785
vt 0.910588 0.580518
vt 0.911313 0.576746
vt 0.486632 0.237779
vt 0.612581 0.338627
vt 0.104101 0.455993
vt 0.104404 0.460608
vt 0.971655 0.763256
vt 0.965390 0.763256
vt 0.965550 0.758959
vt 0.876214 0.836188
vt 0.049554 0.421580
vt 0.053661 0.420556
vt 0.702435 0.899021
vt 0.701062 0.904314
vt 0.700036 0.898097
vt 0.732296 0.054088
vt 0.735421 0.057715
vt 0.730577 0.060277
vt 0.603883 0.750577
vt 0.599915 0.743838
vt 0.604695 0.740359
vt 0.583906 0.354870
vt 0.585163 0.349382
vt 0.587320 0.354058
vt 0.579067 0.551865
vt 0.582851 0.550447
vt 0.585058 0.553390
vt 0.071140 0.853091
vt 0.067769 0.860541
vt 0.068527 0.854573
vt 0.533456 0.061609
vt 0.050869 0.973831
vt 0.055794 0.978172
vt 0.050869 0.979625
vt 0.419149 0.168698
vt 0.417063 0.158016
vt 0.421757 0.162714
vt 0.575586 0.186114
vt 0.574810 0.194336
vt 0.571590 0.186901
vt 0.058919 0.048469
vt 0.058330 0.054611
vt 0.054392 0.048828
vt 0.674276 0.897200
vt 0.677304 0.896966
vt 0.677763 0.899999
vt 0.083898 0.454002
vt 0.086987 0.447912
vt 0.088136 0.450942
vt 0.914288 0.741325
vt 0.918726 0.747025
vt 0.332443 0.956324
vt 0.334192 0.959381
vt 0.332443 0.963246
vt 0.407258 0.949000
vt 0.409625 0.945953
vt 0.410036 0.952856
vt 0.479750 0.840585
vt 0.478732 0.847128
vt 0.474567 0.842345
vt 0.390172 0.449764
vt 0.389580 0.453589
vt 0.604638 0.633574
vt 0.598481 0.632104
vt 0.602876 0.458714
vt 0.603704 0.453097
vt 0.606475 0.462157
vt 0.200366 0.177512
vt 0.193879 0.179538
vt 0.196666 0.174200
vt 0.744600 0.846938
vt 0.749557 0.843785
vt 0.750208 0.850663
vt 0.783078 0.027179
vt 0.782207 0.024267
vt 0.134972 0.092516
vt 0.138064 0.086906
vt 0.038231 0.912664
vt 0.039299 0.907704
vt 0.039017 0.914287
vt 0.050032 0.701607
vt 0.863733 0.433512
vt 0.863575 0.426857
vt 0.868158 0.431491
vt 0.781222 0.846722
vt 0.781574 0.840585
vt 0.784748 0.845062
vt 0.831352 0.366185
vt 0.829705 0.361123
vt 0.832629 0.359421
vt 0.694768 0.530016
vt 0.689912 0.529274
vt 0.494161 0.530839
vt 0.810370 0.663820
vt 0.805730 0.661704
vt 0.805340 0.656540
vt 0.704759 0.245502
vt 0.700227 0.240332
vt 0.386129 0.412594
vt 0.380924 0.414492
vt 0.381239 0.407142
vt 0.331801 0.334523
vt 0.657646 0.743102
vt 0.659116 0.737046
vt 0.663212 0.744685
vt 0.402717 0.559213
vt 0.403470 0.566069
vt 0.182743 0.856642
vt 0.189352 0.855886
vt 0.187489 0.858543
vt 0.906639 0.392585
vt 0.867646 0.090115
vt 0.866754 0.086518
vt 0.873813 0.089998
vt 0.372262 0.389016
vt 0.367715 0.394396
vt 0.368197 0.388245
vt 0.191438 0.120376
vt 0.192230 0.122708
vt 0.186416 0.119437
vt 0.505176 0.875727
vt 0.508748 0.876605
vt 0.506679 0.882921
vt 0.269546 0.319442
vt 0.263571 0.319326
vt 0.266917 0.313411
vt 0.848372 0.457355
vt 0.520321 0.791543
vt 0.893119 0.138119
vt 0.894653 0.144876
vt 0.890450 0.140869
vt 0.681579 0.461733
vt 0.684118 0.453067
vt 0.289820 0.246705
vt 0.285092 0.242222
vt 0.637290 0.810475
vt 0.641835 0.805984
vt 0.877540 0.024737
vt 0.879994 0.027614
vt 0.870757 0.026659
vt 0.981788 0.358319
vt 0.985070 0.356478
vt 0.986983 0.358319
vt 0.092939 0.612741
vt 0.087198 0.615407
vt 0.089849 0.608388
vt 0.898095 0.811893
vt 0.893678 0.807619
vt 0.898996 0.805806
vt 0.494075 0.253245
vt 0.488046 0.255613
vt 0.861931 0.978198
vt 0.865497 0.973831
vt 0.865497 0.979420
vt 0.400771 0.936928
vt 0.404186 0.934320
vt 0.402918 0.939349
vt 0.529243 0.541977
vt 0.530978 0.548698
vt 0.385000 0.363668
vt 0.384355 0.360065
vt 0.390086 0.362371
vt 0.303958 0.435629
vt 0.301926 0.443373
vt 0.298962 0.438543
vt 0.815519 0.281389
vt 0.809907 0.276946
vt 0.813969 0.274135
vt 0.203044 0.164599
vt 0.196973 0.160583
vt 0.201597 0.160814
vt 0.250997 0.750083
vt 0.257606 0.752734
vt 0.252421 0.755220
vt 0.416934 0.075531
vt 0.408488 0.073234
vt 0.413417 0.070010
vt 0.674200 0.893320
vt 0.674483 0.890979
vt 0.677636 0.890926
vt 0.095965 0.138726
vt 0.244039 0.315964
vt 0.239465 0.312967
vt 0.246268 0.310210
vt 0.053468 0.168577
vt 0.061333 0.165050
vt 0.057539 0.169853
vt 0.600804 0.160093
vt 0.602889 0.153421
vt 0.656067 0.846178
vt 0.661481 0.848390
vt 0.452209 0.993111
vt 0.448654 0.993111
vt 0.451289 0.988822
vt 0.398112 0.296767
vt 0.393463 0.298461
vt 0.391612 0.294994
vt 0.804741 0.263214
vt 0.800258 0.259337
vt 0.806260 0.260545
vt 0.457741 0.423838
vt 0.453373 0.426597
vt 0.449000 0.422728
vt 0.791730 0.424179
vt 0.791125 0.428170
vt 0.782716 0.424731
vt 0.796640 0.510741
vt 0.805741 0.510446
vt 0.233483 0.806822
vt 0.232099 0.800625
vt 0.235409 0.804427
vt 0.687464 0.230819
vt 0.688578 0.236573
vt 0.683220 0.234205
vt 0.069698 0.601224
vt 0.184403 0.551647
vt 0.188461 0.551291
vt 0.419944 0.884566
vt 0.419883 0.880527
vt 0.424968 0.884179
vt 0.541720 0.303020
vt 0.544151 0.307991
vt 0.535825 0.307692
vt 0.329371 0.693142
vt 0.334049 0.695555
vt 0.328330 0.697444
vt 0.397464 0.515522
vt 0.400037 0.511137
vt 0.401885 0.515361
vt 0.578103 0.366440
vt 0.575523 0.362851
vt 0.578335 0.361142
vt 0.704484 0.168728
vt 0.708640 0.168860
vt 0.701025 0.174558
vt 0.137078 0.963264
vt 0.134123 0.958480
vt 0.137078 0.956324
vt 0.275902 0.642767
vt 0.280673 0.642318
vt 0.277944 0.646673
vt 0.621607 0.284151
vt 0.616890 0.284627
vt 0.619782 0.276250
vt 0.747017 0.459010
vt 0.795329 0.749162
vt 0.794786 0.744030
vt 0.755180 0.676171
vt 0.756167 0.684277
vt 0.751886 0.676139
vt 0.950601 0.535807
vt 0.953658 0.537098
vt 0.946061 0.537098
vt 0.364115 0.155500
vt 0.357867 0.158119
vt 0.358663 0.154870
vt 0.029154 0.018191
vt 0.025267 0.016999
vt 0.024967 0.015160
vt 0.409480 0.627631
vt 0.008799 0.611351
vt 0.851539 0.177904
vt 0.853591 0.180682
vt 0.848369 0.182502
vt 0.610556 0.303738
vt 0.609957 0.308929
vt 0.605093 0.307964
vt 0.375714 0.436744
vt 0.381316 0.435204
vt 0.380789 0.440104
vt 0.411634 0.101949
vt 0.419439 0.097995
vt 0.417537 0.105592
vt 0.394010 0.342817
vt 0.389024 0.341687
vt 0.225569 0.758662
vt 0.226509 0.754270
vt 0.233226 0.757241
vt 0.744412 0.333319
vt 0.742883 0.327787
vt 0.206023 0.676034
vt 0.202454 0.673181
vt 0.906639 0.880425
vt 0.912594 0.877877
vt 0.911191 0.882007
vt 0.663618 0.327047
vt 0.663232 0.332804
vt 0.041369 0.883816
vt 0.040579 0.887737
vt 0.035085 0.886442
vt 0.302502 0.455789
vt 0.637659 0.624608
vt 0.639170 0.631049
vt 0.634633 0.624997
vt 0.876489 0.635617
vt 0.869448 0.632899
vt 0.874422 0.631374
vt 0.113619 0.984838
vt 0.111659 0.981853
vt 0.115768 0.982391
vt 0.568554 0.058739
vt 0.574195 0.064616
vt 0.569988 0.067054
vt 0.437322 0.637580
vt 0.442712 0.642581
vt 0.440713 0.645924
vt 0.419135 0.146573
vt 0.419482 0.154353
vt 0.414603 0.152894
vt 0.535636 0.782937
vt 0.535888 0.786285
vt 0.531241 0.785694
vt 0.398722 0.343529
vt 0.841920 0.451483
vt 0.299759 0.177125
vt 0.294997 0.181807
vt 0.294891 0.177570
vt 0.195517 0.241877
vt 0.196424 0.246613
vt 0.192825 0.245865
vt 0.851354 0.714024
vt 0.229020 0.522291
vt 0.229047 0.516070
vt 0.234343 0.518441
vt 0.324248 0.345738
vt 0.319913 0.344182
vt 0.621327 0.655936
vt 0.617095 0.658450
vt 0.292870 0.421062
vt 0.295483 0.418142
vt 0.604068 0.447484
vt 0.608367 0.449392
vt 0.134263 0.882733
vt 0.835509 0.361550
vt 0.183039 0.064607
vt 0.182328 0.057207
vt 0.187012 0.060062
vt 0.503580 0.791848
vt 0.468685 0.155257
vt 0.466518 0.148034
vt 0.471575 0.150731
vt 0.787828 0.761865
vt 0.783460 0.762042
vt 0.785404 0.757103
vt 0.306743 0.816427
vt 0.311544 0.814462
vt 0.310226 0.819392
vt 0.243043 0.639609
vt 0.245720 0.634828
vt 0.246721 0.639832
vt 0.061678 0.372093
vt 0.197446 0.251621
vt 0.194073 0.248062
vt 0.842967 0.794339
vt 0.850141 0.793092
vt 0.845524 0.798439
vt 0.387827 0.445331
vt 0.118055 0.824346
vt 0.115497 0.815617
vt 0.120578 0.820531
vt 0.382892 0.612653
vt 0.380304 0.620186
vt 0.378228 0.614878
vt 0.220474 0.755660
vt 0.457828 0.114686
vt 0.751152 0.923950
vt 0.756881 0.927377
vt 0.749730 0.927927
vt 0.110584 0.463780
vt 0.103996 0.464754
vt 0.569924 0.800262
vt 0.565877 0.805364
vt 0.564197 0.801816
vt 0.445438 0.322713
vt 0.448964 0.325420
vt 0.721124 0.191023
vt 0.717100 0.189998
vt 0.790467 0.242600
vt 0.797485 0.241295
vt 0.798434 0.243710
vt 0.622798 0.063286
vt 0.630092 0.066753
vt 0.622550 0.074140
vt 0.890865 0.047743
vt 0.894708 0.050968
vt 0.893086 0.052129
vt 0.421411 0.393519
vt 0.425450 0.402689
vt 0.421457 0.401844
vt 0.128701 0.052598
vt 0.134902 0.053448
vt 0.132574 0.058122
vt 0.534545 0.001000
vt 0.536014 0.005887
vt 0.533613 0.002765
vt 0.053095 0.151195
vt 0.054423 0.157193
vt 0.048131 0.155476
vt 0.439835 0.550075
vt 0.435439 0.551798
vt 0.436152 0.546241
vt 0.337373 0.253731
vt 0.337624 0.257239
vt 0.331362 0.254948
vt 0.658848 0.310545
vt 0.661780 0.304929
vt 0.665651 0.309437
vt 0.416302 0.535488
vt 0.411548 0.535687
vt 0.811099 0.414217
vt 0.806918 0.417434
vt 0.805574 0.412956
vt 0.288081 0.447845
vt 0.281659 0.448172
vt 0.288230 0.443739
vt 0.059192 0.469633
vt 0.065751 0.466544
vt 0.065178 0.474523
vt 0.509720 0.678958
vt 0.505938 0.678092
vt 0.512857 0.673849
vt 0.412399 0.146926
vt 0.411190 0.142281
vt 0.415896 0.143953
vt 0.596424 0.251020
vt 0.490893 0.228131
vt 0.486891 0.229480
vt 0.487819 0.223624
vt 0.238566 0.264676
vt 0.231315 0.267892
vt 0.234256 0.261462
vt 0.548457 0.374201
vt 0.548710 0.382430
vt 0.545934 0.381911
vt 0.542940 0.393858
vt 0.546484 0.395356
vt 0.279739 0.261164
vt 0.455159 0.957276
vt 0.455159 0.963068
vt 0.451949 0.960071
vt 0.671045 0.508188
vt 0.668530 0.502784
vt 0.420115 0.519998
vt 0.412174 0.516640
vt 0.804064 0.592216
vt 0.416398 0.204864
vt 0.359477 0.258099
vt 0.949147 0.432293
vt 0.953630 0.435423
vt 0.949549 0.434679
vt 0.323449 0.706160
vt 0.184698 0.025164
vt 0.178472 0.023372
vt 0.049150 0.340870
vt 0.043675 0.339684
vt 0.050267 0.337860
vt 0.674303 0.294115
vt 0.682075 0.293124
vt 0.678786 0.294869
vt 0.054261 0.605552
vt 0.049391 0.600233
vt 0.052805 0.596566
vt 0.617972 0.780930
vt 0.621271 0.781444
vt 0.621223 0.784307
vt 0.457245 0.512902
vt 0.455350 0.515113
vt 0.087974 0.424173
vt 0.084668 0.417762
vt 0.088116 0.417231
vt 0.733385 0.904415
vt 0.729238 0.903294
vt 0.733385 0.895940
vt 0.467623 0.317611
vt 0.466587 0.320290
vt 0.136294 0.795676
vt 0.137465 0.802368
vt 0.132752 0.799997
vt 0.752921 0.162435
vt 0.751075 0.160336
vt 0.756271 0.157807
vt 0.192541 0.098975
vt 0.195706 0.104074
vt 0.188705 0.103086
vt 0.955926 0.511500
vt 0.963028 0.511500
vt 0.958018 0.515515
vt 0.190311 0.407147
vt 0.190167 0.416330
vt 0.186035 0.413169
vt 0.617997 0.911726
vt 0.613141 0.915313
vt 0.613141 0.907703
vt 0.284149 0.134117
vt 0.284869 0.136689
vt 0.280741 0.134285
vt 0.345332 0.856260
vt 0.342623 0.851879
vt 0.179295 0.963159
vt 0.178761 0.959742
vt 0.183477 0.957644
vt 0.175826 0.366043
vt 0.175052 0.371550
vt 0.678750 0.353151
vt 0.674446 0.348733
vt 0.680069 0.346598
vt 0.805792 0.087063
vt 0.036359 0.531939
vt 0.380202 0.825636
vt 0.378748 0.828851
vt 0.374987 0.825657
vt 0.211370 0.904906
vt 0.206439 0.901576
vt 0.216930 0.901118
vt 0.944678 0.957681
vt 0.948604 0.956324
vt 0.949859 0.962806
vt 0.937538 0.499940
vt 0.943581 0.504278
vt 0.935047 0.503966
vt 0.162227 0.863889
vt 0.158374 0.866470
vt 0.157151 0.863062
vt 0.509688 0.697810
vt 0.503305 0.701538
vt 0.506806 0.695199
vt 0.125908 0.352544
vt 0.125227 0.349594
vt 0.131304 0.350326
vt 0.280403 0.693849
vt 0.201891 0.244065
vt 0.626555 0.173735
vt 0.537113 0.379809
vt 0.535714 0.382326
vt 0.532834 0.383788
vt 0.752460 0.789580
vt 0.652489 0.738963
vt 0.646629 0.739546
vt 0.649620 0.736214
vt 0.134448 0.076177
vt 0.700817 0.794625
vt 0.696811 0.788277
vt 0.703681 0.786407
vt 0.799730 0.008779
vt 0.586480 0.395346
vt 0.585912 0.400311
vt 0.579114 0.400003
vt 0.663192 0.246184
vt 0.387788 0.282287
vt 0.384148 0.284533
vt 0.383895 0.277239
vt 0.368191 0.408133
vt 0.273845 0.155203
vt 0.271457 0.149026
vt 0.277958 0.149944
vt 0.374329 0.628770
vt 0.957369 0.010110
vt 0.955926 0.004242
vt 0.959060 0.003831
vt 0.320347 0.019745
vt 0.435244 0.723978
vt 0.434734 0.716451
vt 0.440480 0.720842
vt 0.695781 0.399697
vt 0.691860 0.403065
vt 0.045174 0.602867
vt 0.049642 0.605013
vt 0.855345 0.388188
vt 0.857989 0.390195
vt 0.851059 0.394002
vt 0.152575 0.026471
vt 0.154310 0.032647
vt 0.302261 0.538179
vt 0.306974 0.543906
vt 0.302354 0.546050
vt 0.047691 0.126832
vt 0.051608 0.126598
vt 0.050854 0.064642
vt 0.981788 0.010855
vt 0.984521 0.008476
vt 0.987079 0.010855
vt 0.057265 0.317706
vt 0.816922 0.862734
vt 0.819218 0.858669
vt 0.823658 0.860447
vt 0.887969 0.454377
vt 0.895812 0.460601
vt 0.890816 0.462298
vt 0.353005 0.067818
vt 0.358720 0.070356
vt 0.349984 0.074657
vt 0.102190 0.795976
vt 0.105197 0.791709
vt 0.742626 0.706896
vt 0.737198 0.714455
vt 0.490346 0.239410
vt 0.492485 0.234306
vt 0.053158 0.222724
vt 0.049667 0.218757
vt 0.051273 0.216713
vt 0.615924 0.364093
vt 0.239211 0.332101
vt 0.232988 0.331597
vt 0.238015 0.328644
vt 0.354909 0.554258
vt 0.357235 0.143208
vt 0.354051 0.135763
vt 0.182094 0.029676
vt 0.184786 0.028975
vt 0.183626 0.033384
vt 0.616239 0.279703
vt 0.612824 0.280559
vt 0.611160 0.476573
vt 0.612920 0.479609
vt 0.609903 0.480262
vt 0.572496 0.801721
vt 0.624544 0.587213
vt 0.736999 0.334046
vt 0.733375 0.333548
vt 0.735458 0.330212
vt 0.297462 0.304328
vt 0.297048 0.310956
vt 0.294367 0.305792
vt 0.238107 0.850494
vt 0.240021 0.854344
vt 0.780803 0.979409
vt 0.783102 0.975538
vt 0.785064 0.978257
vt 0.688633 0.470342
vt 0.409636 0.334168
vt 0.413681 0.329557
vt 0.415948 0.335555
vt 0.146592 0.026239
vt 0.232702 0.462919
vt 0.239527 0.459536
vt 0.237974 0.464155
vt 0.663080 0.368986
vt 0.261407 0.388668
vt 0.255761 0.389379
vt 0.624989 0.372061
vt 0.625895 0.378448
vt 0.619455 0.376828
vt 0.366565 0.283316
vt 0.359415 0.285461
vt 0.286189 0.017915
vt 0.290790 0.015410
vt 0.202525 0.208059
vt 0.199270 0.212041
vt 0.198217 0.208204
vt 0.062803 0.981852
vt 0.065701 0.986635
vt 0.061363 0.986635
vt 0.819570 0.033171
vt 0.815685 0.036211
vt 0.812838 0.033433
vt 0.840963 0.033332
vt 0.839013 0.034081
vt 0.287792 0.038113
vt 0.285816 0.043272
vt 0.284211 0.041049
vt 0.292771 0.028062
vt 0.551313 0.818969
vt 0.553436 0.821896
vt 0.548344 0.819749
vt 0.243775 0.303248
vt 0.247507 0.299429
vt 0.252050 0.302327
vt 0.040651 0.151297
vt 0.043676 0.155603
vt 0.041227 0.158081
vt 0.490683 0.696092
vt 0.714425 0.336044
vt 0.712577 0.328233
vt 0.716165 0.332023
vt 0.911859 0.131733
vt 0.906639 0.128538
vt 0.913862 0.126123
vt 0.799911 0.682397
vt 0.802143 0.687901
vt 0.797166 0.684224
vt 0.298889 0.499462
vt 0.296610 0.494543
vt 0.301129 0.493124
vt 0.187797 0.398917
vt 0.188010 0.392402
vt 0.195856 0.396693
vt 0.791696 0.008183
vt 0.795136 0.002941
vt 0.795598 0.008406
vt 0.455481 0.418957
vt 0.459423 0.413183
vt 0.461294 0.418743
vt 0.280159 0.790204
vt 0.812421 0.418679
vt 0.877230 0.900310
vt 0.357992 0.106141
vt 0.362277 0.107223
vt 0.536664 0.542619
vt 0.538369 0.547179
vt 0.534518 0.548425
vt 0.493967 0.572898
vt 0.495934 0.579413
vt 0.490055 0.577402
vt 0.261854 0.314400
vt 0.256999 0.310261
vt 0.579885 0.415898
vt 0.585886 0.411945
vt 0.586612 0.414526
vt 0.494013 0.083194
vt 0.494300 0.076593
vt 0.497523 0.080567
vt 0.358340 0.090860
vt 0.364669 0.095183
vt 0.363014 0.098309
vt 0.189993 0.061778
vt 0.190496 0.056126
vt 0.192537 0.058317
vt 0.293823 0.716212
vt 0.827661 0.618983
vt 0.827115 0.613229
vt 0.830713 0.613240
vt 0.457362 0.023204
vt 0.459763 0.030634
vt 0.432951 0.383761
vt 0.429916 0.389753
vt 0.427726 0.375182
vt 0.870108 0.006431
vt 0.867709 0.003398
vt 0.875389 0.004088
vt 0.644263 0.019016
vt 0.640272 0.017219
vt 0.644419 0.015458
vt 0.284799 0.287074
vt 0.278770 0.286870
vt 0.265267 0.790049
vt 0.261720 0.796542
vt 0.261200 0.788292
vt 0.877814 0.447221
vt 0.875329 0.443537
vt 0.883943 0.446099
vt 0.457193 0.902835
vt 0.453283 0.904903
vt 0.457849 0.898117
vt 0.454795 0.190332
vt 0.457984 0.186104
vt 0.482821 0.087154
vt 0.487571 0.069575
vt 0.480167 0.067527
vt 0.481593 0.065832
vt 0.453157 0.090690
vt 0.454825 0.085166
vt 0.363486 0.205497
vt 0.366590 0.211142
vt 0.361679 0.213414
vt 0.544152 0.219957
vt 0.544114 0.226218
vt 0.539632 0.225688
vt 0.674818 0.500357
vt 0.608134 0.452708
vt 0.069710 0.276628
vt 0.071697 0.271863
vt 0.480166 0.606335
vt 0.795032 0.370343
vt 0.801839 0.369088
vt 0.802738 0.372898
vt 0.642596 0.035785
vt 0.651854 0.031531
vt 0.650217 0.036774
vt 0.605443 0.519469
vt 0.609013 0.527141
vt 0.606961 0.528438
vt 0.448556 0.713360
vt 0.426811 0.463884
vt 0.421217 0.465937
vt 0.417999 0.461565
vt 0.867393 0.940312
vt 0.867393 0.934319
vt 0.871470 0.935900
vt 0.477690 0.027798
vt 0.481102 0.032974
vt 0.477460 0.034647
vt 0.342196 0.081463
vt 0.343539 0.088814
vt 0.190832 0.282550
vt 0.188349 0.278209
vt 0.193029 0.277396
vt 0.442677 0.116295
vt 0.812015 0.399556
vt 0.815847 0.395864
vt 0.818362 0.399627
vt 0.059123 0.914347
vt 0.440420 0.198989
vt 0.439320 0.202565
vt 0.435364 0.203654
vt 0.873157 0.671470
vt 0.874258 0.665089
vt 0.876667 0.671525
vt 0.357668 0.270216
vt 0.353150 0.268519
vt 0.755546 0.845143
vt 0.435183 0.800163
vt 0.432676 0.806852
vt 0.429024 0.803039
vt 0.623588 0.164872
vt 0.620001 0.168328
vt 0.030862 0.528775
vt 0.027031 0.521617
vt 0.035093 0.526151
vt 0.428843 0.167069
vt 0.873324 0.424034
vt 0.170953 0.785933
vt 0.167988 0.789865
vt 0.163403 0.785002
vt 0.921825 0.778137
vt 0.932226 0.778137
vt 0.928844 0.780637
vt 0.348776 0.880256
vt 0.350601 0.885593
vt 0.346664 0.883907
vt 0.429227 0.324249
vt 0.428089 0.330780
vt 0.509486 0.716654
vt 0.508765 0.721650
vt 0.504095 0.717813
vt 0.663243 0.785632
vt 0.660590 0.784511
vt 0.664059 0.779706
vt 0.968118 0.872008
vt 0.970237 0.869751
vt 0.971662 0.873193
vt 0.206248 0.929639
vt 0.203893 0.925968
vt 0.207797 0.927374
vt 0.778628 0.844455
vt 0.776485 0.846618
vt 0.772337 0.845016
vt 0.360183 0.302309
vt 0.360137 0.307593
vt 0.356100 0.303703
vt 0.240398 0.299175
vt 0.467099 0.603268
vt 0.458484 0.598028
vt 0.459042 0.593527
vt 0.188590 0.786404
vt 0.187952 0.791344
vt 0.184950 0.786394
vt 0.262325 0.541767
vt 0.264212 0.549857
vt 0.656572 0.687406
vt 0.663576 0.684447
vt 0.663288 0.690207
vt 0.747539 0.175856
vt 0.363125 0.420622
vt 0.364930 0.415210
vt 0.367365 0.418509
vt 0.090515 0.638480
vt 0.095061 0.639317
vt 0.091442 0.644754
vt 0.042982 0.706826
vt 0.606011 0.643835
vt 0.613106 0.646471
vt 0.607853 0.649120
vt 0.015606 0.893464
vt 0.009112 0.898648
vt 0.009821 0.894812
vt 0.412399 0.062504
vt 0.417676 0.063319
vt 0.416611 0.069095
vt 0.563496 0.221577
vt 0.565394 0.223675
vt 0.299997 0.954034
vt 0.299997 0.945953
vt 0.303726 0.946628
vt 0.334837 0.454975
vt 0.656649 0.301973
vt 0.621039 0.840585
vt 0.625579 0.842530
vt 0.620499 0.845888
vt 0.817404 0.514356
vt 0.811223 0.509612
vt 0.488098 0.846792
vt 0.265246 0.899901
vt 0.263446 0.904774
vt 0.257395 0.901079
vt 0.001000 0.910936
vt 0.005425 0.916398
vt 0.001000 0.919807
vt 0.979324 0.750562
vt 0.974084 0.750562
vt 0.974664 0.746005
vt 0.454935 0.724324
vt 0.454150 0.720804
vt 0.459819 0.722099
vt 0.025875 0.523913
vt 0.026835 0.528511
vt 0.520111 0.817254
vt 0.523142 0.819327
vt 0.520313 0.823626
vt 0.165473 0.988822
vt 0.165473 0.993267
vt 0.162496 0.989604
vt 0.334164 0.381539
vt 0.338185 0.378654
vt 0.339968 0.382043
vt 0.709088 0.661455
vt 0.705135 0.663024
vt 0.705548 0.657098
vt 0.304804 0.937441
vt 0.309284 0.934319
vt 0.309284 0.939126
vt 0.807914 0.614187
vt 0.810077 0.609603
vt 0.812973 0.613403
vt 0.892855 0.219094
vt 0.895115 0.222812
vt 0.887969 0.221199
vt 0.196720 0.196543
vt 0.284508 0.250459
vt 0.180877 0.377991
vt 0.177022 0.382605
vt 0.176773 0.376491
vt 0.763995 0.787805
vt 0.760602 0.789346
vt 0.760105 0.784062
vt 0.982396 0.426968
vt 0.981788 0.423270
vt 0.986853 0.423270
vt 0.657354 0.321069
vt 0.664098 0.316864
vt 0.574637 0.463748
vt 0.577328 0.465116
vt 0.548235 0.419749
vt 0.376018 0.425147
vt 0.375694 0.417617
vt 0.382095 0.422283
vt 0.262593 0.220707
vt 0.609269 0.679483
vt 0.616543 0.679670
vt 0.567974 0.110026
vt 0.571713 0.104944
vt 0.577745 0.107450
vt 0.220980 0.312197
vt 0.225261 0.313254
vt 0.223969 0.317625
vt 0.192168 0.150130
vt 0.195753 0.149617
vt 0.192216 0.152587
vt 0.906639 0.614840
vt 0.911003 0.612452
vt 0.912754 0.614720
vt 0.388538 0.234842
vt 0.390728 0.227760
vt 0.395014 0.231882
vt 0.619573 0.522600
vt 0.617732 0.529372
vt 0.682203 0.201726
vt 0.685244 0.198519
vt 0.648236 0.060736
vt 0.859228 0.004498
vt 0.856736 0.011728
vt 0.852787 0.005289
vt 0.863575 0.461782
vt 0.869950 0.460759
vt 0.869966 0.465430
vt 0.707752 0.519611
vt 0.712901 0.518658
vt 0.711304 0.527590
vt 0.869913 0.834095
vt 0.874176 0.837324
vt 0.868450 0.837324
vt 0.032741 0.472059
vt 0.562180 0.214290
vt 0.559303 0.217784
vt 0.484906 0.573442
vt 0.226661 0.303110
vt 0.226395 0.309466
vt 0.256177 0.198538
vt 0.249628 0.201576
vt 0.249410 0.195605
vt 0.433103 0.599878
vt 0.894862 0.683269
vt 0.890270 0.678770
vt 0.898299 0.678770
vt 0.191153 0.814940
vt 0.193846 0.818975
vt 0.187436 0.816599
vt 0.126881 0.945953
vt 0.132421 0.949992
vt 0.127561 0.953299
vt 0.863575 0.223503
vt 0.645265 0.110372
vt 0.041299 0.909490
vt 0.046495 0.907703
vt 0.044728 0.910288
vt 0.680012 0.338675
vt 0.675242 0.345342
vt 0.057053 0.189455
vt 0.930392 0.037518
vt 0.925669 0.041232
vt 0.921825 0.037518
vt 0.661975 0.069642
vt 0.657042 0.066718
vt 0.661584 0.062732
vt 0.287109 0.155303
vt 0.290427 0.159513
vt 0.283599 0.160409
vt 0.367016 0.571488
vt 0.359438 0.571001
vt 0.348788 0.371143
vt 0.353600 0.375457
vt 0.350971 0.378497
vt 0.313616 0.930376
vt 0.318257 0.926587
vt 0.317382 0.931847
vt 0.233731 0.273654
vt 0.229586 0.271981
vt 0.724587 0.463835
vt 0.725473 0.469204
vt 0.722044 0.465445
vt 0.609560 0.712084
vt 0.605757 0.705592
vt 0.605624 0.699506
vt 0.874267 0.446788
vt 0.870651 0.441776
vt 0.042979 0.973831
vt 0.045482 0.977034
vt 0.042979 0.979755
vt 0.313308 0.865950
vt 0.311135 0.859470
vt 0.313791 0.859185
vt 0.036493 0.825823
vt 0.405301 0.919431
vt 0.405301 0.907703
vt 0.407981 0.909556
vt 0.078584 0.511630
vt 0.610832 0.795378
vt 0.610093 0.801203
vt 0.539748 0.085070
vt 0.256167 0.356359
vt 0.253607 0.361236
vt 0.250438 0.356172
vt 0.927011 0.847210
vt 0.932013 0.849204
vt 0.922186 0.851339
vt 0.045644 0.628209
vt 0.048457 0.623979
vt 0.052045 0.628528
vt 0.338984 0.284220
vt 0.331955 0.285821
vt 0.334978 0.279417
vt 0.616398 0.717057
vt 0.618675 0.722080
vt 0.614046 0.722830
vt 0.459863 0.552749
vt 0.784544 0.001743
vt 0.788922 0.003425
vt 0.783871 0.008031
vt 0.217833 0.579736
vt 0.218132 0.577160
vt 0.913986 0.836054
vt 0.913861 0.830648
vt 0.918777 0.835762
vt 0.285090 0.179725
vt 0.261131 0.452970
vt 0.261846 0.462814
vt 0.256438 0.458801
vt 0.306458 0.876386
vt 0.302257 0.874937
vt 0.300727 0.869790
vt 0.300040 0.571668
vt 0.292613 0.575139
vt 0.297044 0.569404
vt 0.224413 0.812683
vt 0.219417 0.821731
vt 0.220508 0.813722
vt 0.536284 0.840585
vt 0.535099 0.846653
vt 0.532468 0.842851
vt 0.568572 0.246894
vt 0.573298 0.251551
vt 0.566575 0.252606
vt 0.568373 0.211039
vt 0.485836 0.893037
vt 0.485139 0.898170
vt 0.481622 0.895074
vt 0.018192 0.898638
vt 0.022978 0.898111
vt 0.019158 0.905538
vt 0.902664 0.810919
vt 0.897121 0.702432
vt 0.896511 0.704214
vt 0.887969 0.703275
vt 0.946061 0.718374
vt 0.946061 0.714258
vt 0.953438 0.716959
vt 0.423459 0.410798
vt 0.423104 0.421024
vt 0.420213 0.417670
vt 0.802080 0.501335
vt 0.809358 0.500845
vt 0.809271 0.503548
vt 0.411905 0.287015
vt 0.568673 0.433592
vt 0.252277 0.226013
vt 0.551055 0.298612
vt 0.546167 0.299912
vt 0.545525 0.292508
vt 0.288870 0.231504
vt 0.293682 0.228020
vt 0.294230 0.235162
vt 0.418452 0.551677
vt 0.423582 0.557612
vt 0.703263 0.040095
vt 0.708395 0.040910
vt 0.706272 0.046364
vt 0.524700 0.501193
vt 0.523746 0.499165
vt 0.578557 0.921975
vt 0.580626 0.928721
vt 0.578557 0.931776
vt 0.697061 0.480836
vt 0.697269 0.485445
vt 0.622229 0.497444
vt 0.616380 0.491728
vt 0.623477 0.489212
vt 0.062496 0.877509
vt 0.058299 0.877784
vt 0.654446 0.948199
vt 0.661583 0.945953
vt 0.661583 0.953681
vt 0.651431 0.126033
vt 0.963155 0.461574
vt 0.955926 0.461574
vt 0.959532 0.459546
vt 0.746039 0.130731
vt 0.749411 0.129507
vt 0.747280 0.135005
vt 0.023555 0.691262
vt 0.028958 0.694203
vt 0.025367 0.698928
vt 0.928577 0.008855
vt 0.929983 0.013395
vt 0.923044 0.009476
vt 0.078961 0.292550
vt 0.078357 0.300025
vt 0.073712 0.295141
vt 0.626490 0.741491
vt 0.632306 0.742893
vt 0.620357 0.295701
vt 0.614240 0.299477
vt 0.614541 0.294368
vt 0.895831 0.794674
vt 0.887969 0.795911
vt 0.887975 0.792005
vt 0.563519 0.381054
vt 0.571841 0.380973
vt 0.568824 0.388053
vt 0.031937 0.356258
vt 0.029083 0.358008
vt 0.029866 0.352723
vt 0.280459 0.315180
vt 0.274663 0.312264
vt 0.055237 0.489443
vt 0.061051 0.490092
vt 0.055805 0.492969
vt 0.618318 0.617329
vt 0.616392 0.611917
vt 0.620497 0.609661
vt 0.520238 0.068827
vt 0.523567 0.065803
vt 0.268286 0.445957
vt 0.263387 0.443064
vt 0.267112 0.442056
vt 0.429355 0.112023
vt 0.427778 0.119629
vt 0.421926 0.112703
vt 0.698991 0.183671
vt 0.700643 0.189274
vt 0.694288 0.188545
vt 0.359534 0.280630
vt 0.962911 0.738946
vt 0.955926 0.738946
vt 0.956226 0.734645
vt 0.076347 0.587429
vt 0.971927 0.096134
vt 0.965390 0.096134
vt 0.968198 0.092127
vt 0.670841 0.314876
vt 0.670470 0.305822
vt 0.673572 0.309605
vt 0.321740 0.872238
vt 0.322007 0.877603
vt 0.318136 0.876751
vt 0.578227 0.099483
vt 0.976391 0.384130
vt 0.974084 0.380794
vt 0.979506 0.380794
vt 0.488006 0.797588
vt 0.487042 0.799471
vt 0.485136 0.792424
vt 0.187786 0.847053
vt 0.190572 0.843669
vt 0.190028 0.848711
vt 0.055699 0.643755
vt 0.061304 0.642711
vt 0.056790 0.647431
vt 0.199021 0.274200
vt 0.194121 0.271135
vt 0.359143 0.372140
vt 0.366444 0.374139
vt 0.362514 0.377246
vt 0.032949 0.024707
vt 0.036161 0.026830
vt 0.020937 0.589860
vt 0.025117 0.595580
vt 0.150683 0.046944
vt 0.153559 0.041551
vt 0.431133 0.370585
vt 0.426294 0.363630
vt 0.966440 0.695834
vt 0.971772 0.698361
vt 0.965390 0.698361
vt 0.601785 0.396335
vt 0.602309 0.392702
vt 0.608614 0.394127
vt 0.746971 0.885066
vt 0.742010 0.877048
vt 0.745085 0.876307
vt 0.298416 0.577347
vt 0.946061 0.030047
vt 0.953855 0.030047
vt 0.949780 0.032947
vt 0.026682 0.370402
vt 0.034350 0.377085
vt 0.026692 0.375661
vt 0.614364 0.071638
vt 0.619038 0.067805
vt 0.227275 0.825890
vt 0.227971 0.831405
vt 0.223535 0.828827
vt 0.582726 0.533248
vt 0.587265 0.533491
vt 0.582970 0.536559
vt 0.874374 0.501853
vt 0.881401 0.496637
vt 0.880166 0.505599
vt 0.423128 0.152198
vt 0.758262 0.843054
vt 0.763924 0.844148
vt 0.761424 0.851331
vt 0.885750 0.027026
vt 0.880051 0.111047
vt 0.885534 0.112502
vt 0.885413 0.114818
vt 0.699362 0.405055
vt 0.023674 0.033065
vt 0.088550 0.600954
vt 0.093974 0.608282
vt 0.072633 0.595610
vt 0.659862 0.640952
vt 0.663345 0.646706
vt 0.659342 0.648547
vt 0.065516 0.612529
vt 0.069179 0.616336
vt 0.062745 0.615673
vt 0.601252 0.464389
vt 0.853766 0.072414
vt 0.855232 0.076552
vt 0.850403 0.073320
vt 0.848983 0.466937
vt 0.847156 0.461488
vt 0.857130 0.466350
vt 0.715291 0.276795
vt 0.710268 0.279692
vt 0.712862 0.272279
vt 0.967952 0.893399
vt 0.965390 0.890411
vt 0.971476 0.890411
vt 0.735016 0.032205
vt 0.277686 0.230712
vt 0.280912 0.236234
vt 0.272516 0.233954
vt 0.744804 0.042264
vt 0.749242 0.035171
vt 0.657486 0.682610
vt 0.098834 0.100628
vt 0.101879 0.095378
vt 0.087284 0.547532
vt 0.085529 0.551663
vt 0.084503 0.543124
vt 0.656684 0.092109
vt 0.659845 0.084225
vt 0.245342 0.434188
vt 0.243869 0.439499
vt 0.239031 0.433099
vt 0.334599 0.227297
vt 0.337143 0.235886
vt 0.330005 0.234693
vt 0.346060 0.104965
vt 0.617963 0.348993
vt 0.611390 0.349151
vt 0.516004 0.854901
vt 0.517293 0.860566
vt 0.513273 0.859718
vt 0.123510 0.314707
vt 0.125570 0.320086
vt 0.118278 0.317004
vt 0.252073 0.607575
vt 0.371005 0.168107
vt 0.779587 0.770463
vt 0.782921 0.770721
vt 0.782791 0.776258
vt 0.616436 0.887095
vt 0.617474 0.881168
vt 0.619717 0.886916
vt 0.629555 0.857956
vt 0.635132 0.857764
vt 0.633412 0.861219
vt 0.375146 0.272874
vt 0.605715 0.744334
vt 0.607055 0.752828
vt 0.475062 0.602861
vt 0.469822 0.598687
vt 0.474814 0.596008
vt 0.435787 0.897041
vt 0.020887 0.884170
vt 0.020723 0.879218
vt 0.023209 0.882530
vt 0.058454 0.476216
vt 0.061054 0.480639
vt 0.761925 0.019701
vt 0.755298 0.020251
vt 0.757533 0.015369
vt 0.913095 0.013767
vt 0.919604 0.013016
vt 0.914561 0.017243
vt 0.881597 0.773583
vt 0.760624 0.717285
vt 0.764532 0.719859
vt 0.760450 0.722449
vt 0.452929 0.550639
vt 0.446435 0.553096
vt 0.444284 0.550449
vt 0.480204 0.539896
vt 0.480457 0.535595
vt 0.486674 0.538131
vt 0.722856 0.965429
vt 0.725353 0.967886
vt 0.722856 0.971451
vt 0.460495 0.376216
vt 0.465981 0.374638
vt 0.464075 0.380153
vt 0.528515 0.389765
vt 0.455894 0.894408
vt 0.453873 0.898919
vt 0.801602 0.931542
vt 0.797018 0.927270
vt 0.801602 0.925863
vt 0.705299 0.532138
vt 0.704765 0.526944
vt 0.174266 0.317966
vt 0.182891 0.321103
vt 0.180407 0.325079
vt 0.421521 0.602414
vt 0.417627 0.607115
vt 0.542007 0.474124
vt 0.032607 0.373866
vt 0.336335 0.449639
vt 0.334922 0.445147
vt 0.404578 0.518434
vt 0.499779 0.926357
vt 0.224581 0.195390
vt 0.222839 0.199061
vt 0.219791 0.196430
vt 0.695540 0.198545
vt 0.696478 0.192071
vt 0.700668 0.194386
vt 0.428438 0.414662
vt 0.913335 0.464580
vt 0.906639 0.460895
vt 0.916203 0.459183
vt 0.436520 0.465630
vt 0.434588 0.469547
vt 0.430892 0.461664
vt 0.071041 0.188319
vt 0.070665 0.194045
vt 0.065759 0.193372
vt 0.288360 0.345439
vt 0.800061 0.761112
vt 0.057430 0.610445
vt 0.061618 0.609661
vt 0.058041 0.614884
vt 0.117172 0.410660
vt 0.111653 0.417549
vt 0.109943 0.412169
vt 0.659686 0.107139
vt 0.380922 0.175487
vt 0.495671 0.700694
vt 0.495961 0.695862
vt 0.254018 0.146163
vt 0.251338 0.143356
vt 0.160531 0.035253
vt 0.162525 0.029966
vt 0.163125 0.036068
vt 0.694145 0.316455
vt 0.689777 0.318948
vt 0.692511 0.310523
vt 0.482595 0.020537
vt 0.484099 0.025324
vt 0.479793 0.026447
vt 0.451408 0.219247
vt 0.457933 0.219837
vt 0.449897 0.223901
vt 0.630235 0.038831
vt 0.628993 0.034849
vt 0.635783 0.035554
vt 0.342593 0.068622
vt 0.347959 0.069561
vt 0.614550 0.318032
vt 0.614859 0.323513
vt 0.610607 0.318910
vt 0.411019 0.311332
vt 0.502145 0.127781
vt 0.495336 0.132819
vt 0.496800 0.126066
vt 0.037626 0.651030
vt 0.429764 0.973831
vt 0.430292 0.979557
vt 0.426433 0.979557
vt 0.772499 0.912250
vt 0.770440 0.907703
vt 0.775243 0.910785
vt 0.251813 0.859972
vt 0.254477 0.866054
vt 0.249874 0.862800
vt 0.019027 0.543498
vt 0.023119 0.547935
vt 0.018335 0.551172
vt 0.798900 0.553243
vt 0.800743 0.558518
vt 0.794502 0.555979
vt 0.499444 0.165234
vt 0.501410 0.169768
vt 0.493902 0.171722
vt 0.327229 0.522220
vt 0.290100 0.562914
vt 0.290427 0.556295
vt 0.295739 0.560843
vt 0.376800 0.130647
vt 0.383053 0.133032
vt 0.044851 0.712515
vt 0.039049 0.712186
vt 0.747172 0.490309
vt 0.741722 0.482144
vt 0.748719 0.483097
vt 0.364538 0.182211
vt 0.041201 0.605944
vt 0.038657 0.613738
vt 0.035555 0.608978
vt 0.647478 0.934319
vt 0.123380 0.330722
vt 0.127208 0.331567
vt 0.128248 0.336251
vt 0.052034 0.580334
vt 0.044839 0.577992
vt 0.051441 0.575234
vt 0.709418 0.049259
vt 0.711127 0.054268
vt 0.705584 0.054421
vt 0.385542 0.419075
vt 0.120623 0.308053
vt 0.118827 0.313192
vt 0.392597 0.326652
vt 0.270682 0.229124
vt 0.767353 0.294987
vt 0.770579 0.291588
vt 0.772403 0.299911
vt 0.088052 0.665026
vt 0.613133 0.205678
vt 0.611310 0.212373
vt 0.417936 0.410573
vt 0.890684 0.407006
vt 0.893494 0.402903
vt 0.896131 0.405236
vt 0.568800 0.084127
vt 0.564187 0.087446
vt 0.190159 0.384283
vt 0.195243 0.384494
vt 0.499875 0.159584
vt 0.495575 0.160359
vt 0.500373 0.153156
vt 0.624337 0.861177
vt 0.619752 0.863904
vt 0.480651 0.221177
vt 0.482498 0.226690
vt 0.232353 0.938458
vt 0.236337 0.934320
vt 0.236337 0.943665
vt 0.897873 0.563390
vt 0.888014 0.563151
vt 0.892598 0.560520
vt 0.133291 0.335732
vt 0.140156 0.335065
vt 0.139495 0.339818
vt 0.385116 0.424468
vt 0.375441 0.429450
vt 0.824645 0.907704
vt 0.825826 0.912660
vt 0.822569 0.910461
vt 0.085926 0.584185
vt 0.092651 0.579393
vt 0.092411 0.583911
vt 0.520542 0.853401
vt 0.525014 0.855225
vt 0.520901 0.858253
vt 0.057323 0.894993
vt 0.063569 0.890926
vt 0.063569 0.897618
vt 0.422327 0.304943
vt 0.416204 0.306895
vt 0.421314 0.301737
vt 0.636321 0.779862
vt 0.640340 0.785249
vt 0.198209 0.229222
vt 0.202222 0.226079
vt 0.202848 0.231253
vt 0.034926 0.115867
vt 0.037767 0.115263
vt 0.039088 0.120471
vt 0.709298 0.536829
vt 0.714893 0.531303
vt 0.715571 0.536342
vt 0.638410 0.126121
vt 0.589278 0.234589
vt 0.593702 0.232724
vt 0.212394 0.821076
vt 0.215574 0.819997
vt 0.213824 0.825854
vt 0.932475 0.166274
vt 0.927565 0.162048
vt 0.931594 0.161732
vt 0.490917 0.209114
vt 0.489780 0.213945
vt 0.487592 0.209485
vt 0.042674 0.505122
vt 0.266948 0.381937
vt 0.261630 0.378736
vt 0.411998 0.790507
vt 0.413559 0.788436
vt 0.416190 0.793727
vt 0.484476 0.348744
vt 0.483718 0.353507
vt 0.477754 0.345229
vt 0.476366 0.387666
vt 0.787523 0.188869
vt 0.783800 0.192838
vt 0.781877 0.189353
vt 0.075555 0.628227
vt 0.076561 0.622023
vt 0.080332 0.625584
vt 0.328844 0.423021
vt 0.323163 0.426250
vt 0.319056 0.420521
vt 0.022622 0.520214
vt 0.018988 0.516311
vt 0.943396 0.590371
vt 0.938377 0.583622
vt 0.943396 0.583559
vt 0.488984 0.528988
vt 0.485109 0.527777
vt 0.541785 0.387429
vt 0.548042 0.388353
vt 0.568670 0.148226
vt 0.570913 0.150184
vt 0.569036 0.154649
vt 0.983951 0.931279
vt 0.981788 0.931174
vt 0.982446 0.929846
vt 0.625631 0.385615
vt 0.619122 0.390790
vt 0.617891 0.384786
vt 0.184386 0.536406
vt 0.184603 0.530748
vt 0.726781 0.232080
vt 0.733564 0.236891
vt 0.727631 0.237393
vt 0.929854 0.718320
vt 0.922579 0.718320
vt 0.924526 0.716547
vt 0.616478 0.540680
vt 0.616521 0.533665
vt 0.047603 0.307232
vt 0.073147 0.210715
vt 0.078001 0.210163
vt 0.404872 0.255958
vt 0.399910 0.262598
vt 0.397556 0.257641
vt 0.280830 0.520590
vt 0.021788 0.475585
vt 0.029346 0.478525
vt 0.022522 0.480193
vt 0.287086 0.276674
vt 0.054343 0.615086
vt 0.409690 0.325146
vt 0.066746 0.319267
vt 0.072686 0.320804
vt 0.068188 0.326428
vt 0.211789 0.188466
vt 0.212301 0.192704
vt 0.209627 0.189632
vt 0.581253 0.134916
vt 0.575180 0.134245
vt 0.268305 0.247170
vt 0.619736 0.036971
vt 0.620838 0.040259
vt 0.611236 0.040726
vt 0.048202 0.388666
vt 0.880696 0.476799
vt 0.632822 0.919237
vt 0.632244 0.914022
vt 0.634086 0.914416
vt 0.214831 0.814212
vt 0.260276 0.154538
vt 0.989181 0.357901
vt 0.993106 0.358827
vt 0.989181 0.360825
vt 0.227922 0.622088
vt 0.232851 0.620871
vt 0.229538 0.625069
vt 0.249355 0.122935
vt 0.425692 0.878142
vt 0.087372 0.469278
vt 0.030322 0.397966
vt 0.034679 0.394090
vt 0.974084 0.934601
vt 0.979422 0.934601
vt 0.976485 0.936307
vt 0.798820 0.507612
vt 0.806400 0.506110
vt 0.912387 0.605347
vt 0.914173 0.602707
vt 0.915333 0.606446
vt 0.024077 0.656317
vt 0.025606 0.651867
vt 0.030174 0.653773
vt 0.574669 0.143139
vt 0.725468 0.192286
vt 0.722799 0.200203
vt 0.721455 0.196300
vt 0.946061 0.912712
vt 0.950959 0.910336
vt 0.953453 0.912712
vt 0.700517 0.333100
vt 0.254919 0.319462
vt 0.424076 0.788575
vt 0.347549 0.840585
vt 0.356516 0.844059
vt 0.348421 0.846779
vt 0.294148 0.500005
vt 0.094414 0.819180
vt 0.096464 0.812453
vt 0.647464 0.087946
vt 0.322954 0.062145
vt 0.326060 0.064068
vt 0.322751 0.067798
vt 0.788769 0.680433
vt 0.786200 0.681069
vt 0.785381 0.677956
vt 0.254185 0.673921
vt 0.257687 0.672260
vt 0.257441 0.676411
vt 0.044884 0.655721
vt 0.052471 0.655323
vt 0.575777 0.394554
vt 0.569507 0.398239
vt 0.572032 0.392253
vt 0.573065 0.400929
vt 0.282181 0.623496
vt 0.279117 0.623075
vt 0.283996 0.620460
vt 0.718296 0.213954
vt 0.724019 0.219705
vt 0.716716 0.217194
vt 0.185601 0.126638
vt 0.078851 0.919624
vt 0.081923 0.915820
vt 0.085574 0.917958
vt 0.701721 0.035629
vt 0.701921 0.027585
vt 0.704852 0.029536
vt 0.030906 0.688185
vt 0.157244 0.854752
vt 0.153725 0.857054
vt 0.151484 0.852487
vt 0.250313 0.405612
vt 0.251541 0.407505
vt 0.244411 0.410474
vt 0.421036 0.398687
vt 0.417423 0.395893
vt 0.455217 0.624445
vt 0.456725 0.629886
vt 0.812001 0.107074
vt 0.817586 0.103582
vt 0.816557 0.111821
vt 0.296158 0.322134
vt 0.291977 0.318409
vt 0.296186 0.315808
vt 0.195458 0.322665
vt 0.188712 0.362011
vt 0.192128 0.362267
vt 0.193106 0.366424
vt 0.981788 0.575229
vt 0.986735 0.570566
vt 0.986735 0.575433
vt 0.741101 0.182276
vt 0.745591 0.180764
vt 0.020542 0.605224
vt 0.025151 0.609064
vt 0.084183 0.493717
vt 0.187136 0.182971
vt 0.189411 0.187231
vt 0.420552 0.911411
vt 0.426114 0.913757
vt 0.423311 0.919270
vt 0.325832 0.372949
vt 0.320885 0.378233
vt 0.316182 0.376877
vt 0.189140 0.314006
vt 0.194442 0.318591
vt 0.189926 0.320034
vt 0.431489 0.207762
vt 0.435795 0.215775
vt 0.431004 0.215878
vt 0.345331 0.214621
vt 0.340032 0.215062
vt 0.341672 0.211597
vt 0.083462 0.585971
vt 0.084844 0.576990
vt 0.233751 0.257276
vt 0.238511 0.252395
vt 0.240200 0.260531
vt 0.263187 0.128510
vt 0.264894 0.125983
vt 0.667017 0.113989
vt 0.669358 0.108564
vt 0.842738 0.154899
vt 0.844888 0.150439
vt 0.028729 0.415505
vt 0.027413 0.419076
vt 0.030540 0.456493
vt 0.035009 0.459962
vt 0.029266 0.462677
vt 0.494923 0.041576
vt 0.499176 0.038062
vt 0.077592 0.572881
vt 0.075930 0.566569
vt 0.082983 0.571677
vt 0.291163 0.272481
vt 0.295944 0.272588
vt 0.468210 0.143657
vt 0.102624 0.397496
vt 0.267048 0.915744
vt 0.263237 0.916342
vt 0.263179 0.907703
vt 0.626220 0.363430
vt 0.624576 0.366198
vt 0.623726 0.360448
vt 0.685526 0.783462
vt 0.688893 0.783658
vt 0.684403 0.789354
vt 0.056025 0.399989
vt 0.058233 0.395603
vt 0.061870 0.402303
vt 0.177640 0.386951
vt 0.181175 0.384444
vt 0.183489 0.389344
vt 0.030703 0.419625
vt 0.546390 0.041588
vt 0.543658 0.046216
vt 0.541168 0.040039
vt 0.256414 0.436375
vt 0.259292 0.439496
vt 0.259619 0.443303
vt 0.015699 0.883166
vt 0.018723 0.886626
vt 0.014925 0.888183
vt 0.363040 0.589975
vt 0.194853 0.348123
vt 0.197459 0.351703
vt 0.192138 0.349610
vt 0.336273 0.044683
vt 0.200559 0.475255
vt 0.194549 0.475255
vt 0.198210 0.470075
vt 0.667203 0.139622
vt 0.291159 0.460426
vt 0.293612 0.464047
vt 0.286883 0.468882
vt 0.270191 0.364180
vt 0.447603 0.861786
vt 0.443506 0.864965
vt 0.445111 0.861115
vt 0.183275 0.777718
vt 0.187998 0.781677
vt 0.183749 0.782914
vt 0.327837 0.669500
vt 0.332623 0.665041
vt 0.333184 0.673618
vt 0.020130 0.568922
vt 0.015039 0.571661
vt 0.013944 0.567872
vt 0.030416 0.856520
vt 0.026324 0.852778
vt 0.027384 0.446384
vt 0.031951 0.440939
vt 0.034514 0.445255
vt 0.061016 0.153642
vt 0.234474 0.813129
vt 0.237172 0.814174
vt 0.036467 0.347074
vt 0.031424 0.347125
vt 0.034385 0.343858
vt 0.005991 0.546015
vt 0.013310 0.543856
vt 0.010988 0.547518
vt 0.064829 0.303036
vt 0.069626 0.309298
vt 0.063985 0.309246
vt 0.246767 0.654314
vt 0.248304 0.650219
vt 0.252559 0.649872
vt 0.837172 0.116174
vt 0.841151 0.117721
vt 0.202404 0.130910
vt 0.199162 0.133209
vt 0.196930 0.128875
vt 0.635102 0.895333
vt 0.634971 0.902012
vt 0.632445 0.895102
vt 0.533567 0.508021
vt 0.529697 0.510281
vt 0.529882 0.507558
vt 0.059061 0.230958
vt 0.065349 0.225832
vt 0.065083 0.233209
vt 0.612493 0.945953
vt 0.612493 0.953771
vt 0.607011 0.952046
vt 0.301568 0.462603
vt 0.293194 0.794306
vt 0.290160 0.788979
vt 0.296812 0.789584
vt 0.189097 0.457703
vt 0.187992 0.452868
vt 0.185477 0.963123
vt 0.185477 0.956324
vt 0.189146 0.960129
vt 0.094509 0.627139
vt 0.089164 0.623647
vt 0.090466 0.619325
vt 0.334535 0.518694
vt 0.328957 0.519335
vt 0.330923 0.514170
vt 0.381597 0.900688
vt 0.543153 0.444709
vt 0.539825 0.445582
vt 0.543540 0.439648
vt 0.603416 0.362496
vt 0.602003 0.365694
vt 0.597749 0.362305
vt 0.467894 0.124362
vt 0.460797 0.126862
vt 0.463707 0.119226
vt 0.201425 0.171288
vt 0.203843 0.175736
vt 0.622164 0.340884
vt 0.613733 0.334352
vt 0.620000 0.335204
vt 0.022117 0.400717
vt 0.024673 0.395832
vt 0.026183 0.400381
vt 0.730096 0.404719
vt 0.729563 0.410315
vt 0.725845 0.406888
vt 0.397256 0.574956
vt 0.731962 0.171643
vt 0.723812 0.168201
vt 0.728977 0.165135
vt 0.596001 0.336910
vt 0.679565 0.493051
vt 0.204843 0.875071
vt 0.279549 0.310730
vt 0.286117 0.308605
vt 0.607759 0.327697
vt 0.606115 0.323978
vt 0.043084 0.029700
vt 0.044989 0.035930
vt 0.041593 0.031553
vt 0.871573 0.010191
vt 0.877236 0.012212
vt 0.871246 0.014787
vt 0.114987 0.348529
vt 0.448082 0.531271
vt 0.453239 0.528673
vt 0.458473 0.535748
vt 0.248187 0.272186
vt 0.246283 0.276264
vt 0.870132 0.163048
vt 0.873121 0.158782
vt 0.454560 0.201441
vt 0.452028 0.205416
vt 0.450174 0.197866
vt 0.271517 0.280328
vt 0.264143 0.275766
vt 0.364320 0.101383
vt 0.353846 0.100570
vt 0.355168 0.096448
vt 0.436118 0.209559
vt 0.321786 0.331347
vt 0.319188 0.327447
vt 0.324089 0.329888
vt 0.858154 0.027284
vt 0.859197 0.032745
vt 0.854541 0.032534
vt 0.880124 0.757629
vt 0.873364 0.757331
vt 0.872815 0.754554
vt 0.878069 0.759322
vt 0.757139 0.308256
vt 0.760536 0.312615
vt 0.553521 0.418204
vt 0.552288 0.422952
vt 0.612402 0.640504
vt 0.038736 0.593934
vt 0.041211 0.599934
vt 0.037491 0.599821
vt 0.085515 0.135658
vt 0.478798 0.561764
vt 0.038196 0.080429
vt 0.056952 0.105684
vt 0.055017 0.100232
vt 0.058631 0.097760
vt 0.248564 0.134381
vt 0.049018 0.586031
vt 0.043706 0.580444
vt 0.328729 0.238634
vt 0.334656 0.239972
vt 0.333681 0.245209
vt 0.300927 0.534047
vt 0.297675 0.535984
vt 0.509216 0.060959
vt 0.353076 0.236532
vt 0.354127 0.232962
vt 0.021544 0.442820
vt 0.611256 0.101606
vt 0.608779 0.100332
vt 0.184606 0.099332
vt 0.184210 0.095072
vt 0.187627 0.098258
vt 0.457247 0.313201
vt 0.458429 0.318848
vt 0.455176 0.315172
vt 0.136892 0.365162
vt 0.140870 0.364806
vt 0.277794 0.355642
vt 0.418727 0.301324
vt 0.621423 0.033557
vt 0.831003 0.798738
vt 0.071298 0.285066
vt 0.071656 0.279133
vt 0.766468 0.851204
vt 0.622797 0.633396
vt 0.622452 0.625991
vt 0.627660 0.628244
vt 0.573697 0.068972
vt 0.600316 0.661643
vt 0.596199 0.659358
vt 0.895451 0.871922
vt 0.887969 0.871922
vt 0.893110 0.867611
vt 0.832497 0.402619
vt 0.219718 0.777462
vt 0.220833 0.783628
vt 0.218130 0.778815
vt 0.187960 0.065262
vt 0.186041 0.067267
vt 0.797734 0.223808
vt 0.242598 0.240597
vt 0.245824 0.233201
vt 0.249164 0.239220
vt 0.025182 0.483223
vt 0.608541 0.898697
vt 0.348241 0.245584
vt 0.338906 0.248029
vt 0.340382 0.240418
vt 0.280393 0.152515
vt 0.430822 0.125613
vt 0.798382 0.292719
vt 0.797042 0.294579
vt 0.792572 0.292223
vt 0.394141 0.786472
vt 0.392788 0.795210
vt 0.390403 0.790329
vt 0.192774 0.849083
vt 0.197041 0.845504
vt 0.199697 0.849920
vt 0.072384 0.326662
vt 0.424587 0.814426
vt 0.566748 0.215977
vt 0.397638 0.237306
vt 0.394013 0.237639
vt 0.932722 0.159732
vt 0.921825 0.159732
vt 0.928839 0.154895
vt 0.052004 0.318980
vt 0.056540 0.322087
vt 0.752333 0.203957
vt 0.748516 0.200774
vt 0.753777 0.201345
vt 0.246038 0.165511
vt 0.247053 0.170458
vt 0.243721 0.169959
vt 0.052385 0.356941
vt 0.049568 0.355676
vt 0.114746 0.509544
vt 0.097932 0.890926
vt 0.101239 0.893049
vt 0.095765 0.897474
vt 0.056445 0.455377
vt 0.060285 0.451241
vt 0.062251 0.455331
vt 0.832217 0.331869
vt 0.834661 0.337104
vt 0.827115 0.338324
vt 0.333810 0.361755
vt 0.328842 0.367402
vt 0.326828 0.359206
vt 0.093765 0.896690
vt 0.088707 0.905074
vt 0.974084 0.253436
vt 0.979516 0.252537
vt 0.979516 0.256414
vt 0.354989 0.121053
vt 0.347516 0.128260
vt 0.053911 0.860779
vt 0.059910 0.859977
vt 0.058359 0.864864
vt 0.732263 0.968552
vt 0.733192 0.965429
vt 0.733192 0.971525
vt 0.871041 0.024737
vt 0.612905 0.634709
vt 0.617065 0.629137
vt 0.965390 0.445434
vt 0.971244 0.443066
vt 0.971868 0.445434
vt 0.300425 0.737475
vt 0.298970 0.744713
vt 0.297456 0.741024
vt 0.539944 0.112107
vt 0.659944 0.018734
vt 0.664068 0.016524
vt 0.572977 0.112106
vt 0.084311 0.189097
vt 0.224427 0.368172
vt 0.929522 0.480688
vt 0.927207 0.475945
vt 0.932339 0.474770
vt 0.730800 0.206544
vt 0.733386 0.213708
vt 0.727075 0.208811
vt 0.436624 0.148038
vt 0.431555 0.148515
vt 0.431461 0.142987
vt 0.441858 0.594574
vt 0.537315 0.413306
vt 0.538456 0.418603
vt 0.535227 0.421341
vt 0.807190 0.272386
vt 0.802718 0.268624
vt 0.807114 0.267404
vt 0.657350 0.644105
vt 0.656932 0.635541
vt 0.076011 0.184504
vt 0.046625 0.041124
vt 0.229674 0.352794
vt 0.229562 0.360089
vt 0.804323 0.008555
vt 0.809906 0.008534
vt 0.290338 0.192145
vt 0.293421 0.189494
vt 0.293750 0.193964
vt 0.181684 0.341014
vt 0.188633 0.339369
vt 0.185623 0.343349
vt 0.992913 0.609978
vt 0.992913 0.613513
vt 0.989181 0.610805
vt 0.288695 0.807394
vt 0.292391 0.803621
vt 0.755405 0.026589
vt 0.760022 0.024522
vt 0.758894 0.029814
vt 0.657946 0.700216
vt 0.664262 0.698438
vt 0.661975 0.703490
vt 0.354185 0.155274
vt 0.352596 0.160969
vt 0.682278 0.060778
vt 0.684779 0.061156
vt 0.681274 0.066423
vt 0.871890 0.321630
vt 0.863575 0.321583
vt 0.866771 0.318258
vt 0.355700 0.177534
vt 0.349082 0.180423
vt 0.349803 0.173673
vt 0.059049 0.385256
vt 0.064419 0.384291
vt 0.065272 0.388784
vt 0.440160 0.133640
vt 0.809402 0.101788
vt 0.813595 0.103453
vt 0.270465 0.197325
vt 0.274771 0.197360
vt 0.273387 0.202192
vt 0.839694 0.007624
vt 0.839750 0.005209
vt 0.502663 0.545878
vt 0.494042 0.541106
vt 0.058508 0.602569
vt 0.537177 0.526086
vt 0.542465 0.535959
vt 0.536180 0.533448
vt 0.279933 0.881768
vt 0.283456 0.880951
vt 0.281413 0.888132
vt 0.846850 0.201818
vt 0.842793 0.202174
vt 0.299966 0.107305
vt 0.298038 0.111882
vt 0.293199 0.111169
vt 0.067376 0.407366
vt 0.065889 0.402798
vt 0.690318 0.233979
vt 0.692289 0.237163
vt 0.261853 0.107284
vt 0.258258 0.108573
vt 0.258141 0.103338
vt 0.602737 0.677906
vt 0.601294 0.672200
vt 0.607904 0.670522
vt 0.854243 0.801885
vt 0.849384 0.803117
vt 0.367938 0.860697
vt 0.373320 0.863520
vt 0.367867 0.865193
vt 0.827115 0.533418
vt 0.834131 0.534974
vt 0.830287 0.538898
vt 0.116303 0.892867
vt 0.120726 0.896017
vt 0.119166 0.900144
vt 0.497404 0.981853
vt 0.500319 0.982334
vt 0.497404 0.986536
vt 0.539777 0.406727
vt 0.533497 0.410635
vt 0.279808 0.033226
vt 0.276179 0.027721
vt 0.281346 0.027534
vt 0.203677 0.423627
vt 0.863575 0.417968
vt 0.868550 0.417323
vt 0.870200 0.419184
vt 0.642473 0.895326
vt 0.732521 0.790154
vt 0.741313 0.794530
vt 0.623407 0.741053
vt 0.624602 0.735548
vt 0.378561 0.362513
vt 0.221119 0.523238
vt 0.222841 0.518659
vt 0.225635 0.519667
vt 0.895602 0.842808
vt 0.888367 0.838756
vt 0.895707 0.840943
vt 0.740290 0.930261
vt 0.743639 0.924269
vt 0.745869 0.931421
vt 0.793106 0.135305
vt 0.051694 0.818612
vt 0.058266 0.817378
vt 0.055339 0.821336
vt 0.480907 0.017259
vt 0.293493 0.813829
vt 0.294221 0.811198
vt 0.295648 0.812683
vt 0.869915 0.306378
vt 0.873443 0.308863
vt 0.865660 0.311039
vt 0.981788 0.319903
vt 0.986845 0.324248
vt 0.981788 0.324773
vt 0.832523 0.012956
vt 0.836429 0.011360
vt 0.832532 0.016860
vt 0.045011 0.478700
vt 0.048939 0.476926
vt 0.048462 0.481071
vt 0.378212 0.900446
vt 0.873241 0.348143
vt 0.867667 0.346671
vt 0.867661 0.342587
vt 0.450351 0.545233
vt 0.454124 0.542834
vt 0.448612 0.843146
vt 0.449967 0.847978
vt 0.447363 0.850021
vt 0.695833 0.925573
vt 0.692751 0.931569
vt 0.693139 0.923207
vt 0.842046 0.671309
vt 0.838194 0.669285
vt 0.844065 0.669613
vt 0.026290 0.618748
vt 0.032352 0.615792
vt 0.032342 0.621376
vt 0.837762 0.061372
vt 0.842477 0.060546
vt 0.840436 0.069371
vt 0.070668 0.543817
vt 0.545038 0.345333
vt 0.548118 0.340504
vt 0.551176 0.346772
vt 0.953493 0.764446
vt 0.946061 0.764446
vt 0.950708 0.761818
vt 0.326626 0.579895
vt 0.322708 0.585911
vt 0.322119 0.578451
vt 0.196057 0.312472
vt 0.195259 0.310672
vt 0.203500 0.309122
vt 0.495278 0.152527
vt 0.493778 0.155189
vt 0.288037 0.091023
vt 0.818090 0.087647
vt 0.820531 0.090468
vt 0.872746 0.484565
vt 0.867129 0.483803
vt 0.332885 0.193091
vt 0.513783 0.973831
vt 0.513783 0.979503
vt 0.509596 0.977200
vt 0.433247 0.311065
vt 0.434930 0.305911
vt 0.737610 0.802334
vt 0.738581 0.809053
vt 0.732181 0.803405
vt 0.216981 0.215324
vt 0.215652 0.215886
vt 0.214454 0.211666
vt 0.374209 0.247372
vt 0.608431 0.877612
vt 0.610303 0.869790
vt 0.611296 0.878321
vt 0.197999 0.152715
vt 0.199904 0.148087
vt 0.202552 0.155067
vt 0.845180 0.821047
vt 0.907639 0.046410
vt 0.915560 0.046489
vt 0.911424 0.049704
vt 0.420616 0.971510
vt 0.417077 0.967574
vt 0.420616 0.965429
vt 0.330786 0.573807
vt 0.144424 0.854665
vt 0.147034 0.849205
vt 0.149484 0.853126
vt 0.845970 0.495459
vt 0.851011 0.493824
vt 0.846660 0.499830
vt 0.437970 0.301943
vt 0.443102 0.304408
vt 0.439096 0.308424
vt 0.830622 0.003734
vt 0.833186 0.001000
vt 0.835716 0.006704
vt 0.034444 0.691186
vt 0.039724 0.690673
vt 0.039930 0.696079
vt 0.012612 0.585244
vt 0.957322 0.048285
vt 0.961261 0.043850
vt 0.963157 0.048285
vt 0.331814 0.229802
vt 0.328718 0.225069
vt 0.652491 0.345736
vt 0.897419 0.560237
vt 0.336897 0.429194
vt 0.334036 0.435632
vt 0.330854 0.426268
vt 0.049442 0.110605
vt 0.053722 0.105698
vt 0.052445 0.116484
vt 0.055068 0.281764
vt 0.056664 0.277137
vt 0.060599 0.280210
vt 0.955926 0.195760
vt 0.963071 0.191162
vt 0.963071 0.196941
vt 0.301793 0.558422
vt 0.307030 0.558048
vt 0.301787 0.562188
vt 0.040581 0.496143
vt 0.043967 0.493612
vt 0.046028 0.497890
vt 0.900547 0.182576
vt 0.379950 0.340016
vt 0.380011 0.344649
vt 0.842763 0.400574
vt 0.845919 0.397204
vt 0.646218 0.336433
vt 0.206267 0.849936
vt 0.253612 0.853175
vt 0.503336 0.411167
vt 0.503135 0.415845
vt 0.499328 0.413125
vt 0.221220 0.479267
vt 0.223931 0.482722
vt 0.218587 0.484740
vt 0.077050 0.479197
vt 0.070853 0.475056
vt 0.075239 0.474821
vt 0.322400 0.398421
vt 0.316624 0.394637
vt 0.320889 0.392546
vt 0.517556 0.194847
vt 0.517286 0.203205
vt 0.194375 0.111272
vt 0.198457 0.108007
vt 0.198757 0.111260
vt 0.527428 0.911964
vt 0.532226 0.914614
vt 0.527675 0.915676
vt 0.043563 0.389730
vt 0.241839 0.295055
vt 0.833648 0.206220
vt 0.836369 0.207392
vt 0.186195 0.666752
vt 0.943529 0.840089
vt 0.939783 0.840541
vt 0.935047 0.840089
vt 0.592308 0.359054
vt 0.594296 0.354171
vt 0.599572 0.357178
vt 0.461677 0.071399
vt 0.461724 0.077261
vt 0.457934 0.072688
vt 0.197600 0.622024
vt 0.195414 0.624597
vt 0.195223 0.619708
vt 0.617217 0.082577
vt 0.534989 0.895481
vt 0.534518 0.891842
vt 0.537851 0.890926
vt 0.876060 0.496004
vt 0.040170 0.323557
vt 0.040781 0.319310
vt 0.045349 0.317761
vt 0.663682 0.726346
vt 0.655893 0.726800
vt 0.658069 0.721559
vt 0.921825 0.623820
vt 0.450235 0.979605
vt 0.450235 0.973831
vt 0.453019 0.976695
vt 0.783305 0.677996
vt 0.281165 0.805798
vt 0.806032 0.450943
vt 0.799889 0.450943
vt 0.803138 0.447005
vt 0.419505 0.218527
vt 0.422464 0.214995
vt 0.263374 0.171233
vt 0.257954 0.173824
vt 0.600020 0.883684
vt 0.598497 0.887123
vt 0.596708 0.881559
vt 0.053613 0.177418
vt 0.047658 0.175160
vt 0.050745 0.171400
vt 0.288328 0.979327
vt 0.293101 0.973831
vt 0.293101 0.979554
vt 0.431547 0.796583
vt 0.427480 0.799576
vt 0.837160 0.177763
vt 0.193986 0.336321
vt 0.722939 0.234902
vt 0.722148 0.239051
vt 0.437262 0.517705
vt 0.912591 0.428189
vt 0.914315 0.431779
vt 0.908692 0.429988
vt 0.970833 0.642260
vt 0.967850 0.644968
vt 0.965390 0.642260
vt 0.039449 0.490558
vt 0.235543 0.167542
vt 0.234861 0.172469
vt 0.231825 0.167619
vt 0.626345 0.605024
vt 0.287520 0.668886
vt 0.291260 0.673809
vt 0.285905 0.672910
vt 0.903257 0.417724
vt 0.896090 0.415827
vt 0.898751 0.411511
vt 0.684381 0.491029
vt 0.152062 0.037835
vt 0.453283 0.890926
vt 0.552614 0.327104
vt 0.559674 0.329831
vt 0.553057 0.331432
vt 0.055717 0.416039
vt 0.409777 0.228542
vt 0.417780 0.232906
vt 0.412987 0.234987
vt 0.013786 0.847078
vt 0.013276 0.843314
vt 0.015418 0.841199
vt 0.202855 0.081243
vt 0.198271 0.077583
vt 0.200984 0.076373
vt 0.404110 0.262360
vt 0.426045 0.250764
vt 0.424798 0.253836
vt 0.421478 0.246958
vt 0.342342 0.934319
vt 0.342342 0.940267
vt 0.338892 0.935180
vt 0.611896 0.591373
vt 0.615917 0.591701
vt 0.609241 0.597043
vt 0.974355 0.600212
vt 0.979437 0.600212
vt 0.977320 0.603040
vt 0.574963 0.371220
vt 0.571426 0.364928
vt 0.640619 0.956324
vt 0.644110 0.960825
vt 0.640619 0.963003
vt 0.572826 0.540139
vt 0.576156 0.544435
vt 0.572533 0.547892
vt 0.719357 0.030851
vt 0.719049 0.039644
vt 0.714954 0.035598
vt 0.751159 0.190171
vt 0.757003 0.187127
vt 0.754962 0.192290
vt 0.378399 0.374395
vt 0.198274 0.342010
vt 0.200555 0.346686
vt 0.717383 0.857774
vt 0.713297 0.862757
vt 0.715205 0.856110
vt 0.382588 0.302149
vt 0.649119 0.016647
vt 0.650108 0.013599
vt 0.657616 0.012187
vt 0.779842 0.007154
vt 0.080274 0.661480
vt 0.079444 0.152536
vt 0.080770 0.149597
vt 0.083236 0.155830
vt 0.488626 0.363579
vt 0.488996 0.368393
vt 0.483647 0.365486
vt 0.267355 0.206252
vt 0.264384 0.203484
vt 0.790515 0.219356
vt 0.791307 0.224608
vt 0.785504 0.222454
vt 0.804042 0.347550
vt 0.795430 0.349096
vt 0.794762 0.345529
vt 0.190334 0.092341
vt 0.185665 0.090564
vt 0.187845 0.087500
vt 0.442014 0.311907
vt 0.283877 0.174811
vt 0.455240 0.842875
vt 0.451967 0.850155
vt 0.457485 0.081630
vt 0.278473 0.670898
vt 0.276068 0.664507
vt 0.280155 0.665360
vt 0.337247 0.016233
vt 0.333988 0.019062
vt 0.333134 0.014187
vt 0.962524 0.761831
vt 0.955926 0.758057
vt 0.962926 0.758057
vt 0.202821 0.363642
vt 0.200914 0.369486
vt 0.625722 0.641517
vt 0.630923 0.645391
vt 0.625785 0.646798
vt 0.351156 0.143436
vt 0.348209 0.145438
vt 0.348673 0.140206
vt 0.583945 0.065619
vt 0.584233 0.070268
vt 0.581552 0.068583
vt 0.272621 0.381103
vt 0.872277 0.804902
vt 0.867095 0.804111
vt 0.871983 0.799508
vt 0.045861 0.344909
vt 0.037059 0.343923
vt 0.483394 0.010275
vt 0.565769 0.118700
vt 0.247635 0.790894
vt 0.250827 0.794575
vt 0.037563 0.473873
vt 0.264507 0.401668
vt 0.458949 0.068583
vt 0.375725 0.621751
vt 0.117023 0.362040
vt 0.474201 0.532859
vt 0.406991 0.931572
vt 0.404288 0.931360
vt 0.404630 0.927841
vt 0.132675 0.383594
vt 0.092714 0.890926
vt 0.089291 0.894056
vt 0.185193 0.289866
vt 0.193367 0.292671
vt 0.296233 0.191324
vt 0.016712 0.489248
vt 0.015698 0.484236
vt 0.020701 0.487895
vt 0.906639 0.665038
vt 0.908643 0.660189
vt 0.912173 0.662067
vt 0.707941 0.986411
vt 0.703944 0.982176
vt 0.707941 0.981853
vt 0.662745 0.674407
vt 0.660100 0.672514
vt 0.662531 0.665547
vt 0.802454 0.178288
vt 0.810280 0.178530
vt 0.809455 0.181641
vt 0.382288 0.485685
vt 0.714984 0.717036
vt 0.589666 0.788023
vt 0.445813 0.314994
vt 0.447084 0.308967
vt 0.593878 0.192988
vt 0.591993 0.188025
vt 0.593791 0.183653
vt 0.793185 0.579843
vt 0.795852 0.581941
vt 0.789606 0.583596
vt 0.073636 0.422557
vt 0.064033 0.430970
vt 0.067280 0.421894
vt 0.734816 0.337840
vt 0.912241 0.806918
vt 0.906840 0.806461
vt 0.910210 0.804804
vt 0.127008 0.940305
vt 0.192325 0.352732
vt 0.915981 0.312199
vt 0.914848 0.314590
vt 0.909123 0.313882
vt 0.339259 0.158608
vt 0.341460 0.162144
vt 0.335561 0.163706
vt 0.047965 0.538630
vt 0.051155 0.532507
vt 0.055050 0.536399
vt 0.903061 0.436004
vt 0.337905 0.262518
vt 0.348001 0.262833
vt 0.342695 0.266322
vt 0.803195 0.184131
vt 0.797318 0.187088
vt 0.798725 0.180419
vt 0.241251 0.473181
vt 0.324591 0.396160
vt 0.383023 0.264063
vt 0.381888 0.269070
vt 0.378962 0.263098
vt 0.634117 0.042478
vt 0.508210 0.054792
vt 0.341915 0.144167
vt 0.340802 0.139076
vt 0.848023 0.303480
vt 0.473453 0.363080
vt 0.478238 0.365007
vt 0.476406 0.370519
vt 0.278190 0.845708
vt 0.276723 0.849562
vt 0.272714 0.846756
vt 0.031839 0.584090
vt 0.949649 0.882883
vt 0.953330 0.881168
vt 0.951275 0.884237
vt 0.789669 0.775891
vt 0.785122 0.773965
vt 0.993177 0.149868
vt 0.993177 0.153705
vt 0.989181 0.151279
vt 0.203057 0.429699
vt 0.827588 0.289006
vt 0.827115 0.281133
vt 0.829708 0.280985
vt 0.891321 0.165833
vt 0.895750 0.162014
vt 0.896436 0.167211
vt 0.377696 0.561001
vt 0.786288 0.765054
vt 0.779587 0.767507
vt 0.516867 0.993062
vt 0.512875 0.993062
vt 0.515705 0.988822
vt 0.288998 0.569138
vt 0.284560 0.572399
vt 0.284021 0.566644
vt 0.060967 0.413636
vt 0.062757 0.418588
vt 0.059258 0.421652
vt 0.357296 0.606848
vt 0.352406 0.603904
vt 0.358352 0.602370
vt 0.432111 0.155882
vt 0.437122 0.161060
vt 0.433116 0.163596
vt 0.340922 0.118113
vt 0.342186 0.123414
vt 0.338469 0.124875
vt 0.868653 0.404429
vt 0.877517 0.401454
vt 0.876748 0.408034
vt 0.100437 0.522075
vt 0.098818 0.516831
vt 0.105377 0.516237
vt 0.231408 0.915883
vt 0.235239 0.918392
vt 0.230893 0.919564
vt 0.506773 0.381539
vt 0.504899 0.384876
vt 0.931405 0.281715
vt 0.932485 0.286332
vt 0.930126 0.288168
vt 0.816080 0.966915
vt 0.816080 0.971352
vt 0.812946 0.969590
vt 0.332939 0.250790
vt 0.057783 0.260463
vt 0.054638 0.258820
vt 0.608335 0.667087
vt 0.614178 0.669255
vt 0.178596 0.016049
vt 0.372889 0.234592
vt 0.376508 0.241982
vt 0.369612 0.237610
vt 0.045081 0.280567
vt 0.649503 0.325019
vt 0.643275 0.323701
vt 0.647264 0.319973
vt 0.931829 0.402037
vt 0.932425 0.407558
vt 0.924869 0.406849
vt 0.719234 0.282194
vt 0.721480 0.223764
vt 0.717958 0.219977
vt 0.192052 0.155705
vt 0.187252 0.156091
vt 0.056246 0.288261
vt 0.264934 0.896477
vt 0.256894 0.896749
vt 0.261602 0.890926
vt 0.306405 0.222023
vt 0.299815 0.223117
vt 0.303389 0.219821
vt 0.413590 0.509614
vt 0.411494 0.504620
vt 0.416342 0.506223
vt 0.254671 0.192622
vt 0.467379 0.574261
vt 0.743476 0.692897
vt 0.740270 0.688392
vt 0.805582 0.696039
vt 0.808722 0.698564
vt 0.802798 0.699643
vt 0.342401 0.234061
vt 0.806705 0.090797
vt 0.355828 0.112366
vt 0.800825 0.817140
vt 0.233719 0.337379
vt 0.618098 0.642463
vt 0.181618 0.646479
vt 0.183594 0.652048
vt 0.550583 0.814232
vt 0.548969 0.810763
vt 0.551508 0.805346
vt 0.190720 0.441361
vt 0.194826 0.435873
vt 0.195345 0.442882
vt 0.731460 0.621489
vt 0.729674 0.609703
vt 0.734340 0.615490
vt 0.762710 0.924508
vt 0.762486 0.929005
vt 0.760117 0.926764
vt 0.329524 0.877990
vt 0.333024 0.881665
vt 0.484562 0.081301
vt 0.330038 0.408053
vt 0.321255 0.406445
vt 0.328026 0.403584
vt 0.388186 0.243745
vt 0.386124 0.250961
vt 0.380569 0.245387
vt 0.219266 0.210642
vt 0.216821 0.206961
vt 0.222530 0.206356
vt 0.291968 0.088794
vt 0.919242 0.464580
vt 0.916462 0.464420
vt 0.229104 0.508377
vt 0.230699 0.504140
vt 0.558355 0.848742
vt 0.560655 0.847003
vt 0.558450 0.857274
vt 0.061376 0.647853
vt 0.057350 0.140035
vt 0.059823 0.141674
vt 0.057010 0.145297
vt 0.321702 0.321908
vt 0.398095 0.307856
vt 0.935122 0.425667
vt 0.936542 0.422732
vt 0.940192 0.425477
vt 0.280939 0.211975
vt 0.282458 0.206606
vt 0.284217 0.208559
vt 0.707802 0.650920
vt 0.704080 0.649056
vt 0.710898 0.644484
vt 0.387187 0.784115
vt 0.390250 0.784319
vt 0.387346 0.789844
vt 0.002751 0.591413
vt 0.008570 0.594716
vt 0.002546 0.594046
vt 0.061578 0.276905
vt 0.059711 0.274512
vt 0.062810 0.272745
vt 0.286646 0.474105
vt 0.354392 0.078597
vt 0.357539 0.084115
vt 0.349876 0.081944
vt 0.358188 0.223516
vt 0.654667 0.017731
vt 0.068030 0.502544
vt 0.063556 0.506075
vt 0.064021 0.498964
vt 0.188646 0.048313
vt 0.188587 0.053090
vt 0.184549 0.325750
vt 0.606993 0.315472
vt 0.102586 0.817866
vt 0.104731 0.811887
vt 0.107207 0.810437
vt 0.571319 0.410045
vt 0.578773 0.384589
vt 0.556373 0.324218
vt 0.554360 0.320282
vt 0.560203 0.318254
vt 0.840423 0.643526
vt 0.835917 0.640459
vt 0.841133 0.638283
vt 0.226638 0.405334
vt 0.410068 0.988952
vt 0.406407 0.993118
vt 0.406407 0.988823
vt 0.225028 0.571012
vt 0.225475 0.565274
vt 0.229006 0.571786
vt 0.349384 0.306480
vt 0.344292 0.302085
vt 0.348288 0.302430
vt 0.302869 0.756018
vt 0.302226 0.759541
vt 0.297148 0.756987
vt 0.704233 0.642011
vt 0.292481 0.433523
vt 0.289625 0.438683
vt 0.286630 0.435315
vt 0.295917 0.298237
vt 0.788976 0.677839
vt 0.792836 0.675006
vt 0.340821 0.218729
vt 0.344423 0.220204
vt 0.339685 0.222704
vt 0.298489 0.802764
vt 0.301684 0.802528
vt 0.409306 0.496803
vt 0.413623 0.501136
vt 0.408489 0.499695
vt 0.223156 0.449894
vt 0.225075 0.456176
vt 0.220874 0.455013
vt 0.843619 0.640853
vt 0.803551 0.241502
vt 0.301687 0.528393
vt 0.303754 0.524382
vt 0.379085 0.803705
vt 0.376711 0.796946
vt 0.380061 0.797117
vt 0.032023 0.560479
vt 0.024227 0.558564
vt 0.028046 0.556888
vt 0.427528 0.096698
vt 0.424809 0.099541
vt 0.422240 0.094069
vt 0.425937 0.022880
vt 0.420176 0.024094
vt 0.419835 0.015238
vt 0.063383 0.162728
vt 0.058417 0.159063
vt 0.064148 0.158190
vt 0.276072 0.719091
vt 0.280788 0.723291
vt 0.275625 0.723190
vt 0.284313 0.461943
vt 0.281267 0.467286
vt 0.210921 0.895085
vt 0.112900 0.410458
vt 0.410194 0.519760
vt 0.415713 0.522456
vt 0.410286 0.523183
vt 0.193015 0.107290
vt 0.835174 0.320721
vt 0.835271 0.314410
vt 0.841950 0.315075
vt 0.366127 0.258195
vt 0.267840 0.260128
vt 0.263348 0.255986
vt 0.268518 0.254317
vt 0.601913 0.514284
vt 0.597958 0.514957
vt 0.600657 0.510167
vt 0.749724 0.818166
vt 0.744356 0.815561
vt 0.749296 0.814966
vt 0.074769 0.817043
vt 0.069667 0.816213
vt 0.071541 0.813686
vt 0.239003 0.400035
vt 0.232254 0.401300
vt 0.232483 0.396981
vt 0.826931 0.950717
vt 0.824421 0.945953
vt 0.829252 0.945953
vt 0.252278 0.311262
vt 0.249132 0.314902
vt 0.051180 0.443934
vt 0.053580 0.440074
vt 0.848495 0.478583
vt 0.658628 0.716459
vt 0.659116 0.708680
vt 0.661090 0.714147
vt 0.265633 0.233179
vt 0.266955 0.228681
vt 0.878353 0.114247
vt 0.282984 0.696910
vt 0.759898 0.913959
vt 0.764029 0.918998
vt 0.759524 0.917949
vt 0.204121 0.869819
vt 0.196446 0.873522
vt 0.195752 0.869790
vt 0.625669 0.059369
vt 0.684332 0.014216
vt 0.009100 0.524792
vt 0.011372 0.519886
vt 0.016424 0.523965
vt 0.277565 0.178795
vt 0.272977 0.183709
vt 0.270088 0.179888
vt 0.727442 0.730252
vt 0.724497 0.722229
vt 0.727994 0.725597
vt 0.396427 0.212167
vt 0.747208 0.579873
vt 0.752038 0.584226
vt 0.747490 0.585466
vt 0.332585 0.116460
vt 0.338136 0.118063
vt 0.332625 0.121226
vt 0.234746 0.315211
vt 0.839765 0.072967
vt 0.843628 0.074716
vt 0.838444 0.077476
vt 0.535617 0.793400
vt 0.456258 0.335295
vt 0.459744 0.338042
vt 0.457379 0.341620
vt 0.616354 0.372204
vt 0.811761 0.202401
vt 0.806120 0.205014
vt 0.799713 0.784141
vt 0.797663 0.781718
vt 0.918260 0.536762
vt 0.919019 0.541037
vt 0.915065 0.539691
vt 0.003003 0.979800
vt 0.001000 0.975212
vt 0.003003 0.973831
vt 0.202899 0.407028
vt 0.127951 0.848226
vt 0.406186 0.934319
vt 0.410569 0.939053
vt 0.406186 0.943539
vt 0.577221 0.158785
vt 0.572007 0.159936
vt 0.573199 0.154177
vt 0.428960 0.104615
vt 0.693447 0.344659
vt 0.696539 0.350244
vt 0.691485 0.350937
vt 0.251269 0.370959
vt 0.253169 0.376952
vt 0.166759 0.816994
vt 0.164438 0.814143
vt 0.168022 0.812246
vt 0.257204 0.617654
vt 0.257449 0.622070
vt 0.575099 0.499563
vt 0.575888 0.493794
vt 0.578876 0.498257
vt 0.582409 0.119124
vt 0.579647 0.127353
vt 0.576625 0.124152
vt 0.564543 0.931584
vt 0.564543 0.921975
vt 0.498132 0.721819
vt 0.504774 0.727400
vt 0.603994 0.386384
vt 0.605423 0.390270
vt 0.295617 0.258041
vt 0.195284 0.210481
vt 0.284622 0.456833
vt 0.279303 0.456083
vt 0.282857 0.451065
vt 0.454099 0.907704
vt 0.460506 0.913721
vt 0.454099 0.914314
vt 0.803957 0.910172
vt 0.803678 0.907900
vt 0.806852 0.907704
vt 0.069217 0.173370
vt 0.416857 0.053209
vt 0.414171 0.046158
vt 0.419561 0.052030
vt 0.937644 0.727848
vt 0.347211 0.189148
vt 0.348229 0.194079
vt 0.344200 0.192752
vt 0.074950 0.164075
vt 0.081282 0.165790
vt 0.079204 0.169001
vt 0.906710 0.354745
vt 0.911901 0.351750
vt 0.913312 0.359866
vt 0.582083 0.341449
vt 0.587127 0.338370
vt 0.588051 0.345724
vt 0.337232 0.137327
vt 0.339041 0.133461
vt 0.344582 0.133136
vt 0.347646 0.160366
vt 0.349268 0.152902
vt 0.437248 0.989513
vt 0.435164 0.993192
vt 0.435164 0.988822
vt 0.278735 0.245068
vt 0.279878 0.250166
vt 0.256312 0.418142
vt 0.258306 0.423275
vt 0.253075 0.422264
vt 0.195101 0.574727
vt 0.191368 0.568626
vt 0.195222 0.565066
vt 0.061354 0.494291
vt 0.060097 0.498764
vt 0.539060 0.366445
vt 0.541462 0.372344
vt 0.535772 0.369116
vt 0.014137 0.579301
vt 0.015418 0.583331
vt 0.061855 0.517836
vt 0.052347 0.276574
vt 0.051435 0.279800
vt 0.294733 0.218796
vt 0.293330 0.215756
vt 0.299033 0.214749
vt 0.746663 0.624468
vt 0.742650 0.622037
vt 0.331771 0.053209
vt 0.335705 0.054801
vt 0.332955 0.059290
vt 0.894457 0.650487
vt 0.899715 0.653823
vt 0.892853 0.653823
vt 0.251511 0.494407
vt 0.255758 0.495046
vt 0.555436 0.364176
vt 0.558025 0.369487
vt 0.553858 0.371049
vt 0.830839 0.981853
vt 0.830839 0.986402
vt 0.827622 0.983302
vt 0.062459 0.379158
vt 0.056741 0.378313
vt 0.874861 0.814048
vt 0.876104 0.818525
vt 0.870922 0.815840
vt 0.802035 0.102809
vt 0.799508 0.098417
vt 0.804713 0.098202
vt 0.278896 0.635841
vt 0.257509 0.466747
vt 0.467872 0.200599
vt 0.468307 0.205219
vt 0.981788 0.329460
vt 0.986890 0.329460
vt 0.986011 0.332692
vt 0.195929 0.201391
vt 0.915603 0.211171
vt 0.017927 0.534384
vt 0.021800 0.528962
vt 0.025081 0.535828
vt 0.986865 0.308881
vt 0.981788 0.308881
vt 0.986652 0.304388
vt 0.187577 0.852465
vt 0.241281 0.525647
vt 0.756603 0.604775
vt 0.760974 0.608076
vt 0.756397 0.610684
vt 0.264401 0.136820
vt 0.264356 0.142941
vt 0.079948 0.445737
vt 0.079546 0.453924
vt 0.801738 0.600417
vt 0.710609 0.580394
vt 0.746143 0.373725
vt 0.749527 0.371118
vt 0.432377 0.177624
vt 0.430827 0.182398
vt 0.427469 0.183223
vt 0.697274 0.276358
vt 0.700112 0.280308
vt 0.695836 0.281968
vt 0.668003 0.070405
vt 0.823604 0.876490
vt 0.828793 0.880708
vt 0.824323 0.883158
vt 0.438982 0.297051
vt 0.444982 0.300101
vt 0.035605 0.688102
vt 0.498654 0.244990
vt 0.075970 0.675556
vt 0.079680 0.680770
vt 0.075616 0.680359
vt 0.657452 0.797230
vt 0.657377 0.800668
vt 0.654786 0.795627
vt 0.979611 0.083026
vt 0.974628 0.083026
vt 0.978829 0.079979
vt 0.177673 0.663402
vt 0.176567 0.672439
vt 0.176234 0.667538
vt 0.634724 0.799389
vt 0.638881 0.792800
vt 0.638247 0.798580
vt 0.887969 0.051360
vt 0.191522 0.050388
vt 0.195961 0.053198
vt 0.205696 0.655967
vt 0.203680 0.646604
vt 0.204760 0.648464
vt 0.579415 0.418868
vt 0.585698 0.417827
vt 0.584750 0.421859
vt 0.609967 0.860473
vt 0.606537 0.859329
vt 0.608669 0.855151
vt 0.473796 0.541052
vt 0.470361 0.535241
vt 0.041102 0.139859
vt 0.682890 0.228669
vt 0.687646 0.219821
vt 0.878367 0.799508
vt 0.877485 0.805886
vt 0.074618 0.637242
vt 0.422343 0.429712
vt 0.422836 0.436456
vt 0.415595 0.431450
vt 0.642361 0.026315
vt 0.634252 0.031843
vt 0.714193 0.229603
vt 0.859964 0.877011
vt 0.859892 0.884776
vt 0.856711 0.881242
vt 0.974084 0.005779
vt 0.979743 0.005779
vt 0.976898 0.007258
vt 0.055913 0.626747
vt 0.052079 0.622279
vt 0.058747 0.620702
vt 0.179418 0.815251
vt 0.174314 0.815589
vt 0.174190 0.810030
vt 0.548067 0.816471
vt 0.037556 0.660866
vt 0.498098 0.676065
vt 0.596723 0.490324
vt 0.504364 0.023145
vt 0.507270 0.028780
vt 0.499993 0.026993
vt 0.458766 0.312282
vt 0.461081 0.316411
vt 0.202822 0.678362
vt 0.880584 0.643991
vt 0.876618 0.642935
vt 0.883247 0.639876
vt 0.666579 0.881464
vt 0.663334 0.886879
vt 0.660901 0.879431
vt 0.043856 0.585441
vt 0.048397 0.590507
vt 0.913890 0.327158
vt 0.912338 0.326260
vt 0.919547 0.327688
vt 0.265704 0.326993
vt 0.597990 0.674150
vt 0.625953 0.624494
vt 0.621270 0.621682
vt 0.625905 0.619551
vt 0.841514 0.338524
vt 0.843585 0.333907
vt 0.848478 0.338718
vt 0.976374 0.497724
vt 0.974084 0.494754
vt 0.979492 0.494754
vt 0.307020 0.915801
vt 0.302220 0.915873
vt 0.304295 0.913176
vt 0.790578 0.818486
vt 0.306347 0.881432
vt 0.303452 0.882540
vt 0.344887 0.223878
vt 0.347046 0.226898
vt 0.364943 0.305248
vt 0.364053 0.311330
vt 0.292667 0.119223
vt 0.038892 0.371306
vt 0.043574 0.372342
vt 0.039621 0.375685
vt 0.877022 0.050500
vt 0.873400 0.048626
vt 0.881958 0.048750
vt 0.490291 0.660786
vt 0.492572 0.664726
vt 0.487475 0.667615
vt 0.181039 0.934319
vt 0.182842 0.938392
vt 0.181039 0.943793
vt 0.813623 0.951968
vt 0.811445 0.945953
vt 0.817290 0.947088
vt 0.372430 0.362704
vt 0.377867 0.365083
vt 0.372900 0.368214
vt 0.832098 0.729588
vt 0.827115 0.730443
vt 0.829836 0.726201
vt 0.095350 0.668165
vt 0.097271 0.675180
vt 0.091951 0.670313
vt 0.621568 0.483058
vt 0.626766 0.481337
vt 0.626875 0.484305
vt 0.087842 0.676308
vt 0.090285 0.682987
vt 0.421081 0.084624
vt 0.423566 0.081761
vt 0.529836 0.416292
vt 0.337971 0.148336
vt 0.258024 0.205691
vt 0.250590 0.208809
vt 0.248849 0.205366
vt 0.073191 0.653329
vt 0.069231 0.651520
vt 0.070430 0.647921
vt 0.658502 0.790829
vt 0.331495 0.412962
vt 0.336218 0.420960
vt 0.330742 0.418495
vt 0.044957 0.679744
vt 0.043023 0.674864
vt 0.049323 0.674333
vt 0.327625 0.550563
vt 0.475161 0.378834
vt 0.475849 0.384825
vt 0.458857 0.560928
vt 0.921825 0.914333
vt 0.926333 0.909810
vt 0.929548 0.914333
vt 0.853891 0.430143
vt 0.850423 0.427715
vt 0.853751 0.425850
vt 0.348661 0.934320
vt 0.351127 0.937253
vt 0.350580 0.940622
vt 0.462326 0.975719
vt 0.457448 0.979499
vt 0.457448 0.973831
vt 0.394972 0.667416
vt 0.397933 0.673385
vt 0.392919 0.675718
vt 0.392378 0.527369
vt 0.396226 0.525548
vt 0.395544 0.529623
vt 0.075214 0.945953
vt 0.078057 0.948696
vt 0.075214 0.954199
vt 0.610823 0.683030
vt 0.610497 0.689000
vt 0.043396 0.292918
vt 0.044444 0.298688
vt 0.039078 0.300869
vt 0.625721 0.845979
vt 0.334811 0.209702
vt 0.895221 0.390719
vt 0.887969 0.383985
vt 0.897143 0.386594
vt 0.238016 0.894140
vt 0.244990 0.893421
vt 0.241975 0.898042
vt 0.300298 0.475209
vt 0.792888 0.778680
vt 0.792108 0.773866
vt 0.797483 0.773332
vt 0.061935 0.535974
vt 0.060958 0.540036
vt 0.124117 0.374475
vt 0.091344 0.482909
vt 0.095116 0.483219
vt 0.093587 0.486756
vt 0.230827 0.286640
vt 0.669946 0.280751
vt 0.675836 0.285503
vt 0.670189 0.289531
vt 0.340835 0.057601
vt 0.375358 0.113561
vt 0.366937 0.114557
vt 0.367963 0.108843
vt 0.440415 0.101747
vt 0.435679 0.100788
vt 0.439477 0.093984
vt 0.260198 0.527094
vt 0.087001 0.169255
vt 0.085264 0.165371
vt 0.090923 0.163910
vt 0.418162 0.934319
vt 0.421701 0.938313
vt 0.417052 0.940743
vt 0.327172 0.382931
vt 0.328581 0.375447
vt 0.031792 0.358852
vt 0.035183 0.359559
vt 0.037911 0.362974
vt 0.064206 0.300627
vt 0.069841 0.296959
vt 0.072807 0.303524
vt 0.096296 0.642328
vt 0.726995 0.321465
vt 0.733674 0.319169
vt 0.726798 0.325581
vt 0.730643 0.318375
vt 0.928512 0.770795
vt 0.932088 0.776137
vt 0.927480 0.774554
vt 0.083844 0.943538
vt 0.077878 0.942552
vt 0.082237 0.937226
vt 0.989181 0.847052
vt 0.992784 0.847052
vt 0.990892 0.850200
vt 0.039046 0.330304
vt 0.040941 0.331358
vt 0.575244 0.913160
vt 0.579326 0.919017
vt 0.574505 0.918651
vt 0.573696 0.319221
vt 0.260075 0.486176
vt 0.021050 0.625409
vt 0.898896 0.381985
vt 0.892974 0.381985
vt 0.898885 0.378704
vt 0.145693 0.899063
vt 0.142011 0.895052
vt 0.146444 0.893358
vt 0.048732 0.152014
vt 0.387475 0.258635
vt 0.378973 0.252864
vt 0.178894 0.356324
vt 0.481068 0.144726
vt 0.298066 0.289446
vt 0.298442 0.294212
vt 0.291702 0.289816
vt 0.375156 0.973831
vt 0.375156 0.979536
vt 0.370492 0.974441
vt 0.263069 0.931759
vt 0.264142 0.926995
vt 0.266302 0.931239
vt 0.221930 0.869790
vt 0.220598 0.306144
vt 0.224466 0.305912
vt 0.221870 0.309121
vt 0.544423 0.843668
vt 0.545845 0.847170
vt 0.542835 0.846210
vt 0.656391 0.197125
vt 0.662256 0.193339
vt 0.659233 0.203138
vt 0.827127 0.875371
vt 0.188516 0.260589
vt 0.101239 0.901199
vt 0.096730 0.905407
vt 0.064529 0.647716
vt 0.317531 0.797288
vt 0.892267 0.584578
vt 0.894517 0.579969
vt 0.897828 0.583078
vt 0.108358 0.434078
vt 0.103815 0.431033
vt 0.107397 0.428560
vt 0.013980 0.626636
vt 0.605496 0.538340
vt 0.601640 0.539097
vt 0.603536 0.530236
vt 0.655679 0.119395
vt 0.661243 0.111834
vt 0.660429 0.118525
vt 0.448249 0.981853
vt 0.452130 0.983486
vt 0.448249 0.986503
vt 0.363571 0.126761
vt 0.369363 0.125970
vt 0.440113 0.379103
vt 0.439310 0.373743
vt 0.483104 0.901795
vt 0.603108 0.065091
vt 0.404698 0.225273
vt 0.037038 0.441190
vt 0.111475 0.130560
vt 0.117514 0.129271
vt 0.718675 0.292475
vt 0.675827 0.718555
vt 0.671675 0.718518
vt 0.675082 0.712539
vt 0.799428 0.534416
vt 0.804825 0.530602
vt 0.804003 0.535580
vt 0.357300 0.670650
vt 0.358891 0.668891
vt 0.362380 0.672628
vt 0.805976 0.730603
vt 0.808215 0.726328
vt 0.813118 0.727525
vt 0.487794 0.934319
vt 0.952293 0.479116
vt 0.949653 0.477868
vt 0.953417 0.472331
vt 0.087330 0.488331
vt 0.251675 0.153880
vt 0.253992 0.159513
vt 0.251455 0.157850
vt 0.191762 0.391855
vt 0.193950 0.305594
vt 0.202724 0.306927
vt 0.624744 0.676626
vt 0.628171 0.679404
vt 0.254235 0.659548
vt 0.256829 0.655492
vt 0.257891 0.662129
vt 0.067805 0.564065
vt 0.061689 0.560732
vt 0.657297 0.613567
vt 0.353097 0.169211
vt 0.358403 0.168218
vt 0.357788 0.172640
vt 0.673123 0.744516
vt 0.044520 0.489638
vt 0.030163 0.387980
vt 0.035088 0.388610
vt 0.201778 0.095809
vt 0.194009 0.094549
vt 0.200912 0.090595
vt 0.059144 0.552337
vt 0.060968 0.557136
vt 0.053148 0.556040
vt 0.303543 0.250117
vt 0.299149 0.254021
vt 0.293237 0.251159
vt 0.919784 0.034359
vt 0.916079 0.038529
vt 0.913987 0.035325
vt 0.397575 0.582759
vt 0.394316 0.578838
vt 0.838288 0.247178
vt 0.083920 0.465083
vt 0.084350 0.460577
vt 0.346885 0.167652
vt 0.342882 0.174170
vt 0.342087 0.170560
vt 0.296548 0.722478
vt 0.925867 0.012008
vt 0.921825 0.013395
vt 0.371585 0.554864
vt 0.498884 0.109597
vt 0.503344 0.102666
vt 0.505568 0.111530
vt 0.927240 0.043625
vt 0.932732 0.043232
vt 0.929087 0.049875
vt 0.838152 0.926690
vt 0.838152 0.931502
vt 0.832986 0.929484
vt 0.849163 0.385362
vt 0.845200 0.388707
vt 0.839721 0.386877
vt 0.083093 0.650021
vt 0.079092 0.649526
vt 0.377981 0.172785
vt 0.373363 0.176432
vt 0.226786 0.418142
vt 0.239375 0.423181
vt 0.231649 0.423541
vt 0.274250 0.691252
vt 0.232866 0.372617
vt 0.231218 0.365963
vt 0.235797 0.369499
vt 0.036517 0.604834
vt 0.081686 0.147150
vt 0.086874 0.143769
vt 0.672816 0.081218
vt 0.666857 0.086736
vt 0.382023 0.239606
vt 0.416370 0.214494
vt 0.012505 0.943926
vt 0.010886 0.938908
vt 0.012505 0.934319
vt 0.548489 0.304022
vt 0.347899 0.267332
vt 0.350812 0.264168
vt 0.441409 0.668632
vt 0.445358 0.670076
vt 0.440202 0.672428
vt 0.537851 0.899387
vt 0.533839 0.904700
vt 0.532884 0.900189
vt 0.462105 0.312310
vt 0.457697 0.305941
vt 0.182705 0.403905
vt 0.179953 0.399262
vt 0.183953 0.398832
vt 0.016192 0.897000
vt 0.281388 0.301018
vt 0.286715 0.296677
vt 0.285019 0.305374
vt 0.225069 0.577179
vt 0.105132 0.487191
vt 0.111263 0.485522
vt 0.105254 0.490660
vt 0.290041 0.897279
vt 0.291855 0.890926
vt 0.293330 0.899392
vt 0.175271 0.664564
vt 0.175673 0.001000
vt 0.180545 0.006362
vt 0.172124 0.004190
vt 0.052130 0.501698
vt 0.055319 0.506277
vt 0.052932 0.504631
vt 0.230671 0.253411
vt 0.218812 0.204122
vt 0.618794 0.089114
vt 0.193183 0.066183
vt 0.192589 0.069742
vt 0.281940 0.139454
vt 0.196113 0.118376
vt 0.200386 0.119053
vt 0.177062 0.390287
vt 0.063454 0.190227
vt 0.065500 0.185668
vt 0.427943 0.129210
vt 0.426172 0.123698
vt 0.194773 0.943195
vt 0.199947 0.937853
vt 0.199465 0.943617
vt 0.493562 0.097281
vt 0.495093 0.093394
vt 0.426114 0.907703
vt 0.827115 0.001000
vt 0.086066 0.435246
vt 0.082986 0.433055
vt 0.088808 0.432512
vt 0.039264 0.635644
vt 0.035354 0.639277
vt 0.035598 0.631898
vt 0.916933 0.501082
vt 0.914286 0.499581
vt 0.919048 0.499382
vt 0.356885 0.209027
vt 0.354419 0.201687
vt 0.360198 0.202641
vt 0.546673 0.620944
vt 0.355377 0.581177
vt 0.955926 0.349622
vt 0.963154 0.349622
vt 0.957011 0.352584
vt 0.796319 0.368363
vt 0.104720 0.395587
vt 0.110197 0.399471
vt 0.324369 0.368390
vt 0.323731 0.360483
vt 0.536508 0.483527
vt 0.346159 0.824217
vt 0.859723 0.049504
vt 0.789677 0.780959
vt 0.503082 0.565055
vt 0.497782 0.563821
vt 0.201336 0.324448
vt 0.203872 0.317425
vt 0.965769 0.249667
vt 0.967447 0.247152
vt 0.970036 0.246701
vt 0.064871 0.588549
vt 0.056168 0.593593
vt 0.430576 0.721784
vt 0.977638 0.798191
vt 0.974084 0.794096
vt 0.979328 0.794096
vt 0.360033 0.532886
vt 0.362920 0.536643
vt 0.361181 0.539688
vt 0.838288 0.548203
vt 0.837366 0.542536
vt 0.844408 0.541286
vt 0.247718 0.396042
vt 0.052366 0.644877
vt 0.111757 0.339927
vt 0.253659 0.634456
vt 0.256966 0.634441
vt 0.254189 0.641793
vt 0.006306 0.596670
vt 0.847420 0.063729
vt 0.042234 0.549660
vt 0.038291 0.547979
vt 0.201809 0.462798
vt 0.199836 0.458835
vt 0.205284 0.461321
vt 0.234470 0.947756
vt 0.232168 0.952548
vt 0.230910 0.948357
vt 0.028556 0.894800
vt 0.031192 0.900520
vt 0.026852 0.898316
vt 0.061022 0.945953
vt 0.061874 0.951958
vt 0.010820 0.664072
vt 0.054664 0.143060
vt 0.050462 0.143079
vt 0.052718 0.139210
vt 0.950188 0.102130
vt 0.946061 0.102130
vt 0.949595 0.099254
vt 0.429291 0.988822
vt 0.429291 0.993128
vt 0.425880 0.990462
vt 0.876716 0.149169
vt 0.881217 0.150248
vt 0.873634 0.152808
vt 0.979392 0.706487
vt 0.977735 0.710051
vt 0.974084 0.706487
vt 0.087224 0.587250
vt 0.091463 0.594302
vt 0.435896 0.678573
vt 0.437313 0.670284
vt 0.894290 0.431886
vt 0.887969 0.432630
vt 0.065063 0.180940
vt 0.061215 0.182617
vt 0.061698 0.178348
vt 0.815533 0.417171
vt 0.816722 0.419447
vt 0.123906 0.979602
vt 0.118888 0.979602
vt 0.120711 0.973831
vt 0.119361 0.857902
vt 0.122788 0.861027
vt 0.120116 0.863910
vt 0.012557 0.647320
vt 0.006419 0.649123
vt 0.623516 0.080502
vt 0.672572 0.657526
vt 0.672080 0.652463
vt 0.325677 0.859590
vt 0.322082 0.856407
vt 0.067592 0.657746
vt 0.657682 0.026779
vt 0.651089 0.025457
vt 0.939828 0.219449
vt 0.943701 0.218794
vt 0.943490 0.223688
vt 0.324161 0.416153
vt 0.068106 0.705473
vt 0.102392 0.422427
vt 0.784473 0.202511
vt 0.786889 0.200780
vt 0.787166 0.204412
vt 0.417220 0.185809
vt 0.413179 0.186556
vt 0.412207 0.180074
vt 0.045082 0.509835
vt 0.040513 0.511765
vt 0.935047 0.208381
vt 0.943822 0.208381
vt 0.939665 0.211682
vt 0.752865 0.417497
vt 0.679874 0.734685
vt 0.678970 0.738049
vt 0.674977 0.734186
vt 0.322243 0.215576
vt 0.319220 0.213042
vt 0.748551 0.206647
vt 0.193369 0.460405
vt 0.495661 0.658867
vt 0.064395 0.396839
vt 0.776820 0.872433
vt 0.784552 0.878502
vt 0.775798 0.879074
vt 0.686781 0.777415
vt 0.330320 0.293140
vt 0.325115 0.292451
vt 0.328170 0.284978
vt 0.317411 0.359870
vt 0.317481 0.364560
vt 0.460534 0.589632
vt 0.758615 0.595923
vt 0.753374 0.594176
vt 0.756001 0.590819
vt 0.371282 0.303101
vt 0.368913 0.308382
vt 0.367997 0.303702
vt 0.253561 0.280389
vt 0.750455 0.608300
vt 0.014505 0.934319
vt 0.019980 0.934319
vt 0.018891 0.937295
vt 0.935047 0.642660
vt 0.943639 0.642660
vt 0.939763 0.643874
vt 0.422405 0.548684
vt 0.420293 0.544540
vt 0.989181 0.496902
vt 0.992994 0.496902
vt 0.992725 0.500270
vt 0.049442 0.288785
vt 0.050480 0.290385
vt 0.419600 0.137904
vt 0.413984 0.136402
vt 0.417831 0.132783
vt 0.366995 0.206583
vt 0.373230 0.212430
vt 0.654571 0.709783
vt 0.555366 0.341283
vt 0.729576 0.219735
vt 0.726109 0.215125
vt 0.256018 0.368419
vt 0.260022 0.364764
vt 0.257613 0.373772
vt 0.609196 0.296205
vt 0.678000 0.617032
vt 0.675134 0.611036
vt 0.680610 0.614427
vt 0.962952 0.845109
vt 0.959597 0.847906
vt 0.955926 0.845109
vt 0.075265 0.663265
vt 0.327198 0.583988
vt 0.330993 0.583708
vt 0.326502 0.590632
vt 0.044410 0.403926
vt 0.360697 0.146063
vt 0.093078 0.661292
vt 0.095682 0.663710
vt 0.090860 0.664621
vt 0.842686 0.309712
vt 0.836221 0.102722
vt 0.839648 0.094525
vt 0.841156 0.098822
vt 0.919053 0.612452
vt 0.125382 0.956324
vt 0.127242 0.958918
vt 0.124013 0.960357
vt 0.252298 0.470473
vt 0.339973 0.052833
vt 0.347390 0.053428
vt 0.347027 0.058529
vt 0.324007 0.388032
vt 0.095010 0.569584
vt 0.096477 0.573245
vt 0.089353 0.574937
vt 0.561249 0.817310
vt 0.562268 0.812729
vt 0.564535 0.814696
vt 0.462546 0.454488
vt 0.460394 0.448068
vt 0.467052 0.445870
vt 0.295612 0.728772
vt 0.297340 0.734970
vt 0.293067 0.735125
vt 0.116740 0.385343
vt 0.040933 0.424002
vt 0.042518 0.429155
vt 0.036556 0.426688
vt 0.367307 0.582369
vt 0.650321 0.877939
vt 0.649289 0.882761
vt 0.646479 0.881406
vt 0.766903 0.303251
vt 0.764306 0.311427
vt 0.791710 0.312541
vt 0.795200 0.313944
vt 0.790898 0.315198
vt 0.079718 0.582106
vt 0.290868 0.040474
vt 0.903747 0.306653
vt 0.893368 0.303621
vt 0.898662 0.302132
vt 0.051026 0.195760
vt 0.049197 0.193630
vt 0.054547 0.192182
vt 0.249201 0.146442
vt 0.242301 0.146845
vt 0.246570 0.143601
vt 0.288579 0.177118
vt 0.291009 0.180075
vt 0.059791 0.670515
vt 0.247520 0.251841
vt 0.253578 0.250620
vt 0.250975 0.256687
vt 0.563469 0.239934
vt 0.562558 0.243065
vt 0.984365 0.143749
vt 0.987035 0.145912
vt 0.981788 0.145912
vt 0.877182 0.242887
vt 0.875156 0.238729
vt 0.879920 0.242052
vt 0.805234 0.309904
vt 0.799123 0.311705
vt 0.801306 0.307983
vt 0.549313 0.023615
vt 0.554851 0.023768
vt 0.552295 0.026783
vt 0.664581 0.188453
vt 0.571714 0.640086
vt 0.232204 0.391320
vt 0.413409 0.811929
vt 0.418264 0.813104
vt 0.410799 0.818545
vt 0.497059 0.172987
vt 0.500488 0.174401
vt 0.547464 0.035792
vt 0.539940 0.032091
vt 0.102508 0.371819
vt 0.110063 0.372923
vt 0.393007 0.220698
vt 0.396270 0.228240
vt 0.313846 0.788015
vt 0.328956 0.269190
vt 0.012693 0.677907
vt 0.013918 0.680338
vt 0.009638 0.676182
vt 0.774440 0.291067
vt 0.775862 0.297874
vt 0.621978 0.306767
vt 0.624162 0.310919
vt 0.617549 0.309232
vt 0.751984 0.405177
vt 0.748254 0.407073
vt 0.747633 0.403209
vt 0.893280 0.877768
vt 0.897646 0.873922
vt 0.896525 0.882586
vt 0.693898 0.727664
vt 0.690098 0.733819
vt 0.689039 0.728326
vt 0.221270 0.502092
vt 0.216028 0.502933
vt 0.216746 0.498679
vt 0.067564 0.558895
vt 0.072302 0.555788
vt 0.072119 0.562537
vt 0.382147 0.430571
vt 0.451150 0.560025
vt 0.446055 0.560028
vt 0.928913 0.572200
vt 0.921825 0.568672
vt 0.932387 0.568672
vt 0.233176 0.164568
vt 0.227878 0.163549
vt 0.989181 0.219223
vt 0.993125 0.222276
vt 0.989181 0.223053
vt 0.091006 0.157220
vt 0.095825 0.163006
vt 0.090336 0.159916
vt 0.898026 0.391539
vt 0.081448 0.677842
vt 0.425045 0.803283
vt 0.065231 0.314307
vt 0.072164 0.311951
vt 0.296448 0.784893
vt 0.044379 0.376437
vt 0.334386 0.603803
vt 0.331398 0.598080
vt 0.335522 0.597943
vt 0.910103 0.530215
vt 0.913909 0.528649
vt 0.913368 0.533252
vt 0.058760 0.192689
vt 0.061054 0.196080
vt 0.055470 0.197664
vt 0.166594 0.979722
vt 0.164428 0.977661
vt 0.166594 0.973831
vt 0.425300 0.120604
vt 0.421547 0.117036
vt 0.551099 0.405277
vt 0.546308 0.410793
vt 0.661714 0.874860
vt 0.573851 0.053698
vt 0.576504 0.057474
vt 0.567872 0.054477
vt 0.276537 0.227339
vt 0.272211 0.224079
vt 0.277817 0.221033
vt 0.274998 0.631907
vt 0.278387 0.630306
vt 0.887969 0.246510
vt 0.896460 0.248663
vt 0.892867 0.250336
vt 0.189622 0.244470
vt 0.955926 0.184626
vt 0.959085 0.182174
vt 0.960707 0.186023
vt 0.201857 0.654419
vt 0.200995 0.648559
vt 0.016867 0.655206
vt 0.020315 0.657787
vt 0.061768 0.850070
vt 0.189605 0.693759
vt 0.193597 0.697402
vt 0.190168 0.699559
vt 0.751736 0.681363
vt 0.420814 0.330845
vt 0.069962 0.150006
vt 0.068008 0.145025
vt 0.073009 0.144164
vt 0.811665 0.532221
vt 0.813307 0.525620
vt 0.654658 0.878578
vt 0.656217 0.882767
vt 0.652584 0.881662
vt 0.190854 0.639803
vt 0.190726 0.644805
vt 0.757059 0.051254
vt 0.751214 0.058113
vt 0.752863 0.051272
vt 0.408031 0.842005
vt 0.408337 0.849442
vt 0.403945 0.845845
vt 0.410840 0.848920
vt 0.303542 0.552801
vt 0.299870 0.548390
vt 0.594370 0.347150
vt 0.596462 0.342671
vt 0.500439 0.084313
vt 0.353026 0.299996
vt 0.358068 0.295170
vt 0.853485 0.554089
vt 0.847145 0.552826
vt 0.035591 0.576759
vt 0.037783 0.581416
vt 0.677089 0.902531
vt 0.674758 0.900923
vt 0.613723 0.484837
vt 0.612338 0.487440
vt 0.651806 0.657704
vt 0.655045 0.664565
vt 0.750276 0.493747
vt 0.754219 0.493365
vt 0.754083 0.503544
vt 0.579150 0.306679
vt 0.579857 0.312281
vt 0.573297 0.308622
vt 0.431023 0.190488
vt 0.543382 0.621286
vt 0.492731 0.053688
vt 0.489593 0.062911
vt 0.066721 0.488955
vt 0.067795 0.483971
vt 0.074594 0.484318
vt 0.755097 0.618363
vt 0.757500 0.625660
vt 0.753316 0.625036
vt 0.570649 0.447484
vt 0.568853 0.455725
vt 0.563304 0.453427
vt 0.040991 0.901233
vt 0.044693 0.897079
vt 0.047033 0.902763
vt 0.037645 0.676475
vt 0.038233 0.681943
vt 0.182332 0.669224
vt 0.183357 0.673440
vt 0.179787 0.674720
vt 0.356014 0.182473
vt 0.350597 0.186135
vt 0.858464 0.840585
vt 0.544346 0.137348
vt 0.539876 0.138997
vt 0.539575 0.133852
vt 0.881079 0.358570
vt 0.883540 0.357080
vt 0.884450 0.362842
vt 0.836478 0.629215
vt 0.834016 0.623446
vt 0.243054 0.495319
vt 0.236970 0.494645
vt 0.754488 0.971376
vt 0.222459 0.711339
vt 0.227423 0.717157
vt 0.221581 0.714115
vt 0.582822 0.363657
vt 0.583890 0.358921
vt 0.587462 0.362869
vt 0.505801 0.684572
vt 0.049456 0.593401
vt 0.052084 0.589851
vt 0.267211 0.813506
vt 0.260898 0.814086
vt 0.389401 0.844742
vt 0.393503 0.846540
vt 0.388290 0.847136
vt 0.184478 0.366865
vt 0.413154 0.081329
vt 0.408488 0.198901
vt 0.356280 0.195606
vt 0.350912 0.192143
vt 0.072313 0.888716
vt 0.280812 0.442610
vt 0.793849 0.535363
vt 0.791035 0.533319
vt 0.797424 0.532160
vt 0.308913 0.895324
vt 0.315036 0.890926
vt 0.315036 0.899951
vt 0.202838 0.662805
vt 0.762437 0.052324
vt 0.765848 0.053065
vt 0.759984 0.057265
vt 0.467456 0.674264
vt 0.472633 0.671000
vt 0.476068 0.674523
vt 0.094410 0.553339
vt 0.087659 0.552806
vt 0.090270 0.549818
vt 0.026901 0.567911
vt 0.979409 0.726855
vt 0.979409 0.729933
vt 0.974084 0.727487
vt 0.974084 0.820321
vt 0.075806 0.979744
vt 0.075806 0.973831
vt 0.078253 0.977523
vt 0.395347 0.496608
vt 0.392147 0.501435
vt 0.327057 0.533249
vt 0.324412 0.433529
vt 0.326237 0.427797
vt 0.329588 0.435469
vt 0.861167 0.027375
vt 0.064472 0.623045
vt 0.068360 0.621319
vt 0.053213 0.482612
vt 0.728162 0.513742
vt 0.724933 0.520291
vt 0.183875 0.079797
vt 0.935047 0.173102
vt 0.943909 0.173102
vt 0.940626 0.175163
vt 0.739384 0.680946
vt 0.573418 0.277027
vt 0.094901 0.135288
vt 0.977225 0.040179
vt 0.974084 0.036453
vt 0.977824 0.037442
vt 0.062209 0.449264
vt 0.062984 0.443556
vt 0.079666 0.529498
vt 0.081281 0.537265
vt 0.212626 0.477777
vt 0.481443 0.664154
vt 0.477219 0.668868
vt 0.472793 0.664379
vt 0.148215 0.348031
vt 0.144095 0.349436
vt 0.145496 0.345858
vt 0.277756 0.493919
vt 0.392721 0.860676
vt 0.397250 0.864625
vt 0.389878 0.863977
vt 0.372182 0.620111
vt 0.856757 0.940525
vt 0.859263 0.934319
vt 0.860526 0.939533
vt 0.217431 0.805615
vt 0.211637 0.793560
vt 0.568204 0.808277
vt 0.569682 0.809985
vt 0.368903 0.220433
vt 0.368906 0.213200
vt 0.702040 0.656417
vt 0.104858 0.419353
vt 0.107044 0.417199
vt 0.109531 0.422151
vt 0.585248 0.302741
vt 0.580601 0.299509
vt 0.585463 0.296148
vt 0.807072 0.893699
vt 0.802902 0.892661
vt 0.805964 0.890926
vt 0.525129 0.355920
vt 0.525737 0.351043
vt 0.559324 0.336620
vt 0.555667 0.334879
vt 0.051998 0.450642
vt 0.328377 0.724061
vt 0.234237 0.533328
vt 0.230286 0.539746
vt 0.226146 0.531487
vt 0.046652 0.571911
vt 0.048078 0.569264
vt 0.655601 0.581248
vt 0.657587 0.578963
vt 0.657263 0.584663
vt 0.034359 0.649301
vt 0.842779 0.912736
vt 0.845983 0.916039
vt 0.842120 0.918958
vt 0.225110 0.556193
vt 0.222894 0.550473
vt 0.227602 0.551638
vt 0.063473 0.424687
vt 0.570205 0.019859
vt 0.028304 0.065470
vt 0.031019 0.069206
vt 0.499861 0.714439
vt 0.499424 0.710552
vt 0.505894 0.712022
vt 0.046056 0.622280
vt 0.909267 0.161759
vt 0.981788 0.163089
vt 0.981788 0.158226
vt 0.986899 0.162991
vt 0.008816 0.538317
vt 0.188459 0.438232
vt 0.187938 0.432013
vt 0.220922 0.487025
vt 0.062344 0.121553
vt 0.057643 0.123621
vt 0.057187 0.119218
vt 0.865262 0.149205
vt 0.062911 0.123410
vt 0.063146 0.131693
vt 0.058639 0.126087
vt 0.327426 0.278972
vt 0.326274 0.273595
vt 0.247554 0.374309
vt 0.242383 0.370990
vt 0.249354 0.367755
vt 0.951738 0.666905
vt 0.947073 0.666256
vt 0.949751 0.663996
vt 0.189143 0.686000
vt 0.193514 0.685202
vt 0.906639 0.362548
vt 0.049406 0.136357
vt 0.053300 0.130789
vt 0.264430 0.344582
vt 0.258197 0.340750
vt 0.579652 0.054495
vt 0.341256 0.028359
vt 0.336709 0.031791
vt 0.790096 0.181276
vt 0.791101 0.185027
vt 0.788213 0.184072
vt 0.489551 0.038568
vt 0.457697 0.226115
vt 0.462343 0.223046
vt 0.464551 0.229426
vt 0.450270 0.304332
vt 0.185255 0.931003
vt 0.183331 0.928206
vt 0.184446 0.926794
vt 0.458769 0.383754
vt 0.455247 0.381133
vt 0.157597 0.873290
vt 0.157816 0.883775
vt 0.154627 0.882157
vt 0.576742 0.347057
vt 0.579962 0.345324
vt 0.022731 0.403339
vt 0.850333 0.648519
vt 0.855446 0.648321
vt 0.853866 0.651713
vt 0.764421 0.695495
vt 0.763837 0.687436
vt 0.766267 0.691267
vt 0.841175 0.665273
vt 0.191515 0.078823
vt 0.186877 0.076999
vt 0.190977 0.074281
vt 0.187583 0.389316
vt 0.192331 0.388154
vt 0.538068 0.294900
vt 0.533463 0.296451
vt 0.537700 0.288482
vt 0.122413 0.109809
vt 0.739337 0.727870
vt 0.735896 0.721725
vt 0.428501 0.161996
vt 0.351370 0.206921
vt 0.347722 0.203099
vt 0.496470 0.138216
vt 0.498629 0.140593
vt 0.493488 0.142025
vt 0.499156 0.104722
vt 0.501221 0.099778
vt 0.384520 0.491382
vt 0.381198 0.497832
vt 0.381076 0.490634
vt 0.349226 0.085713
vt 0.935047 0.833682
vt 0.939160 0.830939
vt 0.943418 0.833682
vt 0.421478 0.954112
vt 0.421478 0.945953
vt 0.422044 0.951506
vt 0.793339 0.101104
vt 0.791869 0.107705
vt 0.787618 0.104612
vt 0.239154 0.372261
vt 0.242462 0.375010
vt 0.789186 0.192908
vt 0.793043 0.196683
vt 0.786282 0.196407
vt 0.117247 0.398068
vt 0.683315 0.732922
vt 0.684841 0.728741
vt 0.326384 0.245069
vt 0.291185 0.488405
vt 0.288491 0.494997
vt 0.286782 0.488858
vt 0.367995 0.615243
vt 0.366388 0.612155
vt 0.370558 0.610382
vt 0.381195 0.211155
vt 0.376574 0.216429
vt 0.376425 0.208783
vt 0.060063 0.212585
vt 0.064485 0.213453
vt 0.413110 0.110132
vt 0.411734 0.105606
vt 0.559584 0.095564
vt 0.562893 0.091131
vt 0.777152 0.851198
vt 0.778628 0.855565
vt 0.771547 0.853852
vt 0.014434 0.675568
vt 0.020619 0.677006
vt 0.192700 0.649928
vt 0.196104 0.651665
vt 0.066521 0.204451
vt 0.297676 0.564741
vt 0.262801 0.208559
vt 0.257007 0.208908
vt 0.607361 0.620283
vt 0.610616 0.620430
vt 0.070500 0.792108
vt 0.074576 0.787810
vt 0.074035 0.795456
vt 0.107970 0.476768
vt 0.108581 0.482720
vt 0.384281 0.467922
vt 0.052935 0.525950
vt 0.929004 0.168554
vt 0.079675 0.525323
vt 0.085697 0.520045
vt 0.084975 0.527357
vt 0.441637 0.331691
vt 0.091892 0.443388
vt 0.095130 0.439403
vt 0.741617 0.911401
vt 0.746052 0.907704
vt 0.746235 0.913482
vt 0.533239 0.423720
vt 0.257099 0.301801
vt 0.706819 0.962838
vt 0.388707 0.551251
vt 0.389462 0.555085
vt 0.385275 0.551841
vt 0.271144 0.329749
vt 0.271125 0.323529
vt 0.687581 0.880442
vt 0.684594 0.883734
vt 0.684560 0.878203
vt 0.489635 0.164600
vt 0.488058 0.170169
vt 0.485828 0.163992
vt 0.333405 0.222387
vt 0.335666 0.216845
vt 0.622734 0.594724
vt 0.615429 0.597034
vt 0.027749 0.625415
vt 0.030996 0.624870
vt 0.027846 0.629140
vt 0.674653 0.855201
vt 0.674848 0.863344
vt 0.671679 0.857556
vt 0.106882 0.162979
vt 0.109860 0.165408
vt 0.109578 0.169883
vt 0.800618 0.090576
vt 0.260214 0.293905
vt 0.365735 0.550348
vt 0.617795 0.332018
vt 0.368331 0.646908
vt 0.361676 0.639393
vt 0.366737 0.641571
vt 0.949457 0.348164
vt 0.946061 0.345955
vt 0.950731 0.345405
vt 0.300295 0.728314
vt 0.049881 0.611091
vt 0.050046 0.614671
vt 0.797052 0.730148
vt 0.802855 0.728491
vt 0.801137 0.733729
vt 0.062592 0.532745
vt 0.103535 0.137786
vt 0.428307 0.950150
vt 0.431653 0.945953
vt 0.431653 0.953268
vt 0.695791 0.368421
vt 0.690840 0.369564
vt 0.693146 0.360943
vt 0.333387 0.463689
vt 0.327360 0.467034
vt 0.401821 0.203806
vt 0.162854 0.818191
vt 0.013371 0.653114
vt 0.006768 0.655035
vt 0.007515 0.652325
vt 0.665689 0.810027
vt 0.661037 0.808216
vt 0.663889 0.805392
vt 0.754331 0.397652
vt 0.751782 0.391973
vt 0.756880 0.391340
vt 0.675188 0.874764
vt 0.843246 0.148499
vt 0.846993 0.147815
vt 0.397612 0.487651
vt 0.394454 0.489532
vt 0.395039 0.482615
vt 0.325416 0.150203
vt 0.326193 0.146461
vt 0.574726 0.384970
vt 0.577192 0.390248
vt 0.062197 0.574097
vt 0.057382 0.577768
vt 0.058295 0.574035
vt 0.497206 0.814445
vt 0.494541 0.820682
vt 0.491746 0.816173
vt 0.069291 0.510944
vt 0.064183 0.513293
vt 0.603102 0.595231
vt 0.600236 0.598608
vt 0.050765 0.490785
vt 0.606732 0.607887
vt 0.609605 0.610898
vt 0.604311 0.610811
vt 0.569575 0.300444
vt 0.572588 0.300186
vt 0.569564 0.305642
vt 0.046065 0.323231
vt 0.273004 0.722207
vt 0.740869 0.049226
vt 0.737754 0.054573
vt 0.736267 0.047441
vt 0.402976 0.251837
vt 0.936347 0.593068
vt 0.941521 0.597560
vt 0.935047 0.597560
vt 0.551578 0.323925
vt 0.327101 0.249754
vt 0.215133 0.620393
vt 0.209627 0.618714
vt 0.213594 0.616002
vt 0.198647 0.242285
vt 0.042716 0.470225
vt 0.040959 0.467398
vt 0.049259 0.465534
vt 0.394097 0.416041
vt 0.395328 0.418423
vt 0.387772 0.416243
vt 0.661688 0.815277
vt 0.916260 0.159492
vt 0.377861 0.595322
vt 0.376175 0.590842
vt 0.380323 0.593088
vt 0.584303 0.379847
vt 0.056533 0.550112
vt 0.363062 0.586922
vt 0.368160 0.586864
vt 0.737443 0.043150
vt 0.792651 0.722385
vt 0.790955 0.729444
vt 0.789104 0.727729
vt 0.486595 0.157639
vt 0.481758 0.157514
vt 0.080657 0.519010
vt 0.084639 0.514652
vt 0.561652 0.069606
vt 0.564670 0.074610
vt 0.559508 0.074303
vt 0.050022 0.813693
vt 0.054042 0.814830
vt 0.329044 0.642188
vt 0.335803 0.640592
vt 0.332030 0.645811
vt 0.810452 0.799937
vt 0.804711 0.799792
vt 0.809301 0.796479
vt 0.054617 0.562639
vt 0.057659 0.561611
vt 0.060352 0.569413
vt 0.792215 0.115457
vt 0.781806 0.115486
vt 0.787919 0.112345
vt 0.077361 0.811129
vt 0.742510 0.951627
vt 0.742205 0.953713
vt 0.738799 0.952481
vt 0.050894 0.242483
vt 0.044368 0.442405
vt 0.039020 0.446403
vt 0.506533 0.969421
vt 0.503710 0.970653
vt 0.506440 0.967332
vt 0.021888 0.539520
vt 0.190272 0.791580
vt 0.193455 0.788359
vt 0.370944 0.192565
vt 0.371031 0.196851
vt 0.367610 0.199406
vt 0.558656 0.065471
vt 0.562450 0.062383
vt 0.563898 0.065317
vt 0.893220 0.079428
vt 0.543824 0.451230
vt 0.542601 0.456175
vt 0.670068 0.850138
vt 0.538794 0.872198
vt 0.541524 0.877368
vt 0.536347 0.877096
vt 0.564634 0.106035
vt 0.561347 0.103625
vt 0.462998 0.234505
vt 0.462443 0.236838
vt 0.457488 0.239436
vt 0.061436 0.250491
vt 0.059709 0.247792
vt 0.060845 0.245162
vt 0.064306 0.811793
vt 0.064173 0.819826
vt 0.061565 0.815786
vt 0.969491 0.423722
vt 0.971881 0.426049
vt 0.965390 0.426049
vt 0.194263 0.642992
vt 0.569689 0.294289
vt 0.021475 0.502966
vt 0.018606 0.498470
vt 0.023169 0.500368
vt 0.852586 0.318467
vt 0.846832 0.322442
vt 0.846646 0.314507
vt 0.236764 0.348976
vt 0.244392 0.345269
vt 0.771872 0.327693
vt 0.768299 0.329570
vt 0.772015 0.323045
vt 0.020636 0.494100
vt 0.878223 0.516245
vt 0.883724 0.517950
vt 0.878380 0.520962
vt 0.888781 0.265227
vt 0.896691 0.264304
vt 0.895000 0.269725
vt 0.490449 0.188624
vt 0.493504 0.191308
vt 0.489831 0.193249
vt 0.601276 0.325270
vt 0.232005 0.459796
vt 0.232743 0.455833
vt 0.190246 0.669158
vt 0.989181 0.019389
vt 0.989181 0.015711
vt 0.993258 0.015965
vt 0.083524 0.565581
vt 0.146367 0.916318
vt 0.144581 0.907704
vt 0.151188 0.913850
vt 0.728289 0.796588
vt 0.387005 0.219334
vt 0.385995 0.222902
vt 0.712170 0.341423
vt 0.709227 0.330974
vt 0.936228 0.110860
vt 0.935047 0.107352
vt 0.938760 0.106402
vt 0.811522 0.841338
vt 0.764306 0.291791
vt 0.761525 0.294603
vt 0.441439 0.322427
vt 0.438226 0.328110
vt 0.435988 0.323920
vt 0.369521 0.242330
vt 0.683145 0.592669
vt 0.680312 0.591448
vt 0.893464 0.149754
vt 0.897219 0.148883
vt 0.893933 0.152386
vt 0.560245 0.840846
vt 0.557638 0.840585
vt 0.762847 0.014836
vt 0.760604 0.011084
vt 0.331201 0.604143
vt 0.283306 0.104035
vt 0.953305 0.095530
vt 0.953875 0.097254
vt 0.946061 0.097254
vt 0.378511 0.199193
vt 0.382823 0.198809
vt 0.048222 0.642469
vt 0.046709 0.637816
vt 0.051310 0.638372
vt 0.023433 0.552017
vt 0.586253 0.057155
vt 0.585372 0.061711
vt 0.581388 0.059676
vt 0.186101 0.417405
vt 0.046753 0.448594
vt 0.098235 0.502369
vt 0.094750 0.504979
vt 0.435229 0.135361
vt 0.438482 0.140421
vt 0.438915 0.144213
vt 0.881476 0.052091
vt 0.885510 0.052457
vt 0.105139 0.381765
vt 0.110413 0.380815
vt 0.109230 0.385191
vt 0.906639 0.531873
vt 0.755467 0.599195
vt 0.752423 0.602748
vt 0.852036 0.432547
vt 0.847797 0.430975
vt 0.684875 0.799741
vt 0.558927 0.092013
vt 0.842768 0.465248
vt 0.835945 0.462408
vt 0.840923 0.459452
vt 0.721933 0.728449
vt 0.723830 0.733852
vt 0.793433 0.121107
vt 0.794780 0.118292
vt 0.416841 0.119419
vt 0.413030 0.123901
vt 0.382385 0.207135
vt 0.024862 0.459175
vt 0.024283 0.453432
vt 0.154627 0.888453
vt 0.419924 0.183177
vt 0.038520 0.565890
vt 0.040709 0.558433
vt 0.045826 0.562291
vt 0.579686 0.504554
vt 0.577309 0.509010
vt 0.573223 0.502494
vt 0.327029 0.259403
vt 0.331299 0.263994
vt 0.325484 0.267381
vt 0.209647 0.476233
vt 0.697236 0.287506
vt 0.369158 0.874702
vt 0.375074 0.873477
vt 0.718623 0.881216
vt 0.718867 0.886823
vt 0.715763 0.883464
vt 0.580540 0.397544
vt 0.094555 0.519431
vt 0.099017 0.524842
vt 0.176483 0.677613
vt 0.179691 0.679734
vt 0.177634 0.683585
vt 0.971555 0.795522
vt 0.965390 0.801277
vt 0.965390 0.795317
vt 0.488973 0.124645
vt 0.827115 0.145957
vt 0.831041 0.147897
vt 0.827303 0.150696
vt 0.907471 0.214542
vt 0.912095 0.213171
vt 0.912642 0.218301
vt 0.695151 0.327811
vt 0.690877 0.328873
vt 0.742804 0.046521
vt 0.741561 0.041738
vt 0.377421 0.234784
vt 0.791573 0.499646
vt 0.798114 0.501607
vt 0.793552 0.505466
vt 0.542891 0.369086
vt 0.632024 0.688888
vt 0.666546 0.802734
vt 0.651267 0.704751
vt 0.649996 0.700185
vt 0.654853 0.702796
vt 0.379898 0.586688
vt 0.101543 0.357603
vt 0.107326 0.362972
vt 0.101424 0.364757
vt 0.602901 0.877841
vt 0.602766 0.873080
vt 0.203549 0.466884
vt 0.612251 0.395948
vt 0.620520 0.398880
vt 0.617849 0.400470
vt 0.878825 0.165048
vt 0.874466 0.171052
vt 0.871920 0.165656
vt 0.842425 0.656602
vt 0.846910 0.655873
vt 0.087684 0.538526
vt 0.091165 0.541139
vt 0.513026 0.872736
vt 0.515365 0.869790
vt 0.518468 0.872879
vt 0.627850 0.042441
vt 0.751427 0.194185
vt 0.677637 0.668555
vt 0.673759 0.666437
vt 0.089374 0.529531
vt 0.091974 0.522347
vt 0.094661 0.530050
vt 0.565569 0.083391
vt 0.956655 0.229954
vt 0.955926 0.226052
vt 0.963153 0.226052
vt 0.355280 0.190213
vt 0.971668 0.563915
vt 0.965390 0.564196
vt 0.969847 0.561670
vt 0.062671 0.484951
vt 0.060845 0.486655
vt 0.853838 0.719851
vt 0.849393 0.721080
vt 0.193229 0.691093
vt 0.927816 0.371640
vt 0.923369 0.368112
vt 0.927018 0.367625
vt 0.352095 0.608735
vt 0.654365 0.706247
s 1
usemtl Material.005
f 5/1/1 1/2/2 2/3/3
f 2/4/4 5/5/5 4/6/6
f 7/7/7 5/8/8 6/9/9
f 8/10/10 4/11/6 6/12/11
f 5/13/5 6/14/11 4/15/6
f 11/16/12 7/17/13 9/18/14
f 9/19/14 12/20/15 13/21/16
f 9/22/14 13/21/16 11/23/12
f 12/24/17 14/25/18 17/26/19
f 12/27/20 13/28/21 17/29/22
f 13/30/16 17/31/23 19/32/24
f 13/33/16 19/32/24 15/34/25
f 14/35/26 17/36/27 18/37/28
f 18/38/29 21/39/30 17/40/31
f 20/41/32 23/42/33 21/43/34
f 21/44/34 23/42/33 24/45/35
f 24/45/35 22/46/36 21/44/34
f 25/47/37 22/48/36 24/49/35
f 23/50/33 26/51/38 24/52/35
f 24/53/39 25/54/40 27/55/41
f 28/56/42 24/57/43 27/58/44
f 24/57/43 28/56/42 26/59/45
f 26/60/46 28/61/42 27/62/44
f 29/63/47 28/64/48 26/65/49
f 29/66/50 33/67/51 28/68/52
f 35/69/53 29/70/50 40/71/54
f 31/72/55 43/73/56 34/74/57
f 35/75/53 39/76/58 33/77/51
f 41/78/59 33/79/51 39/80/58
f 751/81/60 752/82/61 750/83/62
f 36/84/63 34/74/57 43/73/56
f 45/85/64 46/86/65 36/87/63
f 46/88/65 48/89/66 38/90/67
f 427/91/68 1838/92/69 1831/93/70
f 51/94/71 39/95/58 50/96/72
f 47/97/73 42/98/74 41/99/59
f 42/100/74 47/101/73 43/102/56
f 50/103/72 35/104/53 40/105/54
f 43/106/56 54/107/75 45/108/64
f 44/109/76 57/110/77 49/111/78
f 59/112/79 55/113/80 54/107/75
f 57/114/77 55/115/80 64/116/81
f 49/117/78 60/118/82 61/119/83
f 52/120/84 63/121/85 70/122/86
f 52/123/87 47/124/88 70/125/89
f 69/126/90 53/127/91 51/128/71
f 54/129/75 71/130/92 59/131/79
f 53/132/93 68/133/94 69/134/95
f 69/135/96 68/136/97 66/137/98
f 62/138/99 85/139/100 51/140/71
f 64/141/81 82/142/101 73/143/102
f 74/144/103 73/145/102 83/146/104
f 63/147/85 80/148/105 81/149/106
f 89/150/107 82/151/101 72/152/108
f 82/142/101 90/153/109 73/143/102
f 76/154/110 60/155/82 83/156/104
f 87/157/111 79/158/112 66/159/98
f 70/160/86 81/161/106 86/162/113
f 86/163/113 89/164/107 71/165/92
f 84/166/114 95/167/115 77/168/116
f 87/169/117 65/170/118 68/171/119
f 80/172/105 93/173/120 81/174/106
f 77/175/121 96/176/122 67/177/123
f 1819/178/124 1844/179/125 1843/180/126
f 89/181/107 99/182/127 82/183/101
f 67/177/123 96/184/122 92/185/128
f 87/186/117 92/187/129 65/188/118
f 78/189/130 56/190/131 88/191/132
f 76/192/110 108/193/133 75/194/134
f 109/195/135 84/196/136 101/197/137
f 95/198/138 77/199/139 96/200/140
f 92/187/129 67/201/141 65/188/118
f 96/202/142 92/203/143 102/204/144
f 92/205/145 68/206/146 87/207/147
f 87/208/111 97/209/148 79/210/112
f 78/211/130 110/212/149 62/213/99
f 741/214/150 736/215/151 737/216/152
f 90/217/109 105/218/153 91/219/154
f 114/220/155 102/221/156 96/222/157
f 102/223/156 114/224/155 122/225/158
f 751/226/60 750/227/62 749/228/159
f 78/229/160 88/230/161 117/231/162
f 85/232/100 129/233/163 69/234/90
f 78/235/130 88/236/164 118/237/165
f 97/238/148 119/239/166 93/240/120
f 111/241/167 105/242/153 99/243/127
f 94/244/168 91/245/154 121/246/169
f 101/247/170 100/248/171 135/249/172
f 123/250/173 110/251/149 78/252/130
f 136/253/174 109/254/135 101/255/137
f 113/256/175 109/257/135 137/258/176
f 88/259/177 115/260/178 139/261/179
f 116/262/180 127/263/181 140/264/182
f 103/265/183 93/266/120 119/267/166
f 141/268/184 103/265/183 119/267/166
f 104/269/185 124/270/186 125/271/187
f 106/272/188 133/273/189 107/274/190
f 136/275/191 100/276/171 101/277/170
f 136/278/192 101/247/170 135/249/172
f 109/279/135 136/280/174 137/258/176
f 137/258/193 136/280/194 113/281/195
f 110/282/149 130/283/196 85/284/100
f 125/285/187 143/286/197 111/287/167
f 112/288/198 100/289/199 135/290/200
f 137/291/201 127/292/202 113/293/203
f 115/294/204 88/295/205 117/296/206
f 144/297/207 160/298/208 132/299/209
f 107/300/190 133/301/189 148/302/210
f 113/303/211 114/304/212 122/305/213
f 115/306/214 146/307/215 139/308/216
f 87/309/217 129/310/163 128/311/218
f 119/312/166 151/313/219 141/314/184
f 125/315/187 153/316/220 143/317/197
f 143/318/197 144/319/207 111/320/167
f 132/321/209 161/322/221 121/323/169
f 108/324/133 148/325/210 134/326/222
f 136/327/223 156/328/224 137/291/225
f 139/329/216 164/330/226 117/331/227
f 102/332/228 128/333/218 157/334/229
f 168/335/230 128/311/218 129/310/163
f 158/336/231 110/337/149 123/338/173
f 123/339/173 118/340/165 171/341/232
f 131/342/233 151/343/219 119/344/166
f 1841/345/234 1837/346/235 1842/347/236
f 146/348/215 149/349/237 175/350/238
f 135/351/239 155/352/240 136/353/241
f 158/336/231 123/338/173 170/354/242
f 132/355/209 160/356/208 161/357/221
f 180/358/243 106/359/188 147/360/244
f 134/326/222 148/325/210 181/361/245
f 163/362/246 175/363/238 149/364/237
f 155/365/247 174/366/248 182/367/249
f 146/368/215 164/369/226 139/308/216
f 156/370/250 155/371/251 165/372/252
f 166/373/253 150/374/254 165/375/255
f 177/376/256 129/377/163 130/378/257
f 183/379/258 146/380/215 175/381/238
f 122/382/259 116/383/260 184/384/261
f 177/385/256 130/386/257 158/387/231
f 185/388/262 151/389/219 169/390/263
f 175/391/264 162/392/265 163/393/266
f 183/394/258 164/395/226 146/368/215
f 131/396/267 195/397/268 140/398/269
f 197/399/270 131/400/271 176/401/272
f 131/400/271 157/402/229 176/401/272
f 168/403/230 177/404/256 198/405/273
f 185/406/262 178/407/274 159/408/275
f 178/409/274 186/410/276 152/411/277
f 189/412/278 182/413/279 174/414/280
f 156/415/281 155/416/282 137/417/283
f 166/418/284 150/419/285 167/420/286
f 172/421/287 186/422/276 187/423/288
f 182/424/279 189/425/278 192/426/289
f 205/427/290 165/428/291 194/429/292
f 168/430/230 198/431/273 176/432/272
f 200/433/293 158/434/231 212/435/294
f 199/436/295 185/437/262 169/438/263
f 212/435/294 170/439/242 213/440/296
f 213/440/296 170/441/242 171/442/232
f 160/443/208 188/444/297 203/445/298
f 189/446/299 191/447/300 192/448/301
f 182/449/302 135/450/303 155/451/304
f 178/452/274 221/453/305 214/454/306
f 186/455/276 222/456/307 187/457/288
f 191/447/300 218/458/308 192/448/301
f 750/459/309 747/460/310 746/461/311
f 182/462/312 194/463/313 193/464/314
f 169/465/315 131/466/271 197/467/270
f 151/468/316 169/469/315 197/467/270
f 227/470/317 169/469/318 151/468/316
f 178/471/274 185/472/262 221/453/305
f 216/473/319 203/474/298 188/475/297
f 190/476/320 223/477/321 179/478/322
f 133/479/189 217/480/323 231/481/324
f 191/482/325 204/483/326 218/458/327
f 192/484/328 182/485/329 193/486/330
f 196/487/331 205/488/332 226/489/333
f 750/490/334 748/491/335 747/492/336
f 198/431/273 228/493/337 219/494/338
f 185/495/262 199/496/295 221/497/305
f 200/498/293 212/499/294 220/500/339
f 224/501/340 240/502/341 218/503/327
f 166/504/342 167/505/343 196/506/344
f 236/507/345 167/508/346 195/509/268
f 195/510/268 169/511/318 236/512/345
f 226/513/347 199/514/295 196/515/348
f 228/516/337 206/517/349 220/518/339
f 244/519/350 215/520/351 230/521/352
f 240/522/341 225/523/353 218/524/327
f 192/525/328 193/526/330 211/527/354
f 166/504/355 196/528/356 249/529/357
f 167/530/346 236/531/345 196/532/358
f 213/533/296 243/534/359 229/535/360
f 216/536/319 244/537/350 261/538/361
f 224/539/340 251/540/362 240/502/341
f 210/541/363 218/542/364 191/543/300
f 210/544/365 225/545/366 218/546/367
f 234/547/368 235/548/369 194/549/292
f 219/550/338 228/551/337 255/552/370
f 243/553/359 201/554/371 258/555/372
f 222/556/307 238/557/373 259/558/374
f 732/559/375 737/216/152 736/215/151
f 181/560/245 250/561/376 232/562/377
f 224/539/340 239/563/378 251/540/362
f 225/564/366 210/565/365 211/566/354
f 254/567/379 226/568/380 253/569/381
f 212/570/294 265/571/382 220/572/339
f 242/573/383 257/574/384 221/575/305
f 221/575/305 257/574/384 238/576/373
f 233/577/385 209/578/386 224/579/387
f 233/577/385 224/579/387 239/580/388
f 239/581/389 233/582/390 262/583/391
f 235/584/392 205/585/393 226/586/394
f 276/587/395 229/588/360 243/589/359
f 239/590/396 251/591/397 262/592/398
f 251/593/399 268/594/400 240/595/401
f 241/596/402 211/597/403 234/598/404
f 263/599/405 196/600/406 199/601/407
f 260/602/408 230/603/352 259/604/374
f 245/605/409 271/606/410 246/607/411
f 272/608/412 223/609/321 246/610/411
f 251/593/413 262/611/414 268/612/415
f 255/613/370 228/614/337 256/615/416
f 266/616/417 260/617/408 277/618/418
f 266/619/417 286/620/419 244/621/350
f 250/622/376 231/623/324 279/624/420
f 267/625/421 292/626/422 262/627/423
f 282/628/424 269/629/425 241/630/426
f 282/631/427 274/632/428 269/633/429
f 296/634/430 237/635/431 255/636/370
f 284/637/432 257/638/384 275/639/433
f 292/626/422 267/625/421 287/640/434
f 254/641/379 253/642/381 288/643/435
f 276/644/395 306/645/436 265/646/382
f 257/647/384 289/648/437 259/649/374
f 266/650/417 277/651/418 307/652/438
f 248/653/439 247/654/440 290/655/441
f 267/656/442 280/657/443 262/658/444
f 267/656/445 262/659/446 287/660/447
f 275/661/448 254/662/449 263/663/405
f 255/664/370 297/665/450 296/666/430
f 265/667/382 306/668/436 305/669/451
f 259/670/374 289/671/437 277/672/418
f 307/673/438 286/674/419 266/675/417
f 247/676/440 272/677/412 309/678/452
f 287/679/453 280/680/454 299/681/455
f 281/682/456 301/683/457 252/684/458
f 269/685/459 274/686/460 294/687/461
f 290/688/441 279/689/462 248/690/439
f 274/691/463 253/692/464 295/693/465
f 242/694/466 263/695/405 302/696/467
f 257/697/468 302/698/467 270/699/469
f 278/700/470 312/701/471 271/702/410
f 268/703/472 300/704/473 292/705/474
f 293/706/475 282/707/476 294/708/461
f 288/709/477 295/710/478 326/711/479
f 242/712/466 327/713/480 275/714/481
f 302/715/467 327/713/480 242/712/466
f 328/716/482 277/717/418 289/671/437
f 298/718/483 271/719/410 336/720/484
f 292/721/485 332/722/486 300/723/487
f 282/724/488 293/725/489 301/726/490
f 293/727/491 314/728/492 324/729/493
f 274/730/494 295/731/495 288/732/496
f 326/711/479 295/710/478 325/733/497
f 284/734/432 303/735/498 316/736/499
f 284/737/432 328/738/482 289/739/437
f 337/740/500 272/741/412 298/742/483
f 300/743/473 281/744/501 301/745/502
f 340/746/503 293/747/504 324/748/505
f 294/749/506 274/750/507 295/751/508
f 342/752/509 304/753/510 315/754/511
f 296/755/430 343/756/512 315/757/511
f 297/758/513 343/759/512 296/760/430
f 334/761/514 276/762/395 285/763/515
f 328/764/482 329/765/516 277/766/418
f 311/767/517 307/768/438 329/769/516
f 250/770/376 331/771/518 273/772/519
f 279/773/462 290/774/441 338/775/520
f 279/776/420 338/777/520 313/778/521
f 320/779/522 291/780/523 299/781/524
f 292/782/525 321/783/526 287/784/527
f 300/785/487 332/786/486 323/787/528
f 300/785/487 323/787/528 322/788/529
f 301/789/502 314/790/530 322/791/531
f 293/792/532 294/793/533 324/794/505
f 340/795/534 294/749/535 325/796/536
f 326/797/537 288/798/538 303/799/539
f 317/800/540 297/758/513 283/801/541
f 346/802/542 311/767/517 345/803/543
f 292/804/525 332/805/544 321/806/526
f 314/807/545 348/808/546 349/809/547
f 326/810/479 325/733/497 355/811/548
f 303/812/549 275/813/481 316/814/550
f 351/815/551 275/816/481 327/817/480
f 290/818/441 309/819/452 366/820/552
f 321/821/553 368/822/554 332/823/555
f 323/824/556 322/825/557 332/826/558
f 323/827/559 332/828/555 347/829/560
f 349/830/561 323/831/562 314/832/563
f 361/833/564 315/834/511 343/835/512
f 312/836/471 352/837/565 373/838/566
f 337/839/500 387/840/567 309/841/452
f 310/842/568 320/843/569 353/844/570
f 369/845/571 349/846/572 348/847/573
f 349/848/574 314/849/575 324/850/576
f 362/851/577 316/852/578 350/853/579
f 362/854/580 365/855/581 328/856/582
f 364/857/583 344/858/584 306/859/436
f 370/860/585 334/861/514 335/862/586
f 367/863/587 331/864/518 313/865/521
f 339/866/588 299/867/524 321/868/526
f 375/869/589 348/870/590 354/871/591
f 326/872/537 303/873/539 350/874/592
f 328/875/593 316/876/550 351/877/551
f 305/878/451 344/879/584 363/880/594
f 346/881/542 372/882/595 357/883/596
f 355/884/597 350/885/598 341/886/599
f 338/887/520 366/888/552 388/889/600
f 358/890/601 331/891/602 379/892/603
f 359/893/604 390/894/605 339/895/606
f 354/896/607 374/897/608 368/898/609
f 392/899/610 355/900/611 341/901/612
f 333/902/613 377/903/614 328/904/593
f 373/905/566 384/906/615 318/907/616
f 354/908/591 381/909/617 375/910/589
f 375/911/618 348/912/619 369/913/620
f 355/914/621 350/915/622 376/916/623
f 316/917/624 365/918/625 362/919/626
f 316/917/624 328/920/627 365/918/625
f 393/921/628 377/922/614 333/923/613
f 342/924/509 361/925/564 393/926/628
f 401/927/629 344/928/584 364/929/583
f 413/930/630 371/931/631 329/932/516
f 367/933/587 338/934/520 404/935/632
f 313/936/521 338/934/520 367/933/587
f 367/937/633 397/938/634 331/939/635
f 359/940/604 389/941/636 390/942/605
f 339/943/637 398/944/638 390/945/639
f 356/946/640 394/947/641 343/948/512
f 362/949/642 400/950/643 365/951/644
f 364/952/583 334/953/514 402/954/645
f 383/955/646 402/954/645 334/953/514
f 329/956/516 365/957/647 413/958/630
f 357/959/596 403/960/648 352/961/565
f 336/962/484 385/963/649 386/964/650
f 404/935/632 338/934/520 388/965/600
f 397/966/651 367/967/652 379/968/653
f 379/969/603 409/970/654 380/971/655
f 360/972/656 391/973/657 341/974/658
f 411/975/659 376/976/660 392/977/661
f 365/978/662 328/979/593 377/980/614
f 394/981/641 356/982/640 417/983/663
f 400/984/643 413/958/664 365/957/644
f 373/985/566 408/986/665 384/987/615
f 331/988/666 397/989/667 396/990/668
f 746/991/669 742/992/670 744/993/671
f 416/994/672 411/975/659 392/977/661
f 372/995/595 405/996/673 406/997/674
f 387/998/567 421/999/675 366/1000/552
f 397/1001/676 409/1002/654 379/1003/603
f 376/1004/623 362/1005/677 399/1006/678
f 367/1007/587 420/1008/679 397/989/667
f 422/1009/680 367/967/681 397/1010/682
f 745/1011/683 747/1012/684 744/1013/671
f 415/1014/685 390/1015/605 389/1016/636
f 423/1017/686 377/1018/614 393/1019/628
f 393/1020/628 394/1021/641 432/1022/687
f 435/1023/688 401/1024/629 402/1025/645
f 371/1026/631 433/1027/689 405/1028/673
f 408/1029/665 373/1030/566 407/1031/690
f 422/1032/680 397/1010/682 409/1033/691
f 428/1034/692 415/1035/693 390/1036/694
f 416/1037/695 429/1038/696 430/1039/697
f 406/1040/674 439/1041/698 403/1042/648
f 416/1043/699 391/1044/700 392/1045/701
f 424/1046/702 399/1047/703 400/1048/704
f 400/1049/705 413/1050/706 433/1051/707
f 436/1052/708 402/1053/645 383/1054/646
f 422/1055/680 409/1056/691 425/1057/709
f 416/1058/699 429/1059/710 391/1060/700
f 447/1061/711 448/1062/712 431/1063/713
f 411/1064/714 424/1065/715 431/1066/716
f 424/1067/717 433/1068/718 400/1069/719
f 435/1070/688 402/1071/645 436/1072/708
f 436/1073/708 419/1074/720 451/1075/721
f 459/1076/722 405/1077/673 433/1078/689
f 443/1079/723 434/1080/724 405/1081/673
f 366/1082/552 421/1083/675 388/1084/600
f 385/1085/649 440/1086/725 386/1087/650
f 409/1088/654 426/1089/726 414/1090/727
f 411/1091/728 431/1092/729 430/1093/730
f 430/1093/730 416/1094/731 411/1091/728
f 412/1095/732 423/1096/686 464/1097/733
f 401/1098/629 435/1099/688 450/1100/734
f 403/1101/735 438/1102/736 439/1103/737
f 404/1104/632 453/1105/738 420/1106/679
f 421/1107/675 387/1108/567 463/1109/739
f 459/1110/740 424/1111/741 465/1112/742
f 450/1100/734 435/1099/688 471/1113/743
f 434/1114/724 443/1115/723 473/1116/744
f 407/1117/690 452/1118/745 460/1119/746
f 465/1120/747 448/1121/748 424/1122/749
f 470/1123/750 432/1124/687 442/1125/751
f 424/1126/752 433/1127/753 459/1128/754
f 472/1129/755 435/1130/688 436/1072/708
f 447/1131/756 458/1132/757 430/1133/758
f 473/1116/744 474/1134/759 438/1135/760
f 404/1136/632 454/1137/761 453/1138/738
f 425/1139/762 477/1140/763 455/1141/764
f 468/1142/765 455/1143/766 426/1144/767
f 458/1145/768 469/1146/769 447/1147/770
f 435/1130/688 472/1129/755 471/1148/743
f 451/1149/721 486/1150/771 472/1151/755
f 486/1150/771 451/1149/721 466/1152/772
f 482/1153/773 473/1154/744 443/1155/723
f 491/1156/774 423/1157/686 449/1158/775
f 465/1159/776 459/1160/777 480/1161/778
f 475/1162/779 444/1163/780 483/1164/781
f 476/1165/782 488/1166/783 439/1167/784
f 477/1168/785 455/1169/766 468/1170/765
f 478/1171/786 458/1172/787 469/1173/788
f 493/1174/789 433/1175/790 479/1176/791
f 481/1177/792 450/1178/734 471/1179/743
f 483/1180/781 492/1181/793 487/1182/794
f 501/1183/795 473/1184/744 482/1185/773
f 505/1186/796 446/1187/797 445/1188/798
f 468/1189/799 497/1190/800 484/1191/801
f 479/1192/791 441/1193/802 464/1194/733
f 494/1195/803 491/1196/774 449/1197/775
f 493/1198/789 495/1199/804 433/1200/790
f 453/1201/738 510/1202/805 496/1203/806
f 489/1204/807 510/1202/805 453/1205/738
f 484/1206/801 506/1207/808 498/1208/809
f 513/1209/810 464/1210/733 491/1211/774
f 516/1212/811 499/1213/812 500/1214/813
f 463/1215/739 440/1216/725 517/1217/814
f 518/1218/815 460/1219/746 452/1220/745
f 504/1221/816 505/1222/796 445/1223/798
f 516/1224/817 500/1225/813 502/1226/818
f 512/1227/819 525/1228/820 461/1229/821
f 488/1230/783 518/1231/815 452/1232/745
f 506/1233/822 497/1234/823 484/1235/824
f 464/1236/733 513/1237/810 479/1238/791
f 520/1239/825 459/1240/826 495/1241/804
f 531/1242/827 514/1243/828 515/1244/829
f 524/1245/830 523/1246/831 489/1247/807
f 524/1248/830 490/1249/832 525/1228/820
f 511/1250/833 488/1251/783 476/1252/782
f 512/1253/819 463/1254/739 517/1255/814
f 504/1256/816 460/1257/746 518/1258/815
f 526/1259/834 462/1260/835 538/1261/836
f 529/1262/837 521/1263/838 508/1264/839
f 522/1265/840 516/1266/811 523/1267/831
f 511/1268/833 527/1269/841 488/1251/783
f 506/1270/842 498/1271/843 519/1272/844
f 537/1273/845 523/1274/831 524/1275/830
f 494/1276/803 534/1277/846 491/1278/774
f 507/1279/847 514/1280/828 530/1281/848
f 515/1282/829 532/1283/849 535/1284/850
f 524/1285/830 525/1286/820 537/1287/845
f 509/1288/851 533/1289/852 545/1290/853
f 550/1291/854 527/1292/841 511/1293/833
f 480/1294/855 520/1295/825 508/1296/839
f 531/1297/827 530/1281/848 514/1280/828
f 517/1298/814 544/1299/856 512/1300/819
f 537/1301/845 525/1286/820 543/1302/857
f 518/1303/815 527/1304/841 551/1305/858
f 508/1306/839 520/1307/825 558/1308/859
f 521/1309/838 541/1310/860 562/1311/861
f 541/1312/860 529/1313/837 556/1314/862
f 557/1315/863 495/1316/804 539/1317/864
f 565/1318/865 533/1319/852 536/1320/866
f 544/1321/856 547/1322/867 548/1323/868
f 534/1324/846 540/1325/869 560/1326/870
f 542/1327/871 548/1328/868 564/1329/872
f 548/1330/868 547/1322/867 568/1331/873
f 568/1331/873 547/1322/867 549/1332/874
f 528/1333/875 552/1334/876 566/1335/877
f 552/1336/876 534/1337/846 560/1338/870
f 565/1339/865 536/1340/866 562/1341/861
f 569/1342/878 545/1343/853 533/1344/852
f 545/1345/853 570/1346/879 546/1347/880
f 504/1348/816 555/1349/881 554/1350/882
f 548/1330/868 568/1331/873 564/1351/872
f 579/1352/883 560/1353/870 561/1354/884
f 545/1355/853 569/1356/878 570/1357/879
f 577/1358/885 551/1359/858 527/1360/841
f 539/1361/864 566/1362/877 572/1363/886
f 574/1364/887 563/1365/888 568/1366/873
f 578/1367/889 552/1368/876 560/1369/870
f 561/1370/884 563/1371/888 574/1372/887
f 551/1373/858 584/1374/890 555/1375/881
f 557/1376/863 539/1377/864 572/1378/886
f 566/1379/877 552/1380/876 578/1381/889
f 569/1382/878 565/1383/865 592/1384/891
f 587/1385/892 575/1386/893 576/1387/894
f 575/1386/893 553/1388/895 576/1387/894
f 573/1389/896 571/1390/897 589/1391/898
f 557/1392/863 572/1393/886 595/1394/899
f 590/1395/900 566/1396/877 578/1381/889
f 593/1397/901 570/1398/879 569/1399/878
f 581/1400/902 570/1401/879 598/1402/903
f 577/1403/885 584/1404/890 551/1405/858
f 571/1406/897 559/1407/904 594/1408/905
f 566/1396/877 590/1409/900 572/1410/886
f 589/1411/898 571/1412/897 585/1413/906
f 588/1414/907 567/1415/908 595/1416/899
f 578/1417/889 579/1418/883 596/1419/909
f 589/1420/910 585/1421/911 603/1422/912
f 582/1423/913 600/1424/914 594/1425/905
f 572/1426/886 590/1427/900 601/1428/915
f 580/1429/916 604/1430/917 592/1431/891
f 593/1432/901 569/1382/878 606/1433/918
f 736/1434/919 730/1435/920 734/1436/921
f 595/1437/899 611/1438/922 588/1439/907
f 595/1440/899 601/1441/915 611/1442/922
f 590/1443/900 596/1444/909 607/1445/923
f 597/1446/924 605/1447/925 596/1448/909
f 618/1449/926 585/1450/906 594/1451/905
f 590/1452/900 607/1453/923 601/1454/915
f 605/1447/925 612/1455/927 596/1456/909
f 604/1430/917 614/1457/928 592/1458/891
f 599/1459/929 609/1460/930 603/1461/931
f 618/1462/926 594/1463/905 600/1464/914
f 598/1465/903 616/1466/932 577/1467/885
f 599/1468/933 585/1469/911 589/1470/934
f 619/1471/935 607/1472/923 628/1473/936
f 602/1474/937 615/1475/938 584/1476/890
f 598/1477/903 624/1478/939 616/1479/932
f 589/1470/940 630/1480/941 603/1481/942
f 610/1482/943 611/1483/922 627/1484/944
f 591/1485/945 613/1486/946 623/1487/947
f 614/1457/928 604/1488/917 620/1489/948
f 615/1490/938 621/1491/949 612/1492/927
f 618/1493/926 630/1494/941 589/1495/940
f 613/1496/950 603/1497/951 625/1498/952
f 628/1473/953 621/1499/954 619/1500/955
f 599/1501/929 617/1502/956 609/1503/930
f 639/1504/957 598/1505/903 608/1506/958
f 618/1507/926 634/1508/959 630/1509/941
f 739/1510/960 733/1511/961 734/1512/962
f 598/1513/903 639/1514/957 624/1515/939
f 633/1516/963 622/1517/964 632/1518/965
f 603/1519/966 625/1520/967 617/1521/968
f 617/1522/969 640/1523/970 625/1524/971
f 634/1525/959 618/1526/926 626/1527/972
f 620/1528/948 637/1529/973 614/1530/928
f 622/1531/974 609/1532/975 617/1533/976
f 642/1534/977 627/1535/944 643/1536/978
f 623/1537/947 641/1538/979 620/1539/948
f 637/1529/973 620/1528/948 644/1540/980
f 625/1541/981 613/1542/982 646/1543/983
f 643/1544/978 631/1545/984 648/1546/985
f 648/1547/985 636/1548/986 649/1549/987
f 636/1550/986 624/1551/939 649/1552/987
f 616/1553/932 624/1551/939 636/1550/986
f 633/1554/963 632/1555/965 650/1556/988
f 634/1557/959 646/1558/989 623/1559/990
f 649/1560/987 624/1561/939 656/1562/991
f 639/1563/957 608/1506/958 660/1564/992
f 653/1565/993 634/1566/959 647/1567/994
f 656/1562/991 624/1561/939 639/1568/957
f 617/1569/995 625/1570/996 633/1571/997
f 646/1572/983 641/1573/998 625/1574/981
f 625/1575/999 663/1576/1000 641/1577/1001
f 623/1578/1002 641/1579/998 646/1580/983
f 637/1581/973 659/1582/1003 638/1583/1004
f 653/1584/1005 623/1585/1006 644/1586/1007
f 655/1587/1008 658/1588/1009 643/1589/978
f 640/1590/1010 662/1591/1011 663/1592/1012
f 665/1593/1013 641/1594/1014 663/1595/1015
f 642/1596/977 667/1597/1016 666/1598/1017
f 668/1599/1018 655/1600/1008 656/1601/1019
f 650/1602/988 671/1603/1020 651/1604/1021
f 625/1605/1022 663/1606/1023 640/1607/1024
f 664/1608/1025 641/1573/1026 663/1609/1027
f 637/1610/973 669/1611/1028 659/1612/1003
f 659/1613/1003 672/1614/1029 638/1615/1004
f 657/1616/1030 645/1617/1031 661/1618/1032
f 650/1619/1033 671/1620/1034 645/1617/1035
f 650/1621/1036 661/1622/1037 671/1623/1038
f 651/1624/1039 640/1625/1040 662/1626/1041
f 625/1605/1042 664/1608/1043 663/1606/1044
f 653/1627/993 674/1628/1045 644/1629/1046
f 653/1627/993 666/1630/1017 674/1631/1045
f 651/1632/1021 671/1633/1020 677/1634/1047
f 739/1635/1048 741/1636/1049 745/1637/1050
f 664/1638/1051 641/1639/1052 665/1640/1053
f 641/1641/1054 654/1642/1055 665/1643/1056
f 652/1644/1057 654/1645/1058 679/1646/1059
f 664/1638/1051 665/1640/1053 663/1647/1060
f 654/1648/1061 673/1649/1062 679/1650/1063
f 738/1651/1064 731/1652/1065 733/1653/1066
f 666/1654/1017 680/1655/1067 669/1656/1068
f 652/1657/1069 679/1658/1070 681/1659/1071
f 669/1660/1072 681/1661/1073 686/1662/1074
f 676/1663/1075 670/1664/1076 657/1665/1077
f 654/1666/1078 678/1667/1079 679/1668/1080
f 659/1669/1081 680/1670/1067 675/1671/1082
f 673/1672/1083 685/1673/1084 665/1674/1085
f 652/1675/1086 696/1676/1087 679/1677/1088
f 683/1678/1089 670/1664/1076 676/1679/1075
f 684/1680/1090 676/1681/1091 690/1682/1092
f 671/1683/1093 684/1684/1094 661/1685/1095
f 684/1686/1096 694/1687/1097 671/1688/1098
f 677/1689/1099 662/1690/1100 691/1691/1101
f 687/1692/1102 685/1693/1084 673/1694/1083
f 679/1650/1063 673/1695/1062 692/1696/1103
f 678/1697/1104 681/1698/1105 696/1676/1087
f 681/1699/1106 696/1700/1107 697/1701/1108
f 682/1702/1109 686/1703/1110 701/1704/1111
f 683/1705/1112 698/1706/1113 699/1707/1114
f 694/1708/1115 671/1709/1116 677/1710/1117
f 692/1711/1118 687/1712/1102 673/1713/1083
f 735/1714/1119 732/1715/1120 737/1716/1121
f 735/1717/1122 732/1718/1123 728/1719/1124
f 687/1720/1125 702/1721/1126 692/1722/1127
f 692/1723/1128 679/1724/1129 703/1725/1130
f 679/1726/1131 703/1727/1132 697/1728/1133
f 704/1729/1134 684/1730/1135 694/1731/1136
f 700/1732/1137 691/1733/1138 695/1734/1139
f 700/1735/1140 702/1736/1126 687/1737/1125
f 707/1738/1141 693/1739/1142 698/1740/1143
f 689/1741/1144 697/1742/1145 706/1743/1146
f 708/1744/1147 690/1745/1148 699/1746/1114
f 710/1747/1149 700/1748/1137 695/1734/1139
f 699/1749/1114 698/1750/1113 708/1751/1147
f 690/1752/1150 709/1753/1151 704/1754/1152
f 712/1755/1153 694/1756/1154 704/1757/1155
f 705/1758/1156 694/1759/1157 695/1760/1158
f 693/1761/1142 707/1762/1141 711/1763/1159
f 690/1764/1160 709/1765/1161 708/1766/1162
f 706/1767/1163 703/1768/1164 697/1769/1165
f 689/1770/1166 714/1771/1167 701/1772/1168
f 695/1773/1158 710/1774/1169 705/1775/1156
f 710/1747/1149 705/1776/1170 700/1777/1137
f 737/1778/152 740/1779/1171 742/1780/1172
f 703/1781/1173 713/1782/1174 715/1783/1175
f 701/1784/1168 714/1785/1167 716/1786/1176
f 713/1787/1177 692/1788/1128 703/1789/1130
f 714/1790/1178 706/1791/1179 689/1792/1180
f 719/1793/1181 708/1794/1182 718/1795/1183
f 702/1796/1184 713/1797/1185 720/1798/1186
f 715/1799/1187 703/1800/1164 706/1801/1163
f 707/1802/1188 719/1803/1181 718/1804/1183
f 723/1805/1189 712/1806/1190 705/1807/1191
f 717/1808/1192 705/1809/1193 712/1810/1194
f 721/1811/1195 708/1812/1196 719/1813/1197
f 709/1814/1198 704/1815/1199 722/1816/1200
f 712/1817/1201 722/1818/1202 723/1819/1203
f 713/1820/1174 725/1821/1204 715/1822/1175
f 724/1823/1205 714/1824/1206 715/1825/1207
f 714/1826/1208 727/1827/1209 726/1828/1210
f 723/1829/1189 717/1830/1192 712/1810/1194
f 714/1831/1211 716/1832/1212 726/1833/1213
f 721/1834/1214 709/1835/1198 722/1836/1200
f 726/1837/1215 724/1838/1216 714/1839/1217
f 713/1840/1185 725/1841/1218 720/1842/1186
f 724/1843/1219 725/1844/1220 715/1845/1221
f 729/1846/1222 725/1847/1223 733/1848/1224
f 735/1717/1225 740/1849/1171 737/1778/152
f 730/1850/1226 729/1851/1227 734/1852/1228
f 730/1853/1229 725/1844/1220 724/1854/1219
f 732/1855/1230 727/1856/1231 730/1857/1232
f 730/1858/1233 733/1859/1234 734/1860/1235
f 728/1861/1236 730/1862/1237 727/1863/1238
f 753/1864/1239 754/1865/1240 757/1866/1241
f 760/1867/1242 756/1868/1243 755/1869/1244
f 758/1870/1245 756/1871/1243 760/1872/1246
f 760/1873/1247 759/1874/1248 762/1875/1249
f 758/1876/1250 760/1877/1251 763/1878/1252
f 758/1879/1253 762/1880/1254 760/1881/1255
f 759/1882/1256 762/1883/1257 765/1884/1258
f 759/1885/1256 765/1884/1258 761/1886/1259
f 763/1887/1260 762/1888/1261 766/1889/1262
f 763/1890/1263 762/1891/1264 760/1892/1265
f 765/1893/1266 766/1894/1262 762/1895/1261
f 1831/1896/1267 1853/1897/1268 1849/1898/1269
f 761/1899/1270 764/1900/1271 768/1901/1272
f 763/1902/1273 766/1903/1274 769/1904/1275
f 765/1905/1266 770/1906/1276 766/1907/1262
f 764/1908/1277 768/1909/1278 773/1910/1279
f 767/1911/1280 777/1912/1281 773/1913/1282
f 771/1914/1283 768/1915/1284 776/1916/1285
f 768/1917/1286 765/1918/1258 771/1919/1287
f 774/1920/1288 770/1921/1289 769/1922/1290
f 778/1923/1291 771/1924/1292 780/1925/1293
f 772/1926/1294 767/1927/1295 777/1928/1296
f 776/1929/1297 780/1925/1293 771/1924/1292
f 774/1930/1288 779/1931/1298 778/1932/1299
f 776/1933/1300 777/1934/1301 773/1935/1302
f 772/1926/1294 777/1928/1296 781/1936/1303
f 780/1937/1293 776/1929/1297 784/1938/1304
f 772/1926/1294 781/1936/1303 775/1939/1305
f 777/1940/1306 784/1941/1304 776/1942/1297
f 786/1943/1307 779/1944/1308 778/1945/1309
f 775/1946/1305 781/1947/1303 782/1948/1310
f 786/1949/1311 778/1950/1312 780/1951/1313
f 790/1952/1314 778/1953/1315 786/1954/1316
f 785/1955/1317 789/1956/1318 783/1957/1319
f 785/1958/1317 783/1959/1319 796/1960/1320
f 780/1961/1321 778/1953/1315 790/1952/1314
f 784/1962/1322 788/1963/1323 777/1934/1324
f 791/1964/1325 781/1965/1326 782/1966/1327
f 780/1967/1293 784/1968/1304 797/1969/1328
f 16/1970/1329 32/1971/1330 1867/1972/1331
f 792/1973/1332 794/1974/1333 782/1975/1334
f 783/1976/1319 789/1977/1318 795/1978/1335
f 798/1979/1336 789/1980/1318 785/1981/1337
f 791/1982/1338 794/1983/1339 782/1984/1340
f 785/1985/1337 800/1986/1341 798/1987/1336
f 810/1988/1342 799/1989/1343 808/1990/1344
f 806/1991/1345 833/1992/1346 807/1993/1347
f 815/1994/1348 792/1995/1349 807/1996/1350
f 800/1997/1341 819/1998/1351 809/1999/1352
f 800/2000/1341 818/2001/1353 819/2002/1351
f 787/2003/1354 820/2004/1355 796/2005/1320
f 820/2006/1355 787/2007/1354 802/2008/1356
f 824/2009/1357 814/2010/1358 809/2011/1352
f 809/2012/1352 817/2013/1359 824/2014/1357
f 810/2015/1342 808/2016/1344 827/2017/1360
f 796/2018/1320 820/2019/1355 818/2020/1353
f 829/2021/1361 820/2022/1355 802/2023/1356
f 821/2024/1362 818/2025/1353 838/2026/1363
f 804/2027/1364 788/2028/1365 841/2029/1366
f 804/2030/1367 788/2031/1368 784/2032/1369
f 791/2033/1370 841/2034/1371 788/2028/1372
f 823/2035/1373 794/2036/1374 792/2037/1375
f 791/2038/1376 844/2039/1377 835/2040/1378
f 824/2041/1357 817/2042/1359 825/2043/1379
f 782/2044/1380 835/2045/1381 794/2046/1382
f 816/2047/1383 815/2048/1384 836/2049/1385
f 827/2050/1360 808/2051/1344 816/2052/1383
f 830/2053/1386 838/2026/1363 818/2025/1353
f 829/2054/1361 830/2055/1386 820/2056/1355
f 840/2057/1387 831/2058/1388 821/2059/1362
f 786/2060/1389 803/2061/1390 832/2062/1391
f 832/2063/1391 797/2064/1392 790/2065/1393
f 834/2066/1394 798/2067/1336 850/2068/1395
f 833/2069/1346 843/2070/1396 815/2071/1397
f 833/2069/1346 815/2071/1397 807/2072/1347
f 791/2073/1398 788/2074/1399 844/2075/1400
f 825/2076/1379 801/2077/1401 826/2078/1402
f 837/2079/1403 826/2080/1402 811/2081/1404
f 839/2082/1405 829/2083/1361 849/2084/1406
f 798/2085/1336 814/2086/1358 850/2087/1395
f 841/2088/1407 844/2075/1400 788/2074/1399
f 792/2089/1408 835/2090/1378 836/2091/1385
f 861/2092/1409 854/2093/1410 794/2094/1374
f 871/2095/1411 826/2096/1402 837/2097/1403
f 863/2098/1412 836/2099/1385 835/2100/1378
f 845/2101/1413 846/2102/1414 827/2103/1360
f 848/2104/1415 858/2105/1416 849/2106/1406
f 870/2107/1417 843/2108/1396 852/2109/1418
f 860/2110/1419 861/2092/1409 823/2111/1373
f 864/2112/1420 856/2113/1421 845/2114/1413
f 846/2115/1414 856/2116/1421 865/2117/1422
f 797/2118/1423 804/2119/1424 868/2120/1425
f 824/2121/1357 862/2122/1426 876/2123/1427
f 838/2124/1363 866/2125/1428 821/2126/1362
f 830/2127/1386 839/2128/1405 872/2129/1429
f 858/2130/1416 848/2131/1415 873/2132/1430
f 874/2133/1431 867/2134/1432 849/2135/1406
f 877/2136/1433 871/2137/1411 837/2138/1403
f 866/2139/1428 838/2140/1363 872/2141/1429
f 873/2142/1430 888/2143/1434 858/2130/1416
f 834/2144/1394 850/2145/1395 875/2146/1435
f 37/2147/1436 1860/2148/1437 138/2149/1438
f 872/2150/1429 839/2151/1405 880/2152/1439
f 858/2153/1416 888/2154/1434 874/2155/1431
f 832/2156/1440 868/2157/1441 904/2158/1442
f 868/2120/1443 804/2119/1444 897/2159/1445
f 883/2160/1446 842/2161/1447 853/2162/1448
f 884/2163/1449 894/2164/1450 863/2165/1451
f 837/2166/1403 878/2167/1452 877/2168/1433
f 839/2169/1405 867/2170/1432 880/2171/1439
f 887/2172/1453 865/2173/1422 886/2174/1454
f 1854/2175/1455 1852/2176/1456 1843/2177/126
f 852/2178/1418 898/2179/1457 870/2180/1417
f 32/2181/1458 1867/2182/1459 1869/2183/1460
f 844/2184/1377 854/2185/1461 890/2186/1462
f 884/2187/1463 835/2188/1378 894/2189/1464
f 867/2190/1432 889/2191/1465 903/2192/1466
f 890/2193/1467 854/2194/1410 891/2195/1468
f 847/2196/1469 895/2197/1470 878/2198/1452
f 886/2199/1454 879/2200/1471 915/2201/1472
f 916/2202/1473 857/2203/1474 881/2204/1475
f 888/2205/1434 873/2206/1430 909/2207/1476
f 919/2208/1477 889/2209/1465 874/2210/1431
f 898/2211/1457 852/2212/1418 899/2213/1478
f 853/2214/1448 921/2215/1479 883/2216/1446
f 853/2217/1448 875/2218/1435 921/2219/1479
f 841/2220/1480 890/2221/1481 882/2222/1482
f 862/2223/1426 922/2224/1483 876/2225/1427
f 893/2226/1484 871/2227/1411 910/2228/1485
f 857/2229/1474 916/2202/1473 895/2230/1470
f 903/2231/1466 880/2232/1439 917/2233/1486
f 887/2234/1453 918/2235/1487 909/2236/1476
f 903/2237/1466 938/2238/1488 907/2239/1489
f 883/2240/1446 926/2241/1490 869/2242/1491
f 3/2243/1492 855/2244/1493 911/2245/1494
f 896/2246/1495 925/2247/1496 908/2248/1497
f 903/2249/1466 889/2250/1465 932/2251/1498
f 926/2252/1490 883/2160/1446 921/2253/1479
f 891/2254/1468 900/2255/1499 934/2256/1500
f 890/2257/1462 936/2258/1501 894/2259/1464
f 894/2260/1464 928/2261/1502 905/2262/1503
f 924/2263/1504 930/2264/1505 912/2265/1506
f 906/2266/1507 915/2267/1472 937/2268/1508
f 902/2269/1509 909/2270/1476 931/2271/1510
f 919/2272/1477 932/2273/1498 889/2274/1465
f 952/2275/1511 904/2276/1512 868/2277/1513
f 897/2278/1514 904/2279/1512 952/2280/1511
f 948/2281/1515 882/2282/1516 890/2283/1517
f 927/2284/1518 875/2285/1435 892/2286/1519
f 910/2287/1485 877/2288/1433 962/2289/1520
f 906/2290/1507 937/2291/1508 918/2292/1487
f 903/2293/1466 969/2294/1521 938/2295/1488
f 902/2296/1509 931/2297/1510 919/2298/1477
f 947/2299/1522 921/2300/1479 927/2301/1518
f 934/2302/1500 948/2303/1523 890/2304/1467
f 890/2305/1462 953/2306/1524 936/2307/1501
f 928/2308/1502 936/2309/1501 949/2310/1525
f 941/2311/1526 928/2312/1502 949/2313/1525
f 5/2314/1527 7/2315/1528 911/2316/1529
f 943/2317/1530 944/2318/1531 915/2319/1472
f 916/2320/1473 908/2321/1497 966/2322/1532
f 951/2323/1533 945/2324/1534 918/2325/1487
f 934/2326/1500 900/2327/1499 920/2328/1535
f 955/2329/1536 914/2330/1537 895/2331/1470
f 958/2332/1538 920/2333/1535 898/2334/1457
f 958/2335/1538 898/2336/1457 970/2337/1539
f 954/2338/1540 941/2339/1526 949/2340/1525
f 954/2341/1540 963/2342/1541 942/2343/1542
f 942/2344/1542 964/2345/1543 950/2346/1544
f 937/2347/1508 944/2348/1531 967/2349/1545
f 893/2350/1484 910/2351/1485 972/2352/1546
f 940/2353/1547 981/2354/1548 901/2355/1549
f 11/2356/1550 7/2357/1551 973/2358/1552
f 963/2359/1541 974/2360/1553 942/2361/1542
f 944/2362/1531 956/2363/1554 985/2364/1555
f 925/2365/1496 938/2366/1488 986/2367/1556
f 1869/2368/1557 1864/2369/1558 32/2370/1559
f 971/2371/1560 949/2372/1525 953/2373/1561
f 901/2374/1549 981/2354/1548 961/2375/1562
f 911/2376/1563 973/2377/1564 11/2378/1565
f 940/2379/1547 901/2380/1549 961/2381/1566
f 954/2382/1540 982/2383/1567 963/2384/1541
f 993/2385/1568 916/2386/1473 966/2387/1532
f 985/2388/1555 956/2363/1554 965/2389/1569
f 966/2390/1532 908/2391/1497 994/2392/1570
f 925/2393/1496 994/2392/1570 908/2391/1497
f 970/2394/1539 933/2395/1571 997/2396/1572
f 990/2397/1573 960/2398/1574 934/2399/1500
f 978/2400/1575 921/2401/1479 947/2402/1522
f 992/2403/1576 965/2404/1569 964/2405/1543
f 985/2406/1555 995/2407/1577 967/2408/1545
f 957/2409/1578 1006/2410/1579 946/2411/1580
f 948/2412/1581 979/2413/1582 998/2414/1583
f 999/2415/1584 935/2416/1585 922/2417/1483
f 983/2418/1586 991/2419/1587 963/2420/1541
f 991/2421/1587 984/2422/1588 974/2423/1553
f 1005/2424/1589 968/2425/1590 1003/2426/1591
f 1004/2427/1592 932/2428/1498 977/2429/1593
f 1001/2430/1594 971/2371/1560 979/2431/1595
f 972/2432/1546 962/2433/1520 1018/2434/1596
f 1007/2435/1597 983/2436/1586 982/2437/1567
f 992/2438/1576 1002/2439/1598 965/2440/1569
f 1006/2441/1579 1013/2442/1599 946/2443/1580
f 976/2444/1600 987/2445/1601 1014/2446/1602
f 1016/2447/1603 998/2448/1604 948/2449/1523
f 972/2450/1546 1034/2451/1605 939/2452/1606
f 962/2453/1520 929/2454/1607 1020/2455/1608
f 1010/2456/1609 1028/2457/1610 1011/2458/1611
f 991/2459/1587 1011/2460/1611 1021/2461/1612
f 984/2462/1588 1021/2463/1612 1023/2464/1613
f 992/2465/1576 1023/2466/1613 1024/2467/1614
f 977/2468/1593 946/2469/1580 1013/2470/1599
f 1032/2471/1615 1033/2472/1616 1007/2473/1597
f 1033/2472/1616 1009/2474/1617 1007/2473/1597
f 1008/2475/1618 940/2476/1619 981/2477/1620
f 996/2478/1621 958/2479/1538 1031/2480/1622
f 1033/2472/1616 1027/2481/1623 1009/2474/1617
f 1008/2482/1618 981/2483/1620 1043/2484/1624
f 955/2485/1536 993/2486/1568 1022/2487/1625
f 1023/2488/1613 1021/2489/1612 1036/2490/1626
f 1024/2491/1614 1023/2492/1613 1036/2493/1626
f 994/2494/1570 986/2495/1556 1050/2496/1627
f 1016/2497/1603 960/2498/1574 990/2499/1573
f 1032/2500/1615 1001/2501/1594 1062/2502/1628
f 11/2503/1629 973/2504/1630 1019/2505/1631
f 1042/2506/1632 1045/2507/1633 1027/2508/1623
f 1046/2509/1634 1035/2510/1635 1028/2511/1610
f 1022/2512/1625 1047/2513/1636 975/2514/1637
f 1051/2515/1638 1052/2516/1639 1012/2517/1640
f 988/2518/1641 1038/2519/1642 1006/2520/1579
f 997/2521/1572 1059/2522/1643 970/2523/1539
f 1847/2524/1644 1839/2525/1645 1824/2526/1646
f 16/2527/1647 1865/2528/1648 1867/2182/1649
f 15/2529/1650 11/2503/1629 1019/2505/1631
f 975/2530/1637 1047/2531/1636 1020/2532/1608
f 1036/2533/1626 1021/2534/1612 1048/2535/1651
f 1004/2536/1592 977/2537/1593 1013/2538/1599
f 990/2539/1573 989/2540/1652 1076/2541/1653
f 1058/2542/1654 996/2543/1621 1031/2544/1622
f 1017/2545/1655 1039/2546/1656 947/2547/1657
f 1068/2548/1658 1035/2549/1635 1067/2550/1659
f 1070/2551/1660 1037/2552/1661 1052/2553/1639
f 1053/2554/1662 1071/2555/1663 1030/2556/1664
f 1026/2557/1665 1030/2558/1664 1074/2559/1666
f 1076/2541/1653 989/2540/1652 1058/2560/1654
f 1017/2561/1667 980/2562/1668 1084/2563/1669
f 1062/2564/1628 979/2565/1595 1040/2566/1670
f 1063/2567/1671 999/2568/1584 1054/2569/1672
f 1046/2570/1634 1056/2571/1673 1067/2572/1659
f 1056/2571/1673 1088/2573/1674 1067/2572/1659
f 1078/2574/1675 1036/2575/1626 1048/2576/1651
f 1052/2577/1639 1082/2578/1676 1083/2579/1677
f 1091/2580/1678 1013/2581/1599 1038/2582/1642
f 1071/2583/1663 1053/2584/1662 1070/2585/1660
f 980/2586/1668 1063/2587/1671 1084/2588/1669
f 1094/2589/1679 1063/2567/1671 1054/2569/1672
f 1018/2590/1596 1086/2591/1680 1041/2592/1681
f 1019/2593/1682 1043/2594/1683 1044/2595/1684
f 1087/2596/1685 1056/2597/1673 1066/2598/1686
f 1088/2573/1674 1056/2599/1673 1087/2600/1685
f 1051/2601/1638 1080/2602/1687 1082/2603/1676
f 1093/2604/1688 1032/2605/1615 1062/2606/1628
f 1043/2607/1689 1008/2608/1690 1099/2609/1691
f 1066/2610/1686 1096/2611/1692 1087/2612/1685
f 1047/2613/1636 1086/2614/1680 1020/2532/1608
f 410/2615/1693 1870/2616/1694 1863/2617/1695
f 1070/2618/1660 1052/2619/1639 1083/2620/1677
f 1044/2621/1696 1019/2622/1697 1100/2623/1698
f 1090/2624/1699 1103/2625/1700 1078/2626/1675
f 1070/2618/1660 1083/2620/1677 1106/2627/1701
f 138/2628/1702 1736/2629/1703 1860/2630/1704
f 1055/2631/1705 1034/2632/1605 1142/2633/1706
f 1142/2634/1706 1034/2635/1605 1098/2636/1707
f 1099/2609/1691 1008/2637/1690 1065/2638/1708
f 1108/2639/1709 1101/2640/1710 1096/2641/1692
f 1736/2642/1711 1860/2643/1712 1866/2644/1713
f 1047/2645/1636 1089/2646/1714 1145/2647/1715
f 1050/2648/1627 1133/2649/1716 1049/2650/1717
f 1071/2651/1663 1122/2652/1718 1123/2653/1719
f 1060/2654/1720 1160/2655/1721 1115/2656/1722
f 1059/2657/1643 1139/2658/1723 1075/2659/1724
f 1162/2660/1725 1062/2661/1628 1040/2662/1670
f 1061/2663/1726 1039/2664/1727 1126/2665/1728
f 1126/2666/1728 1017/2667/1667 1141/2668/1729
f 1093/2669/1688 1107/2670/1730 1064/2671/1731
f 1849/2672/1732 456/2673/1733 1853/2674/1734
f 15/2675/25 20/2676/1735 1100/2677/1698
f 1105/2678/1736 1080/2679/1687 1112/2680/1737
f 1057/2681/1738 1073/2682/1739 1120/2683/1740
f 1121/2684/1741 1122/2685/1718 1070/2686/1660
f 1075/2687/1724 1139/2688/1723 1125/2689/1742
f 1117/2690/1743 1093/2691/1688 1062/2606/1628
f 1860/2692/1437 37/2693/1436 1868/2694/1744
f 1868/2694/1745 37/2693/1746 1861/2695/1747
f 1134/2696/1748 1102/2697/1749 1132/2698/1750
f 1134/2696/1748 1132/2698/1750 1146/2699/1751
f 1090/2700/1699 1134/2701/1748 1103/2702/1700
f 1137/2703/1752 1106/2704/1701 1105/2705/1736
f 1129/2706/1753 1096/2707/1692 1085/2708/1754
f 1108/2709/1709 1096/2710/1692 1129/2711/1753
f 1130/2712/1755 1065/2713/1756 1108/2714/1757
f 1109/2715/1758 1150/2716/1759 1110/2717/1760
f 1070/2718/1660 1106/2719/1701 1121/2720/1741
f 1148/2721/1761 1124/2722/1762 1031/2723/1622
f 1172/2724/1763 1116/2725/1764 1061/2726/1726
f 1127/2727/1765 1063/2728/1671 1094/2729/1679
f 1129/2706/1753 1085/2730/1754 1128/2731/1766
f 1119/2732/1767 1156/2733/1768 1149/2734/1769
f 1044/2735/1696 1100/2736/1698 1131/2737/1770
f 1143/2738/1771 1144/2739/1772 1130/2740/1773
f 1150/2716/1759 1109/2741/1758 1144/2742/1772
f 1863/2743/1774 410/2744/1775 1869/2745/1776
f 1153/2746/1777 1112/2747/1737 1152/2748/1778
f 1105/2749/1736 1153/2750/1777 1137/2751/1752
f 1060/2752/1779 1115/2753/1780 1171/2754/1781
f 1163/2755/1782 1107/2756/1730 1093/2757/1688
f 1128/2758/1766 1107/2759/1730 1173/2760/1783
f 1077/2761/1784 1133/2762/1716 1157/2763/1785
f 1146/2764/1751 1168/2765/1786 1134/2766/1748
f 1152/2767/1778 1112/2768/1737 1151/2769/1787
f 1092/2770/1788 1114/2771/1789 1147/2772/1790
f 1076/2773/1653 1161/2774/1791 1115/2775/1792
f 1870/2776/1793 498/2777/1794 519/2778/1795
f 1164/2779/1796 1130/2780/1797 1108/2781/1709
f 1157/2782/1785 1145/2783/1715 1089/2784/1714
f 1133/2785/1716 1079/2786/1798 1201/2787/1799
f 1167/2788/1800 1168/2789/1786 1146/2790/1751
f 1151/2769/1787 1196/2791/1801 1152/2792/1778
f 1121/2793/1741 1137/2794/1752 1182/2795/1802
f 1123/2796/1719 1122/2797/1718 1181/2798/1803
f 1839/2799/1645 1846/2800/1804 1824/2801/1805
f 1142/2802/1706 1189/2803/1806 1118/2804/1807
f 1175/2805/1808 1143/2806/1809 1130/2807/1797
f 1176/2808/1810 20/2809/1811 1100/2810/1812
f 1100/2811/1813 1177/2812/1814 1176/2813/1815
f 1123/2814/1719 1181/2815/1803 1154/2816/1816
f 1138/2817/1817 1159/2818/1818 1114/2819/1789
f 1140/2820/1819 1198/2821/1820 1162/2822/1725
f 1186/2823/1821 1127/2824/1765 1187/2825/1822
f 1155/2826/1823 1187/2827/1822 1127/2828/1765
f 1099/2829/1824 1143/2830/1825 1165/2831/1826
f 1131/2832/1770 1100/2833/1698 1176/2834/1827
f 1144/2835/1772 1166/2836/1828 1178/2837/1829
f 1178/2838/1829 1191/2839/1830 1150/2840/1759
f 1191/2841/1830 1167/2842/1800 1150/2843/1759
f 1135/2844/1831 1169/2845/1832 1193/2846/1833
f 1194/2847/1834 1113/2848/1835 1136/2849/1836
f 1138/2850/1837 1197/2851/1838 1184/2852/1839
f 1126/2853/1728 1141/2854/1729 1186/2855/1821
f 1128/2758/1766 1173/2856/1783 1174/2857/1840
f 1149/2858/1769 1156/2859/1768 1189/2860/1806
f 1145/2861/1715 1199/2862/1841 1156/2863/1768
f 1179/2864/1842 1203/2865/1843 1168/2866/1786
f 1168/2867/1786 1203/2868/1843 1169/2869/1832
f 1193/2870/1833 1169/2871/1832 1203/2872/1843
f 1195/2873/1844 1194/2874/1834 1136/2875/1836
f 1153/2876/1777 1152/2877/1778 1205/2878/1845
f 1148/2879/1761 1125/2880/1742 1228/2881/1846
f 1161/2882/1847 1171/2883/1781 1115/2884/1780
f 1116/2885/1764 1172/2886/1763 1185/2887/1848
f 1155/2888/1823 1188/2889/1849 1209/2890/1850
f 1131/2891/1851 1165/2892/1852 1176/2893/1853
f 1177/2894/1854 20/2895/1811 1176/2896/1810
f 1210/2897/1855 1166/2898/1828 1143/2899/1771
f 1178/2900/1829 1211/2901/1856 1191/2902/1830
f 1202/2903/1857 1104/2904/1858 1180/2905/1859
f 1193/2906/1833 1212/2907/1860 1151/2908/1787
f 1183/2909/1861 1182/2910/1802 1213/2911/1862
f 1160/2912/1863 1229/2913/1864 1161/2914/1847
f 1117/2915/1743 1162/2916/1725 1230/2917/1865
f 1217/2918/1866 1164/2919/1796 1129/2920/1753
f 1167/2921/1800 1220/2922/1867 1221/2923/1868
f 1179/2924/1842 1221/2925/1868 1203/2926/1843
f 1147/2927/1869 1226/2928/1870 1214/2929/1871
f 1160/2930/1872 1161/2931/1791 1227/2932/1873
f 1226/2933/1874 1160/2934/1875 1147/2935/1876
f 1148/2936/1761 1228/2937/1846 1215/2938/1877
f 1229/2939/1864 1171/2883/1781 1161/2882/1847
f 1254/2940/1878 1173/2941/1783 1163/2942/1782
f 1172/2943/1763 1126/2944/1728 1208/2945/1879
f 1190/2946/1880 1165/2947/1881 1143/2948/1809
f 1188/2949/1849 1218/2950/1882 1209/2951/1850
f 1176/2952/1853 1165/2953/1852 1233/2954/1883
f 1220/2955/1867 1191/2956/1830 1211/2957/1856
f 1203/2958/1843 1243/2959/1884 1223/2960/1885
f 1248/2961/1886 1170/2962/1887 1194/2963/1834
f 1205/2964/1845 1196/2965/1801 1236/2966/1888
f 1181/2967/1803 1183/2968/1861 1265/2969/1889
f 1226/2970/1890 1160/2971/1872 1227/2932/1873
f 1215/2972/1877 1227/2973/1873 1161/2974/1791
f 1172/2886/1763 1232/2975/1891 1185/2976/1848
f 1190/2946/1880 1240/2977/1892 1165/2947/1881
f 1177/2978/1893 1241/2979/1894 20/2980/1895
f 1210/2981/1855 1242/2982/1896 1211/2983/1856
f 1235/2984/1897 1243/2959/1884 1203/2985/1843
f 1212/2986/1860 1251/2987/1898 1236/2988/1888
f 1204/2989/1899 1181/2990/1803 1264/2991/1900
f 1214/2992/1901 1159/2993/1818 1237/2994/1902
f 1198/2995/1820 1207/2996/1903 1302/2997/1904
f 1232/2998/1891 1172/2999/1763 1208/3000/1879
f 1176/3001/1905 1241/3002/1906 1177/3003/1907
f 23/3004/1908 20/3005/1895 1241/3006/1894
f 26/3007/1909 1177/3008/1910 20/3009/1911
f 1192/3010/1912 1260/3011/1913 1200/3012/1914
f 1180/3013/1859 1262/3014/1915 1202/3015/1857
f 1221/3016/1868 1263/3017/1916 1235/3018/1897
f 1213/3019/1862 1182/3020/1802 1224/3021/1917
f 1197/3022/1918 1252/3023/1919 1237/3024/1902
f 1862/3025/1920 1866/2644/1713 1857/3026/1921
f 1198/3027/1820 1238/3028/1922 1162/3029/1725
f 1174/3030/1840 1173/3031/1783 1268/3032/1923
f 1209/3033/1924 1187/3034/1925 1246/3035/1926
f 1176/3036/1927 1177/3037/1928 1258/3038/1929
f 1241/3039/1930 1258/3038/1929 1177/3037/1928
f 23/3040/1931 26/3007/1909 20/3041/1911
f 1220/3042/1867 1242/3043/1896 1261/3044/1932
f 1263/3045/1916 1243/3046/1884 1235/3047/1897
f 1275/3048/1933 1223/3049/1885 1243/3050/1884
f 1194/3051/1834 1195/3052/1844 1249/3053/1934
f 1255/3054/1935 1185/3055/1848 1232/3056/1891
f 1175/3057/1808 1217/3058/1866 1280/3059/1936
f 1245/3060/1937 1209/3033/1938 1246/3061/1939
f 1165/2947/1881 1240/3062/1892 1233/3063/1940
f 1209/3064/1850 1257/3065/1941 1246/3066/1939
f 1177/3067/1910 26/3068/1909 1241/3039/1942
f 1260/3069/1913 1234/3070/1943 1274/3071/1944
f 1283/3072/1945 1263/3017/1916 1247/3073/1946
f 1249/3074/1934 1248/3075/1886 1194/3076/1834
f 1226/3077/1870 1277/3078/1947 1214/3079/1871
f 1227/3080/1873 1291/3081/1948 1226/3082/1890
f 1279/3083/1949 1238/3084/1922 1198/3085/1820
f 1272/3086/1950 1273/3087/1951 1294/3088/1952
f 1264/3089/1900 1181/3090/1803 1285/3091/1953
f 1287/3092/1954 1224/3093/1917 1205/3094/1845
f 1252/3095/1955 1267/3096/1956 1225/3097/1957
f 1290/3098/1958 1237/3099/1959 1214/3100/1960
f 1229/3101/1864 1226/3102/1961 1312/3103/1962
f 1869/2745/1776 1864/3104/1963 1863/2743/1774
f 1293/3105/1964 1216/3106/1965 1174/3107/1840
f 1262/3108/1915 1222/3109/1966 1308/3110/1967
f 1237/3111/1968 1277/3112/1969 1214/3113/1970
f 1277/3114/1971 1226/3115/1890 1291/3116/1948
f 1215/3117/1877 1253/3118/1972 1292/3119/1973
f 1231/3120/1974 1292/3121/1973 1300/3122/1975
f 1216/3123/1965 1293/3124/1964 1256/3125/1976
f 1255/3126/1935 1323/3127/1977 1269/3128/1978
f 1271/3129/1979 1232/3130/1891 1315/3131/1980
f 1280/3132/1936 1240/3133/1892 1190/3134/1880
f 1305/3135/1981 1304/3136/1982 1246/3137/1939
f 1257/3138/1941 1305/3139/1981 1246/3140/1939
f 1307/3141/1983 1281/3142/1984 1259/3143/1985
f 1284/3144/1986 1263/3145/1916 1309/3146/1987
f 1224/3021/1917 1288/3147/1988 1286/3148/1989
f 1277/3149/1990 1312/3150/1962 1226/3102/1961
f 1215/3151/1877 1292/3152/1973 1278/3153/1991
f 1230/3154/1865 1299/3155/1992 1254/3156/1878
f 1238/3157/1922 1313/3158/1993 1299/3159/1992
f 1270/3160/1994 1231/3161/1974 1300/3162/1975
f 1241/3163/1995 1258/3164/1996 26/3165/1997
f 1282/3166/1998 1319/3167/1999 1295/3168/2000
f 1296/3169/2001 1310/3170/2002 1244/3171/2003
f 1851/3172/2004 1833/3173/2005 1829/3174/2006
f 1237/3175/1968 1252/3176/2007 1321/3177/2008
f 1253/3178/1972 1301/3179/2009 1292/3180/1973
f 1325/3181/2010 1240/3133/1892 1280/3182/1936
f 1240/3183/1892 1325/3184/2010 1316/3185/2011
f 1315/3186/1980 1304/3187/1982 1326/3188/2012
f 1358/3189/2013 1294/3190/1952 1260/3191/1913
f 1252/3176/2007 1290/3192/2014 1322/3193/2015
f 1322/3193/2015 1321/3177/2008 1252/3176/2007
f 1291/3194/1948 1278/3195/2016 1337/3196/2017
f 1292/3197/1973 1301/3179/2009 1340/3198/2018
f 1314/3199/2019 1271/3200/1979 1341/3201/2020
f 1258/3202/2021 26/3203/2022 1332/3204/2023
f 1306/3205/2024 1258/3206/2025 1307/3207/1983
f 1328/3208/2026 1248/3209/1886 1249/3210/1934
f 1329/3211/2027 1346/3212/2028 1275/3213/1933
f 1345/3214/2029 1264/3215/1900 1285/3216/1953
f 1285/3217/1953 1265/3218/1889 1347/3219/2030
f 1265/3220/1889 1348/3221/2031 1347/3222/2030
f 1256/3223/1976 1293/3224/1964 1355/3225/2032
f 1340/3226/2018 1301/3227/2009 1367/3228/2033
f 1315/3229/1980 1341/3230/2020 1271/3231/1979
f 1258/3232/2034 1332/3233/2035 1376/3234/2036
f 1332/3235/2023 1333/3236/2037 1307/3237/1983
f 1358/3189/2013 1317/3238/2038 1294/3239/1952
f 1275/3213/1933 1346/3212/2028 1296/3240/2001
f 1288/3241/1988 1287/3242/1954 1366/3243/2039
f 1350/3244/2040 1289/3245/2041 1331/3246/2042
f 1351/3247/2043 1252/3248/2044 1331/3249/2045
f 1312/3250/1962 1277/3251/1990 1352/3252/2046
f 1312/3253/1962 1353/3254/2047 1298/3255/2048
f 1280/3256/1936 1357/3257/2049 1325/3258/2010
f 1319/3259/1999 1359/3260/2050 1361/3261/2051
f 1319/3259/1999 1361/3261/2051 1295/3262/2000
f 1361/3263/2051 1343/3264/2052 1295/3265/2000
f 1264/3266/1900 1345/3214/2029 1335/3267/2053
f 1348/3268/2031 1276/3269/2054 1286/3270/1989
f 1313/3271/1993 1279/3272/1949 1381/3273/2055
f 1338/3274/2056 1381/3273/2055 1279/3272/1949
f 1314/3275/2019 1341/3276/2020 1368/3277/2057
f 1314/3275/2019 1368/3277/2057 1324/3278/2058
f 1385/3279/2059 1342/3280/2060 1316/3281/2011
f 1332/3233/2035 1342/3282/2060 1376/3234/2036
f 1377/3283/2061 1305/3284/1981 1371/3285/2062
f 1333/3286/2037 1370/3287/2063 30/3288/2064
f 1328/3289/2026 1249/3290/1934 1330/3291/2065
f 1373/3292/2066 1349/3293/2067 1310/3294/2002
f 1297/3295/2068 1349/3296/2067 1311/3297/2069
f 1321/3298/2070 1322/3299/2071 1351/3300/2072
f 1859/3301/2073 498/2777/809 1863/3302/2074
f 1324/3303/2058 1368/3304/2057 1384/3305/2075
f 29/3306/2076 26/3307/2077 1376/3308/2036
f 29/3309/2078 30/3288/2064 1370/3287/2063
f 1378/3310/2079 1359/3311/2050 1333/3312/2037
f 1327/3313/2080 1362/3314/2081 1396/3315/2082
f 1344/3316/2083 1389/3317/2084 1408/3318/2085
f 1322/3299/2086 1321/3319/2087 1374/3320/2088
f 1291/3321/1948 1337/3322/2017 1336/3323/2089
f 1391/3324/2090 1293/3325/1964 1354/3326/2091
f 1300/3327/1975 1356/3328/2092 1382/3329/2093
f 1340/3330/2018 1394/3331/2094 1356/3332/2092
f 1324/3303/2058 1384/3305/2075 1367/3333/2033
f 26/3334/2022 29/3335/2078 1332/3336/2023
f 1333/3312/2037 30/3337/2064 1378/3310/2079
f 1359/3260/2050 1387/3338/2095 1361/3339/2051
f 1397/3340/2096 1362/3341/2081 1308/3342/1967
f 1347/3343/2030 1345/3344/2029 1285/3217/1953
f 1337/3322/2017 1390/3345/2097 1336/3323/2089
f 1293/3346/1964 1391/3347/2090 1355/3348/2032
f 1393/3349/2098 1383/3350/2099 1325/3351/2010
f 1369/3352/2100 1377/3353/2061 1395/3354/2101
f 1358/3355/2013 1360/3356/2102 1386/3357/2103
f 34/3358/57 1387/3338/2095 1359/3359/2050
f 1343/3360/2052 1398/3361/2104 1399/3362/2105
f 1328/3289/2026 1330/3291/2065 1407/3363/2106
f 1403/3364/2107 1286/3365/1989 1366/3366/2039
f 1379/3367/2108 1366/3368/2039 1287/3369/1954
f 1409/3370/2109 1350/3371/2110 1351/3372/2111
f 1382/3373/2093 1356/3374/2092 1422/3375/2112
f 1341/3276/2020 1405/3376/2113 1368/3377/2057
f 1417/3378/2114 1395/3379/2101 1377/3380/2061
f 1396/3381/2082 1406/3382/2115 1360/3383/2102
f 1378/3384/2079 31/3385/55 34/3386/57
f 1362/3387/2081 1418/3388/2116 1396/3389/2082
f 38/3390/67 1398/3391/2104 1387/3392/2095
f 1363/3393/2117 1399/3394/2105 1400/3395/2118
f 1860/3396/2119 1857/3397/2120 1861/3398/2121
f 1286/3399/1989 1403/3400/2107 1348/3401/2031
f 1411/3402/2122 1357/3403/2049 1392/3404/2123
f 1415/3405/2124 1384/3406/2075 1423/3407/2125
f 1417/3378/2114 1377/3380/2061 1371/3408/2062
f 1417/3409/2114 1371/3410/2062 1406/3411/2115
f 1371/3412/2062 1386/3413/2103 1406/3414/2115
f 1366/3415/2039 1379/3416/2108 1420/3417/2126
f 1404/3418/2127 1430/3419/2128 1350/3420/2129
f 1861/3421/2130 1865/3422/2131 1868/3423/2132
f 1350/3424/2133 1331/3425/2134 1430/3419/2135
f 1374/3426/2088 1431/3427/2136 1351/3428/2137
f 1853/2674/2138 456/3429/2139 427/91/2140
f 1416/3430/2141 1342/3431/2060 1385/3432/2059
f 40/3433/54 1342/3434/2060 1416/3435/2141
f 1423/3436/2125 1384/3437/2075 1424/3438/2142
f 40/3439/54 29/70/50 1376/3440/2143
f 36/3441/63 38/3442/67 1387/3392/2095
f 1426/3443/2144 1399/3444/2105 1398/3445/2104
f 1419/3446/2145 1328/3447/2026 1407/3448/2106
f 1399/3449/2105 1455/3450/2146 1400/3451/2118
f 1446/3452/2147 1407/3453/2106 1330/3454/2065
f 1350/3455/2129 1409/3370/2148 1404/3456/2127
f 1350/3424/2149 1430/3419/2150 1409/3457/2151
f 1390/3458/2097 1353/3459/2047 1410/3460/2152
f 1353/3459/2047 1390/3458/2097 1337/3461/2017
f 1385/3462/2059 1383/3463/2099 1433/3464/2153
f 1444/3465/2154 1421/3466/2155 1382/3467/2093
f 1417/3468/2114 1406/3469/2115 1434/3470/2156
f 1396/3471/2082 1434/3472/2156 1406/3473/2115
f 1388/3474/2157 1453/3475/2158 1397/3476/2096
f 1347/3477/2030 1348/3478/2031 1457/3479/2159
f 1457/3479/2159 1348/3478/2031 1456/3480/2160
f 1380/3481/2161 1450/3482/2162 1375/3483/2163
f 1425/3484/2164 1464/3485/2165 1452/3486/2166
f 1407/3487/2106 1454/3488/2167 1419/3489/2145
f 1349/3490/2067 1439/3491/2168 1478/3492/2169
f 1832/3493/2170 1850/3494/2171 1831/3495/2172
f 1432/3496/2173 1459/3497/2174 1391/3498/2090
f 1413/3499/2175 1421/3500/2155 1451/3501/2176
f 1451/3502/2176 1421/3503/2155 1472/3504/2177
f 1421/3500/2155 1444/3505/2154 1472/3506/2177
f 1414/3507/2178 1462/3508/2179 1422/3509/2112
f 1463/3510/2180 1424/3511/2142 1452/3512/2166
f 1455/3513/2146 1426/3514/2144 49/3515/78
f 1431/3516/2181 1447/3517/2182 1409/3518/2183
f 1472/3506/2177 1444/3505/2154 1473/3519/2184
f 1445/3520/2185 1465/3521/2186 1464/3522/2165
f 1435/3523/2187 1453/3524/2188 1467/3525/2189
f 1477/3526/2190 1366/3527/2039 1504/3528/2191
f 1478/3529/2169 1439/3491/2168 1438/3530/2192
f 1409/3531/2193 1447/3532/2194 1470/3533/2195
f 1441/3534/2196 1479/3535/2197 1431/3536/2198
f 1431/3537/2199 1470/3533/2200 1440/3538/2201
f 1440/3539/2202 1431/3540/2203 1374/3541/2204
f 1393/3542/2098 1480/3543/2205 1443/3544/2206
f 1464/3545/2165 1474/3546/2207 1452/3547/2166
f 1427/3548/2208 1486/3549/2209 1446/3550/2147
f 1487/3551/2210 1437/3552/2211 1475/3553/2212
f 1488/3554/2213 1401/3555/2214 1505/3556/2215
f 1430/3557/2216 1458/3558/2217 1469/3559/2218
f 1450/3482/2162 1460/3560/2219 1492/3561/2220
f 1454/3562/2167 1435/3563/2221 1419/3564/2145
f 1428/3565/2222 1457/3566/2159 1495/3567/2223
f 1448/3568/2224 1497/3569/2225 1442/3570/2226
f 1459/3571/2174 1432/3572/2173 1491/3573/2227
f 1510/3574/2228 40/3575/54 1416/3576/2141
f 1463/3577/2180 1502/3578/2229 1501/3579/2230
f 1474/3546/2207 1464/3580/2165 1482/3581/2231
f 1435/3582/2221 1494/3583/2232 1467/3584/2233
f 1428/3585/2222 1486/3586/2209 1427/3587/2208
f 1431/3588/2181 1470/3589/2234 1447/3590/2182
f 1513/3591/2235 1494/3583/2232 1435/3582/2221
f 1470/3592/2200 1479/3593/2197 1440/3594/2201
f 1411/3595/2122 1497/3596/2225 1508/3597/2236
f 1491/3598/2227 1450/3599/2162 1509/3600/2237
f 1460/3601/2219 1529/3602/2238 1492/3603/2220
f 1493/3604/2239 1529/3602/2238 1460/3601/2219
f 1510/3605/2228 56/3606/131 40/3575/54
f 1852/3607/1456 467/3608/2240 1848/3609/2241
f 1471/3610/2242 1507/3611/2243 1490/3612/2244
f 1516/3613/2245 1480/3614/2246 1490/3615/2247
f 1449/3616/2248 1490/3617/2249 1471/3618/2250
f 1518/3619/2251 1480/3620/2252 1508/3621/2236
f 1498/3622/2253 1448/3623/2224 1499/3624/2254
f 1482/3625/2231 1483/3626/2255 1530/3627/2256
f 1512/3628/2257 1484/3629/2258 1494/3630/2232
f 1456/3631/2160 1524/3632/2259 1457/3633/2159
f 1470/3634/2260 1447/3590/2261 1515/3635/2262
f 1490/3617/2249 1449/3616/2248 1480/3636/2263
f 1519/3637/2264 1473/3638/2184 1534/3639/2265
f 1494/3640/2232 1513/3641/2235 1512/3642/2257
f 1523/3643/2266 1485/3644/2267 1446/3645/2147
f 1457/3646/2159 1536/3647/2268 1495/3648/2223
f 1548/3649/2269 1505/3650/2215 1476/3651/2270
f 1470/3592/2200 1489/3652/2271 1479/3653/2197
f 1490/3615/2247 1532/3654/2272 1516/3613/2245
f 1499/3655/2254 1541/3656/2273 1498/3657/2253
f 1501/3658/2230 1535/3659/2274 1544/3660/2275
f 1545/3661/2276 1513/3662/2235 1546/3663/2277
f 1522/3664/2278 1546/3663/2277 1513/3665/2235
f 1477/3666/2190 1547/3667/2279 1514/3668/2280
f 1489/3669/2281 1550/3670/2282 1515/3671/2283
f 1506/3672/2284 1515/3673/2285 1469/3674/2286
f 1555/3675/2287 1517/3676/2288 1539/3677/2289
f 1497/3678/2225 1498/3679/2253 1556/3680/2290
f 1845/3681/2291 1857/3682/2292 1861/3683/2293
f 1856/3684/2294 1864/3685/2295 1850/3686/2296
f 1502/3687/2229 1521/3688/2297 1535/3689/2274
f 1486/3690/2209 1495/3691/2223 1570/3692/2298
f 1560/3693/2299 1531/3694/2300 1503/3695/2301
f 1505/3696/2215 1549/3697/2302 1488/3698/2213
f 1572/3699/2303 1478/3700/2169 1526/3701/2304
f 1540/3702/2305 1518/3703/2251 1508/3704/2236
f 1518/3705/2251 1540/3706/2305 1579/3707/2306
f 1497/3678/2225 1556/3708/2290 1540/3709/2305
f 1519/3710/2264 1543/3711/2307 1500/3712/2308
f 1544/3713/2275 1551/3714/2309 1511/3715/2310
f 1486/3716/2209 1570/3717/2298 1523/3718/2266
f 1560/3719/2299 1503/3720/2301 1552/3721/2311
f 1476/3651/2270 1487/3722/2210 1548/3723/2269
f 1469/3724/2312 1561/3725/2313 1506/3726/2314
f 1498/3727/2253 1541/3728/2273 1556/3680/2290
f 1509/3729/2237 1564/3730/2315 1528/3731/2316
f 1500/3732/2308 1543/3733/2307 1542/3734/2317
f 1522/3664/2278 1569/3735/2318 1546/3736/2277
f 1537/3737/2319 1507/3738/2320 1490/3739/2321
f 1532/3740/2322 1516/3741/2323 1539/3742/2324
f 1543/3733/2307 1587/3743/2325 1542/3734/2317
f 1565/3744/2326 1543/3745/2307 1519/3746/2264
f 1521/3747/2297 1567/3748/2327 1535/3749/2274
f 1568/3750/2328 1567/3751/2327 1521/3752/2297
f 1553/3753/2329 1487/3754/2210 1531/3755/2300
f 456/3756/2330 498/3757/809 1859/3758/2073
f 1554/3759/2331 1576/3760/2332 1575/3761/2333
f 1562/3762/2334 1516/3763/2335 1532/3764/2336
f 1555/3765/2287 1578/3766/2337 1517/3767/2288
f 1510/3768/2338 1578/3769/2339 88/3770/2340
f 88/3771/2340 56/3772/2341 1510/3773/2338
f 1533/3774/2342 1518/3775/2251 1579/3776/2306
f 1529/3777/2238 1542/3778/2317 1581/3779/2343
f 1542/3778/2317 1586/3780/2344 1581/3779/2343
f 1582/3781/2345 1535/3782/2274 1567/3783/2327
f 1588/3784/2346 1569/3785/2318 1559/3786/2347
f 1559/3786/2347 1569/3785/2318 1522/3787/2278
f 1495/3788/2223 1536/3789/2268 1589/3790/2348
f 1547/3791/2279 1504/3792/2191 1571/3793/2349
f 1561/3794/2350 1583/3795/2351 1506/3796/2352
f 1532/3797/2353 1562/3798/2354 1538/3799/2355
f 1539/3800/2356 1532/3801/2357 1562/3802/2358
f 1579/3776/2306 1584/3803/2359 1533/3774/2342
f 1576/3804/2360 1577/3805/2361 1554/3806/2362
f 1593/3807/2363 1541/3808/2273 1563/3809/2364
f 1831/3810/2365 456/3811/2366 1853/3812/2367
f 1536/3813/2268 1524/3814/2259 1594/3815/2368
f 1605/3816/2369 1594/3815/2368 1524/3814/2259
f 1524/3814/2259 1590/3817/2370 1605/3816/2369
f 1506/3818/2371 1527/3819/2372 1583/3820/2373
f 1554/3821/2374 1598/3822/2375 1576/3823/2376
f 1555/3824/2287 1539/3825/2289 1592/3826/2377
f 1588/3827/2346 1559/3828/2347 1609/3829/2378
f 1589/3830/2348 1536/3789/2268 1594/3831/2368
f 1560/3832/2299 1621/3833/2379 1531/3834/2300
f 1577/3805/2361 1597/3835/2380 1598/3836/2381
f 1592/3837/2382 1562/3838/2383 1599/3839/2384
f 1555/3824/2287 1592/3826/2377 1600/3840/2385
f 1555/3841/2287 1600/3840/2385 115/3842/2386
f 115/3843/2387 88/3844/2388 1578/3766/2389
f 1578/3845/2390 115/3846/2391 1555/3847/2392
f 88/3848/2393 1578/3849/2394 1517/3850/2395
f 1557/3851/2396 1533/3852/2342 1584/3853/2359
f 1556/3854/2290 1593/3855/2363 1580/3856/2397
f 1601/3857/2398 1581/3858/2343 1616/3859/2399
f 1559/3860/2347 1570/3861/2298 1609/3862/2378
f 1595/3863/2400 1547/3864/2279 1606/3865/2401
f 1549/3866/2302 1622/3867/2402 1526/3868/2304
f 1575/3869/2403 126/3870/2404 1591/3871/2405
f 1591/3872/2405 126/3873/2404 1597/3874/2406
f 1576/3875/2332 1597/3876/2407 1575/3877/2333
f 1599/3878/2408 1598/3879/2409 1577/3880/2410
f 1562/3881/2354 1599/3882/2408 1577/3883/2410
f 1579/3884/2306 1580/3885/2397 1613/3886/2411
f 1593/3887/2363 1563/3888/2364 1615/3889/2412
f 1586/3890/2344 1602/3891/2413 1625/3892/2414
f 1608/3893/2415 1566/3894/2416 1618/3895/2417
f 1603/3896/2418 1604/3897/2419 1619/3898/2420
f 1589/3899/2348 1594/3900/2368 1634/3901/2421
f 149/3902/2422 1600/3903/2423 1592/3904/2424
f 1584/3905/2359 1630/3906/2425 1557/3907/2396
f 1641/3908/2426 1605/3909/2369 1590/3817/2370
f 1626/3910/2427 1596/3911/2428 1553/3912/2329
f 1623/3913/2429 1572/3914/2303 1573/3915/2430
f 1623/3913/2429 1612/3916/2431 1572/3914/2303
f 1597/3917/2432 126/3918/2433 145/3919/2434
f 145/3920/2434 1628/3921/2435 1598/3922/2436
f 1628/3921/2437 1599/3923/2438 1598/3924/2439
f 1592/3925/2440 1624/3926/2441 149/3927/2442
f 1629/3928/2443 118/3929/165 1585/3930/2444
f 1603/3931/2418 1640/3932/2445 1618/3933/2417
f 1845/3934/2446 1861/3935/2447 1856/3936/2448
f 1648/3937/2449 1621/3938/2379 1560/3939/2299
f 1621/3940/2379 1626/3941/2427 1553/3942/2329
f 126/3943/2433 1628/3944/2450 145/3945/2434
f 1624/3946/2451 1599/3947/2452 1592/3948/2453
f 1600/3949/2423 149/3950/2422 115/3951/2454
f 1630/3952/2425 1629/3953/2443 1585/3954/2444
f 1584/3955/2359 1636/3956/2455 1630/3957/2425
f 1615/3958/2412 1644/3959/2456 1593/3960/2363
f 1601/3961/2398 1616/3962/2399 1638/3963/2457
f 1618/3964/2417 1646/3965/2458 1608/3966/2415
f 1635/3967/2459 1606/3968/2401 1571/3969/2349
f 1596/3911/2428 1626/3910/2427 1657/3970/2460
f 1618/3971/2417 1640/3972/2445 1655/3973/2461
f 163/3974/2462 1628/3975/2463 1624/3976/2464
f 1638/3977/2457 1644/3978/2456 1601/3979/2398
f 1653/3980/2465 1645/3981/2466 1625/3982/2414
f 1595/3983/2400 1642/3984/2467 1647/3985/2468
f 1621/3940/2379 1651/3986/2469 1626/3941/2427
f 1662/3987/2470 1627/3988/2471 1658/3989/2472
f 163/3990/2473 1624/3991/2474 149/3992/2475
f 1636/3993/2455 1637/3994/2476 1660/3995/2477
f 1617/3996/2478 1654/3997/2479 1653/3998/2465
f 1606/3999/2401 1635/4000/2459 1642/4001/2467
f 1658/4002/2472 1596/4003/2428 1657/4004/2460
f 1613/4005/2411 1660/4006/2477 1637/4007/2476
f 1643/4008/2480 1663/4009/2481 1613/4010/2411
f 1646/4011/2458 1664/4012/2482 1639/4013/2483
f 1661/4014/2484 1649/4015/2485 1634/4016/2421
f 1851/4017/2004 1856/3684/2294 1833/4018/2005
f 1646/4011/2458 1671/4019/2486 1664/4012/2482
f 1661/4020/2484 1665/4021/2487 1649/4022/2485
f 1666/4023/2488 1635/4024/2459 1611/4025/2489
f 1648/4026/2490 134/4027/222 232/4028/377
f 1850/3686/2296 1833/4018/2005 1856/3684/2294
f 1622/4029/2402 1627/4030/2471 1667/4031/2491
f 1663/4032/2481 1643/4008/2480 1652/4033/2492
f 1652/4034/2492 1644/4035/2456 1674/4036/2493
f 1676/4037/2494 1638/4038/2457 1645/4039/2466
f 1671/4040/2486 1665/4041/2487 1677/4042/2495
f 1672/4043/2496 1635/4044/2459 1689/4045/2497
f 1654/4046/2479 1682/4047/2498 1670/4048/2499
f 1667/4049/2491 1662/4050/2470 1691/4051/2500
f 1675/4052/2501 1676/4053/2494 1686/4054/2502
f 1678/4055/2503 1684/4056/2504 1656/4057/2505
f 1642/4058/2467 1672/4059/2496 1679/4060/2506
f 1695/4061/2507 1651/4062/2469 1648/4063/2449
f 1676/4064/2494 1669/4065/2508 1686/4066/2502
f 1686/4066/2502 1669/4067/2508 1687/4068/2509
f 1670/4069/2499 1700/4070/2510 1669/4071/2508
f 1664/4072/2482 1683/4073/2511 1694/4074/2512
f 1658/4075/2472 1657/4076/2460 1697/4077/2513
f 1663/4078/2481 1698/4079/2514 1681/4080/2515
f 1670/4081/2499 1682/4082/2498 1700/4083/2510
f 1701/4084/2516 1694/4085/2512 1683/4086/2511
f 1678/4087/2517 1701/4088/2516 1677/4089/2495
f 1690/4090/2518 1704/4091/2519 1666/4092/2488
f 1692/4093/2520 1667/4094/2521 1691/4095/2522
f 1703/4096/2523 1712/4097/2524 1688/4098/2525
f 1713/4099/2526 1672/4100/2496 1689/4101/2497
f 1714/4102/2527 1673/4103/2528 1667/4104/2529
f 1697/4105/2513 1722/4106/2530 1691/4107/2500
f 1698/4108/2514 1716/4109/2531 1681/4080/2515
f 1710/4110/2532 1686/4111/2502 1687/4112/2509
f 1712/4113/2524 1719/4114/2533 1701/4115/2516
f 1724/4116/2534 1704/4117/2519 1690/4118/2518
f 1651/4119/2469 1707/4120/2535 1696/4121/2536
f 1690/4122/2518 1714/4123/2527 1724/4124/2534
f 1723/4125/2537 1685/4126/2538 1715/4127/2539
f 1711/4128/2540 1728/4129/2541 1718/4130/2542
f 1691/4131/2543 1731/4132/2544 1735/4133/2545
f 1822/4134/2546 427/4135/2547 414/4136/2548
f 1744/4137/2549 1709/4138/2550 1716/4139/2531
f 1739/4140/2551 1732/4141/2552 1710/4142/2532
f 1704/4143/2519 1741/4144/2553 1740/4145/2554
f 1691/4131/2543 1735/4133/2545 1714/4146/2527
f 1737/4147/2555 1696/4148/2536 1707/4149/2535
f 1721/4150/2556 1725/4151/2557 1697/4152/2558
f 1717/4153/2559 1748/4154/2560 1716/4155/2531
f 1708/4156/2561 1743/4157/2562 1726/4158/2563
f 258/4159/372 1705/4160/2564 1723/4161/2537
f 1744/4162/2549 1715/4163/2539 1709/4164/2550
f 1739/4165/2551 1710/4166/2532 1746/4167/2565
f 1734/4168/2566 1749/4169/2567 1733/4170/2568
f 1757/4171/2569 1729/4172/2570 1735/4173/2545
f 232/4174/377 273/4175/519 1730/4176/2571
f 1692/4177/2572 1726/4178/2573 1708/4179/2574
f 1748/4180/2560 1717/4181/2559 1745/4182/2575
f 1734/4183/2566 1740/4184/2554 1749/4185/2567
f 1741/4186/2553 1724/4187/2534 1747/4188/2576
f 1729/4189/2570 1747/4190/2576 1724/4191/2534
f 1722/4192/2577 1708/4193/2578 1738/4194/2579
f 1753/4195/2580 1722/4196/2581 1725/4197/2582
f 1745/4198/2575 1755/4199/2583 1762/4200/2584
f 1739/4201/2551 1755/4202/2583 1732/4203/2552
f 1763/4204/2585 1746/4205/2565 1749/4206/2567
f 1750/4207/2586 1741/4208/2553 1747/4209/2576
f 1729/4172/2570 1757/4171/2569 1747/4210/2576
f 1721/4211/2587 1751/4212/2588 1697/4213/2589
f 1725/4214/2590 1776/4215/2591 1721/4211/2592
f 1737/4216/2593 1759/4217/2594 1721/4218/2595
f 1721/4150/2596 1759/4219/2597 1725/4151/2598
f 1725/4220/2582 1759/4221/2599 1753/4222/2580
f 1738/4223/2600 1722/4196/2581 1753/4195/2580
f 1756/4224/2601 1746/4205/2565 1763/4204/2585
f 1730/4176/2571 273/4175/519 358/4225/2602
f 1766/4226/2603 1737/4227/2604 1752/4228/2605
f 1723/4229/2537 1767/4230/2606 1761/4231/2607
f 1770/4232/2608 1748/4154/2560 1768/4233/2609
f 1763/4234/2585 1750/4235/2586 1769/4236/2610
f 1773/4237/2611 1747/4210/2576 1757/4238/2569
f 1764/4239/2612 1735/4240/2545 1758/4241/2613
f 1766/4242/2614 1737/4243/2615 1721/4244/2616
f 456/2673/1733 1849/2672/1732 1859/4245/2617
f 1760/4246/2618 1743/4247/2619 1726/4248/2620
f 1769/4249/2610 1747/4250/2576 1773/4251/2611
f 1742/4252/2621 1775/4253/2622 1752/4254/2605
f 1744/4255/2549 1754/4256/2623 1779/4257/2624
f 1772/4258/2625 1771/4259/2626 1769/4260/2627
f 1751/4261/2588 1765/4262/2628 1774/4263/2629
f 1783/4264/2630 1765/4265/2628 1737/4266/2631
f 1752/4267/2632 1783/4268/2630 1737/4269/2631
f 1797/4270/2633 1766/4271/2603 1752/4272/2605
f 1759/4273/2634 1766/4274/2603 1798/4275/2635
f 1784/4276/2636 1744/4255/2549 1779/4257/2624
f 1781/4277/2637 1780/4278/2638 1773/4279/2611
f 1753/4280/2639 1787/4281/2640 1777/4282/2641
f 1770/4283/2608 1768/4284/2609 1788/4285/2642
f 1792/4286/2643 1768/4287/2609 1785/4288/2644
f 1783/4289/2630 1752/4290/2632 1742/4291/2645
f 1752/4292/2605 1775/4293/2622 1797/4270/2633
f 1753/4294/2646 1738/4295/2647 1777/4296/2648
f 1799/4297/2649 1787/4298/2650 1759/4299/2634
f 1743/4300/2619 1760/4301/2618 1778/4302/2651
f 1791/4303/2652 1761/4304/2607 1767/4305/2606
f 1771/4306/2653 1793/4307/2654 1785/4308/2644
f 1780/4309/2638 1793/4307/2654 1771/4306/2653
f 1765/4310/2628 1795/4311/2655 1774/4312/2629
f 1742/4313/2645 1804/4314/2656 1783/4315/2630
f 1775/4316/2622 1796/4317/2657 1797/4318/2633
f 1798/4319/2635 1766/4320/2603 1797/4321/2633
f 1777/4322/2658 1743/4323/2659 1778/4324/2660
f 1784/4325/2636 1779/4326/2624 1803/4327/2661
f 358/4328/2662 1786/4329/2663 1742/4330/2645
f 1742/4330/2645 1775/4331/2664 358/4328/2662
f 1792/4332/2643 1800/4333/2665 1806/4334/2666
f 1832/4335/2667 1849/4336/2668 1850/4337/2669
f 1796/4338/2670 1786/4339/2671 1775/4340/2672
f 1777/4341/2641 1787/4342/2640 1805/4343/2673
f 1819/4344/124 1843/4345/126 1828/4346/2674
f 1802/4347/2675 1811/4348/2676 1794/4349/2677
f 1796/4350/2678 1786/4351/2679 380/4352/2680
f 1797/4353/2633 1796/4354/2657 1812/4355/2681
f 358/4356/2682 1819/4357/124 1786/4358/2663
f 1799/4359/2683 1815/4360/2684 1798/4361/2685
f 1778/4362/2686 1790/4363/2687 1789/4364/2688
f 1804/4365/2656 1818/4366/2689 1795/4367/2655
f 1798/4368/2635 1812/4369/2681 1813/4370/2690
f 1825/4371/2691 1816/4372/2692 1809/4373/2693
f 1803/4374/2661 1810/4375/2694 1821/4376/2695
f 1807/4377/2696 1811/4378/2676 1817/4379/2697
f 1802/4380/2675 1823/4381/2698 1811/4382/2676
f 1802/4383/2675 1795/4384/2655 1823/4385/2698
f 1815/4360/2684 1813/4386/2699 1798/4387/2685
f 1799/4388/2700 1805/4389/2701 1787/4390/2702
f 1808/4391/2703 1789/4392/2704 1824/4393/2705
f 1809/4394/2693 1821/4395/2695 1825/4396/2691
f 1821/4376/2695 1810/4375/2694 1826/4397/2706
f 1826/4398/2706 1810/4399/2694 1806/4400/2666
f 1819/4401/124 1828/4402/2674 1804/4403/2656
f 1842/4404/236 1830/4405/2707 1818/4406/2689
f 427/4407/2708 380/4408/2709 1796/4409/2710
f 380/4410/2711 414/4411/2712 1822/4412/2713
f 1822/4134/2714 1796/4413/2715 1812/4414/2716
f 1826/4415/2706 1817/4416/2697 1827/4417/2717
f 1811/4418/2676 1823/4419/2698 1817/4420/2697
f 358/4421/2682 396/4422/668 1819/4423/124
f 1812/4424/2718 1822/4425/2719 427/4426/2720
f 1805/4427/2721 1829/4428/2722 1820/4429/2723
f 1822/4134/2724 1812/4414/2725 1838/92/69
f 1813/4386/2726 1815/4430/2727 1832/4431/2728
f 1815/4432/2729 1832/4433/2730 1833/4434/2731
f 1805/4435/2721 1814/4436/2732 1829/4428/2722
f 1816/4437/2692 1834/4438/2733 378/4439/2734
f 1825/4440/2691 1821/4441/2695 1835/4442/2735
f 1836/4443/2736 1821/4444/2695 1826/4445/2706
f 1826/4446/2706 1827/4447/2717 1836/4448/2736
f 427/4407/2708 414/4449/2737 380/4408/2709
f 1830/4450/2707 1842/4451/236 1837/4452/235
f 427/4453/2720 1831/3810/2738 1812/4454/2718
f 1825/4455/2691 1835/4456/2735 1834/4457/2733
f 437/4458/2739 1834/4457/2733 1835/4456/2735
f 1835/4459/2735 1840/4460/2740 1841/4461/234
f 1839/4462/2741 1824/4463/2742 1808/4464/2743
f 340/746/503 294/4465/2744 293/747/504
f 822/4466/2745 852/4467/1418 833/4468/1346
f 754/4469/2746 757/4470/2747 758/4471/2748
f 188/4472/297 202/4473/2749 216/4474/319
f 200/4475/293 206/4476/349 177/4477/256
f 321/783/526 299/867/524 287/4478/527
f 1527/4479/2372 1506/4480/2371 1458/4481/2750
f 102/4482/228 87/4483/217 128/4484/218
f 127/4485/2751 140/4486/2752 150/4487/2753
f 1843/4488/126 1855/4489/2754 1854/4490/1455
f 857/4491/1474 840/4492/1387 881/4493/1475
f 1667/4494/2491 1627/4495/2471 1662/4496/2470
f 131/4497/2755 140/4498/2756 167/4499/2757
f 1278/4500/2758 1298/4501/2759 1227/4502/2760
f 1231/4503/1974 1298/4504/2048 1278/4505/1991
f 1440/4506/2761 1322/4507/2762 1431/4508/2763
f 1650/4509/2764 1661/4510/2484 1634/4511/2421
f 7/4512/2765 3/4513/1492 911/4514/1494
f 198/431/273 219/4515/338 176/432/272
f 1765/4516/2628 1721/4517/2587 1737/4518/2631
f 697/1728/1133 696/4519/2766 679/1726/1131
f 1298/4520/2048 1229/4521/1864 1312/3103/1962
f 116/4522/2767 119/4523/166 97/4524/148
f 131/4525/233 119/4523/166 116/4522/2767
f 686/4526/2768 688/4527/2769 659/4528/1081
f 763/4529/2770 770/4530/2771 766/4531/2772
f 1538/4532/2773 1537/4533/2774 1554/4534/2775
f 1863/2743/1774 1864/3104/1963 1850/4535/2776
f 257/638/384 242/4536/383 275/639/433
f 1067/4537/1659 1088/4538/1674 1102/4539/1749
f 1130/4540/2777 1065/4541/2778 1143/4542/2779
f 180/4543/243 179/4544/322 207/4545/2780
f 654/4546/1061 665/4547/2781 673/4548/1062
f 1332/4549/2023 1307/3207/1983 1258/3206/2025
f 269/4550/2782 253/4551/464 274/4552/463
f 1425/4553/2164 1445/4554/2185 1464/4555/2165
f 570/4556/879 593/4557/901 598/4558/903
f 726/1837/1215 727/4559/2783 724/1838/1216
f 246/4560/411 203/4561/298 245/4562/409
f 1845/4563/2784 1829/4564/2785 1851/4565/2786
f 1374/3541/2787 1352/4566/2046 1440/4567/2761
f 483/1180/781 487/1182/794 475/4568/779
f 347/4569/2788 348/4570/2789 354/4571/607
f 1405/3376/2113 1341/3276/2020 1369/4572/2100
f 1512/4573/2257 1545/4574/2276 1530/4575/2256
f 789/4576/1318 805/4577/2790 795/4578/1335
f 61/4579/83 1468/4580/2791 49/4581/78
f 95/4582/2792 113/4583/211 109/4584/2793
f 755/4585/1244 758/4586/2794 760/4587/1242
f 902/4588/1509 874/4589/1431 888/4590/1434
f 1412/4591/2795 1381/4592/2055 1461/4593/2796
f 633/1571/997 625/1570/996 640/4594/2797
f 1185/2887/1848 1139/4595/1723 1116/4596/1764
f 882/4597/2798 854/4598/2799 841/4599/2800
f 380/4600/655 358/4601/601 379/4602/603
f 1782/4603/2801 1758/4604/2613 1774/4605/2629
f 949/4606/2802 953/4607/2803 948/4608/2804
f 95/4609/2805 114/4610/155 96/4611/157
f 1659/4612/2806 1636/4613/2455 1660/4614/2477
f 1141/4615/1729 1127/4616/1765 1186/4617/1821
f 1409/4618/2807 1430/4619/2808 1469/4620/2809
f 1470/3533/2195 1431/3537/2810 1409/3531/2193
f 1270/3160/1994 1300/3162/1975 1339/4621/2811
f 704/4622/1199 712/4623/2812 722/4624/1200
f 1735/4240/2545 1731/4625/2544 1758/4626/2613
f 1391/4627/2090 1442/4628/2226 1355/4629/2032
f 510/4630/805 523/4631/831 516/4632/811
f 1524/4633/2259 1536/4634/2268 1457/3633/2159
f 903/4635/1466 907/4636/1489 880/4637/1439
f 1207/4638/1903 1171/4639/1781 1231/4640/1974
f 978/2400/1575 926/4641/2813 921/2401/1479
f 1777/4642/2814 1778/4643/2815 1738/4644/2816
f 267/4645/2817 233/4646/2818 262/4647/2819
f 1277/3112/1969 1237/3175/1968 1321/3177/2008
f 1258/4648/2820 1241/4649/1906 1176/4650/1905
f 396/4422/668 1844/179/125 1819/178/124
f 691/4651/1101 662/4652/1100 685/4653/1084
f 1582/4654/2345 1603/4655/2418 1566/4656/2416
f 1577/4657/2410 1538/4658/2355 1562/3881/2354
f 52/4659/84 41/4660/59 51/4661/71
f 1625/3892/2414 1616/4662/2399 1586/3890/2344
f 1804/4663/2656 1795/4664/2655 1783/4665/2630
f 373/4666/566 403/4667/648 407/4668/690
f 1533/4669/2342 1481/4670/2821 1443/4671/2822
f 173/4672/2823 187/4673/288 202/4674/2749
f 946/4675/1580 932/4676/1498 919/4677/1477
f 322/4678/2824 314/790/2825 323/4679/2826
f 460/4680/746 504/1221/816 445/4681/798
f 868/4682/2827 882/4683/2828 804/4684/2829
f 769/1922/1290 770/1921/1289 766/4685/2830
f 1351/4686/2831 1322/4687/2015 1290/3192/2014
f 1092/4688/2832 1140/4689/2833 1160/2655/1721
f 339/4690/606 320/4691/2834 359/4692/604
f 953/2306/1524 890/2305/1462 948/4693/2835
f 1647/4694/2836 1679/4695/2506 1656/4696/2837
f 979/4697/1582 897/4698/2838 952/4699/2839
f 573/4700/896 589/4701/898 591/4702/945
f 1140/4703/1819 1171/4704/1781 1207/4705/1903
f 1315/4706/1980 1369/4707/2100 1341/4708/2020
f 633/4709/2840 617/4710/2841 609/4711/975
f 1115/4712/2842 1160/4713/2843 1161/4714/2844
f 166/373/2845 165/428/291 205/427/290
f 374/4715/2846 339/895/2847 390/894/639
f 1205/2878/1845 1152/2877/1778 1196/4716/1801
f 177/404/256 206/4717/349 198/405/273
f 211/4718/354 210/565/365 192/4719/328
f 768/4720/1286 761/4721/1259 765/4722/1258
f 1389/4723/2084 1364/4724/2848 1400/4725/2118
f 1352/4726/2046 1322/4507/2762 1440/4506/2761
f 11/4727/2849 973/4728/2850 961/4729/2851
f 32/2370/1559 1864/2369/1558 1867/4730/2852
f 1639/4731/2483 1654/4732/2479 1631/4733/2853
f 1404/4734/2854 1458/3558/2217 1430/3557/2216
f 75/4735/134 108/4736/133 134/4737/222
f 1159/4738/1818 1214/2992/1901 1147/4739/1790
f 734/1512/962 736/4740/2855 739/1510/960
f 1209/3064/1850 1218/4741/1882 1257/3065/1941
f 485/4742/2856 507/4743/847 494/4744/803
f 1388/4745/2157 1435/4746/2221 1467/4747/2857
f 577/4748/885 581/4749/902 598/1477/903
f 439/4750/698 406/4751/674 438/4752/760
f 172/4753/287 187/4754/288 154/4755/2858
f 458/4756/2859 457/4757/2860 429/4758/2861
f 345/4759/543 372/4760/595 346/4761/542
f 1611/4762/2489 1496/4763/2862 1525/4764/2863
f 640/1523/970 617/1522/969 633/4765/2864
f 116/383/2865 131/4766/2866 140/4767/2867
f 399/4768/2868 400/4769/643 362/4770/642
f 1104/4771/1858 1079/4772/1798 1029/4773/2869
f 1333/3312/2037 1359/3311/2050 1318/4774/2870
f 1292/4775/1973 1231/4503/1974 1278/4505/1991
f 155/4776/247 135/4777/303 174/4778/248
f 414/4779/727 380/971/655 409/970/654
f 1066/4780/1686 1045/4781/1633 1042/4782/1632
f 81/174/106 93/173/120 103/4783/183
f 245/4784/409 216/536/319 261/538/361
f 1637/3994/2476 1636/4785/2455 1584/4786/2359
f 512/4787/819 461/4788/821 463/4789/739
f 653/4790/2871 641/1579/2872 623/1578/2873
f 1809/4791/2693 1784/4792/2636 1803/4327/2661
f 547/4793/867 544/4794/856 517/4795/814
f 1514/4796/2280 1524/4797/2259 1456/4798/2160
f 163/4799/2874 1624/4800/2875 1599/4801/2876
f 1091/4802/1678 1170/4803/1887 1158/4804/2877
f 314/4805/2878 322/4806/2879 300/4807/2880
f 713/4808/2881 692/4809/1127 702/4810/1126
f 95/4582/2792 114/304/212 113/4811/211
f 533/4812/852 503/4813/2882 501/4814/795
f 1205/4815/1845 1236/4816/1888 1266/4817/2883
f 682/4818/1109 672/4819/2884 659/4820/2885
f 731/4821/1065 729/4822/2886 733/4823/1066
f 831/4824/1388 811/4825/1404 801/4826/1401
f 1681/4827/2515 1680/4828/2887 1660/4829/2477
f 844/4830/2888 841/4831/2889 854/2185/2890
f 938/4832/1488 925/4833/1496 907/4834/1489
f 822/4835/2745 806/4836/1345 813/4837/2891
f 443/4838/723 405/4839/673 459/4840/722
f 452/4841/745 407/4842/690 403/1101/648
f 1380/4843/2161 1460/4844/2219 1450/3482/2162
f 458/4845/2892 457/4846/2893 430/4847/2894
f 522/4848/840 523/4849/831 537/4850/845
f 1217/4851/1866 1256/4852/1976 1303/4853/2895
f 1221/3016/1868 1247/3073/1946 1263/3017/1916
f 717/4854/2896 710/4855/2897 705/1776/2898
f 632/4856/2899 650/1619/2900 645/4857/2901
f 1607/4858/2902 1561/4859/2903 1583/4860/2904
f 1315/4706/1980 1326/4861/2012 1369/4707/2100
f 948/4862/1581 897/4863/2838 979/4864/1582
f 655/4865/1008 668/4866/1018 658/4867/1009
f 374/4868/2846 398/4869/638 339/4870/637
f 762/1883/2905 756/4871/2906 760/4872/2907
f 1857/3026/1921 1847/4873/2908 1862/3025/1920
f 849/4874/1406 867/4875/1432 839/4876/1405
f 293/4877/2909 294/4878/2910 274/632/428
f 1229/3101/1864 1160/2934/1863 1226/2933/1961
f 546/4879/880 509/4880/851 545/4881/853
f 108/193/133 76/192/110 107/4882/190
f 957/4883/1578 988/4884/1641 1006/4885/1579
f 226/4886/394 253/4887/2911 235/584/392
f 1557/4888/2396 1510/4889/2912 1517/4890/2913
f 562/1341/861 580/4891/916 565/1339/865
f 1229/4892/1864 1231/4893/1974 1171/4894/1781
f 569/4895/878 533/4896/852 565/4897/865
f 575/4898/893 568/4899/873 553/4900/895
f 758/4901/2748 755/4902/2914 754/4903/2746
f 1247/4904/1946 1261/4905/1932 1295/4906/2000
f 652/1657/2915 678/4907/2916 679/1658/2917
f 433/1027/689 371/1026/631 413/4908/630
f 604/4909/917 591/4910/945 620/4911/948
f 788/4912/2918 791/4913/2919 781/1936/2920
f 57/114/77 48/4914/66 55/4915/80
f 799/1989/1343 806/4916/1345 808/4917/1344
f 1044/4918/2921 981/4919/2922 961/4920/2923
f 896/4921/1495 908/4922/1497 881/4923/1475
f 473/1116/744 438/1135/760 434/1114/724
f 1339/4924/2811 1382/4925/2093 1421/4926/2155
f 1409/4927/2924 1351/4928/2043 1331/4929/2045
f 81/149/106 70/4930/86 63/4931/85
f 235/4932/369 205/4933/290 194/4934/292
f 613/4935/946 589/4936/898 603/4937/2925
f 661/4938/2926 676/4939/1091 684/1680/1090
f 606/4940/918 637/4941/973 638/4942/1004
f 1612/4943/2431 1611/4944/2489 1572/4945/2303
f 806/4946/1345 799/4947/1343 813/4948/2891
f 532/4949/849 543/4950/857 535/4951/850
f 973/4952/2927 1019/4953/2928 961/4954/2929
f 1476/4955/2270 1408/4956/2085 1437/4957/2211
f 831/4958/1388 847/4959/1469 811/4960/1404
f 630/4961/941 646/1543/983 613/1542/982
f 1242/4962/1896 1259/4963/1985 1281/4964/1984
f 1861/3398/2121 1868/3423/2930 1860/3396/2119
f 655/4965/1008 643/4966/978 648/4967/985
f 1298/4968/2048 1231/4969/1974 1229/4521/1864
f 309/4970/452 272/4971/412 337/740/500
f 480/4972/855 508/4973/839 482/4974/773
f 919/4975/1477 874/4976/1431 902/4977/1509
f 813/4978/2891 805/4979/2790 842/4980/1447
f 348/4981/2789 347/4982/2788 323/4983/2931
f 391/4984/2932 360/4985/2933 382/4986/2934
f 1431/4508/2935 1351/4987/2936 1409/4988/2937
f 797/4989/2938 804/4990/1367 784/4991/1369
f 1515/4992/2939 1561/4993/2940 1550/4994/2941
f 1519/3637/2264 1472/4995/2177 1473/3638/2184
f 292/626/422 268/4996/2942 262/4997/423
f 521/4998/838 536/4999/866 501/5000/795
f 1620/5001/2943 1609/5002/2378 1570/5003/2298
f 358/5004/2682 331/5005/666 396/5006/668
f 246/5007/411 271/5008/410 298/5009/483
f 1081/5010/2944 1013/5011/1599 1091/5012/1678
f 169/5013/263 167/5014/2757 199/5015/295
f 580/5016/916 591/5017/945 604/5018/917
f 1064/5019/1731 1027/5020/1623 1033/5021/1616
f 403/5022/648 357/5023/596 406/5024/674
f 1537/3737/2319 1490/3739/2321 1538/5025/2945
f 803/2061/1390 859/5026/2946 832/5027/1391
f 1481/5028/2947 1517/5029/2948 1516/5030/2949
f 347/5031/560 332/5032/555 368/5033/554
f 1112/5034/1737 1080/5035/1687 1111/5036/2950
f 745/5037/2951 747/5038/336 748/5039/335
f 379/968/653 367/967/652 331/5040/2952
f 1619/5041/2420 1640/3932/2445 1603/3931/2418
f 830/5042/1386 818/5043/1353 820/5044/1355
f 330/5045/2953 308/5046/2954 311/5047/517
f 438/5048/760 476/5049/782 439/5050/784
f 1346/5051/2028 1401/5052/2214 1402/5053/2955
f 659/5054/1003 669/5055/1028 686/1662/2956
f 3/5056/2957 5/5057/1 7/5058/2958
f 875/2146/1435 853/5059/1448 834/5060/1394
f 1479/3535/2197 1489/5061/2271 1431/5062/2198
f 1141/5063/1729 1017/5064/1667 1084/5065/1669
f 736/5066/919 732/5067/2959 730/1435/920
f 928/5068/1502 894/5069/1464 936/5070/1501
f 1611/4762/2489 1571/5071/2349 1496/4763/2862
f 347/5072/2788 354/5073/607 368/5074/609
f 639/5075/957 660/5076/992 656/5077/1019
f 574/5078/887 586/5079/2960 579/5080/883
f 1248/5081/1886 1334/5082/2961 1222/5083/1966
f 409/5084/691 455/5085/2962 425/5086/709
f 1297/5087/2068 1266/5088/2883 1236/5089/1888
f 551/5090/858 555/5091/881 518/5092/815
f 686/1703/1110 682/1702/1109 659/5093/2885
f 696/5094/2963 681/1659/1071 679/1658/1070
f 160/5095/208 144/5096/207 173/5097/2823
f 475/5098/779 1858/5099/2964 1854/5100/1455
f 130/283/2965 110/282/2966 129/5101/2967
f 232/5102/2968 1648/5103/2969 1610/5104/2970
f 76/192/110 75/5105/134 61/5106/83
f 1313/3158/1993 1238/5107/1922 1279/5108/1949
f 1623/3913/2429 1573/5109/2430 1622/5110/2402
f 457/4846/2971 478/5111/786 469/5112/788
f 1627/5113/2471 1622/3867/2402 1549/3866/2302
f 374/4868/608 339/4870/2972 368/5114/609
f 602/5115/937 616/5116/932 629/5117/2973
f 406/5118/674 434/1114/724 438/1135/760
f 404/5119/632 388/5120/600 454/5121/761
f 997/5122/1572 959/5123/2974 1059/5124/1643
f 247/5125/440 179/5126/322 223/5127/321
f 342/5128/509 333/5129/613 304/5130/510
f 714/1824/1208 724/1823/2975 727/1827/1209
f 419/1074/720 436/1073/708 383/5131/646
f 1858/5099/2964 1852/5132/1456 1854/5133/1455
f 1144/5134/1772 1101/5135/1710 1130/5136/1773
f 403/1101/648 439/5137/784 452/4841/745
f 321/5138/553 339/5139/2976 368/5140/554
f 852/5141/1418 869/5142/1491 899/5143/1478
f 3/5144/2957 1/2/2 5/1/1
f 452/4841/745 439/5137/784 488/1166/783
f 440/5145/725 463/1109/739 387/1108/567
f 802/5146/1356 787/5147/1354 799/5148/1343
f 1584/4786/2359 1579/5149/2306 1637/5150/2476
f 10/5151/2977 9/5152/2978 12/5153/2979
f 263/5154/405 242/5155/466 275/661/448
f 460/1119/746 408/5156/665 407/5157/690
f 961/5158/2851 911/5159/2980 11/5160/2849
f 1861/5161/2981 1851/5162/2982 1856/5163/2983
f 623/5164/947 613/5165/946 625/5166/2984
f 252/5167/2985 281/5168/2986 240/5169/2987
f 704/5170/1134 690/5171/2988 684/5172/1135
f 69/5173/90 87/5174/217 68/5175/2989
f 667/5176/1016 658/5177/1009 668/5178/1018
f 1787/5179/2990 1759/5180/2991 1753/5181/2992
f 879/5182/1471 864/5183/1420 863/5184/1412
f 1553/3753/2329 1548/3723/2269 1487/3722/2210
f 739/5185/2993 744/5186/2994 741/5187/2995
f 1722/5188/2996 1725/4214/2997 1697/5189/2998
f 1225/5190/2999 1197/5191/3000 1184/5192/3001
f 1496/5193/2862 1429/5194/3002 1525/5195/2863
f 1717/5196/2559 1698/5197/2514 1693/5198/3003
f 964/5199/1543 974/5200/1553 984/5201/1588
f 1236/5202/1888 1251/5203/1898 1297/5204/2068
f 1506/5205/2371 1469/3559/3004 1458/3558/2750
f 120/5206/3005 103/5207/183 142/5208/3006
f 30/5209/2064 28/5210/52 33/5211/51
f 1484/5212/2258 1465/5213/2186 1453/5214/2158
f 1418/5215/2116 1434/5216/2156 1396/3471/2082
f 38/5217/67 36/87/63 46/86/65
f 644/5218/980 620/5219/948 641/5220/979
f 770/5221/1289 774/1920/1288 778/5222/1299
f 1708/5223/2578 1722/4192/2577 1691/5224/3007
f 127/4485/3008 184/384/261 140/5225/3009
f 1182/2910/1802 1183/2909/1861 1121/5226/1741
f 906/5227/1507 887/2172/1453 886/2174/1454
f 1673/5228/2528 1612/5229/2431 1623/5230/2429
f 396/5231/668 397/989/667 420/1008/679
f 655/5232/3010 639/5233/3011 656/1601/3012
f 1159/4738/1818 1147/2772/1790 1114/2771/1789
f 472/5234/755 500/5235/813 471/5236/743
f 747/5237/3013 749/5238/3014 746/5239/311
f 1520/5240/3015 1558/5241/3016 1534/5242/2265
f 194/5243/3017 165/5244/3018 193/5245/3019
f 1760/4301/3020 1790/5246/2687 1778/5247/2686
f 1685/5248/2538 1723/5249/2537 1705/5250/2564
f 1635/5251/2459 1571/5252/2349 1611/5253/2489
f 333/5254/613 351/877/551 327/5255/480
f 729/5256/3021 725/5257/3022 720/5258/3023
f 993/5259/1568 966/5260/1532 1049/5261/1717
f 597/5262/924 586/5263/2960 576/5264/894
f 1460/5265/2219 1380/5266/2161 1412/5267/2795
f 1712/5268/2524 1701/5269/2516 1702/5270/3024
f 1399/5271/2105 1426/5272/2144 1455/5273/2146
f 266/5274/417 244/5275/350 260/5276/408
f 1048/2535/1651 1021/5277/1612 1035/5278/1635
f 576/5279/894 554/5280/882 583/5281/3025
f 1741/5282/2553 1750/4207/2586 1740/5283/2554
f 726/5284/3026 727/5285/3027 728/5286/3028
f 356/5287/640 343/759/512 297/758/513
f 1669/4071/2508 1700/4070/2510 1687/5288/2509
f 496/5289/806 483/5290/781 453/5291/738
f 1781/5292/2637 1773/5293/2611 1764/5294/2612
f 1239/5295/3029 1245/5296/1937 1315/5297/1980
f 225/5298/3030 252/5299/3031 241/5300/3032
f 1153/2750/1777 1105/2749/1736 1112/2747/1737
f 275/5301/3033 242/5302/383 254/5303/3034
f 930/5304/1505 924/5305/1504 942/5306/1542
f 206/5307/349 228/5308/337 198/5309/273
f 971/2371/1560 953/2373/1561 998/5310/3035
f 467/5311/2240 1852/3607/1456 1858/5099/2964
f 1147/2772/3036 1140/5312/2833 1092/2770/2832
f 1453/5313/2158 1418/5314/2116 1397/5315/2096
f 1186/2855/1821 1208/5316/1879 1126/2853/1728
f 957/5317/1578 931/5318/1510 945/5319/1534
f 661/5320/3037 645/1617/1035 671/1620/1034
f 1759/5321/2634 1798/5322/2635 1799/5323/2649
f 1352/4566/2046 1374/3541/2787 1441/5324/3038
f 1079/5325/1798 1050/5326/1627 986/5327/1556
f 721/1811/1195 709/5328/3039 708/1812/1196
f 902/5329/1509 888/5330/1434 909/5331/1476
f 533/1289/852 509/1288/851 503/5332/2882
f 187/5333/288 222/5334/307 230/5335/352
f 933/5336/1571 869/2242/1491 926/2241/1490
f 878/5337/1452 929/5338/1607 877/5339/1433
f 49/3515/78 1426/3514/2144 44/5340/76
f 981/5341/3040 1019/5342/1682 961/5343/3041
f 676/5344/3042 699/1707/1114 690/5345/1148
f 1551/5346/2309 1558/5241/3016 1520/5347/3015
f 1357/5348/2049 1411/5349/2122 1449/5350/3043
f 708/1744/3044 707/5351/1141 698/5352/1143
f 1428/5353/2222 1427/5354/2208 1345/5355/2029
f 688/4527/2769 686/5356/2768 669/5357/1068
f 729/5358/3045 730/1853/3046 733/1848/3047
f 1294/5359/1952 1317/5360/2038 1305/5361/1981
f 515/1244/829 514/1243/828 481/5362/792
f 18/5363/29 22/5364/3048 21/5365/30
f 1857/3682/3049 1868/2694/3050 1861/3683/3051
f 194/5366/313 182/5367/312 155/5368/3052
f 1344/5369/2083 1329/5370/2027 1284/5371/1986
f 26/5372/46 27/62/44 24/5373/3053
f 479/1176/791 413/5374/3054 441/5375/802
f 81/5376/106 103/4783/183 120/5377/3005
f 607/5378/923 612/5379/927 621/5380/949
f 160/443/208 203/445/298 190/5381/320
f 1211/5382/1856 1166/5383/1828 1210/5384/1855
f 990/2499/1573 1060/5385/1779 1016/2497/1603
f 1111/5386/2950 1135/5387/1831 1151/2769/1787
f 656/5388/991 655/5389/1008 649/5390/987
f 406/5391/674 357/5023/596 372/5392/595
f 430/5393/3055 431/5394/3056 416/5395/3057
f 8/5396/10 9/5152/2978 10/5151/2977
f 561/1354/884 560/1353/870 540/1325/869
f 1442/4628/2226 1391/4627/2090 1448/5397/2224
f 853/5398/1448 805/5399/2790 834/5400/1394
f 1363/5401/2117 1309/5402/1987 1320/5403/3058
f 894/5404/1464 844/5405/1377 890/2257/1462
f 1574/5406/3059 1583/5407/2373 1527/5408/2372
f 788/4912/1323 781/1936/3060 777/5409/1324
f 156/5410/3061 166/5411/3062 165/5412/3063
f 719/1803/1181 707/5351/1188 708/5413/3064
f 1596/5414/2428 1505/5415/2215 1548/5416/2269
f 1456/3480/2160 1348/3401/2031 1403/3400/2107
f 714/1824/1206 706/5417/3065 715/1825/1207
f 1102/4539/1749 1068/5418/1658 1067/5419/1659
f 190/5420/320 179/5421/322 161/5422/221
f 873/5423/1430 848/2131/1415 846/5424/1414
f 559/5425/904 562/5426/861 541/1310/860
f 502/5427/818 487/5428/794 496/5429/806
f 695/5430/1139 691/5431/1138 677/5432/3066
f 1828/5433/2674 1818/5434/2689 1804/5435/2656
f 939/5436/1606 893/5437/1484 972/2352/1546
f 521/5438/838 482/5439/773 508/5440/839
f 562/1311/861 536/5441/866 521/1309/838
f 1131/5442/1770 1165/5443/3067 1099/5444/3068
f 1281/5445/1984 1318/5446/2870 1282/5447/1998
f 675/5448/1082 668/5449/1018 660/5450/992
f 954/2341/1540 942/2343/1542 941/5451/1526
f 1517/5452/3069 1433/5453/2153 1481/5454/3070
f 1729/5455/2570 1724/5456/2534 1714/5457/2527
f 623/1559/990 630/4961/941 634/1557/959
f 809/5458/1352 819/5459/1351 812/5460/3071
f 1456/5461/2160 1477/5462/2190 1514/5463/2280
f 1712/5464/2524 1720/5465/3072 1719/5466/2533
f 1410/5467/3073 1352/5468/2046 1441/5469/3038
f 323/5470/562 349/5471/561 348/5472/3074
f 1089/2784/1714 1077/5473/1784 1157/2782/1785
f 1225/5190/3075 1252/5474/3076 1197/5191/3077
f 1092/4688/2832 1160/2655/1721 1060/5475/1720
f 1223/5476/1885 1244/5477/2003 1212/2907/1860
f 661/5478/2926 657/5479/3078 676/5480/1091
f 1865/5481/3079 1867/5482/3080 1864/5483/3081
f 1261/5484/1932 1282/5485/1998 1295/3168/2000
f 994/5486/1570 1050/5487/1627 1049/5488/1717
f 1641/5489/3082 1642/5490/3083 1647/5491/3084
f 1275/5492/1933 1296/5493/2001 1244/5494/2003
f 621/5495/949 629/5496/2973 628/5497/3085
f 258/4159/372 1723/4161/2537 1761/5498/2607
f 361/5499/564 342/5500/509 315/5501/511
f 577/5502/885 602/5503/937 584/1404/890
f 282/5504/3086 252/5505/3087 241/5506/3088
f 1237/5507/1902 1159/5508/1818 1197/5509/1918
f 1789/5510/2704 1808/5511/2703 1790/5512/3089
f 1343/5513/2052 1361/5514/2051 1398/3391/2104
f 41/5515/59 39/5516/58 51/5517/71
f 1434/5518/2156 1445/5519/2185 1417/5520/2114
f 1742/5521/3090 1730/5522/2571 1775/5523/3091
f 331/771/518 250/5524/376 313/5525/521
f 1647/3985/2468 1641/3908/2426 1590/5526/2370
f 1642/5527/2467 1595/5528/2400 1606/5529/2401
f 446/5530/797 505/5531/796 462/1260/835
f 1012/5532/1640 995/5533/1577 985/5534/1555
f 314/5535/545 323/5536/3092 348/5537/546
f 778/5222/1299 771/5538/1287 770/5221/1289
f 469/5112/788 458/5539/3093 457/4846/2971
f 530/5540/848 540/5541/869 494/1276/803
f 1870/2616/1694 498/5542/3094 1863/2617/1695
f 1592/5543/3095 115/5544/3096 149/5545/3097
f 1820/5546/2723 1789/5547/2704 1805/5548/2721
f 771/1919/1287 765/1918/1258 770/4530/1289
f 350/5549/579 316/5550/578 303/5551/3098
f 911/2376/1563 961/5552/3099 973/2377/1564
f 299/5553/524 291/5554/523 280/5555/3100
f 844/5556/1377 894/5557/1464 835/5558/1378
f 1612/5559/2431 1666/5560/2488 1611/5561/2489
f 1284/5562/1986 1243/5563/1884 1263/3045/1916
f 1827/5564/2717 1837/5565/235 1836/5566/2736
f 1526/5567/2304 1478/3529/2169 1438/3530/2192
f 602/5568/937 577/5569/885 616/5570/932
f 843/2108/1396 833/5571/1346 852/2109/1418
f 1286/5572/1989 1276/5573/2054 1213/5574/1862
f 1764/5575/2612 1782/5576/2801 1781/5577/2637
f 865/5578/1422 856/5579/1421 886/2174/1454
f 1355/5580/2032 1303/4853/2895 1256/4852/1976
f 57/5581/77 73/5582/102 74/5583/103
f 1160/5584/1721 1140/5312/2833 1147/5585/3036
f 1700/5586/2510 1710/5587/2532 1687/5588/2509
f 1266/5589/2883 1287/3092/1954 1205/3094/1845
f 1597/3917/2432 145/3919/2434 1598/5590/2436
f 1126/5591/1728 1172/5592/1763 1061/5593/1726
f 358/5594/2662 1775/5595/2664 1786/5596/3101
f 1697/5597/2513 1691/5598/2500 1662/5599/2470
f 249/529/357 196/5600/356 205/5601/3102
f 912/5602/1506 884/5603/3103 905/5604/1503
f 1161/5605/1791 1076/5606/1653 1124/5607/1762
f 871/5608/1411 893/5609/1484 851/5610/3104
f 1245/5611/1937 1187/5612/1822 1209/5613/1938
f 1688/5614/2525 1684/5615/3105 1656/5616/2837
f 848/5617/1415 802/5618/1356 828/5619/3106
f 1318/5446/2870 1281/5445/1984 1307/5620/1983
f 1859/5621/3107 1849/5622/3108 1831/5623/3109
f 980/5624/1668 947/5625/1522 927/5626/1518
f 218/5627/327 204/483/326 224/5628/340
f 1060/5629/1779 1040/5630/1670 1016/5631/1603
f 993/2385/1568 955/5632/1536 916/2386/1473
f 473/5633/744 503/5634/2882 474/5635/759
f 1356/5636/2092 1300/5637/1975 1340/5638/2018
f 1377/3353/2061 1369/3352/2100 1326/5639/2012
f 1412/5640/2795 1313/5641/1993 1381/5642/2055
f 573/5643/896 559/5644/904 571/5645/897
f 1437/5646/2211 1487/5647/2210 1476/5648/2270
f 593/4557/901 608/5649/958 598/5650/903
f 155/5651/3052 165/5652/3110 194/5653/313
f 1365/5654/3111 1310/3170/2002 1296/3169/2001
f 744/5186/2994 739/5185/2993 745/5655/3112
f 1557/5656/2396 1517/5657/2913 1533/5658/2342
f 1469/5659/2809 1447/3532/3113 1409/5660/2807
f 835/2040/1378 794/5661/3114 791/2038/1376
f 420/5662/679 483/5663/781 444/5664/780
f 482/5665/773 443/5666/723 480/5667/855
f 803/5668/1390 786/5669/1389 779/5670/3115
f 901/5671/3116 911/5672/1494 855/5673/1493
f 1718/5674/2542 1710/5587/2532 1700/5675/2510
f 329/5676/516 307/5677/438 277/5678/418
f 999/5679/1584 980/5680/1668 935/5681/1585
f 1475/5682/2212 1503/5683/2301 1531/5684/2300
f 1256/5685/1976 1217/5686/1866 1216/5687/1965
f 591/5688/945 580/5689/916 573/5690/896
f 1351/4987/3117 1431/4508/2763 1322/4507/2762
f 707/5691/1141 718/5692/3118 711/5693/1159
f 1100/5694/1698 1019/5695/1697 15/5696/25
f 510/5697/805 516/1224/817 502/1226/818
f 55/4915/80 48/4914/66 46/5698/65
f 1734/5699/2566 1713/5700/2526 1740/5701/2554
f 641/5702/3119 654/5703/3120 644/5704/3121
f 387/5705/567 366/5706/552 309/5707/452
f 736/5708/3122 739/5185/3123 741/5709/3124
f 196/5710/3125 166/5711/3126 205/488/3127
f 1358/3355/2013 1386/5712/2103 1317/3238/2038
f 474/5713/759 509/5714/851 511/5715/833
f 72/152/108 71/5716/92 89/150/107
f 1270/5717/1994 1302/2997/1904 1207/5718/1903
f 1079/5719/1798 1202/5720/1857 1234/5721/1943
f 1233/5722/3128 1259/5723/1985 1210/5724/1855
f 544/5725/856 548/5726/868 543/5727/857
f 86/5728/113 71/5729/92 70/5730/86
f 987/5731/1601 1005/5732/1589 1026/5733/1665
f 362/5734/580 328/856/582 316/5735/3129
f 1440/3594/2201 1479/5736/2197 1441/5737/2196
f 1805/4389/2701 1799/4388/2700 1814/5738/3130
f 647/5739/994 666/5740/1017 653/5741/993
f 394/5742/641 393/5743/628 361/5744/564
f 224/5745/340 204/5746/326 209/5747/3131
f 641/5748/2872 653/5749/2871 644/5750/3132
f 1785/4288/2644 1768/4287/2609 1762/5751/2584
f 606/5752/918 608/5649/958 593/5753/901
f 1856/5754/3133 1865/5481/3079 1864/5483/3081
f 1306/5755/2024 1307/3141/1983 1259/5756/1985
f 104/5757/185 98/5758/3134 120/5759/3005
f 1822/5760/3135 427/4407/2708 1796/4409/2710
f 933/5761/1571 926/5762/1490 959/5763/2974
f 978/5764/1575 959/5765/2974 926/5766/2813
f 151/5767/219 131/5768/233 169/5769/3136
f 1853/1897/3137 1859/5770/3138 1849/1898/3139
f 456/3811/3140 1859/5771/3138 1853/3812/3137
f 1673/5772/2528 1623/5773/2429 1667/5774/2491
f 728/5775/3141 727/5776/1231 732/1855/1230
f 636/1548/986 648/1547/985 635/5777/3142
f 1662/5778/2470 1658/5779/2472 1697/5780/2513
f 1813/5781/3143 1815/5782/3144 1799/5783/3145
f 215/5784/351 202/5785/2749 187/5786/288
f 934/5787/1500 989/5788/1652 990/2397/1573
f 573/5789/896 580/5790/916 562/5791/861
f 475/5792/779 1843/5793/126 444/5794/780
f 30/5795/2064 29/5796/2078 28/5210/52
f 39/5797/58 35/5798/53 50/5799/72
f 1538/5800/3146 1532/5801/2272 1490/5802/2247
f 1434/5803/2156 1465/5804/2186 1445/5519/2185
f 248/5805/439 207/5806/2780 247/5807/440
f 1539/5808/3147 1481/5809/3148 1516/5810/3149
f 1517/3676/3150 1481/5811/3148 1539/3677/3147
f 166/5812/3151 167/5813/3152 140/5814/3153
f 1601/3979/2398 1644/3978/2456 1615/5815/2412
f 379/5816/3154 331/5817/3155 397/938/3156
f 137/417/283 155/416/282 136/5818/3157
f 1132/5819/1750 1110/5820/1760 1150/5821/1759
f 1294/5822/1952 1305/5823/1981 1272/5824/1950
f 1501/5825/2230 1511/5826/2310 1462/5827/2179
f 827/5828/1360 816/5829/1383 845/5830/1413
f 1538/5831/2773 1554/5832/2775 1577/5833/3158
f 1829/3174/2006 1833/3173/2005 1814/5834/3159
f 1312/5835/1962 1336/5836/3160 1410/5837/2152
f 338/5838/3161 279/5839/3162 248/690/3163
f 1722/5840/3164 1697/5841/2589 1731/5842/2544
f 144/319/207 143/318/197 154/5843/2858
f 127/5844/202 137/5845/201 150/5846/3165
f 1298/5847/2048 1337/5848/2017 1278/5849/2016
f 471/5236/743 500/5235/813 499/1213/812
f 1330/5850/2065 1195/5851/1844 1250/5852/3166
f 797/5853/1392 832/5854/1391 868/5855/3167
f 383/5856/646 334/5857/514 370/5858/585
f 581/5859/902 550/5860/854 546/5861/880
f 608/1506/958 638/5862/1004 660/1564/992
f 526/5863/834 549/5864/874 517/5865/814
f 1010/5866/1609 1009/5867/1617 1027/5868/1623
f 1409/4927/2924 1331/4929/2045 1350/5869/3168
f 20/5870/1735 15/5871/25 19/5872/24
f 1801/5873/3169 1794/5874/2677 1811/5875/2676
f 281/5876/3170 268/5877/3171 251/5878/3172
f 1443/5879/2206 1481/5880/3070 1433/5881/2153
f 131/400/271 116/5882/3173 157/402/229
f 908/5883/1497 916/2320/1473 881/2204/1475
f 58/5884/3174 71/130/92 54/129/75
f 1633/5885/3175 1620/5886/2943 1634/5887/2421
f 64/5888/81 73/5889/102 57/5890/77
f 1721/5891/2616 1759/5892/3176 1766/4242/2614
f 234/5893/368 193/5894/3177 211/5895/3178
f 651/5896/1021 640/5897/3179 633/4765/963
f 15/5898/25 11/5899/12 13/5900/16
f 767/5901/3180 764/5902/1277 773/1910/1279
f 399/5903/3181 411/5904/3182 424/5905/3183
f 387/5906/567 337/839/500 386/5907/650
f 301/745/502 322/825/531 300/743/473
f 1339/5908/2811 1413/5909/2175 1338/5910/2056
f 484/1191/801 456/5911/2330 468/1189/799
f 1801/5912/3169 1782/5913/2801 1794/5914/2677
f 1176/5915/3184 1258/5916/3185 1233/5917/3186
f 1445/5918/2185 1395/5919/2101 1417/5920/2114
f 880/5921/1439 867/5922/1432 917/5923/1486
f 485/5924/2856 470/5925/750 507/5926/847
f 1597/5927/2406 1575/5928/2403 1591/3872/2405
f 352/5929/565 330/5930/2953 357/5931/596
f 1758/5932/2613 1751/5933/2588 1774/5934/2629
f 932/5935/1498 1004/5936/1592 969/5937/1521
f 486/5938/771 487/5939/794 502/5940/818
f 1283/5941/1945 1247/4904/1946 1295/5942/2000
f 1706/5943/3187 1674/5944/2493 1699/5945/3188
f 1375/5946/2163 1432/5947/2173 1354/5948/2091
f 84/5949/3189 95/5950/2792 109/4584/2793
f 113/5951/203 127/5952/202 122/5953/3190
f 1438/5954/2192 1373/5955/2066 1402/5956/2955
f 199/5957/295 226/5958/347 242/5959/383
f 873/5423/1430 846/5424/1414 865/5960/1422
f 978/5961/1575 947/5962/1522 1017/5963/3191
f 1519/3710/2264 1500/3712/2308 1451/5964/2176
f 1580/5965/2397 1593/5966/2363 1614/5967/3192
f 1410/5467/3073 1336/5836/3160 1352/5468/2046
f 741/5968/3193 744/5969/671 742/5970/670
f 1304/5971/1982 1245/5972/1937 1246/5973/1939
f 1234/5721/1943 1202/5720/1857 1262/5974/1915
f 846/5975/1414 828/5976/3106 827/5977/1360
f 691/5978/1101 685/5979/1084 700/5980/3194
f 118/5981/165 56/5982/3195 1510/5983/2912
f 1462/5984/2179 1414/5985/2178 1423/5986/2125
f 1836/5987/2736 1837/5988/235 1841/4461/234
f 580/5989/916 592/5990/891 565/5991/865
f 739/1635/3196 745/5992/3197 743/5993/3198
f 1646/5994/2458 1618/5995/2417 1655/3973/2461
f 690/5996/3199 698/5997/3200 683/1678/3201
f 269/5998/3202 241/5506/402 234/5999/404
f 1705/6000/3203 201/6001/371 1668/6002/3204
f 91/6003/154 105/6004/153 121/6005/169
f 517/6006/814 462/6007/835 526/6008/834
f 1330/5850/2065 1249/6009/1934 1195/5851/1844
f 637/6010/973 644/6011/980 652/6012/3205
f 487/6013/794 437/6014/2739 467/6015/2240
f 742/1780/1172 741/214/150 737/216/152
f 1856/5163/3206 1865/6016/3207 1861/6017/3208
f 790/6018/1393 786/6019/1389 832/6020/1391
f 282/6021/3209 252/6022/458 301/6023/457
f 1273/6024/1951 1219/6025/3210 1199/6026/1841
f 1266/5088/2883 1297/5087/2068 1311/6027/2069
f 1641/6028/2426 1656/6029/2837 1661/6030/2484
f 981/4919/2922 1044/4918/2921 1043/6031/3211
f 325/6032/3212 295/6033/3213 274/6034/3214
f 1611/4944/2489 1525/4764/2863 1572/4945/2303
f 676/5344/3042 683/6035/1112 699/1707/1114
f 745/1637/1050 741/1636/1049 744/6036/3215
f 1421/4926/2155 1413/6037/2175 1339/6038/2811
f 1679/4695/2506 1647/4694/2836 1642/5490/2467
f 1472/4995/2177 1519/3637/2264 1451/6039/2176
f 1163/6040/1782 1117/6041/1743 1230/6042/1865
f 1473/6043/2184 1444/6044/2154 1466/6045/3216
f 458/4845/3217 430/4847/697 429/6046/696
f 840/6047/1387 821/6048/1362 866/6049/1428
f 237/6050/431 227/6051/317 197/6052/270
f 1303/6053/2895 1280/6054/1936 1217/6055/1866
f 583/6056/3025 555/6057/881 584/6058/890
f 1571/3969/2349 1606/3865/2401 1547/6059/2279
f 64/6060/81 55/6061/80 59/6062/79
f 1260/3069/1913 1192/6063/1912 1201/6064/1799
f 1060/5629/1779 1140/6065/1819 1040/5630/1670
f 1736/2642/1711 1866/2644/1713 1862/3025/1920
f 663/6066/3218 685/4653/1084 662/6067/1100
f 1509/6068/2237 1529/6069/2238 1581/6070/2343
f 1831/6071/3219 1813/6072/2690 1812/4369/2681
f 1438/6073/2192 1488/6074/2213 1526/6075/2304
f 943/6076/1530 913/6077/3220 912/6078/1506
f 1223/6079/1885 1193/2870/1833 1203/2872/1843
f 245/6080/409 203/474/298 216/6081/319
f 461/1229/821 525/1228/820 490/1249/832
f 893/6082/1484 923/6083/3221 851/6084/3104
f 264/6085/3222 237/6086/431 296/6087/430
f 377/980/614 412/6088/732 365/978/662
f 1080/2602/1687 1105/6089/1736 1082/2603/1676
f 883/6090/1446 869/6091/1491 842/6092/1447
f 1305/6093/1981 1317/6094/2038 1371/6095/2062
f 851/6096/3104 826/6097/1402 871/6098/1411
f 909/2207/1476 873/2206/1430 887/6099/1453
f 1628/6100/3223 163/4799/2874 1599/4801/2876
f 145/6101/3224 163/4799/3225 1628/6100/3226
f 1859/6102/3227 1849/6103/3228 1863/6104/3229
f 1828/6105/2674 1842/4404/236 1818/4406/2689
f 718/6106/1183 708/6107/1182 707/6108/3230
f 1717/6109/2559 1693/5198/3003 1706/6110/3187
f 1327/6111/2080 1234/6112/1943 1262/6113/1915
f 1585/6114/2444 1510/6115/2912 1557/6116/2396
f 1086/2591/1680 1018/2590/1596 1020/6117/1608
f 516/4632/3231 500/1225/3232 510/4630/3233
f 115/6118/204 117/6119/206 139/6120/3234
f 1814/6121/3235 1799/6122/3236 1787/6123/3237
f 1845/6124/2291 1846/6125/3238 1857/6126/2292
f 58/6127/3174 52/6128/3239 70/6129/86
f 325/6130/536 341/6131/3240 340/6132/534
f 1418/3388/2116 1362/6133/2081 1397/5315/2096
f 1786/6134/3241 1775/5523/3091 1730/6135/2571
f 406/6136/674 405/6137/673 434/6138/724
f 239/6139/3242 224/6140/3243 209/5747/3244
f 1782/6141/2801 1793/6142/2654 1781/6143/2637
f 380/6144/3245 358/6145/3246 1786/4339/3247
f 599/6146/933 603/1422/912 585/1421/911
f 487/6013/794 466/6147/772 437/6014/2739
f 1365/6148/3111 1296/3240/2001 1346/6149/2028
f 272/6150/412 246/610/411 298/5009/483
f 51/128/71 85/6151/100 69/126/90
f 93/6152/120 80/6153/105 79/6154/112
f 254/6155/3034 242/6156/383 226/6157/347
f 281/6158/501 300/704/473 268/703/472
f 1610/6159/3248 1648/6160/2449 1560/6161/2299
f 339/6162/588 320/6163/522 299/6164/524
f 631/6165/984 611/6166/922 619/6167/935
f 1221/2925/1868 1235/6168/1897 1203/2926/1843
f 970/2523/1539 1059/2522/1643 1075/6169/1724
f 1520/6170/3015 1473/6171/2184 1466/6172/3216
f 118/6173/165 1629/6174/2443 201/6175/371
f 456/3811/2366 1831/3810/2365 427/6176/3249
f 1106/2704/1701 1083/6177/1677 1105/2705/1736
f 924/5305/1504 941/6178/1526 942/6179/1542
f 214/6180/306 238/6181/373 222/556/307
f 698/6182/1143 693/6183/1142 683/6184/3250
f 1174/6185/1840 1268/6186/1923 1293/6187/1964
f 1690/6188/2518 1666/6189/2488 1612/6190/2431
f 232/6191/377 1730/6192/2571 1695/6193/2507
f 1846/6194/3251 1824/6195/2705 1820/6196/2723
f 1309/6197/1987 1344/6198/2083 1284/3144/1986
f 308/6199/2954 278/6200/470 286/6201/419
f 140/6202/3252 167/420/286 150/419/285
f 1620/6203/2943 1570/6204/2298 1589/6205/2348
f 1474/6206/2207 1502/3578/2229 1463/3577/2180
f 961/6207/1566 981/6208/3253 940/6209/1547
f 162/6210/3254 163/6211/3225 145/6212/3224
f 550/6213/854 581/6214/902 577/6215/885
f 1711/6216/2540 1682/6217/2498 1694/6218/2512
f 660/6219/992 638/6220/1004 672/6221/1029
f 1485/6222/2267 1522/6223/2278 1454/6224/2167
f 1175/2805/1808 1190/6225/1880 1143/2806/1809
f 1250/6226/3166 1264/6227/1900 1335/6228/2053
f 1196/6229/1801 1212/2986/1860 1236/6230/1888
f 1304/6231/1982 1377/6232/2061 1326/5639/2012
f 1598/6233/2375 1554/6234/2374 1577/6235/3255
f 1052/2577/1639 1051/6236/1638 1082/2578/1676
f 1551/6237/2309 1544/6238/2275 1566/6239/2416
f 20/6240/3256 1177/2812/1814 1100/2811/1813
f 255/6241/370 237/6242/431 219/6243/338
f 1565/6244/2326 1631/6245/2853 1587/6246/2325
f 211/6247/3257 225/6248/3030 241/6249/3032
f 546/4879/880 511/6250/833 509/4880/851
f 315/6251/511 264/6085/3222 296/6252/430
f 686/1662/1074 681/1661/1073 689/6253/3258
f 72/6254/108 64/6060/81 59/6062/79
f 528/6255/875 539/6256/864 479/6257/791
f 1367/3228/2033 1301/3227/2009 1269/6258/1978
f 1252/6259/2044 1351/6260/2043 1290/3192/3259
f 281/5876/3170 251/5878/3172 240/6261/3260
f 1143/6262/2779 1065/6263/2778 1099/6264/3261
f 1180/6265/3262 1262/3108/3263 1158/6266/3264
f 1734/6267/2566 1733/4170/2568 1728/6268/2541
f 1522/6269/2278 1485/6270/2267 1559/6271/2347
f 1533/4669/2342 1443/6272/2822 1518/6273/2251
f 141/6274/184 142/5208/3006 103/6275/183
f 1352/6276/2046 1321/6277/3265 1322/6278/2762
f 827/6279/3266 802/6280/3267 828/6281/3268
f 219/6282/338 197/6283/270 176/6284/272
f 511/6285/833 438/6286/760 474/5713/759
f 962/6287/1520 972/6288/1546 910/6289/1485
f 1451/6290/2176 1412/6291/2795 1461/6292/2796
f 893/6293/1484 939/6294/1606 923/6295/3221
f 1764/6296/2612 1758/6297/2613 1782/6298/2801
f 167/6299/346 140/6300/269 195/6301/268
f 815/6302/1384 816/6303/1383 807/1996/1347
f 475/6304/779 487/6305/794 467/6306/2240
f 701/6307/3269 689/6308/3270 686/6309/3271
f 233/6310/3272 209/6311/3273 208/6312/3274
f 456/3756/2330 484/6313/801 498/3757/809
f 1469/3674/3275 1515/6314/3276 1447/6315/3277
f 904/6316/1442 868/6317/3278 859/6318/3279
f 553/6319/895 526/6320/834 538/6321/836
f 152/6322/277 142/6323/3006 159/6324/275
f 1699/6325/3188 1710/4142/2532 1732/4141/2552
f 1090/6326/1699 1068/5418/1658 1102/6327/1749
f 76/6328/110 61/6329/83 60/6330/82
f 362/6331/677 376/6332/623 350/6333/622
f 360/6334/3280 392/1045/3281 391/1044/3282
f 1218/6335/1882 1189/6336/1806 1219/6337/3210
f 1422/6338/2112 1444/6339/2154 1382/6340/2093
f 1372/6341/3283 1329/6342/2027 1344/6343/2083
f 1746/4167/2565 1718/6344/2542 1733/6345/2568
f 29/6346/3284 1342/6347/3285 1376/6348/3286
f 1847/6349/1644 1846/2800/1804 1839/6350/1645
f 1418/6351/2116 1465/5213/2186 1434/6352/2156
f 1049/6353/1717 1077/6354/1784 993/6355/1568
f 1041/6356/1681 1098/6357/1707 1034/6358/1605
f 179/6359/322 147/6360/244 161/6361/221
f 268/6362/400 281/6363/3287 240/595/401
f 336/6364/484 386/6365/650 337/6366/500
f 972/6367/1546 1041/6368/1681 1034/6369/1605
f 328/856/482 284/6370/432 316/6371/499
f 535/1284/850 531/6372/827 515/1282/829
f 572/1426/886 601/6373/915 595/6374/899
f 1015/6375/3288 945/6376/1534 976/6377/1600
f 1265/3220/1889 1276/6378/2054 1348/3221/2031
f 1785/6379/2644 1762/6380/2584 1771/6381/2653
f 1426/3443/2144 1398/3445/2104 38/6382/67
f 1466/6172/3216 1511/6383/2310 1520/6170/3015
f 150/6384/3289 166/5411/3062 156/5410/3061
f 481/6385/792 442/6386/751 450/6387/734
f 93/6388/120 79/6389/112 97/6390/148
f 1192/6391/1912 1157/2763/1785 1133/6392/1716
f 54/107/75 55/113/80 45/6393/64
f 1847/6394/3290 1846/6395/3291 1857/6396/3292
f 1834/4438/2733 419/6397/720 378/4439/2734
f 1688/4098/2525 1712/4097/2524 1702/6398/3024
f 817/6399/1359 801/6400/1401 825/6401/1379
f 1717/4153/2559 1716/4155/2531 1698/5197/2514
f 904/2279/1512 897/2278/1514 868/6402/3293
f 186/455/276 214/6403/306 222/456/307
f 1149/6404/1769 1189/6405/1806 1142/6406/1706
f 449/6407/775 423/6408/686 393/6409/628
f 284/6410/432 289/648/437 257/647/384
f 536/4999/866 533/6411/852 501/5000/795
f 1663/6412/2481 1660/4006/2477 1613/4005/2411
f 437/4458/2739 1835/6413/2735 1848/6414/2241
f 1045/6415/1633 1066/6416/1686 1056/6417/1673
f 1383/6418/2099 1443/5879/2206 1433/6419/2153
f 480/6420/855 443/6421/723 459/6422/722
f 1482/6423/2231 1521/6424/2297 1474/6425/2207
f 1133/2762/1716 1077/2761/1784 1049/6426/1717
f 445/6427/798 384/6428/615 408/6429/665
f 1599/6430/3294 1624/6431/2464 1628/6432/2463
f 1173/2941/1783 1107/6433/1730 1163/2942/1782
f 140/4767/3009 184/384/261 116/383/260
f 1261/5484/1932 1242/6434/1896 1282/5485/1998
f 49/111/78 57/110/77 60/6435/82
f 1068/6436/1658 1078/6437/1675 1048/6438/1651
f 1403/6439/2107 1477/5462/2190 1456/5461/2160
f 1258/6440/2034 1376/3308/2036 26/6441/2077
f 1832/4335/2667 1831/6442/3295 1849/4336/2668
f 1320/6443/3058 1309/6444/1987 1283/6445/1945
f 812/6446/3071 793/6447/3296 817/6448/1359
f 197/6449/270 227/6450/317 151/6451/316
f 1424/3511/2142 1463/6452/2180 1423/6453/2125
f 1029/6454/2869 938/6455/1488 969/6456/1521
f 986/6457/1556 938/6455/1488 1029/6454/2869
f 1042/6458/1632 1085/6459/1754 1066/6460/1686
f 384/6461/615 385/6462/649 318/6463/616
f 744/993/671 747/5237/684 746/5239/669
f 549/6464/874 553/4900/895 568/4899/873
f 583/6465/3025 554/6466/882 555/6467/881
f 234/6468/368 194/6469/292 193/6470/3177
f 1445/5918/2185 1425/6471/2164 1395/5919/2101
f 275/6472/3297 254/6473/379 288/6474/435
f 1035/6475/1635 1021/6476/1612 1011/6477/1611
f 240/6478/2987 225/6479/3298 252/5167/2985
f 426/1144/767 456/6480/3299 468/6481/765
f 305/6482/451 283/6483/541 256/6484/416
f 1263/6485/1916 1283/6486/1945 1309/6487/1987
f 1793/4307/2654 1800/6488/2665 1785/4308/2644
f 1750/6489/2586 1763/6490/2585 1749/6491/2567
f 146/6492/215 115/6493/214 149/6494/237
f 955/2329/1536 895/6495/1470 916/6496/1473
f 1603/4655/2418 1618/6497/2417 1566/6498/2416
f 1644/3959/2456 1614/6499/3192 1593/3960/2363
f 523/6500/831 510/6501/805 489/1247/807
f 982/6502/1567 971/6503/1560 1007/6504/1597
f 1468/6505/2791 1436/6506/3300 1455/6507/2146
f 1807/6508/2696 1800/6509/2665 1793/6510/2654
f 1213/6511/1862 1265/6512/1889 1183/6513/1861
f 956/6514/1554 950/6515/1544 965/6516/1569
f 1451/6517/2176 1493/6518/2239 1412/6291/2795
f 33/6519/51 42/6520/74 31/6521/55
f 260/602/408 259/6522/374 277/6523/418
f 414/4411/727 426/6524/726 427/6525/3301
f 508/6526/839 558/1308/859 529/6527/837
f 1835/6528/3302 1840/6529/3303 1836/4443/3304
f 1788/6530/2642 1768/6531/2609 1792/6532/2643
f 1689/6533/2497 1666/4092/2488 1704/6534/2519
f 1500/6535/2308 1542/6536/2317 1493/6537/2239
f 1426/3443/2144 38/6538/67 44/6539/76
f 421/1083/675 454/6540/761 388/1084/600
f 243/534/359 213/533/296 201/6541/371
f 1354/6542/2091 1268/6543/1923 1254/6544/1878
f 223/6545/321 190/6546/320 203/6547/298
f 1447/6548/3305 1489/6549/3306 1515/6550/3307
f 1816/6551/2692 378/6552/2734 1791/6553/2652
f 1713/6554/2526 1734/6555/2566 1720/6556/3072
f 1835/6528/2735 1821/6557/2695 1840/6529/3308
f 116/6558/3309 122/6559/3310 102/6560/3311
f 116/6561/180 122/6562/3312 127/6563/181
f 118/6564/165 88/6565/164 56/6566/3195
f 958/2479/1538 996/6567/1621 920/2333/1535
f 1772/6568/3313 1756/6569/2601 1769/6570/2610
f 1364/6571/2848 1363/3393/2117 1400/3395/2118
f 1850/3494/3314 1863/6104/3229 1849/6103/3228
f 1619/6572/2420 1609/6573/2378 1632/6574/3315
f 455/6575/3316 426/1089/726 409/1088/654
f 1496/6576/2862 1504/6577/2191 1420/6578/2126
f 1146/2790/1751 1132/6579/1750 1167/2788/1800
f 796/6580/3317 785/6581/3318 789/6582/3319
f 935/6583/1585 980/6584/1668 927/6585/1518
f 1804/6586/2656 1742/6587/2645 1786/6588/2663
f 1664/6589/2482 1671/6590/2486 1683/6591/2511
f 123/6592/173 78/6593/130 118/237/165
f 1806/6594/2666 1810/6595/2694 1788/6596/2642
f 667/1597/1016 642/1596/977 658/6597/1009
f 790/6598/1393 797/4989/1392 780/6599/3320
f 486/6600/771 502/6601/818 500/6602/813
f 1719/6603/2533 1711/6604/2540 1694/6605/2512
f 514/6606/828 470/6607/750 481/6608/792
f 264/6609/3222 304/6610/510 270/6611/469
f 700/6612/3194 685/1693/1084 687/6613/1102
f 563/6614/888 564/6615/872 568/6616/873
f 818/6617/1353 800/6618/1341 796/6619/1320
f 633/6620/963 650/6621/988 651/6622/1021
f 596/6623/909 590/6624/900 578/6625/889
f 1679/6626/2506 1688/6627/2525 1656/6628/2837
f 1571/6629/2349 1504/6577/2191 1496/4763/2862
f 1145/6630/1715 1157/6631/1785 1199/6632/1841
f 1649/4022/2485 1633/6633/3175 1634/6634/2421
f 242/6635/383 221/6636/305 199/6637/295
f 1300/6638/1975 1382/6639/2093 1339/6640/2811
f 1205/6641/1845 1137/6642/1752 1153/6643/1777
f 440/1086/725 385/1085/649 446/6644/797
f 1273/6645/1951 1200/6646/1914 1294/6647/1952
f 188/6648/297 160/6649/208 173/6650/2823
f 461/6651/821 421/6652/675 463/6653/739
f 537/4850/845 532/6654/849 522/6655/840
f 245/6656/409 261/6657/361 271/6658/410
f 1852/6659/1456 1848/6660/2241 1835/6661/2735
f 1539/6662/3321 1592/6663/3322 1562/6664/3323
f 253/4551/3324 269/4550/3325 235/6665/3326
f 518/6666/815 488/6667/783 527/6668/841
f 215/6669/351 244/537/350 216/536/319
f 771/6670/3327 776/1933/3328 773/1935/3329
f 924/6671/1504 905/2262/1503 928/2261/1502
f 1283/5941/1945 1295/6672/2000 1320/6673/3058
f 261/6674/361 286/6675/419 278/6200/470
f 743/6676/3198 738/6677/3330 739/6678/3196
f 449/6679/775 393/6680/628 432/6681/687
f 220/518/339 256/6682/416 228/516/337
f 1777/6683/3331 1789/6684/3332 1805/6685/3333
f 31/6686/55 1378/3384/2079 30/6687/2064
f 736/6688/3334 734/6689/3335 733/1859/3336
f 273/6690/519 232/6691/377 250/6692/376
f 1387/6693/2095 34/6694/57 36/3441/63
f 1244/6695/2003 1223/6696/1885 1275/6697/1933
f 1213/6511/1862 1276/6698/2054 1265/6512/1889
f 76/6699/110 83/6700/104 107/6701/190
f 1034/6702/1605 1000/6703/3337 939/6704/1606
f 412/6705/732 413/6706/3054 365/6707/662
f 441/6708/802 413/6706/3054 412/6705/732
f 552/6709/876 528/1333/875 513/6710/810
f 147/6360/244 121/323/169 161/322/221
f 1386/5712/2103 1371/6711/2062 1317/6712/2038
f 901/2374/3116 961/2375/3338 911/5672/1494
f 1380/6713/2161 1313/5641/1993 1412/5640/2795
f 1608/6714/2415 1558/6715/3016 1566/6716/2416
f 653/1565/993 646/6717/989 634/1566/959
f 1851/6718/3339 1845/3934/2446 1856/3936/2448
f 730/1862/1229 724/6719/1219 727/4559/3340
f 696/6720/3341 697/6721/3342 703/6722/3343
f 259/649/374 238/6723/373 257/647/384
f 1565/6724/2326 1608/6725/2415 1631/6245/2853
f 912/6726/1506 913/6727/3220 885/6728/3344
f 1347/3477/2030 1428/6729/2222 1345/6730/2029
f 1679/4060/2506 1672/4059/2496 1703/6731/2523
f 937/2347/1508 915/6732/1472 944/6733/1531
f 1817/6734/2697 1826/4398/2706 1806/4400/2666
f 1869/2183/1776 410/6735/1775 32/6736/3345
f 576/6737/894 583/6738/3025 597/6739/924
f 257/6740/468 327/6741/480 302/6742/467
f 177/6743/256 168/403/230 129/6744/163
f 1168/2789/1786 1167/2788/1800 1179/6745/1842
f 169/465/318 195/6746/268 131/466/267
f 1846/6747/3346 1847/2524/1644 1824/2526/1646
f 1143/2738/1771 1166/6748/1828 1144/2739/1772
f 494/4744/803 507/6749/847 530/6750/848
f 1656/6029/2837 1678/6751/2517 1661/6030/2484
f 1299/6752/1992 1375/6753/2163 1254/6754/1878
f 1334/5082/2961 1308/6755/1967 1222/5083/1966
f 1338/6756/2056 1413/6757/2175 1381/4592/2055
f 1221/2923/1868 1179/2924/1842 1167/2921/1800
f 470/6758/750 485/6759/2856 432/6760/687
f 366/888/552 338/887/520 290/6761/441
f 854/6762/2799 882/6763/2798 890/6764/3347
f 629/6765/2973 615/6766/938 602/5115/937
f 903/2293/1466 932/6767/1498 969/2294/1521
f 47/6768/73 58/6769/3174 54/6770/75
f 1755/6771/2583 1771/6381/2653 1762/6380/2584
f 1245/6772/1937 1304/3187/1982 1315/3186/1980
f 915/6773/1472 879/6774/1471 913/6775/3220
f 215/6776/351 187/5333/288 230/5335/352
f 1438/3530/2192 1439/6777/2168 1373/5955/2066
f 341/6778/3240 325/6779/536 355/6780/3348
f 1443/6781/3349 1481/6782/3350 1516/6783/3351
f 490/6784/832 454/6785/761 461/6786/821
f 450/6387/734 442/6386/751 418/6787/3352
f 94/6788/168 83/146/104 73/145/102
f 638/5862/1004 608/6789/958 606/5752/918
f 1014/6790/1602 987/6791/1601 1026/5733/1665
f 1331/6792/2045 1225/6793/3353 1289/6794/3354
f 515/6795/829 481/5362/792 499/6796/812
f 929/6797/1607 914/6798/1537 975/6799/1637
f 178/6800/274 152/6801/277 159/6802/275
f 436/6803/708 451/1149/721 472/6804/755
f 1497/3569/2225 1448/3568/2224 1498/6805/2253
f 1680/6806/2887 1685/6807/2538 1659/6808/2806
f 1748/6809/2560 1754/6810/2623 1716/6811/2531
f 1118/6812/1807 1094/6813/1679 1054/6814/1672
f 1552/6815/2311 1503/6816/2301 75/6817/134
f 1239/6818/3029 1186/6819/1821 1187/2825/1822
f 1393/6820/2098 1449/6821/3043 1480/6822/2205
f 1151/6823/1787 1135/6824/1831 1193/2846/1833
f 811/6825/1404 878/6826/1452 837/6827/1403
f 847/6828/1469 878/6829/1452 811/6830/1404
f 1044/4918/2921 961/4920/2923 1019/6831/3355
f 1380/6832/2161 1375/6833/2163 1299/6752/1992
f 1215/6834/1877 1278/6835/1991 1227/6836/1873
f 285/6837/515 276/6838/395 243/6839/359
f 135/450/303 182/449/302 174/6840/248
f 1778/6841/2815 1743/6842/3356 1738/4644/2816
f 1079/5719/1798 1234/5721/1943 1201/6843/1799
f 611/1483/922 610/1482/943 588/6844/907
f 1096/2641/1692 1101/6845/1710 1087/2612/1685
f 351/6846/551 316/6847/550 275/6848/481
f 445/6849/798 446/6850/797 384/6851/615
f 1379/6852/2108 1311/6853/2069 1349/6854/2067
f 1812/6855/2725 1831/93/70 1838/92/69
f 1360/6856/2102 1358/6857/2013 1274/6858/1944
f 799/6859/1343 805/6860/2790 813/6861/2891
f 1230/6862/1865 1254/6863/1878 1163/6040/1782
f 631/6864/984 627/1484/944 611/1483/922
f 738/6865/3357 733/1511/961 739/1510/960
f 1144/6866/1772 1109/2741/1758 1101/6867/1710
f 1441/6868/2196 1374/3541/3358 1440/6869/2201
f 111/6870/167 144/6871/207 105/6872/153
f 1773/6873/2611 1780/6874/2638 1772/6875/3359
f 304/6876/510 264/6877/3222 315/6878/511
f 1047/6879/1636 1145/2647/1715 1119/6880/1767
f 1234/6881/1943 1327/6882/2080 1274/6883/1944
f 1072/6884/3360 1120/6885/1740 1073/6886/1739
f 1097/6887/3361 1080/5035/1687 1069/6888/3362
f 1759/6889/2594 1737/6890/2593 1766/6891/3363
f 1708/6892/2561 1738/6893/3364 1743/6894/2562
f 1051/6895/1638 1024/6896/1614 1069/6897/3362
f 378/6898/2734 370/6899/585 335/6900/586
f 1478/3492/2169 1429/6901/3002 1349/3490/2067
f 305/6482/451 317/6902/540 283/6903/541
f 125/6904/187 111/6905/167 99/6906/127
f 652/6907/3365 644/6908/1046 674/1628/1045
f 1866/2644/1713 1860/6909/1712 1857/6910/1921
f 1534/3639/2265 1473/3638/2184 1520/6911/3015
f 650/6912/1036 645/6913/3366 661/6914/1037
f 1057/6915/1738 1038/6916/1642 1015/6917/3288
f 1449/6918/3367 1508/3621/2236 1480/6919/2252
f 346/6920/542 330/6921/2953 311/6922/517
f 1761/6923/2607 1791/6553/2652 335/6924/586
f 1561/4993/3368 1515/6925/2285 1506/6926/2284
f 329/6927/516 328/6928/482 365/6929/647
f 1270/6930/1994 1338/6931/2056 1302/6932/1904
f 1130/5136/1773 1101/6933/1710 1108/6934/1709
f 247/6935/440 223/6936/321 272/6937/412
f 291/6938/3369 310/6939/3370 320/6940/3371
f 1622/6941/2402 1667/6942/2491 1623/6943/2429
f 1483/6944/2255 1482/6945/2231 1464/6946/2165
f 1396/3315/2082 1360/6947/2102 1327/6948/2080
f 521/6949/838 529/6950/837 541/6951/860
f 1759/5892/3372 1721/5891/2592 1776/4215/2591
f 641/1573/3373 664/1608/1043 625/1574/1042
f 1677/4089/2495 1701/4088/2516 1683/6952/2511
f 268/6953/3374 292/6954/3375 287/6955/447
f 313/6956/521 250/622/376 279/624/420
f 1017/6957/1667 1126/2853/1728 1039/6958/1727
f 1597/6959/2380 1577/3805/2361 1576/6960/2360
f 637/4941/973 606/4940/918 614/6961/928
f 232/6962/377 1695/6963/2507 1648/6964/2449
f 1233/6965/1940 1240/6966/1892 1316/6967/2011
f 1055/6968/1705 1054/6969/1672 1000/6970/3337
f 859/6971/3279 832/2156/1440 904/2158/1442
f 823/6972/1373 843/6973/1396 860/6974/1419
f 1612/6190/2431 1673/6975/2528 1690/6188/2518
f 209/5747/3244 233/6310/3376 239/6139/3242
f 1047/6976/1636 1119/6977/1767 1086/6978/1680
f 51/6979/71 53/6980/91 52/6981/84
f 681/6982/3377 652/6983/3365 674/6984/1045
f 678/6985/1104 652/6986/3378 681/6987/1105
f 1745/6988/2575 1717/6989/2559 1727/6990/3379
f 462/6991/835 440/1086/725 446/6644/797
f 795/6992/1335 799/6993/1343 787/6994/1354
f 1787/6995/3237 1805/6996/3380 1814/6121/3235
f 787/6997/1354 796/6998/1320 783/6999/1319
f 1124/7000/1762 1215/7001/1877 1161/7002/1791
f 814/7003/1358 876/7004/1427 850/7005/1395
f 1582/7006/2345 1566/7007/2416 1544/7008/2275
f 907/7009/1489 896/7010/1495 880/7011/1439
f 1581/3858/2343 1586/7012/2344 1616/3859/2399
f 1546/7013/2277 1569/7014/2318 1545/7015/2276
f 1680/7016/2887 1709/7017/2550 1715/7018/2539
f 1095/7019/3381 1107/7020/1730 1128/7021/1766
f 1800/7022/2665 1807/7023/2696 1806/7024/2666
f 1523/7025/2266 1559/6271/2347 1485/7026/2267
f 371/7027/631 372/4760/595 345/4759/543
f 283/801/3382 296/7028/3383 297/7029/3384
f 1688/7030/2525 1679/7031/2506 1703/4096/2523
f 992/2465/1576 984/7032/1588 1023/2466/1613
f 345/7033/543 329/7034/516 371/7035/631
f 196/7036/358 236/531/345 199/7037/407
f 1039/7038/1727 1061/7039/1726 978/7040/1575
f 63/7041/85 53/7042/91 66/7043/98
f 918/2292/1487 937/2291/1508 951/7044/1533
f 1055/7045/1705 1118/7046/1807 1054/7047/1672
f 543/7048/857 548/7049/868 535/7050/850
f 334/761/514 306/7051/436 276/762/395
f 297/7052/450 255/7053/370 283/7054/541
f 810/7055/1342 802/7056/1356 799/7057/1343
f 1128/2731/1766 1085/2730/1754 1095/7058/3381
f 665/7059/1085 685/7060/1084 663/7061/3218
f 440/7062/725 387/7063/567 386/7064/650
f 236/7065/345 270/7066/469 199/7067/407
f 678/7068/1079 644/7069/3385 652/7070/3386
f 1395/7071/2101 1405/7072/2113 1369/7073/2100
f 1655/7074/2461 1665/4041/2487 1671/4040/2486
f 181/7075/245 148/7076/210 133/7077/189
f 943/6076/1530 912/7078/1506 930/7079/1505
f 730/1850/3387 725/7080/3388 729/1851/3389
f 827/6279/1360 828/6281/3390 810/7081/1342
f 1401/7082/2214 1346/7083/2028 1372/7084/3283
f 689/7085/3391 697/7086/3392 681/7087/3393
f 542/7088/871 561/7089/884 530/7090/848
f 1262/7091/1915 1308/7092/1967 1362/7093/2081
f 1335/7094/2053 1427/7095/2208 1330/7096/2065
f 1732/7097/2552 1727/7098/3379 1699/7099/3188
f 453/1138/738 454/1137/761 489/7100/807
f 652/7101/3205 669/1611/1028 637/7102/973
f 309/819/452 290/7103/441 247/7104/440
f 733/7105/3394 734/1852/1228 729/1851/1227
f 454/6785/761 421/7106/675 461/6786/821
f 527/1360/841 550/7107/854 577/1358/885
f 458/7108/787 478/7109/786 457/7110/2971
f 1657/7111/2460 1626/7112/2427 1696/7113/2536
f 1652/7114/2492 1693/7115/3003 1663/7116/2481
f 1389/7117/2084 1400/7118/2118 1436/7119/3300
f 87/7120/111 102/7121/3395 97/209/148
f 575/7122/893 586/7123/2960 574/7124/887
f 420/7125/679 453/7126/738 483/7127/781
f 1834/4438/2733 437/7128/2739 419/6397/720
f 54/6770/75 43/102/56 47/101/73
f 1318/7129/2870 1307/3237/1983 1333/3236/2037
f 1443/7130/2822 1480/3620/2252 1518/7131/2251
f 1321/3298/2070 1351/3300/2072 1290/7132/1958
f 475/7133/779 1855/7134/2754 1843/7135/126
f 173/7136/2823 202/7137/2749 188/7138/297
f 554/7139/882 538/7140/836 505/7141/796
f 1278/7142/2016 1291/7143/1948 1227/7144/1873
f 1867/7145/3396 1865/2528/3397 1856/5163/3398
f 47/7146/73 52/7147/3239 58/7148/3174
f 1273/6024/1951 1272/7149/1950 1219/6025/3210
f 1453/5214/2158 1465/5213/2186 1418/6351/2116
f 1097/6887/3361 1111/5036/2950 1080/5035/1687
f 522/7150/840 532/7151/849 515/7152/829
f 1038/7153/1642 988/7154/1641 1015/7155/3288
f 398/944/638 374/7156/2846 390/945/639
f 897/7157/2838 948/7158/1581 882/7159/3399
f 817/6448/1359 793/6447/3296 801/7160/1401
f 1047/2645/1636 1022/7161/1625 1089/2646/1714
f 696/7162/3341 703/7163/3343 679/7164/3400
f 1122/7165/1718 1183/7166/1861 1181/2798/1803
f 172/7167/287 152/7168/277 186/410/276
f 1306/7169/3401 1233/7170/3186 1258/7171/3185
f 648/7172/985 649/7173/987 655/7174/1008
f 66/7175/98 53/7176/91 69/7177/96
f 57/7178/77 74/7179/103 60/155/82
f 839/7180/1405 830/2055/1386 829/2054/1361
f 1772/4258/3359 1780/6874/2638 1771/7181/2653
f 336/7182/484 337/6366/500 298/7183/483
f 1743/4323/2659 1777/4322/2658 1738/7184/3402
f 489/7185/807 454/7186/761 490/7187/832
f 680/7188/1067 659/7189/1081 688/7190/2769
f 1745/4198/2575 1732/7191/2552 1755/4199/2583
f 159/7192/275 141/7193/184 151/7194/219
f 1432/3496/2173 1391/3498/2090 1354/7195/2091
f 1007/7196/1597 971/7197/1560 1001/7198/1594
f 795/7199/1335 787/7200/1354 783/7201/1319
f 771/6670/3327 773/1935/3329 768/7202/3403
f 698/7203/3200 690/1745/3199 708/1744/3404
f 1730/6135/2571 358/7204/2602 1786/6134/3241
f 1588/7205/2346 1604/7206/2419 1569/7207/2318
f 1809/4373/2693 1791/7208/2652 1784/4792/2636
f 1071/7209/1663 1123/7210/1719 1074/7211/1666
f 875/7212/1435 850/7213/1395 892/7214/1519
f 596/7215/909 612/7216/927 607/7217/923
f 1015/6375/3288 988/7218/1641 945/6376/1534
f 1154/7219/1816 1120/7220/1740 1072/7221/3360
f 851/7222/3104 862/7223/1426 825/7224/1379
f 1499/7225/2254 1448/7226/2224 1459/7227/2174
f 1011/6477/1611 1028/2511/1610 1035/2510/1635
f 877/7228/1433 910/7229/1485 871/7230/1411
f 1004/7231/1592 1013/7232/1599 1081/5010/2944
f 509/7233/851 474/7234/759 503/7235/2882
f 293/7236/491 301/7237/3405 314/7238/492
f 192/7239/3406 210/7240/363 189/7241/299
f 955/7242/1536 1022/7243/1625 975/7244/1637
f 606/1433/918 569/1382/878 592/7245/891
f 1771/7246/2653 1756/7247/2601 1772/6568/3313
f 800/7248/1341 785/7249/1337 796/7250/1320
f 858/2153/1416 874/2155/1431 849/7251/1406
f 1789/7252/3407 1790/7253/2687 1760/7254/3020
f 1410/5837/2152 1353/7255/2047 1312/5835/1962
f 1269/6258/1978 1323/7256/1977 1367/3228/2033
f 642/7257/977 647/7258/994 626/7259/972
f 399/7260/678 411/7261/3408 376/7262/623
f 125/271/187 89/7263/107 104/7264/185
f 977/7265/1593 932/7266/1498 946/7267/1580
f 431/7268/3409 430/7269/3410 447/7270/3411
f 597/7271/924 583/7272/3025 605/7273/925
f 263/7274/405 199/7067/407 270/7066/469
f 187/4754/288 173/4672/2823 154/7275/2858
f 1597/7276/3412 1628/3944/2450 126/7277/2433
f 538/1261/836 462/1260/835 505/7278/796
f 1001/7279/1594 1032/7280/1615 1007/7281/1597
f 293/4877/2909 274/632/428 282/631/427
f 1468/7282/2791 1455/7283/2146 49/7284/78
f 87/7285/111 66/7286/98 68/7287/97
f 1746/7288/2565 1733/7289/2568 1749/6491/2567
f 1299/7290/1992 1230/7291/1865 1238/7292/1922
f 1111/7293/2950 1097/7294/3361 1135/7295/1831
f 762/1883/2905 759/1882/1248 756/4871/2906
f 1334/7296/2961 1388/7297/2157 1308/7298/1967
f 1134/2696/1748 1090/7299/1699 1102/2697/1749
f 1271/7300/1979 1314/7301/2019 1255/7302/1935
f 472/7303/755 486/7304/771 500/5235/813
f 1673/7305/2528 1714/4123/2527 1690/4122/2518
f 1133/2785/1716 1050/2648/1627 1079/7306/1798
f 705/7307/1156 712/1806/3413 694/7308/1157
f 1762/5751/2584 1768/4287/2609 1745/7309/2575
f 1068/2548/1658 1048/7310/1651 1035/2549/1635
f 505/7141/796 504/7311/816 554/7139/882
f 899/7312/1478 869/5142/1491 933/5336/1571
f 220/500/339 206/7313/349 200/498/293
f 1845/6124/3414 1820/7314/3415 1846/6125/3416
f 793/7315/3296 812/7316/3071 831/7317/1388
f 158/387/231 130/386/257 110/7318/149
f 1245/7319/1937 1239/6818/3029 1187/7320/1822
f 1823/7321/2698 1827/4417/2717 1817/7322/2697
f 132/7323/209 105/6872/153 144/6871/207
f 1756/7324/2601 1771/7325/2653 1755/7326/2583
f 705/7327/1191 717/7328/1192 723/7329/1189
f 877/7330/1433 929/7331/1607 962/7332/1520
f 1040/7333/1670 1140/7334/1819 1162/7335/1725
f 1272/7336/1950 1305/7337/1981 1257/7338/1941
f 312/836/471 308/7339/2954 352/837/565
f 1138/2850/1837 1159/7340/3417 1197/2851/1838
f 790/7341/3418 786/1949/1311 780/1951/1313
f 302/698/467 263/7342/405 270/7343/469
f 1769/4249/2610 1773/6873/2611 1772/6875/3359
f 1352/7344/2046 1336/7345/3160 1312/7346/1962
f 1752/7347/3419 1707/7348/2535 1742/7349/3090
f 1723/7350/2537 1744/7351/2549 1767/7352/2606
f 805/5399/2790 853/5398/1448 842/7353/1447
f 824/7354/1357 825/7355/1379 862/7356/1426
f 124/7357/186 153/316/220 125/315/187
f 1763/7358/2585 1769/6570/2610 1756/6569/2601
f 1059/7359/1643 1116/7360/1764 1139/7361/1723
f 1078/7362/1675 1069/7363/3362 1036/7364/1626
f 1653/7365/2465 1669/7366/2508 1645/7367/2466
f 265/667/382 305/669/451 256/7368/416
f 864/7369/1420 879/7370/1471 856/7371/1421
f 1257/7372/1941 1218/7373/1882 1272/7374/1950
f 1553/3912/2329 1596/3911/2428 1548/7375/2269
f 1436/7119/3300 1437/7376/2211 1389/7117/2084
f 945/7377/1534 909/7378/1476 918/7379/1487
f 1846/6194/3420 1820/6196/3421 1829/7380/3422
f 1703/7381/2523 1672/4100/2496 1713/4099/2526
f 1135/7295/1831 1097/7382/3361 1103/7383/1700
f 460/1119/746 445/6427/798 408/5156/665
f 442/1125/751 432/1124/687 394/7384/641
f 355/7385/621 376/7386/623 392/7387/3423
f 945/7388/1534 931/7389/1510 909/7390/1476
f 1608/3966/2415 1646/3965/2458 1639/7391/2483
f 859/6318/3279 868/6317/3278 832/5854/3424
f 217/7392/323 207/7393/2780 248/7394/439
f 822/7395/2745 842/6092/1447 869/7396/1491
f 946/7397/1580 919/7398/1477 931/7399/1510
f 1677/4089/2495 1683/6952/2511 1671/7400/2486
f 483/7401/781 496/7402/806 492/7403/793
f 1123/7404/1719 1072/7405/3360 1074/7406/1666
f 891/7407/1468 934/2302/1500 890/2304/1467
f 959/5123/2974 997/7408/1572 933/7409/1571
f 826/7410/1402 801/7411/1401 811/7412/1404
f 676/1679/3425 690/5996/3199 683/1678/3201
f 1250/7413/3166 1195/7414/1844 1204/7415/1899
f 1791/7416/2652 1767/7417/2606 1784/7418/2636
f 970/7419/1539 1031/7420/1622 958/7421/1538
f 1311/7422/2069 1379/7423/2108 1287/7424/1954
f 1169/7425/1832 1135/7426/1831 1134/7427/1748
f 1573/7428/2430 1526/7429/2304 1622/7430/2402
f 1528/7431/2316 1541/7432/2273 1499/7433/2254
f 520/7434/825 495/7435/804 557/7436/863
f 424/1065/3426 448/7437/712 447/7438/711
f 1411/7439/2122 1392/7440/2123 1442/7441/2226
f 1253/7442/1972 1215/7443/1877 1228/7444/1846
f 863/5184/1412 885/7445/3344 879/5182/1471
f 561/7446/884 574/7447/887 579/1352/883
f 1338/7448/2056 1279/7449/1949 1302/6932/1904
f 660/7450/992 668/1599/1018 656/1601/1019
f 967/7451/1545 968/7452/1590 937/7453/1508
f 563/7454/888 542/1327/871 564/1329/872
f 736/7455/3334 733/7456/3336 738/7457/3427
f 936/7458/1501 953/7459/1524 949/7460/1525
f 1280/3256/1936 1303/7461/2895 1357/3257/2049
f 336/7462/484 318/7463/616 385/6462/649
f 543/7464/857 525/1286/820 544/7465/856
f 499/6796/812 481/1177/792 471/1179/743
f 542/7466/871 530/1281/848 531/1297/827
f 420/7467/679 444/7468/780 396/7469/668
f 94/7470/168 73/7471/102 91/7472/154
f 1691/7473/3428 1667/7474/3429 1708/7475/3430
f 124/7476/186 104/5757/185 120/5759/3005
f 1832/7477/3431 1833/4018/2005 1850/3686/2296
f 433/7478/790 495/1199/804 459/7479/826
f 1361/5514/2051 1387/3392/2095 1398/3391/2104
f 819/7480/1351 818/7481/1353 821/7482/1362
f 943/2317/1530 915/2319/1472 913/7483/3220
f 317/800/540 356/7484/640 297/758/513
f 1212/2907/1860 1193/7485/1833 1223/5476/1885
f 861/2092/1409 860/2110/1419 854/7486/1410
f 1166/7487/1828 1211/5382/1856 1178/2900/1829
f 1313/5641/1993 1380/6713/2161 1299/7488/1992
f 1214/7489/1960 1321/7490/2070 1290/3098/1958
f 1131/7491/1770 1043/7492/3432 1044/7493/1696
f 1661/7494/2484 1677/7495/2495 1665/7496/2487
f 166/7497/3151 140/7498/3153 150/7499/3433
f 1225/7500/3353 1267/7501/3434 1289/7502/3354
f 288/7503/435 253/642/381 295/7504/3435
f 1595/3983/2400 1647/3985/2468 1590/7505/2370
f 1408/7506/2085 1389/7507/2084 1437/7508/2211
f 987/7509/1601 976/7510/1600 951/7511/1533
f 63/7512/85 66/7513/98 80/7514/105
f 372/995/595 371/7515/631 405/996/673
f 1552/7516/2311 1610/7517/3248 1560/6161/2299
f 1648/7518/2449 1651/4062/2469 1621/7519/2379
f 1342/7520/2060 1258/7521/3436 1306/7522/3437
f 1415/7523/2124 1423/5986/2125 1414/5985/2178
f 680/7524/1067 666/7525/1017 667/7526/1016
f 83/6700/104 106/7527/188 107/6701/190
f 889/7528/1465 867/2134/1432 874/2210/1431
f 169/7529/318 227/7530/317 236/7531/345
f 82/7532/101 99/7533/127 90/7534/109
f 1216/7535/1965 1129/7536/1753 1174/7537/1840
f 1480/7538/3438 1443/7539/3349 1516/7540/3351
f 1665/7541/2487 1655/7542/2461 1649/7543/2485
f 1467/3525/2857 1453/3475/2158 1388/3474/2157
f 530/7544/848 561/7545/884 540/7546/869
f 1366/3527/2039 1420/7547/2126 1504/3528/2191
f 1329/7548/2027 1275/7549/1933 1284/7550/1986
f 967/2408/1545 944/7551/1531 985/2364/1555
f 1760/7254/3020 1778/7552/3439 1789/7252/3407
f 1644/7553/2456 1675/7554/2501 1674/7555/2493
f 616/1553/932 636/7556/986 629/7557/2973
f 1780/4278/2638 1781/6143/2637 1793/7558/2654
f 308/5046/2954 286/7559/419 311/5047/517
f 1241/7560/1894 26/7561/3440 23/7562/1908
f 994/5486/1570 925/7563/1496 986/2495/1556
f 1104/4771/1858 1029/4773/2869 1004/7564/1592
f 1604/7565/2419 1609/7566/2378 1619/7567/2420
f 1156/7568/1768 1199/7569/1841 1219/7570/3210
f 1028/7571/1610 1027/2508/1623 1045/2507/1633
f 591/7572/945 589/7573/898 613/7574/946
f 279/7575/420 231/7576/324 217/7577/323
f 802/7578/1356 810/7579/1342 828/7580/3390
f 749/228/3014 750/459/309 746/461/311
f 276/7581/395 265/7582/382 229/7583/360
f 1129/7536/1753 1128/7584/1766 1174/7537/1840
f 1572/7585/2303 1525/7586/2863 1478/7587/2169
f 1320/5403/3058 1343/7588/2052 1363/5401/2117
f 817/7589/1359 809/7590/1352 812/6446/3071
f 950/7591/1544 956/7592/1554 943/7593/1530
f 1119/7594/1767 1145/2861/1715 1156/7595/1768
f 1673/7596/3441 1692/7597/3442 1667/7598/3443
f 1627/7599/2471 1596/7600/2428 1658/7601/2472
f 1156/7568/1768 1219/7570/3210 1189/7602/1806
f 11/5160/3444 911/5159/3445 7/7603/3446
f 1428/7604/2222 1347/3477/2030 1457/7605/2159
f 489/7606/807 490/7607/832 524/7608/830
f 1654/7609/2479 1664/7610/2482 1682/7611/2498
f 1488/7612/2213 1402/7613/2955 1401/7614/2214
f 1610/7615/3248 1552/7616/2311 134/7617/222
f 643/7618/978 658/7619/1009 642/7620/977
f 1685/7621/3447 258/7622/3448 1705/7623/3449
f 1496/7624/2862 1420/6578/2126 1379/7625/2108
f 1773/5293/2611 1757/7626/2569 1764/5294/2612
f 118/6173/165 201/6175/371 171/7627/232
f 1691/7628/2543 1722/7629/3164 1731/7630/2544
f 586/5263/2960 587/7631/892 576/5264/894
f 418/7632/3352 442/7633/751 417/7634/663
f 887/2172/1453 906/7635/1507 918/2235/1487
f 36/7636/63 43/7637/56 45/7638/64
f 350/7639/3450 326/7640/479 355/7641/548
f 1059/7642/1643 1061/7643/1726 1116/7644/1764
f 1075/7645/1724 1125/7646/1742 1148/7647/1761
f 1046/7648/1634 1028/7649/1610 1045/7650/1633
f 141/7651/184 159/7652/275 142/7653/3006
f 1282/7654/1998 1242/7655/1896 1281/4964/1984
f 1770/7656/2608 1779/7657/2624 1754/4256/2623
f 334/953/514 364/857/583 306/7658/436
f 1015/7659/3288 1073/7660/1739 1057/7661/1738
f 72/6254/108 59/7662/79 71/7663/92
f 274/6034/3214 294/7664/3451 325/6032/3212
f 953/2373/1561 948/7665/3452 998/5310/3035
f 554/7666/882 553/7667/895 538/7668/836
f 924/7669/1504 928/7670/1502 941/7671/1526
f 1845/7672/3453 1851/4565/2982 1861/5161/2981
f 1708/7673/3454 1692/4093/2520 1691/4095/2522
f 1728/7674/2541 1733/7675/2568 1718/7676/2542
f 154/7677/2858 143/7678/197 153/7679/220
f 1267/7680/3455 1197/7681/3456 1252/7682/3457
f 1030/2558/1664 1071/7683/1663 1074/2559/1666
f 626/7684/972 610/7685/943 627/7686/944
f 1168/7687/1786 1169/7688/1832 1134/7689/1748
f 1242/2982/1896 1210/2981/1855 1259/7690/1985
f 880/7691/1439 866/7692/1428 872/7693/1429
f 1832/3493/2728 1831/3495/3458 1813/4386/2726
f 555/5091/881 504/7694/816 518/5092/815
f 275/7695/3459 303/7696/539 288/7697/538
f 190/7698/320 161/5422/221 160/356/208
f 1209/2890/1850 1187/7699/1822 1155/7700/1823
f 833/4468/1346 806/7701/1345 822/7702/2745
f 1041/7703/1681 972/7704/1546 1018/7705/1596
f 517/7706/814 440/7707/725 462/7708/835
f 1701/4115/2516 1719/4114/2533 1694/7709/2512
f 812/7710/3071 821/2059/1362 831/2058/1388
f 207/7711/2780 179/7712/322 247/7713/440
f 1089/7714/1714 1022/7715/1625 1077/7716/1784
f 1488/7612/2213 1438/7717/2192 1402/7613/2955
f 1163/7718/1782 1093/7719/1688 1117/7720/1743
f 1110/7721/1760 1102/7722/1749 1088/4538/1674
f 1206/7723/3460 1139/7724/1723 1185/7725/1848
f 328/7726/593 351/7727/551 333/902/613
f 253/7728/3461 235/7729/3462 234/7730/3463
f 1201/7731/1799 1192/7732/1912 1133/7733/1716
f 1822/4412/2713 1796/4350/3464 380/4410/2711
f 952/2275/1511 868/7734/1513 897/7735/3465
f 905/7736/1503 884/7737/3103 894/2164/1464
f 201/554/371 1705/7623/3203 258/7622/372
f 132/7738/209 121/7739/169 105/6004/153
f 48/89/66 44/7740/76 38/90/67
f 487/5428/794 492/7741/793 496/5429/806
f 1496/7742/2862 1379/7743/2108 1429/7744/3002
f 1801/7745/3169 1811/7746/2676 1807/7747/2696
f 556/7748/862 558/7749/859 582/7750/913
f 631/7751/984 643/1536/978 627/1535/944
f 1487/7752/2210 1475/7753/2212 1531/7754/2300
f 594/1425/905 556/7755/862 582/1423/913
f 1024/7756/1614 1002/7757/1598 992/7758/1576
f 642/7759/977 626/7760/972 627/7761/944
f 1113/7762/1835 1038/7763/1642 1057/7764/1738
f 1113/7765/1835 1194/7766/1834 1170/7767/1887
f 1103/7768/1700 1134/7769/1748 1135/7770/1831
f 1069/7771/3362 1078/7362/1675 1097/7772/3361
f 540/5541/869 534/1277/846 494/1276/803
f 873/7773/1430 865/7774/1422 887/7775/1453
f 45/6393/64 55/7776/80 46/7777/65
f 97/7778/148 102/7779/3395 116/7780/2767
f 280/7781/454 287/7782/453 267/7783/3466
f 1699/5945/3188 1674/7784/2493 1675/7785/2501
f 1494/7786/2232 1453/7787/2158 1467/7788/2233
f 1671/7789/2486 1646/4011/2458 1655/7790/2461
f 1638/7791/2457 1676/4053/2494 1675/4052/2501
f 563/7792/888 561/7089/884 542/7793/871
f 73/7794/102 90/7795/109 91/7796/154
f 567/1415/908 557/7797/863 595/7798/899
f 1363/7799/2117 1364/7800/2848 1309/7801/1987
f 1652/7802/2492 1614/7803/3192 1644/7804/2456
f 193/7805/3019 165/372/3018 182/7806/3467
f 1512/7807/2257 1483/7808/2255 1484/7809/2258
f 1267/7810/3434 1331/7811/3468 1289/7812/3354
f 370/7813/585 419/7814/720 383/5131/646
f 37/7815/3469 1865/7816/1648 16/7817/1647
f 363/7818/594 395/7819/3470 317/7820/540
f 1027/5020/1623 1064/5019/1731 1042/7821/1632
f 137/5845/201 156/328/3471 150/7822/3165
f 273/772/519 331/7823/518 358/7824/2602
f 1691/7825/2543 1714/7826/2527 1667/7827/2529
f 510/5697/805 502/1226/818 496/7828/806
f 1377/3283/2061 1304/7829/1982 1305/3284/1981
f 1711/7830/2540 1718/7831/2542 1700/7832/2510
f 1072/7833/3360 1123/7834/1719 1154/7835/1816
f 1510/7836/2912 1585/3930/2444 118/5981/165
f 1648/4026/2490 1610/5104/3248 134/7837/222
f 582/7838/913 558/7839/859 567/7840/908
f 259/7841/374 230/603/352 222/7842/307
f 1709/7843/2550 1680/4828/2887 1681/7844/2515
f 184/384/261 127/7845/3008 122/382/259
f 1062/2564/1628 1001/7846/1594 979/2565/1595
f 1280/3132/1936 1190/7847/1880 1175/7848/1808
f 1287/7849/1954 1288/7850/1988 1224/7851/1917
f 1357/7852/2049 1303/7853/2895 1392/7854/2123
f 1813/5781/3143 1799/5783/3145 1798/7855/3472
f 1823/7856/2698 1837/7857/235 1827/7858/2717
f 227/7859/317 270/7860/469 236/7065/345
f 1425/7861/2164 1405/7072/2113 1395/7071/2101
f 81/161/106 98/7862/3134 86/162/113
f 1324/7863/2058 1255/7864/1935 1314/7865/2019
f 1115/7866/1792 1060/7867/1779 990/7868/1573
f 794/7869/3473 835/7870/1378 792/7871/1408
f 1290/7872/3474 1267/7873/3434 1252/7874/3475
f 806/7875/1345 807/7876/1347 808/7877/1344
f 625/5166/2984 641/7878/3476 623/5164/947
f 636/7879/986 628/7880/3085 629/5496/2973
f 885/6728/3344 913/6775/3220 879/6774/1471
f 1441/7881/3038 1336/7882/2089 1410/7883/3073
f 966/7884/1532 994/7885/1570 1049/7886/1717
f 881/7887/1475 866/7888/1428 896/7889/1495
f 1845/6124/3414 1829/7890/3477 1820/7891/3415
f 672/7892/1029 659/1669/1081 675/1671/1082
f 1515/7893/2262 1489/3652/3478 1470/7894/2260
f 1255/7302/1935 1232/7895/1891 1271/7896/1979
f 1394/7897/2094 1422/3375/2112 1356/3332/2092
f 268/7898/3374 287/7899/447 262/7900/446
f 1789/7901/2704 1820/7902/2723 1824/4393/2705
f 271/719/410 318/7903/616 336/720/484
f 495/7904/804 493/7905/789 539/7906/864
f 341/7907/3479 340/7908/3480 360/7909/3481
f 1462/7910/2179 1511/7911/2310 1466/7912/3216
f 1255/7913/1935 1206/7914/3460 1185/7915/1848
f 1131/5442/1770 1099/5444/3068 1043/7916/3432
f 1474/7917/2207 1463/3510/2180 1452/3512/2166
f 974/7918/1553 963/2420/1541 991/2419/1587
f 392/7919/3482 341/974/658 391/973/657
f 1724/7920/2534 1741/7921/2553 1704/7922/2519
f 257/7923/3483 333/5254/3484 327/7924/3485
f 1489/5061/2271 1470/7925/3486 1431/5062/2198
f 148/7926/210 108/7927/133 107/7928/190
f 153/7929/220 152/7930/277 172/7931/287
f 1608/7932/2415 1565/6724/2326 1558/7933/3016
f 1239/7934/3029 1232/7935/1891 1186/7936/1821
f 1220/7937/1867 1261/4905/1932 1247/4904/1946
f 599/1468/933 589/1470/934 603/1481/3487
f 1270/6930/1994 1339/7938/2811 1338/6931/2056
f 1254/7939/1878 1375/7940/2163 1354/7941/2091
f 1094/7942/1679 1155/7943/1823 1127/7944/1765
f 931/7945/1510 957/7946/1578 946/7947/1580
f 857/7948/1474 831/7949/1388 840/7950/1387
f 794/7951/1374 823/2111/1373 861/2092/1409
f 1353/7952/2047 1337/7953/2017 1298/5847/2048
f 943/2317/1530 956/7954/1554 944/7955/1531
f 802/5618/1356 848/7956/1415 829/7957/1361
f 311/7958/517 286/674/419 307/673/438
f 466/7959/772 451/7960/721 437/7961/2739
f 1210/7962/1855 1143/7963/1771 1165/7964/3488
f 1010/7965/1609 991/7966/1587 983/7967/1586
f 1828/7968/2674 1843/7969/126 1842/7970/236
f 1041/7971/1681 1086/7972/1680 1098/7973/1707
f 614/7974/928 606/7975/918 592/7976/891
f 1350/7977/2110 1267/7978/3434 1351/7979/2111
f 1857/3682/3049 1860/2148/3489 1868/2694/3050
f 1228/7980/1846 1206/7981/3460 1269/7982/1978
f 431/7983/713 448/7984/712 424/7985/3490
f 1255/3126/1935 1269/7986/1978 1206/7987/3460
f 1505/3556/2215 1401/7988/2214 1476/7989/2270
f 1327/6948/2080 1360/6856/2102 1274/7990/1944
f 1097/7382/3361 1078/7991/1675 1103/2625/1700
f 104/7992/185 86/7993/113 98/7994/3134
f 1367/7995/2033 1415/7996/2124 1394/7997/2094
f 990/7868/1573 1076/7998/1653 1115/7866/1792
f 1408/7999/2085 1401/8000/2214 1372/8001/3283
f 1405/8002/2113 1452/8003/2166 1424/8004/2142
f 1108/2709/1709 1129/2711/1753 1164/8005/1796
f 341/8006/3491 392/1045/3281 360/8007/3280
f 1833/3173/2005 1815/8008/3492 1814/5834/3159
f 1277/8009/1990 1321/8010/3265 1352/8011/2046
f 798/8012/1336 809/8013/1352 814/8014/1358
f 1782/8015/2801 1801/8016/3169 1793/8017/2654
f 964/8018/1543 984/8019/1588 992/8020/1576
f 136/8021/191 135/8022/3493 100/8023/171
f 203/8024/298 246/8025/411 223/8026/321
f 87/8027/3494 92/8028/3495 102/8029/3496
f 1270/8030/1994 1207/4638/1903 1231/8031/1974
f 548/8032/868 531/8033/827 535/8034/850
f 1481/8035/2821 1533/5658/2342 1517/5657/2913
f 965/2404/1569 950/8036/1544 964/2405/1543
f 1844/8037/125 396/8038/668 444/8039/780
f 534/8040/846 513/8041/810 491/8042/774
f 1547/3667/2279 1477/3666/2190 1504/8043/2191
f 822/8044/2745 869/8045/1491 852/8046/1418
f 1645/8047/2466 1616/4662/2399 1625/8048/2414
f 177/385/256 158/387/231 200/8049/293
f 1643/8050/2480 1613/8051/2411 1614/8052/3192
f 1332/8053/2023 1370/3287/2063 1333/3286/2037
f 750/8054/3497 749/8055/3014 747/8056/3013
f 1344/8057/2083 1309/7801/1987 1364/7800/2848
f 1251/8058/1898 1212/8059/1860 1244/8060/2003
f 1526/8061/2304 1488/8062/2213 1549/8063/2302
f 210/8064/3498 192/448/301 218/458/308
f 610/8065/943 626/8066/972 600/8067/914
f 1716/8068/2531 1709/8069/2550 1681/8070/2515
f 1468/6505/2791 1475/8071/2212 1436/6506/3300
f 1503/8072/2301 1475/8071/2212 1468/6505/2791
f 487/8073/794 486/8074/771 466/8075/772
f 514/8076/828 507/8077/847 470/8078/750
f 1300/5637/1975 1292/8079/1973 1340/5638/2018
f 1670/4069/2499 1669/4071/2508 1653/7365/2465
f 789/8080/1318 834/8081/1394 805/8082/2790
f 789/8080/1318 798/8083/1336 834/8081/1394
f 1735/8084/2545 1729/8085/2570 1714/8086/2527
f 1486/8087/2209 1428/8088/2222 1495/8089/2223
f 363/8090/594 317/8091/540 305/8092/451
f 516/1212/811 522/8093/840 499/8094/812
f 963/8095/1541 982/8096/1567 983/8097/1586
f 1136/2875/1836 1120/8098/1740 1195/2873/1844
f 155/8099/3499 182/7806/3467 165/372/3018
f 1567/3783/2327 1603/3896/2418 1582/8100/2345
f 805/8101/2790 799/8102/1343 795/8103/1335
f 124/8104/186 152/8105/277 153/8106/220
f 668/5178/1018 675/8107/1082 667/5176/1016
f 976/7510/1600 945/8108/1534 951/8109/1533
f 1750/4235/2586 1747/8110/2576 1769/4236/2610
f 1486/8111/2209 1523/3643/2266 1446/3645/2147
f 1399/8112/2105 1363/8113/2117 1343/8114/2052
f 110/8115/149 85/8116/100 62/8117/99
f 1084/8118/1669 1063/8119/1671 1127/8120/1765
f 1433/8121/2153 1510/3574/2228 1416/3576/2141
f 1306/8122/2024 1259/8123/1985 1233/8124/3128
f 620/8125/948 591/8126/945 623/8127/947
f 695/8128/1139 677/8129/3066 694/8130/3500
f 1837/7857/235 1823/7856/2698 1830/8131/2707
f 1841/345/234 1842/8132/236 1852/2176/1456
f 1659/6808/2806 1685/8133/2538 1668/8134/3204
f 1394/7997/2094 1415/7996/2124 1414/8135/2178
f 180/4543/243 147/8136/244 179/4544/322
f 1096/8137/1692 1066/8138/1686 1085/8139/1754
f 1630/8140/2425 1659/8141/2806 1629/8142/2443
f 1603/3896/2418 1567/8143/2327 1604/3897/2419
f 284/8144/432 275/8145/433 303/8146/498
f 456/8147/3501 427/8148/3301 426/8149/726
f 851/8150/3104 923/8151/3221 862/8152/1426
f 1151/8153/1787 1212/8154/1860 1196/2791/1801
f 282/8155/476 269/8156/459 294/708/461
f 517/5865/814 549/5864/874 547/8157/867
f 1865/3422/2131 37/8158/3502 1868/3423/2132
f 1072/8159/3360 1026/2557/1665 1074/2559/1666
f 1788/6596/2642 1810/6595/2694 1803/8160/2661
f 603/8161/3503 617/1521/956 599/8162/929
f 1325/3351/2010 1357/8163/2049 1393/3349/2098
f 1136/8164/1836 1057/8165/1738 1120/8166/1740
f 78/8167/130 50/8168/72 56/8169/131
f 1449/8170/3504 1411/8171/3505 1471/8172/3506
f 900/8173/1499 860/8174/1419 870/8175/1417
f 99/7533/127 105/218/153 90/7534/109
f 814/8176/1358 824/2121/1357 876/2123/1427
f 544/8177/856 525/8178/820 512/8179/819
f 1643/4008/2480 1614/8180/3192 1652/4033/2492
f 214/8181/306 186/8182/276 178/8183/274
f 1720/5465/3072 1728/8184/2541 1719/5466/2533
f 1807/8185/2696 1817/4379/2697 1806/8186/2666
f 1198/8187/1820 1140/8188/1819 1207/4705/1903
f 264/8189/3222 270/8190/469 227/8191/317
f 1542/8192/2317 1587/3743/2325 1602/8193/2413
f 1268/8194/1923 1354/3326/2091 1293/3325/1964
f 1022/7715/1625 993/6355/1568 1077/7716/1784
f 1069/8195/3362 1080/8196/1687 1051/8197/1638
f 1013/2581/1599 1006/8198/1579 1038/2582/1642
f 1732/7191/2552 1745/4198/2575 1727/8199/3379
f 1848/6414/2241 467/8200/2240 437/8201/2739
f 586/8202/2960 597/8203/924 596/8204/909
f 1625/8205/2414 1602/8206/2413 1617/8207/2478
f 57/8208/77 44/8209/76 48/8210/66
f 991/8211/1587 1021/8212/1612 984/8213/1588
f 269/8214/3325 234/8215/3507 235/6665/3326
f 541/1312/860 556/1314/862 559/8216/904
f 1660/4006/2477 1663/8217/2481 1681/8218/2515
f 1069/8219/3362 1024/8220/1614 1036/8221/1626
f 335/8222/586 258/4159/372 1761/5498/2607
f 867/8223/1432 903/8224/1466 917/5923/1486
f 960/8225/1574 948/2303/1523 934/2302/1500
f 1594/8226/2368 1650/8227/2764 1634/8228/2421
f 1735/8229/2545 1764/8230/2612 1757/8231/2569
f 653/8232/993 623/8233/3508 646/8234/989
f 1357/8235/2049 1449/8236/3043 1393/8237/2098
f 621/1499/949 628/1473/936 607/1472/923
f 1340/8238/2018 1367/8239/2033 1394/3331/2094
f 1083/8240/1677 1082/8241/1676 1105/6089/1736
f 1572/8242/2303 1526/8243/2304 1573/8244/2430
f 987/5731/1601 968/2425/1590 1005/2424/1589
f 971/2371/1560 998/5310/3035 979/8245/1595
f 1087/8246/1685 1101/8247/1710 1109/8248/1758
f 1558/6715/3016 1551/6237/2309 1566/8249/2416
f 647/8250/994 634/8251/959 626/1527/972
f 1798/4368/2635 1797/8252/2633 1812/8253/2681
f 987/7509/1601 951/7511/1533 968/8254/1590
f 1121/8255/1741 1183/7166/1861 1122/7165/1718
f 1528/8256/2316 1491/8257/2227 1509/8258/2237
f 1633/8259/3175 1609/5002/2378 1620/5001/2943
f 856/8260/1421 879/7370/1471 886/8261/1454
f 21/8262/34 17/8263/3509 19/8264/3510
f 47/8265/73 41/8266/59 52/8267/84
f 327/8268/3511 257/697/468 304/8269/510
f 1712/8270/2524 1703/8271/2523 1720/8272/3072
f 1422/3375/2112 1394/7897/2094 1414/3507/2178
f 562/8273/861 559/5644/904 573/5643/896
f 1295/8274/2000 1343/8275/2052 1320/8276/3058
f 279/7575/420 217/7577/323 248/8277/439
f 1698/4079/2514 1663/7116/2481 1693/7115/3003
f 587/7631/892 586/5263/2960 575/7122/893
f 1580/8278/2397 1540/8279/2305 1556/8280/2290
f 875/8281/1435 927/8282/1518 921/8283/1479
f 1252/8284/3512 1237/3099/1959 1290/7872/1958
f 672/8285/1029 675/8286/1082 660/8287/992
f 1699/8288/3188 1675/8289/2501 1686/8290/2502
f 42/6520/74 33/8291/51 41/99/59
f 66/7513/98 79/8292/112 80/7514/105
f 1864/8293/3513 1869/2183/1460 1867/2182/1459
f 621/8294/949 615/8295/938 629/6765/2973
f 230/8296/352 260/5276/408 244/5275/350
f 575/8297/893 574/8298/887 568/1366/873
f 1713/6554/2526 1720/6556/3072 1703/8299/2523
f 619/6167/935 635/8300/3142 631/8301/984
f 1439/6777/2168 1349/8302/2067 1373/8303/2066
f 971/8304/1560 954/8305/1540 949/8306/1525
f 1594/8307/2368 1605/3909/2369 1641/8308/2426
f 954/8309/1540 971/6503/1560 982/6502/1567
f 678/7068/1079 654/8310/1078 644/7069/3385
f 1680/8311/2887 1715/8312/2539 1685/8313/2538
f 1501/8314/2230 1502/8315/2229 1535/8316/2274
f 939/8317/1606 1000/8318/3337 923/8319/3221
f 40/3439/54 1376/3440/2143 1342/3434/2060
f 985/8320/1555 1002/8321/1598 1012/8322/1640
f 791/2033/1370 844/8323/3514 841/2034/1371
f 1058/2542/1654 989/8324/1652 996/2543/1621
f 584/8325/890 605/8326/925 583/8327/3025
f 1600/8328/3515 115/5544/3096 1592/5543/3095
f 201/6541/371 213/8329/296 171/8330/232
f 1468/8331/2791 75/8332/134 1503/6816/2301
f 609/1460/930 617/8333/3516 603/1461/931
f 1390/3345/2097 1410/8334/2152 1336/3323/2089
f 644/8335/3517 654/1645/1058 652/1644/1057
f 813/8336/2891 842/6092/1447 822/7395/2745
f 1861/2695/1747 37/8337/1746 1865/8338/3518
f 1785/8339/2644 1800/6488/2665 1792/8340/2643
f 857/8341/1474 895/8342/1470 847/8343/1469
f 1565/3744/2326 1519/8344/2264 1534/8345/2265
f 981/5341/3040 1043/8346/1683 1019/5342/1682
f 792/8347/1408 836/8348/1385 815/8349/1384
f 1040/8350/1670 998/8351/1604 1016/8352/1603
f 1774/8353/2629 1795/8354/2655 1802/8355/2675
f 1067/2572/1659 1035/8356/1635 1046/2570/1634
f 1423/5986/2125 1463/8357/2180 1462/5984/2179
f 283/8358/541 255/613/370 256/615/416
f 333/8359/613 327/8360/3511 304/8361/510
f 1211/2957/1856 1242/3043/1896 1220/2955/1867
f 1655/7542/2461 1640/3972/2445 1649/8362/2485
f 880/7011/1439 896/7010/1495 866/8363/1428
f 1653/8364/2465 1654/4046/2479 1670/8365/2499
f 1632/8366/3315 1649/8367/2485 1640/8368/2445
f 1633/8369/3175 1632/8370/3315 1609/8371/2378
f 1020/8372/1608 1018/8373/1596 962/8374/1520
f 884/2187/1463 863/8375/1412 835/8376/1378
f 1483/3626/2255 1512/8377/2257 1530/3627/2256
f 667/8378/1016 675/8379/1082 680/8380/1067
f 155/8381/3519 156/8382/224 136/8383/223
f 1119/8384/1767 1149/8385/1769 1086/8386/1680
f 1411/8387/2122 1442/8388/2226 1497/8389/2225
f 131/8390/2755 167/8391/2757 169/8392/263
f 1451/8393/2176 1461/6292/2796 1413/8394/2175
f 19/8395/3510 20/41/32 21/8396/34
f 305/8397/451 306/668/436 344/8398/584
f 631/8399/984 635/8400/3142 648/8401/985
f 1225/8402/3353 1331/8403/2045 1252/5474/2044
f 1627/8404/2471 1549/8405/2302 1596/8406/2428
f 821/8407/1362 812/8408/3071 819/8409/1351
f 1568/3750/2328 1521/8410/2297 1545/8411/2276
f 1864/8293/3520 1867/7145/3396 1856/8412/3398
f 756/8413/2906 759/8414/1248 760/1873/1247
f 285/8415/515 335/8416/586 334/861/514
f 1384/8417/2075 1415/7996/2124 1367/7995/2033
f 1777/8418/3521 1789/8419/3522 1778/4643/3523
f 63/8420/85 52/8421/84 53/8422/91
f 1344/6343/2083 1408/8423/2085 1372/6341/3283
f 1239/8424/3029 1315/3131/1980 1232/3130/1891
f 1668/8425/3204 1629/8142/2443 1659/8141/2806
f 1189/8426/1806 1188/8427/1849 1118/8428/1807
f 1182/8429/1802 1137/8430/1752 1205/8431/1845
f 1699/6325/3188 1686/8432/2502 1710/8433/2532
f 552/8434/876 513/8435/810 534/8436/846
f 1416/3430/2141 1385/3432/2059 1433/8437/2153
f 447/7438/711 431/1066/3524 424/1065/3426
f 1113/8438/1835 1091/8439/1678 1038/8440/1642
f 930/8441/1505 942/8442/1542 950/2346/1544
f 914/6798/1537 929/6797/1607 878/8443/1452
f 1633/8444/3175 1649/8367/2485 1632/8366/3315
f 1011/8445/1611 991/7966/1587 1010/7965/1609
f 1791/6553/2652 378/6552/2734 335/8446/586
f 310/8447/568 353/8448/570 319/8449/3525
f 1447/6548/3305 1470/8450/3526 1489/6549/3306
f 808/8451/1344 807/8452/1347 816/8453/1383
f 61/8454/83 75/8332/134 1468/8455/2791
f 1816/4372/2692 1791/7208/2652 1809/4373/2693
f 1850/3494/2171 1849/6103/3527 1831/8456/2172
f 582/8457/913 610/8458/943 600/8459/914
f 849/8460/1406 829/8461/1361 848/8462/1415
f 1378/3384/2079 34/3386/57 1359/8463/2050
f 567/7840/908 588/8464/907 582/7838/913
f 1020/8465/1608 929/8466/1607 975/8467/1637
f 237/8468/431 197/8469/270 219/8470/338
f 1759/8471/3372 1776/4215/2591 1725/8472/2590
f 825/8473/1379 826/8474/1402 851/8475/3104
f 548/1328/868 542/8476/871 531/8477/827
f 427/4135/68 1822/4134/2724 1838/92/69
f 1297/8478/2068 1251/8479/1898 1310/8480/2002
f 995/5533/1577 1012/8481/1640 1003/8482/1591
f 1014/8483/1602 1073/7660/1739 1015/7659/3288
f 1568/8484/2328 1545/7015/2276 1569/7014/2318
f 385/8485/649 384/8486/615 446/6850/797
f 1110/8487/1760 1132/8488/1750 1102/8489/1749
f 346/8490/542 357/5931/596 330/5930/2953
f 768/8491/1284 773/8492/3528 776/8493/1285
f 1450/8494/2162 1492/8495/2220 1509/8496/2237
f 1367/3333/2033 1323/8497/1977 1324/3303/2058
f 1095/8498/3381 1064/8499/1731 1107/8500/1730
f 1834/4457/2733 1816/8501/2692 1825/4455/2691
f 1151/2769/1787 1112/2768/1737 1111/8502/2950
f 1301/8503/2009 1253/8504/1972 1269/8505/1978
f 442/1125/751 394/7384/641 417/8506/663
f 402/8507/645 401/8508/629 364/8509/583
f 58/8510/3174 70/5730/86 71/5729/92
f 922/8511/1483 935/8512/1585 892/8513/1519
f 165/8514/255 150/7822/254 156/370/3529
f 1364/8515/2848 1389/8516/2084 1344/8517/2083
f 1436/8518/3300 1475/3553/2212 1437/3552/2211
f 1460/8519/2219 1412/8520/2795 1493/8521/2239
f 7/8522/3530 9/8523/2978 6/8524/11
f 374/8525/608 354/8526/607 381/8527/3531
f 258/8528/372 285/8529/515 243/8530/359
f 158/434/231 170/8531/242 212/435/294
f 1809/8532/2693 1803/8533/2661 1821/8534/2695
f 989/8535/1652 934/2326/1500 920/2328/1535
f 217/8536/323 180/8537/243 207/8538/2780
f 528/8539/875 479/1238/791 513/8540/810
f 922/8541/1483 892/8542/1519 876/8543/1427
f 1493/6518/2239 1451/6517/2176 1500/8544/2308
f 482/5439/773 521/5438/838 501/8545/795
f 1737/8546/2555 1721/8547/3532 1696/8548/2536
f 628/8549/3085 636/8550/986 635/8551/3142
f 214/8552/306 221/8553/305 238/8554/373
f 173/8555/2823 144/8556/207 154/5843/2858
f 1424/3438/2142 1384/3437/2075 1368/8557/2057
f 42/8558/74 43/8559/56 31/8560/55
f 570/8561/879 581/1400/902 546/8562/880
f 1469/8563/3533 1458/8564/2217 1404/8565/2854
f 1217/8566/1866 1175/8567/1808 1164/8568/1796
f 927/8569/1518 892/8570/1519 935/8571/1585
f 128/8572/218 176/8573/272 157/8574/229
f 662/8575/3534 651/1632/1021 677/1634/1047
f 804/2119/1444 882/8576/3535 897/2159/1445
f 1045/7650/1633 1056/8577/1673 1046/2570/1634
f 83/8578/104 94/8579/168 106/8580/188
f 1454/8581/2167 1522/6223/2278 1513/8582/2235
f 157/334/229 116/8583/3173 102/8584/228
f 229/8585/360 265/571/382 212/8586/294
f 1030/8587/1664 1026/8588/1665 1005/5732/1589
f 106/359/188 180/358/243 133/8589/189
f 864/2112/1420 845/2114/1413 836/8590/1385
f 1483/8591/2255 1465/8592/2186 1484/8593/2258
f 539/6256/864 493/8594/789 479/8595/791
f 330/8596/2953 352/8597/565 308/8598/2954
f 1383/8599/2099 1385/8600/2059 1316/8601/2011
f 1783/8602/2630 1795/8603/2655 1765/8604/2628
f 1094/8605/1679 1118/8606/1807 1155/8607/1823
f 1651/8608/2469 1695/8609/2507 1707/8610/2535
f 1602/8611/2413 1586/8612/2344 1542/8613/2317
f 438/6286/760 511/6285/833 476/8614/782
f 1814/8615/3159 1815/4430/3492 1799/8616/3536
f 401/8617/629 450/8618/734 363/8619/594
f 159/8620/275 151/8621/219 185/406/262
f 1852/2176/1456 1842/8132/236 1843/2177/126
f 896/8622/1495 907/8623/1489 925/8624/1496
f 618/8625/926 600/8626/914 626/8627/972
f 444/8039/780 1843/8628/126 1844/8037/125
f 1323/3127/3537 1324/8629/3538 1255/7864/3539
f 83/156/104 60/155/82 74/8630/103
f 481/8631/792 470/6607/750 442/8632/751
f 1199/6632/1841 1157/6631/1785 1200/8633/1914
f 451/7960/721 419/8634/720 437/7961/2739
f 1032/8635/1615 1064/8636/1731 1033/8637/1616
f 1818/8638/2689 1830/8639/2707 1823/8640/2698
f 635/8641/3142 619/8642/935 628/8643/3085
f 804/8644/3540 882/8645/3541 841/8646/3542
f 1373/8647/2066 1365/8648/3111 1402/5956/2955
f 1406/8649/2115 1386/3413/2103 1360/8650/2102
f 172/7931/287 154/8651/2858 153/7929/220
f 1328/8652/2026 1334/8653/2961 1248/8654/1886
f 64/8655/81 72/8656/108 82/8657/101
f 1095/8658/3381 1085/6459/1754 1042/8659/1632
f 51/8660/71 50/8661/72 62/8662/99
f 1260/3069/1913 1201/6064/1799 1234/3070/1943
f 1854/4490/1455 1855/4489/2754 475/8663/779
f 681/8664/3543 669/8665/1028 652/8666/3205
f 1441/7881/3038 1374/8667/2088 1336/8668/2089
f 1521/8669/2297 1482/8670/2231 1530/3627/2256
f 1310/8480/2002 1349/3293/2067 1297/8478/2068
f 895/2197/1470 914/8671/1537 878/2198/1452
f 1430/8672/3544 1469/8673/3533 1404/8674/2854
f 1539/8675/3545 1516/5030/2949 1517/5029/2948
f 166/504/355 249/529/357 205/8676/3102
f 642/8677/977 666/8678/1017 647/8679/994
f 56/8680/131 50/8168/72 40/8681/54
f 217/8682/323 133/8683/189 180/8684/243
f 1291/8685/1948 1321/8686/2087 1277/3114/1971
f 1200/8687/1914 1157/8688/1785 1192/8689/1912
f 1751/8690/2588 1731/8691/2544 1697/8692/2589
f 1758/8693/2613 1731/8691/2544 1751/8690/2588
f 1427/8694/2208 1335/7094/2053 1345/8695/2029
f 216/4474/319 202/8696/2749 215/8697/351
f 1656/8698/2837 1641/5489/2426 1647/5491/2836
f 828/8699/3106 846/8700/1414 848/5617/1415
f 1782/8701/2801 1774/4605/2629 1794/8702/2677
f 1639/8703/2483 1631/6245/2853 1608/8704/2415
f 793/8705/3296 831/8706/1388 801/4826/1401
f 416/5395/3057 431/8707/3056 411/8708/3546
f 1238/8709/1922 1230/2917/1865 1162/8710/1725
f 1597/8711/3412 1598/8712/3547 1628/8713/2450
f 1204/8714/1899 1195/8715/1844 1120/8716/1740
f 1213/3019/1862 1224/3021/1917 1286/8717/1989
f 791/2033/3548 794/8718/1374 844/8323/3549
f 1635/4000/2459 1672/8719/2496 1642/8720/2467
f 1674/8721/2493 1693/8722/3003 1652/8723/2492
f 567/8724/908 520/8725/825 557/8726/863
f 167/8727/2757 196/8728/3550 199/8729/295
f 1208/8730/1879 1186/8731/1821 1232/8732/1891
f 1425/3484/2164 1452/8733/2166 1405/8734/2113
f 1290/8735/3474 1351/8736/2111 1267/8737/3434
f 1051/8738/1638 1025/8739/3551 1024/6896/1614
f 106/8740/188 94/244/168 121/246/169
f 210/8741/363 191/8742/300 189/8743/299
f 1840/6529/3308 1821/4444/2695 1836/4443/2736
f 739/8744/3552 736/8745/3334 738/8746/3427
f 343/948/512 394/8747/641 361/8748/564
f 1553/3942/2329 1531/8749/2300 1621/8750/2379
f 1765/4516/2628 1751/8751/2588 1721/4517/2587
f 14/8752/18 12/8753/17 10/8754/3553
f 1081/8755/2944 1091/8756/1678 1158/8757/2877
f 964/8758/1543 942/2361/1542 974/2360/1553
f 1534/8345/2265 1558/8759/3016 1565/8760/2326
f 33/77/51 29/8761/50 35/8762/53
f 1000/8763/3337 1054/8764/1672 999/8765/1584
f 1749/4185/2567 1740/4184/2554 1750/8766/2586
f 1401/8767/2214 1408/4956/2085 1476/4955/2270
f 1137/2794/1752 1121/2793/1741 1106/8768/1701
f 1012/8769/1640 1002/2439/1598 1025/8770/3551
f 1321/8771/2070 1214/3079/1960 1277/3078/3554
f 1429/8772/3002 1478/7587/2169 1525/7586/2863
f 78/8773/130 62/8774/99 50/8775/72
f 1794/8776/2677 1774/8777/2629 1802/8778/2675
f 1374/8779/3555 1441/3534/2196 1431/3536/2198
f 1260/8780/1913 1294/8781/1952 1200/8782/1914
f 1007/8783/1597 1009/8784/1617 983/8785/1586
f 652/1675/1086 678/1697/1104 696/1676/1087
f 1492/8786/2220 1529/8787/2238 1509/8788/2237
f 1664/8789/2482 1654/4732/2479 1639/4731/2483
f 1713/8790/2526 1689/8791/2497 1704/8792/2519
f 846/2102/1414 845/2101/1413 856/8793/1421
f 1125/8794/1742 1206/8795/3460 1228/8796/1846
f 1150/2843/1759 1167/2842/1800 1132/5819/1750
f 318/8797/616 271/8798/410 312/701/471
f 1175/8799/1808 1130/2780/1797 1164/2779/1796
f 1329/8800/2027 1372/8801/3283 1346/8802/2028
f 1000/6703/3337 1034/6702/1605 1055/8803/1705
f 1462/3508/2179 1466/8804/3216 1444/8805/2154
f 1727/6990/3379 1717/6989/2559 1706/8806/3187
f 1306/8807/3437 1316/8808/2011 1342/3280/2060
f 584/1476/890 615/1475/938 605/8809/925
f 1641/8810/2426 1661/8811/2484 1650/8812/2764
f 480/8813/855 459/1240/826 520/1239/825
f 1265/8814/1889 1285/3091/1953 1181/3090/1803
f 630/4961/941 623/1559/990 646/8815/983
f 69/8816/90 129/8817/163 87/8818/217
f 1754/8819/2623 1744/8820/2549 1716/4139/2531
f 1564/8821/2315 1581/8822/2343 1601/3857/2398
f 1696/8823/2536 1697/4077/2513 1657/4076/2460
f 1010/8824/1609 983/8825/1586 1009/8826/1617
f 128/8827/218 168/8828/230 176/8829/272
f 1286/3365/1989 1288/8830/1988 1366/3366/2039
f 999/8831/1584 1063/8832/1671 980/8833/1668
f 1064/5019/1731 1095/8658/3381 1042/7821/1632
f 970/2394/1539 899/8834/1478 933/2395/1571
f 1707/8835/2535 1752/8836/3419 1737/8837/2555
f 868/8838/2827 897/8839/3556 882/4683/2828
f 8/8840/10 6/8841/11 9/8523/2978
f 1836/5987/2736 1841/4461/234 1840/4460/2740
f 967/8842/1545 995/8843/1577 1003/8482/1591
f 1216/5687/1965 1217/5686/1866 1129/8844/1753
f 1668/8845/3204 201/8846/371 1629/8847/2443
f 1250/8848/3166 1204/8849/1899 1264/8850/1900
f 999/8851/1584 922/8852/1483 1000/8853/3337
f 1513/3591/2235 1435/8854/2221 1454/8855/2167
f 1568/8856/2328 1569/8857/2318 1604/7206/2419
f 1754/8858/2623 1748/6809/2560 1770/4232/2608
f 420/1106/679 367/8859/587 404/1104/632
f 134/8860/222 181/8861/245 232/8862/377
f 1631/8863/2853 1617/8864/2478 1587/6246/2325
f 1442/8865/2226 1392/8866/2123 1355/8867/2032
f 1502/8868/2229 1474/6425/2207 1521/6424/2297
f 915/2201/1472 906/2266/1507 886/2199/1454
f 554/8869/882 576/8870/894 553/8871/895
f 231/8872/324 250/8873/376 181/8874/245
f 1784/4276/2636 1767/8875/2606 1744/7351/2549
f 1427/8876/2208 1446/3452/2147 1330/3454/2065
f 732/8877/3557 730/8878/1237 728/1861/1236
f 31/6521/55 30/5209/2064 33/5211/51
f 905/8879/1503 924/8880/1504 912/8881/1506
f 1544/3660/2275 1511/8882/2310 1501/3658/2230
f 589/8883/940 585/1450/906 618/1449/926
f 1028/8884/1610 1010/8885/1609 1027/8886/1623
f 1711/4128/2540 1719/8887/2533 1728/4129/2541
f 1708/7475/3430 1667/7474/3429 1692/7597/3558
f 1677/7495/2495 1661/8888/2484 1678/8889/2517
f 1651/8890/2469 1696/7113/2536 1626/7112/2427
f 333/923/613 342/924/509 393/921/628
f 674/8891/1045 669/8892/1068 681/8893/3377
f 1411/3595/2122 1508/3597/2236 1449/8894/3367
f 674/8895/1045 666/8896/1017 669/8897/1068
f 845/2114/1413 816/8898/1383 836/8899/1385
f 1088/8900/1674 1109/8901/1758 1110/8902/1760
f 922/8903/1483 923/8904/3221 1000/8905/3337
f 1430/8672/3559 1409/8906/3560 1447/8907/3561
f 1136/8908/1836 1113/7762/1835 1057/7764/1738
f 680/8909/1067 688/4527/2769 669/8910/1068
f 1220/2922/1867 1167/8911/1800 1191/8912/1830
f 1328/8652/2026 1419/8913/2145 1334/8653/2961
f 1436/8914/3300 1400/8915/2118 1455/3450/2146
f 1381/4592/2055 1413/6757/2175 1461/4593/2796
f 1272/8916/1950 1218/8917/1882 1219/8918/3210
f 1666/8919/2488 1689/4045/2497 1635/4024/2459
f 1804/6586/2656 1786/4358/2663 1819/4401/124
f 1695/8920/2507 1730/8921/2571 1742/8922/3090
f 304/8269/510 257/697/468 270/8923/469
f 922/8924/1483 862/8925/1426 923/8926/3221
f 340/8927/503 324/794/505 294/8928/533
f 1059/8929/1643 959/8930/2974 1061/8931/1726
f 1170/4803/1887 1091/8932/1678 1113/8933/1835
f 1852/6659/1456 1835/6661/2735 1841/8934/234
f 1149/8935/1769 1142/8936/1706 1098/8937/1707
f 1578/8938/3562 1517/8939/3563 1510/8940/3564
f 892/8941/1519 850/7005/1395 876/7004/1427
f 605/8942/925 615/8943/938 612/8944/927
f 1720/8945/3072 1734/6267/2566 1728/8946/2541
f 1620/8947/2943 1589/8948/2348 1634/8949/2421
f 633/8950/3565 622/1531/974 617/1533/976
f 412/8951/732 464/1097/733 441/8952/802
f 1287/7424/1954 1266/8953/2883 1311/7422/2069
f 985/8954/1555 965/2389/1569 1002/8955/1598
f 1570/8956/2298 1559/8957/2347 1523/8958/2266
f 1594/8959/2368 1641/8960/2426 1650/8227/2764
f 312/8961/471 278/8962/470 308/8963/2954
f 1275/8964/1933 1243/5563/1884 1284/5562/1986
f 125/8965/187 99/8966/127 89/8967/107
f 1084/8968/1669 1127/8969/1765 1141/8970/1729
f 1746/4167/2565 1710/5587/2532 1718/6344/2542
f 395/8971/3470 363/8972/594 418/8973/3352
f 1109/8974/1758 1088/8975/1674 1087/2600/1685
f 1218/8976/1882 1188/8977/1849 1189/8978/1806
f 295/751/508 325/796/3566 294/749/506
f 170/8979/242 123/339/173 171/341/232
f 1155/8607/1823 1118/8980/1807 1188/8981/1849
f 884/8982/3103 912/6726/1506 885/6728/3344
f 1477/8983/2190 1403/8984/2107 1366/8985/2039
f 1424/8004/2142 1368/3377/2057 1405/8002/2113
f 899/8986/1478 970/8987/1539 898/8988/1457
f 1030/8989/1664 1003/8990/1591 1037/8991/1661
f 607/8992/923 619/1471/935 601/8993/915
f 1365/8994/3111 1346/8995/2028 1402/5053/2955
f 1104/2904/1858 1081/8996/2944 1180/8997/1859
f 1684/8998/3105 1702/8999/3024 1678/9000/2517
f 1483/9001/2255 1464/9002/2165 1465/3521/2186
f 1321/9003/2087 1336/9004/2089 1374/3320/2088
f 619/9005/935 611/1442/922 601/1441/915
f 1335/6228/2053 1330/7096/2065 1250/9006/3166
f 89/9007/107 86/9008/113 104/7992/185
f 1450/9009/2162 1432/9010/2173 1375/3483/2163
f 1124/9011/1762 1076/9012/1653 1058/9013/1654
f 1580/3885/2397 1579/9014/2306 1540/9015/2305
f 403/4667/648 373/4666/566 352/9016/565
f 1669/9017/2508 1676/4037/2494 1645/4039/2466
f 549/9018/874 526/6320/834 553/6319/895
f 1601/9019/2398 1563/9020/2364 1564/9021/2315
f 263/663/405 254/662/449 226/9022/3567
f 1660/4614/2477 1680/9023/2887 1659/9024/2806
f 423/9025/686 412/9026/732 377/9027/614
f 1274/9028/1944 1358/3189/2013 1260/3191/1913
f 1282/3166/1998 1318/9029/2870 1319/3167/1999
f 75/4735/134 134/4737/222 1552/9030/2311
f 841/9031/1480 854/9032/3568 890/9033/1481
f 1221/9034/1868 1220/7937/1867 1247/9035/1946
f 98/9036/3134 81/9037/106 120/9038/3005
f 1485/9039/2267 1454/9040/2167 1407/9041/2106
f 943/7593/1530 930/9042/1505 950/9043/1544
f 1448/7226/2224 1391/9044/2090 1459/9045/2174
f 633/4709/2840 609/4711/975 622/1517/974
f 1582/9046/2345 1544/9047/2275 1535/9048/2274
f 124/9049/186 120/9050/3005 142/9051/3006
f 594/9052/905 559/9053/904 556/9054/862
f 395/7819/3470 356/9055/640 317/7820/540
f 1318/9056/2870 1359/3260/2050 1319/3259/1999
f 960/9057/1574 1016/2447/1603 948/2449/1523
f 271/6658/410 261/6657/361 278/9058/470
f 921/9059/3569 959/9060/3570 926/9061/3571
f 866/9062/1428 881/9063/1475 840/9064/1387
f 335/8222/586 285/9065/515 258/8528/372
f 1551/3714/2309 1520/9066/3015 1511/9067/2310
f 891/9068/1468 860/9069/1419 900/9070/1499
f 1638/4038/2457 1616/3962/2399 1645/9071/2466
f 603/1481/942 630/1480/941 613/9072/982
f 537/9073/845 543/9074/857 532/9075/849
f 1062/9076/1628 1162/9077/1725 1117/9078/1743
f 1310/9079/2002 1251/9080/1898 1244/3171/2003
f 1071/9081/1663 1070/2585/1660 1122/2685/1718
f 1139/7724/1723 1206/7723/3460 1125/9082/1742
f 1521/9083/2297 1530/9084/2256 1545/9085/2276
f 1147/9086/3572 1060/9087/1720 1115/9088/3573
f 1383/9089/2099 1316/9090/2011 1325/9091/2010
f 1388/9092/2157 1397/3340/2096 1308/3342/1967
f 529/6527/837 558/9093/859 556/9094/862
f 318/9095/616 312/9096/471 373/9097/566
f 1068/9098/1658 1090/9099/1699 1078/2626/1675
f 969/6456/1521 1004/9100/1592 1029/9101/2869
f 1543/9102/2307 1565/9103/2326 1587/9104/2325
f 473/9105/744 501/9106/795 503/9107/2882
f 1644/9108/2456 1638/3977/2457 1675/9109/2501
f 1499/9110/2254 1491/3573/2227 1528/9111/2316
f 1706/5943/3187 1699/5945/3188 1727/9112/3379
f 1491/9113/2227 1432/9114/2173 1450/9115/2162
f 1154/9116/1816 1204/9117/1899 1120/9118/1740
f 515/7152/829 499/9119/812 522/7150/840
f 1685/7621/2538 1705/7623/3203 1668/9120/3204
f 1590/9121/2370 1524/9122/2259 1514/9123/2280
f 1014/2446/1602 1015/9124/3288 976/2444/1600
f 1567/9125/2327 1568/9126/2328 1604/9127/2419
f 1588/9128/2346 1609/7566/2378 1604/7565/2419
f 863/9129/1412 884/8982/3103 885/6728/3344
f 449/9130/775 485/9131/2856 494/9132/803
f 467/9133/2240 1858/5099/2964 475/5098/779
f 1745/9134/2575 1768/9135/2609 1748/9136/2560
f 546/9137/880 550/9138/854 511/9139/833
f 1060/9087/1720 1147/9086/3572 1092/9140/2832
f 594/1451/905 585/1450/906 571/9141/897
f 1037/8991/1661 1003/8482/1591 1012/8481/1640
f 898/9142/1457 920/9143/1535 870/9144/1417
f 1104/4771/1858 1004/7564/1592 1081/9145/2944
f 1653/3998/2465 1625/9146/2414 1617/3996/2478
f 996/9147/1621 989/8535/1652 920/9148/1535
f 1547/9149/2279 1590/9121/2370 1514/9123/2280
f 860/9150/1419 891/9151/1468 854/9152/1410
f 1485/9153/2267 1407/9041/2106 1446/9154/2147
f 1601/9155/2398 1615/9156/2412 1563/9020/2364
f 419/7814/720 370/7813/585 378/6898/2734
f 1170/9157/1887 1222/9158/1966 1158/9159/2877
f 1332/3336/2023 29/3309/2078 1370/3287/2063
f 815/9160/1397 843/9161/1396 823/6972/1373
f 1040/9162/1670 979/9163/1595 998/9164/1604
f 1853/2674/2138 427/91/2140 1831/93/3574
f 1404/9165/2127 1409/9166/2148 1430/9167/3575
f 1617/9168/2478 1602/9169/2413 1587/9170/2325
f 363/9171/594 450/9172/734 418/9173/3352
f 1148/7647/1761 1031/9174/1622 1075/7645/1724
f 872/9175/1429 838/9176/1363 830/9177/1386
f 596/1419/909 579/1418/883 586/9178/2960
f 1779/9179/2624 1788/9180/2642 1803/8160/2661
f 847/9181/1469 831/9182/1388 857/9183/1474
f 1700/9184/2510 1682/4082/2498 1711/6216/2540
f 947/9185/1522 980/5624/1668 1017/9186/1667
f 1052/9187/1639 1037/9188/1661 1012/9189/1640
f 1462/3508/2179 1444/8805/2154 1422/3509/2112
f 1170/9190/1887 1248/9191/1886 1222/9192/1966
f 1124/9193/1762 1148/2936/1761 1215/2938/1877
f 1200/6646/1914 1273/9194/1951 1199/9195/1841
f 142/9051/3006 152/9196/277 124/9049/186
f 1630/9197/2425 1585/9198/2444 1557/9199/2396
f 1079/9200/1798 1104/9201/1858 1202/2903/1857
f 1742/9202/3090 1707/9203/2535 1695/9204/2507
f 560/9205/870 579/9206/883 578/9207/889
f 870/9208/1417 860/9209/1419 843/9210/1396
f 854/9211/1410 844/9212/3549 794/9213/1374
f 1336/9214/2089 1321/8686/2087 1291/8685/1948
f 1204/2989/1899 1154/9215/1816 1181/2990/1803
f 1746/9216/2565 1756/9217/2601 1739/9218/2551
f 356/9219/640 395/9220/3470 417/9221/663
f 1144/9222/1772 1178/2837/1829 1150/9223/1759
f 423/9224/686 491/9225/774 464/9226/733
f 1739/9218/2551 1756/9217/2601 1755/9227/2583
f 117/9228/3576 88/9229/177 139/9230/179
f 1744/9231/2549 1723/9232/2537 1715/9233/2539
f 1419/9234/2145 1435/9235/2221 1388/9236/2157
f 286/6675/419 261/6674/361 244/9237/350
f 1505/5415/2215 1596/9238/2428 1549/9239/2302
f 1322/3299/2086 1374/3320/2088 1351/9240/2137
f 988/9241/1641 957/9242/1578 945/9243/1534
f 1529/9244/2238 1493/6537/2239 1542/6536/2317
f 1279/7449/1949 1198/2995/1820 1302/2997/1904
f 395/9245/3470 418/9246/3352 417/9247/663
f 978/7040/1575 1017/9248/3191 1039/2546/1727
f 1030/9249/1664 1005/9250/1589 1003/8990/1591
f 1517/5452/3069 1510/9251/2228 1433/9252/2153
f 1613/9253/2411 1637/9254/2476 1579/9255/2306
f 231/481/324 181/9256/245 133/479/189
f 566/1362/877 539/9257/864 528/9258/875
f 263/9259/405 226/9260/3567 196/9261/406
f 968/7452/1590 951/7044/1533 937/9262/1508
f 788/9263/3577 784/1941/3578 781/9264/3579
f 1614/9265/3192 1613/9266/2411 1580/9267/2397
f 1332/9268/2035 1258/7521/3436 1342/9269/2060
f 1327/9270/2080 1262/6113/1915 1362/9271/2081
f 1093/2669/1688 1064/8636/1731 1032/9272/1615
f 345/9273/543 311/767/517 329/769/516
f 1233/9274/1940 1316/9275/2011 1306/9276/3437
f 1037/9277/1661 1070/2551/1660 1053/9278/1662
f 1463/9279/2180 1501/9280/2230 1462/9281/2179
f 1664/4072/2482 1694/4074/2512 1682/9282/2498
f 1630/3957/2425 1636/4613/2455 1659/4612/2806
f 1419/9283/2145 1388/9284/2157 1334/9285/2961
f 1702/9286/3024 1701/5269/2516 1678/4087/2517
f 1788/9180/2642 1779/9179/2624 1770/9287/2608
f 1556/9288/2290 1541/3808/2273 1593/9289/2363
f 1349/9290/2067 1429/9291/3002 1379/9292/2108
f 1210/9293/1855 1165/7964/3488 1233/9294/3128
f 229/9295/360 212/9296/294 213/9297/296
f 1818/8638/2689 1823/8640/2698 1795/9298/2655
f 1513/3662/2235 1545/3661/2276 1512/3642/2257
f 610/8458/943 582/9299/913 588/9300/907
f 809/8013/1352 798/9301/1336 800/9302/1341
f 1515/9303/3580 1561/3725/2313 1469/3724/2312
f 1081/9304/2944 1158/6266/2877 1180/8997/1859
f 237/9305/431 264/9306/3222 227/9307/317
f 1197/9308/3456 1267/7680/3455 1225/9309/3581
f 433/1175/790 413/5374/3054 479/1176/791
f 401/9310/629 363/9311/594 344/879/584
f 1365/9312/3111 1373/3292/2066 1310/9313/2002
f 1037/8991/1661 1053/9314/1662 1030/8989/1664
f 1788/6530/2642 1792/9315/2643 1806/9316/2666
f 959/8930/2974 978/9317/1575 1061/8931/1726
f 1182/8429/1802 1205/8431/1845 1224/9318/1917
f 1631/9319/2853 1654/9320/2479 1617/9321/2478
f 234/9322/3463 269/9323/3582 253/9324/3461
f 863/9325/1412 864/9326/1420 836/9327/1385
f 1721/9328/3532 1697/4077/2513 1696/8823/2536
f 1303/7853/2895 1355/9329/2032 1392/7854/2123
f 1597/9330/3583 126/9331/2404 1575/3869/2403
f 1688/9332/2525 1702/9333/3024 1684/9334/3105
f 1029/9335/2869 1079/5325/1798 986/5327/1556
f 1563/9336/2364 1541/7432/2273 1528/9337/2316
f 1267/9338/3434 1350/9339/2110 1331/9340/3468
f 1793/9341/2654 1801/9342/3169 1807/9343/2696
f 1589/9344/2348 1570/3692/2298 1495/3788/2223
f 1024/7756/1614 1025/8770/3551 1002/7757/1598
f 567/9345/908 558/9346/859 520/9347/825
f 1704/9348/2519 1740/9349/2554 1713/9350/2526
f 1180/6265/3584 1222/3109/1966 1262/3108/1915
f 1491/3573/2227 1499/9110/2254 1459/7227/2174
f 1173/9351/1783 1254/9352/1878 1268/3032/1923
f 1590/9353/2370 1547/9149/2279 1595/9354/2400
f 968/9355/1590 967/7451/1545 1003/2426/1591
f 1393/9356/2098 1443/9357/2206 1383/9358/2099
f 1228/7980/1846 1269/8505/1978 1253/8504/1972
f 1494/7786/2232 1484/9359/2258 1453/7787/2158
f 1060/9360/1779 1171/4704/1781 1140/4703/1819
f 1160/9361/3585 1147/9086/3572 1115/9088/3573
f 1014/9362/1602 1026/9363/1665 1072/9364/3360
f 900/9365/1499 870/9144/1417 920/9143/1535
f 256/9366/416 220/9367/339 265/9368/382
f 1055/7045/1705 1142/9369/1706 1118/9370/1807
f 1619/9371/2420 1632/8366/3315 1640/8368/2445
f 121/9372/169 147/9373/244 106/9374/188
f 1031/9375/1622 1124/9376/1762 1058/9377/1654
f 1086/9378/1680 1149/2734/1769 1098/9379/1707
f 1581/6070/2343 1564/9380/2315 1509/9381/2237
f 432/9382/687 485/9383/2856 449/9384/775
f 1846/6194/3420 1829/7380/3422 1845/9385/3586
f 914/9386/1537 955/7242/1536 975/7244/1637
f 758/9387/1245 755/9388/1244 756/1871/1243
f 1564/9389/2315 1563/9390/2364 1528/9391/2316
f 1222/3109/1966 1180/6265/3584 1158/9392/2877
f 1576/9393/2376 1598/9394/2375 1597/9395/3587
f 1012/8769/1640 1025/9396/3551 1051/2515/1638
f 823/9397/1373 792/9398/1375 815/9399/1397
f 1693/9400/3003 1674/8721/2493 1706/9401/3187
f 130/283/196 129/9402/163 85/9403/100
f 1447/9404/3561 1469/8673/3588 1430/8672/3559
f 1497/9405/2225 1540/9406/2305 1508/9407/2236
f 1075/9408/1724 1031/7420/1622 970/7419/1539
f 1072/9364/3360 1073/7660/1739 1014/9409/1602
f 781/9264/3579 784/1941/3578 777/1940/3589
